1 0
2 0
3 0
4 0
5 0
6 0
7 0
8 0
9 0
10 0
11 0
12 0
13 0
14 0
15 0
16 0
17 0
18 0
19 0
20 0
21 0
22 0
23 0
24 0
25 0
26 0
27 0
28 0
29 0
30 0
31 0
32 0
33 0
34 0
35 0
36 0
37 0
38 0
39 0
40 0
41 0
42 0
43 0
44 0
45 0
46 0
47 0
48 0
49 0
50 0
51 0
52 7.818623665709265e-10
53 7.818623665709265e-10
54 7.818623665709265e-10
55 7.818623665709265e-10
56 7.818623665709265e-10
57 7.818623665709265e-10
58 7.818623665709265e-10
59 7.818623665709265e-10
60 7.818623665709265e-10
61 7.818623665709265e-10
62 7.818623665709265e-10
63 1.3201938120400273e-9
64 1.3201938120400273e-9
65 1.3201938120400273e-9
66 1.3201938120400273e-9
67 1.3201938120400273e-9
68 1.3201938120400273e-9
69 2.0587967250772472e-9
70 2.0587967250772472e-9
71 2.0587967250772472e-9
72 2.0587967250772472e-9
73 2.0587967250772472e-9
74 2.0587967250772472e-9
75 2.0587967250772472e-9
76 2.0587967250772472e-9
77 2.0587967250772472e-9
78 2.0587967250772472e-9
79 2.0587967250772472e-9
80 2.0587967250772472e-9
81 2.0587967250772472e-9
82 2.0587967250772472e-9
83 2.0587967250772472e-9
84 2.0587967250772472e-9
85 2.0587967250772472e-9
86 2.0587967250772472e-9
87 2.0587967250772472e-9
88 2.0587967250772472e-9
89 2.0587967250772472e-9
90 2.0587967250772472e-9
91 2.0587967250772472e-9
92 2.0587967250772472e-9
93 2.0587967250772472e-9
94 2.0587967250772472e-9
95 2.0587967250772472e-9
96 2.0587967250772472e-9
97 2.0587967250772472e-9
98 2.0587967250772472e-9
99 2.0587967250772472e-9
100 2.119678996966293e-9
101 2.119678996966293e-9
102 2.119678996966293e-9
103 2.119678996966293e-9
104 2.119678996966293e-9
105 2.119678996966293e-9
106 2.119678996966293e-9
107 2.119678996966293e-9
108 2.119678996966293e-9
109 2.119678996966293e-9
110 2.119678996966293e-9
111 2.119678996966293e-9
112 2.4112750947317426e-9
113 2.4112750947317426e-9
114 2.4112750947317426e-9
115 2.4112750947317426e-9
116 2.4112750947317426e-9
117 2.4112750947317426e-9
118 2.4112750947317426e-9
119 2.4112750947317426e-9
120 2.4112750947317426e-9
121 2.4112750947317426e-9
122 2.4112750947317426e-9
123 2.4112750947317426e-9
124 3.1370609125435403e-9
125 3.1370609125435403e-9
126 3.1370609125435403e-9
127 3.1370609125435403e-9
128 3.1370609125435403e-9
129 3.1370609125435403e-9
130 3.1370609125435403e-9
131 3.1370609125435403e-9
132 3.1370609125435403e-9
133 3.1370609125435403e-9
134 3.1370609125435403e-9
135 3.1370609125435403e-9
136 3.1370609125435403e-9
137 3.1370609125435403e-9
138 3.4158393039016867e-9
139 3.4158393039016867e-9
140 3.4158393039016867e-9
141 4.337090254969805e-9
142 4.337090254969805e-9
143 4.337090254969805e-9
144 4.337090254969805e-9
145 5.255138612981741e-9
146 5.255138612981741e-9
147 5.255138612981741e-9
148 5.255138612981741e-9
149 5.255138612981741e-9
150 5.255138612981741e-9
151 5.255138612981741e-9
152 5.255138612981741e-9
153 5.255138612981741e-9
154 5.255138612981741e-9
155 5.255138612981741e-9
156 5.255138612981741e-9
157 5.255138612981741e-9
158 5.255138612981741e-9
159 5.255138612981741e-9
160 6.314177463200842e-9
161 6.024183884327246e-9
162 6.024183884327246e-9
163 6.024183884327246e-9
164 6.024183884327246e-9
165 6.024183884327246e-9
166 6.024183884327246e-9
167 6.024183884327246e-9
168 6.024183884327246e-9
169 6.024183884327246e-9
170 6.024183884327246e-9
171 6.024183884327246e-9
172 6.024183884327246e-9
173 6.024183884327246e-9
174 6.024183884327246e-9
175 6.024183884327246e-9
176 6.024183884327246e-9
177 6.024183884327246e-9
178 6.024183884327246e-9
179 6.024183884327246e-9
180 6.024183884327246e-9
181 6.024183884327246e-9
182 6.024183884327246e-9
183 6.024183884327246e-9
184 6.024183884327246e-9
185 6.024183884327246e-9
186 6.024183884327246e-9
187 6.024183884327246e-9
188 6.024183884327246e-9
189 6.024183884327246e-9
190 6.024183884327246e-9
191 6.024183884327246e-9
192 6.024183884327246e-9
193 6.024183884327246e-9
194 6.024183884327246e-9
195 6.024183884327246e-9
196 6.024183884327246e-9
197 6.024183884327246e-9
198 6.024183884327246e-9
199 6.024183884327246e-9
200 6.024183884327246e-9
201 6.024183884327246e-9
202 6.024183884327246e-9
203 6.024183884327246e-9
204 6.024183884327246e-9
205 6.024183884327246e-9
206 6.024183884327246e-9
207 6.024183884327246e-9
208 6.024183884327246e-9
209 6.024183884327246e-9
210 6.024183884327246e-9
211 6.024183884327246e-9
212 6.024183884327246e-9
213 6.024183884327246e-9
214 6.024183884327246e-9
215 6.024183884327246e-9
216 6.024183884327246e-9
217 6.024183884327246e-9
218 6.024183884327246e-9
219 6.024183884327246e-9
220 6.024183884327246e-9
221 6.024183884327246e-9
222 6.024183884327246e-9
223 6.024183884327246e-9
224 6.024183884327246e-9
225 6.599365930126402e-9
226 6.599365930126402e-9
227 6.599365930126402e-9
228 6.599365930126402e-9
229 6.599365930126402e-9
230 6.599365930126402e-9
231 6.599365930126402e-9
232 7.3011188540154475e-9
233 9.327872535438199e-9
234 9.327872535438199e-9
235 9.327872535438199e-9
236 9.327872535438199e-9
237 9.327872535438199e-9
238 9.327872535438199e-9
239 9.327872535438199e-9
240 9.327872535438199e-9
241 9.327872535438199e-9
242 9.327872535438199e-9
243 9.327872535438199e-9
244 9.327872535438199e-9
245 9.773277442999996e-9
246 9.773277442999996e-9
247 9.773277442999996e-9
248 9.773277442999996e-9
249 1.031321079617907e-8
250 1.031321079617907e-8
251 1.031321079617907e-8
252 1.031321079617907e-8
253 1.031321079617907e-8
254 1.031321079617907e-8
255 1.031321079617907e-8
256 1.031321079617907e-8
257 1.031321079617907e-8
258 1.031321079617907e-8
259 1.031321079617907e-8
260 1.031321079617907e-8
261 1.031321079617907e-8
262 1.031321079617907e-8
263 1.031321079617907e-8
264 1.031321079617907e-8
265 1.031321079617907e-8
266 1.031321079617907e-8
267 1.031321079617907e-8
268 1.031321079617907e-8
269 1.031321079617907e-8
270 1.031321079617907e-8
271 1.031321079617907e-8
272 1.031321079617907e-8
273 1.031321079617907e-8
274 1.0689722059756317e-8
275 1.0689722059756317e-8
276 1.0689722059756317e-8
277 1.0689722059756317e-8
278 1.0689722059756317e-8
279 1.0689722059756317e-8
280 1.0689722059756317e-8
281 1.0689722059756317e-8
282 1.0689722059756317e-8
283 1.0689722059756317e-8
284 1.0689722059756317e-8
285 1.0689722059756317e-8
286 1.1976269698068115e-8
287 1.1556498980957162e-8
288 1.1556498980957162e-8
289 1.1556498980957162e-8
290 1.1556498980957162e-8
291 1.1556498980957162e-8
292 1.1556498980957162e-8
293 1.1556498980957162e-8
294 1.1556498980957162e-8
295 1.138827116822542e-8
296 1.138827116822542e-8
297 1.138827116822542e-8
298 1.138827116822542e-8
299 1.138827116822542e-8
300 1.1035792798570925e-8
301 1.1035792798570925e-8
302 1.1035792798570925e-8
303 1.1926603224876402e-8
304 1.1926603224876402e-8
305 1.1926603224876402e-8
306 1.1926603224876402e-8
307 1.1926603224876402e-8
308 1.1926603224876402e-8
309 1.1926603224876402e-8
310 1.1926603224876402e-8
311 1.1751965336577246e-8
312 1.1751965336577246e-8
313 1.1751965336577246e-8
314 1.1751965336577246e-8
315 1.1751965336577246e-8
316 1.1751965336577246e-8
317 1.1976270920431878e-8
318 1.1976270920431878e-8
319 1.2770950382228226e-8
320 1.2770950382228226e-8
321 1.2285491058916429e-8
322 1.2285491058916429e-8
323 1.2285491058916429e-8
324 1.2285491058916429e-8
325 1.2285491058916429e-8
326 1.260111943942275e-8
327 1.260111943942275e-8
328 1.341983179514185e-8
329 1.341983179514185e-8
330 1.341983179514185e-8
331 1.341983179514185e-8
332 1.2176542387999998e-8
333 1.2176542387999998e-8
334 1.2176542387999998e-8
335 1.1410700932074439e-8
336 1.1410700932074439e-8
337 1.2054776010676264e-8
338 1.2054776010676264e-8
339 1.2054776010676264e-8
340 1.2054776010676264e-8
341 1.2054776010676264e-8
342 1.2054776010676264e-8
343 1.2054776010676264e-8
344 1.2054776010676264e-8
345 1.2054776010676264e-8
346 1.2054776010676264e-8
347 1.2054776010676264e-8
348 1.2054776010676264e-8
349 1.2054776010676264e-8
350 1.2054776010676264e-8
351 1.2054776010676264e-8
352 1.2054776010676264e-8
353 1.2054776010676264e-8
354 1.2054776010676264e-8
355 1.2054776010676264e-8
356 1.2054776010676264e-8
357 1.2054776010676264e-8
358 1.2054776010676264e-8
359 1.2054776010676264e-8
360 1.2054776010676264e-8
361 1.2277478464457162e-8
362 1.2277478464457162e-8
363 1.2277478464457162e-8
364 1.2277478464457162e-8
365 1.2277478464457162e-8
366 1.2277478464457162e-8
367 1.2277478464457162e-8
368 1.251620244006531e-8
369 1.251620244006531e-8
370 1.251620244006531e-8
371 1.251620244006531e-8
372 1.251620244006531e-8
373 1.251620244006531e-8
374 1.251620244006531e-8
375 1.251620244006531e-8
376 1.2934370027102529e-8
377 1.2934370027102529e-8
378 1.2934370027102529e-8
379 1.2934370027102529e-8
380 1.2934370027102529e-8
381 1.2934370027102529e-8
382 1.2934370027102529e-8
383 1.2934370027102529e-8
384 1.2934370027102529e-8
385 1.2934370027102529e-8
386 1.2934370027102529e-8
387 1.2934370027102529e-8
388 1.2934370027102529e-8
389 1.2934370027102529e-8
390 1.2934370027102529e-8
391 1.3490324290926968e-8
392 1.3490324290926968e-8
393 1.3490324290926968e-8
394 1.3490324290926968e-8
395 1.466311875755618e-8
396 1.466311875755618e-8
397 1.466311875755618e-8
398 1.466311875755618e-8
399 1.466311875755618e-8
400 1.466311875755618e-8
401 1.466311875755618e-8
402 1.466311875755618e-8
403 1.466311875755618e-8
404 1.466311875755618e-8
405 1.466311875755618e-8
406 1.466311875755618e-8
407 1.466311875755618e-8
408 1.466311875755618e-8
409 1.466311875755618e-8
410 1.466311875755618e-8
411 1.466311875755618e-8
412 1.466311875755618e-8
413 1.466311875755618e-8
414 1.466311875755618e-8
415 1.466311875755618e-8
416 1.466311875755618e-8
417 1.466311875755618e-8
418 1.466311875755618e-8
419 1.466311875755618e-8
420 1.466311875755618e-8
421 1.466311875755618e-8
422 1.466311875755618e-8
423 1.466311875755618e-8
424 1.466311875755618e-8
425 1.466311875755618e-8
426 1.466311875755618e-8
427 1.466311875755618e-8
428 1.466311875755618e-8
429 1.5742985463914326e-8
430 1.5742985463914326e-8
431 1.5742985463914326e-8
432 1.5742985463914326e-8
433 1.5742985463914326e-8
434 1.5742985463914326e-8
435 1.5742985463914326e-8
436 1.5742985463914326e-8
437 1.5742985463914326e-8
438 1.5742985463914326e-8
439 1.5742985463914326e-8
440 1.5742985463914326e-8
441 1.5742985463914326e-8
442 1.5742985463914326e-8
443 1.5742985463914326e-8
444 1.5742985463914326e-8
445 1.5742985463914326e-8
446 1.5742985463914326e-8
447 1.5742985463914326e-8
448 1.6588934528976125e-8
449 1.6588934528976125e-8
450 1.6588934528976125e-8
451 1.6588934528976125e-8
452 1.6588934528976125e-8
453 1.6588934528976125e-8
454 1.6588934528976125e-8
455 1.6588934528976125e-8
456 1.6588934528976125e-8
457 1.6588934528976125e-8
458 1.6588934528976125e-8
459 1.747333549089607e-8
460 1.747333549089607e-8
461 1.747333549089607e-8
462 1.747333549089607e-8
463 1.747333549089607e-8
464 1.747333549089607e-8
465 1.747333549089607e-8
466 1.747333549089607e-8
467 1.747333549089607e-8
468 1.747333549089607e-8
469 1.747333549089607e-8
470 1.747333549089607e-8
471 1.747333549089607e-8
472 1.747333549089607e-8
473 1.747333549089607e-8
474 1.747333549089607e-8
475 1.768482275716152e-8
476 1.768482275716152e-8
477 1.768482275716152e-8
478 1.768482275716152e-8
479 1.768482275716152e-8
480 1.768482275716152e-8
481 1.768482275716152e-8
482 1.768482275716152e-8
483 1.768482275716152e-8
484 1.808536691466152e-8
485 1.808536691466152e-8
486 1.808536691466152e-8
487 1.808536691466152e-8
488 1.808536691466152e-8
489 1.808536691466152e-8
490 1.808536691466152e-8
491 1.808536691466152e-8
492 1.808536691466152e-8
493 1.808536691466152e-8
494 1.808536691466152e-8
495 1.808536691466152e-8
496 1.808536691466152e-8
497 1.9522519547349724e-8
498 1.9522519547349724e-8
499 1.9522519547349724e-8
500 1.9522519547349724e-8
501 1.9522519547349724e-8
502 1.9522519547349724e-8
503 1.9522519547349724e-8
504 1.9522519547349724e-8
505 1.9522519547349724e-8
506 1.9522519547349724e-8
507 2.0477417283327954e-8
508 2.0477417283327954e-8
509 2.0477417283327954e-8
510 2.0477417283327954e-8
511 2.0477417283327954e-8
512 2.0477417283327954e-8
513 2.0477417283327954e-8
514 2.0477417283327954e-8
515 2.0477417283327954e-8
516 2.0477417283327954e-8
517 2.0477417283327954e-8
518 2.0477417283327954e-8
519 2.0477417283327954e-8
520 2.0477417283327954e-8
521 2.0477417283327954e-8
522 2.0477417283327954e-8
523 2.0477417283327954e-8
524 2.0477417283327954e-8
525 2.0477417283327954e-8
526 2.0477417283327954e-8
527 2.0477417283327954e-8
528 2.0477417283327954e-8
529 2.0477417283327954e-8
530 2.0477417283327954e-8
531 2.0477417283327954e-8
532 2.0477417283327954e-8
533 2.0477417283327954e-8
534 2.0477417283327954e-8
535 2.0477417283327954e-8
536 2.0477417283327954e-8
537 2.0477417283327954e-8
538 2.0477417283327954e-8
539 2.0477417283327954e-8
540 2.0477417283327954e-8
541 2.0477417283327954e-8
542 2.0477417283327954e-8
543 2.0812271612263348e-8
544 2.0812271612263348e-8
545 2.0812271612263348e-8
546 2.0812271612263348e-8
547 2.0812271612263348e-8
548 2.0812271612263348e-8
549 2.0812271612263348e-8
550 2.0812271612263348e-8
551 2.0812271612263348e-8
552 2.0812271612263348e-8
553 2.0812271612263348e-8
554 2.0812271612263348e-8
555 2.0812271612263348e-8
556 2.167103777255057e-8
557 2.167103777255057e-8
558 2.167103777255057e-8
559 2.167103777255057e-8
560 2.257626781297332e-8
561 2.257626781297332e-8
562 2.2951177168840598e-8
563 2.2951177168840598e-8
564 2.2951177168840598e-8
565 2.2951177168840598e-8
566 2.2951177168840598e-8
567 2.2951177168840598e-8
568 2.2951177168840598e-8
569 2.3611274380451552e-8
570 2.3611274380451552e-8
571 2.3611274380451552e-8
572 2.3611274380451552e-8
573 2.3709007252670652e-8
574 2.3709007252670652e-8
575 2.3709007252670652e-8
576 2.3709007252670652e-8
577 2.3709007252670652e-8
578 2.3709007252670652e-8
579 2.3709007252670652e-8
580 2.3709007252670652e-8
581 2.3709007252670652e-8
582 2.3709007252670652e-8
583 2.3709007252670652e-8
584 2.3709007252670652e-8
585 2.3709007252670652e-8
586 2.4180047573047055e-8
587 2.4180047573047055e-8
588 2.4180047573047055e-8
589 2.4180047573047055e-8
590 2.4180047573047055e-8
591 2.4180047573047055e-8
592 2.4180047573047055e-8
593 2.4180047573047055e-8
594 2.4180047573047055e-8
595 2.4180047573047055e-8
596 2.4947490325500705e-8
597 2.4947490325500705e-8
598 2.4947490325500705e-8
599 2.5158977591766155e-8
600 2.5158977591766155e-8
601 2.5158977591766155e-8
602 2.5158977591766155e-8
603 2.5158977591766155e-8
604 2.5158977591766155e-8
605 2.5158977591766155e-8
606 2.5158977591766155e-8
607 2.5158977591766155e-8
608 2.5158977591766155e-8
609 2.5158977591766155e-8
610 2.5158977591766155e-8
611 2.5158977591766155e-8
612 2.5158977591766155e-8
613 2.5158977591766155e-8
614 2.5158977591766155e-8
615 2.5158977591766155e-8
616 2.5158977591766155e-8
617 2.5158977591766155e-8
618 2.5158977591766155e-8
619 2.5158977591766155e-8
620 2.5158977591766155e-8
621 2.5158977591766155e-8
622 2.5158977591766155e-8
623 2.5158977591766155e-8
624 2.5158977591766155e-8
625 2.5158977591766155e-8
626 2.5158977591766155e-8
627 2.5158977591766155e-8
628 2.5158977591766155e-8
629 2.5158977591766155e-8
630 2.5158977591766155e-8
631 2.5158977591766155e-8
632 2.5360851578226128e-8
633 2.575178245592065e-8
634 2.6046582980287926e-8
635 2.6600935336402394e-8
636 2.6600935336402394e-8
637 2.6600935336402394e-8
638 2.6600935336402394e-8
639 2.6874908004630624e-8
640 2.6874908004630624e-8
641 2.7233795838670653e-8
642 2.7233795838670653e-8
643 2.7233795838670653e-8
644 2.7233795838670653e-8
645 2.7233795838670653e-8
646 2.7233795838670653e-8
647 2.7233795838670653e-8
648 2.766157670551335e-8
649 2.766157670551335e-8
650 2.766157670551335e-8
651 2.766157670551335e-8
652 2.766157670551335e-8
653 2.766157670551335e-8
654 2.766157670551335e-8
655 2.766157670551335e-8
656 2.766157670551335e-8
657 2.766157670551335e-8
658 2.766157670551335e-8
659 2.766157670551335e-8
660 2.766157670551335e-8
661 2.766157670551335e-8
662 2.766157670551335e-8
663 2.766157670551335e-8
664 2.766157670551335e-8
665 2.766157670551335e-8
666 2.766157670551335e-8
667 2.766157670551335e-8
668 2.766157670551335e-8
669 2.766157670551335e-8
670 2.766157670551335e-8
671 2.8207918911896074e-8
672 2.8207918911896074e-8
673 2.8207918911896074e-8
674 2.8207918911896074e-8
675 2.8207918911896074e-8
676 2.8207918911896074e-8
677 2.8207918911896074e-8
678 2.8207918911896074e-8
679 2.8207918911896074e-8
680 2.8454654259599724e-8
681 2.8454654259599724e-8
682 2.8454654259599724e-8
683 2.8454654259599724e-8
684 2.8699787088411523e-8
685 2.8699787088411523e-8
686 2.8699787088411523e-8
687 2.8699787088411523e-8
688 2.8699787088411523e-8
689 2.8699787088411523e-8
690 2.8699787088411523e-8
691 2.8699787088411523e-8
692 2.8699787088411523e-8
693 2.8699787088411523e-8
694 2.8699787088411523e-8
695 2.8699787088411523e-8
696 2.8699787088411523e-8
697 2.8699787088411523e-8
698 2.8699787088411523e-8
699 2.8699787088411523e-8
700 2.8699787088411523e-8
701 2.8699787088411523e-8
702 2.8699787088411523e-8
703 2.8699787088411523e-8
704 2.8699787088411523e-8
705 2.8699787088411523e-8
706 2.8699787088411523e-8
707 2.8699787088411523e-8
708 2.8699787088411523e-8
709 2.8699787088411523e-8
710 2.8699787088411523e-8
711 2.8699787088411523e-8
712 2.8699787088411523e-8
713 2.8699787088411523e-8
714 2.8699787088411523e-8
715 2.8699787088411523e-8
716 2.8699787088411523e-8
717 2.8699787088411523e-8
718 2.8699787088411523e-8
719 2.8699787088411523e-8
720 2.925253875917978e-8
721 2.925253875917978e-8
722 2.925253875917978e-8
723 2.925253875917978e-8
724 2.925253875917978e-8
725 2.925253875917978e-8
726 2.925253875917978e-8
727 2.925253875917978e-8
728 2.925253875917978e-8
729 2.925253875917978e-8
730 2.925253875917978e-8
731 2.925253875917978e-8
732 2.925253875917978e-8
733 2.925253875917978e-8
734 2.925253875917978e-8
735 2.925253875917978e-8
736 2.925253875917978e-8
737 2.925253875917978e-8
738 2.925253875917978e-8
739 2.925253875917978e-8
740 2.925253875917978e-8
741 2.925253875917978e-8
742 2.925253875917978e-8
743 2.925253875917978e-8
744 2.925253875917978e-8
745 2.925253875917978e-8
746 2.9768439829617983e-8
747 2.9768439829617983e-8
748 2.9768439829617983e-8
749 2.9768439829617983e-8
750 2.9768439829617983e-8
751 3.03740617889979e-8
752 3.03740617889979e-8
753 3.05246667833743e-8
754 3.05246667833743e-8
755 3.05246667833743e-8
756 3.05246667833743e-8
757 3.05246667833743e-8
758 3.05246667833743e-8
759 3.05246667833743e-8
760 3.05246667833743e-8
761 3.05246667833743e-8
762 3.089797423153161e-8
763 3.089797423153161e-8
764 3.089797423153161e-8
765 3.089797423153161e-8
766 3.089797423153161e-8
767 3.089797423153161e-8
768 3.089797423153161e-8
769 3.089797423153161e-8
770 3.089797423153161e-8
771 3.089797423153161e-8
772 3.089797423153161e-8
773 3.089797423153161e-8
774 3.099090076943891e-8
775 3.099090076943891e-8
776 3.099090076943891e-8
777 3.099090076943891e-8
778 3.099090076943891e-8
779 3.099090076943891e-8
780 3.099090076943891e-8
781 3.099090076943891e-8
782 3.099090076943891e-8
783 3.099090076943891e-8
784 3.099090076943891e-8
785 3.099090076943891e-8
786 3.099090076943891e-8
787 3.099090076943891e-8
788 3.099090076943891e-8
789 3.099090076943891e-8
790 3.099090076943891e-8
791 3.099090076943891e-8
792 3.099090076943891e-8
793 3.099090076943891e-8
794 3.099090076943891e-8
795 3.099090076943891e-8
796 3.099090076943891e-8
797 3.099090076943891e-8
798 3.099090076943891e-8
799 3.099090076943891e-8
800 3.099090076943891e-8
801 3.099090076943891e-8
802 3.149558665236166e-8
803 3.149558665236166e-8
804 3.149558665236166e-8
805 3.149558665236166e-8
806 3.149558665236166e-8
807 3.149558665236166e-8
808 3.149558665236166e-8
809 3.149558665236166e-8
810 3.149558665236166e-8
811 3.149558665236166e-8
812 3.149558665236166e-8
813 3.149558665236166e-8
814 3.224700788298806e-8
815 3.224700788298806e-8
816 3.224700788298806e-8
817 3.287506082858076e-8
818 3.287506082858076e-8
819 3.287506082858076e-8
820 3.287506082858076e-8
821 3.287506082858076e-8
822 3.287506082858076e-8
823 3.287506082858076e-8
824 3.287506082858076e-8
825 3.287506082858076e-8
826 3.287506082858076e-8
827 3.287506082858076e-8
828 3.287506082858076e-8
829 3.287506082858076e-8
830 3.287506082858076e-8
831 3.287506082858076e-8
832 3.287506082858076e-8
833 3.287506082858076e-8
834 3.287506082858076e-8
835 3.287506082858076e-8
836 3.287506082858076e-8
837 3.287506082858076e-8
838 3.287506082858076e-8
839 3.287506082858076e-8
840 3.287506082858076e-8
841 3.295517027126264e-8
842 3.295517027126264e-8
843 3.295517027126264e-8
844 3.295517027126264e-8
845 3.295517027126264e-8
846 3.295517027126264e-8
847 3.295517027126264e-8
848 3.295517027126264e-8
849 3.34406308169382e-8
850 3.34406308169382e-8
851 3.34406308169382e-8
852 3.34406308169382e-8
853 3.34406308169382e-8
854 3.34406308169382e-8
855 3.4233708982206456e-8
856 3.4233708982206456e-8
857 3.4233708982206456e-8
858 3.4233708982206456e-8
859 3.4233708982206456e-8
860 3.4233708982206456e-8
861 3.4233708982206456e-8
862 3.4233708982206456e-8
863 3.4233708982206456e-8
864 3.4233708982206456e-8
865 3.4233708982206456e-8
866 3.4233708982206456e-8
867 3.4233708982206456e-8
868 3.4233708982206456e-8
869 3.4233708982206456e-8
870 3.4233708982206456e-8
871 3.4233708982206456e-8
872 3.4233708982206456e-8
873 3.492424671858005e-8
874 3.492424671858005e-8
875 3.492424671858005e-8
876 3.492424671858005e-8
877 3.492424671858005e-8
878 3.492424671858005e-8
879 3.492424671858005e-8
880 3.492424671858005e-8
881 3.492424671858005e-8
882 3.492424671858005e-8
883 3.492424671858005e-8
884 3.492424671858005e-8
885 3.492424671858005e-8
886 3.492424671858005e-8
887 3.492424671858005e-8
888 3.492424671858005e-8
889 3.492424671858005e-8
890 3.492424671858005e-8
891 3.492424671858005e-8
892 3.5803841346188195e-8
893 3.5803841346188195e-8
894 3.5803841346188195e-8
895 3.5803841346188195e-8
896 3.5803841346188195e-8
897 3.5803841346188195e-8
898 3.5803841346188195e-8
899 3.5803841346188195e-8
900 3.5803841346188195e-8
901 3.651841197648454e-8
902 3.681962135405547e-8
903 3.681962135405547e-8
904 3.681962135405547e-8
905 3.681962135405547e-8
906 3.681962135405547e-8
907 3.681962135405547e-8
908 3.681962135405547e-8
909 3.681962135405547e-8
910 3.681962135405547e-8
911 3.681962135405547e-8
912 3.681962135405547e-8
913 3.681962135405547e-8
914 3.681962135405547e-8
915 3.681962135405547e-8
916 3.681962135405547e-8
917 3.681962135405547e-8
918 3.681962135405547e-8
919 3.681962135405547e-8
920 3.681962135405547e-8
921 3.708398074247822e-8
922 3.708398074247822e-8
923 3.708398074247822e-8
924 3.708398074247822e-8
925 3.708398074247822e-8
926 3.708398074247822e-8
927 3.708398074247822e-8
928 3.708398074247822e-8
929 3.708398074247822e-8
930 3.708398074247822e-8
931 3.708398074247822e-8
932 3.708398074247822e-8
933 3.708398074247822e-8
934 3.907068061933285e-8
935 3.907068061933285e-8
936 3.907068061933285e-8
937 3.907068061933285e-8
938 3.907068061933285e-8
939 3.907068061933285e-8
940 3.907068061933285e-8
941 3.907068061933285e-8
942 3.9799672086110237e-8
943 3.9799672086110237e-8
944 3.9799672086110237e-8
945 3.9799672086110237e-8
946 3.9799672086110237e-8
947 3.9799672086110237e-8
948 3.9799672086110237e-8
949 3.9799672086110237e-8
950 3.9799672086110237e-8
951 3.9799672086110237e-8
952 3.9799672086110237e-8
953 3.9799672086110237e-8
954 3.9799672086110237e-8
955 3.9799672086110237e-8
956 3.9799672086110237e-8
957 3.9799672086110237e-8
958 3.9799672086110237e-8
959 3.9799672086110237e-8
960 3.9799672086110237e-8
961 3.9799672086110237e-8
962 3.9799672086110237e-8
963 3.9799672086110237e-8
964 3.9799672086110237e-8
965 3.9799672086110237e-8
966 3.9799672086110237e-8
967 3.9799672086110237e-8
968 4.143389298212849e-8
969 4.143389298212849e-8
970 4.1779963109761215e-8
971 4.1779963109761215e-8
972 4.1779963109761215e-8
973 4.1779963109761215e-8
974 4.1779963109761215e-8
975 4.1779963109761215e-8
976 4.1779963109761215e-8
977 4.1779963109761215e-8
978 4.1779963109761215e-8
979 4.1779963109761215e-8
980 4.1779963109761215e-8
981 4.1779963109761215e-8
982 4.1779963109761215e-8
983 4.1779963109761215e-8
984 4.1779963109761215e-8
985 4.1779963109761215e-8
986 4.1779963109761215e-8
987 4.1779963109761215e-8
988 4.1779963109761215e-8
989 4.1779963109761215e-8
990 4.1779963109761215e-8
991 4.1779963109761215e-8
992 4.1779963109761215e-8
993 4.1779963109761215e-8
994 4.1779963109761215e-8
995 4.1779963109761215e-8
996 4.1779963109761215e-8
997 4.1779963109761215e-8
998 4.1779963109761215e-8
999 4.1779963109761215e-8
1000 4.1779963109761215e-8
1001 4.1779963109761215e-8
1002 4.1779963109761215e-8
1003 4.221255031091571e-8
1004 4.221255031091571e-8
1005 4.221255031091571e-8
1006 4.221255031091571e-8
1007 4.221255031091571e-8
1008 4.2592266001094784e-8
1009 4.2592266001094784e-8
1010 4.2592266001094784e-8
1011 4.2763698851610235e-8
1012 4.2763698851610235e-8
1013 4.2763698851610235e-8
1014 4.2763698851610235e-8
1015 4.2763698851610235e-8
1016 4.2763698851610235e-8
1017 4.2763698851610235e-8
1018 4.2997616492906586e-8
1019 4.2997616492906586e-8
1020 4.2997616492906586e-8
1021 4.2997616492906586e-8
1022 4.2997616492906586e-8
1023 4.2997616492906586e-8
1024 4.2997616492906586e-8
1025 4.2997616492906586e-8
1026 4.322672779989114e-8
1027 4.322672779989114e-8
1028 4.322672779989114e-8
1029 4.322672779989114e-8
1030 4.322672779989114e-8
1031 4.322672779989114e-8
1032 4.322672779989114e-8
1033 4.342539797093117e-8
1034 4.342539797093117e-8
1035 4.342539797093117e-8
1036 4.342539797093117e-8
1037 4.342539797093117e-8
1038 4.342539797093117e-8
1039 4.342539797093117e-8
1040 4.342539797093117e-8
1041 4.4018203446267546e-8
1042 4.4018203446267546e-8
1043 4.4018203446267546e-8
1044 4.4018203446267546e-8
1045 4.4018203446267546e-8
1046 4.4018203446267546e-8
1047 4.4018203446267546e-8
1048 4.4018203446267546e-8
1049 4.4018203446267546e-8
1050 4.4018203446267546e-8
1051 4.4018203446267546e-8
1052 4.4018203446267546e-8
1053 4.4018203446267546e-8
1054 4.4018203446267546e-8
1055 4.4018203446267546e-8
1056 4.4018203446267546e-8
1057 4.4018203446267546e-8
1058 4.4018203446267546e-8
1059 4.4018203446267546e-8
1060 4.4018203446267546e-8
1061 4.4018203446267546e-8
1062 4.4018203446267546e-8
1063 4.4018203446267546e-8
1064 4.4018203446267546e-8
1065 4.4018203446267546e-8
1066 4.4018203446267546e-8
1067 4.4018203446267546e-8
1068 4.4018203446267546e-8
1069 4.4018203446267546e-8
1070 4.4018203446267546e-8
1071 4.4018203446267546e-8
1072 4.4018203446267546e-8
1073 4.4018203446267546e-8
1074 4.4018203446267546e-8
1075 4.4018203446267546e-8
1076 4.4018203446267546e-8
1077 4.4018203446267546e-8
1078 4.4018203446267546e-8
1079 4.4018203446267546e-8
1080 4.4018203446267546e-8
1081 4.432421915815027e-8
1082 4.432421915815027e-8
1083 4.432421915815027e-8
1084 4.432421915815027e-8
1085 4.432421915815027e-8
1086 4.432421915815027e-8
1087 4.432421915815027e-8
1088 4.432421915815027e-8
1089 4.432421915815027e-8
1090 4.432421915815027e-8
1091 4.432421915815027e-8
1092 4.432421915815027e-8
1093 4.432421915815027e-8
1094 4.526469666882934e-8
1095 4.526469666882934e-8
1096 4.526469666882934e-8
1097 4.526469666882934e-8
1098 4.526469666882934e-8
1099 4.526469666882934e-8
1100 4.526469666882934e-8
1101 4.526469666882934e-8
1102 4.526469666882934e-8
1103 4.526469666882934e-8
1104 4.526469666882934e-8
1105 4.526469666882934e-8
1106 4.526469666882934e-8
1107 4.526469666882934e-8
1108 4.526469666882934e-8
1109 4.526469666882934e-8
1110 4.526469666882934e-8
1111 4.526469666882934e-8
1112 4.526469666882934e-8
1113 4.526469666882934e-8
1114 4.5431323185032996e-8
1115 4.5431323185032996e-8
1116 4.5431323185032996e-8
1117 4.7345924991301255e-8
1118 4.7345924991301255e-8
1119 4.7345924991301255e-8
1120 4.7345924991301255e-8
1121 4.7345924991301255e-8
1122 4.7345924991301255e-8
1123 4.7345924991301255e-8
1124 4.7345924991301255e-8
1125 4.7345924991301255e-8
1126 4.7345924991301255e-8
1127 4.7345924991301255e-8
1128 4.7345924991301255e-8
1129 4.7345924991301255e-8
1130 4.7345924991301255e-8
1131 4.7345924991301255e-8
1132 4.7345924991301255e-8
1133 4.7345924991301255e-8
1134 4.7345924991301255e-8
1135 4.7345924991301255e-8
1136 4.7345924991301255e-8
1137 4.7345924991301255e-8
1138 4.806370127056319e-8
1139 4.806370127056319e-8
1140 4.806370127056319e-8
1141 4.806370127056319e-8
1142 4.8610043476945916e-8
1143 4.8610043476945916e-8
1144 4.8610043476945916e-8
1145 4.8610043476945916e-8
1146 4.8610043476945916e-8
1147 4.8610043476945916e-8
1148 4.8610043476945916e-8
1149 4.8610043476945916e-8
1150 4.8610043476945916e-8
1151 4.8610043476945916e-8
1152 4.929897930560954e-8
1153 4.929897930560954e-8
1154 4.929897930560954e-8
1155 4.929897930560954e-8
1156 4.929897930560954e-8
1157 4.929897930560954e-8
1158 4.929897930560954e-8
1159 4.929897930560954e-8
1160 4.929897930560954e-8
1161 4.929897930560954e-8
1162 4.929897930560954e-8
1163 4.929897930560954e-8
1164 4.958416716135322e-8
1165 4.958416716135322e-8
1166 4.958416716135322e-8
1167 4.965946965854142e-8
1168 4.965946965854142e-8
1169 4.965946965854142e-8
1170 4.965946965854142e-8
1171 4.965946965854142e-8
1172 4.965946965854142e-8
1173 4.965946965854142e-8
1174 4.965946965854142e-8
1175 4.965946965854142e-8
1176 4.965946965854142e-8
1177 4.965946965854142e-8
1178 4.965946965854142e-8
1179 4.965946965854142e-8
1180 4.965946965854142e-8
1181 4.965946965854142e-8
1182 4.965946965854142e-8
1183 4.965946965854142e-8
1184 4.965946965854142e-8
1185 4.965946965854142e-8
1186 4.965946965854142e-8
1187 4.965946965854142e-8
1188 4.965946965854142e-8
1189 4.965946965854142e-8
1190 4.965946965854142e-8
1191 4.965946965854142e-8
1192 4.965946965854142e-8
1193 4.965946965854142e-8
1194 4.965946965854142e-8
1195 4.965946965854142e-8
1196 4.965946965854142e-8
1197 4.965946965854142e-8
1198 4.965946965854142e-8
1199 4.965946965854142e-8
1200 5.0229844758846895e-8
1201 5.0229844758846895e-8
1202 5.0229844758846895e-8
1203 5.078259520725139e-8
1204 5.078259520725139e-8
1205 5.078259520725139e-8
1206 5.078259520725139e-8
1207 5.078259520725139e-8
1208 5.078259520725139e-8
1209 5.078259520725139e-8
1210 5.078259520725139e-8
1211 5.078259520725139e-8
1212 5.078259520725139e-8
1213 5.078259520725139e-8
1214 5.078259520725139e-8
1215 5.078259520725139e-8
1216 5.078259520725139e-8
1217 5.078259520725139e-8
1218 5.078259520725139e-8
1219 5.078259520725139e-8
1220 5.078259520725139e-8
1221 5.078259520725139e-8
1222 5.078259520725139e-8
1223 5.078259520725139e-8
1224 5.1298496277689594e-8
1225 5.1298496277689594e-8
1226 5.1298496277689594e-8
1227 5.1298496277689594e-8
1228 5.1298496277689594e-8
1229 5.1298496277689594e-8
1230 5.1298496277689594e-8
1231 5.1298496277689594e-8
1232 5.1298496277689594e-8
1233 5.1298496277689594e-8
1234 5.1298496277689594e-8
1235 5.1298496277689594e-8
1236 5.1298496277689594e-8
1237 5.1298496277689594e-8
1238 5.1298496277689594e-8
1239 5.1298496277689594e-8
1240 5.1298496277689594e-8
1241 5.1298496277689594e-8
1242 5.1298496277689594e-8
1243 5.1859258709371476e-8
1244 5.1859258709371476e-8
1245 5.1859258709371476e-8
1246 5.1859258709371476e-8
1247 5.1859258709371476e-8
1248 5.1859258709371476e-8
1249 5.1859258709371476e-8
1250 5.1859258709371476e-8
1251 5.1859258709371476e-8
1252 5.1859258709371476e-8
1253 5.1859258709371476e-8
1254 5.1859258709371476e-8
1255 5.1859258709371476e-8
1256 5.1859258709371476e-8
1257 5.1859258709371476e-8
1258 5.1859258709371476e-8
1259 5.1859258709371476e-8
1260 5.1859258709371476e-8
1261 5.1859258709371476e-8
1262 5.1859258709371476e-8
1263 5.1859258709371476e-8
1264 5.1859258709371476e-8
1265 5.1859258709371476e-8
1266 5.1859258709371476e-8
1267 5.1859258709371476e-8
1268 5.1859258709371476e-8
1269 5.1859258709371476e-8
1270 5.1859258709371476e-8
1271 5.1859258709371476e-8
1272 5.1859258709371476e-8
1273 5.1859258709371476e-8
1274 5.1859258709371476e-8
1275 5.1859258709371476e-8
1276 5.1859258709371476e-8
1277 5.1859258709371476e-8
1278 5.1859258709371476e-8
1279 5.1859258709371476e-8
1280 5.225659844026965e-8
1281 5.225659844026965e-8
1282 5.225659844026965e-8
1283 5.225659844026965e-8
1284 5.225659844026965e-8
1285 5.305448232866782e-8
1286 5.305448232866782e-8
1287 5.305448232866782e-8
1288 5.305448232866782e-8
1289 5.305448232866782e-8
1290 5.305448232866782e-8
1291 5.305448232866782e-8
1292 5.305448232866782e-8
1293 5.343580114892063e-8
1294 5.343580114892063e-8
1295 5.343580114892063e-8
1296 5.343580114892063e-8
1297 5.343580114892063e-8
1298 5.343580114892063e-8
1299 5.343580114892063e-8
1300 5.343580114892063e-8
1301 5.343580114892063e-8
1302 5.343580114892063e-8
1303 5.343580114892063e-8
1304 5.343580114892063e-8
1305 5.343580114892063e-8
1306 5.343580114892063e-8
1307 5.343580114892063e-8
1308 5.343580114892063e-8
1309 5.343580114892063e-8
1310 5.343580114892063e-8
1311 5.343580114892063e-8
1312 5.343580114892063e-8
1313 5.343580114892063e-8
1314 5.343580114892063e-8
1315 5.417119963535602e-8
1316 5.417119963535602e-8
1317 5.417119963535602e-8
1318 5.417119963535602e-8
1319 5.417119963535602e-8
1320 5.417119963535602e-8
1321 5.417119963535602e-8
1322 5.417119963535602e-8
1323 5.417119963535602e-8
1324 5.417119963535602e-8
1325 5.417119963535602e-8
1326 5.417119963535602e-8
1327 5.417119963535602e-8
1328 5.466787475736515e-8
1329 5.466787475736515e-8
1330 5.466787475736515e-8
1331 5.466787475736515e-8
1332 5.466787475736515e-8
1333 5.466787475736515e-8
1334 5.511167775721697e-8
1335 5.511167775721697e-8
1336 5.511167775721697e-8
1337 5.511167775721697e-8
1338 5.511167775721697e-8
1339 5.511167775721697e-8
1340 5.511167775721697e-8
1341 5.511167775721697e-8
1342 5.511167775721697e-8
1343 5.511167775721697e-8
1344 5.511167775721697e-8
1345 5.511167775721697e-8
1346 5.511167775721697e-8
1347 5.511167775721697e-8
1348 5.511167775721697e-8
1349 5.55282440477261e-8
1350 5.55282440477261e-8
1351 5.55282440477261e-8
1352 5.55282440477261e-8
1353 5.55282440477261e-8
1354 5.613386600710602e-8
1355 5.613386600710602e-8
1356 5.613386600710602e-8
1357 5.652800192258425e-8
1358 5.7053515661646046e-8
1359 5.7053515661646046e-8
1360 5.7053515661646046e-8
1361 5.7053515661646046e-8
1362 5.7053515661646046e-8
1363 5.7053515661646046e-8
1364 5.7053515661646046e-8
1365 5.7253787740396045e-8
1366 5.7253787740396045e-8
1367 5.7253787740396045e-8
1368 5.7253787740396045e-8
1369 5.7253787740396045e-8
1370 5.7253787740396045e-8
1371 5.7253787740396045e-8
1372 5.7253787740396045e-8
1373 5.7253787740396045e-8
1374 5.7253787740396045e-8
1375 5.7253787740396045e-8
1376 5.769759074024787e-8
1377 5.769759074024787e-8
1378 5.769759074024787e-8
1379 5.769759074024787e-8
1380 5.769759074024787e-8
1381 5.769759074024787e-8
1382 5.769759074024787e-8
1383 5.769759074024787e-8
1384 5.769759074024787e-8
1385 5.769759074024787e-8
1386 5.769759074024787e-8
1387 5.810454375095152e-8
1388 5.810454375095152e-8
1389 5.810454375095152e-8
1390 5.810454375095152e-8
1391 5.810454375095152e-8
1392 5.810454375095152e-8
1393 5.810454375095152e-8
1394 5.810454375095152e-8
1395 5.810454375095152e-8
1396 5.831763353610882e-8
1397 5.831763353610882e-8
1398 5.831763353610882e-8
1399 5.831763353610882e-8
1400 5.831763353610882e-8
1401 5.831763353610882e-8
1402 5.831763353610882e-8
1403 5.831763353610882e-8
1404 5.831763353610882e-8
1405 5.831763353610882e-8
1406 5.831763353610882e-8
1407 5.831763353610882e-8
1408 5.831763353610882e-8
1409 5.891204030797329e-8
1410 5.891204030797329e-8
1411 5.891204030797329e-8
1412 5.891204030797329e-8
1413 5.891204030797329e-8
1414 5.9557717905466966e-8
1415 5.9557717905466966e-8
1416 5.9557717905466966e-8
1417 5.9557717905466966e-8
1418 5.9557717905466966e-8
1419 5.9557717905466966e-8
1420 6.061515423679421e-8
1421 6.061515423679421e-8
1422 6.118232491049787e-8
1423 6.118232491049787e-8
1424 6.118232491049787e-8
1425 6.118232491049787e-8
1426 6.118232491049787e-8
1427 6.118232491049787e-8
1428 6.118232491049787e-8
1429 6.118232491049787e-8
1430 6.118232491049787e-8
1431 6.118232491049787e-8
1432 6.118232491049787e-8
1433 6.118232491049787e-8
1434 6.118232491049787e-8
1435 6.118232491049787e-8
1436 6.118232491049787e-8
1437 6.118232491049787e-8
1438 6.118232491049787e-8
1439 6.118232491049787e-8
1440 6.118232491049787e-8
1441 6.118232491049787e-8
1442 6.118232491049787e-8
1443 6.118232491049787e-8
1444 6.118232491049787e-8
1445 6.118232491049787e-8
1446 6.118232491049787e-8
1447 6.118232491049787e-8
1448 6.118232491049787e-8
1449 6.118232491049787e-8
1450 6.133773623918606e-8
1451 6.133773623918606e-8
1452 6.133773623918606e-8
1453 6.133773623918606e-8
1454 6.133773623918606e-8
1455 6.133773623918606e-8
1456 6.133773623918606e-8
1457 6.133773623918606e-8
1458 6.133773623918606e-8
1459 6.133773623918606e-8
1460 6.133773623918606e-8
1461 6.133773623918606e-8
1462 6.133773623918606e-8
1463 6.133773623918606e-8
1464 6.162452661382159e-8
1465 6.162452661382159e-8
1466 6.162452661382159e-8
1467 6.162452661382159e-8
1468 6.162452661382159e-8
1469 6.2175675765698e-8
1470 6.2175675765698e-8
1471 6.2175675765698e-8
1472 6.2175675765698e-8
1473 6.26114680046362e-8
1474 6.26114680046362e-8
1475 6.26114680046362e-8
1476 6.26114680046362e-8
1477 6.26114680046362e-8
1478 6.26114680046362e-8
1479 6.30825083250126e-8
1480 6.30825083250126e-8
1481 6.30825083250126e-8
1482 6.30825083250126e-8
1483 6.30825083250126e-8
1484 6.30825083250126e-8
1485 6.30825083250126e-8
1486 6.30825083250126e-8
1487 6.30825083250126e-8
1488 6.30825083250126e-8
1489 6.30825083250126e-8
1490 6.30825083250126e-8
1491 6.391403838713901e-8
1492 6.391403838713901e-8
1493 6.48224722429817e-8
1494 6.48224722429817e-8
1495 6.48224722429817e-8
1496 6.48224722429817e-8
1497 6.48224722429817e-8
1498 6.48224722429817e-8
1499 6.48224722429817e-8
1500 6.48224722429817e-8
1501 6.48224722429817e-8
1502 6.48224722429817e-8
1503 6.48224722429817e-8
1504 6.48224722429817e-8
1505 6.48224722429817e-8
1506 6.48224722429817e-8
1507 6.48224722429817e-8
1508 6.48224722429817e-8
1509 6.48224722429817e-8
1510 6.48224722429817e-8
1511 6.48224722429817e-8
1512 6.48224722429817e-8
1513 6.48224722429817e-8
1514 6.48224722429817e-8
1515 6.48224722429817e-8
1516 6.48224722429817e-8
1517 6.48224722429817e-8
1518 6.48224722429817e-8
1519 6.514451008787356e-8
1520 6.514451008787356e-8
1521 6.514451008787356e-8
1522 6.514451008787356e-8
1523 6.514451008787356e-8
1524 6.514451008787356e-8
1525 6.514451008787356e-8
1526 6.514451008787356e-8
1527 6.514451008787356e-8
1528 6.514451008787356e-8
1529 6.574212189752173e-8
1530 6.574212189752173e-8
1531 6.574212189752173e-8
1532 6.574212189752173e-8
1533 6.574212189752173e-8
1534 6.574212189752173e-8
1535 6.604813760940446e-8
1536 6.604813760940446e-8
1537 6.604813760940446e-8
1538 6.604813760940446e-8
1539 6.667939559278087e-8
1540 6.667939559278087e-8
1541 6.667939559278087e-8
1542 6.667939559278087e-8
1543 6.667939559278087e-8
1544 6.667939559278087e-8
1545 6.667939559278087e-8
1546 6.667939559278087e-8
1547 6.667939559278087e-8
1548 6.667939559278087e-8
1549 6.667939559278087e-8
1550 6.667939559278087e-8
1551 6.667939559278087e-8
1552 6.667939559278087e-8
1553 6.667939559278087e-8
1554 6.667939559278087e-8
1555 6.667939559278087e-8
1556 6.667939559278087e-8
1557 6.667939559278087e-8
1558 6.667939559278087e-8
1559 6.667939559278087e-8
1560 6.667939559278087e-8
1561 6.667939559278087e-8
1562 6.667939559278087e-8
1563 6.667939559278087e-8
1564 6.667939559278087e-8
1565 6.766954079901541e-8
1566 6.766954079901541e-8
1567 6.875902078517903e-8
1568 6.875902078517903e-8
1569 6.875902078517903e-8
1570 6.875902078517903e-8
1571 6.875902078517903e-8
1572 6.957613062200628e-8
1573 6.957613062200628e-8
1574 6.957613062200628e-8
1575 6.957613062200628e-8
1576 6.957613062200628e-8
1577 6.957613062200628e-8
1578 6.957613062200628e-8
1579 6.957613062200628e-8
1580 6.957613062200628e-8
1581 6.957613062200628e-8
1582 6.957613062200628e-8
1583 6.957613062200628e-8
1584 6.957613062200628e-8
1585 6.957613062200628e-8
1586 6.98148552087963e-8
1587 6.98148552087963e-8
1588 6.98148552087963e-8
1589 6.98148552087963e-8
1590 7.044130624667904e-8
1591 7.044130624667904e-8
1592 7.044130624667904e-8
1593 7.044130624667904e-8
1594 7.044130624667904e-8
1595 7.044130624667904e-8
1596 7.044130624667904e-8
1597 7.044130624667904e-8
1598 7.044130624667904e-8
1599 7.044130624667904e-8
1600 7.044130624667904e-8
1601 7.044130624667904e-8
1602 7.044130624667904e-8
1603 7.044130624667904e-8
1604 7.044130624667904e-8
1605 7.044130624667904e-8
1606 7.044130624667904e-8
1607 7.044130624667904e-8
1608 7.044130624667904e-8
1609 7.044130624667904e-8
1610 7.044130624667904e-8
1611 7.044130624667904e-8
1612 7.044130624667904e-8
1613 7.044130624667904e-8
1614 7.054384606439181e-8
1615 7.054384606439181e-8
1616 7.054384606439181e-8
1617 7.054384606439181e-8
1618 7.054384606439181e-8
1619 7.054384606439181e-8
1620 7.054384606439181e-8
1621 7.054384606439181e-8
1622 7.054384606439181e-8
1623 7.054384606439181e-8
1624 7.054384606439181e-8
1625 7.094118579528999e-8
1626 7.094118579528999e-8
1627 7.094118579528999e-8
1628 7.094118579528999e-8
1629 7.094118579528999e-8
1630 7.094118579528999e-8
1631 7.152117356421906e-8
1632 7.152117356421906e-8
1633 7.184641522453086e-8
1634 7.184641522453086e-8
1635 7.184641522453086e-8
1636 7.184641522453086e-8
1637 7.184641522453086e-8
1638 7.184641522453086e-8
1639 7.240877895274083e-8
1640 7.240877895274083e-8
1641 7.240877895274083e-8
1642 7.240877895274083e-8
1643 7.240877895274083e-8
1644 7.240877895274083e-8
1645 7.465663256905264e-8
1646 7.465663256905264e-8
1647 7.465663256905264e-8
1648 7.465663256905264e-8
1649 7.465663256905264e-8
1650 7.465663256905264e-8
1651 7.465663256905264e-8
1652 7.465663256905264e-8
1653 7.465663256905264e-8
1654 7.465663256905264e-8
1655 7.465663256905264e-8
1656 7.465663256905264e-8
1657 7.465663256905264e-8
1658 7.465663256905264e-8
1659 7.465663256905264e-8
1660 7.465663256905264e-8
1661 7.465663256905264e-8
1662 7.465663256905264e-8
1663 7.465663256905264e-8
1664 7.465663256905264e-8
1665 7.465663256905264e-8
1666 7.465663256905264e-8
1667 7.465663256905264e-8
1668 7.465663256905264e-8
1669 7.465663256905264e-8
1670 7.465663256905264e-8
1671 7.465663256905264e-8
1672 7.465663256905264e-8
1673 7.465663256905264e-8
1674 7.465663256905264e-8
1675 7.465663256905264e-8
1676 7.465663256905264e-8
1677 7.465663256905264e-8
1678 7.465663256905264e-8
1679 7.465663256905264e-8
1680 7.465663256905264e-8
1681 7.465663256905264e-8
1682 7.465663256905264e-8
1683 7.465663256905264e-8
1684 7.465663256905264e-8
1685 7.465663256905264e-8
1686 7.465663256905264e-8
1687 7.465663256905264e-8
1688 7.609699023952455e-8
1689 7.609699023952455e-8
1690 7.609699023952455e-8
1691 7.676029126655545e-8
1692 7.676029126655545e-8
1693 7.720088983980545e-8
1694 7.720088983980545e-8
1695 7.720088983980545e-8
1696 7.720088983980545e-8
1697 7.720088983980545e-8
1698 7.720088983980545e-8
1699 7.720088983980545e-8
1700 7.720088983980545e-8
1701 7.720088983980545e-8
1702 7.720088983980545e-8
1703 7.720088983980545e-8
1704 7.720088983980545e-8
1705 7.720088983980545e-8
1706 7.720088983980545e-8
1707 7.720088983980545e-8
1708 7.720088983980545e-8
1709 7.720088983980545e-8
1710 7.720088983980545e-8
1711 7.720088983980545e-8
1712 7.720088983980545e-8
1713 7.720088983980545e-8
1714 7.777927570102455e-8
1715 7.777927570102455e-8
1716 7.777927570102455e-8
1717 7.777927570102455e-8
1718 7.777927570102455e-8
1719 7.777927570102455e-8
1720 7.828876730707722e-8
1721 7.828876730707722e-8
1722 7.828876730707722e-8
1723 7.828876730707722e-8
1724 7.828876730707722e-8
1725 7.874698930986444e-8
1726 7.874698930986444e-8
1727 7.949360359499716e-8
1728 7.949360359499716e-8
1729 7.949360359499716e-8
1730 7.949360359499716e-8
1731 7.949360359499716e-8
1732 7.949360359499716e-8
1733 7.949360359499716e-8
1734 7.949360359499716e-8
1735 7.949360359499716e-8
1736 7.949360359499716e-8
1737 7.949360359499716e-8
1738 7.97275212362935e-8
1739 7.97275212362935e-8
1740 7.97275212362935e-8
1741 7.97275212362935e-8
1742 7.97275212362935e-8
1743 7.97275212362935e-8
1744 7.97275212362935e-8
1745 7.97275212362935e-8
1746 7.97275212362935e-8
1747 7.97275212362935e-8
1748 7.97275212362935e-8
1749 7.97275212362935e-8
1750 7.97275212362935e-8
1751 7.97275212362935e-8
1752 7.97275212362935e-8
1753 7.97275212362935e-8
1754 8.06631918014789e-8
1755 8.06631918014789e-8
1756 8.06631918014789e-8
1757 8.06631918014789e-8
1758 8.06631918014789e-8
1759 8.06631918014789e-8
1760 8.06631918014789e-8
1761 8.06631918014789e-8
1762 8.113903784498522e-8
1763 8.113903784498522e-8
1764 8.113903784498522e-8
1765 8.113903784498522e-8
1766 8.113903784498522e-8
1767 8.113903784498522e-8
1768 8.113903784498522e-8
1769 8.113903784498522e-8
1770 8.113903784498522e-8
1771 8.113903784498522e-8
1772 8.113903784498522e-8
1773 8.113903784498522e-8
1774 8.113903784498522e-8
1775 8.113903784498522e-8
1776 8.113903784498522e-8
1777 8.113903784498522e-8
1778 8.113903784498522e-8
1779 8.113903784498522e-8
1780 8.113903784498522e-8
1781 8.113903784498522e-8
1782 8.113903784498522e-8
1783 8.113903784498522e-8
1784 8.113903784498522e-8
1785 8.162609968718886e-8
1786 8.162609968718886e-8
1787 8.162609968718886e-8
1788 8.162609968718886e-8
1789 8.162609968718886e-8
1790 8.162609968718886e-8
1791 8.162609968718886e-8
1792 8.162609968718886e-8
1793 8.162609968718886e-8
1794 8.162609968718886e-8
1795 8.162609968718886e-8
1796 8.162609968718886e-8
1797 8.162609968718886e-8
1798 8.162609968718886e-8
1799 8.162609968718886e-8
1800 8.218525959997889e-8
1801 8.218525959997889e-8
1802 8.218525959997889e-8
1803 8.218525959997889e-8
1804 8.255376010264252e-8
1805 8.255376010264252e-8
1806 8.255376010264252e-8
1807 8.255376010264252e-8
1808 8.255376010264252e-8
1809 8.255376010264252e-8
1810 8.255376010264252e-8
1811 8.255376010264252e-8
1812 8.255376010264252e-8
1813 8.255376010264252e-8
1814 8.255376010264252e-8
1815 8.304723079804982e-8
1816 8.304723079804982e-8
1817 8.304723079804982e-8
1818 8.304723079804982e-8
1819 8.337727879267341e-8
1820 8.337727879267341e-8
1821 8.337727879267341e-8
1822 8.337727879267341e-8
1823 8.337727879267341e-8
1824 8.337727879267341e-8
1825 8.337727879267341e-8
1826 8.337727879267341e-8
1827 8.458211569177524e-8
1828 8.458211569177524e-8
1829 8.458211569177524e-8
1830 8.458211569177524e-8
1831 8.521978191717341e-8
1832 8.521978191717341e-8
1833 8.521978191717341e-8
1834 8.521978191717341e-8
1835 8.521978191717341e-8
1836 8.521978191717341e-8
1837 8.521978191717341e-8
1838 8.521978191717341e-8
1839 8.521978191717341e-8
1840 8.521978191717341e-8
1841 8.521978191717341e-8
1842 8.521978191717341e-8
1843 8.521978191717341e-8
1844 8.521978191717341e-8
1845 8.521978191717341e-8
1846 8.521978191717341e-8
1847 8.521978191717341e-8
1848 8.521978191717341e-8
1849 8.521978191717341e-8
1850 8.521978191717341e-8
1851 8.521978191717341e-8
1852 8.521978191717341e-8
1853 8.521978191717341e-8
1854 8.521978191717341e-8
1855 8.521978191717341e-8
1856 8.521978191717341e-8
1857 8.521978191717341e-8
1858 8.521978191717341e-8
1859 8.521978191717341e-8
1860 8.521978191717341e-8
1861 8.521978191717341e-8
1862 8.521978191717341e-8
1863 8.521978191717341e-8
1864 8.521978191717341e-8
1865 8.521978191717341e-8
1866 8.521978191717341e-8
1867 8.55706589902998e-8
1868 8.55706589902998e-8
1869 8.55706589902998e-8
1870 8.55706589902998e-8
1871 8.55706589902998e-8
1872 8.55706589902998e-8
1873 8.55706589902998e-8
1874 8.55706589902998e-8
1875 8.55706589902998e-8
1876 8.55706589902998e-8
1877 8.55706589902998e-8
1878 8.55706589902998e-8
1879 8.55706589902998e-8
1880 8.55706589902998e-8
1881 8.583021204441075e-8
1882 8.583021204441075e-8
1883 8.583021204441075e-8
1884 8.583021204441075e-8
1885 8.583021204441075e-8
1886 8.583021204441075e-8
1887 8.583021204441075e-8
1888 8.583021204441075e-8
1889 8.583021204441075e-8
1890 8.583021204441075e-8
1891 8.583021204441075e-8
1892 8.583021204441075e-8
1893 8.583021204441075e-8
1894 8.628202641635809e-8
1895 8.628202641635809e-8
1896 8.628202641635809e-8
1897 8.628202641635809e-8
1898 8.628202641635809e-8
1899 8.628202641635809e-8
1900 8.628202641635809e-8
1901 8.628202641635809e-8
1902 8.628202641635809e-8
1903 8.628202641635809e-8
1904 8.701101666077171e-8
1905 8.701101666077171e-8
1906 8.701101666077171e-8
1907 8.701101666077171e-8
1908 8.701101666077171e-8
1909 8.701101666077171e-8
1910 8.701101666077171e-8
1911 8.701101666077171e-8
1912 8.701101666077171e-8
1913 8.701101666077171e-8
1914 8.701101666077171e-8
1915 8.701101666077171e-8
1916 8.701101666077171e-8
1917 8.701101666077171e-8
1918 8.701101666077171e-8
1919 8.701101666077171e-8
1920 8.701101666077171e-8
1921 8.701101666077171e-8
1922 8.701101666077171e-8
1923 8.701101666077171e-8
1924 8.701101666077171e-8
1925 8.701101666077171e-8
1926 8.701101666077171e-8
1927 8.701101666077171e-8
1928 8.701101666077171e-8
1929 8.701101666077171e-8
1930 8.701101666077171e-8
1931 8.701101666077171e-8
1932 8.701101666077171e-8
1933 8.701101666077171e-8
1934 8.701101666077171e-8
1935 8.701101666077171e-8
1936 8.745001332631174e-8
1937 8.745001332631174e-8
1938 8.745001332631174e-8
1939 8.783934229629629e-8
1940 8.783934229629629e-8
1941 8.783934229629629e-8
1942 8.783934229629629e-8
1943 8.783934229629629e-8
1944 8.783934229629629e-8
1945 8.783934229629629e-8
1946 8.783934229629629e-8
1947 8.783934229629629e-8
1948 8.783934229629629e-8
1949 8.911948108140444e-8
1950 8.911948108140444e-8
1951 8.911948108140444e-8
1952 8.911948108140444e-8
1953 8.969145931178365e-8
1954 8.969145931178365e-8
1955 8.969145931178365e-8
1956 9.005995981444727e-8
1957 9.005995981444727e-8
1958 9.005995981444727e-8
1959 9.005995981444727e-8
1960 9.005995981444727e-8
1961 9.005995981444727e-8
1962 9.005995981444727e-8
1963 9.005995981444727e-8
1964 9.005995981444727e-8
1965 9.005995981444727e-8
1966 9.005995981444727e-8
1967 9.042044955619728e-8
1968 9.042044955619728e-8
1969 9.042044955619728e-8
1970 9.10613195970154e-8
1971 9.10613195970154e-8
1972 9.10613195970154e-8
1973 9.135291508359897e-8
1974 9.135291508359897e-8
1975 9.135291508359897e-8
1976 9.135291508359897e-8
1977 9.214278821108351e-8
1978 9.214278821108351e-8
1979 9.214278821108351e-8
1980 9.232223243369447e-8
1981 9.232223243369447e-8
1982 9.232223243369447e-8
1983 9.232223243369447e-8
1984 9.232223243369447e-8
1985 9.232223243369447e-8
1986 9.232223243369447e-8
1987 9.232223243369447e-8
1988 9.232223243369447e-8
1989 9.232223243369447e-8
1990 9.232223243369447e-8
1991 9.232223243369447e-8
1992 9.232223243369447e-8
1993 9.232223243369447e-8
1994 9.232223243369447e-8
1995 9.232223243369447e-8
1996 9.232223243369447e-8
1997 9.285255372943183e-8
1998 9.285255372943183e-8
1999 9.285255372943183e-8
2000 9.285255372943183e-8
2001 9.299514796289461e-8
2002 9.299514796289461e-8
2003 9.299514796289461e-8
2004 9.299514796289461e-8
2005 9.366005089763548e-8
2006 9.366005089763548e-8
2007 9.366005089763548e-8
2008 9.366005089763548e-8
2009 9.425445950304559e-8
2010 9.425445950304559e-8
2011 9.425445950304559e-8
2012 9.425445950304559e-8
2013 9.425445950304559e-8
2014 9.463577771211652e-8
2015 9.463577771211652e-8
2016 9.463577771211652e-8
2017 9.463577771211652e-8
2018 9.463577771211652e-8
2019 9.463577771211652e-8
2020 9.463577771211652e-8
2021 9.463577771211652e-8
2022 9.496742883681385e-8
2023 9.496742883681385e-8
2024 9.496742883681385e-8
2025 9.496742883681385e-8
2026 9.496742883681385e-8
2027 9.531830529875837e-8
2028 9.531830529875837e-8
2029 9.531830529875837e-8
2030 9.531830529875837e-8
2031 9.531830529875837e-8
2032 9.531830529875837e-8
2033 9.531830529875837e-8
2034 9.531830529875837e-8
2035 9.531830529875837e-8
2036 9.531830529875837e-8
2037 9.531830529875837e-8
2038 9.531830529875837e-8
2039 9.531830529875837e-8
2040 9.531830529875837e-8
2041 9.531830529875837e-8
2042 9.531830529875837e-8
2043 9.564354695907017e-8
2044 9.564354695907017e-8
2045 9.564354695907017e-8
2046 9.564354695907017e-8
2047 9.61225980403602e-8
2048 9.61225980403602e-8
2049 9.61225980403602e-8
2050 9.61225980403602e-8
2051 9.654557318407297e-8
2052 9.654557318407297e-8
2053 9.654557318407297e-8
2054 9.654557318407297e-8
2055 9.654557318407297e-8
2056 9.654557318407297e-8
2057 9.67410383173293e-8
2058 9.67410383173293e-8
2059 9.67410383173293e-8
2060 9.67410383173293e-8
2061 9.67410383173293e-8
2062 9.67410383173293e-8
2063 9.67410383173293e-8
2064 9.67410383173293e-8
2065 9.755814876533843e-8
2066 9.755814876533843e-8
2067 9.755814876533843e-8
2068 9.755814876533843e-8
2069 9.755814876533843e-8
2070 9.755814876533843e-8
2071 9.755814876533843e-8
2072 9.755814876533843e-8
2073 9.755814876533843e-8
2074 9.755814876533843e-8
2075 9.755814876533843e-8
2076 9.755814876533843e-8
2077 9.755814876533843e-8
2078 9.755814876533843e-8
2079 9.755814876533843e-8
2080 9.755814876533843e-8
2081 9.755814876533843e-8
2082 9.755814876533843e-8
2083 9.755814876533843e-8
2084 9.755814876533843e-8
2085 9.755814876533843e-8
2086 9.893762294155754e-8
2087 9.893762294155754e-8
2088 9.816697515132018e-8
2089 9.816697515132018e-8
2090 9.864762814032018e-8
2091 9.864762814032018e-8
2092 9.864762814032018e-8
2093 9.864762814032018e-8
2094 9.864762814032018e-8
2095 9.864762814032018e-8
2096 9.864762814032018e-8
2097 9.864762814032018e-8
2098 9.864762814032018e-8
2099 9.864762814032018e-8
2100 9.864762814032018e-8
2101 9.864762814032018e-8
2102 9.864762814032018e-8
2103 9.864762814032018e-8
2104 9.864762814032018e-8
2105 9.864762814032018e-8
2106 9.864762814032018e-8
2107 9.864762814032018e-8
2108 9.87085110233911e-8
2109 9.87085110233911e-8
2110 9.87085110233911e-8
2111 9.976594796590023e-8
2112 9.976594796590023e-8
2113 9.976594796590023e-8
2114 9.976594796590023e-8
2115 9.976594796590023e-8
2116 9.976594796590023e-8
2117 9.976594796590023e-8
2118 9.976594796590023e-8
2119 9.976594796590023e-8
2120 9.976594796590023e-8
2121 9.976594796590023e-8
2122 9.976594796590023e-8
2123 9.976594796590023e-8
2124 9.976594796590023e-8
2125 9.976594796590023e-8
2126 9.976594796590023e-8
2127 9.976594796590023e-8
2128 9.976594796590023e-8
2129 9.976594796590023e-8
2130 9.976594796590023e-8
2131 9.976594796590023e-8
2132 9.976594796590023e-8
2133 9.976594796590023e-8
2134 9.976594796590023e-8
2135 9.976594796590023e-8
2136 9.976594796590023e-8
2137 9.976594796590023e-8
2138 9.976594796590023e-8
2139 9.976594796590023e-8
2140 9.976594796590023e-8
2141 1.0024499965837214e-7
2142 1.0024499965837214e-7
2143 1.0065675900338759e-7
2144 1.0065675900338759e-7
2145 1.0065675900338759e-7
2146 1.0065675900338759e-7
2147 1.0065675900338759e-7
2148 1.0065675900338759e-7
2149 1.0065675900338759e-7
2150 1.0065675900338759e-7
2151 1.0065675900338759e-7
2152 1.0065675900338759e-7
2153 1.0065675900338759e-7
2154 1.0065675900338759e-7
2155 1.0065675900338759e-7
2156 1.0151232073707298e-7
2157 1.0151232073707298e-7
2158 1.0151232073707298e-7
2159 1.0151232073707298e-7
2160 1.0151232073707298e-7
2161 1.0151232073707298e-7
2162 1.0151232073707298e-7
2163 1.0151232073707298e-7
2164 1.0151232073707298e-7
2165 1.0151232073707298e-7
2166 1.0151232073707298e-7
2167 1.0151232073707298e-7
2168 1.0151232073707298e-7
2169 1.0151232073707298e-7
2170 1.0151232073707298e-7
2171 1.0151232073707298e-7
2172 1.0151232073707298e-7
2173 1.0151232073707298e-7
2174 1.0151232073707298e-7
2175 1.0151232073707298e-7
2176 1.0151232073707298e-7
2177 1.0151232073707298e-7
2178 1.0151232073707298e-7
2179 1.0151232073707298e-7
2180 1.0151232073707298e-7
2181 1.0151232073707298e-7
2182 1.0151232073707298e-7
2183 1.0151232073707298e-7
2184 1.0151232073707298e-7
2185 1.0197214525875205e-7
2186 1.0197214525875205e-7
2187 1.02496056478922e-7
2188 1.02496056478922e-7
2189 1.02496056478922e-7
2190 1.02496056478922e-7
2191 1.02496056478922e-7
2192 1.02496056478922e-7
2193 1.02496056478922e-7
2194 1.02496056478922e-7
2195 1.02496056478922e-7
2196 1.02496056478922e-7
2197 1.02496056478922e-7
2198 1.02496056478922e-7
2199 1.02496056478922e-7
2200 1.02496056478922e-7
2201 1.02496056478922e-7
2202 1.02496056478922e-7
2203 1.02496056478922e-7
2204 1.02496056478922e-7
2205 1.02496056478922e-7
2206 1.02496056478922e-7
2207 1.02496056478922e-7
2208 1.02496056478922e-7
2209 1.02496056478922e-7
2210 1.02496056478922e-7
2211 1.02496056478922e-7
2212 1.02496056478922e-7
2213 1.02496056478922e-7
2214 1.02496056478922e-7
2215 1.02496056478922e-7
2216 1.02496056478922e-7
2217 1.02496056478922e-7
2218 1.02496056478922e-7
2219 1.02496056478922e-7
2220 1.02496056478922e-7
2221 1.02496056478922e-7
2222 1.02496056478922e-7
2223 1.02496056478922e-7
2224 1.02496056478922e-7
2225 1.02496056478922e-7
2226 1.02496056478922e-7
2227 1.02496056478922e-7
2228 1.02496056478922e-7
2229 1.02496056478922e-7
2230 1.0325869228588196e-7
2231 1.0325869228588196e-7
2232 1.0325869228588196e-7
2233 1.0325869228588196e-7
2234 1.0325869228588196e-7
2235 1.0340128651934474e-7
2236 1.0340128651934474e-7
2237 1.0340128651934474e-7
2238 1.0340128651934474e-7
2239 1.0340128651934474e-7
2240 1.0413668561696201e-7
2241 1.0413668561696201e-7
2242 1.0413668561696201e-7
2243 1.0413668561696201e-7
2244 1.0413668561696201e-7
2245 1.0413668561696201e-7
2246 1.0413668561696201e-7
2247 1.0413668561696201e-7
2248 1.0413668561696201e-7
2249 1.0413668561696201e-7
2250 1.0413668561696201e-7
2251 1.0413668561696201e-7
2252 1.0504191565738476e-7
2253 1.0504191565738476e-7
2254 1.0504191565738476e-7
2255 1.0504191565738476e-7
2256 1.0504191565738476e-7
2257 1.0504191565738476e-7
2258 1.0504191565738476e-7
2259 1.0504191565738476e-7
2260 1.0504191565738476e-7
2261 1.0504191565738476e-7
2262 1.0504191565738476e-7
2263 1.0504191565738476e-7
2264 1.0504191565738476e-7
2265 1.0504191565738476e-7
2266 1.0504191565738476e-7
2267 1.0504191565738476e-7
2268 1.0504191565738476e-7
2269 1.0504191565738476e-7
2270 1.0504191565738476e-7
2271 1.0504191565738476e-7
2272 1.0504191565738476e-7
2273 1.0504191565738476e-7
2274 1.0504191565738476e-7
2275 1.0504191565738476e-7
2276 1.0504191565738476e-7
2277 1.0537837311639389e-7
2278 1.0537837311639389e-7
2279 1.0537837311639389e-7
2280 1.0537837311639389e-7
2281 1.0537837311639389e-7
2282 1.0537837311639389e-7
2283 1.0537837311639389e-7
2284 1.0537837311639389e-7
2285 1.0583339130376116e-7
2286 1.0583339130376116e-7
2287 1.0583339130376116e-7
2288 1.0583339130376116e-7
2289 1.0583339130376116e-7
2290 1.0583339130376116e-7
2291 1.0583339130376116e-7
2292 1.0583339130376116e-7
2293 1.0583339130376116e-7
2294 1.0663447961876116e-7
2295 1.0663447961876116e-7
2296 1.0663447961876116e-7
2297 1.072737477518693e-7
2298 1.072737477518693e-7
2299 1.072737477518693e-7
2300 1.072737477518693e-7
2301 1.072737477518693e-7
2302 1.072737477518693e-7
2303 1.072737477518693e-7
2304 1.0760059193107296e-7
2305 1.0760059193107296e-7
2306 1.0760059193107296e-7
2307 1.0760059193107296e-7
2308 1.081245031512429e-7
2309 1.081245031512429e-7
2310 1.081245031512429e-7
2311 1.081245031512429e-7
2312 1.081245031512429e-7
2313 1.08342399270712e-7
2314 1.08342399270712e-7
2315 1.08342399270712e-7
2316 1.08342399270712e-7
2317 1.08342399270712e-7
2318 1.08342399270712e-7
2319 1.08342399270712e-7
2320 1.08342399270712e-7
2321 1.08342399270712e-7
2322 1.08342399270712e-7
2323 1.08342399270712e-7
2324 1.08342399270712e-7
2325 1.08342399270712e-7
2326 1.08342399270712e-7
2327 1.08342399270712e-7
2328 1.08342399270712e-7
2329 1.08342399270712e-7
2330 1.08342399270712e-7
2331 1.08342399270712e-7
2332 1.08342399270712e-7
2333 1.08342399270712e-7
2334 1.08342399270712e-7
2335 1.08342399270712e-7
2336 1.0880222440357295e-7
2337 1.0880222440357295e-7
2338 1.0880222440357295e-7
2339 1.0880222440357295e-7
2340 1.0880222440357295e-7
2341 1.0880222440357295e-7
2342 1.0880222440357295e-7
2343 1.0880222440357295e-7
2344 1.0880222440357295e-7
2345 1.1013363279194654e-7
2346 1.1013363279194654e-7
2347 1.1013363279194654e-7
2348 1.1013363279194654e-7
2349 1.1013363279194654e-7
2350 1.1013363279194654e-7
2351 1.1013363279194654e-7
2352 1.1013363279194654e-7
2353 1.1013363279194654e-7
2354 1.1013363279194654e-7
2355 1.1013363279194654e-7
2356 1.1013363279194654e-7
2357 1.1013363279194654e-7
2358 1.105357794683384e-7
2359 1.105357794683384e-7
2360 1.1094273247904205e-7
2361 1.1094273247904205e-7
2362 1.1094273247904205e-7
2363 1.1094273247904205e-7
2364 1.1094273247904205e-7
2365 1.1094273247904205e-7
2366 1.1094273247904205e-7
2367 1.1094273247904205e-7
2368 1.1094273247904205e-7
2369 1.1094273247904205e-7
2370 1.1262181351394022e-7
2371 1.1262181351394022e-7
2372 1.1262181351394022e-7
2373 1.1262181351394022e-7
2374 1.1262181351394022e-7
2375 1.1262181351394022e-7
2376 1.1262181351394022e-7
2377 1.1262181351394022e-7
2378 1.1262181351394022e-7
2379 1.1262181351394022e-7
2380 1.1262181351394022e-7
2381 1.1262181351394022e-7
2382 1.1262181351394022e-7
2383 1.1262181351394022e-7
2384 1.1262181351394022e-7
2385 1.1262181351394022e-7
2386 1.1262181351394022e-7
2387 1.1262181351394022e-7
2388 1.1262181351394022e-7
2389 1.1262181351394022e-7
2390 1.1262181351394022e-7
2391 1.1262181351394022e-7
2392 1.1262181351394022e-7
2393 1.1262181351394022e-7
2394 1.134325151087457e-7
2395 1.134325151087457e-7
2396 1.134325151087457e-7
2397 1.134325151087457e-7
2398 1.134325151087457e-7
2399 1.134325151087457e-7
2400 1.134325151087457e-7
2401 1.134325151087457e-7
2402 1.134325151087457e-7
2403 1.134325151087457e-7
2404 1.134325151087457e-7
2405 1.134325151087457e-7
2406 1.134325151087457e-7
2407 1.1374173463604837e-7
2408 1.1374173463604837e-7
2409 1.1374173463604837e-7
2410 1.1406857881525202e-7
2411 1.1406857881525202e-7
2412 1.1406857881525202e-7
2413 1.1406857881525202e-7
2414 1.1406857881525202e-7
2415 1.1406857881525202e-7
2416 1.1406857881525202e-7
2417 1.1406857881525202e-7
2418 1.1406857881525202e-7
2419 1.1414227879354837e-7
2420 1.1414227879354837e-7
2421 1.1414227879354837e-7
2422 1.1414227879354837e-7
2423 1.1414227879354837e-7
2424 1.1414227879354837e-7
2425 1.1414227879354837e-7
2426 1.1504430501855118e-7
2427 1.1504430501855118e-7
2428 1.1504430501855118e-7
2429 1.1504430501855118e-7
2430 1.1504430501855118e-7
2431 1.1504430501855118e-7
2432 1.1504430501855118e-7
2433 1.1504430501855118e-7
2434 1.1504430501855118e-7
2435 1.1568677757826114e-7
2436 1.1568677757826114e-7
2437 1.1568677757826114e-7
2438 1.1618505399679836e-7
2439 1.1618505399679836e-7
2440 1.1646863994483207e-7
2441 1.1646863994483207e-7
2442 1.1646863994483207e-7
2443 1.1646863994483207e-7
2444 1.1646863994483207e-7
2445 1.1646863994483207e-7
2446 1.1646863994483207e-7
2447 1.1646863994483207e-7
2448 1.1646863994483207e-7
2449 1.1646863994483207e-7
2450 1.1646863994483207e-7
2451 1.1646863994483207e-7
2452 1.1646863994483207e-7
2453 1.1646863994483207e-7
2454 1.1646863994483207e-7
2455 1.1646863994483207e-7
2456 1.1646863994483207e-7
2457 1.1680830183044303e-7
2458 1.1680830183044303e-7
2459 1.1680830183044303e-7
2460 1.1680830183044303e-7
2461 1.1680830183044303e-7
2462 1.1680830183044303e-7
2463 1.1680830183044303e-7
2464 1.1680830183044303e-7
2465 1.1680830183044303e-7
2466 1.1680830183044303e-7
2467 1.1680830183044303e-7
2468 1.1680830183044303e-7
2469 1.1680830183044303e-7
2470 1.1680830183044303e-7
2471 1.1680830183044303e-7
2472 1.1680830183044303e-7
2473 1.1680830183044303e-7
2474 1.1680830183044303e-7
2475 1.1680830183044303e-7
2476 1.1680830183044303e-7
2477 1.1680830183044303e-7
2478 1.1680830183044303e-7
2479 1.1680830183044303e-7
2480 1.1680830183044303e-7
2481 1.1680830183044303e-7
2482 1.1680830183044303e-7
2483 1.1680830183044303e-7
2484 1.1680830183044303e-7
2485 1.1680830183044303e-7
2486 1.1737707441185665e-7
2487 1.1737707441185665e-7
2488 1.1737707441185665e-7
2489 1.1737707441185665e-7
2490 1.1737707441185665e-7
2491 1.1737707441185665e-7
2492 1.1737707441185665e-7
2493 1.179362337134648e-7
2494 1.179362337134648e-7
2495 1.179362337134648e-7
2496 1.179362337134648e-7
2497 1.179362337134648e-7
2498 1.179362337134648e-7
2499 1.179362337134648e-7
2500 1.179362337134648e-7
2501 1.179362337134648e-7
2502 1.179362337134648e-7
2503 1.179362337134648e-7
2504 1.179362337134648e-7
2505 1.1830793803154837e-7
2506 1.1830793803154837e-7
2507 1.1878859040936648e-7
2508 1.1878859040936648e-7
2509 1.1878859040936648e-7
2510 1.1878859040936648e-7
2511 1.1908659474915371e-7
2512 1.1908659474915371e-7
2513 1.1908659474915371e-7
2514 1.1908659474915371e-7
2515 1.1981398308585736e-7
2516 1.1981398308585736e-7
2517 1.1981398308585736e-7
2518 1.2032507782198375e-7
2519 1.2032507782198375e-7
2520 1.2032507782198375e-7
2521 1.2032507782198375e-7
2522 1.206102662889093e-7
2523 1.2132964325351745e-7
2524 1.2132964325351745e-7
2525 1.2132964325351745e-7
2526 1.2197532085101114e-7
2527 1.2197532085101114e-7
2528 1.2197532085101114e-7
2529 1.2197532085101114e-7
2530 1.2197532085101114e-7
2531 1.2197532085101114e-7
2532 1.2197532085101114e-7
2533 1.2197532085101114e-7
2534 1.2197532085101114e-7
2535 1.2197532085101114e-7
2536 1.2197532085101114e-7
2537 1.2197532085101114e-7
2538 1.2197532085101114e-7
2539 1.22697902853403e-7
2540 1.22697902853403e-7
2541 1.22697902853403e-7
2542 1.22697902853403e-7
2543 1.22697902853403e-7
2544 1.22697902853403e-7
2545 1.22697902853403e-7
2546 1.22697902853403e-7
2547 1.22697902853403e-7
2548 1.22697902853403e-7
2549 1.22697902853403e-7
2550 1.22697902853403e-7
2551 1.22697902853403e-7
2552 1.22697902853403e-7
2553 1.22697902853403e-7
2554 1.22697902853403e-7
2555 1.22697902853403e-7
2556 1.22697902853403e-7
2557 1.22697902853403e-7
2558 1.22697902853403e-7
2559 1.22697902853403e-7
2560 1.22697902853403e-7
2561 1.22697902853403e-7
2562 1.22697902853403e-7
2563 1.2346214056807295e-7
2564 1.2346214056807295e-7
2565 1.2346214056807295e-7
2566 1.2346214056807295e-7
2567 1.2346214056807295e-7
2568 1.2346214056807295e-7
2569 1.2346214056807295e-7
2570 1.2346214056807295e-7
2571 1.2346214056807295e-7
2572 1.2346214056807295e-7
2573 1.2346214056807295e-7
2574 1.2346214056807295e-7
2575 1.2346214056807295e-7
2576 1.2346214056807295e-7
2577 1.2346214056807295e-7
2578 1.2346214056807295e-7
2579 1.2346214056807295e-7
2580 1.2346214056807295e-7
2581 1.2346214056807295e-7
2582 1.2346214056807295e-7
2583 1.2346214056807295e-7
2584 1.2346214056807295e-7
2585 1.2346214056807295e-7
2586 1.2346214056807295e-7
2587 1.2346214056807295e-7
2588 1.2346214056807295e-7
2589 1.2346214056807295e-7
2590 1.2346214056807295e-7
2591 1.2346214056807295e-7
2592 1.2346214056807295e-7
2593 1.2346214056807295e-7
2594 1.2346214056807295e-7
2595 1.2346214056807295e-7
2596 1.2346214056807295e-7
2597 1.2346214056807295e-7
2598 1.2346214056807295e-7
2599 1.2346214056807295e-7
2600 1.2346214056807295e-7
2601 1.2346214056807295e-7
2602 1.2346214056807295e-7
2603 1.2346214056807295e-7
2604 1.2346214056807295e-7
2605 1.2346214056807295e-7
2606 1.2346214056807295e-7
2607 1.2346214056807295e-7
2608 1.2346214056807295e-7
2609 1.2346214056807295e-7
2610 1.2415748463875835e-7
2611 1.2415748463875835e-7
2612 1.2464775029638195e-7
2613 1.2464775029638195e-7
2614 1.2511558619015651e-7
2615 1.2511558619015651e-7
2616 1.2538315000518108e-7
2617 1.2538315000518108e-7
2618 1.2538315000518108e-7
2619 1.2538315000518108e-7
2620 1.2538315000518108e-7
2621 1.2538315000518108e-7
2622 1.2538315000518108e-7
2623 1.2538315000518108e-7
2624 1.2538315000518108e-7
2625 1.2538315000518108e-7
2626 1.2538315000518108e-7
2627 1.2538315000518108e-7
2628 1.2561546573876747e-7
2629 1.2561546573876747e-7
2630 1.2561546573876747e-7
2631 1.2561546573876747e-7
2632 1.2561546573876747e-7
2633 1.2561546573876747e-7
2634 1.2561546573876747e-7
2635 1.2561546573876747e-7
2636 1.2561546573876747e-7
2637 1.2561546573876747e-7
2638 1.2561546573876747e-7
2639 1.2561546573876747e-7
2640 1.2561546573876747e-7
2641 1.2561546573876747e-7
2642 1.2561546573876747e-7
2643 1.2561546573876747e-7
2644 1.2561546573876747e-7
2645 1.2561546573876747e-7
2646 1.2561546573876747e-7
2647 1.2561546573876747e-7
2648 1.2561546573876747e-7
2649 1.261618073339683e-7
2650 1.261618073339683e-7
2651 1.261618073339683e-7
2652 1.261618073339683e-7
2653 1.261618073339683e-7
2654 1.261618073339683e-7
2655 1.261618073339683e-7
2656 1.261618073339683e-7
2657 1.261618073339683e-7
2658 1.261618073339683e-7
2659 1.261618073339683e-7
2660 1.261618073339683e-7
2661 1.261618073339683e-7
2662 1.261618073339683e-7
2663 1.261618073339683e-7
2664 1.261618073339683e-7
2665 1.261618073339683e-7
2666 1.261618073339683e-7
2667 1.261618073339683e-7
2668 1.261618073339683e-7
2669 1.261618073339683e-7
2670 1.261618073339683e-7
2671 1.261618073339683e-7
2672 1.261618073339683e-7
2673 1.261618073339683e-7
2674 1.261618073339683e-7
2675 1.261618073339683e-7
2676 1.261618073339683e-7
2677 1.261618073339683e-7
2678 1.261618073339683e-7
2679 1.261618073339683e-7
2680 1.2667130016238475e-7
2681 1.2667130016238475e-7
2682 1.2667130016238475e-7
2683 1.2667130016238475e-7
2684 1.2667130016238475e-7
2685 1.2667130016238475e-7
2686 1.2667130016238475e-7
2687 1.2667130016238475e-7
2688 1.2667130016238475e-7
2689 1.2667130016238475e-7
2690 1.2667130016238475e-7
2691 1.2667130016238475e-7
2692 1.2696449877904207e-7
2693 1.2696449877904207e-7
2694 1.2696449877904207e-7
2695 1.2696449877904207e-7
2696 1.2696449877904207e-7
2697 1.2696449877904207e-7
2698 1.2696449877904207e-7
2699 1.2696449877904207e-7
2700 1.2696449877904207e-7
2701 1.2696449877904207e-7
2702 1.2696449877904207e-7
2703 1.2696449877904207e-7
2704 1.2696449877904207e-7
2705 1.2696449877904207e-7
2706 1.2696449877904207e-7
2707 1.2696449877904207e-7
2708 1.2696449877904207e-7
2709 1.2696449877904207e-7
2710 1.2696449877904207e-7
2711 1.2696449877904207e-7
2712 1.2696449877904207e-7
2713 1.2696449877904207e-7
2714 1.2696449877904207e-7
2715 1.2696449877904207e-7
2716 1.2696449877904207e-7
2717 1.2696449877904207e-7
2718 1.2696449877904207e-7
2719 1.2696449877904207e-7
2720 1.2696449877904207e-7
2721 1.2696449877904207e-7
2722 1.2696449877904207e-7
2723 1.2696449877904207e-7
2724 1.2696449877904207e-7
2725 1.2880540060701398e-7
2726 1.2880540060701398e-7
2727 1.2880540060701398e-7
2728 1.2880540060701398e-7
2729 1.2880540060701398e-7
2730 1.2880540060701398e-7
2731 1.2880540060701398e-7
2732 1.2880540060701398e-7
2733 1.2880540060701398e-7
2734 1.2880540060701398e-7
2735 1.2880540060701398e-7
2736 1.2880540060701398e-7
2737 1.2880540060701398e-7
2738 1.2880540060701398e-7
2739 1.2880540060701398e-7
2740 1.2880540060701398e-7
2741 1.2880540060701398e-7
2742 1.2880540060701398e-7
2743 1.2880540060701398e-7
2744 1.2880540060701398e-7
2745 1.2880540060701398e-7
2746 1.2880540060701398e-7
2747 1.2880540060701398e-7
2748 1.2880540060701398e-7
2749 1.2880540060701398e-7
2750 1.2880540060701398e-7
2751 1.2880540060701398e-7
2752 1.2880540060701398e-7
2753 1.2880540060701398e-7
2754 1.2880540060701398e-7
2755 1.2880540060701398e-7
2756 1.2880540060701398e-7
2757 1.292940637457457e-7
2758 1.292940637457457e-7
2759 1.292940637457457e-7
2760 1.292940637457457e-7
2761 1.3001984956355752e-7
2762 1.3001984956355752e-7
2763 1.3001984956355752e-7
2764 1.3001984956355752e-7
2765 1.3001984956355752e-7
2766 1.3001984956355752e-7
2767 1.3001984956355752e-7
2768 1.3072160370981031e-7
2769 1.3072160370981031e-7
2770 1.3072160370981031e-7
2771 1.3072160370981031e-7
2772 1.3072160370981031e-7
2773 1.3072160370981031e-7
2774 1.3129838705213757e-7
2775 1.3129838705213757e-7
2776 1.3129838705213757e-7
2777 1.3129838705213757e-7
2778 1.3129838705213757e-7
2779 1.3129838705213757e-7
2780 1.3129838705213757e-7
2781 1.3129838705213757e-7
2782 1.3129838705213757e-7
2783 1.3129838705213757e-7
2784 1.3129838705213757e-7
2785 1.3129838705213757e-7
2786 1.3129838705213757e-7
2787 1.3214754054380119e-7
2788 1.3214754054380119e-7
2789 1.3214754054380119e-7
2790 1.3214754054380119e-7
2791 1.3214754054380119e-7
2792 1.3214754054380119e-7
2793 1.3214754054380119e-7
2794 1.3214754054380119e-7
2795 1.3214754054380119e-7
2796 1.3214754054380119e-7
2797 1.3214754054380119e-7
2798 1.3214754054380119e-7
2799 1.3214754054380119e-7
2800 1.3214754054380119e-7
2801 1.3214754054380119e-7
2802 1.3214754054380119e-7
2803 1.327387441114276e-7
2804 1.327387441114276e-7
2805 1.327387441114276e-7
2806 1.327387441114276e-7
2807 1.327387441114276e-7
2808 1.327387441114276e-7
2809 1.327387441114276e-7
2810 1.327387441114276e-7
2811 1.327387441114276e-7
2812 1.327387441114276e-7
2813 1.327387441114276e-7
2814 1.3319055787219303e-7
2815 1.3319055787219303e-7
2816 1.3319055787219303e-7
2817 1.3319055787219303e-7
2818 1.3319055787219303e-7
2819 1.3319055787219303e-7
2820 1.3319055787219303e-7
2821 1.3319055787219303e-7
2822 1.3319055787219303e-7
2823 1.3319055787219303e-7
2824 1.3319055787219303e-7
2825 1.3319055787219303e-7
2826 1.3319055787219303e-7
2827 1.3319055787219303e-7
2828 1.3319055787219303e-7
2829 1.3319055787219303e-7
2830 1.3319055787219303e-7
2831 1.339756240541839e-7
2832 1.339756240541839e-7
2833 1.339756240541839e-7
2834 1.339756240541839e-7
2835 1.339756240541839e-7
2836 1.339756240541839e-7
2837 1.339756240541839e-7
2838 1.339756240541839e-7
2839 1.339756240541839e-7
2840 1.339756240541839e-7
2841 1.339756240541839e-7
2842 1.339756240541839e-7
2843 1.339756240541839e-7
2844 1.339756240541839e-7
2845 1.339756240541839e-7
2846 1.339756240541839e-7
2847 1.339756240541839e-7
2848 1.339756240541839e-7
2849 1.339756240541839e-7
2850 1.339756240541839e-7
2851 1.339756240541839e-7
2852 1.344114156819402e-7
2853 1.344114156819402e-7
2854 1.344114156819402e-7
2855 1.344114156819402e-7
2856 1.344114156819402e-7
2857 1.3460367761095846e-7
2858 1.3460367761095846e-7
2859 1.3460367761095846e-7
2860 1.3460367761095846e-7
2861 1.3460367761095846e-7
2862 1.3460367761095846e-7
2863 1.3488405913239033e-7
2864 1.3488405913239033e-7
2865 1.351916773631649e-7
2866 1.351916773631649e-7
2867 1.351916773631649e-7
2868 1.351916773631649e-7
2869 1.351916773631649e-7
2870 1.351916773631649e-7
2871 1.351916773631649e-7
2872 1.351916773631649e-7
2873 1.351916773631649e-7
2874 1.351916773631649e-7
2875 1.351916773631649e-7
2876 1.3566271768354132e-7
2877 1.3566271768354132e-7
2878 1.3566271768354132e-7
2879 1.3566271768354132e-7
2880 1.3566271768354132e-7
2881 1.3566271768354132e-7
2882 1.3566271768354132e-7
2883 1.3566271768354132e-7
2884 1.3566271768354132e-7
2885 1.3566271768354132e-7
2886 1.3581652710451953e-7
2887 1.3581652710451953e-7
2888 1.3581652710451953e-7
2889 1.3581652710451953e-7
2890 1.3581652710451953e-7
2891 1.3581652710451953e-7
2892 1.3581652710451953e-7
2893 1.3581652710451953e-7
2894 1.3581652710451953e-7
2895 1.3581652710451953e-7
2896 1.3581652710451953e-7
2897 1.3581652710451953e-7
2898 1.3581652710451953e-7
2899 1.3672496096036224e-7
2900 1.3672496096036224e-7
2901 1.3672496096036224e-7
2902 1.3672496096036224e-7
2903 1.3672496096036224e-7
2904 1.3672496096036224e-7
2905 1.3672496096036224e-7
2906 1.3672496096036224e-7
2907 1.3672496096036224e-7
2908 1.3672496096036224e-7
2909 1.3672496096036224e-7
2910 1.3672496096036224e-7
2911 1.3700053553630045e-7
2912 1.3700053553630045e-7
2913 1.3700053553630045e-7
2914 1.3700053553630045e-7
2915 1.3700053553630045e-7
2916 1.3709826779733767e-7
2917 1.3709826779733767e-7
2918 1.3709826779733767e-7
2919 1.3709826779733767e-7
2920 1.3726169049812138e-7
2921 1.3726169049812138e-7
2922 1.3726169049812138e-7
2923 1.3726169049812138e-7
2924 1.3726169049812138e-7
2925 1.3726169049812138e-7
2926 1.3726169049812138e-7
2927 1.3726169049812138e-7
2928 1.3726169049812138e-7
2929 1.3726169049812138e-7
2930 1.3734500436740507e-7
2931 1.3734500436740507e-7
2932 1.3734500436740507e-7
2933 1.3734500436740507e-7
2934 1.3734500436740507e-7
2935 1.374811897476642e-7
2936 1.374811897476642e-7
2937 1.374811897476642e-7
2938 1.374811897476642e-7
2939 1.374811897476642e-7
2940 1.3800189715241423e-7
2941 1.3800189715241423e-7
2942 1.3800189715241423e-7
2943 1.3842967863043881e-7
2944 1.3842967863043881e-7
2945 1.3842967863043881e-7
2946 1.3842967863043881e-7
2947 1.3842967863043881e-7
2948 1.3842967863043881e-7
2949 1.3842967863043881e-7
2950 1.3842967863043881e-7
2951 1.3842967863043881e-7
2952 1.3842967863043881e-7
2953 1.3842967863043881e-7
2954 1.3842967863043881e-7
2955 1.3842967863043881e-7
2956 1.3842967863043881e-7
2957 1.3842967863043881e-7
2958 1.3842967863043881e-7
2959 1.386123266684697e-7
2960 1.386123266684697e-7
2961 1.386123266684697e-7
2962 1.386123266684697e-7
2963 1.386123266684697e-7
2964 1.386123266684697e-7
2965 1.386123266684697e-7
2966 1.386123266684697e-7
2967 1.386123266684697e-7
2968 1.386123266684697e-7
2969 1.386123266684697e-7
2970 1.386123266684697e-7
2971 1.386123266684697e-7
2972 1.386123266684697e-7
2973 1.386123266684697e-7
2974 1.386123266684697e-7
2975 1.386123266684697e-7
2976 1.386123266684697e-7
2977 1.386123266684697e-7
2978 1.386123266684697e-7
2979 1.386123266684697e-7
2980 1.386123266684697e-7
2981 1.386123266684697e-7
2982 1.3904651638851605e-7
2983 1.3904651638851605e-7
2984 1.3904651638851605e-7
2985 1.3904651638851605e-7
2986 1.3904651638851605e-7
2987 1.3904651638851605e-7
2988 1.3975307625789877e-7
2989 1.3975307625789877e-7
2990 1.3975307625789877e-7
2991 1.3975307625789877e-7
2992 1.3975307625789877e-7
2993 1.3975307625789877e-7
2994 1.3975307625789877e-7
2995 1.3975307625789877e-7
2996 1.3975307625789877e-7
2997 1.4040676461630608e-7
2998 1.4040676461630608e-7
2999 1.4040676461630608e-7
3000 1.4040676461630608e-7
3001 1.4040676461630608e-7
3002 1.4040676461630608e-7
3003 1.4040676461630608e-7
3004 1.4121105674672603e-7
3005 1.4121105674672603e-7
3006 1.4121105674672603e-7
3007 1.4121105674672603e-7
3008 1.4121105674672603e-7
3009 1.4121105674672603e-7
3010 1.4121105674672603e-7
3011 1.4121105674672603e-7
3012 1.4121105674672603e-7
3013 1.4165806478436157e-7
3014 1.4165806478436157e-7
3015 1.4165806478436157e-7
3016 1.4165806478436157e-7
3017 1.4165806478436157e-7
3018 1.4165806478436157e-7
3019 1.4165806478436157e-7
3020 1.4165806478436157e-7
3021 1.4165806478436157e-7
3022 1.4165806478436157e-7
3023 1.4165806478436157e-7
3024 1.4165806478436157e-7
3025 1.4165806478436157e-7
3026 1.4260174672164245e-7
3027 1.4260174672164245e-7
3028 1.4260174672164245e-7
3029 1.4260174672164245e-7
3030 1.4260174672164245e-7
3031 1.4260174672164245e-7
3032 1.4260174672164245e-7
3033 1.4260174672164245e-7
3034 1.4260174672164245e-7
3035 1.4260174672164245e-7
3036 1.4260174672164245e-7
3037 1.4260174672164245e-7
3038 1.4260174672164245e-7
3039 1.4260174672164245e-7
3040 1.4260174672164245e-7
3041 1.4260174672164245e-7
3042 1.4260174672164245e-7
3043 1.4260174672164245e-7
3044 1.4260174672164245e-7
3045 1.4260174672164245e-7
3046 1.4260174672164245e-7
3047 1.436575817564416e-7
3048 1.436575817564416e-7
3049 1.436575817564416e-7
3050 1.441109980360989e-7
3051 1.441109980360989e-7
3052 1.441109980360989e-7
3053 1.441109980360989e-7
3054 1.441109980360989e-7
3055 1.441109980360989e-7
3056 1.441109980360989e-7
3057 1.441109980360989e-7
3058 1.441109980360989e-7
3059 1.441109980360989e-7
3060 1.441109980360989e-7
3061 1.441109980360989e-7
3062 1.441109980360989e-7
3063 1.441109980360989e-7
3064 1.441109980360989e-7
3065 1.441109980360989e-7
3066 1.441109980360989e-7
3067 1.441109980360989e-7
3068 1.441109980360989e-7
3069 1.441109980360989e-7
3070 1.441109980360989e-7
3071 1.441109980360989e-7
3072 1.441109980360989e-7
3073 1.441109980360989e-7
3074 1.441109980360989e-7
3075 1.441109980360989e-7
3076 1.441109980360989e-7
3077 1.441109980360989e-7
3078 1.441109980360989e-7
3079 1.441109980360989e-7
3080 1.441109980360989e-7
3081 1.441109980360989e-7
3082 1.441109980360989e-7
3083 1.441109980360989e-7
3084 1.441109980360989e-7
3085 1.441109980360989e-7
3086 1.441109980360989e-7
3087 1.4439618528066072e-7
3088 1.4439618528066072e-7
3089 1.4439618528066072e-7
3090 1.4439618528066072e-7
3091 1.4439618528066072e-7
3092 1.4439618528066072e-7
3093 1.4439618528066072e-7
3094 1.4439618528066072e-7
3095 1.4439618528066072e-7
3096 1.4494252748704345e-7
3097 1.4494252748704345e-7
3098 1.4494252748704345e-7
3099 1.4494252748704345e-7
3100 1.4494252748704345e-7
3101 1.4494252748704345e-7
3102 1.4494252748704345e-7
3103 1.4494252748704345e-7
3104 1.4494252748704345e-7
3105 1.4494252748704345e-7
3106 1.4494252748704345e-7
3107 1.4494252748704345e-7
3108 1.4494252748704345e-7
3109 1.4494252748704345e-7
3110 1.4494252748704345e-7
3111 1.4494252748704345e-7
3112 1.4494252748704345e-7
3113 1.4494252748704345e-7
3114 1.4494252748704345e-7
3115 1.454744506904908e-7
3116 1.454744506904908e-7
3117 1.454744506904908e-7
3118 1.454744506904908e-7
3119 1.454744506904908e-7
3120 1.454744506904908e-7
3121 1.454744506904908e-7
3122 1.454744506904908e-7
3123 1.454744506904908e-7
3124 1.454744506904908e-7
3125 1.454744506904908e-7
3126 1.454744506904908e-7
3127 1.454744506904908e-7
3128 1.4614255927419725e-7
3129 1.4614255927419725e-7
3130 1.4614255927419725e-7
3131 1.4665846034463544e-7
3132 1.4665846034463544e-7
3133 1.4665846034463544e-7
3134 1.4665846034463544e-7
3135 1.4665846034463544e-7
3136 1.4665846034463544e-7
3137 1.4665846034463544e-7
3138 1.4665846034463544e-7
3139 1.4665846034463544e-7
3140 1.4665846034463544e-7
3141 1.4691641026867265e-7
3142 1.4691641026867265e-7
3143 1.4724005002127449e-7
3144 1.4724005002127449e-7
3145 1.4724005002127449e-7
3146 1.4724005002127449e-7
3147 1.4724005002127449e-7
3148 1.4834234710266352e-7
3149 1.4834234710266352e-7
3150 1.4834234710266352e-7
3151 1.4834234710266352e-7
3152 1.4834234710266352e-7
3153 1.4834234710266352e-7
3154 1.4864676029565439e-7
3155 1.4864676029565439e-7
3156 1.4864676029565439e-7
3157 1.4864676029565439e-7
3158 1.4864676029565439e-7
3159 1.4864676029565439e-7
3160 1.4864676029565439e-7
3161 1.4864676029565439e-7
3162 1.4864676029565439e-7
3163 1.4864676029565439e-7
3164 1.4864676029565439e-7
3165 1.4864676029565439e-7
3166 1.4864676029565439e-7
3167 1.4864676029565439e-7
3168 1.4864676029565439e-7
3169 1.4864676029565439e-7
3170 1.4864676029565439e-7
3171 1.4864676029565439e-7
3172 1.4864676029565439e-7
3173 1.4864676029565439e-7
3174 1.4864676029565439e-7
3175 1.4864676029565439e-7
3176 1.4864676029565439e-7
3177 1.4864676029565439e-7
3178 1.4864676029565439e-7
3179 1.4864676029565439e-7
3180 1.4864676029565439e-7
3181 1.4864676029565439e-7
3182 1.4864676029565439e-7
3183 1.4945746189045987e-7
3184 1.4945746189045987e-7
3185 1.4945746189045987e-7
3186 1.4945746189045987e-7
3187 1.4945746189045987e-7
3188 1.4945746189045987e-7
3189 1.4945746189045987e-7
3190 1.4945746189045987e-7
3191 1.4945746189045987e-7
3192 1.4945746189045987e-7
3193 1.4945746189045987e-7
3194 1.4945746189045987e-7
3195 1.4945746189045987e-7
3196 1.4945746189045987e-7
3197 1.4945746189045987e-7
3198 1.4945746189045987e-7
3199 1.4945746189045987e-7
3200 1.4945746189045987e-7
3201 1.4945746189045987e-7
3202 1.4945746189045987e-7
3203 1.4945746189045987e-7
3204 1.4945746189045987e-7
3205 1.4945746189045987e-7
3206 1.4945746189045987e-7
3207 1.4945746189045987e-7
3208 1.4945746189045987e-7
3209 1.4945746189045987e-7
3210 1.4945746189045987e-7
3211 1.4945746189045987e-7
3212 1.4945746189045987e-7
3213 1.4945746189045987e-7
3214 1.4945746189045987e-7
3215 1.4945746189045987e-7
3216 1.4945746189045987e-7
3217 1.4945746189045987e-7
3218 1.4945746189045987e-7
3219 1.4945746189045987e-7
3220 1.4945746189045987e-7
3221 1.4945746189045987e-7
3222 1.4945746189045987e-7
3223 1.4945746189045987e-7
3224 1.4945746189045987e-7
3225 1.4945746189045987e-7
3226 1.4945746189045987e-7
3227 1.4945746189045987e-7
3228 1.4945746189045987e-7
3229 1.4945746189045987e-7
3230 1.4945746189045987e-7
3231 1.4945746189045987e-7
3232 1.4945746189045987e-7
3233 1.4945746189045987e-7
3234 1.4945746189045987e-7
3235 1.4945746189045987e-7
3236 1.4945746189045987e-7
3237 1.4945746189045987e-7
3238 1.4945746189045987e-7
3239 1.4945746189045987e-7
3240 1.4945746189045987e-7
3241 1.4945746189045987e-7
3242 1.4945746189045987e-7
3243 1.4945746189045987e-7
3244 1.4945746189045987e-7
3245 1.4945746189045987e-7
3246 1.4945746189045987e-7
3247 1.4945746189045987e-7
3248 1.4945746189045987e-7
3249 1.4945746189045987e-7
3250 1.4945746189045987e-7
3251 1.4945746189045987e-7
3252 1.4945746189045987e-7
3253 1.4945746189045987e-7
3254 1.4962408840666353e-7
3255 1.4962408840666353e-7
3256 1.4962408840666353e-7
3257 1.4962408840666353e-7
3258 1.4962408840666353e-7
3259 1.4962408840666353e-7
3260 1.4962408840666353e-7
3261 1.4962408840666353e-7
3262 1.4962408840666353e-7
3263 1.4962408840666353e-7
3264 1.4962408840666353e-7
3265 1.4962408840666353e-7
3266 1.4962408840666353e-7
3267 1.4962408840666353e-7
3268 1.4962408840666353e-7
3269 1.4962408840666353e-7
3270 1.4962408840666353e-7
3271 1.4962408840666353e-7
3272 1.4962408840666353e-7
3273 1.4962408840666353e-7
3274 1.4962408840666353e-7
3275 1.4962408840666353e-7
3276 1.4982916681972532e-7
3277 1.4982916681972532e-7
3278 1.4982916681972532e-7
3279 1.4982916681972532e-7
3280 1.4982916681972532e-7
3281 1.50377110933818e-7
3282 1.50377110933818e-7
3283 1.50377110933818e-7
3284 1.5097151892804623e-7
3285 1.5097151892804623e-7
3286 1.5097151892804623e-7
3287 1.5097151892804623e-7
3288 1.5097151892804623e-7
3289 1.5097151892804623e-7
3290 1.5097151892804623e-7
3291 1.5097151892804623e-7
3292 1.5097151892804623e-7
3293 1.5097151892804623e-7
3294 1.5097151892804623e-7
3295 1.5097151892804623e-7
3296 1.5097151892804623e-7
3297 1.5097151892804623e-7
3298 1.5097151892804623e-7
3299 1.5097151892804623e-7
3300 1.5097151892804623e-7
3301 1.5097151892804623e-7
3302 1.5097151892804623e-7
3303 1.5097151892804623e-7
3304 1.5097151892804623e-7
3305 1.5097151892804623e-7
3306 1.5097151892804623e-7
3307 1.5097151892804623e-7
3308 1.5097151892804623e-7
3309 1.5097151892804623e-7
3310 1.5097151892804623e-7
3311 1.5097151892804623e-7
3312 1.5097151892804623e-7
3313 1.5097151892804623e-7
3314 1.5097151892804623e-7
3315 1.5097151892804623e-7
3316 1.5097151892804623e-7
3317 1.5097151892804623e-7
3318 1.5097151892804623e-7
3319 1.5097151892804623e-7
3320 1.5097151892804623e-7
3321 1.5097151892804623e-7
3322 1.5097151892804623e-7
3323 1.5097151892804623e-7
3324 1.5097151892804623e-7
3325 1.5097151892804623e-7
3326 1.5097151892804623e-7
3327 1.5153708647167616e-7
3328 1.5153708647167616e-7
3329 1.5153708647167616e-7
3330 1.521058590530898e-7
3331 1.521058590530898e-7
3332 1.5301910046560805e-7
3333 1.5301910046560805e-7
3334 1.5301910046560805e-7
3335 1.5301910046560805e-7
3336 1.5301910046560805e-7
3337 1.5301910046560805e-7
3338 1.5365516478329625e-7
3339 1.5365516478329625e-7
3340 1.5365516478329625e-7
3341 1.5365516478329625e-7
3342 1.5365516478329625e-7
3343 1.5365516478329625e-7
3344 1.5365516478329625e-7
3345 1.5365516478329625e-7
3346 1.5365516478329625e-7
3347 1.5365516478329625e-7
3348 1.5365516478329625e-7
3349 1.5365516478329625e-7
3350 1.538618457152499e-7
3351 1.538618457152499e-7
3352 1.538618457152499e-7
3353 1.538618457152499e-7
3354 1.538618457152499e-7
3355 1.538618457152499e-7
3356 1.538618457152499e-7
3357 1.538618457152499e-7
3358 1.538618457152499e-7
3359 1.538618457152499e-7
3360 1.5402366589714175e-7
3361 1.5402366589714175e-7
3362 1.5402366589714175e-7
3363 1.5418388294895988e-7
3364 1.5418388294895988e-7
3365 1.5418388294895988e-7
3366 1.5418388294895988e-7
3367 1.5418388294895988e-7
3368 1.5418388294895988e-7
3369 1.5418388294895988e-7
3370 1.5471900996782715e-7
3371 1.5471900996782715e-7
3372 1.5471900996782715e-7
3373 1.5471900996782715e-7
3374 1.5471900996782715e-7
3375 1.5471900996782715e-7
3376 1.5509552184258627e-7
3377 1.5509552184258627e-7
3378 1.5509552184258627e-7
3379 1.5526855782317546e-7
3380 1.5728569822479274e-7
3381 1.5728569822479274e-7
3382 1.5728569822479274e-7
3383 1.5728569822479274e-7
3384 1.5728569822479274e-7
3385 1.5728569822479274e-7
3386 1.5728569822479274e-7
3387 1.5728569822479274e-7
3388 1.5728569822479274e-7
3389 1.5728569822479274e-7
3390 1.5728569822479274e-7
3391 1.5728569822479274e-7
3392 1.5728569822479274e-7
3393 1.5728569822479274e-7
3394 1.5728569822479274e-7
3395 1.5728569822479274e-7
3396 1.5728569822479274e-7
3397 1.5728569822479274e-7
3398 1.5728569822479274e-7
3399 1.5728569822479274e-7
3400 1.5728569822479274e-7
3401 1.5728569822479274e-7
3402 1.5728569822479274e-7
3403 1.5809639920841633e-7
3404 1.5809639920841633e-7
3405 1.5809639920841633e-7
3406 1.5809639920841633e-7
3407 1.5809639920841633e-7
3408 1.5809639920841633e-7
3409 1.5809639920841633e-7
3410 1.5809639920841633e-7
3411 1.5809639920841633e-7
3412 1.5809639920841633e-7
3413 1.5809639920841633e-7
3414 1.5809639920841633e-7
3415 1.5809639920841633e-7
3416 1.5809639920841633e-7
3417 1.5809639920841633e-7
3418 1.5809639920841633e-7
3419 1.5809639920841633e-7
3420 1.5809639920841633e-7
3421 1.5809639920841633e-7
3422 1.5809639920841633e-7
3423 1.5809639920841633e-7
3424 1.5809639920841633e-7
3425 1.5809639920841633e-7
3426 1.5809639920841633e-7
3427 1.5809639920841633e-7
3428 1.5809639920841633e-7
3429 1.5809639920841633e-7
3430 1.5809639920841633e-7
3431 1.5809639920841633e-7
3432 1.5809639920841633e-7
3433 1.5809639920841633e-7
3434 1.5809639920841633e-7
3435 1.5809639920841633e-7
3436 1.5809639920841633e-7
3437 1.5809639920841633e-7
3438 1.5809639920841633e-7
3439 1.5809639920841633e-7
3440 1.5809639920841633e-7
3441 1.5809639920841633e-7
3442 1.5809639920841633e-7
3443 1.5809639920841633e-7
3444 1.5809639920841633e-7
3445 1.5809639920841633e-7
3446 1.5809639920841633e-7
3447 1.5809639920841633e-7
3448 1.5886224005316e-7
3449 1.5886224005316e-7
3450 1.5886224005316e-7
3451 1.5886224005316e-7
3452 1.5886224005316e-7
3453 1.5886224005316e-7
3454 1.5886224005316e-7
3455 1.5886224005316e-7
3456 1.5886224005316e-7
3457 1.5886224005316e-7
3458 1.5923074055582364e-7
3459 1.5923074055582364e-7
3460 1.5923074055582364e-7
3461 1.5923074055582364e-7
3462 1.5923074055582364e-7
3463 1.5923074055582364e-7
3464 1.5923074055582364e-7
3465 1.5923074055582364e-7
3466 1.5923074055582364e-7
3467 1.5923074055582364e-7
3468 1.5923074055582364e-7
3469 1.5923074055582364e-7
3470 1.5923074055582364e-7
3471 1.5923074055582364e-7
3472 1.5923074055582364e-7
3473 1.5923074055582364e-7
3474 1.5923074055582364e-7
3475 1.5923074055582364e-7
3476 1.5923074055582364e-7
3477 1.5974023338424008e-7
3478 1.5974023338424008e-7
3479 1.5974023338424008e-7
3480 1.5974023338424008e-7
3481 1.5974023338424008e-7
3482 1.5974023338424008e-7
3483 1.5974023338424008e-7
3484 1.5974023338424008e-7
3485 1.5974023338424008e-7
3486 1.5974023338424008e-7
3487 1.5974023338424008e-7
3488 1.5974023338424008e-7
3489 1.6017282058539458e-7
3490 1.6017282058539458e-7
3491 1.6017282058539458e-7
3492 1.6017282058539458e-7
3493 1.6017282058539458e-7
3494 1.6017282058539458e-7
3495 1.6017282058539458e-7
3496 1.6017282058539458e-7
3497 1.6104120002548728e-7
3498 1.6104120002548728e-7
3499 1.6104120002548728e-7
3500 1.6104120002548728e-7
3501 1.6104120002548728e-7
3502 1.6104120002548728e-7
3503 1.6104120002548728e-7
3504 1.6104120002548728e-7
3505 1.6182466429976817e-7
3506 1.6182466429976817e-7
3507 1.6182466429976817e-7
3508 1.6182466429976817e-7
3509 1.6182466429976817e-7
3510 1.6182466429976817e-7
3511 1.6182466429976817e-7
3512 1.6182466429976817e-7
3513 1.6182466429976817e-7
3514 1.6182466429976817e-7
3515 1.6182466429976817e-7
3516 1.6182466429976817e-7
3517 1.6182466429976817e-7
3518 1.6182466429976817e-7
3519 1.6182466429976817e-7
3520 1.6182466429976817e-7
3521 1.6182466429976817e-7
3522 1.6182466429976817e-7
3523 1.6231973690288544e-7
3524 1.6231973690288544e-7
3525 1.6231973690288544e-7
3526 1.6231973690288544e-7
3527 1.6303911508985733e-7
3528 1.6303911508985733e-7
3529 1.6303911508985733e-7
3530 1.6303911508985733e-7
3531 1.6303911508985733e-7
3532 1.6303911508985733e-7
3533 1.6303911508985733e-7
3534 1.6303911508985733e-7
3535 1.6303911508985733e-7
3536 1.6303911508985733e-7
3537 1.6303911508985733e-7
3538 1.6303911508985733e-7
3539 1.6303911508985733e-7
3540 1.6303911508985733e-7
3541 1.6303911508985733e-7
3542 1.6303911508985733e-7
3543 1.6303911508985733e-7
3544 1.6303911508985733e-7
3545 1.6303911508985733e-7
3546 1.6303911508985733e-7
3547 1.6303911508985733e-7
3548 1.6303911508985733e-7
3549 1.6303911508985733e-7
3550 1.6303911508985733e-7
3551 1.6303911508985733e-7
3552 1.6303911508985733e-7
3553 1.6319612771507362e-7
3554 1.6319612771507362e-7
3555 1.6319612771507362e-7
3556 1.6319612771507362e-7
3557 1.6319612771507362e-7
3558 1.6319612771507362e-7
3559 1.6394594642680817e-7
3560 1.6394594642680817e-7
3561 1.6394594642680817e-7
3562 1.6394594642680817e-7
3563 1.6394594642680817e-7
3564 1.6394594642680817e-7
3565 1.6394594642680817e-7
3566 1.6394594642680817e-7
3567 1.6394594642680817e-7
3568 1.6394594642680817e-7
3569 1.6394594642680817e-7
3570 1.6394594642680817e-7
3571 1.6442660002699004e-7
3572 1.6442660002699004e-7
3573 1.6442660002699004e-7
3574 1.6442660002699004e-7
3575 1.6442660002699004e-7
3576 1.6442660002699004e-7
3577 1.6442660002699004e-7
3578 1.6442660002699004e-7
3579 1.6442660002699004e-7
3580 1.6442660002699004e-7
3581 1.6442660002699004e-7
3582 1.6442660002699004e-7
3583 1.6442660002699004e-7
3584 1.6442660002699004e-7
3585 1.6480471380945914e-7
3586 1.6480471380945914e-7
3587 1.6480471380945914e-7
3588 1.6480471380945914e-7
3589 1.6480471380945914e-7
3590 1.6480471380945914e-7
3591 1.6480471380945914e-7
3592 1.6557536098851461e-7
3593 1.6557536098851461e-7
3594 1.6557536098851461e-7
3595 1.6557536098851461e-7
3596 1.6557536098851461e-7
3597 1.6557536098851461e-7
3598 1.6557536098851461e-7
3599 1.6557536098851461e-7
3600 1.6557536098851461e-7
3601 1.6557536098851461e-7
3602 1.6557536098851461e-7
3603 1.6557536098851461e-7
3604 1.6557536098851461e-7
3605 1.6557536098851461e-7
3606 1.6557536098851461e-7
3607 1.6557536098851461e-7
3608 1.6557536098851461e-7
3609 1.6557536098851461e-7
3610 1.6557536098851461e-7
3611 1.6557536098851461e-7
3612 1.6557536098851461e-7
3613 1.6557536098851461e-7
3614 1.6584933304556096e-7
3615 1.6584933304556096e-7
3616 1.6584933304556096e-7
3617 1.6584933304556096e-7
3618 1.6584933304556096e-7
3619 1.671406882405483e-7
3620 1.671406882405483e-7
3621 1.671406882405483e-7
3622 1.671406882405483e-7
3623 1.671406882405483e-7
3624 1.671406882405483e-7
3625 1.671406882405483e-7
3626 1.671406882405483e-7
3627 1.671406882405483e-7
3628 1.671406882405483e-7
3629 1.671406882405483e-7
3630 1.671406882405483e-7
3631 1.671406882405483e-7
3632 1.671406882405483e-7
3633 1.671406882405483e-7
3634 1.671406882405483e-7
3635 1.671406882405483e-7
3636 1.671406882405483e-7
3637 1.671406882405483e-7
3638 1.671406882405483e-7
3639 1.671406882405483e-7
3640 1.671406882405483e-7
3641 1.671406882405483e-7
3642 1.671406882405483e-7
3643 1.671406882405483e-7
3644 1.671406882405483e-7
3645 1.671406882405483e-7
3646 1.671406882405483e-7
3647 1.671406882405483e-7
3648 1.671406882405483e-7
3649 1.671406882405483e-7
3650 1.671406882405483e-7
3651 1.671406882405483e-7
3652 1.671406882405483e-7
3653 1.671406882405483e-7
3654 1.671406882405483e-7
3655 1.671406882405483e-7
3656 1.671406882405483e-7
3657 1.671406882405483e-7
3658 1.671406882405483e-7
3659 1.671406882405483e-7
3660 1.671406882405483e-7
3661 1.671406882405483e-7
3662 1.671406882405483e-7
3663 1.671406882405483e-7
3664 1.671406882405483e-7
3665 1.671406882405483e-7
3666 1.671406882405483e-7
3667 1.671406882405483e-7
3668 1.671406882405483e-7
3669 1.671406882405483e-7
3670 1.671406882405483e-7
3671 1.671406882405483e-7
3672 1.671406882405483e-7
3673 1.671406882405483e-7
3674 1.671406882405483e-7
3675 1.671406882405483e-7
3676 1.671406882405483e-7
3677 1.671406882405483e-7
3678 1.671406882405483e-7
3679 1.671406882405483e-7
3680 1.671406882405483e-7
3681 1.671406882405483e-7
3682 1.671406882405483e-7
3683 1.671406882405483e-7
3684 1.671406882405483e-7
3685 1.671406882405483e-7
3686 1.671406882405483e-7
3687 1.671406882405483e-7
3688 1.671406882405483e-7
3689 1.671406882405483e-7
3690 1.671406882405483e-7
3691 1.671406882405483e-7
3692 1.671406882405483e-7
3693 1.671406882405483e-7
3694 1.671406882405483e-7
3695 1.671406882405483e-7
3696 1.671406882405483e-7
3697 1.671406882405483e-7
3698 1.671406882405483e-7
3699 1.672400224092955e-7
3700 1.6775752599862557e-7
3701 1.6775752599862557e-7
3702 1.6775752599862557e-7
3703 1.6775752599862557e-7
3704 1.6775752599862557e-7
3705 1.6775752599862557e-7
3706 1.6775752599862557e-7
3707 1.6775752599862557e-7
3708 1.6775752599862557e-7
3709 1.6775752599862557e-7
3710 1.6775752599862557e-7
3711 1.6775752599862557e-7
3712 1.6775752599862557e-7
3713 1.6775752599862557e-7
3714 1.6775752599862557e-7
3715 1.6775752599862557e-7
3716 1.6775752599862557e-7
3717 1.6775752599862557e-7
3718 1.6838237451761645e-7
3719 1.6838237451761645e-7
3720 1.6838237451761645e-7
3721 1.6838237451761645e-7
3722 1.6838237451761645e-7
3723 1.6838237451761645e-7
3724 1.6838237451761645e-7
3725 1.688021452347274e-7
3726 1.688021452347274e-7
3727 1.688021452347274e-7
3728 1.6959682469652375e-7
3729 1.6959682469652375e-7
3730 1.6959682469652375e-7
3731 1.7009830554166279e-7
3732 1.7009830554166279e-7
3733 1.7009830554166279e-7
3734 1.7009830554166279e-7
3735 1.7009830554166279e-7
3736 1.7051807564759187e-7
3737 1.7051807564759187e-7
3738 1.7051807564759187e-7
3739 1.7051807564759187e-7
3740 1.7163158791649637e-7
3741 1.7163158791649637e-7
3742 1.7163158791649637e-7
3743 1.7163158791649637e-7
3744 1.7163158791649637e-7
3745 1.7163158791649637e-7
3746 1.7163158791649637e-7
3747 1.7163158791649637e-7
3748 1.7163158791649637e-7
3749 1.7163158791649637e-7
3750 1.718606992234809e-7
3751 1.718606992234809e-7
3752 1.718606992234809e-7
3753 1.718606992234809e-7
3754 1.718606992234809e-7
3755 1.7245350530999918e-7
3756 1.7245350530999918e-7
3757 1.7245350530999918e-7
3758 1.7245350530999918e-7
3759 1.7245350530999918e-7
3760 1.7245350530999918e-7
3761 1.7245350530999918e-7
3762 1.7245350530999918e-7
3763 1.7245350530999918e-7
3764 1.7245350530999918e-7
3765 1.7245350530999918e-7
3766 1.7245350530999918e-7
3767 1.7245350530999918e-7
3768 1.7245350530999918e-7
3769 1.7245350530999918e-7
3770 1.7245350530999918e-7
3771 1.7245350530999918e-7
3772 1.7245350530999918e-7
3773 1.7245350530999918e-7
3774 1.7245350530999918e-7
3775 1.7245350530999918e-7
3776 1.7245350530999918e-7
3777 1.7245350530999918e-7
3778 1.7245350530999918e-7
3779 1.7245350530999918e-7
3780 1.7245350530999918e-7
3781 1.7245350530999918e-7
3782 1.7245350530999918e-7
3783 1.7245350530999918e-7
3784 1.7245350530999918e-7
3785 1.7245350530999918e-7
3786 1.7245350530999918e-7
3787 1.7245350530999918e-7
3788 1.7260891663868737e-7
3789 1.7260891663868737e-7
3790 1.7260891663868737e-7
3791 1.7260891663868737e-7
3792 1.7260891663868737e-7
3793 1.7260891663868737e-7
3794 1.7260891663868737e-7
3795 1.7260891663868737e-7
3796 1.7260891663868737e-7
3797 1.7260891663868737e-7
3798 1.7260891663868737e-7
3799 1.7260891663868737e-7
3800 1.7260891663868737e-7
3801 1.7260891663868737e-7
3802 1.7260891663868737e-7
3803 1.7260891663868737e-7
3804 1.7260891663868737e-7
3805 1.7260891663868737e-7
3806 1.7260891663868737e-7
3807 1.7260891663868737e-7
3808 1.7260891663868737e-7
3809 1.7260891663868737e-7
3810 1.7260891663868737e-7
3811 1.7260891663868737e-7
3812 1.7260891663868737e-7
3813 1.7260891663868737e-7
3814 1.7260891663868737e-7
3815 1.7260891663868737e-7
3816 1.7285725450528289e-7
3817 1.7285725450528289e-7
3818 1.7285725450528289e-7
3819 1.7285725450528289e-7
3820 1.7285725450528289e-7
3821 1.7285725450528289e-7
3822 1.7285725450528289e-7
3823 1.7285725450528289e-7
3824 1.7285725450528289e-7
3825 1.7285725450528289e-7
3826 1.7285725450528289e-7
3827 1.7405247812457924e-7
3828 1.7405247812457924e-7
3829 1.7405247812457924e-7
3830 1.7405247812457924e-7
3831 1.7405247812457924e-7
3832 1.7405247812457924e-7
3833 1.7405247812457924e-7
3834 1.7405247812457924e-7
3835 1.7405247812457924e-7
3836 1.7428158943156378e-7
3837 1.7428158943156378e-7
3838 1.7428158943156378e-7
3839 1.7428158943156378e-7
3840 1.7488721322448933e-7
3841 1.7488721322448933e-7
3842 1.7488721322448933e-7
3843 1.754992446482548e-7
3844 1.754992446482548e-7
3845 1.754992446482548e-7
3846 1.754992446482548e-7
3847 1.754992446482548e-7
3848 1.754992446482548e-7
3849 1.754992446482548e-7
3850 1.760247583873166e-7
3851 1.7720075544700198e-7
3852 1.7720075544700198e-7
3853 1.7720075544700198e-7
3854 1.7720075544700198e-7
3855 1.7720075544700198e-7
3856 1.7720075544700198e-7
3857 1.7720075544700198e-7
3858 1.7720075544700198e-7
3859 1.7720075544700198e-7
3860 1.7720075544700198e-7
3861 1.7720075544700198e-7
3862 1.7720075544700198e-7
3863 1.7720075544700198e-7
3864 1.7720075544700198e-7
3865 1.7720075544700198e-7
3866 1.7720075544700198e-7
3867 1.7720075544700198e-7
3868 1.7766538691417473e-7
3869 1.7766538691417473e-7
3870 1.7766538691417473e-7
3871 1.7766538691417473e-7
3872 1.7766538691417473e-7
3873 1.7766538691417473e-7
3874 1.7766538691417473e-7
3875 1.7766538691417473e-7
3876 1.7766538691417473e-7
3877 1.7766538691417473e-7
3878 1.7766538691417473e-7
3879 1.7766538691417473e-7
3880 1.7766538691417473e-7
3881 1.7766538691417473e-7
3882 1.7843443157433836e-7
3883 1.7843443157433836e-7
3884 1.7843443157433836e-7
3885 1.7843443157433836e-7
3886 1.7843443157433836e-7
3887 1.7843443157433836e-7
3888 1.7843443157433836e-7
3889 1.7843443157433836e-7
3890 1.7843443157433836e-7
3891 1.7843443157433836e-7
3892 1.7843443157433836e-7
3893 1.7843443157433836e-7
3894 1.7843443157433836e-7
3895 1.7843443157433836e-7
3896 1.7843443157433836e-7
3897 1.792996071990111e-7
3898 1.792996071990111e-7
3899 1.792996071990111e-7
3900 1.792996071990111e-7
3901 1.7964727984553568e-7
3902 1.7964727984553568e-7
3903 1.7964727984553568e-7
3904 1.7964727984553568e-7
3905 1.7964727984553568e-7
3906 1.7964727984553568e-7
3907 1.7964727984553568e-7
3908 1.7964727984553568e-7
3909 1.8018881571760662e-7
3910 1.8018881571760662e-7
3911 1.8018881571760662e-7
3912 1.8018881571760662e-7
3913 1.8018881571760662e-7
3914 1.8018881571760662e-7
3915 1.8018881571760662e-7
3916 1.8018881571760662e-7
3917 1.8018881571760662e-7
3918 1.8018881571760662e-7
3919 1.8018881571760662e-7
3920 1.8018881571760662e-7
3921 1.8018881571760662e-7
3922 1.8018881571760662e-7
3923 1.8018881571760662e-7
3924 1.8018881571760662e-7
3925 1.8018881571760662e-7
3926 1.8018881571760662e-7
3927 1.8018881571760662e-7
3928 1.8035063589949848e-7
3929 1.8035063589949848e-7
3930 1.8035063589949848e-7
3931 1.8035063589949848e-7
3932 1.8035063589949848e-7
3933 1.8035063589949848e-7
3934 1.8035063589949848e-7
3935 1.8035063589949848e-7
3936 1.8035063589949848e-7
3937 1.8035063589949848e-7
3938 1.8035063589949848e-7
3939 1.8035063589949848e-7
3940 1.8035063589949848e-7
3941 1.8035063589949848e-7
3942 1.8035063589949848e-7
3943 1.8035063589949848e-7
3944 1.805765427798812e-7
3945 1.805765427798812e-7
3946 1.805765427798812e-7
3947 1.805765427798812e-7
3948 1.805765427798812e-7
3949 1.805765427798812e-7
3950 1.805765427798812e-7
3951 1.805765427798812e-7
3952 1.805765427798812e-7
3953 1.805765427798812e-7
3954 1.805765427798812e-7
3955 1.805765427798812e-7
3956 1.805765427798812e-7
3957 1.805765427798812e-7
3958 1.805765427798812e-7
3959 1.805765427798812e-7
3960 1.805765427798812e-7
3961 1.805765427798812e-7
3962 1.805765427798812e-7
3963 1.805765427798812e-7
3964 1.805765427798812e-7
3965 1.805765427798812e-7
3966 1.805765427798812e-7
3967 1.805765427798812e-7
3968 1.805765427798812e-7
3969 1.805765427798812e-7
3970 1.805765427798812e-7
3971 1.805765427798812e-7
3972 1.805765427798812e-7
3973 1.805765427798812e-7
3974 1.805765427798812e-7
3975 1.805765427798812e-7
3976 1.805765427798812e-7
3977 1.805765427798812e-7
3978 1.805765427798812e-7
3979 1.805765427798812e-7
3980 1.805765427798812e-7
3981 1.805765427798812e-7
3982 1.805765427798812e-7
3983 1.805765427798812e-7
3984 1.805765427798812e-7
3985 1.805765427798812e-7
3986 1.805765427798812e-7
3987 1.805765427798812e-7
3988 1.805765427798812e-7
3989 1.805765427798812e-7
3990 1.805765427798812e-7
3991 1.805765427798812e-7
3992 1.805765427798812e-7
3993 1.805765427798812e-7
3994 1.805765427798812e-7
3995 1.805765427798812e-7
3996 1.805765427798812e-7
3997 1.805765427798812e-7
3998 1.805765427798812e-7
3999 1.805765427798812e-7
4000 1.805765427798812e-7
4001 1.805765427798812e-7
4002 1.805765427798812e-7
4003 1.805765427798812e-7
4004 1.805765427798812e-7
4005 1.805765427798812e-7
4006 1.805765427798812e-7
4007 1.805765427798812e-7
4008 1.805765427798812e-7
4009 1.805765427798812e-7
4010 1.805765427798812e-7
4011 1.8101073249992754e-7
4012 1.8101073249992754e-7
4013 1.8101073249992754e-7
4014 1.8101073249992754e-7
4015 1.8101073249992754e-7
4016 1.8101073249992754e-7
4017 1.8133437286371124e-7
4018 1.8133437286371124e-7
4019 1.8133437286371124e-7
4020 1.8133437286371124e-7
4021 1.8152983860814944e-7
4022 1.8152983860814944e-7
4023 1.8152983860814944e-7
4024 1.8152983860814944e-7
4025 1.8152983860814944e-7
4026 1.8152983860814944e-7
4027 1.8152983860814944e-7
4028 1.8152983860814944e-7
4029 1.8152983860814944e-7
4030 1.8152983860814944e-7
4031 1.8152983860814944e-7
4032 1.8152983860814944e-7
4033 1.8152983860814944e-7
4034 1.8152983860814944e-7
4035 1.8152983860814944e-7
4036 1.8152983860814944e-7
4037 1.8152983860814944e-7
4038 1.8152983860814944e-7
4039 1.8152983860814944e-7
4040 1.8152983860814944e-7
4041 1.8152983860814944e-7
4042 1.8152983860814944e-7
4043 1.8152983860814944e-7
4044 1.8152983860814944e-7
4045 1.8152983860814944e-7
4046 1.8186469293708485e-7
4047 1.8186469293708485e-7
4048 1.8186469293708485e-7
4049 1.8186469293708485e-7
4050 1.8186469293708485e-7
4051 1.8186469293708485e-7
4052 1.8186469293708485e-7
4053 1.8186469293708485e-7
4054 1.8186469293708485e-7
4055 1.8186469293708485e-7
4056 1.8186469293708485e-7
4057 1.8186469293708485e-7
4058 1.8186469293708485e-7
4059 1.8186469293708485e-7
4060 1.8186469293708485e-7
4061 1.8186469293708485e-7
4062 1.8186469293708485e-7
4063 1.8186469293708485e-7
4064 1.8186469293708485e-7
4065 1.8186469293708485e-7
4066 1.8186469293708485e-7
4067 1.8186469293708485e-7
4068 1.8186469293708485e-7
4069 1.8186469293708485e-7
4070 1.8186469293708485e-7
4071 1.8186469293708485e-7
4072 1.8186469293708485e-7
4073 1.8186469293708485e-7
4074 1.8186469293708485e-7
4075 1.8186469293708485e-7
4076 1.8186469293708485e-7
4077 1.8186469293708485e-7
4078 1.8186469293708485e-7
4079 1.8186469293708485e-7
4080 1.8186469293708485e-7
4081 1.8186469293708485e-7
4082 1.8186469293708485e-7
4083 1.8186469293708485e-7
4084 1.8186469293708485e-7
4085 1.8186469293708485e-7
4086 1.8186469293708485e-7
4087 1.8186469293708485e-7
4088 1.8186469293708485e-7
4089 1.826465546924739e-7
4090 1.826465546924739e-7
4091 1.826465546924739e-7
4092 1.826465546924739e-7
4093 1.826465546924739e-7
4094 1.826465546924739e-7
4095 1.826465546924739e-7
4096 1.826465546924739e-7
4097 1.8350211703734118e-7
4098 1.8350211703734118e-7
4099 1.8350211703734118e-7
4100 1.8350211703734118e-7
4101 1.8350211703734118e-7
4102 1.8350211703734118e-7
4103 1.8393630675738752e-7
4104 1.8393630675738752e-7
4105 1.8393630675738752e-7
4106 1.8393630675738752e-7
4107 1.8393630675738752e-7
4108 1.8393630675738752e-7
4109 1.8393630675738752e-7
4110 1.8393630675738752e-7
4111 1.8393630675738752e-7
4112 1.8393630675738752e-7
4113 1.8393630675738752e-7
4114 1.8393630675738752e-7
4115 1.8393630675738752e-7
4116 1.8393630675738752e-7
4117 1.8393630675738752e-7
4118 1.8393630675738752e-7
4119 1.8393630675738752e-7
4120 1.8393630675738752e-7
4121 1.8393630675738752e-7
4122 1.8393630675738752e-7
4123 1.8393630675738752e-7
4124 1.8393630675738752e-7
4125 1.8393630675738752e-7
4126 1.8420707438783204e-7
4127 1.8420707438783204e-7
4128 1.842663547520111e-7
4129 1.842663547520111e-7
4130 1.842663547520111e-7
4131 1.842663547520111e-7
4132 1.842663547520111e-7
4133 1.842663547520111e-7
4134 1.842663547520111e-7
4135 1.842663547520111e-7
4136 1.842663547520111e-7
4137 1.842663547520111e-7
4138 1.842663547520111e-7
4139 1.842663547520111e-7
4140 1.842663547520111e-7
4141 1.842663547520111e-7
4142 1.842663547520111e-7
4143 1.842663547520111e-7
4144 1.842663547520111e-7
4145 1.842663547520111e-7
4146 1.8462524197486925e-7
4147 1.8462524197486925e-7
4148 1.850065595727583e-7
4149 1.857723998063201e-7
4150 1.857723998063201e-7
4151 1.857723998063201e-7
4152 1.857723998063201e-7
4153 1.857723998063201e-7
4154 1.857723998063201e-7
4155 1.857723998063201e-7
4156 1.857723998063201e-7
4157 1.857723998063201e-7
4158 1.857723998063201e-7
4159 1.857723998063201e-7
4160 1.857723998063201e-7
4161 1.857723998063201e-7
4162 1.857723998063201e-7
4163 1.8643409892564102e-7
4164 1.8643409892564102e-7
4165 1.8643409892564102e-7
4166 1.8643409892564102e-7
4167 1.8643409892564102e-7
4168 1.8643409892564102e-7
4169 1.8643409892564102e-7
4170 1.8643409892564102e-7
4171 1.8643409892564102e-7
4172 1.8643409892564102e-7
4173 1.8727043532207922e-7
4174 1.8727043532207922e-7
4175 1.8727043532207922e-7
4176 1.8727043532207922e-7
4177 1.8727043532207922e-7
4178 1.8727043532207922e-7
4179 1.8727043532207922e-7
4180 1.8727043532207922e-7
4181 1.8727043532207922e-7
4182 1.8727043532207922e-7
4183 1.8727043532207922e-7
4184 1.8727043532207922e-7
4185 1.8727043532207922e-7
4186 1.8727043532207922e-7
4187 1.8727043532207922e-7
4188 1.8727043532207922e-7
4189 1.8727043532207922e-7
4190 1.8727043532207922e-7
4191 1.8727043532207922e-7
4192 1.8727043532207922e-7
4193 1.8727043532207922e-7
4194 1.8727043532207922e-7
4195 1.8727043532207922e-7
4196 1.877254535094465e-7
4197 1.877254535094465e-7
4198 1.877254535094465e-7
4199 1.877254535094465e-7
4200 1.877254535094465e-7
4201 1.877254535094465e-7
4202 1.877254535094465e-7
4203 1.877254535094465e-7
4204 1.877254535094465e-7
4205 1.877254535094465e-7
4206 1.877254535094465e-7
4207 1.877254535094465e-7
4208 1.877254535094465e-7
4209 1.877254535094465e-7
4210 1.8809715843871196e-7
4211 1.8809715843871196e-7
4212 1.8809715843871196e-7
4213 1.8809715843871196e-7
4214 1.8809715843871196e-7
4215 1.8809715843871196e-7
4216 1.8809715843871196e-7
4217 1.8809715843871196e-7
4218 1.8809715843871196e-7
4219 1.8837753996014384e-7
4220 1.8837753996014384e-7
4221 1.8837753996014384e-7
4222 1.8837753996014384e-7
4223 1.8837753996014384e-7
4224 1.8837753996014384e-7
4225 1.8837753996014384e-7
4226 1.8837753996014384e-7
4227 1.8837753996014384e-7
4228 1.8843842284321477e-7
4229 1.8843842284321477e-7
4230 1.8843842284321477e-7
4231 1.8843842284321477e-7
4232 1.8843842284321477e-7
4233 1.8843842284321477e-7
4234 1.8843842284321477e-7
4235 1.8843842284321477e-7
4236 1.8843842284321477e-7
4237 1.8843842284321477e-7
4238 1.8843842284321477e-7
4239 1.8843842284321477e-7
4240 1.8843842284321477e-7
4241 1.8843842284321477e-7
4242 1.8899598023711294e-7
4243 1.8970894834851744e-7
4244 1.8970894834851744e-7
4245 1.8970894834851744e-7
4246 1.8970894834851744e-7
4247 1.8970894834851744e-7
4248 1.9033059305208836e-7
4249 1.9033059305208836e-7
4250 1.9033059305208836e-7
4251 1.9033059305208836e-7
4252 1.9033059305208836e-7
4253 1.9033059305208836e-7
4254 1.9033059305208836e-7
4255 1.9033059305208836e-7
4256 1.9033059305208836e-7
4257 1.9033059305208836e-7
4258 1.9033059305208836e-7
4259 1.9033059305208836e-7
4260 1.9033059305208836e-7
4261 1.9033059305208836e-7
4262 1.9033059305208836e-7
4263 1.9033059305208836e-7
4264 1.912902965111965e-7
4265 1.912902965111965e-7
4266 1.912902965111965e-7
4267 1.912902965111965e-7
4268 1.912902965111965e-7
4269 1.9176614255470283e-7
4270 1.9176614255470283e-7
4271 1.9188951022855466e-7
4272 1.9188951022855466e-7
4273 1.9188951022855466e-7
4274 1.9188951022855466e-7
4275 1.9188951022855466e-7
4276 1.9188951022855466e-7
4277 1.9188951022855466e-7
4278 1.9188951022855466e-7
4279 1.9188951022855466e-7
4280 1.9237176573644651e-7
4281 1.9237176573644651e-7
4282 1.929549579319774e-7
4283 1.929549579319774e-7
4284 1.929549579319774e-7
4285 1.929549579319774e-7
4286 1.929549579319774e-7
4287 1.929549579319774e-7
4288 1.929549579319774e-7
4289 1.929549579319774e-7
4290 1.929549579319774e-7
4291 1.929549579319774e-7
4292 1.929549579319774e-7
4293 1.929549579319774e-7
4294 1.929549579319774e-7
4295 1.929549579319774e-7
4296 1.929549579319774e-7
4297 1.929549579319774e-7
4298 1.929549579319774e-7
4299 1.929549579319774e-7
4300 1.929549579319774e-7
4301 1.929549579319774e-7
4302 1.929549579319774e-7
4303 1.929549579319774e-7
4304 1.929549579319774e-7
4305 1.929549579319774e-7
4306 1.929549579319774e-7
4307 1.929549579319774e-7
4308 1.929549579319774e-7
4309 1.929549579319774e-7
4310 1.929549579319774e-7
4311 1.929549579319774e-7
4312 1.929549579319774e-7
4313 1.929549579319774e-7
4314 1.929549579319774e-7
4315 1.929549579319774e-7
4316 1.929549579319774e-7
4317 1.929549579319774e-7
4318 1.929549579319774e-7
4319 1.929549579319774e-7
4320 1.9368074374978922e-7
4321 1.9368074374978922e-7
4322 1.9368074374978922e-7
4323 1.9368074374978922e-7
4324 1.9368074374978922e-7
4325 1.9368074374978922e-7
4326 1.942142688609465e-7
4327 1.942142688609465e-7
4328 1.942142688609465e-7
4329 1.942142688609465e-7
4330 1.942142688609465e-7
4331 1.942142688609465e-7
4332 1.942142688609465e-7
4333 1.942142688609465e-7
4334 1.942142688609465e-7
4335 1.942142688609465e-7
4336 1.9444498207564103e-7
4337 1.9473177245027657e-7
4338 1.9473177245027657e-7
4339 1.9473177245027657e-7
4340 1.9473177245027657e-7
4341 1.9473177245027657e-7
4342 1.9473177245027657e-7
4343 1.9473177245027657e-7
4344 1.9473177245027657e-7
4345 1.9513872546098023e-7
4346 1.9513872546098023e-7
4347 1.9513872546098023e-7
4348 1.9513872546098023e-7
4349 1.9513872546098023e-7
4350 1.9513872546098023e-7
4351 1.9513872546098023e-7
4352 1.9513872546098023e-7
4353 1.9513872546098023e-7
4354 1.9513872546098023e-7
4355 1.9513872546098023e-7
4356 1.9581164037899848e-7
4357 1.9581164037899848e-7
4358 1.9581164037899848e-7
4359 1.9581164037899848e-7
4360 1.9581164037899848e-7
4361 1.9581164037899848e-7
4362 1.9581164037899848e-7
4363 1.9581164037899848e-7
4364 1.9581164037899848e-7
4365 1.9581164037899848e-7
4366 1.9581164037899848e-7
4367 1.9581164037899848e-7
4368 1.9581164037899848e-7
4369 1.9581164037899848e-7
4370 1.9581164037899848e-7
4371 1.9581164037899848e-7
4372 1.9581164037899848e-7
4373 1.9581164037899848e-7
4374 1.9581164037899848e-7
4375 1.9581164037899848e-7
4376 1.9581164037899848e-7
4377 1.9581164037899848e-7
4378 1.9581164037899848e-7
4379 1.9581164037899848e-7
4380 1.9581164037899848e-7
4381 1.9581164037899848e-7
4382 1.9581164037899848e-7
4383 1.9581164037899848e-7
4384 1.9581164037899848e-7
4385 1.9581164037899848e-7
4386 1.9581164037899848e-7
4387 1.9581164037899848e-7
4388 1.9621058201760664e-7
4389 1.9621058201760664e-7
4390 1.9621058201760664e-7
4391 1.9621058201760664e-7
4392 1.9621058201760664e-7
4393 1.9621058201760664e-7
4394 1.965999109875912e-7
4395 1.965999109875912e-7
4396 1.965999109875912e-7
4397 1.965999109875912e-7
4398 1.965999109875912e-7
4399 1.965999109875912e-7
4400 1.965999109875912e-7
4401 1.965999109875912e-7
4402 1.965999109875912e-7
4403 1.965999109875912e-7
4404 1.965999109875912e-7
4405 1.965999109875912e-7
4406 1.965999109875912e-7
4407 1.965999109875912e-7
4408 1.965999109875912e-7
4409 1.965999109875912e-7
4410 1.965999109875912e-7
4411 1.965999109875912e-7
4412 1.965999109875912e-7
4413 1.965999109875912e-7
4414 1.965999109875912e-7
4415 1.965999109875912e-7
4416 1.965999109875912e-7
4417 1.965999109875912e-7
4418 1.965999109875912e-7
4419 1.965999109875912e-7
4420 1.965999109875912e-7
4421 1.965999109875912e-7
4422 1.965999109875912e-7
4423 1.965999109875912e-7
4424 1.965999109875912e-7
4425 1.965999109875912e-7
4426 1.965999109875912e-7
4427 1.965999109875912e-7
4428 1.965999109875912e-7
4429 1.965999109875912e-7
4430 1.971029943516221e-7
4431 1.971029943516221e-7
4432 1.971029943516221e-7
4433 1.9742342906644023e-7
4434 1.9742342906644023e-7
4435 1.9742342906644023e-7
4436 1.9742342906644023e-7
4437 1.9742342906644023e-7
4438 1.9742342906644023e-7
4439 1.9742342906644023e-7
4440 1.9742342906644023e-7
4441 1.975804429140203e-7
4442 1.975804429140203e-7
4443 1.975804429140203e-7
4444 1.975804429140203e-7
4445 1.975804429140203e-7
4446 1.975804429140203e-7
4447 1.975804429140203e-7
4448 1.975804429140203e-7
4449 1.9839274641653576e-7
4450 1.9839274641653576e-7
4451 1.9839274641653576e-7
4452 1.9839274641653576e-7
4453 1.9839274641653576e-7
4454 1.9839274641653576e-7
4455 1.9839274641653576e-7
4456 1.9839274641653576e-7
4457 1.9839274641653576e-7
4458 1.9839274641653576e-7
4459 1.9839274641653576e-7
4460 1.9839274641653576e-7
4461 1.9839274641653576e-7
4462 1.9839274641653576e-7
4463 1.9839274641653576e-7
4464 1.9839274641653576e-7
4465 1.9839274641653576e-7
4466 1.9839274641653576e-7
4467 1.9839274641653576e-7
4468 1.9839274641653576e-7
4469 1.9839274641653576e-7
4470 1.986539007671748e-7
4471 1.9891986145212563e-7
4472 1.9891986145212563e-7
4473 1.9891986145212563e-7
4474 1.9891986145212563e-7
4475 1.9891986145212563e-7
4476 1.9891986145212563e-7
4477 1.9891986145212563e-7
4478 1.9891986145212563e-7
4479 1.9891986145212563e-7
4480 1.9891986145212563e-7
4481 1.9891986145212563e-7
4482 1.9891986145212563e-7
4483 1.9891986145212563e-7
4484 1.9891986145212563e-7
4485 1.9891986145212563e-7
4486 1.9891986145212563e-7
4487 1.9891986145212563e-7
4488 1.9891986145212563e-7
4489 1.9891986145212563e-7
4490 1.9891986145212563e-7
4491 1.9891986145212563e-7
4492 1.9971934785941565e-7
4493 1.9971934785941565e-7
4494 1.9971934785941565e-7
4495 1.9971934785941565e-7
4496 1.9971934785941565e-7
4497 1.9971934785941565e-7
4498 1.9971934785941565e-7
4499 1.9971934785941565e-7
4500 2.000205566258047e-7
4501 2.000205566258047e-7
4502 2.006341899572801e-7
4503 2.006341899572801e-7
4504 2.006341899572801e-7
4505 2.006341899572801e-7
4506 2.006341899572801e-7
4507 2.006341899572801e-7
4508 2.006341899572801e-7
4509 2.006341899572801e-7
4510 2.006341899572801e-7
4511 2.006341899572801e-7
4512 2.0084567722354554e-7
4513 2.0084567722354554e-7
4514 2.0084567722354554e-7
4515 2.0084567722354554e-7
4516 2.0130710426411646e-7
4517 2.0130710426411646e-7
4518 2.0130710426411646e-7
4519 2.0130710426411646e-7
4520 2.0130710426411646e-7
4521 2.0130710426411646e-7
4522 2.0130710426411646e-7
4523 2.0130710426411646e-7
4524 2.0130710426411646e-7
4525 2.0130710426411646e-7
4526 2.0130710426411646e-7
4527 2.0130710426411646e-7
4528 2.0171565918253008e-7
4529 2.0171565918253008e-7
4530 2.0171565918253008e-7
4531 2.0171565918253008e-7
4532 2.0171565918253008e-7
4533 2.0171565918253008e-7
4534 2.0171565918253008e-7
4535 2.0171565918253008e-7
4536 2.0171565918253008e-7
4537 2.0171565918253008e-7
4538 2.0171565918253008e-7
4539 2.0171565918253008e-7
4540 2.0171565918253008e-7
4541 2.0171565918253008e-7
4542 2.0235172411140017e-7
4543 2.0235172411140017e-7
4544 2.0235172411140017e-7
4545 2.0235172411140017e-7
4546 2.0235172411140017e-7
4547 2.0235172411140017e-7
4548 2.0235172411140017e-7
4549 2.0235172411140017e-7
4550 2.0235172411140017e-7
4551 2.0235172411140017e-7
4552 2.0235172411140017e-7
4553 2.0235172411140017e-7
4554 2.0235172411140017e-7
4555 2.0235172411140017e-7
4556 2.0235172411140017e-7
4557 2.0235172411140017e-7
4558 2.0235172411140017e-7
4559 2.0235172411140017e-7
4560 2.0235172411140017e-7
4561 2.0338673006769653e-7
4562 2.0338673006769653e-7
4563 2.0338673006769653e-7
4564 2.0338673006769653e-7
4565 2.0338673006769653e-7
4566 2.0338673006769653e-7
4567 2.0338673006769653e-7
4568 2.0338673006769653e-7
4569 2.039138463256502e-7
4570 2.039138463256502e-7
4571 2.039138463256502e-7
4572 2.045306846949093e-7
4573 2.045306846949093e-7
4574 2.045306846949093e-7
4575 2.045306846949093e-7
4576 2.050177459259311e-7
4577 2.050177459259311e-7
4578 2.050177459259311e-7
4579 2.050177459259311e-7
4580 2.050177459259311e-7
4581 2.050177459259311e-7
4582 2.050177459259311e-7
4583 2.050177459259311e-7
4584 2.050177459259311e-7
4585 2.050177459259311e-7
4586 2.050177459259311e-7
4587 2.050177459259311e-7
4588 2.050177459259311e-7
4589 2.054455267927738e-7
4590 2.054455267927738e-7
4591 2.0589573864582928e-7
4592 2.0589573864582928e-7
4593 2.0589573864582928e-7
4594 2.0589573864582928e-7
4595 2.0589573864582928e-7
4596 2.0589573864582928e-7
4597 2.0589573864582928e-7
4598 2.0589573864582928e-7
4599 2.0589573864582928e-7
4600 2.0589573864582928e-7
4601 2.0599988037125203e-7
4602 2.0599988037125203e-7
4603 2.0599988037125203e-7
4604 2.0599988037125203e-7
4605 2.0599988037125203e-7
4606 2.0599988037125203e-7
4607 2.0599988037125203e-7
4608 2.0599988037125203e-7
4609 2.0599988037125203e-7
4610 2.0599988037125203e-7
4611 2.0599988037125203e-7
4612 2.0599988037125203e-7
4613 2.0599988037125203e-7
4614 2.0599988037125203e-7
4615 2.0622418534392477e-7
4616 2.0622418534392477e-7
4617 2.0622418534392477e-7
4618 2.0661671812932926e-7
4619 2.0661671812932926e-7
4620 2.0661671812932926e-7
4621 2.0661671812932926e-7
4622 2.0661671812932926e-7
4623 2.0661671812932926e-7
4624 2.0661671812932926e-7
4625 2.0661671812932926e-7
4626 2.0661671812932926e-7
4627 2.0661671812932926e-7
4628 2.0695157306944654e-7
4629 2.0695157306944654e-7
4630 2.0695157306944654e-7
4631 2.0695157306944654e-7
4632 2.0695157306944654e-7
4633 2.0695157306944654e-7
4634 2.0695157306944654e-7
4635 2.0785840501757926e-7
4636 2.0785840501757926e-7
4637 2.0785840501757926e-7
4638 2.0785840501757926e-7
4639 2.0785840501757926e-7
4640 2.0785840501757926e-7
4641 2.0785840501757926e-7
4642 2.0785840501757926e-7
4643 2.0785840501757926e-7
4644 2.0785840501757926e-7
4645 2.0785840501757926e-7
4646 2.0785840501757926e-7
4647 2.0785840501757926e-7
4648 2.0785840501757926e-7
4649 2.0815801248744022e-7
4650 2.0815801248744022e-7
4651 2.0815801248744022e-7
4652 2.0815801248744022e-7
4653 2.0858098701997112e-7
4654 2.0858098701997112e-7
4655 2.0858098701997112e-7
4656 2.0858098701997112e-7
4657 2.0904561848714386e-7
4658 2.0904561848714386e-7
4659 2.0904561848714386e-7
4660 2.0904561848714386e-7
4661 2.0904561848714386e-7
4662 2.0904561848714386e-7
4663 2.0904561848714386e-7
4664 2.0904561848714386e-7
4665 2.0904561848714386e-7
4666 2.0904561848714386e-7
4667 2.0904561848714386e-7
4668 2.093868816692829e-7
4669 2.093868816692829e-7
4670 2.093868816692829e-7
4671 2.093868816692829e-7
4672 2.093868816692829e-7
4673 2.093868816692829e-7
4674 2.093868816692829e-7
4675 2.093868816692829e-7
4676 2.093868816692829e-7
4677 2.093868816692829e-7
4678 2.093868816692829e-7
4679 2.093868816692829e-7
4680 2.093868816692829e-7
4681 2.093868816692829e-7
4682 2.093868816692829e-7
4683 2.0956792779960383e-7
4684 2.0956792779960383e-7
4685 2.0956792779960383e-7
4686 2.0956792779960383e-7
4687 2.0956792779960383e-7
4688 2.0956792779960383e-7
4689 2.0956792779960383e-7
4690 2.0956792779960383e-7
4691 2.0956792779960383e-7
4692 2.0956792779960383e-7
4693 2.0956792779960383e-7
4694 2.0956792779960383e-7
4695 2.0956792779960383e-7
4696 2.0956792779960383e-7
4697 2.0956792779960383e-7
4698 2.0956792779960383e-7
4699 2.1057249323113753e-7
4700 2.1057249323113753e-7
4701 2.1057249323113753e-7
4702 2.1057249323113753e-7
4703 2.107567437880603e-7
4704 2.107567437880603e-7
4705 2.107567437880603e-7
4706 2.107567437880603e-7
4707 2.107567437880603e-7
4708 2.107567437880603e-7
4709 2.1089292916831944e-7
4710 2.1089292916831944e-7
4711 2.1089292916831944e-7
4712 2.1089292916831944e-7
4713 2.1089292916831944e-7
4714 2.1089292916831944e-7
4715 2.1089292916831944e-7
4716 2.1160910231750765e-7
4717 2.1160910231750765e-7
4718 2.1160910231750765e-7
4719 2.1160910231750765e-7
4720 2.1160910231750765e-7
4721 2.1160910231750765e-7
4722 2.1160910231750765e-7
4723 2.1160910231750765e-7
4724 2.1160910231750765e-7
4725 2.1160910231750765e-7
4726 2.1160910231750765e-7
4727 2.1160910231750765e-7
4728 2.1160910231750765e-7
4729 2.1160910231750765e-7
4730 2.1160910231750765e-7
4731 2.1160910231750765e-7
4732 2.1160910231750765e-7
4733 2.1160910231750765e-7
4734 2.1160910231750765e-7
4735 2.1160910231750765e-7
4736 2.1160910231750765e-7
4737 2.1160910231750765e-7
4738 2.1160910231750765e-7
4739 2.1160910231750765e-7
4740 2.1160910231750765e-7
4741 2.1160910231750765e-7
4742 2.1160910231750765e-7
4743 2.1160910231750765e-7
4744 2.1247588046107226e-7
4745 2.1247588046107226e-7
4746 2.1247588046107226e-7
4747 2.1303664228157226e-7
4748 2.1303664228157226e-7
4749 2.1303664228157226e-7
4750 2.1303664228157226e-7
4751 2.1303664228157226e-7
4752 2.1303664228157226e-7
4753 2.1303664228157226e-7
4754 2.1303664228157226e-7
4755 2.1303664228157226e-7
4756 2.1406363747695497e-7
4757 2.1406363747695497e-7
4758 2.1406363747695497e-7
4759 2.1462119487085314e-7
4760 2.1462119487085314e-7
4761 2.1462119487085314e-7
4762 2.1462119487085314e-7
4763 2.1462119487085314e-7
4764 2.1462119487085314e-7
4765 2.1462119487085314e-7
4766 2.1462119487085314e-7
4767 2.1462119487085314e-7
4768 2.1462119487085314e-7
4769 2.1462119487085314e-7
4770 2.1462119487085314e-7
4771 2.1462119487085314e-7
4772 2.1462119487085314e-7
4773 2.1505378268318953e-7
4774 2.1505378268318953e-7
4775 2.1505378268318953e-7
4776 2.1505378268318953e-7
4777 2.1505378268318953e-7
4778 2.1505378268318953e-7
4779 2.1505378268318953e-7
4780 2.1505378268318953e-7
4781 2.1505378268318953e-7
4782 2.1505378268318953e-7
4783 2.1505378268318953e-7
4784 2.1584846214498589e-7
4785 2.1584846214498589e-7
4786 2.1584846214498589e-7
4787 2.1584846214498589e-7
4788 2.1584846214498589e-7
4789 2.1584846214498589e-7
4790 2.1584846214498589e-7
4791 2.1584846214498589e-7
4792 2.1584846214498589e-7
4793 2.1584846214498589e-7
4794 2.1584846214498589e-7
4795 2.1584846214498589e-7
4796 2.1584846214498589e-7
4797 2.1584846214498589e-7
4798 2.1584846214498589e-7
4799 2.1584846214498589e-7
4800 2.1584846214498589e-7
4801 2.1584846214498589e-7
4802 2.1584846214498589e-7
4803 2.1584846214498589e-7
4804 2.1584846214498589e-7
4805 2.1584846214498589e-7
4806 2.1584846214498589e-7
4807 2.1584846214498589e-7
4808 2.1584846214498589e-7
4809 2.1584846214498589e-7
4810 2.1584846214498589e-7
4811 2.1584846214498589e-7
4812 2.1584846214498589e-7
4813 2.165021498922113e-7
4814 2.165021498922113e-7
4815 2.165021498922113e-7
4816 2.165021498922113e-7
4817 2.165021498922113e-7
4818 2.165021498922113e-7
4819 2.165021498922113e-7
4820 2.165021498922113e-7
4821 2.165021498922113e-7
4822 2.165021498922113e-7
4823 2.165021498922113e-7
4824 2.165021498922113e-7
4825 2.165021498922113e-7
4826 2.165021498922113e-7
4827 2.165021498922113e-7
4828 2.165021498922113e-7
4829 2.165021498922113e-7
4830 2.165021498922113e-7
4831 2.165021498922113e-7
4832 2.165021498922113e-7
4833 2.165021498922113e-7
4834 2.165021498922113e-7
4835 2.165021498922113e-7
4836 2.165021498922113e-7
4837 2.165021498922113e-7
4838 2.165021498922113e-7
4839 2.165021498922113e-7
4840 2.165021498922113e-7
4841 2.165021498922113e-7
4842 2.165021498922113e-7
4843 2.165021498922113e-7
4844 2.165021498922113e-7
4845 2.1706130980500134e-7
4846 2.1706130980500134e-7
4847 2.1706130980500134e-7
4848 2.1706130980500134e-7
4849 2.1706130980500134e-7
4850 2.1756919950334405e-7
4851 2.1756919950334405e-7
4852 2.1756919950334405e-7
4853 2.1756919950334405e-7
4854 2.1756919950334405e-7
4855 2.1756919950334405e-7
4856 2.1756919950334405e-7
4857 2.1756919950334405e-7
4858 2.1756919950334405e-7
4859 2.1756919950334405e-7
4860 2.1756919950334405e-7
4861 2.1756919950334405e-7
4862 2.1756919950334405e-7
4863 2.1756919950334405e-7
4864 2.1756919950334405e-7
4865 2.1756919950334405e-7
4866 2.1756919950334405e-7
4867 2.1756919950334405e-7
4868 2.1756919950334405e-7
4869 2.1756919950334405e-7
4870 2.1756919950334405e-7
4871 2.1756919950334405e-7
4872 2.1756919950334405e-7
4873 2.1756919950334405e-7
4874 2.1756919950334405e-7
4875 2.1756919950334405e-7
4876 2.1756919950334405e-7
4877 2.1756919950334405e-7
4878 2.1756919950334405e-7
4879 2.1756919950334405e-7
4880 2.1804184173143041e-7
4881 2.1804184173143041e-7
4882 2.1804184173143041e-7
4883 2.1804184173143041e-7
4884 2.1804184173143041e-7
4885 2.1806587462535316e-7
4886 2.1806587462535316e-7
4887 2.1806587462535316e-7
4888 2.1806587462535316e-7
4889 2.1806587462535316e-7
4890 2.1806587462535316e-7
4891 2.1806587462535316e-7
4892 2.1806587462535316e-7
4893 2.1806587462535316e-7
4894 2.1806587462535316e-7
4895 2.1806587462535316e-7
4896 2.1806587462535316e-7
4897 2.1806587462535316e-7
4898 2.1842476245939317e-7
4899 2.1842476245939317e-7
4900 2.1842476245939317e-7
4901 2.1842476245939317e-7
4902 2.1842476245939317e-7
4903 2.189614919971523e-7
4904 2.189614919971523e-7
4905 2.189614919971523e-7
4906 2.189614919971523e-7
4907 2.189614919971523e-7
4908 2.189614919971523e-7
4909 2.1904640716296412e-7
4910 2.1904640716296412e-7
4911 2.1904640716296412e-7
4912 2.197802043528714e-7
4913 2.197802043528714e-7
4914 2.197802043528714e-7
4915 2.197802043528714e-7
4916 2.197802043528714e-7
4917 2.197802043528714e-7
4918 2.197802043528714e-7
4919 2.197802043528714e-7
4920 2.197802043528714e-7
4921 2.197802043528714e-7
4922 2.197802043528714e-7
4923 2.197802043528714e-7
4924 2.2141122021110597e-7
4925 2.2141122021110597e-7
4926 2.219847991268314e-7
4927 2.219847991268314e-7
4928 2.219847991268314e-7
4929 2.219847991268314e-7
4930 2.219847991268314e-7
4931 2.219847991268314e-7
4932 2.219847991268314e-7
4933 2.223356761999578e-7
4934 2.223356761999578e-7
4935 2.2281953300437774e-7
4936 2.2281953300437774e-7
4937 2.2281953300437774e-7
4938 2.2281953300437774e-7
4939 2.2281953300437774e-7
4940 2.2281953300437774e-7
4941 2.2281953300437774e-7
4942 2.2281953300437774e-7
4943 2.2281953300437774e-7
4944 2.2281953300437774e-7
4945 2.2281953300437774e-7
4946 2.2281953300437774e-7
4947 2.2281953300437774e-7
4948 2.2330979866200134e-7
4949 2.2330979866200134e-7
4950 2.2379365546642128e-7
4951 2.2449701090920219e-7
4952 2.2449701090920219e-7
4953 2.2449701090920219e-7
4954 2.2449701090920219e-7
4955 2.2449701090920219e-7
4956 2.2449701090920219e-7
4957 2.2449701090920219e-7
4958 2.2512025752048308e-7
4959 2.2529329288989038e-7
4960 2.2529329288989038e-7
4961 2.2544549918079487e-7
4962 2.2544549918079487e-7
4963 2.2544549918079487e-7
4964 2.2544549918079487e-7
4965 2.2544549918079487e-7
4966 2.2601747618881033e-7
4967 2.2601747618881033e-7
4968 2.2601747618881033e-7
4969 2.2659105632689951e-7
4970 2.2659105632689951e-7
4971 2.2659105632689951e-7
4972 2.2659105632689951e-7
4973 2.2659105632689951e-7
4974 2.2724634720419866e-7
4975 2.2724634720419866e-7
4976 2.2724634720419866e-7
4977 2.2724634720419866e-7
4978 2.276981609649641e-7
4979 2.276981609649641e-7
4980 2.276981609649641e-7
4981 2.276981609649641e-7
4982 2.276981609649641e-7
4983 2.276981609649641e-7
4984 2.276981609649641e-7
4985 2.289446541875259e-7
4986 2.289446541875259e-7
4987 2.289446541875259e-7
4988 2.289446541875259e-7
4989 2.289446541875259e-7
4990 2.289446541875259e-7
4991 2.289446541875259e-7
4992 2.2977297982305049e-7
4993 2.2977297982305049e-7
4994 2.2977297982305049e-7
4995 2.2977297982305049e-7
4996 2.2977297982305049e-7
4997 2.2977297982305049e-7
4998 2.2977297982305049e-7
4999 2.2977297982305049e-7
5000 2.2977297982305049e-7
5001 2.2977297982305049e-7
5002 2.309201388768651e-7
5003 2.309201388768651e-7
5004 2.309201388768651e-7
5005 2.309201388768651e-7
5006 2.309201388768651e-7
5007 2.309201388768651e-7
5008 2.309201388768651e-7
5009 2.309201388768651e-7
5010 2.309201388768651e-7
5011 2.309201388768651e-7
5012 2.3105632425712425e-7
5013 2.3105632425712425e-7
5014 2.3105632425712425e-7
5015 2.3105632425712425e-7
5016 2.3105632425712425e-7
5017 2.3105632425712425e-7
5018 2.3105632425712425e-7
5019 2.3105632425712425e-7
5020 2.3105632425712425e-7
5021 2.3105632425712425e-7
5022 2.3105632425712425e-7
5023 2.3105632425712425e-7
5024 2.32041663129047e-7
5025 2.32041663129047e-7
5026 2.32041663129047e-7
5027 2.32041663129047e-7
5028 2.32041663129047e-7
5029 2.32041663129047e-7
5030 2.32041663129047e-7
5031 2.32041663129047e-7
5032 2.32041663129047e-7
5033 2.32041663129047e-7
5034 2.32041663129047e-7
5035 2.32041663129047e-7
5036 2.32041663129047e-7
5037 2.32041663129047e-7
5038 2.32041663129047e-7
5039 2.3328655444389883e-7
5040 2.3328655444389883e-7
5041 2.3328655444389883e-7
5042 2.3328655444389883e-7
5043 2.3328655444389883e-7
5044 2.3328655444389883e-7
5045 2.3328655444389883e-7
5046 2.3328655444389883e-7
5047 2.3391300487059968e-7
5048 2.3391300487059968e-7
5049 2.3391300487059968e-7
5050 2.3391300487059968e-7
5051 2.3391300487059968e-7
5052 2.3391300487059968e-7
5053 2.3391300487059968e-7
5054 2.3391300487059968e-7
5055 2.3420780539496695e-7
5056 2.3420780539496695e-7
5057 2.3420780539496695e-7
5058 2.3420780539496695e-7
5059 2.3420780539496695e-7
5060 2.3420780539496695e-7
5061 2.3420780539496695e-7
5062 2.3420780539496695e-7
5063 2.3420780539496695e-7
5064 2.3420780539496695e-7
5065 2.3420780539496695e-7
5066 2.3420780539496695e-7
5067 2.3420780539496695e-7
5068 2.3420780539496695e-7
5069 2.3420780539496695e-7
5070 2.3420780539496695e-7
5071 2.3420780539496695e-7
5072 2.347445337103623e-7
5073 2.347445337103623e-7
5074 2.347445337103623e-7
5075 2.347445337103623e-7
5076 2.347445337103623e-7
5077 2.347445337103623e-7
5078 2.347445337103623e-7
5079 2.3529087530556315e-7
5080 2.3529087530556315e-7
5081 2.3529087530556315e-7
5082 2.3529087530556315e-7
5083 2.3529087530556315e-7
5084 2.355776644578349e-7
5085 2.355776644578349e-7
5086 2.355776644578349e-7
5087 2.355776644578349e-7
5088 2.3581318400684122e-7
5089 2.3581318400684122e-7
5090 2.3581318400684122e-7
5091 2.3581318400684122e-7
5092 2.3581318400684122e-7
5093 2.3581318400684122e-7
5094 2.3581318400684122e-7
5095 2.3581318400684122e-7
5096 2.3581318400684122e-7
5097 2.3581318400684122e-7
5098 2.3581318400684122e-7
5099 2.3581318400684122e-7
5100 2.3581318400684122e-7
5101 2.3581318400684122e-7
5102 2.3581318400684122e-7
5103 2.3581318400684122e-7
5104 2.3581318400684122e-7
5105 2.3581318400684122e-7
5106 2.3581318400684122e-7
5107 2.3581318400684122e-7
5108 2.3581318400684122e-7
5109 2.3581318400684122e-7
5110 2.3581318400684122e-7
5111 2.3581318400684122e-7
5112 2.3581318400684122e-7
5113 2.3581318400684122e-7
5114 2.3581318400684122e-7
5115 2.3581318400684122e-7
5116 2.3581318400684122e-7
5117 2.3581318400684122e-7
5118 2.3581318400684122e-7
5119 2.3581318400684122e-7
5120 2.3581318400684122e-7
5121 2.3581318400684122e-7
5122 2.3581318400684122e-7
5123 2.3581318400684122e-7
5124 2.3581318400684122e-7
5125 2.3581318400684122e-7
5126 2.3581318400684122e-7
5127 2.3621212564544938e-7
5128 2.3621212564544938e-7
5129 2.3621212564544938e-7
5130 2.3621212564544938e-7
5131 2.3621212564544938e-7
5132 2.3621212564544938e-7
5133 2.3621212564544938e-7
5134 2.3621212564544938e-7
5135 2.3621212564544938e-7
5136 2.3621212564544938e-7
5137 2.369186855148321e-7
5138 2.369186855148321e-7
5139 2.369186855148321e-7
5140 2.369186855148321e-7
5141 2.369186855148321e-7
5142 2.369186855148321e-7
5143 2.369186855148321e-7
5144 2.369186855148321e-7
5145 2.369186855148321e-7
5146 2.369186855148321e-7
5147 2.369186855148321e-7
5148 2.37141387968613e-7
5149 2.37141387968613e-7
5150 2.37141387968613e-7
5151 2.37141387968613e-7
5152 2.3771176306891848e-7
5153 2.3771176306891848e-7
5154 2.3771176306891848e-7
5155 2.3771176306891848e-7
5156 2.3771176306891848e-7
5157 2.3771176306891848e-7
5158 2.38302966025363e-7
5159 2.38302966025363e-7
5160 2.38302966025363e-7
5161 2.38302966025363e-7
5162 2.38302966025363e-7
5163 2.38302966025363e-7
5164 2.38302966025363e-7
5165 2.38302966025363e-7
5166 2.405908746686067e-7
5167 2.405908746686067e-7
5168 2.405908746686067e-7
5169 2.405908746686067e-7
5170 2.405908746686067e-7
5171 2.405908746686067e-7
5172 2.405908746686067e-7
5173 2.405908746686067e-7
5174 2.405908746686067e-7
5175 2.424077436026558e-7
5176 2.424077436026558e-7
5177 2.424077436026558e-7
5178 2.424077436026558e-7
5179 2.424077436026558e-7
5180 2.424077436026558e-7
5181 2.437695931269739e-7
5182 2.437695931269739e-7
5183 2.437695931269739e-7
5184 2.437695931269739e-7
5185 2.437695931269739e-7
5186 2.437695931269739e-7
5187 2.437695931269739e-7
5188 2.437695931269739e-7
5189 2.437695931269739e-7
5190 2.446027250968103e-7
5191 2.446027250968103e-7
5192 2.446027250968103e-7
5193 2.446027250968103e-7
5194 2.446027250968103e-7
5195 2.446027250968103e-7
5196 2.446027250968103e-7
5197 2.446027250968103e-7
5198 2.446027250968103e-7
5199 2.446027250968103e-7
5200 2.446027250968103e-7
5201 2.446027250968103e-7
5202 2.446027250968103e-7
5203 2.446027250968103e-7
5204 2.446027250968103e-7
5205 2.446027250968103e-7
5206 2.446027250968103e-7
5207 2.446027250968103e-7
5208 2.446027250968103e-7
5209 2.446027250968103e-7
5210 2.446027250968103e-7
5211 2.446027250968103e-7
5212 2.446027250968103e-7
5213 2.4494719331673306e-7
5214 2.4494719331673306e-7
5215 2.4494719331673306e-7
5216 2.4494719331673306e-7
5217 2.4494719331673306e-7
5218 2.4494719331673306e-7
5219 2.4494719331673306e-7
5220 2.4494719331673306e-7
5221 2.4494719331673306e-7
5222 2.4494719331673306e-7
5223 2.4494719331673306e-7
5224 2.4494719331673306e-7
5225 2.4494719331673306e-7
5226 2.4494719331673306e-7
5227 2.4494719331673306e-7
5228 2.4494719331673306e-7
5229 2.4494719331673306e-7
5230 2.4494719331673306e-7
5231 2.4494719331673306e-7
5232 2.4494719331673306e-7
5233 2.4494719331673306e-7
5234 2.4494719331673306e-7
5235 2.4494719331673306e-7
5236 2.4494719331673306e-7
5237 2.4494719331673306e-7
5238 2.4494719331673306e-7
5239 2.4494719331673306e-7
5240 2.4494719331673306e-7
5241 2.4494719331673306e-7
5242 2.4494719331673306e-7
5243 2.4494719331673306e-7
5244 2.4494719331673306e-7
5245 2.4494719331673306e-7
5246 2.4494719331673306e-7
5247 2.4494719331673306e-7
5248 2.4494719331673306e-7
5249 2.4494719331673306e-7
5250 2.4494719331673306e-7
5251 2.4494719331673306e-7
5252 2.4494719331673306e-7
5253 2.4494719331673306e-7
5254 2.4494719331673306e-7
5255 2.4494719331673306e-7
5256 2.4494719331673306e-7
5257 2.4589087586519586e-7
5258 2.4589087586519586e-7
5259 2.4589087586519586e-7
5260 2.4589087586519586e-7
5261 2.4589087586519586e-7
5262 2.4589087586519586e-7
5263 2.4589087586519586e-7
5264 2.4589087586519586e-7
5265 2.4589087586519586e-7
5266 2.4589087586519586e-7
5267 2.4589087586519586e-7
5268 2.4589087586519586e-7
5269 2.4589087586519586e-7
5270 2.4589087586519586e-7
5271 2.4589087586519586e-7
5272 2.4589087586519586e-7
5273 2.4589087586519586e-7
5274 2.4589087586519586e-7
5275 2.4589087586519586e-7
5276 2.4589087586519586e-7
5277 2.4589087586519586e-7
5278 2.4589087586519586e-7
5279 2.4589087586519586e-7
5280 2.4589087586519586e-7
5281 2.4589087586519586e-7
5282 2.4589087586519586e-7
5283 2.4589087586519586e-7
5284 2.4589087586519586e-7
5285 2.4589087586519586e-7
5286 2.4589087586519586e-7
5287 2.4589087586519586e-7
5288 2.4589087586519586e-7
5289 2.4589087586519586e-7
5290 2.4589087586519586e-7
5291 2.4589087586519586e-7
5292 2.4589087586519586e-7
5293 2.4589087586519586e-7
5294 2.4589087586519586e-7
5295 2.4589087586519586e-7
5296 2.4589087586519586e-7
5297 2.4589087586519586e-7
5298 2.4589087586519586e-7
5299 2.4589087586519586e-7
5300 2.4589087586519586e-7
5301 2.461600415879304e-7
5302 2.461600415879304e-7
5303 2.467656641584922e-7
5304 2.467656641584922e-7
5305 2.467656641584922e-7
5306 2.467656641584922e-7
5307 2.467656641584922e-7
5308 2.467656641584922e-7
5309 2.467656641584922e-7
5310 2.467656641584922e-7
5311 2.467656641584922e-7
5312 2.467656641584922e-7
5313 2.467656641584922e-7
5314 2.467656641584922e-7
5315 2.482220427396095e-7
5316 2.482220427396095e-7
5317 2.482220427396095e-7
5318 2.482220427396095e-7
5319 2.482220427396095e-7
5320 2.482220427396095e-7
5321 2.4844314328568043e-7
5322 2.4844314328568043e-7
5323 2.4844314328568043e-7
5324 2.4874915899756316e-7
5325 2.4874915899756316e-7
5326 2.4874915899756316e-7
5327 2.4874915899756316e-7
5328 2.490023025872886e-7
5329 2.490023025872886e-7
5330 2.490023025872886e-7
5331 2.490023025872886e-7
5332 2.493499746226313e-7
5333 2.493499746226313e-7
5334 2.493499746226313e-7
5335 2.493499746226313e-7
5336 2.493499746226313e-7
5337 2.493499746226313e-7
5338 2.493499746226313e-7
5339 2.493499746226313e-7
5340 2.493499746226313e-7
5341 2.493499746226313e-7
5342 2.493499746226313e-7
5343 2.5008857814685043e-7
5344 2.5008857814685043e-7
5345 2.5008857814685043e-7
5346 2.5008857814685043e-7
5347 2.5008857814685043e-7
5348 2.5008857814685043e-7
5349 2.5008857814685043e-7
5350 2.5008857814685043e-7
5351 2.5008857814685043e-7
5352 2.5008857814685043e-7
5353 2.5008857814685043e-7
5354 2.5008857814685043e-7
5355 2.5008857814685043e-7
5356 2.5008857814685043e-7
5357 2.5008857814685043e-7
5358 2.5008857814685043e-7
5359 2.5008857814685043e-7
5360 2.5008857814685043e-7
5361 2.5008857814685043e-7
5362 2.5008857814685043e-7
5363 2.5008857814685043e-7
5364 2.5008857814685043e-7
5365 2.5052597168231675e-7
5366 2.5052597168231675e-7
5367 2.5052597168231675e-7
5368 2.5052597168231675e-7
5369 2.5052597168231675e-7
5370 2.5052597168231675e-7
5371 2.5052597168231675e-7
5372 2.5052597168231675e-7
5373 2.5052597168231675e-7
5374 2.5052597168231675e-7
5375 2.5052597168231675e-7
5376 2.5052597168231675e-7
5377 2.512421442203231e-7
5378 2.512421442203231e-7
5379 2.512421442203231e-7
5380 2.512421442203231e-7
5381 2.5149208399462857e-7
5382 2.5149208399462857e-7
5383 2.5149208399462857e-7
5384 2.5189262815212856e-7
5385 2.5189262815212856e-7
5386 2.5189262815212856e-7
5387 2.5189262815212856e-7
5388 2.5189262815212856e-7
5389 2.5189262815212856e-7
5390 2.5189262815212856e-7
5391 2.5189262815212856e-7
5392 2.5189262815212856e-7
5393 2.5224510713296494e-7
5394 2.5224510713296494e-7
5395 2.5224510713296494e-7
5396 2.5224510713296494e-7
5397 2.5224510713296494e-7
5398 2.5224510713296494e-7
5399 2.5224510713296494e-7
5400 2.5224510713296494e-7
5401 2.5224510713296494e-7
5402 2.5224510713296494e-7
5403 2.5224510713296494e-7
5404 2.5224510713296494e-7
5405 2.5310387451561593e-7
5406 2.5310387451561593e-7
5407 2.5310387451561593e-7
5408 2.5310387451561593e-7
5409 2.5310387451561593e-7
5410 2.5310387451561593e-7
5411 2.5310387451561593e-7
5412 2.5310387451561593e-7
5413 2.5310387451561593e-7
5414 2.5310387451561593e-7
5415 2.5310387451561593e-7
5416 2.5310387451561593e-7
5417 2.5310387451561593e-7
5418 2.5310387451561593e-7
5419 2.5310387451561593e-7
5420 2.5310387451561593e-7
5421 2.5310387451561593e-7
5422 2.5310387451561593e-7
5423 2.5410523490936596e-7
5424 2.5410523490936596e-7
5425 2.5410523490936596e-7
5426 2.5410523490936596e-7
5427 2.5410523490936596e-7
5428 2.5410523490936596e-7
5429 2.5410523490936596e-7
5430 2.5410523490936596e-7
5431 2.5410523490936596e-7
5432 2.5410523490936596e-7
5433 2.5410523490936596e-7
5434 2.5410523490936596e-7
5435 2.5410523490936596e-7
5436 2.5410523490936596e-7
5437 2.5410523490936596e-7
5438 2.5410523490936596e-7
5439 2.5410523490936596e-7
5440 2.5410523490936596e-7
5441 2.5450738097457593e-7
5442 2.5450738097457593e-7
5443 2.5450738097457593e-7
5444 2.5450738097457593e-7
5445 2.5450738097457593e-7
5446 2.5461632903431046e-7
5447 2.5461632903431046e-7
5448 2.5461632903431046e-7
5449 2.5461632903431046e-7
5450 2.5461632903431046e-7
5451 2.5461632903431046e-7
5452 2.5461632903431046e-7
5453 2.5461632903431046e-7
5454 2.5461632903431046e-7
5455 2.5461632903431046e-7
5456 2.5461632903431046e-7
5457 2.5461632903431046e-7
5458 2.5461632903431046e-7
5459 2.5530045852866226e-7
5460 2.5530045852866226e-7
5461 2.5530045852866226e-7
5462 2.5530045852866226e-7
5463 2.5530045852866226e-7
5464 2.5530045852866226e-7
5465 2.5530045852866226e-7
5466 2.5530045852866226e-7
5467 2.5530045852866226e-7
5468 2.5530045852866226e-7
5469 2.5530045852866226e-7
5470 2.5530045852866226e-7
5471 2.5530045852866226e-7
5472 2.5530045852866226e-7
5473 2.5530045852866226e-7
5474 2.5530045852866226e-7
5475 2.5530045852866226e-7
5476 2.5530045852866226e-7
5477 2.5530045852866226e-7
5478 2.5530045852866226e-7
5479 2.5530045852866226e-7
5480 2.5530045852866226e-7
5481 2.5530045852866226e-7
5482 2.5530045852866226e-7
5483 2.5530045852866226e-7
5484 2.5530045852866226e-7
5485 2.5530045852866226e-7
5486 2.5530045852866226e-7
5487 2.5530045852866226e-7
5488 2.5530045852866226e-7
5489 2.5530045852866226e-7
5490 2.5530045852866226e-7
5491 2.5530045852866226e-7
5492 2.5530045852866226e-7
5493 2.5530045852866226e-7
5494 2.5530045852866226e-7
5495 2.5530045852866226e-7
5496 2.5530045852866226e-7
5497 2.5530045852866226e-7
5498 2.5575387480831954e-7
5499 2.5575387480831954e-7
5500 2.5575387480831954e-7
5501 2.5575387480831954e-7
5502 2.5575387480831954e-7
5503 2.5575387480831954e-7
5504 2.565293277105049e-7
5505 2.565293277105049e-7
5506 2.565293277105049e-7
5507 2.565293277105049e-7
5508 2.565293277105049e-7
5509 2.565293277105049e-7
5510 2.565293277105049e-7
5511 2.565293277105049e-7
5512 2.565293277105049e-7
5513 2.565293277105049e-7
5514 2.565293277105049e-7
5515 2.565293277105049e-7
5516 2.565293277105049e-7
5517 2.565293277105049e-7
5518 2.565293277105049e-7
5519 2.565293277105049e-7
5520 2.565293277105049e-7
5521 2.565293277105049e-7
5522 2.565293277105049e-7
5523 2.565293277105049e-7
5524 2.565293277105049e-7
5525 2.565293277105049e-7
5526 2.565293277105049e-7
5527 2.565293277105049e-7
5528 2.565293277105049e-7
5529 2.565293277105049e-7
5530 2.565293277105049e-7
5531 2.565293277105049e-7
5532 2.565293277105049e-7
5533 2.565293277105049e-7
5534 2.565293277105049e-7
5535 2.568946237865667e-7
5536 2.568946237865667e-7
5537 2.568946237865667e-7
5538 2.5702440092480405e-7
5539 2.5702440092480405e-7
5540 2.5702440092480405e-7
5541 2.5702440092480405e-7
5542 2.5702440092480405e-7
5543 2.5702440092480405e-7
5544 2.5702440092480405e-7
5545 2.5702440092480405e-7
5546 2.5747781659327947e-7
5547 2.5747781659327947e-7
5548 2.5747781659327947e-7
5549 2.5747781659327947e-7
5550 2.5747781659327947e-7
5551 2.5747781659327947e-7
5552 2.5747781659327947e-7
5553 2.5747781659327947e-7
5554 2.5747781659327947e-7
5555 2.5747781659327947e-7
5556 2.5747781659327947e-7
5557 2.577838323051622e-7
5558 2.577838323051622e-7
5559 2.577838323051622e-7
5560 2.577838323051622e-7
5561 2.582965289489986e-7
5562 2.582965289489986e-7
5563 2.582965289489986e-7
5564 2.582965289489986e-7
5565 2.582965289489986e-7
5566 2.582965289489986e-7
5567 2.582965289489986e-7
5568 2.582965289489986e-7
5569 2.582965289489986e-7
5570 2.582965289489986e-7
5571 2.582965289489986e-7
5572 2.582965289489986e-7
5573 2.582965289489986e-7
5574 2.582965289489986e-7
5575 2.5849519912003864e-7
5576 2.5849519912003864e-7
5577 2.5849519912003864e-7
5578 2.591825330409923e-7
5579 2.591825330409923e-7
5580 2.591825330409923e-7
5581 2.591825330409923e-7
5582 2.591825330409923e-7
5583 2.591825330409923e-7
5584 2.591825330409923e-7
5585 2.591825330409923e-7
5586 2.591825330409923e-7
5587 2.593171152911777e-7
5588 2.593171152911777e-7
5589 2.593171152911777e-7
5590 2.593171152911777e-7
5591 2.593171152911777e-7
5592 2.593171152911777e-7
5593 2.593171152911777e-7
5594 2.602976472176068e-7
5595 2.602976472176068e-7
5596 2.602976472176068e-7
5597 2.602976472176068e-7
5598 2.602976472176068e-7
5599 2.602976472176068e-7
5600 2.602976472176068e-7
5601 2.6059405026086593e-7
5602 2.6059405026086593e-7
5603 2.6059405026086593e-7
5604 2.6059405026086593e-7
5605 2.6059405026086593e-7
5606 2.6059405026086593e-7
5607 2.6059405026086593e-7
5608 2.6059405026086593e-7
5609 2.6059405026086593e-7
5610 2.6059405026086593e-7
5611 2.6059405026086593e-7
5612 2.6059405026086593e-7
5613 2.6059405026086593e-7
5614 2.6059405026086593e-7
5615 2.6059405026086593e-7
5616 2.6059405026086593e-7
5617 2.6059405026086593e-7
5618 2.6059405026086593e-7
5619 2.6059405026086593e-7
5620 2.6059405026086593e-7
5621 2.6059405026086593e-7
5622 2.6059405026086593e-7
5623 2.6059405026086593e-7
5624 2.6059405026086593e-7
5625 2.6059405026086593e-7
5626 2.6059405026086593e-7
5627 2.6059405026086593e-7
5628 2.6059405026086593e-7
5629 2.6059405026086593e-7
5630 2.6109072538287504e-7
5631 2.6109072538287504e-7
5632 2.6109072538287504e-7
5633 2.6109072538287504e-7
5634 2.6109072538287504e-7
5635 2.6109072538287504e-7
5636 2.6109072538287504e-7
5637 2.6109072538287504e-7
5638 2.6109072538287504e-7
5639 2.6109072538287504e-7
5640 2.6109072538287504e-7
5641 2.6109072538287504e-7
5642 2.6109072538287504e-7
5643 2.6109072538287504e-7
5644 2.6109072538287504e-7
5645 2.6109072538287504e-7
5646 2.6109072538287504e-7
5647 2.6109072538287504e-7
5648 2.6109072538287504e-7
5649 2.6109072538287504e-7
5650 2.6109072538287504e-7
5651 2.6109072538287504e-7
5652 2.6109072538287504e-7
5653 2.614255797118104e-7
5654 2.614255797118104e-7
5655 2.614255797118104e-7
5656 2.6208407379334766e-7
5657 2.6208407379334766e-7
5658 2.6208407379334766e-7
5659 2.6208407379334766e-7
5660 2.6208407379334766e-7
5661 2.6208407379334766e-7
5662 2.6208407379334766e-7
5663 2.6208407379334766e-7
5664 2.6208407379334766e-7
5665 2.6208407379334766e-7
5666 2.6208407379334766e-7
5667 2.62358045850394e-7
5668 2.62358045850394e-7
5669 2.62358045850394e-7
5670 2.62358045850394e-7
5671 2.62358045850394e-7
5672 2.62358045850394e-7
5673 2.62358045850394e-7
5674 2.62358045850394e-7
5675 2.62358045850394e-7
5676 2.62358045850394e-7
5677 2.62358045850394e-7
5678 2.62358045850394e-7
5679 2.62358045850394e-7
5680 2.62358045850394e-7
5681 2.62358045850394e-7
5682 2.625422957961349e-7
5683 2.625422957961349e-7
5684 2.625422957961349e-7
5685 2.625422957961349e-7
5686 2.625422957961349e-7
5687 2.625422957961349e-7
5688 2.625422957961349e-7
5689 2.625422957961349e-7
5690 2.625422957961349e-7
5691 2.6298930261140666e-7
5692 2.6298930261140666e-7
5693 2.6298930261140666e-7
5694 2.6298930261140666e-7
5695 2.6298930261140666e-7
5696 2.6298930261140666e-7
5697 2.6298930261140666e-7
5698 2.6298930261140666e-7
5699 2.6298930261140666e-7
5700 2.6298930261140666e-7
5701 2.6298930261140666e-7
5702 2.6298930261140666e-7
5703 2.6298930261140666e-7
5704 2.6298930261140666e-7
5705 2.6298930261140666e-7
5706 2.6298930261140666e-7
5707 2.6298930261140666e-7
5708 2.6298930261140666e-7
5709 2.6298930261140666e-7
5710 2.6298930261140666e-7
5711 2.6298930261140666e-7
5712 2.6298930261140666e-7
5713 2.6298930261140666e-7
5714 2.6298930261140666e-7
5715 2.6298930261140666e-7
5716 2.6298930261140666e-7
5717 2.6298930261140666e-7
5718 2.6298930261140666e-7
5719 2.6298930261140666e-7
5720 2.6298930261140666e-7
5721 2.6298930261140666e-7
5722 2.6298930261140666e-7
5723 2.6298930261140666e-7
5724 2.6298930261140666e-7
5725 2.6298930261140666e-7
5726 2.6298930261140666e-7
5727 2.632152088806075e-7
5728 2.632152088806075e-7
5729 2.632152088806075e-7
5730 2.632152088806075e-7
5731 2.632152088806075e-7
5732 2.632152088806075e-7
5733 2.6387049975790666e-7
5734 2.6387049975790666e-7
5735 2.6387049975790666e-7
5736 2.6387049975790666e-7
5737 2.6387049975790666e-7
5738 2.6387049975790666e-7
5739 2.6387049975790666e-7
5740 2.6387049975790666e-7
5741 2.6387049975790666e-7
5742 2.6387049975790666e-7
5743 2.6387049975790666e-7
5744 2.6387049975790666e-7
5745 2.6387049975790666e-7
5746 2.6387049975790666e-7
5747 2.6387049975790666e-7
5748 2.6387049975790666e-7
5749 2.6387049975790666e-7
5750 2.6387049975790666e-7
5751 2.6435115274690667e-7
5752 2.6435115274690667e-7
5753 2.6435115274690667e-7
5754 2.6435115274690667e-7
5755 2.6435115274690667e-7
5756 2.648269994015949e-7
5757 2.648269994015949e-7
5758 2.648269994015949e-7
5759 2.648269994015949e-7
5760 2.648269994015949e-7
5761 2.648269994015949e-7
5762 2.648269994015949e-7
5763 2.648269994015949e-7
5764 2.648269994015949e-7
5765 2.648269994015949e-7
5766 2.648269994015949e-7
5767 2.650480999476658e-7
5768 2.650480999476658e-7
5769 2.650480999476658e-7
5770 2.650480999476658e-7
5771 2.659020597736412e-7
5772 2.659020597736412e-7
5773 2.659020597736412e-7
5774 2.659020597736412e-7
5775 2.659020597736412e-7
5776 2.659020597736412e-7
5777 2.659020597736412e-7
5778 2.659020597736412e-7
5779 2.659020597736412e-7
5780 2.659020597736412e-7
5781 2.659020597736412e-7
5782 2.659020597736412e-7
5783 2.659020597736412e-7
5784 2.659020597736412e-7
5785 2.659020597736412e-7
5786 2.659020597736412e-7
5787 2.659020597736412e-7
5788 2.659020597736412e-7
5789 2.659020597736412e-7
5790 2.659020597736412e-7
5791 2.659020597736412e-7
5792 2.659020597736412e-7
5793 2.659020597736412e-7
5794 2.659020597736412e-7
5795 2.659020597736412e-7
5796 2.659020597736412e-7
5797 2.659020597736412e-7
5798 2.659020597736412e-7
5799 2.659020597736412e-7
5800 2.659020597736412e-7
5801 2.659020597736412e-7
5802 2.659020597736412e-7
5803 2.6732959973770585e-7
5804 2.6732959973770585e-7
5805 2.6732959973770585e-7
5806 2.6732959973770585e-7
5807 2.6732959973770585e-7
5808 2.6732959973770585e-7
5809 2.6732959973770585e-7
5810 2.6732959973770585e-7
5811 2.6732959973770585e-7
5812 2.6732959973770585e-7
5813 2.6732959973770585e-7
5814 2.6816753743067217e-7
5815 2.6816753743067217e-7
5816 2.6816753743067217e-7
5817 2.6816753743067217e-7
5818 2.6816753743067217e-7
5819 2.6816753743067217e-7
5820 2.6816753743067217e-7
5821 2.6816753743067217e-7
5822 2.6816753743067217e-7
5823 2.6816753743067217e-7
5824 2.6816753743067217e-7
5825 2.6816753743067217e-7
5826 2.6816753743067217e-7
5827 2.6816753743067217e-7
5828 2.6859531890869675e-7
5829 2.6859531890869675e-7
5830 2.6859531890869675e-7
5831 2.6859531890869675e-7
5832 2.6859531890869675e-7
5833 2.689413890363295e-7
5834 2.689413890363295e-7
5835 2.689413890363295e-7
5836 2.689413890363295e-7
5837 2.689413890363295e-7
5838 2.689413890363295e-7
5839 2.689413890363295e-7
5840 2.689413890363295e-7
5841 2.689413890363295e-7
5842 2.689413890363295e-7
5843 2.689413890363295e-7
5844 2.689413890363295e-7
5845 2.689413890363295e-7
5846 2.702535720874559e-7
5847 2.702535720874559e-7
5848 2.702535720874559e-7
5849 2.702535720874559e-7
5850 2.702535720874559e-7
5851 2.702535720874559e-7
5852 2.702535720874559e-7
5853 2.702535720874559e-7
5854 2.702535720874559e-7
5855 2.702535720874559e-7
5856 2.702535720874559e-7
5857 2.702535720874559e-7
5858 2.702535720874559e-7
5859 2.702535720874559e-7
5860 2.707854940685395e-7
5861 2.707854940685395e-7
5862 2.707854940685395e-7
5863 2.707854940685395e-7
5864 2.707854940685395e-7
5865 2.707854940685395e-7
5866 2.707854940685395e-7
5867 2.707854940685395e-7
5868 2.707854940685395e-7
5869 2.714407843346568e-7
5870 2.714407843346568e-7
5871 2.714407843346568e-7
5872 2.7166028236183585e-7
5873 2.7166028236183585e-7
5874 2.7166028236183585e-7
5875 2.7166028236183585e-7
5876 2.7166028236183585e-7
5877 2.7166028236183585e-7
5878 2.7166028236183585e-7
5879 2.7166028236183585e-7
5880 2.7166028236183585e-7
5881 2.7166028236183585e-7
5882 2.7166028236183585e-7
5883 2.7166028236183585e-7
5884 2.7166028236183585e-7
5885 2.7166028236183585e-7
5886 2.7166028236183585e-7
5887 2.7166028236183585e-7
5888 2.7166028236183585e-7
5889 2.7166028236183585e-7
5890 2.7166028236183585e-7
5891 2.7166028236183585e-7
5892 2.7166028236183585e-7
5893 2.7166028236183585e-7
5894 2.7166028236183585e-7
5895 2.7166028236183585e-7
5896 2.7166028236183585e-7
5897 2.7166028236183585e-7
5898 2.7166028236183585e-7
5899 2.7166028236183585e-7
5900 2.7166028236183585e-7
5901 2.7166028236183585e-7
5902 2.7166028236183585e-7
5903 2.7166028236183585e-7
5904 2.7166028236183585e-7
5905 2.7209287017417224e-7
5906 2.7209287017417224e-7
5907 2.7209287017417224e-7
5908 2.7209287017417224e-7
5909 2.7209287017417224e-7
5910 2.7209287017417224e-7
5911 2.725623073644749e-7
5912 2.725623073644749e-7
5913 2.725623073644749e-7
5914 2.725623073644749e-7
5915 2.725623073644749e-7
5916 2.725623073644749e-7
5917 2.725623073644749e-7
5918 2.725623073644749e-7
5919 2.725623073644749e-7
5920 2.725623073644749e-7
5921 2.725623073644749e-7
5922 2.725623073644749e-7
5923 2.725623073644749e-7
5924 2.725623073644749e-7
5925 2.725623073644749e-7
5926 2.725623073644749e-7
5927 2.725623073644749e-7
5928 2.725623073644749e-7
5929 2.725623073644749e-7
5930 2.725623073644749e-7
5931 2.725623073644749e-7
5932 2.725623073644749e-7
5933 2.725623073644749e-7
5934 2.725623073644749e-7
5935 2.725623073644749e-7
5936 2.725623073644749e-7
5937 2.725623073644749e-7
5938 2.725623073644749e-7
5939 2.725623073644749e-7
5940 2.725623073644749e-7
5941 2.725623073644749e-7
5942 2.725623073644749e-7
5943 2.725623073644749e-7
5944 2.725623073644749e-7
5945 2.725623073644749e-7
5946 2.725623073644749e-7
5947 2.7298047556269397e-7
5948 2.7298047556269397e-7
5949 2.730317451659594e-7
5950 2.730317451659594e-7
5951 2.730317451659594e-7
5952 2.730317451659594e-7
5953 2.732464368588267e-7
5954 2.732464368588267e-7
5955 2.732464368588267e-7
5956 2.736790246711631e-7
5957 2.736790246711631e-7
5958 2.736790246711631e-7
5959 2.736790246711631e-7
5960 2.736790246711631e-7
5961 2.7380399486390676e-7
5962 2.7380399486390676e-7
5963 2.7380399486390676e-7
5964 2.7380399486390676e-7
5965 2.741676896434405e-7
5966 2.741676896434405e-7
5967 2.741676896434405e-7
5968 2.741676896434405e-7
5969 2.741676896434405e-7
5970 2.746851926215887e-7
5971 2.746851926215887e-7
5972 2.746851926215887e-7
5973 2.746851926215887e-7
5974 2.746851926215887e-7
5975 2.746851926215887e-7
5976 2.746851926215887e-7
5977 2.746851926215887e-7
5978 2.746851926215887e-7
5979 2.746851926215887e-7
5980 2.746851926215887e-7
5981 2.7506971525726144e-7
5982 2.7506971525726144e-7
5983 2.7506971525726144e-7
5984 2.7506971525726144e-7
5985 2.7506971525726144e-7
5986 2.7506971525726144e-7
5987 2.7506971525726144e-7
5988 2.7506971525726144e-7
5989 2.7506971525726144e-7
5990 2.7506971525726144e-7
5991 2.7506971525726144e-7
5992 2.7506971525726144e-7
5993 2.7506971525726144e-7
5994 2.7506971525726144e-7
5995 2.7506971525726144e-7
5996 2.7506971525726144e-7
5997 2.7506971525726144e-7
5998 2.7506971525726144e-7
5999 2.7506971525726144e-7
6000 2.7506971525726144e-7
6001 2.7506971525726144e-7
6002 2.7506971525726144e-7
6003 2.7506971525726144e-7
6004 2.7506971525726144e-7
6005 2.7506971525726144e-7
6006 2.7506971525726144e-7
6007 2.7506971525726144e-7
6008 2.7506971525726144e-7
6009 2.7506971525726144e-7
6010 2.7506971525726144e-7
6011 2.75657714398286e-7
6012 2.75657714398286e-7
6013 2.75657714398286e-7
6014 2.75657714398286e-7
6015 2.75657714398286e-7
6016 2.75657714398286e-7
6017 2.75657714398286e-7
6018 2.75657714398286e-7
6019 2.75657714398286e-7
6020 2.75657714398286e-7
6021 2.75657714398286e-7
6022 2.75657714398286e-7
6023 2.75657714398286e-7
6024 2.75657714398286e-7
6025 2.75657714398286e-7
6026 2.75657714398286e-7
6027 2.75657714398286e-7
6028 2.75657714398286e-7
6029 2.75657714398286e-7
6030 2.75657714398286e-7
6031 2.75657714398286e-7
6032 2.75657714398286e-7
6033 2.75657714398286e-7
6034 2.75657714398286e-7
6035 2.75657714398286e-7
6036 2.75657714398286e-7
6037 2.75657714398286e-7
6038 2.75657714398286e-7
6039 2.75657714398286e-7
6040 2.75657714398286e-7
6041 2.75657714398286e-7
6042 2.75657714398286e-7
6043 2.75657714398286e-7
6044 2.75657714398286e-7
6045 2.75657714398286e-7
6046 2.75657714398286e-7
6047 2.75657714398286e-7
6048 2.759877623929096e-7
6049 2.759877623929096e-7
6050 2.759877623929096e-7
6051 2.759877623929096e-7
6052 2.759877623929096e-7
6053 2.759877623929096e-7
6054 2.759877623929096e-7
6055 2.759877623929096e-7
6056 2.759877623929096e-7
6057 2.759877623929096e-7
6058 2.759877623929096e-7
6059 2.759877623929096e-7
6060 2.759877623929096e-7
6061 2.759877623929096e-7
6062 2.759877623929096e-7
6063 2.759877623929096e-7
6064 2.759877623929096e-7
6065 2.759877623929096e-7
6066 2.759877623929096e-7
6067 2.759877623929096e-7
6068 2.767984627653513e-7
6069 2.767984627653513e-7
6070 2.768945937298604e-7
6071 2.768945937298604e-7
6072 2.768945937298604e-7
6073 2.768945937298604e-7
6074 2.775530884225795e-7
6075 2.775530884225795e-7
6076 2.775530884225795e-7
6077 2.775530884225795e-7
6078 2.775530884225795e-7
6079 2.775530884225795e-7
6080 2.775530884225795e-7
6081 2.775530884225795e-7
6082 2.775530884225795e-7
6083 2.775530884225795e-7
6084 2.775530884225795e-7
6085 2.775530884225795e-7
6086 2.775530884225795e-7
6087 2.775530884225795e-7
6088 2.775530884225795e-7
6089 2.775530884225795e-7
6090 2.779023629768141e-7
6091 2.779023629768141e-7
6092 2.780593762132123e-7
6093 2.780593762132123e-7
6094 2.780593762132123e-7
6095 2.780593762132123e-7
6096 2.780593762132123e-7
6097 2.780593762132123e-7
6098 2.780593762132123e-7
6099 2.780593762132123e-7
6100 2.7854804057430777e-7
6101 2.7854804057430777e-7
6102 2.7854804057430777e-7
6103 2.7922095488114413e-7
6104 2.7922095488114413e-7
6105 2.7922095488114413e-7
6106 2.796711667341996e-7
6107 2.796711667341996e-7
6108 2.796711667341996e-7
6109 2.796711667341996e-7
6110 2.796711667341996e-7
6111 2.796711667341996e-7
6112 2.796711667341996e-7
6113 2.796711667341996e-7
6114 2.796711667341996e-7
6115 2.796711667341996e-7
6116 2.796711667341996e-7
6117 2.796711667341996e-7
6118 2.796711667341996e-7
6119 2.796711667341996e-7
6120 2.796711667341996e-7
6121 2.796711667341996e-7
6122 2.796711667341996e-7
6123 2.796711667341996e-7
6124 2.796711667341996e-7
6125 2.796711667341996e-7
6126 2.799723767229524e-7
6127 2.799723767229524e-7
6128 2.8091445614134143e-7
6129 2.8091445614134143e-7
6130 2.8091445614134143e-7
6131 2.8091445614134143e-7
6132 2.8091445614134143e-7
6133 2.8091445614134143e-7
6134 2.8091445614134143e-7
6135 2.8091445614134143e-7
6136 2.8091445614134143e-7
6137 2.8091445614134143e-7
6138 2.8091445614134143e-7
6139 2.8091445614134143e-7
6140 2.8091445614134143e-7
6141 2.8091445614134143e-7
6142 2.8091445614134143e-7
6143 2.8091445614134143e-7
6144 2.8091445614134143e-7
6145 2.8091445614134143e-7
6146 2.8091445614134143e-7
6147 2.8091445614134143e-7
6148 2.8091445614134143e-7
6149 2.8091445614134143e-7
6150 2.8091445614134143e-7
6151 2.8091445614134143e-7
6152 2.8091445614134143e-7
6153 2.8091445614134143e-7
6154 2.8091445614134143e-7
6155 2.811131263123815e-7
6156 2.811131263123815e-7
6157 2.8202316207593414e-7
6158 2.8202316207593414e-7
6159 2.8202316207593414e-7
6160 2.8202316207593414e-7
6161 2.8202316207593414e-7
6162 2.8202316207593414e-7
6163 2.8202316207593414e-7
6164 2.8202316207593414e-7
6165 2.8202316207593414e-7
6166 2.8202316207593414e-7
6167 2.8202316207593414e-7
6168 2.8202316207593414e-7
6169 2.8202316207593414e-7
6170 2.822811119999714e-7
6171 2.822811119999714e-7
6172 2.822811119999714e-7
6173 2.826143644211968e-7
6174 2.826143644211968e-7
6175 2.826143644211968e-7
6176 2.829315959317768e-7
6177 2.829315959317768e-7
6178 2.829315959317768e-7
6179 2.829315959317768e-7
6180 2.829315959317768e-7
6181 2.829315959317768e-7
6182 2.829315959317768e-7
6183 2.829315959317768e-7
6184 2.829315959317768e-7
6185 2.829315959317768e-7
6186 2.829315959317768e-7
6187 2.829315959317768e-7
6188 2.829315959317768e-7
6189 2.829315959317768e-7
6190 2.829315959317768e-7
6191 2.829315959317768e-7
6192 2.829315959317768e-7
6193 2.829315959317768e-7
6194 2.829315959317768e-7
6195 2.829315959317768e-7
6196 2.829315959317768e-7
6197 2.829315959317768e-7
6198 2.829315959317768e-7
6199 2.829315959317768e-7
6200 2.829315959317768e-7
6201 2.829315959317768e-7
6202 2.829315959317768e-7
6203 2.829315959317768e-7
6204 2.829315959317768e-7
6205 2.829315959317768e-7
6206 2.829315959317768e-7
6207 2.829315959317768e-7
6208 2.834458944833232e-7
6209 2.834458944833232e-7
6210 2.834458944833232e-7
6211 2.834458944833232e-7
6212 2.834458944833232e-7
6213 2.834458944833232e-7
6214 2.834458944833232e-7
6215 2.834458944833232e-7
6216 2.834458944833232e-7
6217 2.834458944833232e-7
6218 2.834458944833232e-7
6219 2.834458944833232e-7
6220 2.834458944833232e-7
6221 2.834458944833232e-7
6222 2.834458944833232e-7
6223 2.834458944833232e-7
6224 2.834458944833232e-7
6225 2.834458944833232e-7
6226 2.834458944833232e-7
6227 2.834458944833232e-7
6228 2.834458944833232e-7
6229 2.834458944833232e-7
6230 2.834458944833232e-7
6231 2.834458944833232e-7
6232 2.834458944833232e-7
6233 2.834458944833232e-7
6234 2.834458944833232e-7
6235 2.834458944833232e-7
6236 2.834458944833232e-7
6237 2.834458944833232e-7
6238 2.834458944833232e-7
6239 2.834458944833232e-7
6240 2.834458944833232e-7
6241 2.834458944833232e-7
6242 2.834458944833232e-7
6243 2.834458944833232e-7
6244 2.834458944833232e-7
6245 2.834458944833232e-7
6246 2.834458944833232e-7
6247 2.834458944833232e-7
6248 2.838464386408232e-7
6249 2.838464386408232e-7
6250 2.838464386408232e-7
6251 2.838464386408232e-7
6252 2.838464386408232e-7
6253 2.838464386408232e-7
6254 2.838464386408232e-7
6255 2.838464386408232e-7
6256 2.838464386408232e-7
6257 2.838464386408232e-7
6258 2.838464386408232e-7
6259 2.838464386408232e-7
6260 2.838464386408232e-7
6261 2.8411880879015955e-7
6262 2.8411880879015955e-7
6263 2.8411880879015955e-7
6264 2.8411880879015955e-7
6265 2.8411880879015955e-7
6266 2.8411880879015955e-7
6267 2.8411880879015955e-7
6268 2.8411880879015955e-7
6269 2.8411880879015955e-7
6270 2.8411880879015955e-7
6271 2.8411880879015955e-7
6272 2.8411880879015955e-7
6273 2.8411880879015955e-7
6274 2.8411880879015955e-7
6275 2.8411880879015955e-7
6276 2.8411880879015955e-7
6277 2.8411880879015955e-7
6278 2.8411880879015955e-7
6279 2.8411880879015955e-7
6280 2.8411880879015955e-7
6281 2.8411880879015955e-7
6282 2.8411880879015955e-7
6283 2.8481575660210055e-7
6284 2.8481575660210055e-7
6285 2.8481575660210055e-7
6286 2.8481575660210055e-7
6287 2.8481575660210055e-7
6288 2.8481575660210055e-7
6289 2.8481575660210055e-7
6290 2.8481575660210055e-7
6291 2.8481575660210055e-7
6292 2.8481575660210055e-7
6293 2.8481575660210055e-7
6294 2.8481575660210055e-7
6295 2.8481575660210055e-7
6296 2.8481575660210055e-7
6297 2.8481575660210055e-7
6298 2.8481575660210055e-7
6299 2.8481575660210055e-7
6300 2.8481575660210055e-7
6301 2.8481575660210055e-7
6302 2.8481575660210055e-7
6303 2.8481575660210055e-7
6304 2.8481575660210055e-7
6305 2.8481575660210055e-7
6306 2.8481575660210055e-7
6307 2.8481575660210055e-7
6308 2.8481575660210055e-7
6309 2.8481575660210055e-7
6310 2.8481575660210055e-7
6311 2.8481575660210055e-7
6312 2.8481575660210055e-7
6313 2.8481575660210055e-7
6314 2.8481575660210055e-7
6315 2.8481575660210055e-7
6316 2.8481575660210055e-7
6317 2.8481575660210055e-7
6318 2.8481575660210055e-7
6319 2.8481575660210055e-7
6320 2.8536209880848326e-7
6321 2.8536209880848326e-7
6322 2.8536209880848326e-7
6323 2.8536209880848326e-7
6324 2.8536209880848326e-7
6325 2.8536209880848326e-7
6326 2.8546944434932594e-7
6327 2.8546944434932594e-7
6328 2.8546944434932594e-7
6329 2.8546944434932594e-7
6330 2.8546944434932594e-7
6331 2.8546944434932594e-7
6332 2.8546944434932594e-7
6333 2.8546944434932594e-7
6334 2.8546944434932594e-7
6335 2.8546944434932594e-7
6336 2.8546944434932594e-7
6337 2.8546944434932594e-7
6338 2.8546944434932594e-7
6339 2.8546944434932594e-7
6340 2.8546944434932594e-7
6341 2.858715910257178e-7
6342 2.858715910257178e-7
6343 2.858715910257178e-7
6344 2.858715910257178e-7
6345 2.858715910257178e-7
6346 2.858715910257178e-7
6347 2.858715910257178e-7
6348 2.858715910257178e-7
6349 2.858715910257178e-7
6350 2.858715910257178e-7
6351 2.858715910257178e-7
6352 2.858715910257178e-7
6353 2.858715910257178e-7
6354 2.858715910257178e-7
6355 2.858715910257178e-7
6356 2.858715910257178e-7
6357 2.858715910257178e-7
6358 2.858715910257178e-7
6359 2.858715910257178e-7
6360 2.858715910257178e-7
6361 2.858715910257178e-7
6362 2.858715910257178e-7
6363 2.858715910257178e-7
6364 2.858715910257178e-7
6365 2.858715910257178e-7
6366 2.858715910257178e-7
6367 2.858715910257178e-7
6368 2.858715910257178e-7
6369 2.858715910257178e-7
6370 2.862352858052515e-7
6371 2.862352858052515e-7
6372 2.862352858052515e-7
6373 2.862352858052515e-7
6374 2.862352858052515e-7
6375 2.862352858052515e-7
6376 2.8669030399261877e-7
6377 2.8669030399261877e-7
6378 2.8669030399261877e-7
6379 2.8669030399261877e-7
6380 2.8669030399261877e-7
6381 2.8669030399261877e-7
6382 2.8669030399261877e-7
6383 2.8669030399261877e-7
6384 2.8669030399261877e-7
6385 2.8669030399261877e-7
6386 2.8669030399261877e-7
6387 2.8669030399261877e-7
6388 2.8669030399261877e-7
6389 2.8669030399261877e-7
6390 2.8669030399261877e-7
6391 2.8730553984298605e-7
6392 2.8730553984298605e-7
6393 2.877477409351279e-7
6394 2.877477409351279e-7
6395 2.877477409351279e-7
6396 2.883052983290261e-7
6397 2.883052983290261e-7
6398 2.883052983290261e-7
6399 2.8846872041862793e-7
6400 2.8846872041862793e-7
6401 2.8846872041862793e-7
6402 2.8970239593478245e-7
6403 2.8970239593478245e-7
6404 2.8970239593478245e-7
6405 2.8970239593478245e-7
6406 2.8970239593478245e-7
6407 2.8970239593478245e-7
6408 2.900372514860816e-7
6409 2.900372514860816e-7
6410 2.913991016215816e-7
6411 2.913991016215816e-7
6412 2.913991016215816e-7
6413 2.913991016215816e-7
6414 2.913991016215816e-7
6415 2.913991016215816e-7
6416 2.913991016215816e-7
6417 2.913991016215816e-7
6418 2.913991016215816e-7
6419 2.913991016215816e-7
6420 2.913991016215816e-7
6421 2.913991016215816e-7
6422 2.9207842478162163e-7
6423 2.9207842478162163e-7
6424 2.9207842478162163e-7
6425 2.9207842478162163e-7
6426 2.9207842478162163e-7
6427 2.9207842478162163e-7
6428 2.9207842478162163e-7
6429 2.92392451254418e-7
6430 2.92392451254418e-7
6431 2.92392451254418e-7
6432 2.92392451254418e-7
6433 2.92392451254418e-7
6434 2.92392451254418e-7
6435 2.92392451254418e-7
6436 2.929452023140044e-7
6437 2.929452023140044e-7
6438 2.929452023140044e-7
6439 2.929452023140044e-7
6440 2.929452023140044e-7
6441 2.929452023140044e-7
6442 2.929452023140044e-7
6443 2.929452023140044e-7
6444 2.929452023140044e-7
6445 2.929452023140044e-7
6446 2.929452023140044e-7
6447 2.929452023140044e-7
6448 2.929452023140044e-7
6449 2.929452023140044e-7
6450 2.930701718955662e-7
6451 2.930701718955662e-7
6452 2.930701718955662e-7
6453 2.930701718955662e-7
6454 2.9346110277326073e-7
6455 2.9346110277326073e-7
6456 2.9346110277326073e-7
6457 2.9346110277326073e-7
6458 2.9346110277326073e-7
6459 2.9346110277326073e-7
6460 2.9346110277326073e-7
6461 2.9346110277326073e-7
6462 2.9346110277326073e-7
6463 2.9346110277326073e-7
6464 2.9346110277326073e-7
6465 2.9346110277326073e-7
6466 2.9346110277326073e-7
6467 2.9346110277326073e-7
6468 2.9346110277326073e-7
6469 2.9346110277326073e-7
6470 2.9346110277326073e-7
6471 2.9346110277326073e-7
6472 2.9346110277326073e-7
6473 2.9346110277326073e-7
6474 2.9346110277326073e-7
6475 2.9346110277326073e-7
6476 2.9346110277326073e-7
6477 2.9346110277326073e-7
6478 2.9346110277326073e-7
6479 2.9346110277326073e-7
6480 2.9346110277326073e-7
6481 2.9346110277326073e-7
6482 2.9346110277326073e-7
6483 2.9346110277326073e-7
6484 2.9346110277326073e-7
6485 2.9346110277326073e-7
6486 2.9346110277326073e-7
6487 2.9346110277326073e-7
6488 2.9346110277326073e-7
6489 2.9346110277326073e-7
6490 2.9346110277326073e-7
6491 2.9346110277326073e-7
6492 2.942253404879307e-7
6493 2.942253404879307e-7
6494 2.942253404879307e-7
6495 2.942253404879307e-7
6496 2.942253404879307e-7
6497 2.942253404879307e-7
6498 2.947284244631435e-7
6499 2.947284244631435e-7
6500 2.947284244631435e-7
6501 2.947284244631435e-7
6502 2.949367073028071e-7
6503 2.949367073028071e-7
6504 2.949367073028071e-7
6505 2.949367073028071e-7
6506 2.949367073028071e-7
6507 2.949367073028071e-7
6508 2.949367073028071e-7
6509 2.949367073028071e-7
6510 2.9536448816964984e-7
6511 2.9536448816964984e-7
6512 2.9536448816964984e-7
6513 2.9536448816964984e-7
6514 2.9536448816964984e-7
6515 2.9536448816964984e-7
6516 2.9536448816964984e-7
6517 2.9536448816964984e-7
6518 2.9536448816964984e-7
6519 2.9546862989507257e-7
6520 2.9546862989507257e-7
6521 2.9546862989507257e-7
6522 2.958964107619153e-7
6523 2.958964107619153e-7
6524 2.958964107619153e-7
6525 2.958964107619153e-7
6526 2.958964107619153e-7
6527 2.9597011074021166e-7
6528 2.9597011074021166e-7
6529 2.9597011074021166e-7
6530 2.9597011074021166e-7
6531 2.9597011074021166e-7
6532 2.9618320113655083e-7
6533 2.9618320113655083e-7
6534 2.9618320113655083e-7
6535 2.9618320113655083e-7
6536 2.9618320113655083e-7
6537 2.9618320113655083e-7
6538 2.9618320113655083e-7
6539 2.9636104284026993e-7
6540 2.9636104284026993e-7
6541 2.96500432035949e-7
6542 2.96500432035949e-7
6543 2.96500432035949e-7
6544 2.96500432035949e-7
6545 2.96500432035949e-7
6546 2.96500432035949e-7
6547 2.96500432035949e-7
6548 2.96500432035949e-7
6549 2.96500432035949e-7
6550 2.96500432035949e-7
6551 2.96500432035949e-7
6552 2.96500432035949e-7
6553 2.96500432035949e-7
6554 2.96500432035949e-7
6555 2.96500432035949e-7
6556 2.96500432035949e-7
6557 2.96500432035949e-7
6558 2.96500432035949e-7
6559 2.96500432035949e-7
6560 2.96500432035949e-7
6561 2.96500432035949e-7
6562 2.96500432035949e-7
6563 2.9673434967724534e-7
6564 2.9673434967724534e-7
6565 2.9673434967724534e-7
6566 2.9673434967724534e-7
6567 2.9673434967724534e-7
6568 2.9673434967724534e-7
6569 2.971765501582053e-7
6570 2.971765501582053e-7
6571 2.971765501582053e-7
6572 2.971765501582053e-7
6573 2.971765501582053e-7
6574 2.971765501582053e-7
6575 2.971765501582053e-7
6576 2.971765501582053e-7
6577 2.971765501582053e-7
6578 2.971765501582053e-7
6579 2.971765501582053e-7
6580 2.971765501582053e-7
6581 2.971765501582053e-7
6582 2.971765501582053e-7
6583 2.971765501582053e-7
6584 2.971765501582053e-7
6585 2.971765501582053e-7
6586 2.971765501582053e-7
6587 2.971765501582053e-7
6588 2.971765501582053e-7
6589 2.971765501582053e-7
6590 2.971765501582053e-7
6591 2.971765501582053e-7
6592 2.971765501582053e-7
6593 2.971765501582053e-7
6594 2.971765501582053e-7
6595 2.971765501582053e-7
6596 2.971765501582053e-7
6597 2.971765501582053e-7
6598 2.971765501582053e-7
6599 2.971765501582053e-7
6600 2.971765501582053e-7
6601 2.971765501582053e-7
6602 2.971765501582053e-7
6603 2.971765501582053e-7
6604 2.971765501582053e-7
6605 2.971765501582053e-7
6606 2.971765501582053e-7
6607 2.971765501582053e-7
6608 2.971765501582053e-7
6609 2.971765501582053e-7
6610 2.971765501582053e-7
6611 2.971765501582053e-7
6612 2.971765501582053e-7
6613 2.971765501582053e-7
6614 2.971765501582053e-7
6615 2.971765501582053e-7
6616 2.976684189459026e-7
6617 2.976684189459026e-7
6618 2.976684189459026e-7
6619 2.976684189459026e-7
6620 2.9804012448635e-7
6621 2.9804012448635e-7
6622 2.9804012448635e-7
6623 2.9804012448635e-7
6624 2.9804012448635e-7
6625 2.9804012448635e-7
6626 2.9804012448635e-7
6627 2.9804012448635e-7
6628 2.9804012448635e-7
6629 2.9833171997293353e-7
6630 2.9833171997293353e-7
6631 2.9833171997293353e-7
6632 2.9833171997293353e-7
6633 2.9833171997293353e-7
6634 2.9833171997293353e-7
6635 2.9833171997293353e-7
6636 2.9833171997293353e-7
6637 2.9833171997293353e-7
6638 2.9833171997293353e-7
6639 2.9833171997293353e-7
6640 2.9833171997293353e-7
6641 2.9833171997293353e-7
6642 2.9833171997293353e-7
6643 2.9833171997293353e-7
6644 2.9833171997293353e-7
6645 2.9833171997293353e-7
6646 2.9833171997293353e-7
6647 2.9833171997293353e-7
6648 2.9833171997293353e-7
6649 2.9833171997293353e-7
6650 2.9833171997293353e-7
6651 2.9833171997293353e-7
6652 2.9833171997293353e-7
6653 2.9833171997293353e-7
6654 2.9833171997293353e-7
6655 2.9833171997293353e-7
6656 2.9833171997293353e-7
6657 2.9833171997293353e-7
6658 2.9833171997293353e-7
6659 2.9833171997293353e-7
6660 2.985480135735108e-7
6661 2.985480135735108e-7
6662 2.987482856522608e-7
6663 2.987482856522608e-7
6664 2.987482856522608e-7
6665 2.9922413169576716e-7
6666 2.9922413169576716e-7
6667 2.9922413169576716e-7
6668 2.999034542446253e-7
6669 2.999034542446253e-7
6670 2.999034542446253e-7
6671 2.999034542446253e-7
6672 2.999034542446253e-7
6673 2.999034542446253e-7
6674 2.999034542446253e-7
6675 2.999034542446253e-7
6676 3.002030611033044e-7
6677 3.002030611033044e-7
6678 3.002030611033044e-7
6679 3.002030611033044e-7
6680 3.002030611033044e-7
6681 3.002030611033044e-7
6682 3.0034405220669344e-7
6683 3.0034405220669344e-7
6684 3.0034405220669344e-7
6685 3.0034405220669344e-7
6686 3.0034405220669344e-7
6687 3.0074940269850523e-7
6688 3.0074940269850523e-7
6689 3.0074940269850523e-7
6690 3.0074940269850523e-7
6691 3.0074940269850523e-7
6692 3.0074940269850523e-7
6693 3.0074940269850523e-7
6694 3.0074940269850523e-7
6695 3.0074940269850523e-7
6696 3.0074940269850523e-7
6697 3.0074940269850523e-7
6698 3.0074940269850523e-7
6699 3.0074940269850523e-7
6700 3.0074940269850523e-7
6701 3.0074940269850523e-7
6702 3.0074940269850523e-7
6703 3.0074940269850523e-7
6704 3.0074940269850523e-7
6705 3.0074940269850523e-7
6706 3.011883987528634e-7
6707 3.011883987528634e-7
6708 3.011883987528634e-7
6709 3.011883987528634e-7
6710 3.011883987528634e-7
6711 3.011883987528634e-7
6712 3.011883987528634e-7
6713 3.011883987528634e-7
6714 3.0158573909494344e-7
6715 3.0158573909494344e-7
6716 3.0158573909494344e-7
6717 3.0158573909494344e-7
6718 3.0166424601873347e-7
6719 3.0166424601873347e-7
6720 3.0166424601873347e-7
6721 3.0166424601873347e-7
6722 3.0166424601873347e-7
6723 3.0166424601873347e-7
6724 3.0166424601873347e-7
6725 3.0166424601873347e-7
6726 3.0166424601873347e-7
6727 3.0166424601873347e-7
6728 3.0166424601873347e-7
6729 3.0166424601873347e-7
6730 3.0166424601873347e-7
6731 3.0166424601873347e-7
6732 3.0166424601873347e-7
6733 3.0206959651054527e-7
6734 3.0206959651054527e-7
6735 3.0206959651054527e-7
6736 3.0206959651054527e-7
6737 3.0206959651054527e-7
6738 3.0206959651054527e-7
6739 3.0206959651054527e-7
6740 3.027617373769926e-7
6741 3.027617373769926e-7
6742 3.027617373769926e-7
6743 3.027617373769926e-7
6744 3.027617373769926e-7
6745 3.027617373769926e-7
6746 3.027617373769926e-7
6747 3.027617373769926e-7
6748 3.027617373769926e-7
6749 3.027617373769926e-7
6750 3.027617373769926e-7
6751 3.027617373769926e-7
6752 3.027617373769926e-7
6753 3.031046030780235e-7
6754 3.031046030780235e-7
6755 3.031046030780235e-7
6756 3.034122206976162e-7
6757 3.034122206976162e-7
6758 3.034122206976162e-7
6759 3.034122206976162e-7
6760 3.038015496676008e-7
6761 3.038015496676008e-7
6762 3.038015496676008e-7
6763 3.038015496676008e-7
6764 3.038015496676008e-7
6765 3.038015496676008e-7
6766 3.038015496676008e-7
6767 3.038015496676008e-7
6768 3.038015496676008e-7
6769 3.038015496676008e-7
6770 3.038015496676008e-7
6771 3.038015496676008e-7
6772 3.041011565262799e-7
6773 3.041011565262799e-7
6774 3.041011565262799e-7
6775 3.041011565262799e-7
6776 3.041011565262799e-7
6777 3.041011565262799e-7
6778 3.041011565262799e-7
6779 3.041011565262799e-7
6780 3.041011565262799e-7
6781 3.041011565262799e-7
6782 3.041011565262799e-7
6783 3.041011565262799e-7
6784 3.041011565262799e-7
6785 3.041011565262799e-7
6786 3.041011565262799e-7
6787 3.041011565262799e-7
6788 3.041011565262799e-7
6789 3.041011565262799e-7
6790 3.041011565262799e-7
6791 3.046314765996535e-7
6792 3.046314765996535e-7
6793 3.046314765996535e-7
6794 3.046314765996535e-7
6795 3.052306903170116e-7
6796 3.052306903170116e-7
6797 3.052306903170116e-7
6798 3.052306903170116e-7
6799 3.052306903170116e-7
6800 3.052306903170116e-7
6801 3.052306903170116e-7
6802 3.052306903170116e-7
6803 3.052306903170116e-7
6804 3.052306903170116e-7
6805 3.052306903170116e-7
6806 3.052306903170116e-7
6807 3.052306903170116e-7
6808 3.052306903170116e-7
6809 3.052306903170116e-7
6810 3.0556234144170895e-7
6811 3.0556234144170895e-7
6812 3.0556234144170895e-7
6813 3.060878551807707e-7
6814 3.060878551807707e-7
6815 3.060878551807707e-7
6816 3.060878551807707e-7
6817 3.060878551807707e-7
6818 3.060878551807707e-7
6819 3.060878551807707e-7
6820 3.060878551807707e-7
6821 3.064883993382707e-7
6822 3.064883993382707e-7
6823 3.064883993382707e-7
6824 3.064883993382707e-7
6825 3.065749176341562e-7
6826 3.065749176341562e-7
6827 3.065749176341562e-7
6828 3.065749176341562e-7
6829 3.065749176341562e-7
6830 3.065749176341562e-7
6831 3.065749176341562e-7
6832 3.065749176341562e-7
6833 3.065749176341562e-7
6834 3.065749176341562e-7
6835 3.065749176341562e-7
6836 3.0717733700047995e-7
6837 3.0717733700047995e-7
6838 3.0717733700047995e-7
6839 3.0717733700047995e-7
6840 3.0717733700047995e-7
6841 3.075089875139954e-7
6842 3.075089875139954e-7
6843 3.076115273317082e-7
6844 3.076115273317082e-7
6845 3.0822836508978544e-7
6846 3.0822836508978544e-7
6847 3.0822836508978544e-7
6848 3.0822836508978544e-7
6849 3.0822836508978544e-7
6850 3.0822836508978544e-7
6851 3.0822836508978544e-7
6852 3.0822836508978544e-7
6853 3.0822836508978544e-7
6854 3.0822836508978544e-7
6855 3.0822836508978544e-7
6856 3.0822836508978544e-7
6857 3.0822836508978544e-7
6858 3.0822836508978544e-7
6859 3.0822836508978544e-7
6860 3.0822836508978544e-7
6861 3.0822836508978544e-7
6862 3.0822836508978544e-7
6863 3.0822836508978544e-7
6864 3.0822836508978544e-7
6865 3.0822836508978544e-7
6866 3.0822836508978544e-7
6867 3.0822836508978544e-7
6868 3.099330809263163e-7
6869 3.099330809263163e-7
6870 3.099330809263163e-7
6871 3.099330809263163e-7
6872 3.099330809263163e-7
6873 3.1054030601577e-7
6874 3.1054030601577e-7
6875 3.1054030601577e-7
6876 3.1054030601577e-7
6877 3.1054030601577e-7
6878 3.1054030601577e-7
6879 3.1054030601577e-7
6880 3.1054030601577e-7
6881 3.1054030601577e-7
6882 3.1054030601577e-7
6883 3.1054030601577e-7
6884 3.1054030601577e-7
6885 3.1054030601577e-7
6886 3.113077487682236e-7
6887 3.113077487682236e-7
6888 3.113077487682236e-7
6889 3.113077487682236e-7
6890 3.1158492525187177e-7
6891 3.1158492525187177e-7
6892 3.1158492525187177e-7
6893 3.1158492525187177e-7
6894 3.1158492525187177e-7
6895 3.1169707712702625e-7
6896 3.1169707712702625e-7
6897 3.1169707712702625e-7
6898 3.1169707712702625e-7
6899 3.1169707712702625e-7
6900 3.1169707712702625e-7
6901 3.1169707712702625e-7
6902 3.1169707712702625e-7
6903 3.1169707712702625e-7
6904 3.1169707712702625e-7
6905 3.1169707712702625e-7
6906 3.1169707712702625e-7
6907 3.1169707712702625e-7
6908 3.1169707712702625e-7
6909 3.125718654203226e-7
6910 3.125718654203226e-7
6911 3.125718654203226e-7
6912 3.125718654203226e-7
6913 3.125718654203226e-7
6914 3.125718654203226e-7
6915 3.125718654203226e-7
6916 3.125718654203226e-7
6917 3.125718654203226e-7
6918 3.125718654203226e-7
6919 3.1314384303951994e-7
6920 3.1314384303951994e-7
6921 3.1314384303951994e-7
6922 3.1314384303951994e-7
6923 3.137190244741372e-7
6924 3.137190244741372e-7
6925 3.140218351482362e-7
6926 3.140218351482362e-7
6927 3.140218351482362e-7
6928 3.140218351482362e-7
6929 3.140218351482362e-7
6930 3.140218351482362e-7
6931 3.140218351482362e-7
6932 3.1465950137363436e-7
6933 3.1465950137363436e-7
6934 3.1465950137363436e-7
6935 3.1465950137363436e-7
6936 3.1465950137363436e-7
6937 3.1465950137363436e-7
6938 3.1465950137363436e-7
6939 3.1465950137363436e-7
6940 3.154493745011189e-7
6941 3.154493745011189e-7
6942 3.154493745011189e-7
6943 3.154493745011189e-7
6944 3.154493745011189e-7
6945 3.154493745011189e-7
6946 3.154493745011189e-7
6947 3.154493745011189e-7
6948 3.154493745011189e-7
6949 3.154493745011189e-7
6950 3.154493745011189e-7
6951 3.154493745011189e-7
6952 3.154493745011189e-7
6953 3.154493745011189e-7
6954 3.154493745011189e-7
6955 3.154493745011189e-7
6956 3.164539399326526e-7
6957 3.164539399326526e-7
6958 3.164539399326526e-7
6959 3.164539399326526e-7
6960 3.164539399326526e-7
6961 3.164539399326526e-7
6962 3.167038797069581e-7
6963 3.167038797069581e-7
6964 3.1713005866609086e-7
6965 3.1713005866609086e-7
6966 3.1713005866609086e-7
6967 3.1713005866609086e-7
6968 3.1713005866609086e-7
6969 3.1713005866609086e-7
6970 3.1713005866609086e-7
6971 3.1713005866609086e-7
6972 3.1713005866609086e-7
6973 3.1713005866609086e-7
6974 3.1713005866609086e-7
6975 3.1713005866609086e-7
6976 3.1713005866609086e-7
6977 3.1713005866609086e-7
6978 3.1713005866609086e-7
6979 3.1713005866609086e-7
6980 3.1713005866609086e-7
6981 3.1713005866609086e-7
6982 3.1713005866609086e-7
6983 3.1713005866609086e-7
6984 3.1713005866609086e-7
6985 3.1713005866609086e-7
6986 3.1713005866609086e-7
6987 3.1713005866609086e-7
6988 3.1713005866609086e-7
6989 3.1713005866609086e-7
6990 3.1713005866609086e-7
6991 3.1713005866609086e-7
6992 3.1713005866609086e-7
6993 3.1713005866609086e-7
6994 3.1713005866609086e-7
6995 3.1713005866609086e-7
6996 3.1713005866609086e-7
6997 3.1713005866609086e-7
6998 3.1713005866609086e-7
6999 3.1713005866609086e-7
7000 3.1713005866609086e-7
7001 3.1713005866609086e-7
7002 3.1713005866609086e-7
7003 3.1713005866609086e-7
7004 3.1713005866609086e-7
7005 3.1713005866609086e-7
7006 3.1713005866609086e-7
7007 3.1713005866609086e-7
7008 3.1713005866609086e-7
7009 3.1713005866609086e-7
7010 3.1713005866609086e-7
7011 3.1713005866609086e-7
7012 3.1713005866609086e-7
7013 3.1713005866609086e-7
7014 3.1713005866609086e-7
7015 3.1713005866609086e-7
7016 3.1713005866609086e-7
7017 3.1713005866609086e-7
7018 3.1713005866609086e-7
7019 3.1713005866609086e-7
7020 3.1713005866609086e-7
7021 3.1713005866609086e-7
7022 3.1713005866609086e-7
7023 3.1713005866609086e-7
7024 3.1713005866609086e-7
7025 3.1787186600572993e-7
7026 3.1787186600572993e-7
7027 3.1787186600572993e-7
7028 3.1787186600572993e-7
7029 3.1787186600572993e-7
7030 3.1787186600572993e-7
7031 3.1787186600572993e-7
7032 3.1787186600572993e-7
7033 3.1787186600572993e-7
7034 3.1787186600572993e-7
7035 3.1787186600572993e-7
7036 3.188828396792854e-7
7037 3.188828396792854e-7
7038 3.188828396792854e-7
7039 3.188828396792854e-7
7040 3.188828396792854e-7
7041 3.188828396792854e-7
7042 3.188828396792854e-7
7043 3.188828396792854e-7
7044 3.188828396792854e-7
7045 3.188828396792854e-7
7046 3.188828396792854e-7
7047 3.188828396792854e-7
7048 3.188828396792854e-7
7049 3.188828396792854e-7
7050 3.188828396792854e-7
7051 3.188828396792854e-7
7052 3.188828396792854e-7
7053 3.188828396792854e-7
7054 3.188828396792854e-7
7055 3.188828396792854e-7
7056 3.188828396792854e-7
7057 3.188828396792854e-7
7058 3.188828396792854e-7
7059 3.188828396792854e-7
7060 3.188828396792854e-7
7061 3.188828396792854e-7
7062 3.188828396792854e-7
7063 3.188828396792854e-7
7064 3.188828396792854e-7
7065 3.188828396792854e-7
7066 3.188828396792854e-7
7067 3.188828396792854e-7
7068 3.188828396792854e-7
7069 3.188828396792854e-7
7070 3.188828396792854e-7
7071 3.188828396792854e-7
7072 3.188828396792854e-7
7073 3.188828396792854e-7
7074 3.188828396792854e-7
7075 3.188828396792854e-7
7076 3.188828396792854e-7
7077 3.188828396792854e-7
7078 3.188828396792854e-7
7079 3.188828396792854e-7
7080 3.188828396792854e-7
7081 3.188828396792854e-7
7082 3.188828396792854e-7
7083 3.188828396792854e-7
7084 3.188828396792854e-7
7085 3.188828396792854e-7
7086 3.188828396792854e-7
7087 3.188828396792854e-7
7088 3.188828396792854e-7
7089 3.188828396792854e-7
7090 3.188828396792854e-7
7091 3.188828396792854e-7
7092 3.188828396792854e-7
7093 3.188828396792854e-7
7094 3.188828396792854e-7
7095 3.188828396792854e-7
7096 3.1957017298905717e-7
7097 3.1957017298905717e-7
7098 3.1957017298905717e-7
7099 3.1957017298905717e-7
7100 3.1957017298905717e-7
7101 3.1957017298905717e-7
7102 3.1957017298905717e-7
7103 3.1957017298905717e-7
7104 3.1957017298905717e-7
7105 3.1957017298905717e-7
7106 3.1957017298905717e-7
7107 3.1957017298905717e-7
7108 3.1957017298905717e-7
7109 3.1957017298905717e-7
7110 3.1957017298905717e-7
7111 3.1957017298905717e-7
7112 3.1957017298905717e-7
7113 3.1957017298905717e-7
7114 3.1957017298905717e-7
7115 3.197592298802917e-7
7116 3.197592298802917e-7
7117 3.197592298802917e-7
7118 3.197592298802917e-7
7119 3.197592298802917e-7
7120 3.197592298802917e-7
7121 3.197592298802917e-7
7122 3.197592298802917e-7
7123 3.197592298802917e-7
7124 3.197592298802917e-7
7125 3.197592298802917e-7
7126 3.197592298802917e-7
7127 3.197592298802917e-7
7128 3.200348050674118e-7
7129 3.200348050674118e-7
7130 3.200348050674118e-7
7131 3.200348050674118e-7
7132 3.200348050674118e-7
7133 3.202222594397545e-7
7134 3.202222594397545e-7
7135 3.202222594397545e-7
7136 3.202222594397545e-7
7137 3.202222594397545e-7
7138 3.202222594397545e-7
7139 3.202222594397545e-7
7140 3.202222594397545e-7
7141 3.202222594397545e-7
7142 3.202222594397545e-7
7143 3.202222594397545e-7
7144 3.202222594397545e-7
7145 3.202222594397545e-7
7146 3.202222594397545e-7
7147 3.202222594397545e-7
7148 3.202222594397545e-7
7149 3.203167872741899e-7
7150 3.203167872741899e-7
7151 3.203167872741899e-7
7152 3.203167872741899e-7
7153 3.203167872741899e-7
7154 3.203167872741899e-7
7155 3.203167872741899e-7
7156 3.203167872741899e-7
7157 3.203167872741899e-7
7158 3.203167872741899e-7
7159 3.203167872741899e-7
7160 3.203167872741899e-7
7161 3.203167872741899e-7
7162 3.211611344315417e-7
7163 3.211611344315417e-7
7164 3.211611344315417e-7
7165 3.211611344315417e-7
7166 3.213806324587208e-7
7167 3.220166961652271e-7
7168 3.220166961652271e-7
7169 3.220166961652271e-7
7170 3.220166961652271e-7
7171 3.220166961652271e-7
7172 3.220166961652271e-7
7173 3.220166961652271e-7
7174 3.220166961652271e-7
7175 3.220166961652271e-7
7176 3.220166961652271e-7
7177 3.220166961652271e-7
7178 3.220166961652271e-7
7179 3.220166961652271e-7
7180 3.220166961652271e-7
7181 3.220166961652271e-7
7182 3.221769132170452e-7
7183 3.221769132170452e-7
7184 3.2242044352696515e-7
7185 3.2242044352696515e-7
7186 3.2242044352696515e-7
7187 3.2242044352696515e-7
7188 3.2242044352696515e-7
7189 3.230148509100115e-7
7190 3.230148509100115e-7
7191 3.230148509100115e-7
7192 3.230148509100115e-7
7193 3.230148509100115e-7
7194 3.230148509100115e-7
7195 3.230148509100115e-7
7196 3.230148509100115e-7
7197 3.230148509100115e-7
7198 3.230148509100115e-7
7199 3.230148509100115e-7
7200 3.230148509100115e-7
7201 3.230148509100115e-7
7202 3.230148509100115e-7
7203 3.230148509100115e-7
7204 3.230148509100115e-7
7205 3.230148509100115e-7
7206 3.230148509100115e-7
7207 3.230148509100115e-7
7208 3.230148509100115e-7
7209 3.230148509100115e-7
7210 3.2454653259949884e-7
7211 3.249759153740515e-7
7212 3.249759153740515e-7
7213 3.249759153740515e-7
7214 3.249759153740515e-7
7215 3.2554308604775515e-7
7216 3.2554308604775515e-7
7217 3.2554308604775515e-7
7218 3.2554308604775515e-7
7219 3.2554308604775515e-7
7220 3.2554308604775515e-7
7221 3.2554308604775515e-7
7222 3.2554308604775515e-7
7223 3.2554308604775515e-7
7224 3.2554308604775515e-7
7225 3.2554308604775515e-7
7226 3.2554308604775515e-7
7227 3.2554308604775515e-7
7228 3.256728625748106e-7
7229 3.256728625748106e-7
7230 3.256728625748106e-7
7231 3.2600932003381976e-7
7232 3.2600932003381976e-7
7233 3.2628329270204797e-7
7234 3.2628329270204797e-7
7235 3.2628329270204797e-7
7236 3.2628329270204797e-7
7237 3.2628329270204797e-7
7238 3.2628329270204797e-7
7239 3.2628329270204797e-7
7240 3.2628329270204797e-7
7241 3.2628329270204797e-7
7242 3.2628329270204797e-7
7243 3.2628329270204797e-7
7244 3.266469868703998e-7
7245 3.266469868703998e-7
7246 3.266469868703998e-7
7247 3.270459291201898e-7
7248 3.270459291201898e-7
7249 3.270459291201898e-7
7250 3.2724299677233796e-7
7251 3.2724299677233796e-7
7252 3.2724299677233796e-7
7253 3.2724299677233796e-7
7254 3.2724299677233796e-7
7255 3.2724299677233796e-7
7256 3.2724299677233796e-7
7257 3.2724299677233796e-7
7258 3.275265827203717e-7
7259 3.275265827203717e-7
7260 3.275265827203717e-7
7261 3.280232572311989e-7
7262 3.280232572311989e-7
7263 3.285663956221617e-7
7264 3.285663956221617e-7
7265 3.285663956221617e-7
7266 3.285663956221617e-7
7267 3.285663956221617e-7
7268 3.285663956221617e-7
7269 3.288163353964672e-7
7270 3.288163353964672e-7
7271 3.288163353964672e-7
7272 3.288163353964672e-7
7273 3.288163353964672e-7
7274 3.288163353964672e-7
7275 3.288163353964672e-7
7276 3.288163353964672e-7
7277 3.288163353964672e-7
7278 3.288163353964672e-7
7279 3.288163353964672e-7
7280 3.288163353964672e-7
7281 3.288163353964672e-7
7282 3.288163353964672e-7
7283 3.288163353964672e-7
7284 3.288163353964672e-7
7285 3.288163353964672e-7
7286 3.289541226844363e-7
7287 3.289541226844363e-7
7288 3.289541226844363e-7
7289 3.289541226844363e-7
7290 3.289541226844363e-7
7291 3.289541226844363e-7
7292 3.289541226844363e-7
7293 3.289541226844363e-7
7294 3.289541226844363e-7
7295 3.2948284085009994e-7
7296 3.2948284085009994e-7
7297 3.2948284085009994e-7
7298 3.2948284085009994e-7
7299 3.2948284085009994e-7
7300 3.2948284085009994e-7
7301 3.2948284085009994e-7
7302 3.2994266476059713e-7
7303 3.2994266476059713e-7
7304 3.2994266476059713e-7
7305 3.2994266476059713e-7
7306 3.2994266476059713e-7
7307 3.2994266476059713e-7
7308 3.2994266476059713e-7
7309 3.2994266476059713e-7
7310 3.2994266476059713e-7
7311 3.2994266476059713e-7
7312 3.2994266476059713e-7
7313 3.2994266476059713e-7
7314 3.2994266476059713e-7
7315 3.2994266476059713e-7
7316 3.2994266476059713e-7
7317 3.2994266476059713e-7
7318 3.2994266476059713e-7
7319 3.2994266476059713e-7
7320 3.2994266476059713e-7
7321 3.2994266476059713e-7
7322 3.3046657659194896e-7
7323 3.3046657659194896e-7
7324 3.3124683643962806e-7
7325 3.3124683643962806e-7
7326 3.3124683643962806e-7
7327 3.3124683643962806e-7
7328 3.3124683643962806e-7
7329 3.3124683643962806e-7
7330 3.3124683643962806e-7
7331 3.3124683643962806e-7
7332 3.3124683643962806e-7
7333 3.3124683643962806e-7
7334 3.31506389493739e-7
7335 3.3173229637412173e-7
7336 3.3173229637412173e-7
7337 3.3173229637412173e-7
7338 3.3173229637412173e-7
7339 3.3173229637412173e-7
7340 3.3173229637412173e-7
7341 3.3173229637412173e-7
7342 3.3173229637412173e-7
7343 3.3173229637412173e-7
7344 3.321168183986126e-7
7345 3.321168183986126e-7
7346 3.321168183986126e-7
7347 3.321168183986126e-7
7348 3.321168183986126e-7
7349 3.321168183986126e-7
7350 3.3248692142016803e-7
7351 3.3248692142016803e-7
7352 3.3428296249807813e-7
7353 3.3428296249807813e-7
7354 3.3428296249807813e-7
7355 3.3428296249807813e-7
7356 3.3428296249807813e-7
7357 3.3428296249807813e-7
7358 3.3428296249807813e-7
7359 3.3428296249807813e-7
7360 3.3428296249807813e-7
7361 3.3428296249807813e-7
7362 3.3428296249807813e-7
7363 3.3428296249807813e-7
7364 3.3428296249807813e-7
7365 3.3428296249807813e-7
7366 3.3428296249807813e-7
7367 3.3428296249807813e-7
7368 3.3428296249807813e-7
7369 3.3428296249807813e-7
7370 3.3428296249807813e-7
7371 3.3428296249807813e-7
7372 3.3428296249807813e-7
7373 3.3428296249807813e-7
7374 3.3428296249807813e-7
7375 3.3428296249807813e-7
7376 3.3428296249807813e-7
7377 3.3428296249807813e-7
7378 3.35146535603859e-7
7379 3.35146535603859e-7
7380 3.35146535603859e-7
7381 3.35146535603859e-7
7382 3.35146535603859e-7
7383 3.35146535603859e-7
7384 3.3630490984518904e-7
7385 3.3630490984518904e-7
7386 3.3630490984518904e-7
7387 3.3630490984518904e-7
7388 3.3630490984518904e-7
7389 3.3759145748350084e-7
7390 3.3759145748350084e-7
7391 3.3759145748350084e-7
7392 3.3827558697785264e-7
7393 3.3827558697785264e-7
7394 3.3827558697785264e-7
7395 3.3827558697785264e-7
7396 3.3827558697785264e-7
7397 3.3827558697785264e-7
7398 3.3827558697785264e-7
7399 3.3827558697785264e-7
7400 3.3827558697785264e-7
7401 3.3827558697785264e-7
7402 3.3827558697785264e-7
7403 3.3827558697785264e-7
7404 3.3827558697785264e-7
7405 3.3827558697785264e-7
7406 3.3827558697785264e-7
7407 3.3827558697785264e-7
7408 3.3827558697785264e-7
7409 3.3827558697785264e-7
7410 3.3827558697785264e-7
7411 3.3827558697785264e-7
7412 3.3827558697785264e-7
7413 3.385143115646427e-7
7414 3.385143115646427e-7
7415 3.385143115646427e-7
7416 3.385143115646427e-7
7417 3.385143115646427e-7
7418 3.385143115646427e-7
7419 3.385143115646427e-7
7420 3.385143115646427e-7
7421 3.385143115646427e-7
7422 3.392224733417354e-7
7423 3.392224733417354e-7
7424 3.393987131377445e-7
7425 3.393987131377445e-7
7426 3.393987131377445e-7
7427 3.393987131377445e-7
7428 3.393987131377445e-7
7429 3.393987131377445e-7
7430 3.393987131377445e-7
7431 3.393987131377445e-7
7432 3.393987131377445e-7
7433 3.393987131377445e-7
7434 3.393987131377445e-7
7435 3.4052023616756264e-7
7436 3.4052023616756264e-7
7437 3.4052023616756264e-7
7438 3.4052023616756264e-7
7439 3.4052023616756264e-7
7440 3.4052023616756264e-7
7441 3.4052023616756264e-7
7442 3.4052023616756264e-7
7443 3.4052023616756264e-7
7444 3.4052023616756264e-7
7445 3.4052023616756264e-7
7446 3.4052023616756264e-7
7447 3.4052023616756264e-7
7448 3.4052023616756264e-7
7449 3.4052023616756264e-7
7450 3.4052023616756264e-7
7451 3.4052023616756264e-7
7452 3.4052023616756264e-7
7453 3.407974126512108e-7
7454 3.407974126512108e-7
7455 3.407974126512108e-7
7456 3.407974126512108e-7
7457 3.41656178811498e-7
7458 3.41656178811498e-7
7459 3.41656178811498e-7
7460 3.422938444257143e-7
7461 3.422938444257143e-7
7462 3.422938444257143e-7
7463 3.422938444257143e-7
7464 3.422938444257143e-7
7465 3.422938444257143e-7
7466 3.422938444257143e-7
7467 3.422938444257143e-7
7468 3.422938444257143e-7
7469 3.422938444257143e-7
7470 3.4236273745851697e-7
7471 3.4236273745851697e-7
7472 3.4236273745851697e-7
7473 3.4236273745851697e-7
7474 3.4236273745851697e-7
7475 3.4236273745851697e-7
7476 3.4236273745851697e-7
7477 3.4236273745851697e-7
7478 3.4236273745851697e-7
7479 3.4236273745851697e-7
7480 3.4345061553697064e-7
7481 3.4345061553697064e-7
7482 3.4345061553697064e-7
7483 3.4345061553697064e-7
7484 3.4345061553697064e-7
7485 3.4345061553697064e-7
7486 3.4345061553697064e-7
7487 3.4345061553697064e-7
7488 3.4345061553697064e-7
7489 3.4345061553697064e-7
7490 3.4345061553697064e-7
7491 3.4345061553697064e-7
7492 3.4345061553697064e-7
7493 3.4345061553697064e-7
7494 3.4345061553697064e-7
7495 3.4345061553697064e-7
7496 3.4345061553697064e-7
7497 3.4345061553697064e-7
7498 3.4345061553697064e-7
7499 3.4345061553697064e-7
7500 3.4345061553697064e-7
7501 3.4345061553697064e-7
7502 3.4345061553697064e-7
7503 3.4345061553697064e-7
7504 3.4345061553697064e-7
7505 3.4345061553697064e-7
7506 3.4345061553697064e-7
7507 3.4345061553697064e-7
7508 3.4345061553697064e-7
7509 3.4345061553697064e-7
7510 3.4345061553697064e-7
7511 3.4345061553697064e-7
7512 3.4345061553697064e-7
7513 3.4345061553697064e-7
7514 3.4345061553697064e-7
7515 3.4345061553697064e-7
7516 3.4345061553697064e-7
7517 3.4345061553697064e-7
7518 3.4345061553697064e-7
7519 3.4345061553697064e-7
7520 3.4345061553697064e-7
7521 3.4345061553697064e-7
7522 3.4345061553697064e-7
7523 3.4345061553697064e-7
7524 3.4345061553697064e-7
7525 3.4345061553697064e-7
7526 3.4345061553697064e-7
7527 3.4345061553697064e-7
7528 3.4345061553697064e-7
7529 3.4345061553697064e-7
7530 3.4345061553697064e-7
7531 3.4345061553697064e-7
7532 3.4345061553697064e-7
7533 3.4345061553697064e-7
7534 3.4345061553697064e-7
7535 3.4345061553697064e-7
7536 3.4345061553697064e-7
7537 3.4345061553697064e-7
7538 3.4345061553697064e-7
7539 3.4345061553697064e-7
7540 3.4345061553697064e-7
7541 3.460974114030725e-7
7542 3.460974114030725e-7
7543 3.460974114030725e-7
7544 3.460974114030725e-7
7545 3.460974114030725e-7
7546 3.460974114030725e-7
7547 3.460974114030725e-7
7548 3.460974114030725e-7
7549 3.460974114030725e-7
7550 3.460974114030725e-7
7551 3.460974114030725e-7
7552 3.460974114030725e-7
7553 3.460974114030725e-7
7554 3.460974114030725e-7
7555 3.460974114030725e-7
7556 3.460974114030725e-7
7557 3.460974114030725e-7
7558 3.460974114030725e-7
7559 3.465235909733871e-7
7560 3.465235909733871e-7
7561 3.465235909733871e-7
7562 3.465235909733871e-7
7563 3.465235909733871e-7
7564 3.465235909733871e-7
7565 3.465235909733871e-7
7566 3.465235909733871e-7
7567 3.465235909733871e-7
7568 3.465235909733871e-7
7569 3.465235909733871e-7
7570 3.465235909733871e-7
7571 3.4705551295447067e-7
7572 3.4705551295447067e-7
7573 3.4705551295447067e-7
7574 3.4705551295447067e-7
7575 3.4705551295447067e-7
7576 3.4705551295447067e-7
7577 3.4705551295447067e-7
7578 3.4705551295447067e-7
7579 3.4705551295447067e-7
7580 3.4705551295447067e-7
7581 3.4705551295447067e-7
7582 3.4705551295447067e-7
7583 3.4705551295447067e-7
7584 3.4705551295447067e-7
7585 3.4705551295447067e-7
7586 3.4705551295447067e-7
7587 3.4705551295447067e-7
7588 3.4705551295447067e-7
7589 3.4705551295447067e-7
7590 3.4705551295447067e-7
7591 3.4705551295447067e-7
7592 3.4705551295447067e-7
7593 3.4705551295447067e-7
7594 3.4705551295447067e-7
7595 3.4705551295447067e-7
7596 3.4705551295447067e-7
7597 3.4705551295447067e-7
7598 3.4705551295447067e-7
7599 3.4705551295447067e-7
7600 3.4705551295447067e-7
7601 3.4705551295447067e-7
7602 3.4705551295447067e-7
7603 3.4705551295447067e-7
7604 3.4705551295447067e-7
7605 3.4705551295447067e-7
7606 3.4705551295447067e-7
7607 3.4705551295447067e-7
7608 3.4705551295447067e-7
7609 3.4705551295447067e-7
7610 3.4705551295447067e-7
7611 3.476643405628162e-7
7612 3.476643405628162e-7
7613 3.476643405628162e-7
7614 3.476643405628162e-7
7615 3.476643405628162e-7
7616 3.476643405628162e-7
7617 3.476643405628162e-7
7618 3.476643405628162e-7
7619 3.476643405628162e-7
7620 3.476643405628162e-7
7621 3.476643405628162e-7
7622 3.476643405628162e-7
7623 3.476643405628162e-7
7624 3.476643405628162e-7
7625 3.476643405628162e-7
7626 3.48148197978418e-7
7627 3.48148197978418e-7
7628 3.48148197978418e-7
7629 3.48148197978418e-7
7630 3.48148197978418e-7
7631 3.48148197978418e-7
7632 3.48148197978418e-7
7633 3.48148197978418e-7
7634 3.48148197978418e-7
7635 3.4858719403277616e-7
7636 3.4858719403277616e-7
7637 3.4858719403277616e-7
7638 3.4858719403277616e-7
7639 3.4924248429889345e-7
7640 3.4924248429889345e-7
7641 3.496718670734461e-7
7642 3.496718670734461e-7
7643 3.496718670734461e-7
7644 3.496718670734461e-7
7645 3.496718670734461e-7
7646 3.5022461874421436e-7
7647 3.5022461874421436e-7
7648 3.5022461874421436e-7
7649 3.5022461874421436e-7
7650 3.5022461874421436e-7
7651 3.5022461874421436e-7
7652 3.5022461874421436e-7
7653 3.5022461874421436e-7
7654 3.5022461874421436e-7
7655 3.5022461874421436e-7
7656 3.5022461874421436e-7
7657 3.5022461874421436e-7
7658 3.5022461874421436e-7
7659 3.5022461874421436e-7
7660 3.506523996110571e-7
7661 3.506523996110571e-7
7662 3.506523996110571e-7
7663 3.506523996110571e-7
7664 3.506523996110571e-7
7665 3.5091836029600795e-7
7666 3.5091836029600795e-7
7667 3.5123398928769614e-7
7668 3.5123398928769614e-7
7669 3.5123398928769614e-7
7670 3.5123398928769614e-7
7671 3.5123398928769614e-7
7672 3.5123398928769614e-7
7673 3.5123398928769614e-7
7674 3.5123398928769614e-7
7675 3.5123398928769614e-7
7676 3.5123398928769614e-7
7677 3.5123398928769614e-7
7678 3.5123398928769614e-7
7679 3.5123398928769614e-7
7680 3.5123398928769614e-7
7681 3.5123398928769614e-7
7682 3.5123398928769614e-7
7683 3.5123398928769614e-7
7684 3.5123398928769614e-7
7685 3.5123398928769614e-7
7686 3.5123398928769614e-7
7687 3.5123398928769614e-7
7688 3.5123398928769614e-7
7689 3.5123398928769614e-7
7690 3.5123398928769614e-7
7691 3.5123398928769614e-7
7692 3.5123398928769614e-7
7693 3.5123398928769614e-7
7694 3.5123398928769614e-7
7695 3.5123398928769614e-7
7696 3.5123398928769614e-7
7697 3.5152718790435345e-7
7698 3.5152718790435345e-7
7699 3.5152718790435345e-7
7700 3.5152718790435345e-7
7701 3.5152718790435345e-7
7702 3.5152718790435345e-7
7703 3.5152718790435345e-7
7704 3.5152718790435345e-7
7705 3.522545762410571e-7
7706 3.522545762410571e-7
7707 3.522545762410571e-7
7708 3.526022482763998e-7
7709 3.526022482763998e-7
7710 3.526022482763998e-7
7711 3.526022482763998e-7
7712 3.529771570210852e-7
7713 3.529771570210852e-7
7714 3.529771570210852e-7
7715 3.529771570210852e-7
7716 3.529771570210852e-7
7717 3.529771570210852e-7
7718 3.529771570210852e-7
7719 3.529771570210852e-7
7720 3.529771570210852e-7
7721 3.533280334830297e-7
7722 3.533280334830297e-7
7723 3.533280334830297e-7
7724 3.533280334830297e-7
7725 3.533280334830297e-7
7726 3.533280334830297e-7
7727 3.533280334830297e-7
7728 3.533280334830297e-7
7729 3.533280334830297e-7
7730 3.533280334830297e-7
7731 3.536468669013197e-7
7732 3.536468669013197e-7
7733 3.536468669013197e-7
7734 3.536468669013197e-7
7735 3.536468669013197e-7
7736 3.536468669013197e-7
7737 3.536468669013197e-7
7738 3.536468669013197e-7
7739 3.536468669013197e-7
7740 3.536468669013197e-7
7741 3.5388078454261606e-7
7742 3.5388078454261606e-7
7743 3.5388078454261606e-7
7744 3.5388078454261606e-7
7745 3.5388078454261606e-7
7746 3.545328709933134e-7
7747 3.545328709933134e-7
7748 3.545328709933134e-7
7749 3.545328709933134e-7
7750 3.545328709933134e-7
7751 3.545328709933134e-7
7752 3.545328709933134e-7
7753 3.545328709933134e-7
7754 3.545905500609644e-7
7755 3.545905500609644e-7
7756 3.545905500609644e-7
7757 3.545905500609644e-7
7758 3.545905500609644e-7
7759 3.545905500609644e-7
7760 3.545905500609644e-7
7761 3.545905500609644e-7
7762 3.545905500609644e-7
7763 3.545905500609644e-7
7764 3.545905500609644e-7
7765 3.545905500609644e-7
7766 3.552794865008099e-7
7767 3.552794865008099e-7
7768 3.552794865008099e-7
7769 3.556143408297453e-7
7770 3.556143408297453e-7
7771 3.556143408297453e-7
7772 3.556143408297453e-7
7773 3.556143408297453e-7
7774 3.556143408297453e-7
7775 3.556143408297453e-7
7776 3.556143408297453e-7
7777 3.556143408297453e-7
7778 3.556143408297453e-7
7779 3.556143408297453e-7
7780 3.556143408297453e-7
7781 3.556143408297453e-7
7782 3.560228957481589e-7
7783 3.560228957481589e-7
7784 3.560228957481589e-7
7785 3.560228957481589e-7
7786 3.566990144815971e-7
7787 3.566990144815971e-7
7788 3.566990144815971e-7
7789 3.566990144815971e-7
7790 3.566990144815971e-7
7791 3.566990144815971e-7
7792 3.566990144815971e-7
7793 3.566990144815971e-7
7794 3.566990144815971e-7
7795 3.566990144815971e-7
7796 3.566990144815971e-7
7797 3.566990144815971e-7
7798 3.566990144815971e-7
7799 3.566990144815971e-7
7800 3.566990144815971e-7
7801 3.566990144815971e-7
7802 3.566990144815971e-7
7803 3.566990144815971e-7
7804 3.566990144815971e-7
7805 3.566990144815971e-7
7806 3.566990144815971e-7
7807 3.566990144815971e-7
7808 3.566990144815971e-7
7809 3.566990144815971e-7
7810 3.566990144815971e-7
7811 3.566990144815971e-7
7812 3.566990144815971e-7
7813 3.566990144815971e-7
7814 3.566990144815971e-7
7815 3.566990144815971e-7
7816 3.566990144815971e-7
7817 3.566990144815971e-7
7818 3.566990144815971e-7
7819 3.566990144815971e-7
7820 3.566990144815971e-7
7821 3.566990144815971e-7
7822 3.566990144815971e-7
7823 3.566990144815971e-7
7824 3.566990144815971e-7
7825 3.566990144815971e-7
7826 3.566990144815971e-7
7827 3.566990144815971e-7
7828 3.566990144815971e-7
7829 3.566990144815971e-7
7830 3.566990144815971e-7
7831 3.566990144815971e-7
7832 3.566990144815971e-7
7833 3.566990144815971e-7
7834 3.566990144815971e-7
7835 3.566990144815971e-7
7836 3.566990144815971e-7
7837 3.566990144815971e-7
7838 3.566990144815971e-7
7839 3.566990144815971e-7
7840 3.566990144815971e-7
7841 3.566990144815971e-7
7842 3.566990144815971e-7
7843 3.568368011583843e-7
7844 3.568368011583843e-7
7845 3.568368011583843e-7
7846 3.568368011583843e-7
7847 3.568368011583843e-7
7848 3.568368011583843e-7
7849 3.568368011583843e-7
7850 3.568368011583843e-7
7851 3.5725817378320526e-7
7852 3.5725817378320526e-7
7853 3.5725817378320526e-7
7854 3.5725817378320526e-7
7855 3.5725817378320526e-7
7856 3.577131919705725e-7
7857 3.577131919705725e-7
7858 3.577131919705725e-7
7859 3.577131919705725e-7
7860 3.577131919705725e-7
7861 3.577131919705725e-7
7862 3.577131919705725e-7
7863 3.577131919705725e-7
7864 3.577131919705725e-7
7865 3.577131919705725e-7
7866 3.577131919705725e-7
7867 3.577131919705725e-7
7868 3.577131919705725e-7
7869 3.577131919705725e-7
7870 3.577131919705725e-7
7871 3.577131919705725e-7
7872 3.577131919705725e-7
7873 3.577131919705725e-7
7874 3.577131919705725e-7
7875 3.577131919705725e-7
7876 3.577131919705725e-7
7877 3.577131919705725e-7
7878 3.577131919705725e-7
7879 3.577131919705725e-7
7880 3.577131919705725e-7
7881 3.577131919705725e-7
7882 3.5829478164721157e-7
7883 3.5829478164721157e-7
7884 3.5829478164721157e-7
7885 3.5829478164721157e-7
7886 3.5829478164721157e-7
7887 3.5829478164721157e-7
7888 3.5829478164721157e-7
7889 3.5829478164721157e-7
7890 3.5829478164721157e-7
7891 3.5829478164721157e-7
7892 3.5829478164721157e-7
7893 3.5829478164721157e-7
7894 3.5829478164721157e-7
7895 3.5829478164721157e-7
7896 3.5829478164721157e-7
7897 3.5829478164721157e-7
7898 3.5829478164721157e-7
7899 3.5829478164721157e-7
7900 3.5829478164721157e-7
7901 3.5829478164721157e-7
7902 3.5829478164721157e-7
7903 3.5829478164721157e-7
7904 3.5829478164721157e-7
7905 3.5829478164721157e-7
7906 3.5829478164721157e-7
7907 3.5829478164721157e-7
7908 3.5829478164721157e-7
7909 3.5836687910661604e-7
7910 3.5836687910661604e-7
7911 3.5836687910661604e-7
7912 3.5836687910661604e-7
7913 3.59108687057437e-7
7914 3.59108687057437e-7
7915 3.59108687057437e-7
7916 3.59108687057437e-7
7917 3.59108687057437e-7
7918 3.59108687057437e-7
7919 3.59108687057437e-7
7920 3.59108687057437e-7
7921 3.59108687057437e-7
7922 3.59108687057437e-7
7923 3.59108687057437e-7
7924 3.59108687057437e-7
7925 3.59108687057437e-7
7926 3.59108687057437e-7
7927 3.59108687057437e-7
7928 3.59108687057437e-7
7929 3.59108687057437e-7
7930 3.59108687057437e-7
7931 3.59108687057437e-7
7932 3.59108687057437e-7
7933 3.59108687057437e-7
7934 3.59108687057437e-7
7935 3.59108687057437e-7
7936 3.59108687057437e-7
7937 3.59108687057437e-7
7938 3.59108687057437e-7
7939 3.59108687057437e-7
7940 3.59108687057437e-7
7941 3.59108687057437e-7
7942 3.59108687057437e-7
7943 3.59108687057437e-7
7944 3.59108687057437e-7
7945 3.59108687057437e-7
7946 3.59108687057437e-7
7947 3.59108687057437e-7
7948 3.59108687057437e-7
7949 3.59108687057437e-7
7950 3.59108687057437e-7
7951 3.59108687057437e-7
7952 3.59108687057437e-7
7953 3.594916071742179e-7
7954 3.594916071742179e-7
7955 3.594916071742179e-7
7956 3.601324778262179e-7
7957 3.601324778262179e-7
7958 3.601324778262179e-7
7959 3.601324778262179e-7
7960 3.601324778262179e-7
7961 3.601324778262179e-7
7962 3.601324778262179e-7
7963 3.601324778262179e-7
7964 3.601324778262179e-7
7965 3.601324778262179e-7
7966 3.601324778262179e-7
7967 3.608566617363197e-7
7968 3.608566617363197e-7
7969 3.608566617363197e-7
7970 3.6111621417924877e-7
7971 3.6111621417924877e-7
7972 3.6157603931210974e-7
7973 3.6157603931210974e-7
7974 3.6157603931210974e-7
7975 3.6157603931210974e-7
7976 3.6157603931210974e-7
7977 3.6157603931210974e-7
7978 3.6157603931210974e-7
7979 3.6157603931210974e-7
7980 3.6157603931210974e-7
7981 3.6157603931210974e-7
7982 3.6157603931210974e-7
7983 3.6157603931210974e-7
7984 3.6157603931210974e-7
7985 3.6157603931210974e-7
7986 3.6157603931210974e-7
7987 3.6157603931210974e-7
7988 3.6157603931210974e-7
7989 3.6157603931210974e-7
7990 3.6157603931210974e-7
7991 3.6157603931210974e-7
7992 3.6157603931210974e-7
7993 3.6157603931210974e-7
7994 3.6157603931210974e-7
7995 3.6157603931210974e-7
7996 3.6157603931210974e-7
7997 3.6157603931210974e-7
7998 3.6157603931210974e-7
7999 3.6157603931210974e-7
8000 3.6157603931210974e-7
8001 3.6157603931210974e-7
8002 3.6157603931210974e-7
8003 3.6157603931210974e-7
8004 3.6194934737144893e-7
8005 3.6194934737144893e-7
8006 3.622361365237207e-7
8007 3.622361365237207e-7
8008 3.622361365237207e-7
8009 3.622361365237207e-7
8010 3.622361365237207e-7
8011 3.622361365237207e-7
8012 3.622361365237207e-7
8013 3.622361365237207e-7
8014 3.622361365237207e-7
8015 3.622361365237207e-7
8016 3.622361365237207e-7
8017 3.622361365237207e-7
8018 3.622361365237207e-7
8019 3.622361365237207e-7
8020 3.622361365237207e-7
8021 3.622361365237207e-7
8022 3.622361365237207e-7
8023 3.622361365237207e-7
8024 3.641795769470416e-7
8025 3.641795769470416e-7
8026 3.641795769470416e-7
8027 3.641795769470416e-7
8028 3.641795769470416e-7
8029 3.641795769470416e-7
8030 3.6515690444686887e-7
8031 3.6515690444686887e-7
8032 3.6515690444686887e-7
8033 3.657208700827888e-7
8034 3.657208700827888e-7
8035 3.657208700827888e-7
8036 3.657208700827888e-7
8037 3.657208700827888e-7
8038 3.6602848831356336e-7
8039 3.6602848831356336e-7
8040 3.6602848831356336e-7
8041 3.6602848831356336e-7
8042 3.6602848831356336e-7
8043 3.6602848831356336e-7
8044 3.6602848831356336e-7
8045 3.6602848831356336e-7
8046 3.6602848831356336e-7
8047 3.6602848831356336e-7
8048 3.6602848831356336e-7
8049 3.6602848831356336e-7
8050 3.6602848831356336e-7
8051 3.6602848831356336e-7
8052 3.6602848831356336e-7
8053 3.6602848831356336e-7
8054 3.6602848831356336e-7
8055 3.6602848831356336e-7
8056 3.6602848831356336e-7
8057 3.6602848831356336e-7
8058 3.6602848831356336e-7
8059 3.6602848831356336e-7
8060 3.6602848831356336e-7
8061 3.6602848831356336e-7
8062 3.6602848831356336e-7
8063 3.6602848831356336e-7
8064 3.6602848831356336e-7
8065 3.6602848831356336e-7
8066 3.6602848831356336e-7
8067 3.6602848831356336e-7
8068 3.6602848831356336e-7
8069 3.6602848831356336e-7
8070 3.6602848831356336e-7
8071 3.6602848831356336e-7
8072 3.6602848831356336e-7
8073 3.6602848831356336e-7
8074 3.6602848831356336e-7
8075 3.6602848831356336e-7
8076 3.6602848831356336e-7
8077 3.6602848831356336e-7
8078 3.6602848831356336e-7
8079 3.6602848831356336e-7
8080 3.6602848831356336e-7
8081 3.6602848831356336e-7
8082 3.6602848831356336e-7
8083 3.6602848831356336e-7
8084 3.6602848831356336e-7
8085 3.6602848831356336e-7
8086 3.6653958243850786e-7
8087 3.6653958243850786e-7
8088 3.6653958243850786e-7
8089 3.6653958243850786e-7
8090 3.6653958243850786e-7
8091 3.6653958243850786e-7
8092 3.6653958243850786e-7
8093 3.6653958243850786e-7
8094 3.6653958243850786e-7
8095 3.6653958243850786e-7
8096 3.6653958243850786e-7
8097 3.6653958243850786e-7
8098 3.6653958243850786e-7
8099 3.6653958243850786e-7
8100 3.6653958243850786e-7
8101 3.6653958243850786e-7
8102 3.6653958243850786e-7
8103 3.6653958243850786e-7
8104 3.6686001837568977e-7
8105 3.6686001837568977e-7
8106 3.6686001837568977e-7
8107 3.6686001837568977e-7
8108 3.6844617287268066e-7
8109 3.6844617287268066e-7
8110 3.6844617287268066e-7
8111 3.6879064048142155e-7
8112 3.6879064048142155e-7
8113 3.6879064048142155e-7
8114 3.6879064048142155e-7
8115 3.6879064048142155e-7
8116 3.6879064048142155e-7
8117 3.6879064048142155e-7
8118 3.6879064048142155e-7
8119 3.6879064048142155e-7
8120 3.6879064048142155e-7
8121 3.6879064048142155e-7
8122 3.6879064048142155e-7
8123 3.6879064048142155e-7
8124 3.7099203205114345e-7
8125 3.7099203205114345e-7
8126 3.7099203205114345e-7
8127 3.7099203205114345e-7
8128 3.7099203205114345e-7
8129 3.7099203205114345e-7
8130 3.7099203205114345e-7
8131 3.7099203205114345e-7
8132 3.7099203205114345e-7
8133 3.7099203205114345e-7
8134 3.7099203205114345e-7
8135 3.714887065619707e-7
8136 3.714887065619707e-7
8137 3.714887065619707e-7
8138 3.714887065619707e-7
8139 3.7202864052633163e-7
8140 3.7202864052633163e-7
8141 3.7202864052633163e-7
8142 3.7202864052633163e-7
8143 3.7202864052633163e-7
8144 3.7202864052633163e-7
8145 3.7202864052633163e-7
8146 3.7202864052633163e-7
8147 3.7202864052633163e-7
8148 3.7202864052633163e-7
8149 3.7202864052633163e-7
8150 3.7202864052633163e-7
8151 3.7202864052633163e-7
8152 3.7202864052633163e-7
8153 3.7202864052633163e-7
8154 3.7202864052633163e-7
8155 3.7202864052633163e-7
8156 3.7202864052633163e-7
8157 3.7202864052633163e-7
8158 3.7202864052633163e-7
8159 3.7202864052633163e-7
8160 3.7202864052633163e-7
8161 3.7202864052633163e-7
8162 3.7202864052633163e-7
8163 3.7202864052633163e-7
8164 3.7202864052633163e-7
8165 3.7202864052633163e-7
8166 3.7202864052633163e-7
8167 3.7202864052633163e-7
8168 3.7202864052633163e-7
8169 3.7419318271808726e-7
8170 3.7419318271808726e-7
8171 3.7419318271808726e-7
8172 3.7419318271808726e-7
8173 3.7419318271808726e-7
8174 3.7419318271808726e-7
8175 3.7419318271808726e-7
8176 3.7419318271808726e-7
8177 3.7419318271808726e-7
8178 3.7419318271808726e-7
8179 3.7419318271808726e-7
8180 3.7419318271808726e-7
8181 3.7419318271808726e-7
8182 3.7419318271808726e-7
8183 3.7419318271808726e-7
8184 3.7419318271808726e-7
8185 3.7419318271808726e-7
8186 3.7419318271808726e-7
8187 3.7434538900899175e-7
8188 3.7434538900899175e-7
8189 3.7434538900899175e-7
8190 3.7434538900899175e-7
8191 3.7434538900899175e-7
8192 3.7434538900899175e-7
8193 3.7498465836446366e-7
8194 3.7498465836446366e-7
8195 3.7498465836446366e-7
8196 3.7498465836446366e-7
8197 3.7498465836446366e-7
8198 3.7498465836446366e-7
8199 3.7507277856805915e-7
8200 3.7507277856805915e-7
8201 3.768287646190374e-7
8202 3.768287646190374e-7
8203 3.768287646190374e-7
8204 3.768287646190374e-7
8205 3.768287646190374e-7
8206 3.768287646190374e-7
8207 3.7701461769485197e-7
8208 3.7701461769485197e-7
8209 3.7744400108058653e-7
8210 3.7744400108058653e-7
8211 3.7792465406958654e-7
8212 3.779935477135711e-7
8213 3.779935477135711e-7
8214 3.779935477135711e-7
8215 3.779935477135711e-7
8216 3.782290678737593e-7
8217 3.782290678737593e-7
8218 3.782290678737593e-7
8219 3.782290678737593e-7
8220 3.782290678737593e-7
8221 3.782290678737593e-7
8222 3.782290678737593e-7
8223 3.782290678737593e-7
8224 3.785671272404784e-7
8225 3.785671272404784e-7
8226 3.785671272404784e-7
8227 3.785671272404784e-7
8228 3.785671272404784e-7
8229 3.785671272404784e-7
8230 3.785671272404784e-7
8231 3.785911601344012e-7
8232 3.785911601344012e-7
8233 3.785911601344012e-7
8234 3.785911601344012e-7
8235 3.785911601344012e-7
8236 3.785911601344012e-7
8237 3.785911601344012e-7
8238 3.785911601344012e-7
8239 3.785911601344012e-7
8240 3.785911601344012e-7
8241 3.785911601344012e-7
8242 3.7972229644402476e-7
8243 3.7972229644402476e-7
8244 3.7972229644402476e-7
8245 3.817362324190402e-7
8246 3.817362324190402e-7
8247 3.817362324190402e-7
8248 3.817362324190402e-7
8249 3.817362324190402e-7
8250 3.817362324190402e-7
8251 3.817362324190402e-7
8252 3.817362324190402e-7
8253 3.817362324190402e-7
8254 3.817362324190402e-7
8255 3.817362324190402e-7
8256 3.817362324190402e-7
8257 3.817362324190402e-7
8258 3.817362324190402e-7
8259 3.817362324190402e-7
8260 3.817362324190402e-7
8261 3.817362324190402e-7
8262 3.823498663616975e-7
8263 3.823498663616975e-7
8264 3.823498663616975e-7
8265 3.823498663616975e-7
8266 3.823498663616975e-7
8267 3.824684270900556e-7
8268 3.824684270900556e-7
8269 3.824684270900556e-7
8270 3.837117152748337e-7
8271 3.837117152748337e-7
8272 3.837117152748337e-7
8273 3.837117152748337e-7
8274 3.852401919265374e-7
8275 3.852401919265374e-7
8276 3.852401919265374e-7
8277 3.854436690430711e-7
8278 3.854436690430711e-7
8279 3.8586343914900016e-7
8280 3.8586343914900016e-7
8281 3.8631685542865744e-7
8282 3.8631685542865744e-7
8283 3.8631685542865744e-7
8284 3.8631685542865744e-7
8285 3.8631685542865744e-7
8286 3.8631685542865744e-7
8287 3.8631685542865744e-7
8288 3.8631685542865744e-7
8289 3.86666129982892e-7
8290 3.86666129982892e-7
8291 3.8685678939301843e-7
8292 3.8685678939301843e-7
8293 3.8685678939301843e-7
8294 3.8685678939301843e-7
8295 3.8685678939301843e-7
8296 3.8685678939301843e-7
8297 3.8685678939301843e-7
8298 3.8685678939301843e-7
8299 3.873246246756111e-7
8300 3.873246246756111e-7
8301 3.873246246756111e-7
8302 3.878116859066329e-7
8303 3.878116859066329e-7
8304 3.878116859066329e-7
8305 3.878116859066329e-7
8306 3.878116859066329e-7
8307 3.878116859066329e-7
8308 3.878116859066329e-7
8309 3.878116859066329e-7
8310 3.878116859066329e-7
8311 3.878116859066329e-7
8312 3.878116859066329e-7
8313 3.878116859066329e-7
8314 3.878116859066329e-7
8315 3.878116859066329e-7
8316 3.878116859066329e-7
8317 3.878116859066329e-7
8318 3.878116859066329e-7
8319 3.878116859066329e-7
8320 3.878116859066329e-7
8321 3.878116859066329e-7
8322 3.878116859066329e-7
8323 3.878116859066329e-7
8324 3.878116859066329e-7
8325 3.878116859066329e-7
8326 3.878116859066329e-7
8327 3.881849927436083e-7
8328 3.881849927436083e-7
8329 3.881849927436083e-7
8330 3.881849927436083e-7
8331 3.881849927436083e-7
8332 3.881849927436083e-7
8333 3.881849927436083e-7
8334 3.881849927436083e-7
8335 3.881849927436083e-7
8336 3.881849927436083e-7
8337 3.881849927436083e-7
8338 3.881849927436083e-7
8339 3.888210564501146e-7
8340 3.888210564501146e-7
8341 3.888210564501146e-7
8342 3.888210564501146e-7
8343 3.888210564501146e-7
8344 3.888210564501146e-7
8345 3.888210564501146e-7
8346 3.8901011334134914e-7
8347 3.8901011334134914e-7
8348 3.893609898032937e-7
8349 3.893609898032937e-7
8350 3.893609898032937e-7
8351 3.893609898032937e-7
8352 3.893609898032937e-7
8353 3.893609898032937e-7
8354 3.893609898032937e-7
8355 3.893609898032937e-7
8356 3.893609898032937e-7
8357 3.893609898032937e-7
8358 3.893609898032937e-7
8359 3.893609898032937e-7
8360 3.893609898032937e-7
8361 3.893609898032937e-7
8362 3.893609898032937e-7
8363 3.893609898032937e-7
8364 3.9100482275675365e-7
8365 3.9100482275675365e-7
8366 3.9100482275675365e-7
8367 3.9100482275675365e-7
8368 3.9100482275675365e-7
8369 3.9100482275675365e-7
8370 3.9100482275675365e-7
8371 3.9100482275675365e-7
8372 3.9100482275675365e-7
8373 3.9100482275675365e-7
8374 3.9100482275675365e-7
8375 3.9100482275675365e-7
8376 3.917498351341764e-7
8377 3.917498351341764e-7
8378 3.917498351341764e-7
8379 3.917498351341764e-7
8380 3.917498351341764e-7
8381 3.917498351341764e-7
8382 3.917498351341764e-7
8383 3.917498351341764e-7
8384 3.917498351341764e-7
8385 3.917498351341764e-7
8386 3.917498351341764e-7
8387 3.917498351341764e-7
8388 3.917498351341764e-7
8389 3.917498351341764e-7
8390 3.917498351341764e-7
8391 3.917498351341764e-7
8392 3.917498351341764e-7
8393 3.917498351341764e-7
8394 3.917498351341764e-7
8395 3.917498351341764e-7
8396 3.917498351341764e-7
8397 3.917498351341764e-7
8398 3.917498351341764e-7
8399 3.9196132240044187e-7
8400 3.9196132240044187e-7
8401 3.9196132240044187e-7
8402 3.9196132240044187e-7
8403 3.9196132240044187e-7
8404 3.9196132240044187e-7
8405 3.9196132240044187e-7
8406 3.9196132240044187e-7
8407 3.9196132240044187e-7
8408 3.9196132240044187e-7
8409 3.9196132240044187e-7
8410 3.9196132240044187e-7
8411 3.9196132240044187e-7
8412 3.9196132240044187e-7
8413 3.9196132240044187e-7
8414 3.9196132240044187e-7
8415 3.9196132240044187e-7
8416 3.9196132240044187e-7
8417 3.9196132240044187e-7
8418 3.9196132240044187e-7
8419 3.9196132240044187e-7
8420 3.9196132240044187e-7
8421 3.923826950252628e-7
8422 3.923826950252628e-7
8423 3.935154338537783e-7
8424 3.935154338537783e-7
8425 3.935154338537783e-7
8426 3.9427326332642646e-7
8427 3.9427326332642646e-7
8428 3.9427326332642646e-7
8429 3.947603251686301e-7
8430 3.947603251686301e-7
8431 3.947603251686301e-7
8432 3.947603251686301e-7
8433 3.947603251686301e-7
8434 3.947603251686301e-7
8435 3.947603251686301e-7
8436 3.947603251686301e-7
8437 3.947603251686301e-7
8438 3.947603251686301e-7
8439 3.947603251686301e-7
8440 3.947603251686301e-7
8441 3.947603251686301e-7
8442 3.947603251686301e-7
8443 3.947603251686301e-7
8444 3.954636812225929e-7
8445 3.954636812225929e-7
8446 3.954636812225929e-7
8447 3.954636812225929e-7
8448 3.9559826408396015e-7
8449 3.9577450387996927e-7
8450 3.961654347576638e-7
8451 3.961654347576638e-7
8452 3.961654347576638e-7
8453 3.962343284016484e-7
8454 3.962343284016484e-7
8455 3.962343284016484e-7
8456 3.962343284016484e-7
8457 3.962343284016484e-7
8458 3.962343284016484e-7
8459 3.962343284016484e-7
8460 3.969649211649539e-7
8461 3.969649211649539e-7
8462 3.969649211649539e-7
8463 3.969649211649539e-7
8464 3.969649211649539e-7
8465 3.969649211649539e-7
8466 3.969649211649539e-7
8467 3.969649211649539e-7
8468 3.969649211649539e-7
8469 3.969649211649539e-7
8470 3.969649211649539e-7
8471 3.969649211649539e-7
8472 3.969649211649539e-7
8473 3.969649211649539e-7
8474 3.969649211649539e-7
8475 3.969649211649539e-7
8476 3.969649211649539e-7
8477 3.969649211649539e-7
8478 3.971235369202439e-7
8479 3.97424745686633e-7
8480 3.97424745686633e-7
8481 3.97424745686633e-7
8482 3.9802235749628114e-7
8483 3.9802235749628114e-7
8484 3.9802235749628114e-7
8485 3.9802235749628114e-7
8486 3.9802235749628114e-7
8487 3.9802235749628114e-7
8488 3.9802235749628114e-7
8489 3.9802235749628114e-7
8490 3.9802235749628114e-7
8491 3.9802235749628114e-7
8492 3.9802235749628114e-7
8493 3.9802235749628114e-7
8494 3.9802235749628114e-7
8495 3.9802235749628114e-7
8496 3.9802235749628114e-7
8497 3.9802235749628114e-7
8498 3.9802235749628114e-7
8499 3.9802235749628114e-7
8500 3.9802235749628114e-7
8501 3.9802235749628114e-7
8502 3.9802235749628114e-7
8503 3.9802235749628114e-7
8504 3.9802235749628114e-7
8505 3.9802235749628114e-7
8506 3.9802235749628114e-7
8507 3.9802235749628114e-7
8508 3.9802235749628114e-7
8509 3.9802235749628114e-7
8510 3.9802235749628114e-7
8511 3.9802235749628114e-7
8512 3.9802235749628114e-7
8513 3.9802235749628114e-7
8514 3.9802235749628114e-7
8515 3.9802235749628114e-7
8516 3.9802235749628114e-7
8517 3.9802235749628114e-7
8518 3.9802235749628114e-7
8519 3.9802235749628114e-7
8520 3.9802235749628114e-7
8521 3.9802235749628114e-7
8522 3.9802235749628114e-7
8523 3.9802235749628114e-7
8524 3.9802235749628114e-7
8525 3.9802235749628114e-7
8526 3.9802235749628114e-7
8527 3.9802235749628114e-7
8528 3.9802235749628114e-7
8529 3.9802235749628114e-7
8530 3.9802235749628114e-7
8531 3.9802235749628114e-7
8532 3.9802235749628114e-7
8533 3.9802235749628114e-7
8534 3.9802235749628114e-7
8535 3.9802235749628114e-7
8536 3.9802235749628114e-7
8537 3.9802235749628114e-7
8538 3.9864880853416386e-7
8539 3.9864880853416386e-7
8540 3.9864880853416386e-7
8541 3.9864880853416386e-7
8542 3.9864880853416386e-7
8543 3.9864880853416386e-7
8544 3.9864880853416386e-7
8545 3.9864880853416386e-7
8546 3.9864880853416386e-7
8547 3.9864880853416386e-7
8548 3.9864880853416386e-7
8549 3.9864880853416386e-7
8550 3.9864880853416386e-7
8551 3.9864880853416386e-7
8552 3.9864880853416386e-7
8553 3.9937459496315756e-7
8554 3.9937459496315756e-7
8555 3.9937459496315756e-7
8556 3.9937459496315756e-7
8557 3.9937459496315756e-7
8558 3.9937459496315756e-7
8559 3.9937459496315756e-7
8560 3.9937459496315756e-7
8561 3.9937459496315756e-7
8562 3.9937459496315756e-7
8563 3.9937459496315756e-7
8564 3.9937459496315756e-7
8565 3.9937459496315756e-7
8566 3.9937459496315756e-7
8567 3.9937459496315756e-7
8568 3.9937459496315756e-7
8569 3.9961011512334574e-7
8570 3.9961011512334574e-7
8571 4.0020612441410205e-7
8572 4.0020612441410205e-7
8573 4.0020612441410205e-7
8574 4.0020612441410205e-7
8575 4.005329679821238e-7
8576 4.005329679821238e-7
8577 4.005329679821238e-7
8578 4.005329679821238e-7
8579 4.005329679821238e-7
8580 4.005329679821238e-7
8581 4.0153272646816386e-7
8582 4.0153272646816386e-7
8583 4.0153272646816386e-7
8584 4.0153272646816386e-7
8585 4.0153272646816386e-7
8586 4.0153272646816386e-7
8587 4.020294009789911e-7
8588 4.020294009789911e-7
8589 4.020294009789911e-7
8590 4.020294009789911e-7
8591 4.020294009789911e-7
8592 4.020294009789911e-7
8593 4.0300993290542017e-7
8594 4.0300993290542017e-7
8595 4.0300993290542017e-7
8596 4.0300993290542017e-7
8597 4.0300993290542017e-7
8598 4.0300993290542017e-7
8599 4.0300993290542017e-7
8600 4.0300993290542017e-7
8601 4.0300993290542017e-7
8602 4.0300993290542017e-7
8603 4.035546732040929e-7
8604 4.035546732040929e-7
8605 4.035546732040929e-7
8606 4.035546732040929e-7
8607 4.035546732040929e-7
8608 4.0420675843242645e-7
8609 4.0420675843242645e-7
8610 4.0458487221489557e-7
8611 4.0458487221489557e-7
8612 4.051296125135683e-7
8613 4.051296125135683e-7
8614 4.054404351709447e-7
8615 4.0580733376589833e-7
8616 4.0580733376589833e-7
8617 4.0580733376589833e-7
8618 4.0580733376589833e-7
8619 4.0580733376589833e-7
8620 4.0580733376589833e-7
8621 4.0580733376589833e-7
8622 4.0580733376589833e-7
8623 4.0580733376589833e-7
8624 4.0580733376589833e-7
8625 4.0580733376589833e-7
8626 4.0580733376589833e-7
8627 4.059995944725528e-7
8628 4.059995944725528e-7
8629 4.0679587584205915e-7
8630 4.0679587584205915e-7
8631 4.0679587584205915e-7
8632 4.0679587584205915e-7
8633 4.0679587584205915e-7
8634 4.0679587584205915e-7
8635 4.0679587584205915e-7
8636 4.0679587584205915e-7
8637 4.0679587584205915e-7
8638 4.0679587584205915e-7
8639 4.0679587584205915e-7
8640 4.0679587584205915e-7
8641 4.0679587584205915e-7
8642 4.0679587584205915e-7
8643 4.071771940511301e-7
8644 4.071771940511301e-7
8645 4.071771940511301e-7
8646 4.071771940511301e-7
8647 4.071771940511301e-7
8648 4.071771940511301e-7
8649 4.071771940511301e-7
8650 4.071771940511301e-7
8651 4.071771940511301e-7
8652 4.071771940511301e-7
8653 4.071771940511301e-7
8654 4.071771940511301e-7
8655 4.071771940511301e-7
8656 4.071771940511301e-7
8657 4.071771940511301e-7
8658 4.071771940511301e-7
8659 4.071771940511301e-7
8660 4.071771940511301e-7
8661 4.071771940511301e-7
8662 4.071771940511301e-7
8663 4.075264679941828e-7
8664 4.075264679941828e-7
8665 4.075264679941828e-7
8666 4.075264679941828e-7
8667 4.075264679941828e-7
8668 4.075264679941828e-7
8669 4.075264679941828e-7
8670 4.075264679941828e-7
8671 4.075264679941828e-7
8672 4.075264679941828e-7
8673 4.075264679941828e-7
8674 4.075264679941828e-7
8675 4.075264679941828e-7
8676 4.0792380772508096e-7
8677 4.0792380772508096e-7
8678 4.0792380772508096e-7
8679 4.0792380772508096e-7
8680 4.0792380772508096e-7
8681 4.0792380772508096e-7
8682 4.0792380772508096e-7
8683 4.0792380772508096e-7
8684 4.0792380772508096e-7
8685 4.0792380772508096e-7
8686 4.0792380772508096e-7
8687 4.0792380772508096e-7
8688 4.0792380772508096e-7
8689 4.0792380772508096e-7
8690 4.096621691241582e-7
8691 4.096621691241582e-7
8692 4.096621691241582e-7
8693 4.096621691241582e-7
8694 4.096621691241582e-7
8695 4.098704525750037e-7
8696 4.098704525750037e-7
8697 4.098704525750037e-7
8698 4.098704525750037e-7
8699 4.098704525750037e-7
8700 4.098704525750037e-7
8701 4.098704525750037e-7
8702 4.098704525750037e-7
8703 4.098704525750037e-7
8704 4.098704525750037e-7
8705 4.098704525750037e-7
8706 4.098704525750037e-7
8707 4.098704525750037e-7
8708 4.098704525750037e-7
8709 4.098704525750037e-7
8710 4.098704525750037e-7
8711 4.098704525750037e-7
8712 4.102998359607383e-7
8713 4.102998359607383e-7
8714 4.102998359607383e-7
8715 4.102998359607383e-7
8716 4.102998359607383e-7
8717 4.102998359607383e-7
8718 4.102998359607383e-7
8719 4.102998359607383e-7
8720 4.102998359607383e-7
8721 4.102998359607383e-7
8722 4.102998359607383e-7
8723 4.102998359607383e-7
8724 4.102998359607383e-7
8725 4.1095352493032745e-7
8726 4.1095352493032745e-7
8727 4.1095352493032745e-7
8728 4.1095352493032745e-7
8729 4.1095352493032745e-7
8730 4.1095352493032745e-7
8731 4.1095352493032745e-7
8732 4.1095352493032745e-7
8733 4.1095352493032745e-7
8734 4.1095352493032745e-7
8735 4.1095352493032745e-7
8736 4.1095352493032745e-7
8737 4.1095352493032745e-7
8738 4.1095352493032745e-7
8739 4.1095352493032745e-7
8740 4.115383190335683e-7
8741 4.115383190335683e-7
8742 4.115383190335683e-7
8743 4.115383190335683e-7
8744 4.115383190335683e-7
8745 4.115383190335683e-7
8746 4.115383190335683e-7
8747 4.115383190335683e-7
8748 4.115383190335683e-7
8749 4.115383190335683e-7
8750 4.115383190335683e-7
8751 4.115383190335683e-7
8752 4.115383190335683e-7
8753 4.115383190335683e-7
8754 4.115383190335683e-7
8755 4.115383190335683e-7
8756 4.115383190335683e-7
8757 4.115383190335683e-7
8758 4.115383190335683e-7
8759 4.115383190335683e-7
8760 4.115383190335683e-7
8761 4.115383190335683e-7
8762 4.115383190335683e-7
8763 4.115383190335683e-7
8764 4.115383190335683e-7
8765 4.115383190335683e-7
8766 4.115383190335683e-7
8767 4.115383190335683e-7
8768 4.115383190335683e-7
8769 4.115383190335683e-7
8770 4.115383190335683e-7
8771 4.115383190335683e-7
8772 4.115383190335683e-7
8773 4.115383190335683e-7
8774 4.115383190335683e-7
8775 4.115383190335683e-7
8776 4.1195969165838927e-7
8777 4.1195969165838927e-7
8778 4.1195969165838927e-7
8779 4.1195969165838927e-7
8780 4.1195969165838927e-7
8781 4.1195969165838927e-7
8782 4.1250763577248195e-7
8783 4.1250763577248195e-7
8784 4.1250763577248195e-7
8785 4.1250763577248195e-7
8786 4.1250763577248195e-7
8787 4.1250763577248195e-7
8788 4.1250763577248195e-7
8789 4.1250763577248195e-7
8790 4.1250763577248195e-7
8791 4.1250763577248195e-7
8792 4.1250763577248195e-7
8793 4.1250763577248195e-7
8794 4.1250763577248195e-7
8795 4.1250763577248195e-7
8796 4.1250763577248195e-7
8797 4.1250763577248195e-7
8798 4.1527459549701567e-7
8799 4.1527459549701567e-7
8800 4.1527459549701567e-7
8801 4.1527459549701567e-7
8802 4.1527459549701567e-7
8803 4.1527459549701567e-7
8804 4.1527459549701567e-7
8805 4.15567794113673e-7
8806 4.15567794113673e-7
8807 4.15567794113673e-7
8808 4.15567794113673e-7
8809 4.15567794113673e-7
8810 4.15567794113673e-7
8811 4.15567794113673e-7
8812 4.15567794113673e-7
8813 4.15567794113673e-7
8814 4.1601800657791037e-7
8815 4.1601800657791037e-7
8816 4.1601800657791037e-7
8817 4.1601800657791037e-7
8818 4.1601800657791037e-7
8819 4.1617822362972847e-7
8820 4.1617822362972847e-7
8821 4.1617822362972847e-7
8822 4.1617822362972847e-7
8823 4.1617822362972847e-7
8824 4.1617822362972847e-7
8825 4.1617822362972847e-7
8826 4.1617822362972847e-7
8827 4.1617822362972847e-7
8828 4.1617822362972847e-7
8829 4.1617822362972847e-7
8830 4.167325765970248e-7
8831 4.167325765970248e-7
8832 4.167325765970248e-7
8833 4.167325765970248e-7
8834 4.167325765970248e-7
8835 4.167325765970248e-7
8836 4.167325765970248e-7
8837 4.167325765970248e-7
8838 4.167325765970248e-7
8839 4.167325765970248e-7
8840 4.167325765970248e-7
8841 4.167325765970248e-7
8842 4.167325765970248e-7
8843 4.167325765970248e-7
8844 4.167325765970248e-7
8845 4.167325765970248e-7
8846 4.167325765970248e-7
8847 4.167325765970248e-7
8848 4.167325765970248e-7
8849 4.167325765970248e-7
8850 4.167325765970248e-7
8851 4.167325765970248e-7
8852 4.167325765970248e-7
8853 4.167325765970248e-7
8854 4.167325765970248e-7
8855 4.167325765970248e-7
8856 4.167325765970248e-7
8857 4.167325765970248e-7
8858 4.167325765970248e-7
8859 4.167325765970248e-7
8860 4.167325765970248e-7
8861 4.167325765970248e-7
8862 4.167325765970248e-7
8863 4.167325765970248e-7
8864 4.167325765970248e-7
8865 4.167325765970248e-7
8866 4.167325765970248e-7
8867 4.167325765970248e-7
8868 4.167325765970248e-7
8869 4.167325765970248e-7
8870 4.167325765970248e-7
8871 4.167325765970248e-7
8872 4.167325765970248e-7
8873 4.167325765970248e-7
8874 4.167325765970248e-7
8875 4.167325765970248e-7
8876 4.167325765970248e-7
8877 4.167325765970248e-7
8878 4.167325765970248e-7
8879 4.173734478602067e-7
8880 4.173734478602067e-7
8881 4.173734478602067e-7
8882 4.173734478602067e-7
8883 4.173734478602067e-7
8884 4.173734478602067e-7
8885 4.173734478602067e-7
8886 4.173734478602067e-7
8887 4.173734478602067e-7
8888 4.173734478602067e-7
8889 4.173734478602067e-7
8890 4.173734478602067e-7
8891 4.173734478602067e-7
8892 4.173734478602067e-7
8893 4.173734478602067e-7
8894 4.173734478602067e-7
8895 4.173734478602067e-7
8896 4.173734478602067e-7
8897 4.173734478602067e-7
8898 4.180848140639012e-7
8899 4.180848140639012e-7
8900 4.180848140639012e-7
8901 4.180848140639012e-7
8902 4.180848140639012e-7
8903 4.180848140639012e-7
8904 4.180848140639012e-7
8905 4.180848140639012e-7
8906 4.180848140639012e-7
8907 4.182674621019321e-7
8908 4.182674621019321e-7
8909 4.182674621019321e-7
8910 4.182674621019321e-7
8911 4.182674621019321e-7
8912 4.182674621019321e-7
8913 4.182674621019321e-7
8914 4.182674621019321e-7
8915 4.182674621019321e-7
8916 4.182674621019321e-7
8917 4.182674621019321e-7
8918 4.182674621019321e-7
8919 4.182674621019321e-7
8920 4.182674621019321e-7
8921 4.182674621019321e-7
8922 4.182674621019321e-7
8923 4.182674621019321e-7
8924 4.182674621019321e-7
8925 4.182674621019321e-7
8926 4.182674621019321e-7
8927 4.182674621019321e-7
8928 4.182674621019321e-7
8929 4.182674621019321e-7
8930 4.182674621019321e-7
8931 4.182674621019321e-7
8932 4.182674621019321e-7
8933 4.182674621019321e-7
8934 4.182674621019321e-7
8935 4.182674621019321e-7
8936 4.182674621019321e-7
8937 4.182674621019321e-7
8938 4.182674621019321e-7
8939 4.182674621019321e-7
8940 4.182674621019321e-7
8941 4.182674621019321e-7
8942 4.182674621019321e-7
8943 4.182674621019321e-7
8944 4.182674621019321e-7
8945 4.182674621019321e-7
8946 4.182674621019321e-7
8947 4.182674621019321e-7
8948 4.1845171265885485e-7
8949 4.1845171265885485e-7
8950 4.1845171265885485e-7
8951 4.1845171265885485e-7
8952 4.1845171265885485e-7
8953 4.1854944553107393e-7
8954 4.1854944553107393e-7
8955 4.1854944553107393e-7
8956 4.1854944553107393e-7
8957 4.185911024657158e-7
8958 4.185911024657158e-7
8959 4.187272878459749e-7
8960 4.187272878459749e-7
8961 4.187272878459749e-7
8962 4.187272878459749e-7
8963 4.187272878459749e-7
8964 4.187272878459749e-7
8965 4.187272878459749e-7
8966 4.187272878459749e-7
8967 4.187272878459749e-7
8968 4.187272878459749e-7
8969 4.187272878459749e-7
8970 4.187272878459749e-7
8971 4.187272878459749e-7
8972 4.187272878459749e-7
8973 4.187272878459749e-7
8974 4.1881861186499034e-7
8975 4.1881861186499034e-7
8976 4.1881861186499034e-7
8977 4.1881861186499034e-7
8978 4.1881861186499034e-7
8979 4.1881861186499034e-7
8980 4.1881861186499034e-7
8981 4.1881861186499034e-7
8982 4.1881861186499034e-7
8983 4.1881861186499034e-7
8984 4.1881861186499034e-7
8985 4.1881861186499034e-7
8986 4.1912943391118487e-7
8987 4.1912943391118487e-7
8988 4.196052799546912e-7
8989 4.196052799546912e-7
8990 4.196052799546912e-7
8991 4.196052799546912e-7
8992 4.196052799546912e-7
8993 4.196052799546912e-7
8994 4.196052799546912e-7
8995 4.196052799546912e-7
8996 4.196052799546912e-7
8997 4.196052799546912e-7
8998 4.196052799546912e-7
8999 4.196052799546912e-7
9000 4.196052799546912e-7
9001 4.196052799546912e-7
9002 4.196052799546912e-7
9003 4.196052799546912e-7
9004 4.196052799546912e-7
9005 4.196052799546912e-7
9006 4.196052799546912e-7
9007 4.196052799546912e-7
9008 4.200346633404258e-7
9009 4.200346633404258e-7
9010 4.200346633404258e-7
9011 4.200346633404258e-7
9012 4.200346633404258e-7
9013 4.200346633404258e-7
9014 4.200346633404258e-7
9015 4.200346633404258e-7
9016 4.200346633404258e-7
9017 4.200346633404258e-7
9018 4.200346633404258e-7
9019 4.200346633404258e-7
9020 4.200346633404258e-7
9021 4.2021410695185486e-7
9022 4.2021410695185486e-7
9023 4.2021410695185486e-7
9024 4.2021410695185486e-7
9025 4.2021410695185486e-7
9026 4.2021410695185486e-7
9027 4.2072359916908943e-7
9028 4.2072359916908943e-7
9029 4.2072359916908943e-7
9030 4.2072359916908943e-7
9031 4.216688830140803e-7
9032 4.216688830140803e-7
9033 4.216688830140803e-7
9034 4.216688830140803e-7
9035 4.219332417913212e-7
9036 4.219332417913212e-7
9037 4.219332417913212e-7
9038 4.219332417913212e-7
9039 4.219332417913212e-7
9040 4.219332417913212e-7
9041 4.219332417913212e-7
9042 4.219332417913212e-7
9043 4.219332417913212e-7
9044 4.219332417913212e-7
9045 4.223321840411112e-7
9046 4.223321840411112e-7
9047 4.232534362145431e-7
9048 4.232534362145431e-7
9049 4.232534362145431e-7
9050 4.232534362145431e-7
9051 4.2483157995062035e-7
9052 4.2483157995062035e-7
9053 4.2483157995062035e-7
9054 4.2483157995062035e-7
9055 4.2483157995062035e-7
9056 4.2483157995062035e-7
9057 4.2483157995062035e-7
9058 4.2483157995062035e-7
9059 4.2483157995062035e-7
9060 4.2483157995062035e-7
9061 4.2483157995062035e-7
9062 4.2483157995062035e-7
9063 4.2483157995062035e-7
9064 4.2483157995062035e-7
9065 4.2483157995062035e-7
9066 4.2483157995062035e-7
9067 4.2483157995062035e-7
9068 4.2483157995062035e-7
9069 4.2483157995062035e-7
9070 4.2500461532002765e-7
9071 4.2500461532002765e-7
9072 4.2500461532002765e-7
9073 4.2500461532002765e-7
9074 4.2500461532002765e-7
9075 4.2500461532002765e-7
9076 4.2500461532002765e-7
9077 4.2500461532002765e-7
9078 4.2500461532002765e-7
9079 4.2500461532002765e-7
9080 4.2500461532002765e-7
9081 4.2500461532002765e-7
9082 4.2500461532002765e-7
9083 4.2500461532002765e-7
9084 4.2500461532002765e-7
9085 4.2500461532002765e-7
9086 4.2500461532002765e-7
9087 4.2500461532002765e-7
9088 4.260764706542903e-7
9089 4.260764706542903e-7
9090 4.260764706542903e-7
9091 4.260764706542903e-7
9092 4.260764706542903e-7
9093 4.260764706542903e-7
9094 4.260764706542903e-7
9095 4.260764706542903e-7
9096 4.260764706542903e-7
9097 4.260764706542903e-7
9098 4.260764706542903e-7
9099 4.260764706542903e-7
9100 4.260764706542903e-7
9101 4.260764706542903e-7
9102 4.260764706542903e-7
9103 4.269208178116421e-7
9104 4.269208178116421e-7
9105 4.269208178116421e-7
9106 4.269208178116421e-7
9107 4.269208178116421e-7
9108 4.269208178116421e-7
9109 4.269208178116421e-7
9110 4.269208178116421e-7
9111 4.269208178116421e-7
9112 4.269208178116421e-7
9113 4.269208178116421e-7
9114 4.269208178116421e-7
9115 4.269208178116421e-7
9116 4.269208178116421e-7
9117 4.269208178116421e-7
9118 4.269208178116421e-7
9119 4.269208178116421e-7
9120 4.269208178116421e-7
9121 4.269208178116421e-7
9122 4.269208178116421e-7
9123 4.269208178116421e-7
9124 4.2714992911862666e-7
9125 4.2714992911862666e-7
9126 4.278741124175466e-7
9127 4.278741124175466e-7
9128 4.278741124175466e-7
9129 4.278741124175466e-7
9130 4.2847332674608665e-7
9131 4.2847332674608665e-7
9132 4.2847332674608665e-7
9133 4.2847332674608665e-7
9134 4.2847332674608665e-7
9135 4.2881138611280577e-7
9136 4.2881138611280577e-7
9137 4.2881138611280577e-7
9138 4.296349048028367e-7
9139 4.296349048028367e-7
9140 4.296349048028367e-7
9141 4.296349048028367e-7
9142 4.296349048028367e-7
9143 4.296349048028367e-7
9144 4.296349048028367e-7
9145 4.296349048028367e-7
9146 4.296349048028367e-7
9147 4.296349048028367e-7
9148 4.296349048028367e-7
9149 4.296349048028367e-7
9150 4.296349048028367e-7
9151 4.296349048028367e-7
9152 4.296349048028367e-7
9153 4.296349048028367e-7
9154 4.296349048028367e-7
9155 4.296349048028367e-7
9156 4.296349048028367e-7
9157 4.296349048028367e-7
9158 4.296349048028367e-7
9159 4.296349048028367e-7
9160 4.296349048028367e-7
9161 4.296349048028367e-7
9162 4.296349048028367e-7
9163 4.296349048028367e-7
9164 4.296349048028367e-7
9165 4.296349048028367e-7
9166 4.296349048028367e-7
9167 4.296349048028367e-7
9168 4.296349048028367e-7
9169 4.296349048028367e-7
9170 4.296349048028367e-7
9171 4.296349048028367e-7
9172 4.296349048028367e-7
9173 4.296349048028367e-7
9174 4.296349048028367e-7
9175 4.296349048028367e-7
9176 4.296349048028367e-7
9177 4.296349048028367e-7
9178 4.296349048028367e-7
9179 4.296349048028367e-7
9180 4.296349048028367e-7
9181 4.296349048028367e-7
9182 4.296349048028367e-7
9183 4.296349048028367e-7
9184 4.296349048028367e-7
9185 4.296349048028367e-7
9186 4.296349048028367e-7
9187 4.296349048028367e-7
9188 4.296349048028367e-7
9189 4.296349048028367e-7
9190 4.296349048028367e-7
9191 4.296349048028367e-7
9192 4.296349048028367e-7
9193 4.296349048028367e-7
9194 4.296349048028367e-7
9195 4.296349048028367e-7
9196 4.3037511084594765e-7
9197 4.3037511084594765e-7
9198 4.3037511084594765e-7
9199 4.3037511084594765e-7
9200 4.3037511084594765e-7
9201 4.3037511084594765e-7
9202 4.3037511084594765e-7
9203 4.3037511084594765e-7
9204 4.3037511084594765e-7
9205 4.3037511084594765e-7
9206 4.3037511084594765e-7
9207 4.3037511084594765e-7
9208 4.31089681476244e-7
9209 4.31089681476244e-7
9210 4.31089681476244e-7
9211 4.31089681476244e-7
9212 4.31089681476244e-7
9213 4.31089681476244e-7
9214 4.31089681476244e-7
9215 4.31089681476244e-7
9216 4.31089681476244e-7
9217 4.31089681476244e-7
9218 4.31089681476244e-7
9219 4.31089681476244e-7
9220 4.31089681476244e-7
9221 4.31089681476244e-7
9222 4.31089681476244e-7
9223 4.31089681476244e-7
9224 4.31089681476244e-7
9225 4.31089681476244e-7
9226 4.3132840545185213e-7
9227 4.3132840545185213e-7
9228 4.3132840545185213e-7
9229 4.3132840545185213e-7
9230 4.3132840545185213e-7
9231 4.320317615058149e-7
9232 4.320317615058149e-7
9233 4.320317615058149e-7
9234 4.324226929946913e-7
9235 4.324226929946913e-7
9236 4.324226929946913e-7
9237 4.326710308612868e-7
9238 4.326710308612868e-7
9239 4.326710308612868e-7
9240 4.326710308612868e-7
9241 4.326710308612868e-7
9242 4.326710308612868e-7
9243 4.326710308612868e-7
9244 4.326710308612868e-7
9245 4.326710308612868e-7
9246 4.326710308612868e-7
9247 4.326710308612868e-7
9248 4.326710308612868e-7
9249 4.326710308612868e-7
9250 4.326710308612868e-7
9251 4.326710308612868e-7
9252 4.326710308612868e-7
9253 4.326710308612868e-7
9254 4.326710308612868e-7
9255 4.326710308612868e-7
9256 4.326710308612868e-7
9257 4.326710308612868e-7
9258 4.334176457576014e-7
9259 4.334176457576014e-7
9260 4.334176457576014e-7
9261 4.334176457576014e-7
9262 4.334176457576014e-7
9263 4.334176457576014e-7
9264 4.334176457576014e-7
9265 4.334176457576014e-7
9266 4.334176457576014e-7
9267 4.334176457576014e-7
9268 4.334176457576014e-7
9269 4.334176457576014e-7
9270 4.334176457576014e-7
9271 4.3374929688229876e-7
9272 4.3374929688229876e-7
9273 4.3374929688229876e-7
9274 4.3374929688229876e-7
9275 4.3374929688229876e-7
9276 4.348019262681323e-7
9277 4.348019262681323e-7
9278 4.348019262681323e-7
9279 4.348019262681323e-7
9280 4.348019262681323e-7
9281 4.348019262681323e-7
9282 4.348019262681323e-7
9283 4.348019262681323e-7
9284 4.348019262681323e-7
9285 4.348019262681323e-7
9286 4.348019262681323e-7
9287 4.348019262681323e-7
9288 4.348019262681323e-7
9289 4.348019262681323e-7
9290 4.3513517807817584e-7
9291 4.3513517807817584e-7
9292 4.3671973066745676e-7
9293 4.3671973066745676e-7
9294 4.3704977927326226e-7
9295 4.3704977927326226e-7
9296 4.3805754790903405e-7
9297 4.3805754790903405e-7
9298 4.3805754790903405e-7
9299 4.3805754790903405e-7
9300 4.3805754790903405e-7
9301 4.3805754790903405e-7
9302 4.385061566320158e-7
9303 4.385061566320158e-7
9304 4.385061566320158e-7
9305 4.385061566320158e-7
9306 4.385061566320158e-7
9307 4.385061566320158e-7
9308 4.385061566320158e-7
9309 4.385061566320158e-7
9310 4.385061566320158e-7
9311 4.385061566320158e-7
9312 4.385061566320158e-7
9313 4.385061566320158e-7
9314 4.385061566320158e-7
9315 4.385061566320158e-7
9316 4.385061566320158e-7
9317 4.385061566320158e-7
9318 4.385061566320158e-7
9319 4.385061566320158e-7
9320 4.385061566320158e-7
9321 4.385061566320158e-7
9322 4.385061566320158e-7
9323 4.385061566320158e-7
9324 4.385061566320158e-7
9325 4.385061566320158e-7
9326 4.385061566320158e-7
9327 4.385061566320158e-7
9328 4.38943550778664e-7
9329 4.38943550778664e-7
9330 4.38943550778664e-7
9331 4.38943550778664e-7
9332 4.38943550778664e-7
9333 4.38943550778664e-7
9334 4.38943550778664e-7
9335 4.38943550778664e-7
9336 4.396100562322967e-7
9337 4.396100562322967e-7
9338 4.396100562322967e-7
9339 4.396100562322967e-7
9340 4.396100562322967e-7
9341 4.396100562322967e-7
9342 4.396100562322967e-7
9343 4.396100562322967e-7
9344 4.396100562322967e-7
9345 4.396100562322967e-7
9346 4.396100562322967e-7
9347 4.396100562322967e-7
9348 4.396100562322967e-7
9349 4.402060667454168e-7
9350 4.402060667454168e-7
9351 4.402060667454168e-7
9352 4.402060667454168e-7
9353 4.402060667454168e-7
9354 4.402060667454168e-7
9355 4.402060667454168e-7
9356 4.402060667454168e-7
9357 4.402060667454168e-7
9358 4.402060667454168e-7
9359 4.402060667454168e-7
9360 4.402060667454168e-7
9361 4.4069953682964223e-7
9362 4.4069953682964223e-7
9363 4.4069953682964223e-7
9364 4.4069953682964223e-7
9365 4.411865986718459e-7
9366 4.411865986718459e-7
9367 4.411865986718459e-7
9368 4.411865986718459e-7
9369 4.411865986718459e-7
9370 4.411865986718459e-7
9371 4.411865986718459e-7
9372 4.411865986718459e-7
9373 4.411865986718459e-7
9374 4.411865986718459e-7
9375 4.420117204919505e-7
9376 4.420117204919505e-7
9377 4.422840912524688e-7
9378 4.422840912524688e-7
9379 4.424282873936415e-7
9380 4.424282873936415e-7
9381 4.424282873936415e-7
9382 4.424282873936415e-7
9383 4.432037402958269e-7
9384 4.432037402958269e-7
9385 4.432037402958269e-7
9386 4.432037402958269e-7
9387 4.432037402958269e-7
9388 4.432037402958269e-7
9389 4.432037402958269e-7
9390 4.432037402958269e-7
9391 4.432037402958269e-7
9392 4.432037402958269e-7
9393 4.432037402958269e-7
9394 4.432037402958269e-7
9395 4.432037402958269e-7
9396 4.432037402958269e-7
9397 4.432037402958269e-7
9398 4.432037402958269e-7
9399 4.432037402958269e-7
9400 4.432037402958269e-7
9401 4.432037402958269e-7
9402 4.432037402958269e-7
9403 4.432037402958269e-7
9404 4.432037402958269e-7
9405 4.432037402958269e-7
9406 4.4354820851574966e-7
9407 4.4354820851574966e-7
9408 4.4354820851574966e-7
9409 4.4354820851574966e-7
9410 4.4354820851574966e-7
9411 4.4354820851574966e-7
9412 4.4354820851574966e-7
9413 4.4354820851574966e-7
9414 4.4354820851574966e-7
9415 4.4354820851574966e-7
9416 4.4354820851574966e-7
9417 4.4354820851574966e-7
9418 4.4354820851574966e-7
9419 4.4354820851574966e-7
9420 4.4354820851574966e-7
9421 4.4452233220015696e-7
9422 4.4452233220015696e-7
9423 4.4452233220015696e-7
9424 4.4452233220015696e-7
9425 4.4452233220015696e-7
9426 4.4452233220015696e-7
9427 4.4452233220015696e-7
9428 4.4452233220015696e-7
9429 4.4452233220015696e-7
9430 4.4502060922987604e-7
9431 4.4502060922987604e-7
9432 4.4502060922987604e-7
9433 4.45400325531237e-7
9434 4.45400325531237e-7
9435 4.45400325531237e-7
9436 4.45400325531237e-7
9437 4.45400325531237e-7
9438 4.458281070092616e-7
9439 4.458281070092616e-7
9440 4.458281070092616e-7
9441 4.458281070092616e-7
9442 4.458281070092616e-7
9443 4.458281070092616e-7
9444 4.458281070092616e-7
9445 4.458281070092616e-7
9446 4.458281070092616e-7
9447 4.458281070092616e-7
9448 4.4635041571053967e-7
9449 4.4635041571053967e-7
9450 4.4635041571053967e-7
9451 4.4635041571053967e-7
9452 4.4635041571053967e-7
9453 4.4635041571053967e-7
9454 4.4635041571053967e-7
9455 4.4635041571053967e-7
9456 4.4635041571053967e-7
9457 4.4635041571053967e-7
9458 4.4635041571053967e-7
9459 4.4635041571053967e-7
9460 4.4635041571053967e-7
9461 4.4635041571053967e-7
9462 4.4635041571053967e-7
9463 4.4635041571053967e-7
9464 4.4635041571053967e-7
9465 4.4635041571053967e-7
9466 4.4635041571053967e-7
9467 4.4635041571053967e-7
9468 4.4635041571053967e-7
9469 4.4635041571053967e-7
9470 4.4635041571053967e-7
9471 4.466291947130797e-7
9472 4.466291947130797e-7
9473 4.466291947130797e-7
9474 4.466291947130797e-7
9475 4.466291947130797e-7
9476 4.466291947130797e-7
9477 4.466291947130797e-7
9478 4.466291947130797e-7
9479 4.466291947130797e-7
9480 4.466291947130797e-7
9481 4.466291947130797e-7
9482 4.466291947130797e-7
9483 4.4679902565588515e-7
9484 4.4679902565588515e-7
9485 4.4679902565588515e-7
9486 4.4679902565588515e-7
9487 4.4679902565588515e-7
9488 4.4679902565588515e-7
9489 4.4679902565588515e-7
9490 4.4679902565588515e-7
9491 4.4679902565588515e-7
9492 4.4679902565588515e-7
9493 4.4679902565588515e-7
9494 4.4679902565588515e-7
9495 4.4679902565588515e-7
9496 4.4679902565588515e-7
9497 4.4679902565588515e-7
9498 4.4679902565588515e-7
9499 4.4679902565588515e-7
9500 4.4679902565588515e-7
9501 4.4679902565588515e-7
9502 4.4679902565588515e-7
9503 4.4679902565588515e-7
9504 4.4679902565588515e-7
9505 4.4679902565588515e-7
9506 4.4679902565588515e-7
9507 4.4679902565588515e-7
9508 4.4679902565588515e-7
9509 4.4679902565588515e-7
9510 4.4679902565588515e-7
9511 4.4679902565588515e-7
9512 4.4679902565588515e-7
9513 4.4679902565588515e-7
9514 4.4679902565588515e-7
9515 4.4679902565588515e-7
9516 4.4785486007950244e-7
9517 4.4785486007950244e-7
9518 4.4785486007950244e-7
9519 4.4785486007950244e-7
9520 4.4785486007950244e-7
9521 4.4785486007950244e-7
9522 4.4785486007950244e-7
9523 4.4785486007950244e-7
9524 4.4785486007950244e-7
9525 4.4785486007950244e-7
9526 4.4785486007950244e-7
9527 4.4785486007950244e-7
9528 4.4785486007950244e-7
9529 4.4785486007950244e-7
9530 4.4785486007950244e-7
9531 4.481144125224315e-7
9532 4.481144125224315e-7
9533 4.481144125224315e-7
9534 4.481144125224315e-7
9535 4.481144125224315e-7
9536 4.481144125224315e-7
9537 4.481144125224315e-7
9538 4.481144125224315e-7
9539 4.4830026498706424e-7
9540 4.4830026498706424e-7
9541 4.4830026498706424e-7
9542 4.4830026498706424e-7
9543 4.4830026498706424e-7
9544 4.4830026498706424e-7
9545 4.4830026498706424e-7
9546 4.4830026498706424e-7
9547 4.4830026498706424e-7
9548 4.4830026498706424e-7
9549 4.4830026498706424e-7
9550 4.4830026498706424e-7
9551 4.4830026498706424e-7
9552 4.4830026498706424e-7
9553 4.4830026498706424e-7
9554 4.4830026498706424e-7
9555 4.4830026498706424e-7
9556 4.4830026498706424e-7
9557 4.4830026498706424e-7
9558 4.4830026498706424e-7
9559 4.4830026498706424e-7
9560 4.4830026498706424e-7
9561 4.4830026498706424e-7
9562 4.4830026498706424e-7
9563 4.4830026498706424e-7
9564 4.4830026498706424e-7
9565 4.4830026498706424e-7
9566 4.4830026498706424e-7
9567 4.496348784132215e-7
9568 4.496348784132215e-7
9569 4.496348784132215e-7
9570 4.496348784132215e-7
9571 4.500097877690888e-7
9572 4.500097877690888e-7
9573 4.500097877690888e-7
9574 4.500097877690888e-7
9575 4.500097877690888e-7
9576 4.5010431621470604e-7
9577 4.5010431621470604e-7
9578 4.5010431621470604e-7
9579 4.5010431621470604e-7
9580 4.5010431621470604e-7
9581 4.5039911673907334e-7
9582 4.5039911673907334e-7
9583 4.5039911673907334e-7
9584 4.5039911673907334e-7
9585 4.5039911673907334e-7
9586 4.5048723633148696e-7
9587 4.5048723633148696e-7
9588 4.5048723633148696e-7
9589 4.5048723633148696e-7
9590 4.5048723633148696e-7
9591 4.5048723633148696e-7
9592 4.5048723633148696e-7
9593 4.5048723633148696e-7
9594 4.5048723633148696e-7
9595 4.5048723633148696e-7
9596 4.5048723633148696e-7
9597 4.5048723633148696e-7
9598 4.5048723633148696e-7
9599 4.5048723633148696e-7
9600 4.5048723633148696e-7
9601 4.5048723633148696e-7
9602 4.5048723633148696e-7
9603 4.5048723633148696e-7
9604 4.5048723633148696e-7
9605 4.5048723633148696e-7
9606 4.5048723633148696e-7
9607 4.5048723633148696e-7
9608 4.5048723633148696e-7
9609 4.5048723633148696e-7
9610 4.506106040053388e-7
9611 4.506106040053388e-7
9612 4.5081728432611055e-7
9613 4.5081728432611055e-7
9614 4.5081728432611055e-7
9615 4.5081728432611055e-7
9616 4.5081728432611055e-7
9617 4.5081728432611055e-7
9618 4.5081728432611055e-7
9619 4.5081728432611055e-7
9620 4.5081728432611055e-7
9621 4.5081728432611055e-7
9622 4.5081728432611055e-7
9623 4.5081728432611055e-7
9624 4.5081728432611055e-7
9625 4.5081728432611055e-7
9626 4.5081728432611055e-7
9627 4.5081728432611055e-7
9628 4.5081728432611055e-7
9629 4.5081728432611055e-7
9630 4.5081728432611055e-7
9631 4.5081728432611055e-7
9632 4.5081728432611055e-7
9633 4.5081728432611055e-7
9634 4.5223521101036967e-7
9635 4.5223521101036967e-7
9636 4.5223521101036967e-7
9637 4.528168006870087e-7
9638 4.528168006870087e-7
9639 4.528168006870087e-7
9640 4.528168006870087e-7
9641 4.528168006870087e-7
9642 4.528168006870087e-7
9643 4.528168006870087e-7
9644 4.528168006870087e-7
9645 4.528168006870087e-7
9646 4.528168006870087e-7
9647 4.528168006870087e-7
9648 4.528168006870087e-7
9649 4.528168006870087e-7
9650 4.528168006870087e-7
9651 4.528168006870087e-7
9652 4.528168006870087e-7
9653 4.528168006870087e-7
9654 4.528168006870087e-7
9655 4.528168006870087e-7
9656 4.528168006870087e-7
9657 4.528168006870087e-7
9658 4.528168006870087e-7
9659 4.528168006870087e-7
9660 4.528168006870087e-7
9661 4.528168006870087e-7
9662 4.528168006870087e-7
9663 4.528168006870087e-7
9664 4.528168006870087e-7
9665 4.528168006870087e-7
9666 4.528168006870087e-7
9667 4.528168006870087e-7
9668 4.528168006870087e-7
9669 4.528168006870087e-7
9670 4.528168006870087e-7
9671 4.528168006870087e-7
9672 4.528168006870087e-7
9673 4.528168006870087e-7
9674 4.537460636213542e-7
9675 4.537460636213542e-7
9676 4.537460636213542e-7
9677 4.537460636213542e-7
9678 4.537460636213542e-7
9679 4.537460636213542e-7
9680 4.537460636213542e-7
9681 4.5385981862658245e-7
9682 4.5385981862658245e-7
9683 4.5385981862658245e-7
9684 4.5385981862658245e-7
9685 4.544558285285207e-7
9686 4.544558285285207e-7
9687 4.544558285285207e-7
9688 4.544558285285207e-7
9689 4.544558285285207e-7
9690 4.544558285285207e-7
9691 4.544558285285207e-7
9692 4.544558285285207e-7
9693 4.544558285285207e-7
9694 4.544558285285207e-7
9695 4.544558285285207e-7
9696 4.544558285285207e-7
9697 4.544558285285207e-7
9698 4.544558285285207e-7
9699 4.544558285285207e-7
9700 4.544558285285207e-7
9701 4.544558285285207e-7
9702 4.544558285285207e-7
9703 4.544558285285207e-7
9704 4.544558285285207e-7
9705 4.544558285285207e-7
9706 4.544558285285207e-7
9707 4.544558285285207e-7
9708 4.544558285285207e-7
9709 4.544558285285207e-7
9710 4.544558285285207e-7
9711 4.544558285285207e-7
9712 4.544558285285207e-7
9713 4.544558285285207e-7
9714 4.544558285285207e-7
9715 4.544558285285207e-7
9716 4.544558285285207e-7
9717 4.544558285285207e-7
9718 4.55107914979218e-7
9719 4.55107914979218e-7
9720 4.55107914979218e-7
9721 4.55107914979218e-7
9722 4.55107914979218e-7
9723 4.55107914979218e-7
9724 4.55107914979218e-7
9725 4.55107914979218e-7
9726 4.553882952782861e-7
9727 4.553882952782861e-7
9728 4.553882952782861e-7
9729 4.5563182619938797e-7
9730 4.5563182619938797e-7
9731 4.5563182619938797e-7
9732 4.5563182619938797e-7
9733 4.5563182619938797e-7
9734 4.5563182619938797e-7
9735 4.5563182619938797e-7
9736 4.5563182619938797e-7
9737 4.5563182619938797e-7
9738 4.5563182619938797e-7
9739 4.5563182619938797e-7
9740 4.5563182619938797e-7
9741 4.55973089381527e-7
9742 4.55973089381527e-7
9743 4.55973089381527e-7
9744 4.55973089381527e-7
9745 4.55973089381527e-7
9746 4.5628070761230157e-7
9747 4.5628070761230157e-7
9748 4.5628070761230157e-7
9749 4.5628070761230157e-7
9750 4.5685909347352066e-7
9751 4.5685909347352066e-7
9752 4.5732692875611334e-7
9753 4.5732692875611334e-7
9754 4.5732692875611334e-7
9755 4.5788288424230156e-7
9756 4.5788288424230156e-7
9757 4.5788288424230156e-7
9758 4.5788288424230156e-7
9759 4.5788288424230156e-7
9760 4.5788288424230156e-7
9761 4.5788288424230156e-7
9762 4.5788288424230156e-7
9763 4.5788288424230156e-7
9764 4.5788288424230156e-7
9765 4.5857342258985705e-7
9766 4.5857342258985705e-7
9767 4.5857342258985705e-7
9768 4.5857342258985705e-7
9769 4.5857342258985705e-7
9770 4.5857342258985705e-7
9771 4.5857342258985705e-7
9772 4.5883778136709793e-7
9773 4.5883778136709793e-7
9774 4.5883778136709793e-7
9775 4.5883778136709793e-7
9776 4.5883778136709793e-7
9777 4.5883778136709793e-7
9778 4.5883778136709793e-7
9779 4.5883778136709793e-7
9780 4.5883778136709793e-7
9781 4.5883778136709793e-7
9782 4.5883778136709793e-7
9783 4.5883778136709793e-7
9784 4.5883778136709793e-7
9785 4.591566141742061e-7
9786 4.591566141742061e-7
9787 4.591566141742061e-7
9788 4.592735729948543e-7
9789 4.592735729948543e-7
9790 4.592735729948543e-7
9791 4.594946735409252e-7
9792 4.594946735409252e-7
9793 4.594946735409252e-7
9794 4.594946735409252e-7
9795 4.594946735409252e-7
9796 4.594946735409252e-7
9797 4.594946735409252e-7
9798 4.594946735409252e-7
9799 4.594946735409252e-7
9800 4.594946735409252e-7
9801 4.594946735409252e-7
9802 4.594946735409252e-7
9803 4.594946735409252e-7
9804 4.5991123983143435e-7
9805 4.5991123983143435e-7
9806 4.5991123983143435e-7
9807 4.5991123983143435e-7
9808 4.5991123983143435e-7
9809 4.5991123983143435e-7
9810 4.5991123983143435e-7
9811 4.5991123983143435e-7
9812 4.5991123983143435e-7
9813 4.5991123983143435e-7
9814 4.5991123983143435e-7
9815 4.5991123983143435e-7
9816 4.5991123983143435e-7
9817 4.5991123983143435e-7
9818 4.5991123983143435e-7
9819 4.5991123983143435e-7
9820 4.5991123983143435e-7
9821 4.5991123983143435e-7
9822 4.6068989777140347e-7
9823 4.6068989777140347e-7
9824 4.6068989777140347e-7
9825 4.6068989777140347e-7
9826 4.6068989777140347e-7
9827 4.6121701341817526e-7
9828 4.6121701341817526e-7
9829 4.6121701341817526e-7
9830 4.6121701341817526e-7
9831 4.6121701341817526e-7
9832 4.6121701341817526e-7
9833 4.6121701341817526e-7
9834 4.6121701341817526e-7
9835 4.6121701341817526e-7
9836 4.6121701341817526e-7
9837 4.6121701341817526e-7
9838 4.6121701341817526e-7
9839 4.6121701341817526e-7
9840 4.6121701341817526e-7
9841 4.6121701341817526e-7
9842 4.6121701341817526e-7
9843 4.6121701341817526e-7
9844 4.6121701341817526e-7
9845 4.6121701341817526e-7
9846 4.6121701341817526e-7
9847 4.6121701341817526e-7
9848 4.6121701341817526e-7
9849 4.6121701341817526e-7
9850 4.6121701341817526e-7
9851 4.6121701341817526e-7
9852 4.6121701341817526e-7
9853 4.6121701341817526e-7
9854 4.6121701341817526e-7
9855 4.6121701341817526e-7
9856 4.6121701341817526e-7
9857 4.6121701341817526e-7
9858 4.6121701341817526e-7
9859 4.6121701341817526e-7
9860 4.6121701341817526e-7
9861 4.6121701341817526e-7
9862 4.6121701341817526e-7
9863 4.6121701341817526e-7
9864 4.6121701341817526e-7
9865 4.6121701341817526e-7
9866 4.6121701341817526e-7
9867 4.6121701341817526e-7
9868 4.6121701341817526e-7
9869 4.6121701341817526e-7
9870 4.6121701341817526e-7
9871 4.6121701341817526e-7
9872 4.6121701341817526e-7
9873 4.6138684436098074e-7
9874 4.6138684436098074e-7
9875 4.6138684436098074e-7
9876 4.6138684436098074e-7
9877 4.6138684436098074e-7
9878 4.6138684436098074e-7
9879 4.6207097324415067e-7
9880 4.6207097324415067e-7
9881 4.6207097324415067e-7
9882 4.6207097324415067e-7
9883 4.6207097324415067e-7
9884 4.6207097324415067e-7
9885 4.6207097324415067e-7
9886 4.6207097324415067e-7
9887 4.6207097324415067e-7
9888 4.6207097324415067e-7
9889 4.6207097324415067e-7
9890 4.6207097324415067e-7
9891 4.6207097324415067e-7
9892 4.6207097324415067e-7
9893 4.6207097324415067e-7
9894 4.6207097324415067e-7
9895 4.6252599143151793e-7
9896 4.6252599143151793e-7
9897 4.6295697733614434e-7
9898 4.6295697733614434e-7
9899 4.6295697733614434e-7
9900 4.6295697733614434e-7
9901 4.6295697733614434e-7
9902 4.6295697733614434e-7
9903 4.6295697733614434e-7
9904 4.6295697733614434e-7
9905 4.6295697733614434e-7
9906 4.6295697733614434e-7
9907 4.6295697733614434e-7
9908 4.6295697733614434e-7
9909 4.6295697733614434e-7
9910 4.6295697733614434e-7
9911 4.6295697733614434e-7
9912 4.6295697733614434e-7
9913 4.6295697733614434e-7
9914 4.6295697733614434e-7
9915 4.632645955669189e-7
9916 4.632645955669189e-7
9917 4.632645955669189e-7
9918 4.632645955669189e-7
9919 4.632645955669189e-7
9920 4.632645955669189e-7
9921 4.632645955669189e-7
9922 4.632645955669189e-7
9923 4.632645955669189e-7
9924 4.632645955669189e-7
9925 4.632645955669189e-7
9926 4.632645955669189e-7
9927 4.632645955669189e-7
9928 4.632645955669189e-7
9929 4.632645955669189e-7
9930 4.632645955669189e-7
9931 4.632645955669189e-7
9932 4.632645955669189e-7
9933 4.632645955669189e-7
9934 4.632645955669189e-7
9935 4.632645955669189e-7
9936 4.632645955669189e-7
9937 4.632645955669189e-7
9938 4.632645955669189e-7
9939 4.632645955669189e-7
9940 4.632645955669189e-7
9941 4.632645955669189e-7
9942 4.632645955669189e-7
9943 4.632645955669189e-7
9944 4.632645955669189e-7
9945 4.632645955669189e-7
9946 4.632645955669189e-7
9947 4.632645955669189e-7
9948 4.632645955669189e-7
9949 4.632645955669189e-7
9950 4.632645955669189e-7
9951 4.632645955669189e-7
9952 4.632645955669189e-7
9953 4.632645955669189e-7
9954 4.632645955669189e-7
9955 4.6351773915664436e-7
9956 4.6351773915664436e-7
9957 4.6351773915664436e-7
9958 4.6351773915664436e-7
9959 4.6351773915664436e-7
9960 4.6351773915664436e-7
9961 4.6351773915664436e-7
9962 4.640015965722462e-7
9963 4.640015965722462e-7
9964 4.640015965722462e-7
9965 4.640015965722462e-7
9966 4.640015965722462e-7
9967 4.642499332164779e-7
9968 4.642499332164779e-7
9969 4.642499332164779e-7
9970 4.642499332164779e-7
9971 4.642499332164779e-7
9972 4.642499332164779e-7
9973 4.642499332164779e-7
9974 4.642499332164779e-7
9975 4.642499332164779e-7
9976 4.642499332164779e-7
9977 4.642499332164779e-7
9978 4.642499332164779e-7
9979 4.642499332164779e-7
9980 4.645174970315025e-7
9981 4.645174970315025e-7
9982 4.645174970315025e-7
9983 4.645174970315025e-7
9984 4.645174970315025e-7
9985 4.645174970315025e-7
9986 4.645174970315025e-7
9987 4.645174970315025e-7
9988 4.645174970315025e-7
9989 4.645174970315025e-7
9990 4.645174970315025e-7
9991 4.645174970315025e-7
9992 4.645174970315025e-7
9993 4.645174970315025e-7
9994 4.645174970315025e-7
9995 4.645174970315025e-7
9996 4.645174970315025e-7
9997 4.645174970315025e-7
9998 4.645174970315025e-7
9999 4.645174970315025e-7
10000 4.645174970315025e-7
10001 4.647658336757342e-7
