1 0
2 0
3 0
4 0
5 0
6 0
7 0
8 0
9 0
10 0
11 0
12 0
13 0
14 0
15 5.976118096481742e-10
16 5.976118096481742e-10
17 5.976118096481742e-10
18 5.976118096481742e-10
19 5.976118096481742e-10
20 5.976118096481742e-10
21 5.976118096481742e-10
22 5.976118096481742e-10
23 5.976118096481742e-10
24 5.976118096481742e-10
25 5.976118096481742e-10
26 6.424725597099723e-10
27 6.424725597099723e-10
28 1.4756045295463484e-9
29 1.4756045295463484e-9
30 1.4756045295463484e-9
31 1.4756045295463484e-9
32 1.4756045295463484e-9
33 1.4756045295463484e-9
34 1.4756045295463484e-9
35 1.4756045295463484e-9
36 1.4756045295463484e-9
37 1.4756045295463484e-9
38 1.8777518171200825e-9
39 1.8777518171200825e-9
40 1.8777518171200825e-9
41 1.8777518171200825e-9
42 1.8777518171200825e-9
43 1.8777518171200825e-9
44 1.8777518171200825e-9
45 1.8777518171200825e-9
46 1.8777518171200825e-9
47 1.8777518171200825e-9
48 1.8777518171200825e-9
49 1.8777518171200825e-9
50 1.8777518171200825e-9
51 1.8777518171200825e-9
52 1.8777518171200825e-9
53 1.8777518171200825e-9
54 1.8777518171200825e-9
55 1.8777518171200825e-9
56 1.8777518171200825e-9
57 1.8777518171200825e-9
58 1.8777518171200825e-9
59 2.0860346567837065e-9
60 2.0860346567837065e-9
61 2.0860346567837065e-9
62 2.0860346567837065e-9
63 2.0860346567837065e-9
64 2.0860346567837065e-9
65 2.324758632391853e-9
66 2.324758632391853e-9
67 2.324758632391853e-9
68 2.324758632391853e-9
69 2.324758632391853e-9
70 2.324758632391853e-9
71 2.324758632391853e-9
72 2.324758632391853e-9
73 2.324758632391853e-9
74 2.324758632391853e-9
75 2.324758632391853e-9
76 2.324758632391853e-9
77 2.324758632391853e-9
78 2.324758632391853e-9
79 2.324758632391853e-9
80 2.324758632391853e-9
81 2.324758632391853e-9
82 2.324758632391853e-9
83 2.324758632391853e-9
84 2.324758632391853e-9
85 2.324758632391853e-9
86 2.324758632391853e-9
87 2.324758632391853e-9
88 2.324758632391853e-9
89 2.324758632391853e-9
90 2.324758632391853e-9
91 2.324758632391853e-9
92 3.210762113203651e-9
93 3.210762113203651e-9
94 3.210762113203651e-9
95 3.210762113203651e-9
96 3.210762113203651e-9
97 3.210762113203651e-9
98 3.210762113203651e-9
99 3.210762113203651e-9
100 3.210762113203651e-9
101 3.210762113203651e-9
102 3.210762113203651e-9
103 3.210762113203651e-9
104 3.210762113203651e-9
105 3.5856714690709263e-9
106 3.5856714690709263e-9
107 3.5856714690709263e-9
108 3.5856714690709263e-9
109 3.5856714690709263e-9
110 3.5856714690709263e-9
111 3.5856714690709263e-9
112 3.5856714690709263e-9
113 3.5856714690709263e-9
114 3.5856714690709263e-9
115 3.5856714690709263e-9
116 3.5856714690709263e-9
117 3.5856714690709263e-9
118 3.5856714690709263e-9
119 3.5856714690709263e-9
120 3.5856714690709263e-9
121 3.5856714690709263e-9
122 3.5856714690709263e-9
123 3.77633087919733e-9
124 3.77633087919733e-9
125 3.77633087919733e-9
126 3.77633087919733e-9
127 3.77633087919733e-9
128 3.77633087919733e-9
129 3.77633087919733e-9
130 3.77633087919733e-9
131 3.77633087919733e-9
132 3.77633087919733e-9
133 3.77633087919733e-9
134 3.77633087919733e-9
135 3.77633087919733e-9
136 3.77633087919733e-9
137 3.77633087919733e-9
138 3.77633087919733e-9
139 3.77633087919733e-9
140 3.77633087919733e-9
141 4.465267319042834e-9
142 4.465267319042834e-9
143 4.465267319042834e-9
144 4.465267319042834e-9
145 4.465267319042834e-9
146 4.465267319042834e-9
147 4.465267319042834e-9
148 4.465267319042834e-9
149 4.465267319042834e-9
150 4.465267319042834e-9
151 4.465267319042834e-9
152 4.465267319042834e-9
153 4.465267319042834e-9
154 4.465267319042834e-9
155 4.465267319042834e-9
156 4.465267319042834e-9
157 4.465267319042834e-9
158 4.465267319042834e-9
159 4.465267319042834e-9
160 4.465267319042834e-9
161 4.465267319042834e-9
162 4.465267319042834e-9
163 4.465267319042834e-9
164 4.465267319042834e-9
165 4.465267319042834e-9
166 4.465267319042834e-9
167 4.465267319042834e-9
168 6.04180975859199e-9
169 6.04180975859199e-9
170 6.04180975859199e-9
171 6.9117923287584205e-9
172 6.971072692937494e-9
173 6.971072692937494e-9
174 6.971072692937494e-9
175 6.971072692937494e-9
176 6.971072692937494e-9
177 6.971072692937494e-9
178 6.971072692937494e-9
179 6.971072692937494e-9
180 6.971072692937494e-9
181 6.971072692937494e-9
182 6.971072692937494e-9
183 6.971072692937494e-9
184 6.971072692937494e-9
185 6.971072692937494e-9
186 6.971072692937494e-9
187 6.971072692937494e-9
188 6.971072692937494e-9
189 6.971072692937494e-9
190 6.971072692937494e-9
191 6.971072692937494e-9
192 6.971072692937494e-9
193 7.414875692789319e-9
194 7.414875692789319e-9
195 7.414875692789319e-9
196 7.414875692789319e-9
197 7.414875692789319e-9
198 7.414875692789319e-9
199 7.414875692789319e-9
200 7.414875692789319e-9
201 7.414875692789319e-9
202 7.414875692789319e-9
203 7.414875692789319e-9
204 7.414875692789319e-9
205 7.414875692789319e-9
206 7.414875692789319e-9
207 7.414875692789319e-9
208 7.414875692789319e-9
209 7.414875692789319e-9
210 7.414875692789319e-9
211 7.414875692789319e-9
212 7.414875692789319e-9
213 7.414875692789319e-9
214 7.414875692789319e-9
215 7.414875692789319e-9
216 7.414875692789319e-9
217 7.414875692789319e-9
218 7.414875692789319e-9
219 7.414875692789319e-9
220 7.414875692789319e-9
221 7.414875692789319e-9
222 7.414875692789319e-9
223 7.414875692789319e-9
224 7.414875692789319e-9
225 7.414875692789319e-9
226 7.414875692789319e-9
227 7.414875692789319e-9
228 7.414875692789319e-9
229 7.414875692789319e-9
230 7.414875692789319e-9
231 7.414875692789319e-9
232 7.414875692789319e-9
233 7.414875692789319e-9
234 7.414875692789319e-9
235 7.414875692789319e-9
236 7.414875692789319e-9
237 7.414875692789319e-9
238 7.414875692789319e-9
239 7.414875692789319e-9
240 7.414875692789319e-9
241 7.414875692789319e-9
242 7.414875692789319e-9
243 7.414875692789319e-9
244 7.414875692789319e-9
245 7.414875692789319e-9
246 7.414875692789319e-9
247 7.414875692789319e-9
248 7.414875692789319e-9
249 7.414875692789319e-9
250 7.600727546240163e-9
251 7.600727546240163e-9
252 7.600727546240163e-9
253 7.600727546240163e-9
254 7.600727546240163e-9
255 7.600727546240163e-9
256 7.600727546240163e-9
257 7.600727546240163e-9
258 7.600727546240163e-9
259 7.600727546240163e-9
260 7.600727546240163e-9
261 7.600727546240163e-9
262 7.600727546240163e-9
263 8.132649527323731e-9
264 8.132649527323731e-9
265 8.132649527323731e-9
266 8.132649527323731e-9
267 8.132649527323731e-9
268 8.132649527323731e-9
269 8.132649527323731e-9
270 8.132649527323731e-9
271 8.132649527323731e-9
272 8.132649527323731e-9
273 8.132649527323731e-9
274 8.132649527323731e-9
275 8.132649527323731e-9
276 8.132649527323731e-9
277 8.132649527323731e-9
278 8.494740565601823e-9
279 8.494740565601823e-9
280 8.494740565601823e-9
281 8.494740565601823e-9
282 8.494740565601823e-9
283 8.722250576058282e-9
284 8.722250576058282e-9
285 9.483284475308282e-9
286 9.483284475308282e-9
287 9.483284475308282e-9
288 9.483284475308282e-9
289 9.483284475308282e-9
290 9.483284475308282e-9
291 9.483284475308282e-9
292 9.483284475308282e-9
293 9.483284475308282e-9
294 9.483284475308282e-9
295 9.483284475308282e-9
296 1.0715357472570924e-8
297 1.0715357472570924e-8
298 1.0715357472570924e-8
299 1.0715357472570924e-8
300 1.157732867064185e-8
301 1.157732867064185e-8
302 1.157732867064185e-8
303 1.157732867064185e-8
304 1.157732867064185e-8
305 1.157732867064185e-8
306 1.157732867064185e-8
307 1.157732867064185e-8
308 1.157732867064185e-8
309 1.157732867064185e-8
310 1.157732867064185e-8
311 1.2231017029049153e-8
312 1.2231017029049153e-8
313 1.2231017029049153e-8
314 1.3294862824761933e-8
315 1.3294862824761933e-8
316 1.3294862824761933e-8
317 1.3294862824761933e-8
318 1.3294862824761933e-8
319 1.3294862824761933e-8
320 1.3294862824761933e-8
321 1.3294862824761933e-8
322 1.3294862824761933e-8
323 1.3294862824761933e-8
324 1.3294862824761933e-8
325 1.3294862824761933e-8
326 1.3294862824761933e-8
327 1.3294862824761933e-8
328 1.3294862824761933e-8
329 1.3294862824761933e-8
330 1.3294862824761933e-8
331 1.3294862824761933e-8
332 1.3294862824761933e-8
333 1.3294862824761933e-8
334 1.3294862824761933e-8
335 1.3990207506629209e-8
336 1.3990207506629209e-8
337 1.3990207506629209e-8
338 1.3990207506629209e-8
339 1.3990207506629209e-8
340 1.3990207506629209e-8
341 1.3990207506629209e-8
342 1.3990207506629209e-8
343 1.3990207506629209e-8
344 1.4965933098746484e-8
345 1.4965933098746484e-8
346 1.4965933098746484e-8
347 1.4965933098746484e-8
348 1.4965933098746484e-8
349 1.4965933098746484e-8
350 1.4965933098746484e-8
351 1.4965933098746484e-8
352 1.4965933098746484e-8
353 1.4965933098746484e-8
354 1.4965933098746484e-8
355 1.5824700481397466e-8
356 1.5824700481397466e-8
357 1.5824700481397466e-8
358 1.5824700481397466e-8
359 1.5824700481397466e-8
360 1.5824700481397466e-8
361 1.5824700481397466e-8
362 1.5824700481397466e-8
363 1.5824700481397466e-8
364 1.5824700481397466e-8
365 1.5824700481397466e-8
366 1.5824700481397466e-8
367 1.5824700481397466e-8
368 1.5824700481397466e-8
369 1.638706420960744e-8
370 1.638706420960744e-8
371 1.638706420960744e-8
372 1.638706420960744e-8
373 1.638706420960744e-8
374 1.638706420960744e-8
375 1.638706420960744e-8
376 1.638706420960744e-8
377 1.638706420960744e-8
378 1.638706420960744e-8
379 1.638706420960744e-8
380 1.638706420960744e-8
381 1.638706420960744e-8
382 1.638706420960744e-8
383 1.638706420960744e-8
384 1.638706420960744e-8
385 1.638706420960744e-8
386 1.638706420960744e-8
387 1.6773188752990162e-8
388 1.6773188752990162e-8
389 1.6773188752990162e-8
390 1.6773188752990162e-8
391 1.6773188752990162e-8
392 1.6773188752990162e-8
393 1.7308315160675556e-8
394 1.7308315160675556e-8
395 1.7308315160675556e-8
396 1.7308315160675556e-8
397 1.7308315160675556e-8
398 1.7308315160675556e-8
399 1.7308315160675556e-8
400 1.7308315160675556e-8
401 1.7308315160675556e-8
402 1.7308315160675556e-8
403 1.7958798481299153e-8
404 1.7958798481299153e-8
405 1.7958798481299153e-8
406 1.7958798481299153e-8
407 1.7958798481299153e-8
408 1.7958798481299153e-8
409 1.7958798481299153e-8
410 1.7958798481299153e-8
411 1.7958798481299153e-8
412 1.7958798481299153e-8
413 1.7958798481299153e-8
414 1.7958798481299153e-8
415 1.7958798481299153e-8
416 1.84330426170955e-8
417 1.84330426170955e-8
418 1.84330426170955e-8
419 1.84330426170955e-8
420 1.84330426170955e-8
421 1.864292797565098e-8
422 1.864292797565098e-8
423 1.864292797565098e-8
424 1.864292797565098e-8
425 1.864292797565098e-8
426 1.864292797565098e-8
427 1.864292797565098e-8
428 1.864292797565098e-8
429 1.864292797565098e-8
430 1.864292797565098e-8
431 1.864292797565098e-8
432 1.864292797565098e-8
433 1.864292797565098e-8
434 1.864292797565098e-8
435 1.864292797565098e-8
436 1.864292797565098e-8
437 1.864292797565098e-8
438 1.864292797565098e-8
439 1.864292797565098e-8
440 1.864292797565098e-8
441 1.864292797565098e-8
442 1.864292797565098e-8
443 1.864292797565098e-8
444 1.864292797565098e-8
445 1.864292797565098e-8
446 1.9136398059876403e-8
447 1.9136398059876403e-8
448 1.9136398059876403e-8
449 1.9136398059876403e-8
450 1.9136398059876403e-8
451 1.9136398059876403e-8
452 1.9136398059876403e-8
453 1.9136398059876403e-8
454 1.9136398059876403e-8
455 1.9136398059876403e-8
456 1.9136398059876403e-8
457 1.9136398059876403e-8
458 1.9136398059876403e-8
459 1.9136398059876403e-8
460 1.9136398059876403e-8
461 1.9136398059876403e-8
462 1.9136398059876403e-8
463 1.9847764874752806e-8
464 1.9847764874752806e-8
465 1.9847764874752806e-8
466 1.9847764874752806e-8
467 1.9847764874752806e-8
468 1.9847764874752806e-8
469 1.9847764874752806e-8
470 1.9847764874752806e-8
471 2.0269137499573734e-8
472 2.0269137499573734e-8
473 2.0269137499573734e-8
474 2.0269137499573734e-8
475 2.0269137499573734e-8
476 2.0269137499573734e-8
477 2.0269137499573734e-8
478 2.0269137499573734e-8
479 2.0269137499573734e-8
480 2.0269137499573734e-8
481 2.0269137499573734e-8
482 2.0269137499573734e-8
483 2.056393802394101e-8
484 2.056393802394101e-8
485 2.056393802394101e-8
486 2.056393802394101e-8
487 2.056393802394101e-8
488 2.056393802394101e-8
489 2.056393802394101e-8
490 2.056393802394101e-8
491 2.056393802394101e-8
492 2.056393802394101e-8
493 2.056393802394101e-8
494 2.056393802394101e-8
495 2.056393802394101e-8
496 2.056393802394101e-8
497 2.056393802394101e-8
498 2.056393802394101e-8
499 2.056393802394101e-8
500 2.056393802394101e-8
501 2.056393802394101e-8
502 2.056393802394101e-8
503 2.056393802394101e-8
504 2.056393802394101e-8
505 2.056393802394101e-8
506 2.056393802394101e-8
507 2.056393802394101e-8
508 2.056393802394101e-8
509 2.056393802394101e-8
510 2.056393802394101e-8
511 2.056393802394101e-8
512 2.056393802394101e-8
513 2.072255377923104e-8
514 2.072255377923104e-8
515 2.072255377923104e-8
516 2.072255377923104e-8
517 2.072255377923104e-8
518 2.1390661140573737e-8
519 2.1390661140573737e-8
520 2.1390661140573737e-8
521 2.1390661140573737e-8
522 2.1390661140573737e-8
523 2.1390661140573737e-8
524 2.1390661140573737e-8
525 2.1390661140573737e-8
526 2.1390661140573737e-8
527 2.1390661140573737e-8
528 2.1390661140573737e-8
529 2.1390661140573737e-8
530 2.1390661140573737e-8
531 2.1390661140573737e-8
532 2.1390661140573737e-8
533 2.1390661140573737e-8
534 2.1390661140573737e-8
535 2.1390661140573737e-8
536 2.1390661140573737e-8
537 2.1390661140573737e-8
538 2.1390661140573737e-8
539 2.1390661140573737e-8
540 2.1390661140573737e-8
541 2.1390661140573737e-8
542 2.1390661140573737e-8
543 2.1390661140573737e-8
544 2.1390661140573737e-8
545 2.1390661140573737e-8
546 2.1390661140573737e-8
547 2.1390661140573737e-8
548 2.1390661140573737e-8
549 2.1390661140573737e-8
550 2.1390661140573737e-8
551 2.1390661140573737e-8
552 2.1390661140573737e-8
553 2.1390661140573737e-8
554 2.1390661140573737e-8
555 2.1390661140573737e-8
556 2.1390661140573737e-8
557 2.1390661140573737e-8
558 2.1390661140573737e-8
559 2.1390661140573737e-8
560 2.1390661140573737e-8
561 2.1390661140573737e-8
562 2.1390661140573737e-8
563 2.1390661140573737e-8
564 2.1390661140573737e-8
565 2.1390661140573737e-8
566 2.1390661140573737e-8
567 2.1390661140573737e-8
568 2.1390661140573737e-8
569 2.2156501985317416e-8
570 2.2156501985317416e-8
571 2.2156501985317416e-8
572 2.2156501985317416e-8
573 2.2156501985317416e-8
574 2.2156501985317416e-8
575 2.2156501985317416e-8
576 2.2156501985317416e-8
577 2.2156501985317416e-8
578 2.2156501985317416e-8
579 2.2156501985317416e-8
580 2.2156501985317416e-8
581 2.2156501985317416e-8
582 2.2156501985317416e-8
583 2.2156501985317416e-8
584 2.2156501985317416e-8
585 2.2156501985317416e-8
586 2.2156501985317416e-8
587 2.2156501985317416e-8
588 2.2156501985317416e-8
589 2.2156501985317416e-8
590 2.2156501985317416e-8
591 2.2156501985317416e-8
592 2.2156501985317416e-8
593 2.2156501985317416e-8
594 2.2156501985317416e-8
595 2.2156501985317416e-8
596 2.2156501985317416e-8
597 2.2156501985317416e-8
598 2.2156501985317416e-8
599 2.2156501985317416e-8
600 2.2156501985317416e-8
601 2.2156501985317416e-8
602 2.2156501985317416e-8
603 2.2156501985317416e-8
604 2.2156501985317416e-8
605 2.2156501985317416e-8
606 2.2156501985317416e-8
607 2.2156501985317416e-8
608 2.2156501985317416e-8
609 2.2156501985317416e-8
610 2.2156501985317416e-8
611 2.2156501985317416e-8
612 2.2156501985317416e-8
613 2.2156501985317416e-8
614 2.2156501985317416e-8
615 2.2156501985317416e-8
616 2.2156501985317416e-8
617 2.2156501985317416e-8
618 2.2156501985317416e-8
619 2.317869084638834e-8
620 2.317869084638834e-8
621 2.317869084638834e-8
622 2.317869084638834e-8
623 2.317869084638834e-8
624 2.317869084638834e-8
625 2.317869084638834e-8
626 2.317869084638834e-8
627 2.317869084638834e-8
628 2.317869084638834e-8
629 2.317869084638834e-8
630 2.317869084638834e-8
631 2.3404597726771065e-8
632 2.3404597726771065e-8
633 2.392210131610112e-8
634 2.392210131610112e-8
635 2.392210131610112e-8
636 2.392210131610112e-8
637 2.392210131610112e-8
638 2.392210131610112e-8
639 2.392210131610112e-8
640 2.4510100457125697e-8
641 2.4510100457125697e-8
642 2.4510100457125697e-8
643 2.4510100457125697e-8
644 2.4510100457125697e-8
645 2.4510100457125697e-8
646 2.4510100457125697e-8
647 2.4510100457125697e-8
648 2.4510100457125697e-8
649 2.4510100457125697e-8
650 2.4510100457125697e-8
651 2.4510100457125697e-8
652 2.4510100457125697e-8
653 2.4510100457125697e-8
654 2.4510100457125697e-8
655 2.4510100457125697e-8
656 2.4510100457125697e-8
657 2.4510100457125697e-8
658 2.4510100457125697e-8
659 2.4510100457125697e-8
660 2.4510100457125697e-8
661 2.4510100457125697e-8
662 2.4510100457125697e-8
663 2.4510100457125697e-8
664 2.4510100457125697e-8
665 2.4510100457125697e-8
666 2.4510100457125697e-8
667 2.4510100457125697e-8
668 2.4510100457125697e-8
669 2.4510100457125697e-8
670 2.4510100457125697e-8
671 2.5013183821156596e-8
672 2.5013183821156596e-8
673 2.5013183821156596e-8
674 2.5013183821156596e-8
675 2.5013183821156596e-8
676 2.5013183821156596e-8
677 2.5013183821156596e-8
678 2.5013183821156596e-8
679 2.5013183821156596e-8
680 2.5013183821156596e-8
681 2.562201020713834e-8
682 2.562201020713834e-8
683 2.562201020713834e-8
684 2.562201020713834e-8
685 2.562201020713834e-8
686 2.562201020713834e-8
687 2.562201020713834e-8
688 2.562201020713834e-8
689 2.562201020713834e-8
690 2.562201020713834e-8
691 2.562201020713834e-8
692 2.562201020713834e-8
693 2.562201020713834e-8
694 2.562201020713834e-8
695 2.562201020713834e-8
696 2.562201020713834e-8
697 2.562201020713834e-8
698 2.6174761266724717e-8
699 2.6174761266724717e-8
700 2.6174761266724717e-8
701 2.6174761266724717e-8
702 2.6174761266724717e-8
703 2.6174761266724717e-8
704 2.6174761266724717e-8
705 2.6174761266724717e-8
706 2.6174761266724717e-8
707 2.6174761266724717e-8
708 2.6174761266724717e-8
709 2.6174761266724717e-8
710 2.6174761266724717e-8
711 2.6174761266724717e-8
712 2.6174761266724717e-8
713 2.6174761266724717e-8
714 2.6174761266724717e-8
715 2.6174761266724717e-8
716 2.6174761266724717e-8
717 2.6174761266724717e-8
718 2.6174761266724717e-8
719 2.6174761266724717e-8
720 2.6174761266724717e-8
721 2.6174761266724717e-8
722 2.6174761266724717e-8
723 2.6174761266724717e-8
724 2.6174761266724717e-8
725 2.6174761266724717e-8
726 2.6174761266724717e-8
727 2.6174761266724717e-8
728 2.6174761266724717e-8
729 2.6174761266724717e-8
730 2.6174761266724717e-8
731 2.6174761266724717e-8
732 2.6174761266724717e-8
733 2.6174761266724717e-8
734 2.6174761266724717e-8
735 2.6174761266724717e-8
736 2.6174761266724717e-8
737 2.6375033345474716e-8
738 2.6375033345474716e-8
739 2.6375033345474716e-8
740 2.6375033345474716e-8
741 2.6375033345474716e-8
742 2.6375033345474716e-8
743 2.6375033345474716e-8
744 2.6375033345474716e-8
745 2.6375033345474716e-8
746 2.6375033345474716e-8
747 2.7055959024406597e-8
748 2.7055959024406597e-8
749 2.7055959024406597e-8
750 2.7055959024406597e-8
751 2.7055959024406597e-8
752 2.7677603727977524e-8
753 2.7677603727977524e-8
754 2.7677603727977524e-8
755 2.7677603727977524e-8
756 2.7677603727977524e-8
757 2.7677603727977524e-8
758 2.7677603727977524e-8
759 2.7677603727977524e-8
760 2.7677603727977524e-8
761 2.8127815581033e-8
762 2.8127815581033e-8
763 2.8127815581033e-8
764 2.8127815581033e-8
765 2.8127815581033e-8
766 2.8127815581033e-8
767 2.8127815581033e-8
768 2.8127815581033e-8
769 2.998954404278019e-8
770 2.998954404278019e-8
771 2.998954404278019e-8
772 2.998954404278019e-8
773 2.998954404278019e-8
774 2.998954404278019e-8
775 2.998954404278019e-8
776 2.998954404278019e-8
777 2.998954404278019e-8
778 3.106941074913834e-8
779 3.106941074913834e-8
780 3.106941074913834e-8
781 3.106941074913834e-8
782 3.135940493919382e-8
783 3.135940493919382e-8
784 3.135940493919382e-8
785 3.135940493919382e-8
786 3.135940493919382e-8
787 3.135940493919382e-8
788 3.135940493919382e-8
789 3.135940493919382e-8
790 3.135940493919382e-8
791 3.135940493919382e-8
792 3.135940493919382e-8
793 3.135940493919382e-8
794 3.135940493919382e-8
795 3.135940493919382e-8
796 3.135940493919382e-8
797 3.135940493919382e-8
798 3.135940493919382e-8
799 3.135940493919382e-8
800 3.135940493919382e-8
801 3.135940493919382e-8
802 3.135940493919382e-8
803 3.135940493919382e-8
804 3.135940493919382e-8
805 3.135940493919382e-8
806 3.135940493919382e-8
807 3.135940493919382e-8
808 3.135940493919382e-8
809 3.135940493919382e-8
810 3.135940493919382e-8
811 3.135940493919382e-8
812 3.135940493919382e-8
813 3.135940493919382e-8
814 3.135940493919382e-8
815 3.135940493919382e-8
816 3.135940493919382e-8
817 3.135940493919382e-8
818 3.135940493919382e-8
819 3.135940493919382e-8
820 3.135940493919382e-8
821 3.135940493919382e-8
822 3.135940493919382e-8
823 3.135940493919382e-8
824 3.135940493919382e-8
825 3.135940493919382e-8
826 3.135940493919382e-8
827 3.135940493919382e-8
828 3.135940493919382e-8
829 3.135940493919382e-8
830 3.135940493919382e-8
831 3.135940493919382e-8
832 3.135940493919382e-8
833 3.135940493919382e-8
834 3.135940493919382e-8
835 3.135940493919382e-8
836 3.135940493919382e-8
837 3.221336537635112e-8
838 3.221336537635112e-8
839 3.221336537635112e-8
840 3.221336537635112e-8
841 3.221336537635112e-8
842 3.221336537635112e-8
843 3.221336537635112e-8
844 3.221336537635112e-8
845 3.221336537635112e-8
846 3.221336537635112e-8
847 3.221336537635112e-8
848 3.221336537635112e-8
849 3.221336537635112e-8
850 3.221336537635112e-8
851 3.221336537635112e-8
852 3.221336537635112e-8
853 3.221336537635112e-8
854 3.221336537635112e-8
855 3.221336537635112e-8
856 3.221336537635112e-8
857 3.221336537635112e-8
858 3.221336537635112e-8
859 3.221336537635112e-8
860 3.221336537635112e-8
861 3.221336537635112e-8
862 3.221336537635112e-8
863 3.221336537635112e-8
864 3.2756503767313896e-8
865 3.2756503767313896e-8
866 3.2756503767313896e-8
867 3.2756503767313896e-8
868 3.2756503767313896e-8
869 3.2756503767313896e-8
870 3.2756503767313896e-8
871 3.2756503767313896e-8
872 3.2756503767313896e-8
873 3.4158408318563895e-8
874 3.4158408318563895e-8
875 3.4158408318563895e-8
876 3.4158408318563895e-8
877 3.4158408318563895e-8
878 3.4158408318563895e-8
879 3.4158408318563895e-8
880 3.4158408318563895e-8
881 3.4158408318563895e-8
882 3.4158408318563895e-8
883 3.4158408318563895e-8
884 3.4158408318563895e-8
885 3.4158408318563895e-8
886 3.4158408318563895e-8
887 3.4158408318563895e-8
888 3.4158408318563895e-8
889 3.4158408318563895e-8
890 3.4158408318563895e-8
891 3.4158408318563895e-8
892 3.454453286194662e-8
893 3.454453286194662e-8
894 3.454453286194662e-8
895 3.454453286194662e-8
896 3.454453286194662e-8
897 3.454453286194662e-8
898 3.454453286194662e-8
899 3.454453286194662e-8
900 3.454453286194662e-8
901 3.454453286194662e-8
902 3.454453286194662e-8
903 3.454453286194662e-8
904 3.454453286194662e-8
905 3.454453286194662e-8
906 3.454453286194662e-8
907 3.454453286194662e-8
908 3.454453286194662e-8
909 3.454453286194662e-8
910 3.454453286194662e-8
911 3.454453286194662e-8
912 3.454453286194662e-8
913 3.454453286194662e-8
914 3.454453286194662e-8
915 3.4911431456900275e-8
916 3.4911431456900275e-8
917 3.4911431456900275e-8
918 3.4911431456900275e-8
919 3.4911431456900275e-8
920 3.4911431456900275e-8
921 3.4911431456900275e-8
922 3.6097042407573026e-8
923 3.6097042407573026e-8
924 3.6097042407573026e-8
925 3.6097042407573026e-8
926 3.655846883696207e-8
927 3.655846883696207e-8
928 3.655846883696207e-8
929 3.655846883696207e-8
930 3.655846883696207e-8
931 3.655846883696207e-8
932 3.655846883696207e-8
933 3.655846883696207e-8
934 3.655846883696207e-8
935 3.655846883696207e-8
936 3.655846883696207e-8
937 3.655846883696207e-8
938 3.655846883696207e-8
939 3.655846883696207e-8
940 3.655846883696207e-8
941 3.655846883696207e-8
942 3.655846883696207e-8
943 3.655846883696207e-8
944 3.655846883696207e-8
945 3.655846883696207e-8
946 3.655846883696207e-8
947 3.655846883696207e-8
948 3.655846883696207e-8
949 3.655846883696207e-8
950 3.655846883696207e-8
951 3.655846883696207e-8
952 3.655846883696207e-8
953 3.655846883696207e-8
954 3.655846883696207e-8
955 3.819749484492836e-8
956 3.819749484492836e-8
957 3.819749484492836e-8
958 3.819749484492836e-8
959 3.819749484492836e-8
960 3.852914596962569e-8
961 3.852914596962569e-8
962 3.852914596962569e-8
963 3.852914596962569e-8
964 3.852914596962569e-8
965 3.852914596962569e-8
966 3.852914596962569e-8
967 3.852914596962569e-8
968 3.852914596962569e-8
969 3.9065875507384816e-8
970 3.9065875507384816e-8
971 3.9065875507384816e-8
972 3.9065875507384816e-8
973 3.9065875507384816e-8
974 3.9065875507384816e-8
975 3.9065875507384816e-8
976 3.9065875507384816e-8
977 3.9065875507384816e-8
978 3.9065875507384816e-8
979 3.9065875507384816e-8
980 3.9065875507384816e-8
981 3.9065875507384816e-8
982 3.9065875507384816e-8
983 3.9065875507384816e-8
984 3.9065875507384816e-8
985 3.9065875507384816e-8
986 3.9065875507384816e-8
987 3.9065875507384816e-8
988 3.9065875507384816e-8
989 3.9065875507384816e-8
990 3.9065875507384816e-8
991 3.9065875507384816e-8
992 3.9065875507384816e-8
993 3.9065875507384816e-8
994 3.9065875507384816e-8
995 3.9065875507384816e-8
996 3.9065875507384816e-8
997 4.007364475433847e-8
998 4.007364475433847e-8
999 4.007364475433847e-8
1000 4.007364475433847e-8
1001 4.05879439170667e-8
1002 4.05879439170667e-8
1003 4.05879439170667e-8
1004 4.05879439170667e-8
1005 4.05879439170667e-8
1006 4.05879439170667e-8
1007 4.05879439170667e-8
1008 4.05879439170667e-8
1009 4.05879439170667e-8
1010 4.05879439170667e-8
1011 4.05879439170667e-8
1012 4.05879439170667e-8
1013 4.05879439170667e-8
1014 4.061678314530125e-8
1015 4.06680527485667e-8
1016 4.1574884696699425e-8
1017 4.1574884696699425e-8
1018 4.1574884696699425e-8
1019 4.1574884696699425e-8
1020 4.1574884696699425e-8
1021 4.1574884696699425e-8
1022 4.1574884696699425e-8
1023 4.1574884696699425e-8
1024 4.1574884696699425e-8
1025 4.1574884696699425e-8
1026 4.1574884696699425e-8
1027 4.1574884696699425e-8
1028 4.1574884696699425e-8
1029 4.1574884696699425e-8
1030 4.1574884696699425e-8
1031 4.1574884696699425e-8
1032 4.1574884696699425e-8
1033 4.1574884696699425e-8
1034 4.1574884696699425e-8
1035 4.1574884696699425e-8
1036 4.1574884696699425e-8
1037 4.1574884696699425e-8
1038 4.1574884696699425e-8
1039 4.1574884696699425e-8
1040 4.1574884696699425e-8
1041 4.1574884696699425e-8
1042 4.1574884696699425e-8
1043 4.1574884696699425e-8
1044 4.1574884696699425e-8
1045 4.1574884696699425e-8
1046 4.1574884696699425e-8
1047 4.1574884696699425e-8
1048 4.2279842658372175e-8
1049 4.2279842658372175e-8
1050 4.2279842658372175e-8
1051 4.2279842658372175e-8
1052 4.2279842658372175e-8
1053 4.2279842658372175e-8
1054 4.2279842658372175e-8
1055 4.2279842658372175e-8
1056 4.2279842658372175e-8
1057 4.2279842658372175e-8
1058 4.258265394365307e-8
1059 4.258265394365307e-8
1060 4.258265394365307e-8
1061 4.3090543641995766e-8
1062 4.3090543641995766e-8
1063 4.370577888118116e-8
1064 4.370577888118116e-8
1065 4.446681278043116e-8
1066 4.446681278043116e-8
1067 4.507403725870293e-8
1068 4.507403725870293e-8
1069 4.507403725870293e-8
1070 4.507403725870293e-8
1071 4.507403725870293e-8
1072 4.507403725870293e-8
1073 4.507403725870293e-8
1074 4.507403725870293e-8
1075 4.507403725870293e-8
1076 4.507403725870293e-8
1077 4.507403725870293e-8
1078 4.507403725870293e-8
1079 4.507403725870293e-8
1080 4.507403725870293e-8
1081 4.507403725870293e-8
1082 4.507403725870293e-8
1083 4.567004716064113e-8
1084 4.567004716064113e-8
1085 4.567004716064113e-8
1086 4.567004716064113e-8
1087 4.567004716064113e-8
1088 4.567004716064113e-8
1089 4.567004716064113e-8
1090 4.567004716064113e-8
1091 4.567004716064113e-8
1092 4.567004716064113e-8
1093 4.567004716064113e-8
1094 4.567004716064113e-8
1095 4.567004716064113e-8
1096 4.6408650684860234e-8
1097 4.6408650684860234e-8
1098 4.6408650684860234e-8
1099 4.6408650684860234e-8
1100 4.6408650684860234e-8
1101 4.855396448345925e-8
1102 4.855396448345925e-8
1103 4.855396448345925e-8
1104 4.855396448345925e-8
1105 4.855396448345925e-8
1106 4.855396448345925e-8
1107 4.855396448345925e-8
1108 4.855396448345925e-8
1109 4.855396448345925e-8
1110 4.855396448345925e-8
1111 4.855396448345925e-8
1112 4.855396448345925e-8
1113 4.855396448345925e-8
1114 4.855396448345925e-8
1115 4.855396448345925e-8
1116 4.855396448345925e-8
1117 4.925091229540026e-8
1118 4.925091229540026e-8
1119 4.925091229540026e-8
1120 4.925091229540026e-8
1121 4.9637036838782987e-8
1122 4.9637036838782987e-8
1123 4.9637036838782987e-8
1124 5.0100065787063884e-8
1125 5.0100065787063884e-8
1126 5.0100065787063884e-8
1127 5.0100065787063884e-8
1128 5.0100065787063884e-8
1129 5.0100065787063884e-8
1130 5.0100065787063884e-8
1131 5.0100065787063884e-8
1132 5.0100065787063884e-8
1133 5.0100065787063884e-8
1134 5.0100065787063884e-8
1135 5.0100065787063884e-8
1136 5.0100065787063884e-8
1137 5.0100065787063884e-8
1138 5.0100065787063884e-8
1139 5.0100065787063884e-8
1140 5.050541627887568e-8
1141 5.050541627887568e-8
1142 5.050541627887568e-8
1143 5.050541627887568e-8
1144 5.050541627887568e-8
1145 5.050541627887568e-8
1146 5.050541627887568e-8
1147 5.137059129236655e-8
1148 5.137059129236655e-8
1149 5.137059129236655e-8
1150 5.137059129236655e-8
1151 5.137059129236655e-8
1152 5.22021201321292e-8
1153 5.22021201321292e-8
1154 5.22021201321292e-8
1155 5.22021201321292e-8
1156 5.22021201321292e-8
1157 5.22021201321292e-8
1158 5.22021201321292e-8
1159 5.22021201321292e-8
1160 5.22021201321292e-8
1161 5.22021201321292e-8
1162 5.22021201321292e-8
1163 5.22021201321292e-8
1164 5.22021201321292e-8
1165 5.22021201321292e-8
1166 5.22021201321292e-8
1167 5.22021201321292e-8
1168 5.22021201321292e-8
1169 5.22021201321292e-8
1170 5.22021201321292e-8
1171 5.22021201321292e-8
1172 5.22021201321292e-8
1173 5.22021201321292e-8
1174 5.22021201321292e-8
1175 5.22021201321292e-8
1176 5.22021201321292e-8
1177 5.22021201321292e-8
1178 5.22021201321292e-8
1179 5.22021201321292e-8
1180 5.22021201321292e-8
1181 5.22021201321292e-8
1182 5.22021201321292e-8
1183 5.22021201321292e-8
1184 5.22021201321292e-8
1185 5.252575927354914e-8
1186 5.252575927354914e-8
1187 5.252575927354914e-8
1188 5.252575927354914e-8
1189 5.252575927354914e-8
1190 5.2975971126604616e-8
1191 5.2975971126604616e-8
1192 5.2975971126604616e-8
1193 5.2975971126604616e-8
1194 5.2975971126604616e-8
1195 5.2975971126604616e-8
1196 5.2975971126604616e-8
1197 5.2975971126604616e-8
1198 5.2975971126604616e-8
1199 5.2975971126604616e-8
1200 5.2975971126604616e-8
1201 5.2975971126604616e-8
1202 5.2975971126604616e-8
1203 5.3672917716181865e-8
1204 5.3672917716181865e-8
1205 5.3672917716181865e-8
1206 5.3672917716181865e-8
1207 5.3672917716181865e-8
1208 5.3672917716181865e-8
1209 5.3672917716181865e-8
1210 5.3672917716181865e-8
1211 5.3672917716181865e-8
1212 5.3672917716181865e-8
1213 5.3672917716181865e-8
1214 5.3672917716181865e-8
1215 5.3672917716181865e-8
1216 5.3672917716181865e-8
1217 5.3672917716181865e-8
1218 5.3672917716181865e-8
1219 5.3672917716181865e-8
1220 5.3672917716181865e-8
1221 5.3672917716181865e-8
1222 5.3672917716181865e-8
1223 5.3672917716181865e-8
1224 5.3672917716181865e-8
1225 5.3672917716181865e-8
1226 5.3672917716181865e-8
1227 5.3672917716181865e-8
1228 5.3672917716181865e-8
1229 5.3672917716181865e-8
1230 5.3672917716181865e-8
1231 5.3672917716181865e-8
1232 5.3672917716181865e-8
1233 5.3672917716181865e-8
1234 5.519338299579001e-8
1235 5.519338299579001e-8
1236 5.519338299579001e-8
1237 5.519338299579001e-8
1238 5.519338299579001e-8
1239 5.519338299579001e-8
1240 5.519338299579001e-8
1241 5.519338299579001e-8
1242 5.519338299579001e-8
1243 5.519338299579001e-8
1244 5.519338299579001e-8
1245 5.519338299579001e-8
1246 5.519338299579001e-8
1247 5.519338299579001e-8
1248 5.519338299579001e-8
1249 5.519338299579001e-8
1250 5.519338299579001e-8
1251 5.519338299579001e-8
1252 5.519338299579001e-8
1253 5.519338299579001e-8
1254 5.519338299579001e-8
1255 5.519338299579001e-8
1256 5.519338299579001e-8
1257 5.519338299579001e-8
1258 5.519338299579001e-8
1259 5.519338299579001e-8
1260 5.519338299579001e-8
1261 5.519338299579001e-8
1262 5.519338299579001e-8
1263 5.519338299579001e-8
1264 5.519338299579001e-8
1265 5.519338299579001e-8
1266 5.519338299579001e-8
1267 5.519338299579001e-8
1268 5.519338299579001e-8
1269 5.519338299579001e-8
1270 5.519338299579001e-8
1271 5.519338299579001e-8
1272 5.5739725813354616e-8
1273 5.5739725813354616e-8
1274 5.5739725813354616e-8
1275 5.5739725813354616e-8
1276 5.5739725813354616e-8
1277 5.6286068019737344e-8
1278 5.6286068019737344e-8
1279 5.6286068019737344e-8
1280 5.6286068019737344e-8
1281 5.6588879916200125e-8
1282 5.6588879916200125e-8
1283 5.6588879916200125e-8
1284 5.6588879916200125e-8
1285 5.6588879916200125e-8
1286 5.6588879916200125e-8
1287 5.6588879916200125e-8
1288 5.6588879916200125e-8
1289 5.6588879916200125e-8
1290 5.6588879916200125e-8
1291 5.6588879916200125e-8
1292 5.6588879916200125e-8
1293 5.6588879916200125e-8
1294 5.6588879916200125e-8
1295 5.6588879916200125e-8
1296 5.6588879916200125e-8
1297 5.6588879916200125e-8
1298 5.6588879916200125e-8
1299 5.6588879916200125e-8
1300 5.6588879916200125e-8
1301 5.6588879916200125e-8
1302 5.6588879916200125e-8
1303 5.6588879916200125e-8
1304 5.6588879916200125e-8
1305 5.6588879916200125e-8
1306 5.6588879916200125e-8
1307 5.6588879916200125e-8
1308 5.691572409540378e-8
1309 5.691572409540378e-8
1310 5.691572409540378e-8
1311 5.691572409540378e-8
1312 5.691572409540378e-8
1313 5.691572409540378e-8
1314 5.691572409540378e-8
1315 5.759184344002386e-8
1316 5.759184344002386e-8
1317 5.759184344002386e-8
1318 5.780973894831108e-8
1319 5.780973894831108e-8
1320 5.780973894831108e-8
1321 5.780973894831108e-8
1322 5.837210328770293e-8
1323 5.862685000750209e-8
1324 5.862685000750209e-8
1325 5.862685000750209e-8
1326 5.862685000750209e-8
1327 5.862685000750209e-8
1328 5.976599768922119e-8
1329 5.976599768922119e-8
1330 5.976599768922119e-8
1331 5.976599768922119e-8
1332 5.976599768922119e-8
1333 5.976599768922119e-8
1334 5.976599768922119e-8
1335 5.976599768922119e-8
1336 5.976599768922119e-8
1337 5.976599768922119e-8
1338 5.976599768922119e-8
1339 5.976599768922119e-8
1340 5.976599768922119e-8
1341 5.976599768922119e-8
1342 5.976599768922119e-8
1343 5.976599768922119e-8
1344 5.976599768922119e-8
1345 5.976599768922119e-8
1346 5.976599768922119e-8
1347 5.976599768922119e-8
1348 5.976599768922119e-8
1349 5.976599768922119e-8
1350 5.976599768922119e-8
1351 5.976599768922119e-8
1352 5.976599768922119e-8
1353 5.976599768922119e-8
1354 6.050139678683846e-8
1355 6.050139678683846e-8
1356 6.050139678683846e-8
1357 6.050139678683846e-8
1358 6.050139678683846e-8
1359 6.050139678683846e-8
1360 6.050139678683846e-8
1361 6.050139678683846e-8
1362 6.050139678683846e-8
1363 6.070327077329844e-8
1364 6.070327077329844e-8
1365 6.070327077329844e-8
1366 6.136016355830756e-8
1367 6.136016355830756e-8
1368 6.136016355830756e-8
1369 6.136016355830756e-8
1370 6.136016355830756e-8
1371 6.136016355830756e-8
1372 6.136016355830756e-8
1373 6.136016355830756e-8
1374 6.136016355830756e-8
1375 6.136016355830756e-8
1376 6.136016355830756e-8
1377 6.136016355830756e-8
1378 6.136016355830756e-8
1379 6.136016355830756e-8
1380 6.136016355830756e-8
1381 6.136016355830756e-8
1382 6.136016355830756e-8
1383 6.136016355830756e-8
1384 6.136016355830756e-8
1385 6.136016355830756e-8
1386 6.136016355830756e-8
1387 6.136016355830756e-8
1388 6.136016355830756e-8
1389 6.136016355830756e-8
1390 6.136016355830756e-8
1391 6.136016355830756e-8
1392 6.143065972118396e-8
1393 6.143065972118396e-8
1394 6.143065972118396e-8
1395 6.143065972118396e-8
1396 6.143065972118396e-8
1397 6.143065972118396e-8
1398 6.166297545477034e-8
1399 6.166297545477034e-8
1400 6.219650056592764e-8
1401 6.219650056592764e-8
1402 6.219650056592764e-8
1403 6.255859160420574e-8
1404 6.255859160420574e-8
1405 6.255859160420574e-8
1406 6.255859160420574e-8
1407 6.255859160420574e-8
1408 6.255859160420574e-8
1409 6.301521169928299e-8
1410 6.301521169928299e-8
1411 6.356956466657934e-8
1412 6.356956466657934e-8
1413 6.397812019617485e-8
1414 6.397812019617485e-8
1415 6.406143284309479e-8
1416 6.424728469654562e-8
1417 6.424728469654562e-8
1418 6.471031364482653e-8
1419 6.471031364482653e-8
1420 6.471031364482653e-8
1421 6.471031364482653e-8
1422 6.471031364482653e-8
1423 6.471031364482653e-8
1424 6.471031364482653e-8
1425 6.471031364482653e-8
1426 6.471031364482653e-8
1427 6.471031364482653e-8
1428 6.471031364482653e-8
1429 6.471031364482653e-8
1430 6.471031364482653e-8
1431 6.471031364482653e-8
1432 6.499229707396838e-8
1433 6.510444894912287e-8
1434 6.510444894912287e-8
1435 6.510444894912287e-8
1436 6.510444894912287e-8
1437 6.546333617198102e-8
1438 6.546333617198102e-8
1439 6.546333617198102e-8
1440 6.546333617198102e-8
1441 6.546333617198102e-8
1442 6.603371066110462e-8
1443 6.603371066110462e-8
1444 6.603371066110462e-8
1445 6.603371066110462e-8
1446 6.603371066110462e-8
1447 6.603371066110462e-8
1448 6.603371066110462e-8
1449 6.603371066110462e-8
1450 6.603371066110462e-8
1451 6.603371066110462e-8
1452 6.603371066110462e-8
1453 6.603371066110462e-8
1454 6.603371066110462e-8
1455 6.603371066110462e-8
1456 6.603371066110462e-8
1457 6.603371066110462e-8
1458 6.603371066110462e-8
1459 6.603371066110462e-8
1460 6.603371066110462e-8
1461 6.603371066110462e-8
1462 6.603371066110462e-8
1463 6.603371066110462e-8
1464 6.603371066110462e-8
1465 6.603371066110462e-8
1466 6.603371066110462e-8
1467 6.603371066110462e-8
1468 6.603371066110462e-8
1469 6.603371066110462e-8
1470 6.678032433505547e-8
1471 6.678032433505547e-8
1472 6.726097671287358e-8
1473 6.726097671287358e-8
1474 6.726097671287358e-8
1475 6.726097671287358e-8
1476 6.726097671287358e-8
1477 6.726097671287358e-8
1478 6.726097671287358e-8
1479 6.726097671287358e-8
1480 6.726097671287358e-8
1481 6.726097671287358e-8
1482 6.726097671287358e-8
1483 6.755577784842274e-8
1484 6.755577784842274e-8
1485 6.755577784842274e-8
1486 6.858757937811727e-8
1487 6.858757937811727e-8
1488 6.858757937811727e-8
1489 6.858757937811727e-8
1490 6.858757937811727e-8
1491 6.858757937811727e-8
1492 6.858757937811727e-8
1493 6.917237470372191e-8
1494 6.917237470372191e-8
1495 6.917237470372191e-8
1496 6.917237470372191e-8
1497 6.917237470372191e-8
1498 6.917237470372191e-8
1499 6.917237470372191e-8
1500 6.917237470372191e-8
1501 6.917237470372191e-8
1502 6.917237470372191e-8
1503 6.917237470372191e-8
1504 6.917237470372191e-8
1505 6.917237470372191e-8
1506 6.917237470372191e-8
1507 6.917237470372191e-8
1508 6.917237470372191e-8
1509 6.917237470372191e-8
1510 6.917237470372191e-8
1511 6.917237470372191e-8
1512 6.917237470372191e-8
1513 6.93550227417528e-8
1514 6.93550227417528e-8
1515 6.93550227417528e-8
1516 6.93550227417528e-8
1517 6.93550227417528e-8
1518 6.93550227417528e-8
1519 6.93550227417528e-8
1520 6.93550227417528e-8
1521 6.93550227417528e-8
1522 6.93550227417528e-8
1523 6.93550227417528e-8
1524 6.93550227417528e-8
1525 6.93550227417528e-8
1526 6.93550227417528e-8
1527 6.93550227417528e-8
1528 6.93550227417528e-8
1529 6.93550227417528e-8
1530 6.93550227417528e-8
1531 6.93550227417528e-8
1532 6.93550227417528e-8
1533 6.93550227417528e-8
1534 6.93550227417528e-8
1535 6.93550227417528e-8
1536 6.93550227417528e-8
1537 6.93550227417528e-8
1538 6.93550227417528e-8
1539 6.93550227417528e-8
1540 6.93550227417528e-8
1541 6.93550227417528e-8
1542 6.93550227417528e-8
1543 6.93550227417528e-8
1544 6.93550227417528e-8
1545 6.93550227417528e-8
1546 6.93550227417528e-8
1547 6.93550227417528e-8
1548 6.95921441984691e-8
1549 6.95921441984691e-8
1550 6.95921441984691e-8
1551 6.95921441984691e-8
1552 6.95921441984691e-8
1553 6.95921441984691e-8
1554 6.95921441984691e-8
1555 6.95921441984691e-8
1556 6.95921441984691e-8
1557 6.95921441984691e-8
1558 6.95921441984691e-8
1559 6.95921441984691e-8
1560 6.95921441984691e-8
1561 6.95921441984691e-8
1562 6.95921441984691e-8
1563 6.95921441984691e-8
1564 6.95921441984691e-8
1565 6.95921441984691e-8
1566 6.95921441984691e-8
1567 6.95921441984691e-8
1568 6.95921441984691e-8
1569 6.95921441984691e-8
1570 6.95921441984691e-8
1571 6.95921441984691e-8
1572 6.95921441984691e-8
1573 6.95921441984691e-8
1574 6.95921441984691e-8
1575 6.95921441984691e-8
1576 6.95921441984691e-8
1577 6.95921441984691e-8
1578 6.95921441984691e-8
1579 6.95921441984691e-8
1580 6.95921441984691e-8
1581 6.95921441984691e-8
1582 6.95921441984691e-8
1583 6.95921441984691e-8
1584 6.95921441984691e-8
1585 6.95921441984691e-8
1586 6.95921441984691e-8
1587 6.95921441984691e-8
1588 6.95921441984691e-8
1589 6.95921441984691e-8
1590 6.95921441984691e-8
1591 6.95921441984691e-8
1592 6.95921441984691e-8
1593 6.95921441984691e-8
1594 6.95921441984691e-8
1595 7.025704713320996e-8
1596 7.025704713320996e-8
1597 7.063996724999086e-8
1598 7.063996724999086e-8
1599 7.063996724999086e-8
1600 7.063996724999086e-8
1601 7.063996724999086e-8
1602 7.063996724999086e-8
1603 7.063996724999086e-8
1604 7.063996724999086e-8
1605 7.063996724999086e-8
1606 7.063996724999086e-8
1607 7.063996724999086e-8
1608 7.063996724999086e-8
1609 7.063996724999086e-8
1610 7.063996724999086e-8
1611 7.063996724999086e-8
1612 7.063996724999086e-8
1613 7.096841333690448e-8
1614 7.096841333690448e-8
1615 7.096841333690448e-8
1616 7.096841333690448e-8
1617 7.200662310862077e-8
1618 7.200662310862077e-8
1619 7.200662310862077e-8
1620 7.200662310862077e-8
1621 7.200662310862077e-8
1622 7.200662310862077e-8
1623 7.200662310862077e-8
1624 7.200662310862077e-8
1625 7.200662310862077e-8
1626 7.200662310862077e-8
1627 7.200662310862077e-8
1628 7.200662310862077e-8
1629 7.200662310862077e-8
1630 7.200662310862077e-8
1631 7.200662310862077e-8
1632 7.200662310862077e-8
1633 7.200662310862077e-8
1634 7.200662310862077e-8
1635 7.200662310862077e-8
1636 7.200662310862077e-8
1637 7.200662310862077e-8
1638 7.200662310862077e-8
1639 7.200662310862077e-8
1640 7.200662310862077e-8
1641 7.200662310862077e-8
1642 7.200662310862077e-8
1643 7.200662310862077e-8
1644 7.200662310862077e-8
1645 7.200662310862077e-8
1646 7.200662310862077e-8
1647 7.200662310862077e-8
1648 7.200662310862077e-8
1649 7.200662310862077e-8
1650 7.200662310862077e-8
1651 7.200662310862077e-8
1652 7.200662310862077e-8
1653 7.200662310862077e-8
1654 7.200662310862077e-8
1655 7.200662310862077e-8
1656 7.200662310862077e-8
1657 7.200662310862077e-8
1658 7.200662310862077e-8
1659 7.200662310862077e-8
1660 7.200662310862077e-8
1661 7.200662310862077e-8
1662 7.26330741465035e-8
1663 7.26330741465035e-8
1664 7.26330741465035e-8
1665 7.26330741465035e-8
1666 7.26330741465035e-8
1667 7.26330741465035e-8
1668 7.26330741465035e-8
1669 7.26330741465035e-8
1670 7.26330741465035e-8
1671 7.26330741465035e-8
1672 7.26330741465035e-8
1673 7.26330741465035e-8
1674 7.26330741465035e-8
1675 7.26330741465035e-8
1676 7.26330741465035e-8
1677 7.26330741465035e-8
1678 7.290544429583987e-8
1679 7.290544429583987e-8
1680 7.290544429583987e-8
1681 7.305604806785252e-8
1682 7.305604806785252e-8
1683 7.305604806785252e-8
1684 7.305604806785252e-8
1685 7.305604806785252e-8
1686 7.305604806785252e-8
1687 7.305604806785252e-8
1688 7.305604806785252e-8
1689 7.305604806785252e-8
1690 7.305604806785252e-8
1691 7.305604806785252e-8
1692 7.305604806785252e-8
1693 7.305604806785252e-8
1694 7.305604806785252e-8
1695 7.305604806785252e-8
1696 7.305604806785252e-8
1697 7.305604806785252e-8
1698 7.305604806785252e-8
1699 7.305604806785252e-8
1700 7.305604806785252e-8
1701 7.305604806785252e-8
1702 7.305604806785252e-8
1703 7.305604806785252e-8
1704 7.305604806785252e-8
1705 7.305604806785252e-8
1706 7.305604806785252e-8
1707 7.305604806785252e-8
1708 7.305604806785252e-8
1709 7.305604806785252e-8
1710 7.305604806785252e-8
1711 7.305604806785252e-8
1712 7.305604806785252e-8
1713 7.305604806785252e-8
1714 7.305604806785252e-8
1715 7.305604806785252e-8
1716 7.305604806785252e-8
1717 7.305604806785252e-8
1718 7.305604806785252e-8
1719 7.305604806785252e-8
1720 7.305604806785252e-8
1721 7.33284182171889e-8
1722 7.33284182171889e-8
1723 7.33284182171889e-8
1724 7.33284182171889e-8
1725 7.33284182171889e-8
1726 7.33284182171889e-8
1727 7.33284182171889e-8
1728 7.33284182171889e-8
1729 7.33284182171889e-8
1730 7.33284182171889e-8
1731 7.33284182171889e-8
1732 7.33284182171889e-8
1733 7.374658580422612e-8
1734 7.374658580422612e-8
1735 7.38491256219389e-8
1736 7.38491256219389e-8
1737 7.480882969222892e-8
1738 7.480882969222892e-8
1739 7.480882969222892e-8
1740 7.480882969222892e-8
1741 7.480882969222892e-8
1742 7.480882969222892e-8
1743 7.480882969222892e-8
1744 7.480882969222892e-8
1745 7.480882969222892e-8
1746 7.480882969222892e-8
1747 7.480882969222892e-8
1748 7.480882969222892e-8
1749 7.480882969222892e-8
1750 7.480882969222892e-8
1751 7.588869639858707e-8
1752 7.588869639858707e-8
1753 7.588869639858707e-8
1754 7.612101213217344e-8
1755 7.612101213217344e-8
1756 7.612101213217344e-8
1757 7.612101213217344e-8
1758 7.612101213217344e-8
1759 7.612101213217344e-8
1760 7.681475490633074e-8
1761 7.681475490633074e-8
1762 7.681475490633074e-8
1763 7.681475490633074e-8
1764 7.681475490633074e-8
1765 7.681475490633074e-8
1766 7.681475490633074e-8
1767 7.681475490633074e-8
1768 7.681475490633074e-8
1769 7.681475490633074e-8
1770 7.681475490633074e-8
1771 7.681475490633074e-8
1772 7.681475490633074e-8
1773 7.681475490633074e-8
1774 7.681475490633074e-8
1775 7.681475490633074e-8
1776 7.681475490633074e-8
1777 7.681475490633074e-8
1778 7.681475490633074e-8
1779 7.681475490633074e-8
1780 7.681475490633074e-8
1781 7.681475490633074e-8
1782 7.681475490633074e-8
1783 7.681475490633074e-8
1784 7.681475490633074e-8
1785 7.681475490633074e-8
1786 7.681475490633074e-8
1787 7.681475490633074e-8
1788 7.681475490633074e-8
1789 7.681475490633074e-8
1790 7.681475490633074e-8
1791 7.70566839197226e-8
1792 7.70566839197226e-8
1793 7.70566839197226e-8
1794 7.70566839197226e-8
1795 7.70566839197226e-8
1796 7.70566839197226e-8
1797 7.70566839197226e-8
1798 7.777285645772893e-8
1799 7.777285645772893e-8
1800 7.777285645772893e-8
1801 7.777285645772893e-8
1802 7.777285645772893e-8
1803 7.777285645772893e-8
1804 7.777285645772893e-8
1805 7.777285645772893e-8
1806 7.777285645772893e-8
1807 7.777285645772893e-8
1808 7.777285645772893e-8
1809 7.777285645772893e-8
1810 7.777285645772893e-8
1811 7.777285645772893e-8
1812 7.777285645772893e-8
1813 7.777285645772893e-8
1814 7.777285645772893e-8
1815 7.777285645772893e-8
1816 7.777285645772893e-8
1817 7.777285645772893e-8
1818 7.777285645772893e-8
1819 7.777285645772893e-8
1820 7.777285645772893e-8
1821 7.777285645772893e-8
1822 7.777285645772893e-8
1823 7.777285645772893e-8
1824 7.799876333811165e-8
1825 7.799876333811165e-8
1826 7.799876333811165e-8
1827 7.799876333811165e-8
1828 7.799876333811165e-8
1829 7.799876333811165e-8
1830 7.799876333811165e-8
1831 7.799876333811165e-8
1832 7.799876333811165e-8
1833 7.799876333811165e-8
1834 7.87261516748153e-8
1835 7.87261516748153e-8
1836 7.87261516748153e-8
1837 7.87261516748153e-8
1838 7.87261516748153e-8
1839 7.87261516748153e-8
1840 7.95400576962226e-8
1841 7.95400576962226e-8
1842 7.95400576962226e-8
1843 7.95400576962226e-8
1844 7.95400576962226e-8
1845 7.997424741626895e-8
1846 7.997424741626895e-8
1847 7.997424741626895e-8
1848 8.052539595696347e-8
1849 8.052539595696347e-8
1850 8.052539595696347e-8
1851 8.052539595696347e-8
1852 8.052539595696347e-8
1853 8.247684653001614e-8
1854 8.355190690206249e-8
1855 8.404858141288973e-8
1856 8.404858141288973e-8
1857 8.404858141288973e-8
1858 8.404858141288973e-8
1859 8.416073328804423e-8
1860 8.416073328804423e-8
1861 8.416073328804423e-8
1862 8.416073328804423e-8
1863 8.451962112208426e-8
1864 8.451962112208426e-8
1865 8.479519569802245e-8
1866 8.479519569802245e-8
1867 8.479519569802245e-8
1868 8.479519569802245e-8
1869 8.555142204059689e-8
1870 8.555142204059689e-8
1871 8.555142204059689e-8
1872 8.555142204059689e-8
1873 8.575650106484057e-8
1874 8.575650106484057e-8
1875 8.575650106484057e-8
1876 8.575650106484057e-8
1877 8.575650106484057e-8
1878 8.594555795607511e-8
1879 8.594555795607511e-8
1880 8.594555795607511e-8
1881 8.594555795607511e-8
1882 8.594555795607511e-8
1883 8.594555795607511e-8
1884 8.616345346436234e-8
1885 8.616345346436234e-8
1886 8.616345346436234e-8
1887 8.616345346436234e-8
1888 8.616345346436234e-8
1889 8.616345346436234e-8
1890 8.616345346436234e-8
1891 8.616345346436234e-8
1892 8.616345346436234e-8
1893 8.616345346436234e-8
1894 8.616345346436234e-8
1895 8.616345346436234e-8
1896 8.616345346436234e-8
1897 8.616345346436234e-8
1898 8.616345346436234e-8
1899 8.616345346436234e-8
1900 8.616345346436234e-8
1901 8.616345346436234e-8
1902 8.616345346436234e-8
1903 8.616345346436234e-8
1904 8.659123494238691e-8
1905 8.659123494238691e-8
1906 8.674985008649506e-8
1907 8.674985008649506e-8
1908 8.674985008649506e-8
1909 8.674985008649506e-8
1910 8.674985008649506e-8
1911 8.674985008649506e-8
1912 8.674985008649506e-8
1913 8.674985008649506e-8
1914 8.674985008649506e-8
1915 8.674985008649506e-8
1916 8.726254673033145e-8
1917 8.726254673033145e-8
1918 8.726254673033145e-8
1919 8.766789722214324e-8
1920 8.766789722214324e-8
1921 8.766789722214324e-8
1922 8.766789722214324e-8
1923 8.766789722214324e-8
1924 8.766789722214324e-8
1925 8.809888312676965e-8
1926 8.809888312676965e-8
1927 8.809888312676965e-8
1928 8.809888312676965e-8
1929 8.809888312676965e-8
1930 8.809888312676965e-8
1931 8.809888312676965e-8
1932 8.809888312676965e-8
1933 8.809888312676965e-8
1934 8.809888312676965e-8
1935 8.809888312676965e-8
1936 8.809888312676965e-8
1937 8.838727479793328e-8
1938 8.838727479793328e-8
1939 8.838727479793328e-8
1940 8.838727479793328e-8
1941 8.838727479793328e-8
1942 8.838727479793328e-8
1943 8.838727479793328e-8
1944 8.838727479793328e-8
1945 8.838727479793328e-8
1946 8.838727479793328e-8
1947 8.838727479793328e-8
1948 8.838727479793328e-8
1949 8.838727479793328e-8
1950 8.838727479793328e-8
1951 8.838727479793328e-8
1952 8.838727479793328e-8
1953 8.838727479793328e-8
1954 8.838727479793328e-8
1955 8.838727479793328e-8
1956 8.838727479793328e-8
1957 8.838727479793328e-8
1958 8.838727479793328e-8
1959 8.838727479793328e-8
1960 8.838727479793328e-8
1961 8.838727479793328e-8
1962 8.838727479793328e-8
1963 8.838727479793328e-8
1964 8.838727479793328e-8
1965 8.838727479793328e-8
1966 8.838727479793328e-8
1967 8.838727479793328e-8
1968 8.838727479793328e-8
1969 8.838727479793328e-8
1970 8.838727479793328e-8
1971 8.838727479793328e-8
1972 8.838727479793328e-8
1973 8.838727479793328e-8
1974 8.838727479793328e-8
1975 8.838727479793328e-8
1976 8.838727479793328e-8
1977 8.838727479793328e-8
1978 8.838727479793328e-8
1979 8.838727479793328e-8
1980 8.838727479793328e-8
1981 8.838727479793328e-8
1982 8.838727479793328e-8
1983 8.896726256686235e-8
1984 8.896726256686235e-8
1985 8.896726256686235e-8
1986 8.896726256686235e-8
1987 8.896726256686235e-8
1988 8.896726256686235e-8
1989 8.896726256686235e-8
1990 8.896726256686235e-8
1991 8.912748145222611e-8
1992 8.912748145222611e-8
1993 8.912748145222611e-8
1994 8.912748145222611e-8
1995 8.912748145222611e-8
1996 8.912748145222611e-8
1997 8.912748145222611e-8
1998 8.912748145222611e-8
1999 8.967061923200701e-8
2000 8.967061923200701e-8
2001 8.967061923200701e-8
2002 8.967061923200701e-8
2003 8.967061923200701e-8
2004 8.967061923200701e-8
2005 8.967061923200701e-8
2006 8.967061923200701e-8
2007 8.967061923200701e-8
2008 8.967061923200701e-8
2009 8.967061923200701e-8
2010 8.967061923200701e-8
2011 8.967061923200701e-8
2012 8.967061923200701e-8
2013 8.967061923200701e-8
2014 8.967061923200701e-8
2015 8.967061923200701e-8
2016 8.967061923200701e-8
2017 8.967061923200701e-8
2018 8.967061923200701e-8
2019 8.967061923200701e-8
2020 8.967061923200701e-8
2021 8.967061923200701e-8
2022 9.005353873760603e-8
2023 9.005353873760603e-8
2024 9.005353873760603e-8
2025 9.005353873760603e-8
2026 9.005353873760603e-8
2027 9.005353873760603e-8
2028 9.034193040876966e-8
2029 9.034193040876966e-8
2030 9.034193040876966e-8
2031 9.034193040876966e-8
2032 9.034193040876966e-8
2033 9.056142843594872e-8
2034 9.056142843594872e-8
2035 9.056142843594872e-8
2036 9.056142843594872e-8
2037 9.056142843594872e-8
2038 9.056142843594872e-8
2039 9.056142843594872e-8
2040 9.056142843594872e-8
2041 9.056142843594872e-8
2042 9.056142843594872e-8
2043 9.056142843594872e-8
2044 9.056142843594872e-8
2045 9.056142843594872e-8
2046 9.056142843594872e-8
2047 9.056142843594872e-8
2048 9.125196617232233e-8
2049 9.125196617232233e-8
2050 9.125196617232233e-8
2051 9.125196617232233e-8
2052 9.125196617232233e-8
2053 9.125196617232233e-8
2054 9.125196617232233e-8
2055 9.125196617232233e-8
2056 9.153555150917416e-8
2057 9.153555150917416e-8
2058 9.153555150917416e-8
2059 9.153555150917416e-8
2060 9.153555150917416e-8
2061 9.153555150917416e-8
2062 9.153555150917416e-8
2063 9.153555150917416e-8
2064 9.153555150917416e-8
2065 9.153555150917416e-8
2066 9.200659182955055e-8
2067 9.200659182955055e-8
2068 9.200659182955055e-8
2069 9.200659182955055e-8
2070 9.200659182955055e-8
2071 9.200659182955055e-8
2072 9.200659182955055e-8
2073 9.200659182955055e-8
2074 9.200659182955055e-8
2075 9.200659182955055e-8
2076 9.200659182955055e-8
2077 9.200659182955055e-8
2078 9.200659182955055e-8
2079 9.200659182955055e-8
2080 9.200659182955055e-8
2081 9.200659182955055e-8
2082 9.200659182955055e-8
2083 9.200659182955055e-8
2084 9.200659182955055e-8
2085 9.200659182955055e-8
2086 9.200659182955055e-8
2087 9.200659182955055e-8
2088 9.200659182955055e-8
2089 9.200659182955055e-8
2090 9.200659182955055e-8
2091 9.236387653351685e-8
2092 9.236387653351685e-8
2093 9.236387653351685e-8
2094 9.236387653351685e-8
2095 9.308806105480056e-8
2096 9.308806105480056e-8
2097 9.308806105480056e-8
2098 9.308806105480056e-8
2099 9.308806105480056e-8
2100 9.308806105480056e-8
2101 9.308806105480056e-8
2102 9.308806105480056e-8
2103 9.308806105480056e-8
2104 9.308806105480056e-8
2105 9.308806105480056e-8
2106 9.308806105480056e-8
2107 9.308806105480056e-8
2108 9.308806105480056e-8
2109 9.308806105480056e-8
2110 9.308806105480056e-8
2111 9.308806105480056e-8
2112 9.308806105480056e-8
2113 9.308806105480056e-8
2114 9.308806105480056e-8
2115 9.308806105480056e-8
2116 9.308806105480056e-8
2117 9.308806105480056e-8
2118 9.308806105480056e-8
2119 9.308806105480056e-8
2120 9.308806105480056e-8
2121 9.308806105480056e-8
2122 9.308806105480056e-8
2123 9.308806105480056e-8
2124 9.308806105480056e-8
2125 9.308806105480056e-8
2126 9.308806105480056e-8
2127 9.308806105480056e-8
2128 9.308806105480056e-8
2129 9.308806105480056e-8
2130 9.308806105480056e-8
2131 9.308806105480056e-8
2132 9.308806105480056e-8
2133 9.308806105480056e-8
2134 9.308806105480056e-8
2135 9.308806105480056e-8
2136 9.308806105480056e-8
2137 9.308806105480056e-8
2138 9.308806105480056e-8
2139 9.308806105480056e-8
2140 9.308806105480056e-8
2141 9.308806105480056e-8
2142 9.308806105480056e-8
2143 9.308806105480056e-8
2144 9.308806105480056e-8
2145 9.308806105480056e-8
2146 9.308806105480056e-8
2147 9.308806105480056e-8
2148 9.308806105480056e-8
2149 9.308806105480056e-8
2150 9.308806105480056e-8
2151 9.308806105480056e-8
2152 9.308806105480056e-8
2153 9.308806105480056e-8
2154 9.308806105480056e-8
2155 9.352064886713693e-8
2156 9.352064886713693e-8
2157 9.352064886713693e-8
2158 9.352064886713693e-8
2159 9.352064886713693e-8
2160 9.352064886713693e-8
2161 9.352064886713693e-8
2162 9.352064886713693e-8
2163 9.352064886713693e-8
2164 9.352064886713693e-8
2165 9.352064886713693e-8
2166 9.352064886713693e-8
2167 9.352064886713693e-8
2168 9.352064886713693e-8
2169 9.352064886713693e-8
2170 9.352064886713693e-8
2171 9.352064886713693e-8
2172 9.352064886713693e-8
2173 9.352064886713693e-8
2174 9.352064886713693e-8
2175 9.355910076399508e-8
2176 9.355910076399508e-8
2177 9.355910076399508e-8
2178 9.355910076399508e-8
2179 9.355910076399508e-8
2180 9.355910076399508e-8
2181 9.355910076399508e-8
2182 9.355910076399508e-8
2183 9.355910076399508e-8
2184 9.396284995927879e-8
2185 9.396284995927879e-8
2186 9.396284995927879e-8
2187 9.396284995927879e-8
2188 9.396284995927879e-8
2189 9.396284995927879e-8
2190 9.396284995927879e-8
2191 9.396284995927879e-8
2192 9.396284995927879e-8
2193 9.396284995927879e-8
2194 9.396284995927879e-8
2195 9.396284995927879e-8
2196 9.396284995927879e-8
2197 9.396284995927879e-8
2198 9.549933798307794e-8
2199 9.549933798307794e-8
2200 9.549933798307794e-8
2201 9.624114593389887e-8
2202 9.624114593389887e-8
2203 9.624114593389887e-8
2204 9.624114593389887e-8
2205 9.624114593389887e-8
2206 9.624114593389887e-8
2207 9.624114593389887e-8
2208 9.624114593389887e-8
2209 9.624114593389887e-8
2210 9.624114593389887e-8
2211 9.624114593389887e-8
2212 9.624114593389887e-8
2213 9.624114593389887e-8
2214 9.624114593389887e-8
2215 9.624114593389887e-8
2216 9.624114593389887e-8
2217 9.624114593389887e-8
2218 9.624114593389887e-8
2219 9.624114593389887e-8
2220 9.624114593389887e-8
2221 9.624114593389887e-8
2222 9.624114593389887e-8
2223 9.624114593389887e-8
2224 9.624114593389887e-8
2225 9.624114593389887e-8
2226 9.624114593389887e-8
2227 9.624114593389887e-8
2228 9.624114593389887e-8
2229 9.624114593389887e-8
2230 9.624114593389887e-8
2231 9.624114593389887e-8
2232 9.624114593389887e-8
2233 9.624114593389887e-8
2234 9.624114593389887e-8
2235 9.624114593389887e-8
2236 9.624114593389887e-8
2237 9.624114593389887e-8
2238 9.624114593389887e-8
2239 9.624114593389887e-8
2240 9.624114593389887e-8
2241 9.624114593389887e-8
2242 9.624114593389887e-8
2243 9.659522621126333e-8
2244 9.659522621126333e-8
2245 9.659522621126333e-8
2246 9.659522621126333e-8
2247 9.659522621126333e-8
2248 9.659522621126333e-8
2249 9.659522621126333e-8
2250 9.802116365643608e-8
2251 9.802116365643608e-8
2252 9.802116365643608e-8
2253 9.802116365643608e-8
2254 9.802116365643608e-8
2255 9.802116365643608e-8
2256 9.802116365643608e-8
2257 9.802116365643608e-8
2258 9.802116365643608e-8
2259 9.802116365643608e-8
2260 9.802116365643608e-8
2261 9.802116365643608e-8
2262 9.844413880014886e-8
2263 9.844413880014886e-8
2264 9.844413880014886e-8
2265 9.844413880014886e-8
2266 9.844413880014886e-8
2267 9.844413880014886e-8
2268 9.844413880014886e-8
2269 9.844413880014886e-8
2270 9.844413880014886e-8
2271 9.844413880014886e-8
2272 9.844413880014886e-8
2273 9.844413880014886e-8
2274 9.844413880014886e-8
2275 9.844413880014886e-8
2276 9.844413880014886e-8
2277 9.913307462881248e-8
2278 9.913307462881248e-8
2279 9.913307462881248e-8
2280 9.913307462881248e-8
2281 9.913307462881248e-8
2282 9.913307462881248e-8
2283 9.913307462881248e-8
2284 9.913307462881248e-8
2285 9.913307462881248e-8
2286 9.913307462881248e-8
2287 9.913307462881248e-8
2288 9.913307462881248e-8
2289 9.913307462881248e-8
2290 9.913307462881248e-8
2291 9.913307462881248e-8
2292 9.913307462881248e-8
2293 9.913307462881248e-8
2294 9.913307462881248e-8
2295 9.913307462881248e-8
2296 9.913307462881248e-8
2297 9.913307462881248e-8
2298 9.913307462881248e-8
2299 9.913307462881248e-8
2300 9.913307462881248e-8
2301 1.0086823221246978e-7
2302 1.0149628576924435e-7
2303 1.0149628576924435e-7
2304 1.0149628576924435e-7
2305 1.0149628576924435e-7
2306 1.0149628576924435e-7
2307 1.0149628576924435e-7
2308 1.0149628576924435e-7
2309 1.0149628576924435e-7
2310 1.0149628576924435e-7
2311 1.0149628576924435e-7
2312 1.0149628576924435e-7
2313 1.0149628576924435e-7
2314 1.0149628576924435e-7
2315 1.0149628576924435e-7
2316 1.0149628576924435e-7
2317 1.0149628576924435e-7
2318 1.0149628576924435e-7
2319 1.0149628576924435e-7
2320 1.0149628576924435e-7
2321 1.0149628576924435e-7
2322 1.0149628576924435e-7
2323 1.0149628576924435e-7
2324 1.0149628576924435e-7
2325 1.0149628576924435e-7
2326 1.0149628576924435e-7
2327 1.0149628576924435e-7
2328 1.0149628576924435e-7
2329 1.0149628576924435e-7
2330 1.0149628576924435e-7
2331 1.0149628576924435e-7
2332 1.0149628576924435e-7
2333 1.0149628576924435e-7
2334 1.0149628576924435e-7
2335 1.0149628576924435e-7
2336 1.0149628576924435e-7
2337 1.0149628576924435e-7
2338 1.0149628576924435e-7
2339 1.0175583821217342e-7
2340 1.0175583821217342e-7
2341 1.0175583821217342e-7
2342 1.0175583821217342e-7
2343 1.0175583821217342e-7
2344 1.0175583821217342e-7
2345 1.0175583821217342e-7
2346 1.0175583821217342e-7
2347 1.0175583821217342e-7
2348 1.0175583821217342e-7
2349 1.0175583821217342e-7
2350 1.0175583821217342e-7
2351 1.0175583821217342e-7
2352 1.0175583821217342e-7
2353 1.0175583821217342e-7
2354 1.0175583821217342e-7
2355 1.0175583821217342e-7
2356 1.0175583821217342e-7
2357 1.0175583821217342e-7
2358 1.0175583821217342e-7
2359 1.0175583821217342e-7
2360 1.0175583821217342e-7
2361 1.0223969501659338e-7
2362 1.0223969501659338e-7
2363 1.0223969501659338e-7
2364 1.0280686569029703e-7
2365 1.0280686569029703e-7
2366 1.0280686569029703e-7
2367 1.0280686569029703e-7
2368 1.0280686569029703e-7
2369 1.0293023336414885e-7
2370 1.0293023336414885e-7
2371 1.0293023336414885e-7
2372 1.0317216176635882e-7
2373 1.0317216176635882e-7
2374 1.0360635148640517e-7
2375 1.0360635148640517e-7
2376 1.0360635148640517e-7
2377 1.0360635148640517e-7
2378 1.0360635148640517e-7
2379 1.0360635148640517e-7
2380 1.0360635148640517e-7
2381 1.0360635148640517e-7
2382 1.0360635148640517e-7
2383 1.0360635148640517e-7
2384 1.0360635148640517e-7
2385 1.0360635148640517e-7
2386 1.0402131586920433e-7
2387 1.0402131586920433e-7
2388 1.0402131586920433e-7
2389 1.0402131586920433e-7
2390 1.0402131586920433e-7
2391 1.0402131586920433e-7
2392 1.0402131586920433e-7
2393 1.0402131586920433e-7
2394 1.0402131586920433e-7
2395 1.0402131586920433e-7
2396 1.0481919914642063e-7
2397 1.0481919914642063e-7
2398 1.0481919914642063e-7
2399 1.0481919914642063e-7
2400 1.0481919914642063e-7
2401 1.0481919914642063e-7
2402 1.0481919914642063e-7
2403 1.0538957485790799e-7
2404 1.0538957485790799e-7
2405 1.0538957485790799e-7
2406 1.0538957485790799e-7
2407 1.0597917590664253e-7
2408 1.0597917590664253e-7
2409 1.0597917590664253e-7
2410 1.0597917590664253e-7
2411 1.0601923032239254e-7
2412 1.0601923032239254e-7
2413 1.0629480489833074e-7
2414 1.0629480489833074e-7
2415 1.0629480489833074e-7
2416 1.064390010395035e-7
2417 1.064390010395035e-7
2418 1.064390010395035e-7
2419 1.064390010395035e-7
2420 1.0738909182998805e-7
2421 1.0738909182998805e-7
2422 1.0738909182998805e-7
2423 1.0783930368304352e-7
2424 1.0783930368304352e-7
2425 1.0783930368304352e-7
2426 1.0783930368304352e-7
2427 1.0783930368304352e-7
2428 1.0783930368304352e-7
2429 1.0783930368304352e-7
2430 1.0783930368304352e-7
2431 1.0814531878374436e-7
2432 1.0814531878374436e-7
2433 1.0814531878374436e-7
2434 1.0814531878374436e-7
2435 1.0814531878374436e-7
2436 1.0814531878374436e-7
2437 1.0814531878374436e-7
2438 1.0814531878374436e-7
2439 1.0814531878374436e-7
2440 1.0814531878374436e-7
2441 1.0814531878374436e-7
2442 1.0814531878374436e-7
2443 1.0814531878374436e-7
2444 1.0814531878374436e-7
2445 1.0814531878374436e-7
2446 1.0814531878374436e-7
2447 1.0840967817216711e-7
2448 1.0840967817216711e-7
2449 1.0840967817216711e-7
2450 1.0840967817216711e-7
2451 1.0840967817216711e-7
2452 1.0840967817216711e-7
2453 1.0840967817216711e-7
2454 1.0948794297081528e-7
2455 1.0948794297081528e-7
2456 1.0948794297081528e-7
2457 1.0948794297081528e-7
2458 1.0948794297081528e-7
2459 1.0948794297081528e-7
2460 1.0948794297081528e-7
2461 1.0948794297081528e-7
2462 1.0948794297081528e-7
2463 1.0948794297081528e-7
2464 1.0948794297081528e-7
2465 1.0948794297081528e-7
2466 1.0948794297081528e-7
2467 1.0959528851165798e-7
2468 1.0959528851165798e-7
2469 1.0974589350603437e-7
2470 1.0974589350603437e-7
2471 1.1018168513379069e-7
2472 1.1018168513379069e-7
2473 1.1018168513379069e-7
2474 1.1018168513379069e-7
2475 1.1018168513379069e-7
2476 1.1018168513379069e-7
2477 1.1018168513379069e-7
2478 1.1018168513379069e-7
2479 1.1018168513379069e-7
2480 1.1018168513379069e-7
2481 1.1018168513379069e-7
2482 1.1018168513379069e-7
2483 1.1018168513379069e-7
2484 1.1018168513379069e-7
2485 1.1018168513379069e-7
2486 1.1018168513379069e-7
2487 1.1018168513379069e-7
2488 1.1018168513379069e-7
2489 1.1018168513379069e-7
2490 1.1018168513379069e-7
2491 1.1018168513379069e-7
2492 1.1018168513379069e-7
2493 1.1018168513379069e-7
2494 1.1018168513379069e-7
2495 1.1018168513379069e-7
2496 1.1018168513379069e-7
2497 1.1018168513379069e-7
2498 1.1018168513379069e-7
2499 1.1018168513379069e-7
2500 1.1018168513379069e-7
2501 1.1018168513379069e-7
2502 1.1018168513379069e-7
2503 1.1018168513379069e-7
2504 1.1018168513379069e-7
2505 1.1018168513379069e-7
2506 1.1018168513379069e-7
2507 1.1018168513379069e-7
2508 1.1018168513379069e-7
2509 1.1018168513379069e-7
2510 1.1018168513379069e-7
2511 1.1018168513379069e-7
2512 1.1018168513379069e-7
2513 1.1018168513379069e-7
2514 1.1018168513379069e-7
2515 1.1038195721254069e-7
2516 1.1038195721254069e-7
2517 1.1038195721254069e-7
2518 1.1038195721254069e-7
2519 1.1038195721254069e-7
2520 1.1075846786493605e-7
2521 1.1075846786493605e-7
2522 1.1075846786493605e-7
2523 1.1158679350046062e-7
2524 1.1158679350046062e-7
2525 1.1158679350046062e-7
2526 1.1158679350046062e-7
2527 1.1158679350046062e-7
2528 1.1221644957612705e-7
2529 1.1221644957612705e-7
2530 1.1221644957612705e-7
2531 1.1221644957612705e-7
2532 1.1221644957612705e-7
2533 1.1221644957612705e-7
2534 1.1221644957612705e-7
2535 1.1221644957612705e-7
2536 1.1221644957612705e-7
2537 1.1221644957612705e-7
2538 1.1221644957612705e-7
2539 1.1221644957612705e-7
2540 1.1221644957612705e-7
2541 1.1221644957612705e-7
2542 1.1221644957612705e-7
2543 1.1221644957612705e-7
2544 1.1221644957612705e-7
2545 1.1262660640225065e-7
2546 1.1262660640225065e-7
2547 1.1262660640225065e-7
2548 1.1308002207072606e-7
2549 1.1308002207072606e-7
2550 1.1357028772834965e-7
2551 1.1357028772834965e-7
2552 1.1357028772834965e-7
2553 1.1357028772834965e-7
2554 1.142896646929578e-7
2555 1.142896646929578e-7
2556 1.142896646929578e-7
2557 1.142896646929578e-7
2558 1.142896646929578e-7
2559 1.142896646929578e-7
2560 1.142896646929578e-7
2561 1.1515323840992058e-7
2562 1.1515323840992058e-7
2563 1.1515323840992058e-7
2564 1.1515323840992058e-7
2565 1.1515323840992058e-7
2566 1.1515323840992058e-7
2567 1.1515323840992058e-7
2568 1.1515323840992058e-7
2569 1.1515323840992058e-7
2570 1.1515323840992058e-7
2571 1.1515323840992058e-7
2572 1.1515323840992058e-7
2573 1.1515323840992058e-7
2574 1.1515323840992058e-7
2575 1.1515323840992058e-7
2576 1.1515323840992058e-7
2577 1.153390908745533e-7
2578 1.1622669626307507e-7
2579 1.1622669626307507e-7
2580 1.1622669626307507e-7
2581 1.1622669626307507e-7
2582 1.1622669626307507e-7
2583 1.1622669626307507e-7
2584 1.1622669626307507e-7
2585 1.1622669626307507e-7
2586 1.1622669626307507e-7
2587 1.1622669626307507e-7
2588 1.1622669626307507e-7
2589 1.1622669626307507e-7
2590 1.1622669626307507e-7
2591 1.1659840119234052e-7
2592 1.1659840119234052e-7
2593 1.1659840119234052e-7
2594 1.1710949531728504e-7
2595 1.1710949531728504e-7
2596 1.1710949531728504e-7
2597 1.1710949531728504e-7
2598 1.1710949531728504e-7
2599 1.1710949531728504e-7
2600 1.1710949531728504e-7
2601 1.1710949531728504e-7
2602 1.1710949531728504e-7
2603 1.1710949531728504e-7
2604 1.1710949531728504e-7
2605 1.1710949531728504e-7
2606 1.1810124243122957e-7
2607 1.1810124243122957e-7
2608 1.1810124243122957e-7
2609 1.1810124243122957e-7
2610 1.1810124243122957e-7
2611 1.1810124243122957e-7
2612 1.1810124243122957e-7
2613 1.1810124243122957e-7
2614 1.1810124243122957e-7
2615 1.1810124243122957e-7
2616 1.1810124243122957e-7
2617 1.1810124243122957e-7
2618 1.1810124243122957e-7
2619 1.1810124243122957e-7
2620 1.1810124243122957e-7
2621 1.1810124243122957e-7
2622 1.1810124243122957e-7
2623 1.1810124243122957e-7
2624 1.1810124243122957e-7
2625 1.1810124243122957e-7
2626 1.1810124243122957e-7
2627 1.1810124243122957e-7
2628 1.1810124243122957e-7
2629 1.1810124243122957e-7
2630 1.1810124243122957e-7
2631 1.1810124243122957e-7
2632 1.1810124243122957e-7
2633 1.1810124243122957e-7
2634 1.1810124243122957e-7
2635 1.1810124243122957e-7
2636 1.1810124243122957e-7
2637 1.1810124243122957e-7
2638 1.1810124243122957e-7
2639 1.1810124243122957e-7
2640 1.1810124243122957e-7
2641 1.1810124243122957e-7
2642 1.1810124243122957e-7
2643 1.1810124243122957e-7
2644 1.1810124243122957e-7
2645 1.1810124243122957e-7
2646 1.1879979215088055e-7
2647 1.1879979215088055e-7
2648 1.1879979215088055e-7
2649 1.1879979215088055e-7
2650 1.1967137662875695e-7
2651 1.1967137662875695e-7
2652 1.1967137662875695e-7
2653 1.200751246016769e-7
2654 1.2050450798741144e-7
2655 1.2050450798741144e-7
2656 1.2074803890851327e-7
2657 1.2074803890851327e-7
2658 1.2074803890851327e-7
2659 1.2074803890851327e-7
2660 1.2074803890851327e-7
2661 1.2074803890851327e-7
2662 1.2074803890851327e-7
2663 1.2074803890851327e-7
2664 1.2074803890851327e-7
2665 1.2074803890851327e-7
2666 1.2074803890851327e-7
2667 1.2074803890851327e-7
2668 1.2074803890851327e-7
2669 1.2074803890851327e-7
2670 1.2074803890851327e-7
2671 1.2074803890851327e-7
2672 1.2074803890851327e-7
2673 1.2074803890851327e-7
2674 1.2074803890851327e-7
2675 1.2074803890851327e-7
2676 1.208906319196123e-7
2677 1.208906319196123e-7
2678 1.208906319196123e-7
2679 1.208906319196123e-7
2680 1.208906319196123e-7
2681 1.208906319196123e-7
2682 1.208906319196123e-7
2683 1.208906319196123e-7
2684 1.208906319196123e-7
2685 1.208906319196123e-7
2686 1.208906319196123e-7
2687 1.208906319196123e-7
2688 1.208906319196123e-7
2689 1.208906319196123e-7
2690 1.208906319196123e-7
2691 1.208906319196123e-7
2692 1.208906319196123e-7
2693 1.208906319196123e-7
2694 1.208906319196123e-7
2695 1.208906319196123e-7
2696 1.208906319196123e-7
2697 1.208906319196123e-7
2698 1.208906319196123e-7
2699 1.2200895174519235e-7
2700 1.2200895174519235e-7
2701 1.2200895174519235e-7
2702 1.2200895174519235e-7
2703 1.2200895174519235e-7
2704 1.225056262560196e-7
2705 1.225056262560196e-7
2706 1.225056262560196e-7
2707 1.225056262560196e-7
2708 1.225056262560196e-7
2709 1.225056262560196e-7
2710 1.225056262560196e-7
2711 1.2308561402494866e-7
2712 1.2308561402494866e-7
2713 1.2308561402494866e-7
2714 1.2308561402494866e-7
2715 1.2308561402494866e-7
2716 1.2308561402494866e-7
2717 1.2308561402494866e-7
2718 1.2308561402494866e-7
2719 1.2308561402494866e-7
2720 1.2308561402494866e-7
2721 1.2308561402494866e-7
2722 1.2308561402494866e-7
2723 1.2308561402494866e-7
2724 1.2308561402494866e-7
2725 1.2343328667147324e-7
2726 1.2343328667147324e-7
2727 1.2343328667147324e-7
2728 1.2343328667147324e-7
2729 1.2343328667147324e-7
2730 1.2386427257609965e-7
2731 1.2386427257609965e-7
2732 1.2386427257609965e-7
2733 1.2386427257609965e-7
2734 1.2386427257609965e-7
2735 1.2386427257609965e-7
2736 1.2386427257609965e-7
2737 1.2386427257609965e-7
2738 1.2386427257609965e-7
2739 1.2386427257609965e-7
2740 1.2386427257609965e-7
2741 1.2386427257609965e-7
2742 1.2408697502988055e-7
2743 1.2408697502988055e-7
2744 1.2408697502988055e-7
2745 1.2408697502988055e-7
2746 1.2408697502988055e-7
2747 1.2408697502988055e-7
2748 1.2408697502988055e-7
2749 1.2408697502988055e-7
2750 1.2408697502988055e-7
2751 1.2408697502988055e-7
2752 1.2408697502988055e-7
2753 1.243337103775842e-7
2754 1.243337103775842e-7
2755 1.2462851090195146e-7
2756 1.2462851090195146e-7
2757 1.249425373747478e-7
2758 1.249425373747478e-7
2759 1.249425373747478e-7
2760 1.249425373747478e-7
2761 1.249425373747478e-7
2762 1.250066240732387e-7
2763 1.250066240732387e-7
2764 1.2552572957027873e-7
2765 1.2552572957027873e-7
2766 1.2552572957027873e-7
2767 1.2552572957027873e-7
2768 1.2552572957027873e-7
2769 1.2552572957027873e-7
2770 1.2552572957027873e-7
2771 1.2552572957027873e-7
2772 1.2552572957027873e-7
2773 1.2552572957027873e-7
2774 1.2552572957027873e-7
2775 1.2552572957027873e-7
2776 1.2552572957027873e-7
2777 1.2552572957027873e-7
2778 1.2552572957027873e-7
2779 1.2552572957027873e-7
2780 1.2552572957027873e-7
2781 1.2552572957027873e-7
2782 1.2552572957027873e-7
2783 1.2552572957027873e-7
2784 1.2552572957027873e-7
2785 1.2594870410280963e-7
2786 1.2594870410280963e-7
2787 1.2594870410280963e-7
2788 1.2594870410280963e-7
2789 1.2594870410280963e-7
2790 1.2594870410280963e-7
2791 1.2594870410280963e-7
2792 1.2594870410280963e-7
2793 1.2594870410280963e-7
2794 1.2612654580652872e-7
2795 1.2612654580652872e-7
2796 1.2622267615985597e-7
2797 1.2622267615985597e-7
2798 1.2622267615985597e-7
2799 1.2622267615985597e-7
2800 1.2652388553742688e-7
2801 1.2652388553742688e-7
2802 1.2652388553742688e-7
2803 1.2652388553742688e-7
2804 1.2652388553742688e-7
2805 1.2652388553742688e-7
2806 1.2652388553742688e-7
2807 1.2652388553742688e-7
2808 1.2652388553742688e-7
2809 1.2652388553742688e-7
2810 1.2652388553742688e-7
2811 1.2652388553742688e-7
2812 1.2652388553742688e-7
2813 1.2652388553742688e-7
2814 1.2652388553742688e-7
2815 1.2652388553742688e-7
2816 1.2652388553742688e-7
2817 1.2652388553742688e-7
2818 1.2652388553742688e-7
2819 1.2652388553742688e-7
2820 1.2813086911292056e-7
2821 1.2813086911292056e-7
2822 1.2813086911292056e-7
2823 1.2813086911292056e-7
2824 1.2813086911292056e-7
2825 1.2813086911292056e-7
2826 1.2860671515642687e-7
2827 1.2860671515642687e-7
2828 1.2860671515642687e-7
2829 1.297811103084023e-7
2830 1.297811103084023e-7
2831 1.297811103084023e-7
2832 1.297811103084023e-7
2833 1.297811103084023e-7
2834 1.3008872792799501e-7
2835 1.3008872792799501e-7
2836 1.3008872792799501e-7
2837 1.3008872792799501e-7
2838 1.3008872792799501e-7
2839 1.3008872792799501e-7
2840 1.3008872792799501e-7
2841 1.3008872792799501e-7
2842 1.3008872792799501e-7
2843 1.3051811131372955e-7
2844 1.3051811131372955e-7
2845 1.3051811131372955e-7
2846 1.3051811131372955e-7
2847 1.3051811131372955e-7
2848 1.3051811131372955e-7
2849 1.3051811131372955e-7
2850 1.3051811131372955e-7
2851 1.3051811131372955e-7
2852 1.3051811131372955e-7
2853 1.3051811131372955e-7
2854 1.3051811131372955e-7
2855 1.3112213258776326e-7
2856 1.3112213258776326e-7
2857 1.3112213258776326e-7
2858 1.3112213258776326e-7
2859 1.3112213258776326e-7
2860 1.3112213258776326e-7
2861 1.3112213258776326e-7
2862 1.316316254161797e-7
2863 1.316316254161797e-7
2864 1.316316254161797e-7
2865 1.316316254161797e-7
2866 1.316316254161797e-7
2867 1.316316254161797e-7
2868 1.316316254161797e-7
2869 1.316316254161797e-7
2870 1.316316254161797e-7
2871 1.316316254161797e-7
2872 1.316316254161797e-7
2873 1.316316254161797e-7
2874 1.316316254161797e-7
2875 1.316316254161797e-7
2876 1.3208504108465512e-7
2877 1.3208504108465512e-7
2878 1.3208504108465512e-7
2879 1.3208504108465512e-7
2880 1.3284126803841145e-7
2881 1.3284126803841145e-7
2882 1.3284126803841145e-7
2883 1.3284126803841145e-7
2884 1.3284126803841145e-7
2885 1.3284126803841145e-7
2886 1.3284126803841145e-7
2887 1.3284126803841145e-7
2888 1.3284126803841145e-7
2889 1.3284126803841145e-7
2890 1.3284126803841145e-7
2891 1.3284126803841145e-7
2892 1.3284126803841145e-7
2893 1.3284126803841145e-7
2894 1.3284126803841145e-7
2895 1.3284126803841145e-7
2896 1.334404811445877e-7
2897 1.334404811445877e-7
2898 1.3372406648143954e-7
2899 1.3372406648143954e-7
2900 1.3372406648143954e-7
2901 1.3372406648143954e-7
2902 1.3372406648143954e-7
2903 1.3372406648143954e-7
2904 1.3372406648143954e-7
2905 1.3435051813050415e-7
2906 1.3435051813050415e-7
2907 1.3435051813050415e-7
2908 1.3435051813050415e-7
2909 1.3435051813050415e-7
2910 1.3435051813050415e-7
2911 1.3435051813050415e-7
2912 1.3435051813050415e-7
2913 1.3435051813050415e-7
2914 1.3435051813050415e-7
2915 1.3435051813050415e-7
2916 1.3435051813050415e-7
2917 1.3435051813050415e-7
2918 1.3435051813050415e-7
2919 1.3435051813050415e-7
2920 1.3435051813050415e-7
2921 1.347542661034241e-7
2922 1.347542661034241e-7
2923 1.347542661034241e-7
2924 1.347542661034241e-7
2925 1.347542661034241e-7
2926 1.347542661034241e-7
2927 1.347542661034241e-7
2928 1.347542661034241e-7
2929 1.347542661034241e-7
2930 1.347542661034241e-7
2931 1.347542661034241e-7
2932 1.347542661034241e-7
2933 1.347542661034241e-7
2934 1.347542661034241e-7
2935 1.347542661034241e-7
2936 1.347542661034241e-7
2937 1.347542661034241e-7
2938 1.347542661034241e-7
2939 1.353150279239241e-7
2940 1.353150279239241e-7
2941 1.3564027019541777e-7
2942 1.3564027019541777e-7
2943 1.3626672062211862e-7
2944 1.3626672062211862e-7
2945 1.3626672062211862e-7
2946 1.3626672062211862e-7
2947 1.3626672062211862e-7
2948 1.3626672062211862e-7
2949 1.3626672062211862e-7
2950 1.3626672062211862e-7
2951 1.3626672062211862e-7
2952 1.3626672062211862e-7
2953 1.3626672062211862e-7
2954 1.3626672062211862e-7
2955 1.3626672062211862e-7
2956 1.3626672062211862e-7
2957 1.3626672062211862e-7
2958 1.3626672062211862e-7
2959 1.3626672062211862e-7
2960 1.3626672062211862e-7
2961 1.3626672062211862e-7
2962 1.3626672062211862e-7
2963 1.3626672062211862e-7
2964 1.365471021435505e-7
2965 1.365471021435505e-7
2966 1.365471021435505e-7
2967 1.3695405515425416e-7
2968 1.3695405515425416e-7
2969 1.3695405515425416e-7
2970 1.3695405515425416e-7
2971 1.3695405515425416e-7
2972 1.377279061487296e-7
2973 1.377279061487296e-7
2974 1.377279061487296e-7
2975 1.377279061487296e-7
2976 1.377279061487296e-7
2977 1.377279061487296e-7
2978 1.377279061487296e-7
2979 1.377279061487296e-7
2980 1.377279061487296e-7
2981 1.377279061487296e-7
2982 1.3809640665139323e-7
2983 1.3809640665139323e-7
2984 1.3809640665139323e-7
2985 1.3809640665139323e-7
2986 1.3809640665139323e-7
2987 1.3809640665139323e-7
2988 1.3857545773268326e-7
2989 1.3857545773268326e-7
2990 1.3857545773268326e-7
2991 1.3857545773268326e-7
2992 1.3857545773268326e-7
2993 1.3857545773268326e-7
2994 1.3857545773268326e-7
2995 1.3857545773268326e-7
2996 1.3857545773268326e-7
2997 1.3857545773268326e-7
2998 1.3857545773268326e-7
2999 1.3876771843933775e-7
3000 1.3876771843933775e-7
3001 1.3876771843933775e-7
3002 1.3876771843933775e-7
3003 1.3876771843933775e-7
3004 1.3876771843933775e-7
3005 1.3876771843933775e-7
3006 1.3876771843933775e-7
3007 1.3876771843933775e-7
3008 1.3876771843933775e-7
3009 1.3876771843933775e-7
3010 1.3876771843933775e-7
3011 1.3876771843933775e-7
3012 1.3876771843933775e-7
3013 1.3876771843933775e-7
3014 1.3876771843933775e-7
3015 1.3876771843933775e-7
3016 1.3876771843933775e-7
3017 1.3876771843933775e-7
3018 1.3923715685200419e-7
3019 1.3923715685200419e-7
3020 1.3981874652864324e-7
3021 1.3981874652864324e-7
3022 1.3981874652864324e-7
3023 1.3981874652864324e-7
3024 1.3981874652864324e-7
3025 1.3981874652864324e-7
3026 1.3981874652864324e-7
3027 1.4008470721359407e-7
3028 1.4008470721359407e-7
3029 1.4008470721359407e-7
3030 1.405012735041032e-7
3031 1.405012735041032e-7
3032 1.4089861323500137e-7
3033 1.4089861323500137e-7
3034 1.4089861323500137e-7
3035 1.4089861323500137e-7
3036 1.4115015491701681e-7
3037 1.4115015491701681e-7
3038 1.4115015491701681e-7
3039 1.4115015491701681e-7
3040 1.4115015491701681e-7
3041 1.4115015491701681e-7
3042 1.4115015491701681e-7
3043 1.4115015491701681e-7
3044 1.4115015491701681e-7
3045 1.4115015491701681e-7
3046 1.4115015491701681e-7
3047 1.4115015491701681e-7
3048 1.4115015491701681e-7
3049 1.4115015491701681e-7
3050 1.4115015491701681e-7
3051 1.4115015491701681e-7
3052 1.4115015491701681e-7
3053 1.4115015491701681e-7
3054 1.4115015491701681e-7
3055 1.4115015491701681e-7
3056 1.4140329911792412e-7
3057 1.4140329911792412e-7
3058 1.4140329911792412e-7
3059 1.4140329911792412e-7
3060 1.4140329911792412e-7
3061 1.4140329911792412e-7
3062 1.4140329911792412e-7
3063 1.4201693306058143e-7
3064 1.4201693306058143e-7
3065 1.4264178280193606e-7
3066 1.4264178280193606e-7
3067 1.4264178280193606e-7
3068 1.4264178280193606e-7
3069 1.4264178280193606e-7
3070 1.4264178280193606e-7
3071 1.4264178280193606e-7
3072 1.4264178280193606e-7
3073 1.4347651729066428e-7
3074 1.4347651729066428e-7
3075 1.4347651729066428e-7
3076 1.4347651729066428e-7
3077 1.4347651729066428e-7
3078 1.4347651729066428e-7
3079 1.4347651729066428e-7
3080 1.4347651729066428e-7
3081 1.4347651729066428e-7
3082 1.4347651729066428e-7
3083 1.4347651729066428e-7
3084 1.4347651729066428e-7
3085 1.4347651729066428e-7
3086 1.4347651729066428e-7
3087 1.4347651729066428e-7
3088 1.4347651729066428e-7
3089 1.4347651729066428e-7
3090 1.4347651729066428e-7
3091 1.4347651729066428e-7
3092 1.4347651729066428e-7
3093 1.4347651729066428e-7
3094 1.4347651729066428e-7
3095 1.4407092467371064e-7
3096 1.4407092467371064e-7
3097 1.4407092467371064e-7
3098 1.4407092467371064e-7
3099 1.4407092467371064e-7
3100 1.4407092467371064e-7
3101 1.4407092467371064e-7
3102 1.4444903845617974e-7
3103 1.4444903845617974e-7
3104 1.4444903845617974e-7
3105 1.4444903845617974e-7
3106 1.4444903845617974e-7
3107 1.4511714581752244e-7
3108 1.4511714581752244e-7
3109 1.4511714581752244e-7
3110 1.4511714581752244e-7
3111 1.4511714581752244e-7
3112 1.4511714581752244e-7
3113 1.4511714581752244e-7
3114 1.4511714581752244e-7
3115 1.4511714581752244e-7
3116 1.4511714581752244e-7
3117 1.4511714581752244e-7
3118 1.4511714581752244e-7
3119 1.4511714581752244e-7
3120 1.4511714581752244e-7
3121 1.4511714581752244e-7
3122 1.4511714581752244e-7
3123 1.4511714581752244e-7
3124 1.4511714581752244e-7
3125 1.4511714581752244e-7
3126 1.4511714581752244e-7
3127 1.4511714581752244e-7
3128 1.4511714581752244e-7
3129 1.4511714581752244e-7
3130 1.4511714581752244e-7
3131 1.4511714581752244e-7
3132 1.4511714581752244e-7
3133 1.4511714581752244e-7
3134 1.4511714581752244e-7
3135 1.4511714581752244e-7
3136 1.4511714581752244e-7
3137 1.4511714581752244e-7
3138 1.4511714581752244e-7
3139 1.4511714581752244e-7
3140 1.4511714581752244e-7
3141 1.4511714581752244e-7
3142 1.4511714581752244e-7
3143 1.4511714581752244e-7
3144 1.4511714581752244e-7
3145 1.4511714581752244e-7
3146 1.4511714581752244e-7
3147 1.4511714581752244e-7
3148 1.4511714581752244e-7
3149 1.4511714581752244e-7
3150 1.4511714581752244e-7
3151 1.4511714581752244e-7
3152 1.4511714581752244e-7
3153 1.4511714581752244e-7
3154 1.4511714581752244e-7
3155 1.4511714581752244e-7
3156 1.4511714581752244e-7
3157 1.4511714581752244e-7
3158 1.4511714581752244e-7
3159 1.4511714581752244e-7
3160 1.4511714581752244e-7
3161 1.4511714581752244e-7
3162 1.4511714581752244e-7
3163 1.4511714581752244e-7
3164 1.4511714581752244e-7
3165 1.4511714581752244e-7
3166 1.4511714581752244e-7
3167 1.4511714581752244e-7
3168 1.4511714581752244e-7
3169 1.4511714581752244e-7
3170 1.4511714581752244e-7
3171 1.4575801646952244e-7
3172 1.4575801646952244e-7
3173 1.4575801646952244e-7
3174 1.4608165561094238e-7
3175 1.4608165561094238e-7
3176 1.4608165561094238e-7
3177 1.4608165561094238e-7
3178 1.4608165561094238e-7
3179 1.4608165561094238e-7
3180 1.4608165561094238e-7
3181 1.4608165561094238e-7
3182 1.4608165561094238e-7
3183 1.4608165561094238e-7
3184 1.4608165561094238e-7
3185 1.4608165561094238e-7
3186 1.4608165561094238e-7
3187 1.4608165561094238e-7
3188 1.4608165561094238e-7
3189 1.4608165561094238e-7
3190 1.4608165561094238e-7
3191 1.4608165561094238e-7
3192 1.4608165561094238e-7
3193 1.4608165561094238e-7
3194 1.4608165561094238e-7
3195 1.4608165561094238e-7
3196 1.4608165561094238e-7
3197 1.4608165561094238e-7
3198 1.4608165561094238e-7
3199 1.4608165561094238e-7
3200 1.4608165561094238e-7
3201 1.4608165561094238e-7
3202 1.4608165561094238e-7
3203 1.4608165561094238e-7
3204 1.4608165561094238e-7
3205 1.4608165561094238e-7
3206 1.4608165561094238e-7
3207 1.4608165561094238e-7
3208 1.4608165561094238e-7
3209 1.4608165561094238e-7
3210 1.4608165561094238e-7
3211 1.4671611740973872e-7
3212 1.4671611740973872e-7
3213 1.4671611740973872e-7
3214 1.4671611740973872e-7
3215 1.4671611740973872e-7
3216 1.4671611740973872e-7
3217 1.4671611740973872e-7
3218 1.4671611740973872e-7
3219 1.477751568711397e-7
3220 1.477751568711397e-7
3221 1.477751568711397e-7
3222 1.477751568711397e-7
3223 1.477751568711397e-7
3224 1.477751568711397e-7
3225 1.477751568711397e-7
3226 1.477751568711397e-7
3227 1.477751568711397e-7
3228 1.477751568711397e-7
3229 1.477751568711397e-7
3230 1.477751568711397e-7
3231 1.477751568711397e-7
3232 1.477751568711397e-7
3233 1.477751568711397e-7
3234 1.477751568711397e-7
3235 1.477751568711397e-7
3236 1.477751568711397e-7
3237 1.477751568711397e-7
3238 1.477751568711397e-7
3239 1.477751568711397e-7
3240 1.477751568711397e-7
3241 1.477751568711397e-7
3242 1.477751568711397e-7
3243 1.477751568711397e-7
3244 1.477751568711397e-7
3245 1.477751568711397e-7
3246 1.477751568711397e-7
3247 1.477751568711397e-7
3248 1.477751568711397e-7
3249 1.477751568711397e-7
3250 1.477751568711397e-7
3251 1.477751568711397e-7
3252 1.477751568711397e-7
3253 1.477751568711397e-7
3254 1.4820934720236794e-7
3255 1.4820934720236794e-7
3256 1.4820934720236794e-7
3257 1.4820934720236794e-7
3258 1.4820934720236794e-7
3259 1.4820934720236794e-7
3260 1.4820934720236794e-7
3261 1.4820934720236794e-7
3262 1.4820934720236794e-7
3263 1.4820934720236794e-7
3264 1.4820934720236794e-7
3265 1.4820934720236794e-7
3266 1.4820934720236794e-7
3267 1.4820934720236794e-7
3268 1.4820934720236794e-7
3269 1.4820934720236794e-7
3270 1.4820934720236794e-7
3271 1.4820934720236794e-7
3272 1.4820934720236794e-7
3273 1.4820934720236794e-7
3274 1.4820934720236794e-7
3275 1.4820934720236794e-7
3276 1.4820934720236794e-7
3277 1.4820934720236794e-7
3278 1.4820934720236794e-7
3279 1.4820934720236794e-7
3280 1.4820934720236794e-7
3281 1.4820934720236794e-7
3282 1.4820934720236794e-7
3283 1.4820934720236794e-7
3284 1.4820934720236794e-7
3285 1.4820934720236794e-7
3286 1.4820934720236794e-7
3287 1.4820934720236794e-7
3288 1.4820934720236794e-7
3289 1.4864674196019799e-7
3290 1.4864674196019799e-7
3291 1.4864674196019799e-7
3292 1.4864674196019799e-7
3293 1.4954235872081525e-7
3294 1.4954235872081525e-7
3295 1.4954235872081525e-7
3296 1.4954235872081525e-7
3297 1.4954235872081525e-7
3298 1.4954235872081525e-7
3299 1.4954235872081525e-7
3300 1.4954235872081525e-7
3301 1.4954235872081525e-7
3302 1.4954235872081525e-7
3303 1.4954235872081525e-7
3304 1.4954235872081525e-7
3305 1.4954235872081525e-7
3306 1.4954235872081525e-7
3307 1.4954235872081525e-7
3308 1.4954235872081525e-7
3309 1.4954235872081525e-7
3310 1.4954235872081525e-7
3311 1.4954235872081525e-7
3312 1.4954235872081525e-7
3313 1.4954235872081525e-7
3314 1.4954235872081525e-7
3315 1.4954235872081525e-7
3316 1.4954235872081525e-7
3317 1.4954235872081525e-7
3318 1.4954235872081525e-7
3319 1.4954235872081525e-7
3320 1.4954235872081525e-7
3321 1.4954235872081525e-7
3322 1.5104840377512424e-7
3323 1.5104840377512424e-7
3324 1.5104840377512424e-7
3325 1.5104840377512424e-7
3326 1.5104840377512424e-7
3327 1.5104840377512424e-7
3328 1.5104840377512424e-7
3329 1.5104840377512424e-7
3330 1.5104840377512424e-7
3331 1.5104840377512424e-7
3332 1.5104840377512424e-7
3333 1.5104840377512424e-7
3334 1.5104840377512424e-7
3335 1.5104840377512424e-7
3336 1.5104840377512424e-7
3337 1.5104840377512424e-7
3338 1.5104840377512424e-7
3339 1.5104840377512424e-7
3340 1.5104840377512424e-7
3341 1.5104840377512424e-7
3342 1.5104840377512424e-7
3343 1.5178380226155965e-7
3344 1.5178380226155965e-7
3345 1.5178380226155965e-7
3346 1.5178380226155965e-7
3347 1.5178380226155965e-7
3348 1.5178380226155965e-7
3349 1.5178380226155965e-7
3350 1.5178380226155965e-7
3351 1.5178380226155965e-7
3352 1.5178380226155965e-7
3353 1.5178380226155965e-7
3354 1.5178380226155965e-7
3355 1.5178380226155965e-7
3356 1.5178380226155965e-7
3357 1.5178380226155965e-7
3358 1.5178380226155965e-7
3359 1.5270505382380966e-7
3360 1.5270505382380966e-7
3361 1.5270505382380966e-7
3362 1.5270505382380966e-7
3363 1.5270505382380966e-7
3364 1.5270505382380966e-7
3365 1.5270505382380966e-7
3366 1.5270505382380966e-7
3367 1.5303029609530333e-7
3368 1.5303029609530333e-7
3369 1.5303029609530333e-7
3370 1.5303029609530333e-7
3371 1.5303029609530333e-7
3372 1.5303029609530333e-7
3373 1.5303029609530333e-7
3374 1.5303029609530333e-7
3375 1.5303029609530333e-7
3376 1.5341321682326612e-7
3377 1.5341321682326612e-7
3378 1.5341321682326612e-7
3379 1.5341321682326612e-7
3380 1.5341321682326612e-7
3381 1.5341321682326612e-7
3382 1.5341321682326612e-7
3383 1.5341321682326612e-7
3384 1.5341321682326612e-7
3385 1.5341321682326612e-7
3386 1.5341321682326612e-7
3387 1.5341321682326612e-7
3388 1.5341321682326612e-7
3389 1.5341321682326612e-7
3390 1.5341321682326612e-7
3391 1.5341321682326612e-7
3392 1.5341321682326612e-7
3393 1.5341321682326612e-7
3394 1.5341321682326612e-7
3395 1.5341321682326612e-7
3396 1.5341321682326612e-7
3397 1.5341321682326612e-7
3398 1.5341321682326612e-7
3399 1.5341321682326612e-7
3400 1.5341321682326612e-7
3401 1.5341321682326612e-7
3402 1.5341321682326612e-7
3403 1.5341321682326612e-7
3404 1.5341321682326612e-7
3405 1.5341321682326612e-7
3406 1.5341321682326612e-7
3407 1.5341321682326612e-7
3408 1.5341321682326612e-7
3409 1.5341321682326612e-7
3410 1.5341321682326612e-7
3411 1.5341321682326612e-7
3412 1.5341321682326612e-7
3413 1.5341321682326612e-7
3414 1.5341321682326612e-7
3415 1.5341321682326612e-7
3416 1.5341321682326612e-7
3417 1.5341321682326612e-7
3418 1.5341321682326612e-7
3419 1.5341321682326612e-7
3420 1.5341321682326612e-7
3421 1.5341321682326612e-7
3422 1.538281799837015e-7
3423 1.538281799837015e-7
3424 1.538281799837015e-7
3425 1.538281799837015e-7
3426 1.538281799837015e-7
3427 1.538281799837015e-7
3428 1.538281799837015e-7
3429 1.5428319878225066e-7
3430 1.5428319878225066e-7
3431 1.5428319878225066e-7
3432 1.5428319878225066e-7
3433 1.5428319878225066e-7
3434 1.5428319878225066e-7
3435 1.5428319878225066e-7
3436 1.5428319878225066e-7
3437 1.5428319878225066e-7
3438 1.5428319878225066e-7
3439 1.5428319878225066e-7
3440 1.5428319878225066e-7
3441 1.5428319878225066e-7
3442 1.5428319878225066e-7
3443 1.5428319878225066e-7
3444 1.5428319878225066e-7
3445 1.5428319878225066e-7
3446 1.5433767281211792e-7
3447 1.5433767281211792e-7
3448 1.5433767281211792e-7
3449 1.5433767281211792e-7
3450 1.5493368271405612e-7
3451 1.5493368271405612e-7
3452 1.5493368271405612e-7
3453 1.5493368271405612e-7
3454 1.5627149995563336e-7
3455 1.5627149995563336e-7
3456 1.5627149995563336e-7
3457 1.5627149995563336e-7
3458 1.5627149995563336e-7
3459 1.5627149995563336e-7
3460 1.5627149995563336e-7
3461 1.5627149995563336e-7
3462 1.5627149995563336e-7
3463 1.5627149995563336e-7
3464 1.5627149995563336e-7
3465 1.5627149995563336e-7
3466 1.5627149995563336e-7
3467 1.5627149995563336e-7
3468 1.5688994023260247e-7
3469 1.5688994023260247e-7
3470 1.5688994023260247e-7
3471 1.5688994023260247e-7
3472 1.5688994023260247e-7
3473 1.5688994023260247e-7
3474 1.5688994023260247e-7
3475 1.5688994023260247e-7
3476 1.5766058741165794e-7
3477 1.5766058741165794e-7
3478 1.5766058741165794e-7
3479 1.5766058741165794e-7
3480 1.5766058741165794e-7
3481 1.5766058741165794e-7
3482 1.5766058741165794e-7
3483 1.5766058741165794e-7
3484 1.5766058741165794e-7
3485 1.5766058741165794e-7
3486 1.5766058741165794e-7
3487 1.5766058741165794e-7
3488 1.5766058741165794e-7
3489 1.5766058741165794e-7
3490 1.5766058741165794e-7
3491 1.5766058741165794e-7
3492 1.5766058741165794e-7
3493 1.5766058741165794e-7
3494 1.5766058741165794e-7
3495 1.5766058741165794e-7
3496 1.5766058741165794e-7
3497 1.5766058741165794e-7
3498 1.5766058741165794e-7
3499 1.5766058741165794e-7
3500 1.5766058741165794e-7
3501 1.5766058741165794e-7
3502 1.5766058741165794e-7
3503 1.5766058741165794e-7
3504 1.5766058741165794e-7
3505 1.5766058741165794e-7
3506 1.5766058741165794e-7
3507 1.5810599231921974e-7
3508 1.5810599231921974e-7
3509 1.5810599231921974e-7
3510 1.5810599231921974e-7
3511 1.5810599231921974e-7
3512 1.5870841046317972e-7
3513 1.5870841046317972e-7
3514 1.5870841046317972e-7
3515 1.5870841046317972e-7
3516 1.5870841046317972e-7
3517 1.5870841046317972e-7
3518 1.5870841046317972e-7
3519 1.5903845968016708e-7
3520 1.5903845968016708e-7
3521 1.5903845968016708e-7
3522 1.5903845968016708e-7
3523 1.5903845968016708e-7
3524 1.5903845968016708e-7
3525 1.5903845968016708e-7
3526 1.5903845968016708e-7
3527 1.5903845968016708e-7
3528 1.5903845968016708e-7
3529 1.5903845968016708e-7
3530 1.5903845968016708e-7
3531 1.5903845968016708e-7
3532 1.5903845968016708e-7
3533 1.5903845968016708e-7
3534 1.5903845968016708e-7
3535 1.5903845968016708e-7
3536 1.5903845968016708e-7
3537 1.5903845968016708e-7
3538 1.5903845968016708e-7
3539 1.5903845968016708e-7
3540 1.5903845968016708e-7
3541 1.5903845968016708e-7
3542 1.5903845968016708e-7
3543 1.5903845968016708e-7
3544 1.5903845968016708e-7
3545 1.5903845968016708e-7
3546 1.5903845968016708e-7
3547 1.5903845968016708e-7
3548 1.5903845968016708e-7
3549 1.5903845968016708e-7
3550 1.5903845968016708e-7
3551 1.5903845968016708e-7
3552 1.5903845968016708e-7
3553 1.5903845968016708e-7
3554 1.5952712281889882e-7
3555 1.5952712281889882e-7
3556 1.5952712281889882e-7
3557 1.5952712281889882e-7
3558 1.5952712281889882e-7
3559 1.5952712281889882e-7
3560 1.5952712281889882e-7
3561 1.5952712281889882e-7
3562 1.5952712281889882e-7
3563 1.5952712281889882e-7
3564 1.5952712281889882e-7
3565 1.5952712281889882e-7
3566 1.5952712281889882e-7
3567 1.5952712281889882e-7
3568 1.5952712281889882e-7
3569 1.5952712281889882e-7
3570 1.5952712281889882e-7
3571 1.5952712281889882e-7
3572 1.5952712281889882e-7
3573 1.5952712281889882e-7
3574 1.5952712281889882e-7
3575 1.5952712281889882e-7
3576 1.5952712281889882e-7
3577 1.5952712281889882e-7
3578 1.5952712281889882e-7
3579 1.5952712281889882e-7
3580 1.5952712281889882e-7
3581 1.6029456557135247e-7
3582 1.6029456557135247e-7
3583 1.6029456557135247e-7
3584 1.6029456557135247e-7
3585 1.6029456557135247e-7
3586 1.608681444870779e-7
3587 1.608681444870779e-7
3588 1.608681444870779e-7
3589 1.608681444870779e-7
3590 1.608681444870779e-7
3591 1.612013975194852e-7
3592 1.612013975194852e-7
3593 1.612013975194852e-7
3594 1.612013975194852e-7
3595 1.612013975194852e-7
3596 1.612013975194852e-7
3597 1.612013975194852e-7
3598 1.612013975194852e-7
3599 1.612013975194852e-7
3600 1.612414519352352e-7
3601 1.612414519352352e-7
3602 1.612414519352352e-7
3603 1.612414519352352e-7
3604 1.612414519352352e-7
3605 1.612414519352352e-7
3606 1.612414519352352e-7
3607 1.612414519352352e-7
3608 1.612414519352352e-7
3609 1.612414519352352e-7
3610 1.612414519352352e-7
3611 1.612414519352352e-7
3612 1.612414519352352e-7
3613 1.612414519352352e-7
3614 1.612414519352352e-7
3615 1.612414519352352e-7
3616 1.612414519352352e-7
3617 1.6156509168783704e-7
3618 1.6156509168783704e-7
3619 1.6156509168783704e-7
3620 1.6156509168783704e-7
3621 1.6156509168783704e-7
3622 1.6156509168783704e-7
3623 1.6156509168783704e-7
3624 1.6156509168783704e-7
3625 1.6156509168783704e-7
3626 1.6156509168783704e-7
3627 1.6156509168783704e-7
3628 1.6156509168783704e-7
3629 1.6156509168783704e-7
3630 1.6156509168783704e-7
3631 1.6156509168783704e-7
3632 1.6156509168783704e-7
3633 1.6156509168783704e-7
3634 1.6156509168783704e-7
3635 1.6156509168783704e-7
3636 1.6156509168783704e-7
3637 1.6156509168783704e-7
3638 1.6156509168783704e-7
3639 1.6156509168783704e-7
3640 1.6156509168783704e-7
3641 1.6156509168783704e-7
3642 1.6156509168783704e-7
3643 1.6156509168783704e-7
3644 1.6156509168783704e-7
3645 1.6156509168783704e-7
3646 1.6156509168783704e-7
3647 1.6156509168783704e-7
3648 1.6156509168783704e-7
3649 1.6156509168783704e-7
3650 1.6156509168783704e-7
3651 1.6156509168783704e-7
3652 1.6156509168783704e-7
3653 1.6156509168783704e-7
3654 1.6156509168783704e-7
3655 1.6214187564134616e-7
3656 1.6214187564134616e-7
3657 1.6214187564134616e-7
3658 1.6214187564134616e-7
3659 1.6214187564134616e-7
3660 1.6214187564134616e-7
3661 1.6214187564134616e-7
3662 1.6214187564134616e-7
3663 1.6214187564134616e-7
3664 1.6214187564134616e-7
3665 1.6214187564134616e-7
3666 1.6214187564134616e-7
3667 1.6214187564134616e-7
3668 1.6214187564134616e-7
3669 1.6214187564134616e-7
3670 1.6214187564134616e-7
3671 1.6284523108412707e-7
3672 1.6284523108412707e-7
3673 1.6284523108412707e-7
3674 1.6284523108412707e-7
3675 1.6284523108412707e-7
3676 1.6284523108412707e-7
3677 1.6284523108412707e-7
3678 1.6284523108412707e-7
3679 1.6284523108412707e-7
3680 1.6284523108412707e-7
3681 1.6284523108412707e-7
3682 1.6284523108412707e-7
3683 1.63505328295738e-7
3684 1.63505328295738e-7
3685 1.63505328295738e-7
3686 1.63505328295738e-7
3687 1.640292407382717e-7
3688 1.640292407382717e-7
3689 1.640292407382717e-7
3690 1.640292407382717e-7
3691 1.640292407382717e-7
3692 1.640292407382717e-7
3693 1.640292407382717e-7
3694 1.640292407382717e-7
3695 1.640292407382717e-7
3696 1.640292407382717e-7
3697 1.640292407382717e-7
3698 1.640292407382717e-7
3699 1.640292407382717e-7
3700 1.640292407382717e-7
3701 1.640292407382717e-7
3702 1.6492325559117902e-7
3703 1.6492325559117902e-7
3704 1.6492325559117902e-7
3705 1.6492325559117902e-7
3706 1.6492325559117902e-7
3707 1.6492325559117902e-7
3708 1.6492325559117902e-7
3709 1.6492325559117902e-7
3710 1.6492325559117902e-7
3711 1.6492325559117902e-7
3712 1.6492325559117902e-7
3713 1.6492325559117902e-7
3714 1.6492325559117902e-7
3715 1.6492325559117902e-7
3716 1.6492325559117902e-7
3717 1.6548561993057088e-7
3718 1.6548561993057088e-7
3719 1.6548561993057088e-7
3720 1.6548561993057088e-7
3721 1.6548561993057088e-7
3722 1.6548561993057088e-7
3723 1.6548561993057088e-7
3724 1.6548561993057088e-7
3725 1.6548561993057088e-7
3726 1.6548561993057088e-7
3727 1.6548561993057088e-7
3728 1.6577721602833633e-7
3729 1.6577721602833633e-7
3730 1.6577721602833633e-7
3731 1.6577721602833633e-7
3732 1.6577721602833633e-7
3733 1.6577721602833633e-7
3734 1.6577721602833633e-7
3735 1.6577721602833633e-7
3736 1.6577721602833633e-7
3737 1.6577721602833633e-7
3738 1.6577721602833633e-7
3739 1.6577721602833633e-7
3740 1.6577721602833633e-7
3741 1.6577721602833633e-7
3742 1.6577721602833633e-7
3743 1.6577721602833633e-7
3744 1.6577721602833633e-7
3745 1.6742906096507367e-7
3746 1.6742906096507367e-7
3747 1.6742906096507367e-7
3748 1.6742906096507367e-7
3749 1.6742906096507367e-7
3750 1.6815965311719728e-7
3751 1.6815965311719728e-7
3752 1.6815965311719728e-7
3753 1.6815965311719728e-7
3754 1.6815965311719728e-7
3755 1.6815965311719728e-7
3756 1.6815965311719728e-7
3757 1.6815965311719728e-7
3758 1.6815965311719728e-7
3759 1.6815965311719728e-7
3760 1.6815965311719728e-7
3761 1.6815965311719728e-7
3762 1.6815965311719728e-7
3763 1.6815965311719728e-7
3764 1.6815965311719728e-7
3765 1.6815965311719728e-7
3766 1.6870599593476188e-7
3767 1.6870599593476188e-7
3768 1.6870599593476188e-7
3769 1.6870599593476188e-7
3770 1.6870599593476188e-7
3771 1.6870599593476188e-7
3772 1.6870599593476188e-7
3773 1.6870599593476188e-7
3774 1.6870599593476188e-7
3775 1.6870599593476188e-7
3776 1.6870599593476188e-7
3777 1.6870599593476188e-7
3778 1.6870599593476188e-7
3779 1.6870599593476188e-7
3780 1.6870599593476188e-7
3781 1.6870599593476188e-7
3782 1.6870599593476188e-7
3783 1.6870599593476188e-7
3784 1.6870599593476188e-7
3785 1.6870599593476188e-7
3786 1.6870599593476188e-7
3787 1.6870599593476188e-7
3788 1.6870599593476188e-7
3789 1.6870599593476188e-7
3790 1.6870599593476188e-7
3791 1.6870599593476188e-7
3792 1.6870599593476188e-7
3793 1.6870599593476188e-7
3794 1.6938051214930822e-7
3795 1.6938051214930822e-7
3796 1.6938051214930822e-7
3797 1.6938051214930822e-7
3798 1.6938051214930822e-7
3799 1.6938051214930822e-7
3800 1.6938051214930822e-7
3801 1.6938051214930822e-7
3802 1.6938051214930822e-7
3803 1.6938051214930822e-7
3804 1.6938051214930822e-7
3805 1.6955354690753363e-7
3806 1.6955354690753363e-7
3807 1.6955354690753363e-7
3808 1.6955354690753363e-7
3809 1.6955354690753363e-7
3810 1.6955354690753363e-7
3811 1.6955354690753363e-7
3812 1.6955354690753363e-7
3813 1.6955354690753363e-7
3814 1.6955354690753363e-7
3815 1.6955354690753363e-7
3816 1.6955354690753363e-7
3817 1.6955354690753363e-7
3818 1.6955354690753363e-7
3819 1.6955354690753363e-7
3820 1.6955354690753363e-7
3821 1.6955354690753363e-7
3822 1.6955354690753363e-7
3823 1.6955354690753363e-7
3824 1.6955354690753363e-7
3825 1.6955354690753363e-7
3826 1.6955354690753363e-7
3827 1.6955354690753363e-7
3828 1.6955354690753363e-7
3829 1.6955354690753363e-7
3830 1.6955354690753363e-7
3831 1.6955354690753363e-7
3832 1.6955354690753363e-7
3833 1.6955354690753363e-7
3834 1.6955354690753363e-7
3835 1.6955354690753363e-7
3836 1.6955354690753363e-7
3837 1.6955354690753363e-7
3838 1.6955354690753363e-7
3839 1.6955354690753363e-7
3840 1.6955354690753363e-7
3841 1.6955354690753363e-7
3842 1.6955354690753363e-7
3843 1.7078722242368812e-7
3844 1.7078722242368812e-7
3845 1.7078722242368812e-7
3846 1.7078722242368812e-7
3847 1.7078722242368812e-7
3848 1.7078722242368812e-7
3849 1.7114610964654627e-7
3850 1.7114610964654627e-7
3851 1.716395797307717e-7
3852 1.716395797307717e-7
3853 1.716395797307717e-7
3854 1.716395797307717e-7
3855 1.716395797307717e-7
3856 1.716395797307717e-7
3857 1.716395797307717e-7
3858 1.716395797307717e-7
3859 1.716395797307717e-7
3860 1.716395797307717e-7
3861 1.716395797307717e-7
3862 1.716395797307717e-7
3863 1.716395797307717e-7
3864 1.716395797307717e-7
3865 1.716395797307717e-7
3866 1.7304949504293533e-7
3867 1.7304949504293533e-7
3868 1.7304949504293533e-7
3869 1.7304949504293533e-7
3870 1.7304949504293533e-7
3871 1.7304949504293533e-7
3872 1.7304949504293533e-7
3873 1.7304949504293533e-7
3874 1.7304949504293533e-7
3875 1.736294828118644e-7
3876 1.736294828118644e-7
3877 1.736294828118644e-7
3878 1.736294828118644e-7
3879 1.736294828118644e-7
3880 1.736294828118644e-7
3881 1.736294828118644e-7
3882 1.736294828118644e-7
3883 1.736294828118644e-7
3884 1.7471736027913618e-7
3885 1.7471736027913618e-7
3886 1.7549121249597537e-7
3887 1.7549121249597537e-7
3888 1.7549121249597537e-7
3889 1.7549121249597537e-7
3890 1.7549121249597537e-7
3891 1.7549121249597537e-7
3892 1.7549121249597537e-7
3893 1.7549121249597537e-7
3894 1.7549121249597537e-7
3895 1.7549121249597537e-7
3896 1.7549121249597537e-7
3897 1.7549121249597537e-7
3898 1.7549121249597537e-7
3899 1.7549121249597537e-7
3900 1.7549121249597537e-7
3901 1.7549121249597537e-7
3902 1.7549121249597537e-7
3903 1.7549121249597537e-7
3904 1.7549121249597537e-7
3905 1.7549121249597537e-7
3906 1.7549121249597537e-7
3907 1.7549121249597537e-7
3908 1.7549121249597537e-7
3909 1.7549121249597537e-7
3910 1.7549121249597537e-7
3911 1.7549121249597537e-7
3912 1.7549121249597537e-7
3913 1.7549121249597537e-7
3914 1.7549121249597537e-7
3915 1.7549121249597537e-7
3916 1.7549121249597537e-7
3917 1.7549121249597537e-7
3918 1.7549121249597537e-7
3919 1.7549121249597537e-7
3920 1.7549121249597537e-7
3921 1.7549121249597537e-7
3922 1.7549121249597537e-7
3923 1.7549121249597537e-7
3924 1.7549121249597537e-7
3925 1.7549121249597537e-7
3926 1.7549121249597537e-7
3927 1.7549121249597537e-7
3928 1.7549121249597537e-7
3929 1.7549121249597537e-7
3930 1.7549121249597537e-7
3931 1.7549121249597537e-7
3932 1.7549121249597537e-7
3933 1.7549121249597537e-7
3934 1.7549121249597537e-7
3935 1.7549121249597537e-7
3936 1.7549121249597537e-7
3937 1.7549121249597537e-7
3938 1.7549121249597537e-7
3939 1.7549121249597537e-7
3940 1.7572833517505542e-7
3941 1.7572833517505542e-7
3942 1.7572833517505542e-7
3943 1.7615611665308e-7
3944 1.7615611665308e-7
3945 1.7671046962037636e-7
3946 1.7671046962037636e-7
3947 1.7671046962037636e-7
3948 1.7671046962037636e-7
3949 1.7671046962037636e-7
3950 1.7671046962037636e-7
3951 1.7671046962037636e-7
3952 1.7671046962037636e-7
3953 1.7671046962037636e-7
3954 1.7671046962037636e-7
3955 1.7671046962037636e-7
3956 1.7671046962037636e-7
3957 1.7671046962037636e-7
3958 1.7671046962037636e-7
3959 1.7671046962037636e-7
3960 1.7671046962037636e-7
3961 1.7671046962037636e-7
3962 1.7671046962037636e-7
3963 1.7671046962037636e-7
3964 1.7671046962037636e-7
3965 1.7671046962037636e-7
3966 1.7671046962037636e-7
3967 1.7671046962037636e-7
3968 1.7671046962037636e-7
3969 1.7671046962037636e-7
3970 1.7671046962037636e-7
3971 1.7671046962037636e-7
3972 1.7671046962037636e-7
3973 1.7671046962037636e-7
3974 1.7671046962037636e-7
3975 1.7671046962037636e-7
3976 1.7671046962037636e-7
3977 1.7735134027237636e-7
3978 1.7735134027237636e-7
3979 1.7735134027237636e-7
3980 1.7735134027237636e-7
3981 1.7744106177249997e-7
3982 1.7744106177249997e-7
3983 1.7846164872586093e-7
3984 1.7846164872586093e-7
3985 1.787965036659782e-7
3986 1.787965036659782e-7
3987 1.787965036659782e-7
3988 1.787965036659782e-7
3989 1.787965036659782e-7
3990 1.787965036659782e-7
3991 1.787965036659782e-7
3992 1.787965036659782e-7
3993 1.787965036659782e-7
3994 1.787965036659782e-7
3995 1.787965036659782e-7
3996 1.787965036659782e-7
3997 1.787965036659782e-7
3998 1.787965036659782e-7
3999 1.7919864973118818e-7
4000 1.7919864973118818e-7
4001 1.7919864973118818e-7
4002 1.7919864973118818e-7
4003 1.7919864973118818e-7
4004 1.8017437471212356e-7
4005 1.8017437471212356e-7
4006 1.8017437471212356e-7
4007 1.8017437471212356e-7
4008 1.8017437471212356e-7
4009 1.8017437471212356e-7
4010 1.8017437471212356e-7
4011 1.8017437471212356e-7
4012 1.8017437471212356e-7
4013 1.8017437471212356e-7
4014 1.8017437471212356e-7
4015 1.8017437471212356e-7
4016 1.8017437471212356e-7
4017 1.8017437471212356e-7
4018 1.8017437471212356e-7
4019 1.8017437471212356e-7
4020 1.8017437471212356e-7
4021 1.8017437471212356e-7
4022 1.8017437471212356e-7
4023 1.8017437471212356e-7
4024 1.8017437471212356e-7
4025 1.8017437471212356e-7
4026 1.8017437471212356e-7
4027 1.8017437471212356e-7
4028 1.8017437471212356e-7
4029 1.8017437471212356e-7
4030 1.8017437471212356e-7
4031 1.8112286420608003e-7
4032 1.8112286420608003e-7
4033 1.8112286420608003e-7
4034 1.8112286420608003e-7
4035 1.8112286420608003e-7
4036 1.8112286420608003e-7
4037 1.8112286420608003e-7
4038 1.8112286420608003e-7
4039 1.8112286420608003e-7
4040 1.8112286420608003e-7
4041 1.8112286420608003e-7
4042 1.8112286420608003e-7
4043 1.8112286420608003e-7
4044 1.8112286420608003e-7
4045 1.8112286420608003e-7
4046 1.8112286420608003e-7
4047 1.8112286420608003e-7
4048 1.8112286420608003e-7
4049 1.8112286420608003e-7
4050 1.8112286420608003e-7
4051 1.8112286420608003e-7
4052 1.8112286420608003e-7
4053 1.8112286420608003e-7
4054 1.8112286420608003e-7
4055 1.8112286420608003e-7
4056 1.8112286420608003e-7
4057 1.8112286420608003e-7
4058 1.8112286420608003e-7
4059 1.8112286420608003e-7
4060 1.8112286420608003e-7
4061 1.8112286420608003e-7
4062 1.8112286420608003e-7
4063 1.8112286420608003e-7
4064 1.8112286420608003e-7
4065 1.8112286420608003e-7
4066 1.8112286420608003e-7
4067 1.8112286420608003e-7
4068 1.8112286420608003e-7
4069 1.8112286420608003e-7
4070 1.8112286420608003e-7
4071 1.8112286420608003e-7
4072 1.8112286420608003e-7
4073 1.8112286420608003e-7
4074 1.8112286420608003e-7
4075 1.8112286420608003e-7
4076 1.8112286420608003e-7
4077 1.8112286420608003e-7
4078 1.8112286420608003e-7
4079 1.8112286420608003e-7
4080 1.8112286420608003e-7
4081 1.8112286420608003e-7
4082 1.8112286420608003e-7
4083 1.8112286420608003e-7
4084 1.8112286420608003e-7
4085 1.8112286420608003e-7
4086 1.8112286420608003e-7
4087 1.8112286420608003e-7
4088 1.8112286420608003e-7
4089 1.8112286420608003e-7
4090 1.8112286420608003e-7
4091 1.8112286420608003e-7
4092 1.8112286420608003e-7
4093 1.8112286420608003e-7
4094 1.8112286420608003e-7
4095 1.8112286420608003e-7
4096 1.8112286420608003e-7
4097 1.8112286420608003e-7
4098 1.8112286420608003e-7
4099 1.8112286420608003e-7
4100 1.8112286420608003e-7
4101 1.8112286420608003e-7
4102 1.8112286420608003e-7
4103 1.8112286420608003e-7
4104 1.8112286420608003e-7
4105 1.8112286420608003e-7
4106 1.8112286420608003e-7
4107 1.8112286420608003e-7
4108 1.8112286420608003e-7
4109 1.8112286420608003e-7
4110 1.8112286420608003e-7
4111 1.8112286420608003e-7
4112 1.8112286420608003e-7
4113 1.8112286420608003e-7
4114 1.8112286420608003e-7
4115 1.8112286420608003e-7
4116 1.8112286420608003e-7
4117 1.8112286420608003e-7
4118 1.8112286420608003e-7
4119 1.8112286420608003e-7
4120 1.8112286420608003e-7
4121 1.8112286420608003e-7
4122 1.8112286420608003e-7
4123 1.8112286420608003e-7
4124 1.8112286420608003e-7
4125 1.8112286420608003e-7
4126 1.8112286420608003e-7
4127 1.8112286420608003e-7
4128 1.8112286420608003e-7
4129 1.8156826972482372e-7
4130 1.8156826972482372e-7
4131 1.8156826972482372e-7
4132 1.8156826972482372e-7
4133 1.8156826972482372e-7
4134 1.8156826972482372e-7
4135 1.8206814927343467e-7
4136 1.8206814927343467e-7
4137 1.8206814927343467e-7
4138 1.8206814927343467e-7
4139 1.8206814927343467e-7
4140 1.8206814927343467e-7
4141 1.8206814927343467e-7
4142 1.82502338993481e-7
4143 1.82502338993481e-7
4144 1.82502338993481e-7
4145 1.82502338993481e-7
4146 1.82502338993481e-7
4147 1.82502338993481e-7
4148 1.82502338993481e-7
4149 1.82502338993481e-7
4150 1.82502338993481e-7
4151 1.82502338993481e-7
4152 1.82502338993481e-7
4153 1.82502338993481e-7
4154 1.82502338993481e-7
4155 1.82502338993481e-7
4156 1.82502338993481e-7
4157 1.82502338993481e-7
4158 1.82502338993481e-7
4159 1.82502338993481e-7
4160 1.82502338993481e-7
4161 1.82502338993481e-7
4162 1.82502338993481e-7
4163 1.82502338993481e-7
4164 1.82502338993481e-7
4165 1.82502338993481e-7
4166 1.82502338993481e-7
4167 1.82502338993481e-7
4168 1.82502338993481e-7
4169 1.82502338993481e-7
4170 1.8300381983862005e-7
4171 1.8300381983862005e-7
4172 1.8300381983862005e-7
4173 1.8300381983862005e-7
4174 1.8300381983862005e-7
4175 1.8300381983862005e-7
4176 1.8300381983862005e-7
4177 1.8300381983862005e-7
4178 1.8300381983862005e-7
4179 1.8300381983862005e-7
4180 1.836687233845428e-7
4181 1.836687233845428e-7
4182 1.836687233845428e-7
4183 1.836687233845428e-7
4184 1.836687233845428e-7
4185 1.836687233845428e-7
4186 1.836687233845428e-7
4187 1.836687233845428e-7
4188 1.836687233845428e-7
4189 1.836687233845428e-7
4190 1.836687233845428e-7
4191 1.836687233845428e-7
4192 1.836687233845428e-7
4193 1.836687233845428e-7
4194 1.836687233845428e-7
4195 1.836687233845428e-7
4196 1.836687233845428e-7
4197 1.836687233845428e-7
4198 1.836687233845428e-7
4199 1.836687233845428e-7
4200 1.836687233845428e-7
4201 1.836687233845428e-7
4202 1.8461400784071555e-7
4203 1.8461400784071555e-7
4204 1.8461400784071555e-7
4205 1.8461400784071555e-7
4206 1.8461400784071555e-7
4207 1.8461400784071555e-7
4208 1.8461400784071555e-7
4209 1.849104102727928e-7
4210 1.849104102727928e-7
4211 1.849104102727928e-7
4212 1.849104102727928e-7
4213 1.849104102727928e-7
4214 1.849104102727928e-7
4215 1.849104102727928e-7
4216 1.849104102727928e-7
4217 1.849104102727928e-7
4218 1.849104102727928e-7
4219 1.849104102727928e-7
4220 1.849104102727928e-7
4221 1.849104102727928e-7
4222 1.849104102727928e-7
4223 1.849104102727928e-7
4224 1.849104102727928e-7
4225 1.849104102727928e-7
4226 1.849104102727928e-7
4227 1.853878582240091e-7
4228 1.853878582240091e-7
4229 1.853878582240091e-7
4230 1.853878582240091e-7
4231 1.853878582240091e-7
4232 1.8560735625118817e-7
4233 1.8560735625118817e-7
4234 1.8560735625118817e-7
4235 1.8560735625118817e-7
4236 1.8560735625118817e-7
4237 1.8560735625118817e-7
4238 1.8560735625118817e-7
4239 1.8560735625118817e-7
4240 1.8560735625118817e-7
4241 1.8560735625118817e-7
4242 1.8560735625118817e-7
4243 1.8560735625118817e-7
4244 1.8560735625118817e-7
4245 1.8560735625118817e-7
4246 1.8560735625118817e-7
4247 1.8560735625118817e-7
4248 1.8560735625118817e-7
4249 1.8560735625118817e-7
4250 1.8560735625118817e-7
4251 1.869291513597563e-7
4252 1.869291513597563e-7
4253 1.869291513597563e-7
4254 1.87515547981889e-7
4255 1.87515547981889e-7
4256 1.87515547981889e-7
4257 1.87515547981889e-7
4258 1.87515547981889e-7
4259 1.87515547981889e-7
4260 1.87515547981889e-7
4261 1.87515547981889e-7
4262 1.87515547981889e-7
4263 1.879433288487317e-7
4264 1.879433288487317e-7
4265 1.879433288487317e-7
4266 1.879433288487317e-7
4267 1.879433288487317e-7
4268 1.879433288487317e-7
4269 1.879433288487317e-7
4270 1.8832304453891078e-7
4271 1.8832304453891078e-7
4272 1.8832304453891078e-7
4273 1.8832304453891078e-7
4274 1.8843679832177523e-7
4275 1.8843679832177523e-7
4276 1.8843679832177523e-7
4277 1.8843679832177523e-7
4278 1.8894949435442974e-7
4279 1.8894949435442974e-7
4280 1.8894949435442974e-7
4281 1.8894949435442974e-7
4282 1.8894949435442974e-7
4283 1.8894949435442974e-7
4284 1.8894949435442974e-7
4285 1.8894949435442974e-7
4286 1.8894949435442974e-7
4287 1.8894949435442974e-7
4288 1.8894949435442974e-7
4289 1.8894949435442974e-7
4290 1.8894949435442974e-7
4291 1.8894949435442974e-7
4292 1.8894949435442974e-7
4293 1.8894949435442974e-7
4294 1.8894949435442974e-7
4295 1.8894949435442974e-7
4296 1.8894949435442974e-7
4297 1.8894949435442974e-7
4298 1.8894949435442974e-7
4299 1.8894949435442974e-7
4300 1.8894949435442974e-7
4301 1.8894949435442974e-7
4302 1.8894949435442974e-7
4303 1.8894949435442974e-7
4304 1.8894949435442974e-7
4305 1.8894949435442974e-7
4306 1.8894949435442974e-7
4307 1.8894949435442974e-7
4308 1.8894949435442974e-7
4309 1.8894949435442974e-7
4310 1.8894949435442974e-7
4311 1.8894949435442974e-7
4312 1.8894949435442974e-7
4313 1.8894949435442974e-7
4314 1.8894949435442974e-7
4315 1.8894949435442974e-7
4316 1.9093298980468254e-7
4317 1.9093298980468254e-7
4318 1.9093298980468254e-7
4319 1.9093298980468254e-7
4320 1.9093298980468254e-7
4321 1.9093298980468254e-7
4322 1.9093298980468254e-7
4323 1.9093298980468254e-7
4324 1.9093298980468254e-7
4325 1.9093298980468254e-7
4326 1.9093298980468254e-7
4327 1.9093298980468254e-7
4328 1.9093298980468254e-7
4329 1.9093298980468254e-7
4330 1.9093298980468254e-7
4331 1.9103873343781527e-7
4332 1.9103873343781527e-7
4333 1.9103873343781527e-7
4334 1.9103873343781527e-7
4335 1.911540897395716e-7
4336 1.911540897395716e-7
4337 1.911540897395716e-7
4338 1.911540897395716e-7
4339 1.911540897395716e-7
4340 1.911540897395716e-7
4341 1.911540897395716e-7
4342 1.911540897395716e-7
4343 1.9193755462503438e-7
4344 1.9193755462503438e-7
4345 1.9206252481777805e-7
4346 1.9206252481777805e-7
4347 1.9206252481777805e-7
4348 1.9206252481777805e-7
4349 1.9206252481777805e-7
4350 1.9206252481777805e-7
4351 1.9206252481777805e-7
4352 1.9206252481777805e-7
4353 1.9212500960855896e-7
4354 1.9212500960855896e-7
4355 1.9212500960855896e-7
4356 1.9212500960855896e-7
4357 1.9212500960855896e-7
4358 1.9212500960855896e-7
4359 1.9212500960855896e-7
4360 1.9212500960855896e-7
4361 1.9212500960855896e-7
4362 1.9212500960855896e-7
4363 1.9212500960855896e-7
4364 1.9212500960855896e-7
4365 1.9212500960855896e-7
4366 1.9252715628495083e-7
4367 1.9252715628495083e-7
4368 1.9252715628495083e-7
4369 1.9252715628495083e-7
4370 1.9252715628495083e-7
4371 1.9252715628495083e-7
4372 1.9252715628495083e-7
4373 1.9252715628495083e-7
4374 1.9252715628495083e-7
4375 1.9252715628495083e-7
4376 1.9252715628495083e-7
4377 1.9252715628495083e-7
4378 1.9252715628495083e-7
4379 1.9252715628495083e-7
4380 1.9252715628495083e-7
4381 1.9252715628495083e-7
4382 1.9252715628495083e-7
4383 1.9252715628495083e-7
4384 1.9252715628495083e-7
4385 1.9252715628495083e-7
4386 1.9252715628495083e-7
4387 1.9252715628495083e-7
4388 1.9252715628495083e-7
4389 1.9252715628495083e-7
4390 1.9298377638002807e-7
4391 1.9298377638002807e-7
4392 1.9298377638002807e-7
4393 1.9298377638002807e-7
4394 1.9298377638002807e-7
4395 1.9298377638002807e-7
4396 1.9298377638002807e-7
4397 1.9298377638002807e-7
4398 1.9298377638002807e-7
4399 1.9298377638002807e-7
4400 1.9298377638002807e-7
4401 1.9298377638002807e-7
4402 1.9298377638002807e-7
4403 1.9298377638002807e-7
4404 1.9298377638002807e-7
4405 1.9298377638002807e-7
4406 1.9298377638002807e-7
4407 1.9298377638002807e-7
4408 1.9298377638002807e-7
4409 1.9298377638002807e-7
4410 1.9298377638002807e-7
4411 1.9298377638002807e-7
4412 1.9298377638002807e-7
4413 1.9344360151288901e-7
4414 1.9344360151288901e-7
4415 1.9393226526280264e-7
4416 1.9393226526280264e-7
4417 1.9393226526280264e-7
4418 1.9393226526280264e-7
4419 1.9393226526280264e-7
4420 1.942591094420063e-7
4421 1.942591094420063e-7
4422 1.9476379532492905e-7
4423 1.9476379532492905e-7
4424 1.9476379532492905e-7
4425 1.9476379532492905e-7
4426 1.9476379532492905e-7
4427 1.9476379532492905e-7
4428 1.9476379532492905e-7
4429 1.9476379532492905e-7
4430 1.9476379532492905e-7
4431 1.9476379532492905e-7
4432 1.9476379532492905e-7
4433 1.9476379532492905e-7
4434 1.9476379532492905e-7
4435 1.9476379532492905e-7
4436 1.9476379532492905e-7
4437 1.9476379532492905e-7
4438 1.9476379532492905e-7
4439 1.9476379532492905e-7
4440 1.9476379532492905e-7
4441 1.9476379532492905e-7
4442 1.9476379532492905e-7
4443 1.9476379532492905e-7
4444 1.9476379532492905e-7
4445 1.9476379532492905e-7
4446 1.9476379532492905e-7
4447 1.9476379532492905e-7
4448 1.9476379532492905e-7
4449 1.9476379532492905e-7
4450 1.9476379532492905e-7
4451 1.9476379532492905e-7
4452 1.9476379532492905e-7
4453 1.9476379532492905e-7
4454 1.9476379532492905e-7
4455 1.9476379532492905e-7
4456 1.9476379532492905e-7
4457 1.9476379532492905e-7
4458 1.9518356604204e-7
4459 1.9518356604204e-7
4460 1.9518356604204e-7
4461 1.9521721160458633e-7
4462 1.9521721160458633e-7
4463 1.9521721160458633e-7
4464 1.9521721160458633e-7
4465 1.9521721160458633e-7
4466 1.9521721160458633e-7
4467 1.9521721160458633e-7
4468 1.9521721160458633e-7
4469 1.9521721160458633e-7
4470 1.9530212677039814e-7
4471 1.9530212677039814e-7
4472 1.9530212677039814e-7
4473 1.9530212677039814e-7
4474 1.9530212677039814e-7
4475 1.9530212677039814e-7
4476 1.9530212677039814e-7
4477 1.9530212677039814e-7
4478 1.9530212677039814e-7
4479 1.9530212677039814e-7
4480 1.9530212677039814e-7
4481 1.9530212677039814e-7
4482 1.9530212677039814e-7
4483 1.9530212677039814e-7
4484 1.9530212677039814e-7
4485 1.9530212677039814e-7
4486 1.9530212677039814e-7
4487 1.9530212677039814e-7
4488 1.9530212677039814e-7
4489 1.9530212677039814e-7
4490 1.9530212677039814e-7
4491 1.9530212677039814e-7
4492 1.9530212677039814e-7
4493 1.9530212677039814e-7
4494 1.9530212677039814e-7
4495 1.9530212677039814e-7
4496 1.9530212677039814e-7
4497 1.9530212677039814e-7
4498 1.9530212677039814e-7
4499 1.9530212677039814e-7
4500 1.9530212677039814e-7
4501 1.9530212677039814e-7
4502 1.9530212677039814e-7
4503 1.9530212677039814e-7
4504 1.9530212677039814e-7
4505 1.9530212677039814e-7
4506 1.9602951632946554e-7
4507 1.9602951632946554e-7
4508 1.9602951632946554e-7
4509 1.9602951632946554e-7
4510 1.9602951632946554e-7
4511 1.9602951632946554e-7
4512 1.9602951632946554e-7
4513 1.9602951632946554e-7
4514 1.9602951632946554e-7
4515 1.9602951632946554e-7
4516 1.9602951632946554e-7
4517 1.9602951632946554e-7
4518 1.9602951632946554e-7
4519 1.9602951632946554e-7
4520 1.968049704540147e-7
4521 1.968049704540147e-7
4522 1.968049704540147e-7
4523 1.968049704540147e-7
4524 1.9735772212478297e-7
4525 1.9735772212478297e-7
4526 1.9735772212478297e-7
4527 1.9735772212478297e-7
4528 1.9735772212478297e-7
4529 1.9735772212478297e-7
4530 1.9735772212478297e-7
4531 1.9735772212478297e-7
4532 1.9735772212478297e-7
4533 1.9769578210268395e-7
4534 1.9769578210268395e-7
4535 1.9769578210268395e-7
4536 1.9769578210268395e-7
4537 1.977951174937949e-7
4538 1.977951174937949e-7
4539 1.977951174937949e-7
4540 1.977951174937949e-7
4541 1.977951174937949e-7
4542 1.977951174937949e-7
4543 1.977951174937949e-7
4544 1.977951174937949e-7
4545 1.977951174937949e-7
4546 1.977951174937949e-7
4547 1.977951174937949e-7
4548 1.977951174937949e-7
4549 1.977951174937949e-7
4550 1.977951174937949e-7
4551 1.977951174937949e-7
4552 1.977951174937949e-7
4553 1.977951174937949e-7
4554 1.977951174937949e-7
4555 1.977951174937949e-7
4556 1.977951174937949e-7
4557 1.977951174937949e-7
4558 1.977951174937949e-7
4559 1.977951174937949e-7
4560 1.977951174937949e-7
4561 1.977951174937949e-7
4562 1.977951174937949e-7
4563 1.9812035976528859e-7
4564 1.9812035976528859e-7
4565 1.9812035976528859e-7
4566 1.9812035976528859e-7
4567 1.9812035976528859e-7
4568 1.9812035976528859e-7
4569 1.9812035976528859e-7
4570 1.9858979756677313e-7
4571 1.9858979756677313e-7
4572 1.9858979756677313e-7
4573 1.9858979756677313e-7
4574 1.9858979756677313e-7
4575 1.9858979756677313e-7
4576 1.9858979756677313e-7
4577 1.989246525068904e-7
4578 1.989246525068904e-7
4579 1.989246525068904e-7
4580 1.989246525068904e-7
4581 1.9913934419975768e-7
4582 1.9913934419975768e-7
4583 1.9913934419975768e-7
4584 1.9913934419975768e-7
4585 1.9913934419975768e-7
4586 1.9913934419975768e-7
4587 1.9913934419975768e-7
4588 1.9913934419975768e-7
4589 1.9913934419975768e-7
4590 1.9913934419975768e-7
4591 1.9913934419975768e-7
4592 1.9913934419975768e-7
4593 1.9913934419975768e-7
4594 1.9913934419975768e-7
4595 1.9964883580581034e-7
4596 1.9964883580581034e-7
4597 1.9964883580581034e-7
4598 1.9964883580581034e-7
4599 1.9964883580581034e-7
4600 1.9964883580581034e-7
4601 1.9985551612658212e-7
4602 1.9985551612658212e-7
4603 1.9985551612658212e-7
4604 1.9985551612658212e-7
4605 1.9985551612658212e-7
4606 1.9985551612658212e-7
4607 2.0031373812936933e-7
4608 2.0031373812936933e-7
4609 2.0031373812936933e-7
4610 2.0031373812936933e-7
4611 2.0031373812936933e-7
4612 2.0031373812936933e-7
4613 2.0031373812936933e-7
4614 2.0031373812936933e-7
4615 2.0073991769968394e-7
4616 2.0073991769968394e-7
4617 2.0073991769968394e-7
4618 2.0073991769968394e-7
4619 2.0073991769968394e-7
4620 2.0073991769968394e-7
4621 2.0073991769968394e-7
4622 2.0073991769968394e-7
4623 2.0073991769968394e-7
4624 2.0073991769968394e-7
4625 2.0073991769968394e-7
4626 2.0073991769968394e-7
4627 2.0073991769968394e-7
4628 2.0073991769968394e-7
4629 2.0073991769968394e-7
4630 2.0073991769968394e-7
4631 2.0073991769968394e-7
4632 2.0073991769968394e-7
4633 2.0073991769968394e-7
4634 2.0073991769968394e-7
4635 2.0073991769968394e-7
4636 2.0073991769968394e-7
4637 2.0073991769968394e-7
4638 2.0073991769968394e-7
4639 2.0073991769968394e-7
4640 2.0073991769968394e-7
4641 2.0073991769968394e-7
4642 2.0073991769968394e-7
4643 2.0073991769968394e-7
4644 2.0073991769968394e-7
4645 2.0073991769968394e-7
4646 2.0144167184593674e-7
4647 2.0144167184593674e-7
4648 2.0144167184593674e-7
4649 2.0144167184593674e-7
4650 2.0144167184593674e-7
4651 2.0144167184593674e-7
4652 2.0144167184593674e-7
4653 2.0144167184593674e-7
4654 2.0144167184593674e-7
4655 2.0144167184593674e-7
4656 2.0144167184593674e-7
4657 2.0144167184593674e-7
4658 2.0165476101991215e-7
4659 2.0165476101991215e-7
4660 2.0165476101991215e-7
4661 2.0165476101991215e-7
4662 2.0165476101991215e-7
4663 2.0165476101991215e-7
4664 2.0165476101991215e-7
4665 2.0192072170486299e-7
4666 2.0192072170486299e-7
4667 2.0192072170486299e-7
4668 2.0192072170486299e-7
4669 2.0192072170486299e-7
4670 2.0192072170486299e-7
4671 2.0254076450072393e-7
4672 2.0254076450072393e-7
4673 2.0254076450072393e-7
4674 2.0254076450072393e-7
4675 2.0254076450072393e-7
4676 2.0254076450072393e-7
4677 2.0325693703873025e-7
4678 2.0325693703873025e-7
4679 2.0325693703873025e-7
4680 2.0325693703873025e-7
4681 2.0325693703873025e-7
4682 2.0325693703873025e-7
4683 2.0325693703873025e-7
4684 2.0325693703873025e-7
4685 2.0325693703873025e-7
4686 2.0325693703873025e-7
4687 2.0325693703873025e-7
4688 2.0325693703873025e-7
4689 2.0325693703873025e-7
4690 2.0325693703873025e-7
4691 2.0325693703873025e-7
4692 2.035885875522457e-7
4693 2.035885875522457e-7
4694 2.035885875522457e-7
4695 2.038193013781221e-7
4696 2.038193013781221e-7
4697 2.038193013781221e-7
4698 2.038193013781221e-7
4699 2.038193013781221e-7
4700 2.0450022644587212e-7
4701 2.0450022644587212e-7
4702 2.0450022644587212e-7
4703 2.0450022644587212e-7
4704 2.0450022644587212e-7
4705 2.0450022644587212e-7
4706 2.0450022644587212e-7
4707 2.0450022644587212e-7
4708 2.0450022644587212e-7
4709 2.0450022644587212e-7
4710 2.0450022644587212e-7
4711 2.0450022644587212e-7
4712 2.0450022644587212e-7
4713 2.0518916166335385e-7
4714 2.0518916166335385e-7
4715 2.0518916166335385e-7
4716 2.0518916166335385e-7
4717 2.0518916166335385e-7
4718 2.0518916166335385e-7
4719 2.0518916166335385e-7
4720 2.0518916166335385e-7
4721 2.0518916166335385e-7
4722 2.0518916166335385e-7
4723 2.0518916166335385e-7
4724 2.0518916166335385e-7
4725 2.0620333915232926e-7
4726 2.0620333915232926e-7
4727 2.0620333915232926e-7
4728 2.0620333915232926e-7
4729 2.0620333915232926e-7
4730 2.0620333915232926e-7
4731 2.0620333915232926e-7
4732 2.0620333915232926e-7
4733 2.0683619904341565e-7
4734 2.0683619904341565e-7
4735 2.0683619904341565e-7
4736 2.0683619904341565e-7
4737 2.0683619904341565e-7
4738 2.0683619904341565e-7
4739 2.0683619904341565e-7
4740 2.0683619904341565e-7
4741 2.0683619904341565e-7
4742 2.0683619904341565e-7
4743 2.0683619904341565e-7
4744 2.0683619904341565e-7
4745 2.0683619904341565e-7
4746 2.0683619904341565e-7
4747 2.0683619904341565e-7
4748 2.0683619904341565e-7
4749 2.0683619904341565e-7
4750 2.0683619904341565e-7
4751 2.0683619904341565e-7
4752 2.0683619904341565e-7
4753 2.0683619904341565e-7
4754 2.0683619904341565e-7
4755 2.0683619904341565e-7
4756 2.0683619904341565e-7
4757 2.0683619904341565e-7
4758 2.0683619904341565e-7
4759 2.0683619904341565e-7
4760 2.0683619904341565e-7
4761 2.0683619904341565e-7
4762 2.0683619904341565e-7
4763 2.0683619904341565e-7
4764 2.0683619904341565e-7
4765 2.0683619904341565e-7
4766 2.0683619904341565e-7
4767 2.0683619904341565e-7
4768 2.0683619904341565e-7
4769 2.0734729316836017e-7
4770 2.0734729316836017e-7
4771 2.0734729316836017e-7
4772 2.0734729316836017e-7
4773 2.0734729316836017e-7
4774 2.0734729316836017e-7
4775 2.0734729316836017e-7
4776 2.0734729316836017e-7
4777 2.0734729316836017e-7
4778 2.0734729316836017e-7
4779 2.0734729316836017e-7
4780 2.0734729316836017e-7
4781 2.0734729316836017e-7
4782 2.0734729316836017e-7
4783 2.0734729316836017e-7
4784 2.0734729316836017e-7
4785 2.078680005731102e-7
4786 2.078680005731102e-7
4787 2.078680005731102e-7
4788 2.078680005731102e-7
4789 2.078680005731102e-7
4790 2.078680005731102e-7
4791 2.078680005731102e-7
4792 2.078680005731102e-7
4793 2.078680005731102e-7
4794 2.078680005731102e-7
4795 2.078680005731102e-7
4796 2.078680005731102e-7
4797 2.078680005731102e-7
4798 2.078680005731102e-7
4799 2.0854892625204206e-7
4800 2.0854892625204206e-7
4801 2.088629527248384e-7
4802 2.088629527248384e-7
4803 2.088629527248384e-7
4804 2.088629527248384e-7
4805 2.088629527248384e-7
4806 2.088629527248384e-7
4807 2.088629527248384e-7
4808 2.088629527248384e-7
4809 2.088629527248384e-7
4810 2.088629527248384e-7
4811 2.088629527248384e-7
4812 2.088629527248384e-7
4813 2.088629527248384e-7
4814 2.088629527248384e-7
4815 2.088629527248384e-7
4816 2.088629527248384e-7
4817 2.088629527248384e-7
4818 2.088629527248384e-7
4819 2.088629527248384e-7
4820 2.088629527248384e-7
4821 2.088629527248384e-7
4822 2.088629527248384e-7
4823 2.088629527248384e-7
4824 2.088629527248384e-7
4825 2.088629527248384e-7
4826 2.088629527248384e-7
4827 2.088629527248384e-7
4828 2.088629527248384e-7
4829 2.088629527248384e-7
4830 2.088629527248384e-7
4831 2.088629527248384e-7
4832 2.088629527248384e-7
4833 2.088629527248384e-7
4834 2.088629527248384e-7
4835 2.088629527248384e-7
4836 2.088629527248384e-7
4837 2.088629527248384e-7
4838 2.088629527248384e-7
4839 2.088629527248384e-7
4840 2.088629527248384e-7
4841 2.088629527248384e-7
4842 2.088629527248384e-7
4843 2.094365322517457e-7
4844 2.094365322517457e-7
4845 2.094365322517457e-7
4846 2.094365322517457e-7
4847 2.094365322517457e-7
4848 2.094365322517457e-7
4849 2.094365322517457e-7
4850 2.094365322517457e-7
4851 2.094365322517457e-7
4852 2.094365322517457e-7
4853 2.094365322517457e-7
4854 2.094365322517457e-7
4855 2.094365322517457e-7
4856 2.094365322517457e-7
4857 2.094365322517457e-7
4858 2.094365322517457e-7
4859 2.0995884156420567e-7
4860 2.0995884156420567e-7
4861 2.0995884156420567e-7
4862 2.1155781376760384e-7
4863 2.1155781376760384e-7
4864 2.1155781376760384e-7
4865 2.1155781376760384e-7
4866 2.1155781376760384e-7
4867 2.1155781376760384e-7
4868 2.1155781376760384e-7
4869 2.1155781376760384e-7
4870 2.1155781376760384e-7
4871 2.1155781376760384e-7
4872 2.1155781376760384e-7
4873 2.1155781376760384e-7
4874 2.1155781376760384e-7
4875 2.1176449469955748e-7
4876 2.1176449469955748e-7
4877 2.1230442805273655e-7
4878 2.1230442805273655e-7
4879 2.1230442805273655e-7
4880 2.1299656891918388e-7
4881 2.1299656891918388e-7
4882 2.1299656891918388e-7
4883 2.1299656891918388e-7
4884 2.1354291173674848e-7
4885 2.1354291173674848e-7
4886 2.1394025085646477e-7
4887 2.1394025085646477e-7
4888 2.1394025085646477e-7
4889 2.1394025085646477e-7
4890 2.1394025085646477e-7
4891 2.1443852849736574e-7
4892 2.1443852849736574e-7
4893 2.1443852849736574e-7
4894 2.1443852849736574e-7
4895 2.149560314755139e-7
4896 2.149560314755139e-7
4897 2.149560314755139e-7
4898 2.149560314755139e-7
4899 2.155296110024212e-7
4900 2.155296110024212e-7
4901 2.155296110024212e-7
4902 2.155296110024212e-7
4903 2.155296110024212e-7
4904 2.155296110024212e-7
4905 2.155296110024212e-7
4906 2.155296110024212e-7
4907 2.155296110024212e-7
4908 2.155296110024212e-7
4909 2.155296110024212e-7
4910 2.155296110024212e-7
4911 2.155296110024212e-7
4912 2.155296110024212e-7
4913 2.155296110024212e-7
4914 2.155296110024212e-7
4915 2.155296110024212e-7
4916 2.155296110024212e-7
4917 2.155296110024212e-7
4918 2.155296110024212e-7
4919 2.155296110024212e-7
4920 2.155296110024212e-7
4921 2.155296110024212e-7
4922 2.155296110024212e-7
4923 2.155296110024212e-7
4924 2.155296110024212e-7
4925 2.155296110024212e-7
4926 2.155296110024212e-7
4927 2.155296110024212e-7
4928 2.155296110024212e-7
4929 2.155296110024212e-7
4930 2.155296110024212e-7
4931 2.155296110024212e-7
4932 2.155296110024212e-7
4933 2.155296110024212e-7
4934 2.155296110024212e-7
4935 2.155296110024212e-7
4936 2.1662710297186223e-7
4937 2.1662710297186223e-7
4938 2.1662710297186223e-7
4939 2.1712858442818316e-7
4940 2.1712858442818316e-7
4941 2.1712858442818316e-7
4942 2.1712858442818316e-7
4943 2.1712858442818316e-7
4944 2.1712858442818316e-7
4945 2.1712858442818316e-7
4946 2.1712858442818316e-7
4947 2.1712858442818316e-7
4948 2.1712858442818316e-7
4949 2.1712858442818316e-7
4950 2.1712858442818316e-7
4951 2.1712858442818316e-7
4952 2.1712858442818316e-7
4953 2.1712858442818316e-7
4954 2.1712858442818316e-7
4955 2.1712858442818316e-7
4956 2.1712858442818316e-7
4957 2.1831739980545774e-7
4958 2.1831739980545774e-7
4959 2.1831739980545774e-7
4960 2.1831739980545774e-7
4961 2.1831739980545774e-7
4962 2.1831739980545774e-7
4963 2.1831739980545774e-7
4964 2.1831739980545774e-7
4965 2.1831739980545774e-7
4966 2.1831739980545774e-7
4967 2.1831739980545774e-7
4968 2.1831739980545774e-7
4969 2.1831739980545774e-7
4970 2.1831739980545774e-7
4971 2.1831739980545774e-7
4972 2.1831739980545774e-7
4973 2.1831739980545774e-7
4974 2.1831739980545774e-7
4975 2.1831739980545774e-7
4976 2.1831739980545774e-7
4977 2.1831739980545774e-7
4978 2.1831739980545774e-7
4979 2.1831739980545774e-7
4980 2.1831739980545774e-7
4981 2.1831739980545774e-7
4982 2.1831739980545774e-7
4983 2.1831739980545774e-7
4984 2.1831739980545774e-7
4985 2.1831739980545774e-7
4986 2.193075450116923e-7
4987 2.193075450116923e-7
4988 2.193075450116923e-7
4989 2.193075450116923e-7
4990 2.193075450116923e-7
4991 2.193075450116923e-7
4992 2.193075450116923e-7
4993 2.193075450116923e-7
4994 2.193075450116923e-7
4995 2.193075450116923e-7
4996 2.193075450116923e-7
4997 2.193075450116923e-7
4998 2.193075450116923e-7
4999 2.193075450116923e-7
5000 2.193075450116923e-7
5001 2.193075450116923e-7
5002 2.193075450116923e-7
5003 2.193075450116923e-7
5004 2.193075450116923e-7
5005 2.193075450116923e-7
5006 2.193075450116923e-7
5007 2.193075450116923e-7
5008 2.193075450116923e-7
5009 2.193075450116923e-7
5010 2.193075450116923e-7
5011 2.193075450116923e-7
5012 2.193075450116923e-7
5013 2.193075450116923e-7
5014 2.193075450116923e-7
5015 2.1941649246024496e-7
5016 2.1941649246024496e-7
5017 2.1941649246024496e-7
5018 2.1941649246024496e-7
5019 2.1941649246024496e-7
5020 2.1941649246024496e-7
5021 2.1941649246024496e-7
5022 2.1941649246024496e-7
5023 2.1941649246024496e-7
5024 2.1941649246024496e-7
5025 2.1941649246024496e-7
5026 2.1941649246024496e-7
5027 2.1941649246024496e-7
5028 2.1982184234087486e-7
5029 2.1982184234087486e-7
5030 2.1982184234087486e-7
5031 2.1982184234087486e-7
5032 2.1982184234087486e-7
5033 2.1982184234087486e-7
5034 2.1988432713165577e-7
5035 2.1988432713165577e-7
5036 2.1988432713165577e-7
5037 2.1988432713165577e-7
5038 2.1988432713165577e-7
5039 2.1988432713165577e-7
5040 2.1988432713165577e-7
5041 2.1988432713165577e-7
5042 2.1988432713165577e-7
5043 2.1988432713165577e-7
5044 2.1988432713165577e-7
5045 2.2008620111811574e-7
5046 2.2008620111811574e-7
5047 2.2008620111811574e-7
5048 2.2008620111811574e-7
5049 2.2008620111811574e-7
5050 2.2008620111811574e-7
5051 2.2099783940056027e-7
5052 2.2099783940056027e-7
5053 2.2099783940056027e-7
5054 2.2099783940056027e-7
5055 2.2099783940056027e-7
5056 2.2099783940056027e-7
5057 2.2099783940056027e-7
5058 2.2099783940056027e-7
5059 2.2099783940056027e-7
5060 2.2099783940056027e-7
5061 2.2099783940056027e-7
5062 2.2099783940056027e-7
5063 2.2099783940056027e-7
5064 2.2099783940056027e-7
5065 2.2099783940056027e-7
5066 2.2099783940056027e-7
5067 2.2099783940056027e-7
5068 2.2099783940056027e-7
5069 2.2099783940056027e-7
5070 2.2099783940056027e-7
5071 2.2099783940056027e-7
5072 2.2099783940056027e-7
5073 2.2099783940056027e-7
5074 2.2099783940056027e-7
5075 2.2099783940056027e-7
5076 2.2099783940056027e-7
5077 2.2099783940056027e-7
5078 2.2099783940056027e-7
5079 2.2099783940056027e-7
5080 2.2099783940056027e-7
5081 2.2099783940056027e-7
5082 2.2099783940056027e-7
5083 2.2121413422350128e-7
5084 2.2121413422350128e-7
5085 2.217076049189086e-7
5086 2.217076049189086e-7
5087 2.217076049189086e-7
5088 2.217076049189086e-7
5089 2.217076049189086e-7
5090 2.217076049189086e-7
5091 2.217076049189086e-7
5092 2.217076049189086e-7
5093 2.217076049189086e-7
5094 2.217076049189086e-7
5095 2.217076049189086e-7
5096 2.217076049189086e-7
5097 2.217076049189086e-7
5098 2.217076049189086e-7
5099 2.217076049189086e-7
5100 2.217076049189086e-7
5101 2.217076049189086e-7
5102 2.2232764771476954e-7
5103 2.2232764771476954e-7
5104 2.2232764771476954e-7
5105 2.2232764771476954e-7
5106 2.2232764771476954e-7
5107 2.2232764771476954e-7
5108 2.2232764771476954e-7
5109 2.2266089952481308e-7
5110 2.2266089952481308e-7
5111 2.2266089952481308e-7
5112 2.2266089952481308e-7
5113 2.2266089952481308e-7
5114 2.2318000441067122e-7
5115 2.2318000441067122e-7
5116 2.2318000441067122e-7
5117 2.2318000441067122e-7
5118 2.2356933338065578e-7
5119 2.2356933338065578e-7
5120 2.2356933338065578e-7
5121 2.2421180594036576e-7
5122 2.2421180594036576e-7
5123 2.2422622555448305e-7
5124 2.2422622555448305e-7
5125 2.2422622555448305e-7
5126 2.2422622555448305e-7
5127 2.2422622555448305e-7
5128 2.2422622555448305e-7
5129 2.2422622555448305e-7
5130 2.2476615890766212e-7
5131 2.2476615890766212e-7
5132 2.2476615890766212e-7
5133 2.2476615890766212e-7
5134 2.2476615890766212e-7
5135 2.2476615890766212e-7
5136 2.2545028779083205e-7
5137 2.2545028779083205e-7
5138 2.2586525156244933e-7
5139 2.2586525156244933e-7
5140 2.2586525156244933e-7
5141 2.2586525156244933e-7
5142 2.2767571042093108e-7
5143 2.2767571042093108e-7
5144 2.2767571042093108e-7
5145 2.2767571042093108e-7
5146 2.2767571042093108e-7
5147 2.2767571042093108e-7
5148 2.2863381258351114e-7
5149 2.2863381258351114e-7
5150 2.2863381258351114e-7
5151 2.2863381258351114e-7
5152 2.2863381258351114e-7
5153 2.2863381258351114e-7
5154 2.2863381258351114e-7
5155 2.2863381258351114e-7
5156 2.2863381258351114e-7
5157 2.2863381258351114e-7
5158 2.2863381258351114e-7
5159 2.2863381258351114e-7
5160 2.2863381258351114e-7
5161 2.2863381258351114e-7
5162 2.2863381258351114e-7
5163 2.2863381258351114e-7
5164 2.2863381258351114e-7
5165 2.2959992550700482e-7
5166 2.2959992550700482e-7
5167 2.2959992550700482e-7
5168 2.2959992550700482e-7
5169 2.2959992550700482e-7
5170 2.2959992550700482e-7
5171 2.2959992550700482e-7
5172 2.301654942729985e-7
5173 2.301654942729985e-7
5174 2.301654942729985e-7
5175 2.301654942729985e-7
5176 2.301654942729985e-7
5177 2.301654942729985e-7
5178 2.301654942729985e-7
5179 2.301654942729985e-7
5180 2.301654942729985e-7
5181 2.301654942729985e-7
5182 2.301654942729985e-7
5183 2.301654942729985e-7
5184 2.301654942729985e-7
5185 2.304058207674985e-7
5186 2.304058207674985e-7
5187 2.304058207674985e-7
5188 2.304058207674985e-7
5189 2.304058207674985e-7
5190 2.304058207674985e-7
5191 2.304058207674985e-7
5192 2.304058207674985e-7
5193 2.3127259829988122e-7
5194 2.3127259829988122e-7
5195 2.3183496263927308e-7
5196 2.3183496263927308e-7
5197 2.3183496263927308e-7
5198 2.3183496263927308e-7
5199 2.3183496263927308e-7
5200 2.3183496263927308e-7
5201 2.3183496263927308e-7
5202 2.3183496263927308e-7
5203 2.3183496263927308e-7
5204 2.3183496263927308e-7
5205 2.3183496263927308e-7
5206 2.3183496263927308e-7
5207 2.3183496263927308e-7
5208 2.3183496263927308e-7
5209 2.3183496263927308e-7
5210 2.3183496263927308e-7
5211 2.3183496263927308e-7
5212 2.3183496263927308e-7
5213 2.3183496263927308e-7
5214 2.3183496263927308e-7
5215 2.3183496263927308e-7
5216 2.3183496263927308e-7
5217 2.3183496263927308e-7
5218 2.3183496263927308e-7
5219 2.3183496263927308e-7
5220 2.3183496263927308e-7
5221 2.3183496263927308e-7
5222 2.3183496263927308e-7
5223 2.3183496263927308e-7
5224 2.3183496263927308e-7
5225 2.3183496263927308e-7
5226 2.3183496263927308e-7
5227 2.3183496263927308e-7
5228 2.3183496263927308e-7
5229 2.3183496263927308e-7
5230 2.3183496263927308e-7
5231 2.3183496263927308e-7
5232 2.3183496263927308e-7
5233 2.3183496263927308e-7
5234 2.3183496263927308e-7
5235 2.3183496263927308e-7
5236 2.3183496263927308e-7
5237 2.3183496263927308e-7
5238 2.3183496263927308e-7
5239 2.3217302200599217e-7
5240 2.3217302200599217e-7
5241 2.3217302200599217e-7
5242 2.3217302200599217e-7
5243 2.3272096612008486e-7
5244 2.3272096612008486e-7
5245 2.3272096612008486e-7
5246 2.3272096612008486e-7
5247 2.3272096612008486e-7
5248 2.3272096612008486e-7
5249 2.3272096612008486e-7
5250 2.3272096612008486e-7
5251 2.3332658930182854e-7
5252 2.3332658930182854e-7
5253 2.3332658930182854e-7
5254 2.3332658930182854e-7
5255 2.3332658930182854e-7
5256 2.3332658930182854e-7
5257 2.3332658930182854e-7
5258 2.3332658930182854e-7
5259 2.3441446676910032e-7
5260 2.3441446676910032e-7
5261 2.3441446676910032e-7
5262 2.347749577332141e-7
5263 2.347749577332141e-7
5264 2.347749577332141e-7
5265 2.347749577332141e-7
5266 2.347749577332141e-7
5267 2.347749577332141e-7
5268 2.347749577332141e-7
5269 2.347749577332141e-7
5270 2.347749577332141e-7
5271 2.347749577332141e-7
5272 2.347749577332141e-7
5273 2.347749577332141e-7
5274 2.347749577332141e-7
5275 2.347749577332141e-7
5276 2.347749577332141e-7
5277 2.347749577332141e-7
5278 2.347749577332141e-7
5279 2.347749577332141e-7
5280 2.3507937153738685e-7
5281 2.3507937153738685e-7
5282 2.3507937153738685e-7
5283 2.3531969864306872e-7
5284 2.3531969864306872e-7
5285 2.3531969864306872e-7
5286 2.3573145798808418e-7
5287 2.3573145798808418e-7
5288 2.3573145798808418e-7
5289 2.3573145798808418e-7
5290 2.3573145798808418e-7
5291 2.3573145798808418e-7
5292 2.3573145798808418e-7
5293 2.3573145798808418e-7
5294 2.3573145798808418e-7
5295 2.3573145798808418e-7
5296 2.3573145798808418e-7
5297 2.361928850286551e-7
5298 2.361928850286551e-7
5299 2.361928850286551e-7
5300 2.361928850286551e-7
5301 2.361928850286551e-7
5302 2.361928850286551e-7
5303 2.3641879190903783e-7
5304 2.3641879190903783e-7
5305 2.3670878671027519e-7
5306 2.3670878671027519e-7
5307 2.3670878671027519e-7
5308 2.3670878671027519e-7
5309 2.3670878671027519e-7
5310 2.3670878671027519e-7
5311 2.3673442090072602e-7
5312 2.3673442090072602e-7
5313 2.3673442090072602e-7
5314 2.3673442090072602e-7
5315 2.3673442090072602e-7
5316 2.3673442090072602e-7
5317 2.3746180923742967e-7
5318 2.3746180923742967e-7
5319 2.3746180923742967e-7
5320 2.3746180923742967e-7
5321 2.3746180923742967e-7
5322 2.3746180923742967e-7
5323 2.381315191176642e-7
5324 2.381315191176642e-7
5325 2.381315191176642e-7
5326 2.381315191176642e-7
5327 2.381315191176642e-7
5328 2.381315191176642e-7
5329 2.381315191176642e-7
5330 2.381315191176642e-7
5331 2.381315191176642e-7
5332 2.381315191176642e-7
5333 2.388621118809697e-7
5334 2.388621118809697e-7
5335 2.388621118809697e-7
5336 2.388621118809697e-7
5337 2.388621118809697e-7
5338 2.388621118809697e-7
5339 2.398442463262906e-7
5340 2.398442463262906e-7
5341 2.398442463262906e-7
5342 2.40658151736516e-7
5343 2.40658151736516e-7
5344 2.40658151736516e-7
5345 2.4133266917342613e-7
5346 2.4133266917342613e-7
5347 2.4133266917342613e-7
5348 2.4133266917342613e-7
5349 2.4133266917342613e-7
5350 2.420103892033924e-7
5351 2.420103892033924e-7
5352 2.420103892033924e-7
5353 2.420103892033924e-7
5354 2.420103892033924e-7
5355 2.420103892033924e-7
5356 2.420103892033924e-7
5357 2.420103892033924e-7
5358 2.420103892033924e-7
5359 2.420103892033924e-7
5360 2.420103892033924e-7
5361 2.4238369665154975e-7
5362 2.4238369665154975e-7
5363 2.4238369665154975e-7
5364 2.4283711293120703e-7
5365 2.4283711293120703e-7
5366 2.4283711293120703e-7
5367 2.431319134555743e-7
5368 2.431319134555743e-7
5369 2.431319134555743e-7
5370 2.431319134555743e-7
5371 2.431319134555743e-7
5372 2.431319134555743e-7
5373 2.431319134555743e-7
5374 2.431319134555743e-7
5375 2.431319134555743e-7
5376 2.431319134555743e-7
5377 2.4375676258574707e-7
5378 2.4375676258574707e-7
5379 2.4375676258574707e-7
5380 2.4375676258574707e-7
5381 2.4375676258574707e-7
5382 2.4375676258574707e-7
5383 2.4375676258574707e-7
5384 2.4375676258574707e-7
5385 2.4375676258574707e-7
5386 2.4375676258574707e-7
5387 2.4375676258574707e-7
5388 2.4375676258574707e-7
5389 2.4375676258574707e-7
5390 2.4375676258574707e-7
5391 2.4375676258574707e-7
5392 2.4375676258574707e-7
5393 2.4375676258574707e-7
5394 2.4375676258574707e-7
5395 2.4375676258574707e-7
5396 2.4375676258574707e-7
5397 2.4375676258574707e-7
5398 2.4375676258574707e-7
5399 2.4375676258574707e-7
5400 2.4375676258574707e-7
5401 2.4375676258574707e-7
5402 2.4375676258574707e-7
5403 2.4375676258574707e-7
5404 2.4375676258574707e-7
5405 2.4375676258574707e-7
5406 2.4375676258574707e-7
5407 2.4375676258574707e-7
5408 2.4375676258574707e-7
5409 2.4375676258574707e-7
5410 2.4375676258574707e-7
5411 2.4375676258574707e-7
5412 2.4375676258574707e-7
5413 2.4375676258574707e-7
5414 2.4375676258574707e-7
5415 2.4375676258574707e-7
5416 2.4375676258574707e-7
5417 2.4375676258574707e-7
5418 2.4375676258574707e-7
5419 2.4375676258574707e-7
5420 2.4375676258574707e-7
5421 2.4375676258574707e-7
5422 2.4375676258574707e-7
5423 2.4375676258574707e-7
5424 2.4375676258574707e-7
5425 2.4375676258574707e-7
5426 2.4375676258574707e-7
5427 2.4375676258574707e-7
5428 2.4375676258574707e-7
5429 2.4375676258574707e-7
5430 2.4375676258574707e-7
5431 2.4375676258574707e-7
5432 2.4375676258574707e-7
5433 2.4375676258574707e-7
5434 2.4375676258574707e-7
5435 2.4375676258574707e-7
5436 2.4375676258574707e-7
5437 2.4375676258574707e-7
5438 2.4375676258574707e-7
5439 2.4375676258574707e-7
5440 2.4375676258574707e-7
5441 2.442870826591207e-7
5442 2.442870826591207e-7
5443 2.442870826591207e-7
5444 2.442870826591207e-7
5445 2.442870826591207e-7
5446 2.442870826591207e-7
5447 2.442870826591207e-7
5448 2.442870826591207e-7
5449 2.442870826591207e-7
5450 2.442870826591207e-7
5451 2.442870826591207e-7
5452 2.442870826591207e-7
5453 2.442870826591207e-7
5454 2.442870826591207e-7
5455 2.442870826591207e-7
5456 2.442870826591207e-7
5457 2.442870826591207e-7
5458 2.442870826591207e-7
5459 2.4499684634392336e-7
5460 2.4499684634392336e-7
5461 2.4499684634392336e-7
5462 2.4547109047971973e-7
5463 2.4547109047971973e-7
5464 2.4547109047971973e-7
5465 2.4547109047971973e-7
5466 2.4547109047971973e-7
5467 2.4547109047971973e-7
5468 2.4547109047971973e-7
5469 2.4547109047971973e-7
5470 2.4547109047971973e-7
5471 2.460430668765533e-7
5472 2.460430668765533e-7
5473 2.460430668765533e-7
5474 2.460430668765533e-7
5475 2.460430668765533e-7
5476 2.460430668765533e-7
5477 2.460430668765533e-7
5478 2.460430668765533e-7
5479 2.460430668765533e-7
5480 2.460430668765533e-7
5481 2.460430668765533e-7
5482 2.460430668765533e-7
5483 2.4747381065603785e-7
5484 2.472783449115996e-7
5485 2.472783449115996e-7
5486 2.472783449115996e-7
5487 2.472783449115996e-7
5488 2.472783449115996e-7
5489 2.472783449115996e-7
5490 2.472783449115996e-7
5491 2.472783449115996e-7
5492 2.472783449115996e-7
5493 2.472783449115996e-7
5494 2.472783449115996e-7
5495 2.472783449115996e-7
5496 2.474449714278033e-7
5497 2.474449714278033e-7
5498 2.474449714278033e-7
5499 2.4766927640047603e-7
5500 2.4766927640047603e-7
5501 2.4766927640047603e-7
5502 2.49112837275186e-7
5503 2.49112837275186e-7
5504 2.49112837275186e-7
5505 2.4919935434870776e-7
5506 2.4919935434870776e-7
5507 2.4919935434870776e-7
5508 2.4919935434870776e-7
5509 2.4919935434870776e-7
5510 2.4919935434870776e-7
5511 2.4919935434870776e-7
5512 2.4919935434870776e-7
5513 2.4930990431615226e-7
5514 2.4930990431615226e-7
5515 2.4930990431615226e-7
5516 2.4930990431615226e-7
5517 2.4930990431615226e-7
5518 2.4930990431615226e-7
5519 2.4930990431615226e-7
5520 2.4930990431615226e-7
5521 2.4930990431615226e-7
5522 2.4930990431615226e-7
5523 2.4930990431615226e-7
5524 2.4930990431615226e-7
5525 2.4930990431615226e-7
5526 2.4930990431615226e-7
5527 2.4930990431615226e-7
5528 2.4930990431615226e-7
5529 2.4930990431615226e-7
5530 2.4930990431615226e-7
5531 2.5019270275918033e-7
5532 2.5019270275918033e-7
5533 2.5019270275918033e-7
5534 2.5019270275918033e-7
5535 2.5019270275918033e-7
5536 2.5019270275918033e-7
5537 2.5019270275918033e-7
5538 2.5019270275918033e-7
5539 2.5019270275918033e-7
5540 2.5019270275918033e-7
5541 2.5019270275918033e-7
5542 2.5019270275918033e-7
5543 2.5019270275918033e-7
5544 2.5019270275918033e-7
5545 2.5019270275918033e-7
5546 2.5019270275918033e-7
5547 2.5019270275918033e-7
5548 2.5019270275918033e-7
5549 2.5019270275918033e-7
5550 2.5019270275918033e-7
5551 2.5019270275918033e-7
5552 2.5019270275918033e-7
5553 2.5019270275918033e-7
5554 2.5019270275918033e-7
5555 2.5019270275918033e-7
5556 2.5019270275918033e-7
5557 2.5019270275918033e-7
5558 2.5019270275918033e-7
5559 2.5019270275918033e-7
5560 2.5019270275918033e-7
5561 2.5019270275918033e-7
5562 2.5019270275918033e-7
5563 2.507118076450385e-7
5564 2.507118076450385e-7
5565 2.507118076450385e-7
5566 2.507118076450385e-7
5567 2.507118076450385e-7
5568 2.508720253080385e-7
5569 2.508720253080385e-7
5570 2.508720253080385e-7
5571 2.508720253080385e-7
5572 2.5116362201698586e-7
5573 2.5116362201698586e-7
5574 2.5116362201698586e-7
5575 2.5116362201698586e-7
5576 2.5116362201698586e-7
5577 2.5116362201698586e-7
5578 2.5116362201698586e-7
5579 2.5116362201698586e-7
5580 2.5189902111460316e-7
5581 2.5189902111460316e-7
5582 2.5189902111460316e-7
5583 2.519583014787822e-7
5584 2.519583014787822e-7
5585 2.519583014787822e-7
5586 2.519583014787822e-7
5587 2.519583014787822e-7
5588 2.519583014787822e-7
5589 2.5225150009543953e-7
5590 2.5225150009543953e-7
5591 2.5249022407104767e-7
5592 2.5249022407104767e-7
5593 2.5280104672842406e-7
5594 2.5280104672842406e-7
5595 2.5280104672842406e-7
5596 2.5280104672842406e-7
5597 2.5280104672842406e-7
5598 2.5280104672842406e-7
5599 2.5280104672842406e-7
5600 2.5280104672842406e-7
5601 2.5280104672842406e-7
5602 2.5280104672842406e-7
5603 2.5280104672842406e-7
5604 2.5280104672842406e-7
5605 2.5284750938619584e-7
5606 2.5284750938619584e-7
5607 2.5367423311401045e-7
5608 2.5367423311401045e-7
5609 2.5367423311401045e-7
5610 2.5367423311401045e-7
5611 2.5367423311401045e-7
5612 2.5367423311401045e-7
5613 2.541244449670659e-7
5614 2.541244449670659e-7
5615 2.541244449670659e-7
5616 2.541244449670659e-7
5617 2.541244449670659e-7
5618 2.541244449670659e-7
5619 2.541244449670659e-7
5620 2.541244449670659e-7
5621 2.541244449670659e-7
5622 2.541244449670659e-7
5623 2.541244449670659e-7
5624 2.541244449670659e-7
5625 2.541244449670659e-7
5626 2.541244449670659e-7
5627 2.541244449670659e-7
5628 2.541244449670659e-7
5629 2.541244449670659e-7
5630 2.541244449670659e-7
5631 2.5458106506214315e-7
5632 2.5458106506214315e-7
5633 2.5458106506214315e-7
5634 2.5458106506214315e-7
5635 2.5458106506214315e-7
5636 2.5458106506214315e-7
5637 2.5458106506214315e-7
5638 2.5458106506214315e-7
5639 2.5458106506214315e-7
5640 2.552988407302232e-7
5641 2.552988407302232e-7
5642 2.552988407302232e-7
5643 2.552988407302232e-7
5644 2.552988407302232e-7
5645 2.552988407302232e-7
5646 2.552988407302232e-7
5647 2.552988407302232e-7
5648 2.552988407302232e-7
5649 2.552988407302232e-7
5650 2.555135318119086e-7
5651 2.555135318119086e-7
5652 2.555135318119086e-7
5653 2.555135318119086e-7
5654 2.555135318119086e-7
5655 2.555135318119086e-7
5656 2.555135318119086e-7
5657 2.555135318119086e-7
5658 2.555135318119086e-7
5659 2.560246259368531e-7
5660 2.560246259368531e-7
5661 2.560246259368531e-7
5662 2.568032838768222e-7
5663 2.568032838768222e-7
5664 2.568032838768222e-7
5665 2.568032838768222e-7
5666 2.568032838768222e-7
5667 2.568032838768222e-7
5668 2.568032838768222e-7
5669 2.568032838768222e-7
5670 2.568032838768222e-7
5671 2.568032838768222e-7
5672 2.568032838768222e-7
5673 2.568032838768222e-7
5674 2.568032838768222e-7
5675 2.568032838768222e-7
5676 2.568032838768222e-7
5677 2.568032838768222e-7
5678 2.568032838768222e-7
5679 2.568032838768222e-7
5680 2.568032838768222e-7
5681 2.568032838768222e-7
5682 2.568032838768222e-7
5683 2.568032838768222e-7
5684 2.568032838768222e-7
5685 2.568032838768222e-7
5686 2.568032838768222e-7
5687 2.568032838768222e-7
5688 2.568032838768222e-7
5689 2.568032838768222e-7
5690 2.568032838768222e-7
5691 2.568032838768222e-7
5692 2.568032838768222e-7
5693 2.568032838768222e-7
5694 2.568032838768222e-7
5695 2.568032838768222e-7
5696 2.568032838768222e-7
5697 2.568032838768222e-7
5698 2.568032838768222e-7
5699 2.568032838768222e-7
5700 2.568032838768222e-7
5701 2.568032838768222e-7
5702 2.568032838768222e-7
5703 2.568032838768222e-7
5704 2.568032838768222e-7
5705 2.568032838768222e-7
5706 2.568032838768222e-7
5707 2.574281323958131e-7
5708 2.574281323958131e-7
5709 2.574281323958131e-7
5710 2.574281323958131e-7
5711 2.5753707984436575e-7
5712 2.5753707984436575e-7
5713 2.5753707984436575e-7
5714 2.5753707984436575e-7
5715 2.5753707984436575e-7
5716 2.5753707984436575e-7
5717 2.5753707984436575e-7
5718 2.5753707984436575e-7
5719 2.5753707984436575e-7
5720 2.5753707984436575e-7
5721 2.5753707984436575e-7
5722 2.5753707984436575e-7
5723 2.5753707984436575e-7
5724 2.5753707984436575e-7
5725 2.5753707984436575e-7
5726 2.5753707984436575e-7
5727 2.5753707984436575e-7
5728 2.5753707984436575e-7
5729 2.5753707984436575e-7
5730 2.5753707984436575e-7
5731 2.5753707984436575e-7
5732 2.5753707984436575e-7
5733 2.5753707984436575e-7
5734 2.5753707984436575e-7
5735 2.5753707984436575e-7
5736 2.5753707984436575e-7
5737 2.5753707984436575e-7
5738 2.5799530245833483e-7
5739 2.5799530245833483e-7
5740 2.5799530245833483e-7
5741 2.5799530245833483e-7
5742 2.5799530245833483e-7
5743 2.5799530245833483e-7
5744 2.5799530245833483e-7
5745 2.5799530245833483e-7
5746 2.5799530245833483e-7
5747 2.5799530245833483e-7
5748 2.5799530245833483e-7
5749 2.5799530245833483e-7
5750 2.5799530245833483e-7
5751 2.5799530245833483e-7
5752 2.5799530245833483e-7
5753 2.5818596125727935e-7
5754 2.5818596125727935e-7
5755 2.5818596125727935e-7
5756 2.5818596125727935e-7
5757 2.5818596125727935e-7
5758 2.5818596125727935e-7
5759 2.587403136133938e-7
5760 2.587403136133938e-7
5761 2.587403136133938e-7
5762 2.587403136133938e-7
5763 2.591680950914184e-7
5764 2.591680950914184e-7
5765 2.591680950914184e-7
5766 2.591680950914184e-7
5767 2.591680950914184e-7
5768 2.591680950914184e-7
5769 2.591680950914184e-7
5770 2.591680950914184e-7
5771 2.591680950914184e-7
5772 2.591680950914184e-7
5773 2.591680950914184e-7
5774 2.591680950914184e-7
5775 2.591680950914184e-7
5776 2.6059563383311925e-7
5777 2.6059563383311925e-7
5778 2.6059563383311925e-7
5779 2.6059563383311925e-7
5780 2.6059563383311925e-7
5781 2.6059563383311925e-7
5782 2.6059563383311925e-7
5783 2.6059563383311925e-7
5784 2.6059563383311925e-7
5785 2.6059563383311925e-7
5786 2.6059563383311925e-7
5787 2.6059563383311925e-7
5788 2.6059563383311925e-7
5789 2.6059563383311925e-7
5790 2.6059563383311925e-7
5791 2.6059563383311925e-7
5792 2.6059563383311925e-7
5793 2.6059563383311925e-7
5794 2.6059563383311925e-7
5795 2.6059563383311925e-7
5796 2.6059563383311925e-7
5797 2.6059563383311925e-7
5798 2.6059563383311925e-7
5799 2.6059563383311925e-7
5800 2.6059563383311925e-7
5801 2.6059563383311925e-7
5802 2.6059563383311925e-7
5803 2.6059563383311925e-7
5804 2.6059563383311925e-7
5805 2.6134545315603566e-7
5806 2.6134545315603566e-7
5807 2.6134545315603566e-7
5808 2.6134545315603566e-7
5809 2.6134545315603566e-7
5810 2.6134545315603566e-7
5811 2.6134545315603566e-7
5812 2.6134545315603566e-7
5813 2.6134545315603566e-7
5814 2.6134545315603566e-7
5815 2.6134545315603566e-7
5816 2.6134545315603566e-7
5817 2.6134545315603566e-7
5818 2.6134545315603566e-7
5819 2.6134545315603566e-7
5820 2.6134545315603566e-7
5821 2.6134545315603566e-7
5822 2.6134545315603566e-7
5823 2.6134545315603566e-7
5824 2.6134545315603566e-7
5825 2.6134545315603566e-7
5826 2.6134545315603566e-7
5827 2.616819106150448e-7
5828 2.616819106150448e-7
5829 2.616819106150448e-7
5830 2.616819106150448e-7
5831 2.616819106150448e-7
5832 2.616819106150448e-7
5833 2.616819106150448e-7
5834 2.616819106150448e-7
5835 2.616819106150448e-7
5836 2.616819106150448e-7
5837 2.616819106150448e-7
5838 2.616819106150448e-7
5839 2.616819106150448e-7
5840 2.616819106150448e-7
5841 2.616819106150448e-7
5842 2.616819106150448e-7
5843 2.616819106150448e-7
5844 2.6240449200625477e-7
5845 2.6240449200625477e-7
5846 2.6240449200625477e-7
5847 2.6240449200625477e-7
5848 2.6240449200625477e-7
5849 2.6240449200625477e-7
5850 2.6240449200625477e-7
5851 2.6240449200625477e-7
5852 2.6240449200625477e-7
5853 2.6240449200625477e-7
5854 2.6240449200625477e-7
5855 2.6240449200625477e-7
5856 2.6240449200625477e-7
5857 2.6240449200625477e-7
5858 2.6240449200625477e-7
5859 2.6240449200625477e-7
5860 2.6240449200625477e-7
5861 2.6240449200625477e-7
5862 2.6240449200625477e-7
5863 2.6240449200625477e-7
5864 2.6240449200625477e-7
5865 2.6240449200625477e-7
5866 2.6240449200625477e-7
5867 2.6240449200625477e-7
5868 2.6240449200625477e-7
5869 2.6240449200625477e-7
5870 2.6240449200625477e-7
5871 2.6240449200625477e-7
5872 2.6240449200625477e-7
5873 2.6240449200625477e-7
5874 2.6240449200625477e-7
5875 2.6240449200625477e-7
5876 2.6240449200625477e-7
5877 2.6278741273421755e-7
5878 2.6278741273421755e-7
5879 2.6278741273421755e-7
5880 2.6278741273421755e-7
5881 2.6278741273421755e-7
5882 2.6278741273421755e-7
5883 2.6278741273421755e-7
5884 2.6278741273421755e-7
5885 2.6278741273421755e-7
5886 2.6278741273421755e-7
5887 2.6278741273421755e-7
5888 2.6278741273421755e-7
5889 2.6278741273421755e-7
5890 2.6278741273421755e-7
5891 2.6278741273421755e-7
5892 2.630149221334921e-7
5893 2.630149221334921e-7
5894 2.630149221334921e-7
5895 2.630149221334921e-7
5896 2.630149221334921e-7
5897 2.630149221334921e-7
5898 2.630149221334921e-7
5899 2.630149221334921e-7
5900 2.630149221334921e-7
5901 2.6345872513334394e-7
5902 2.6345872513334394e-7
5903 2.6345872513334394e-7
5904 2.6345872513334394e-7
5905 2.6345872513334394e-7
5906 2.6345872513334394e-7
5907 2.6345872513334394e-7
5908 2.6345872513334394e-7
5909 2.6345872513334394e-7
5910 2.6345872513334394e-7
5911 2.6345872513334394e-7
5912 2.6345872513334394e-7
5913 2.637551275654212e-7
5914 2.637551275654212e-7
5915 2.637551275654212e-7
5916 2.6424699574193665e-7
5917 2.6424699574193665e-7
5918 2.6424699574193665e-7
5919 2.6424699574193665e-7
5920 2.6424699574193665e-7
5921 2.6424699574193665e-7
5922 2.6424699574193665e-7
5923 2.6424699574193665e-7
5924 2.6424699574193665e-7
5925 2.6424699574193665e-7
5926 2.6424699574193665e-7
5927 2.6424699574193665e-7
5928 2.6424699574193665e-7
5929 2.6424699574193665e-7
5930 2.6424699574193665e-7
5931 2.6475328353256935e-7
5932 2.6475328353256935e-7
5933 2.6475328353256935e-7
5934 2.6475328353256935e-7
5935 2.6475328353256935e-7
5936 2.6475328353256935e-7
5937 2.6475328353256935e-7
5938 2.6475328353256935e-7
5939 2.6475328353256935e-7
5940 2.6475328353256935e-7
5941 2.6510416060569575e-7
5942 2.6510416060569575e-7
5943 2.6510416060569575e-7
5944 2.6510416060569575e-7
5945 2.6510416060569575e-7
5946 2.6510416060569575e-7
5947 2.6510416060569575e-7
5948 2.6510416060569575e-7
5949 2.6510416060569575e-7
5950 2.6510416060569575e-7
5951 2.6510416060569575e-7
5952 2.6510416060569575e-7
5953 2.6510416060569575e-7
5954 2.6510416060569575e-7
5955 2.6510416060569575e-7
5956 2.6510416060569575e-7
5957 2.6510416060569575e-7
5958 2.6510416060569575e-7
5959 2.6510416060569575e-7
5960 2.6510416060569575e-7
5961 2.6510416060569575e-7
5962 2.6510416060569575e-7
5963 2.6510416060569575e-7
5964 2.6510416060569575e-7
5965 2.651682473041866e-7
5966 2.651682473041866e-7
5967 2.651682473041866e-7
5968 2.651682473041866e-7
5969 2.651682473041866e-7
5970 2.651682473041866e-7
5971 2.651682473041866e-7
5972 2.651682473041866e-7
5973 2.651682473041866e-7
5974 2.651682473041866e-7
5975 2.651682473041866e-7
5976 2.651682473041866e-7
5977 2.651682473041866e-7
5978 2.651682473041866e-7
5979 2.651682473041866e-7
5980 2.651682473041866e-7
5981 2.651682473041866e-7
5982 2.651682473041866e-7
5983 2.651682473041866e-7
5984 2.651682473041866e-7
5985 2.651682473041866e-7
5986 2.651682473041866e-7
5987 2.651682473041866e-7
5988 2.651682473041866e-7
5989 2.651682473041866e-7
5990 2.654229934128039e-7
5991 2.654229934128039e-7
5992 2.654229934128039e-7
5993 2.654229934128039e-7
5994 2.6565210471978844e-7
5995 2.6565210471978844e-7
5996 2.6582513886683196e-7
5997 2.6582513886683196e-7
5998 2.6582513886683196e-7
5999 2.6582513886683196e-7
6000 2.6582513886683196e-7
6001 2.6582513886683196e-7
6002 2.6582513886683196e-7
6003 2.6582513886683196e-7
6004 2.6582513886683196e-7
6005 2.6582513886683196e-7
6006 2.6582513886683196e-7
6007 2.6582513886683196e-7
6008 2.6582513886683196e-7
6009 2.6582513886683196e-7
6010 2.6582513886683196e-7
6011 2.6582513886683196e-7
6012 2.6582513886683196e-7
6013 2.6582513886683196e-7
6014 2.6582513886683196e-7
6015 2.6582513886683196e-7
6016 2.6582513886683196e-7
6017 2.6582513886683196e-7
6018 2.6582513886683196e-7
6019 2.6582513886683196e-7
6020 2.6582513886683196e-7
6021 2.6582513886683196e-7
6022 2.6582513886683196e-7
6023 2.6582513886683196e-7
6024 2.6582513886683196e-7
6025 2.6582513886683196e-7
6026 2.6582513886683196e-7
6027 2.6582513886683196e-7
6028 2.6582513886683196e-7
6029 2.6582513886683196e-7
6030 2.6582513886683196e-7
6031 2.6582513886683196e-7
6032 2.6582513886683196e-7
6033 2.6582513886683196e-7
6034 2.6582513886683196e-7
6035 2.6582513886683196e-7
6036 2.6582513886683196e-7
6037 2.6582513886683196e-7
6038 2.6582513886683196e-7
6039 2.6582513886683196e-7
6040 2.6582513886683196e-7
6041 2.6582513886683196e-7
6042 2.6582513886683196e-7
6043 2.6582513886683196e-7
6044 2.6582513886683196e-7
6045 2.6582513886683196e-7
6046 2.6582513886683196e-7
6047 2.6582513886683196e-7
6048 2.6582513886683196e-7
6049 2.6582513886683196e-7
6050 2.6582513886683196e-7
6051 2.6582513886683196e-7
6052 2.6582513886683196e-7
6053 2.6582513886683196e-7
6054 2.6582513886683196e-7
6055 2.6582513886683196e-7
6056 2.6582513886683196e-7
6057 2.6582513886683196e-7
6058 2.6582513886683196e-7
6059 2.6582513886683196e-7
6060 2.6582513886683196e-7
6061 2.6582513886683196e-7
6062 2.6582513886683196e-7
6063 2.6582513886683196e-7
6064 2.6582513886683196e-7
6065 2.6582513886683196e-7
6066 2.6582513886683196e-7
6067 2.6582513886683196e-7
6068 2.6582513886683196e-7
6069 2.6582513886683196e-7
6070 2.6713892382566835e-7
6071 2.6713892382566835e-7
6072 2.6713892382566835e-7
6073 2.6713892382566835e-7
6074 2.6713892382566835e-7
6075 2.6713892382566835e-7
6076 2.6713892382566835e-7
6077 2.6713892382566835e-7
6078 2.6713892382566835e-7
6079 2.6713892382566835e-7
6080 2.6769648121956655e-7
6081 2.6769648121956655e-7
6082 2.6769648121956655e-7
6083 2.6769648121956655e-7
6084 2.6769648121956655e-7
6085 2.6769648121956655e-7
6086 2.6769648121956655e-7
6087 2.6769648121956655e-7
6088 2.6769648121956655e-7
6089 2.6799448617053566e-7
6090 2.6799448617053566e-7
6091 2.6799448617053566e-7
6092 2.6799448617053566e-7
6093 2.6799448617053566e-7
6094 2.6799448617053566e-7
6095 2.6799448617053566e-7
6096 2.6799448617053566e-7
6097 2.6799448617053566e-7
6098 2.6799448617053566e-7
6099 2.6799448617053566e-7
6100 2.6799448617053566e-7
6101 2.6799448617053566e-7
6102 2.6799448617053566e-7
6103 2.6799448617053566e-7
6104 2.6799448617053566e-7
6105 2.6799448617053566e-7
6106 2.6799448617053566e-7
6107 2.6799448617053566e-7
6108 2.6803614249399564e-7
6109 2.6803614249399564e-7
6110 2.6803614249399564e-7
6111 2.6803614249399564e-7
6112 2.6803614249399564e-7
6113 2.683966328469275e-7
6114 2.683966328469275e-7
6115 2.683966328469275e-7
6116 2.688548548497147e-7
6117 2.688548548497147e-7
6118 2.688548548497147e-7
6119 2.688548548497147e-7
6120 2.69107999050622e-7
6121 2.69107999050622e-7
6122 2.69107999050622e-7
6123 2.69107999050622e-7
6124 2.6922175405585026e-7
6125 2.697232349009893e-7
6126 2.697232349009893e-7
6127 2.697232349009893e-7
6128 2.697232349009893e-7
6129 2.7015261889790573e-7
6130 2.7015261889790573e-7
6131 2.7015261889790573e-7
6132 2.7015261889790573e-7
6133 2.7015261889790573e-7
6134 2.707982964953994e-7
6135 2.707982964953994e-7
6136 2.707982964953994e-7
6137 2.707982964953994e-7
6138 2.707982964953994e-7
6139 2.707982964953994e-7
6140 2.707982964953994e-7
6141 2.707982964953994e-7
6142 2.707982964953994e-7
6143 2.707982964953994e-7
6144 2.707982964953994e-7
6145 2.7132381023446123e-7
6146 2.7132381023446123e-7
6147 2.7132381023446123e-7
6148 2.7132381023446123e-7
6149 2.7132381023446123e-7
6150 2.7132381023446123e-7
6151 2.7132381023446123e-7
6152 2.7132381023446123e-7
6153 2.7132381023446123e-7
6154 2.7132381023446123e-7
6155 2.7132381023446123e-7
6156 2.7132381023446123e-7
6157 2.7132381023446123e-7
6158 2.715897721417758e-7
6159 2.715897721417758e-7
6160 2.715897721417758e-7
6161 2.715897721417758e-7
6162 2.715897721417758e-7
6163 2.715897721417758e-7
6164 2.715897721417758e-7
6165 2.715897721417758e-7
6166 2.715897721417758e-7
6167 2.715897721417758e-7
6168 2.715897721417758e-7
6169 2.7237483954613045e-7
6170 2.7237483954613045e-7
6171 2.7237483954613045e-7
6172 2.7237483954613045e-7
6173 2.7237483954613045e-7
6174 2.7237483954613045e-7
6175 2.7237483954613045e-7
6176 2.7237483954613045e-7
6177 2.7237483954613045e-7
6178 2.7237483954613045e-7
6179 2.7237483954613045e-7
6180 2.7237483954613045e-7
6181 2.7237483954613045e-7
6182 2.7237483954613045e-7
6183 2.7237483954613045e-7
6184 2.7237483954613045e-7
6185 2.7237483954613045e-7
6186 2.727898039289296e-7
6187 2.727898039289296e-7
6188 2.727898039289296e-7
6189 2.727898039289296e-7
6190 2.727898039289296e-7
6191 2.727898039289296e-7
6192 2.727898039289296e-7
6193 2.737783472274542e-7
6194 2.737783472274542e-7
6195 2.737783472274542e-7
6196 2.737783472274542e-7
6197 2.7418369894162975e-7
6198 2.7418369894162975e-7
6199 2.7418369894162975e-7
6200 2.7418369894162975e-7
6201 2.7418369894162975e-7
6202 2.7418369894162975e-7
6203 2.7418369894162975e-7
6204 2.7418369894162975e-7
6205 2.7418369894162975e-7
6206 2.7418369894162975e-7
6207 2.7418369894162975e-7
6208 2.7418369894162975e-7
6209 2.7418369894162975e-7
6210 2.7418369894162975e-7
6211 2.7418369894162975e-7
6212 2.7418369894162975e-7
6213 2.7418369894162975e-7
6214 2.7418369894162975e-7
6215 2.747909246422653e-7
6216 2.747909246422653e-7
6217 2.7486782965834533e-7
6218 2.7486782965834533e-7
6219 2.750472732697744e-7
6220 2.750472732697744e-7
6221 2.7537571874550615e-7
6222 2.7537571874550615e-7
6223 2.7537571874550615e-7
6224 2.7537571874550615e-7
6225 2.7537571874550615e-7
6226 2.7592846919391063e-7
6227 2.7592846919391063e-7
6228 2.7592846919391063e-7
6229 2.7592846919391063e-7
6230 2.7593647995482425e-7
6231 2.7593647995482425e-7
6232 2.7593647995482425e-7
6233 2.7626973298723157e-7
6234 2.7626973298723157e-7
6235 2.7626973298723157e-7
6236 2.7626973298723157e-7
6237 2.7626973298723157e-7
6238 2.7626973298723157e-7
6239 2.7626973298723157e-7
6240 2.7626973298723157e-7
6241 2.7626973298723157e-7
6242 2.7626973298723157e-7
6243 2.7626973298723157e-7
6244 2.7626973298723157e-7
6245 2.7626973298723157e-7
6246 2.7626973298723157e-7
6247 2.7626973298723157e-7
6248 2.7626973298723157e-7
6249 2.7626973298723157e-7
6250 2.7626973298723157e-7
6251 2.7626973298723157e-7
6252 2.7626973298723157e-7
6253 2.7626973298723157e-7
6254 2.7626973298723157e-7
6255 2.7626973298723157e-7
6256 2.7626973298723157e-7
6257 2.7626973298723157e-7
6258 2.7626973298723157e-7
6259 2.7626973298723157e-7
6260 2.766734809601515e-7
6261 2.766734809601515e-7
6262 2.766734809601515e-7
6263 2.7705960611471613e-7
6264 2.7705960611471613e-7
6265 2.77702079285608e-7
6266 2.77702079285608e-7
6267 2.77702079285608e-7
6268 2.77702079285608e-7
6269 2.77702079285608e-7
6270 2.77702079285608e-7
6271 2.77702079285608e-7
6272 2.77702079285608e-7
6273 2.7803373041030534e-7
6274 2.7803373041030534e-7
6275 2.7803373041030534e-7
6276 2.7803373041030534e-7
6277 2.7803373041030534e-7
6278 2.7803373041030534e-7
6279 2.7803373041030534e-7
6280 2.7803373041030534e-7
6281 2.7857686880126815e-7
6282 2.7857686880126815e-7
6283 2.7857686880126815e-7
6284 2.7857686880126815e-7
6285 2.7857686880126815e-7
6286 2.7929624698824007e-7
6287 2.7929624698824007e-7
6288 2.7929624698824007e-7
6289 2.7929624698824007e-7
6290 2.7929624698824007e-7
6291 2.7929624698824007e-7
6292 2.7929624698824007e-7
6293 2.7929624698824007e-7
6294 2.7929624698824007e-7
6295 2.7929624698824007e-7
6296 2.7929624698824007e-7
6297 2.7929624698824007e-7
6298 2.7929624698824007e-7
6299 2.796455215424746e-7
6300 2.796455215424746e-7
6301 2.796455215424746e-7
6302 2.796455215424746e-7
6303 2.796455215424746e-7
6304 2.796455215424746e-7
6305 2.796455215424746e-7
6306 2.796455215424746e-7
6307 2.796455215424746e-7
6308 2.796455215424746e-7
6309 2.796455215424746e-7
6310 2.796455215424746e-7
6311 2.796455215424746e-7
6312 2.796455215424746e-7
6313 2.7986662208854555e-7
6314 2.7986662208854555e-7
6315 2.7986662208854555e-7
6316 2.8032484470251463e-7
6317 2.8032484470251463e-7
6318 2.8032484470251463e-7
6319 2.8032484470251463e-7
6320 2.8032484470251463e-7
6321 2.8032484470251463e-7
6322 2.8032484470251463e-7
6323 2.8032484470251463e-7
6324 2.8032484470251463e-7
6325 2.8032484470251463e-7
6326 2.804738465668173e-7
6327 2.808247224175799e-7
6328 2.808247224175799e-7
6329 2.808247224175799e-7
6330 2.808247224175799e-7
6331 2.808247224175799e-7
6332 2.813822792002962e-7
6333 2.813822792002962e-7
6334 2.813822792002962e-7
6335 2.818549214283826e-7
6336 2.818549214283826e-7
6337 2.818549214283826e-7
6338 2.818549214283826e-7
6339 2.818549214283826e-7
6340 2.818549214283826e-7
6341 2.818549214283826e-7
6342 2.818549214283826e-7
6343 2.818549214283826e-7
6344 2.818549214283826e-7
6345 2.8204718274621894e-7
6346 2.8204718274621894e-7
6347 2.8204718274621894e-7
6348 2.8204718274621894e-7
6349 2.8204718274621894e-7
6350 2.8204718274621894e-7
6351 2.8204718274621894e-7
6352 2.8204718274621894e-7
6353 2.8204718274621894e-7
6354 2.8204718274621894e-7
6355 2.8204718274621894e-7
6356 2.8204718274621894e-7
6357 2.8204718274621894e-7
6358 2.8204718274621894e-7
6359 2.8204718274621894e-7
6360 2.8204718274621894e-7
6361 2.8204718274621894e-7
6362 2.8204718274621894e-7
6363 2.8204718274621894e-7
6364 2.8204718274621894e-7
6365 2.8204718274621894e-7
6366 2.8204718274621894e-7
6367 2.8204718274621894e-7
6368 2.8204718274621894e-7
6369 2.8204718274621894e-7
6370 2.8204718274621894e-7
6371 2.8204718274621894e-7
6372 2.8204718274621894e-7
6373 2.8204718274621894e-7
6374 2.8204718274621894e-7
6375 2.8204718274621894e-7
6376 2.8204718274621894e-7
6377 2.8204718274621894e-7
6378 2.8204718274621894e-7
6379 2.8204718274621894e-7
6380 2.8204718274621894e-7
6381 2.8204718274621894e-7
6382 2.8204718274621894e-7
6383 2.8204718274621894e-7
6384 2.8204718274621894e-7
6385 2.8204718274621894e-7
6386 2.8204718274621894e-7
6387 2.8204718274621894e-7
6388 2.8204718274621894e-7
6389 2.8204718274621894e-7
6390 2.8204718274621894e-7
6391 2.8204718274621894e-7
6392 2.8204718274621894e-7
6393 2.8204718274621894e-7
6394 2.8204718274621894e-7
6395 2.8204718274621894e-7
6396 2.8204718274621894e-7
6397 2.8204718274621894e-7
6398 2.8204718274621894e-7
6399 2.8204718274621894e-7
6400 2.8204718274621894e-7
6401 2.8204718274621894e-7
6402 2.8204718274621894e-7
6403 2.8204718274621894e-7
6404 2.8204718274621894e-7
6405 2.8204718274621894e-7
6406 2.8204718274621894e-7
6407 2.8204718274621894e-7
6408 2.8204718274621894e-7
6409 2.8204718274621894e-7
6410 2.8204718274621894e-7
6411 2.8204718274621894e-7
6412 2.8204718274621894e-7
6413 2.827873875669661e-7
6414 2.827873875669661e-7
6415 2.827873875669661e-7
6416 2.827873875669661e-7
6417 2.830998121320525e-7
6418 2.830998121320525e-7
6419 2.830998121320525e-7
6420 2.830998121320525e-7
6421 2.8330328863740433e-7
6422 2.8330328863740433e-7
6423 2.8330328863740433e-7
6424 2.837615118625553e-7
6425 2.837615118625553e-7
6426 2.837615118625553e-7
6427 2.837615118625553e-7
6428 2.837615118625553e-7
6429 2.837615118625553e-7
6430 2.841764750229907e-7
6431 2.841764750229907e-7
6432 2.841764750229907e-7
6433 2.841764750229907e-7
6434 2.841764750229907e-7
6435 2.846507191587871e-7
6436 2.8502723103354623e-7
6437 2.8502723103354623e-7
6438 2.8502723103354623e-7
6439 2.8502723103354623e-7
6440 2.8502723103354623e-7
6441 2.8502723103354623e-7
6442 2.8502723103354623e-7
6443 2.8502723103354623e-7
6444 2.8586837376429623e-7
6445 2.8586837376429623e-7
6446 2.8586837376429623e-7
6447 2.8586837376429623e-7
6448 2.8586837376429623e-7
6449 2.8586837376429623e-7
6450 2.8586837376429623e-7
6451 2.8586837376429623e-7
6452 2.8586837376429623e-7
6453 2.8586837376429623e-7
6454 2.8644195329120353e-7
6455 2.8644195329120353e-7
6456 2.8688735819876533e-7
6457 2.8688735819876533e-7
6458 2.8688735819876533e-7
6459 2.8688735819876533e-7
6460 2.8688735819876533e-7
6461 2.8688735819876533e-7
6462 2.87412872549009e-7
6463 2.87412872549009e-7
6464 2.87412872549009e-7
6465 2.8826042413296264e-7
6466 2.8826042413296264e-7
6467 2.8826042413296264e-7
6468 2.8826042413296264e-7
6469 2.895213375808236e-7
6470 2.895213375808236e-7
6471 2.895213375808236e-7
6472 2.895213375808236e-7
6473 2.895213375808236e-7
6474 2.895213375808236e-7
6475 2.895213375808236e-7
6476 2.895213375808236e-7
6477 2.9016541265942546e-7
6478 2.9016541265942546e-7
6479 2.9016541265942546e-7
6480 2.9016541265942546e-7
6481 2.9016541265942546e-7
6482 2.9016541265942546e-7
6483 2.9016541265942546e-7
6484 2.9016541265942546e-7
6485 2.9016541265942546e-7
6486 2.9016541265942546e-7
6487 2.9016541265942546e-7
6488 2.9016541265942546e-7
6489 2.916410171889718e-7
6490 2.916410171889718e-7
6491 2.916410171889718e-7
6492 2.916410171889718e-7
6493 2.916410171889718e-7
6494 2.916410171889718e-7
6495 2.916410171889718e-7
6496 2.922178011424809e-7
6497 2.922178011424809e-7
6498 2.922178011424809e-7
6499 2.922178011424809e-7
6500 2.922178011424809e-7
6501 2.922178011424809e-7
6502 2.922178011424809e-7
6503 2.922178011424809e-7
6504 2.9249818144154904e-7
6505 2.9249818144154904e-7
6506 2.9249818144154904e-7
6507 2.9249818144154904e-7
6508 2.9249818144154904e-7
6509 2.9249818144154904e-7
6510 2.9249818144154904e-7
6511 2.9249818144154904e-7
6512 2.927961870037e-7
6513 2.927961870037e-7
6514 2.927961870037e-7
6515 2.927961870037e-7
6516 2.9317750521277095e-7
6517 2.9317750521277095e-7
6518 2.9317750521277095e-7
6519 2.9317750521277095e-7
6520 2.9317750521277095e-7
6521 2.9317750521277095e-7
6522 2.9317750521277095e-7
6523 2.9317750521277095e-7
6524 2.9317750521277095e-7
6525 2.9317750521277095e-7
6526 2.9317750521277095e-7
6527 2.9317750521277095e-7
6528 2.9317750521277095e-7
6529 2.935588234218419e-7
6530 2.935588234218419e-7
6531 2.935588234218419e-7
6532 2.946146578454592e-7
6533 2.946146578454592e-7
6534 2.946146578454592e-7
6535 2.946146578454592e-7
6536 2.946146578454592e-7
6537 2.946146578454592e-7
6538 2.946146578454592e-7
6539 2.946146578454592e-7
6540 2.9511774120949006e-7
6541 2.9511774120949006e-7
6542 2.9511774120949006e-7
6543 2.952843677256937e-7
6544 2.952843677256937e-7
6545 2.952843677256937e-7
6546 2.952843677256937e-7
6547 2.952843677256937e-7
6548 2.952843677256937e-7
6549 2.952843677256937e-7
6550 2.952843677256937e-7
6551 2.952843677256937e-7
6552 2.952843677256937e-7
6553 2.952843677256937e-7
6554 2.952843677256937e-7
6555 2.952843677256937e-7
6556 2.952843677256937e-7
6557 2.954894467499374e-7
6558 2.954894467499374e-7
6559 2.954894467499374e-7
6560 2.954894467499374e-7
6561 2.959701003501193e-7
6562 2.959701003501193e-7
6563 2.959701003501193e-7
6564 2.959701003501193e-7
6565 2.959701003501193e-7
6566 2.959701003501193e-7
6567 2.959701003501193e-7
6568 2.959701003501193e-7
6569 2.959701003501193e-7
6570 2.959701003501193e-7
6571 2.959701003501193e-7
6572 2.959701003501193e-7
6573 2.959701003501193e-7
6574 2.959701003501193e-7
6575 2.964827969939557e-7
6576 2.964827969939557e-7
6577 2.964827969939557e-7
6578 2.964827969939557e-7
6579 2.964827969939557e-7
6580 2.964827969939557e-7
6581 2.964827969939557e-7
6582 2.964827969939557e-7
6583 2.964827969939557e-7
6584 2.964827969939557e-7
6585 2.964827969939557e-7
6586 2.966830690727057e-7
6587 2.966830690727057e-7
6588 2.966830690727057e-7
6589 2.966830690727057e-7
6590 2.966830690727057e-7
6591 2.966830690727057e-7
6592 2.966830690727057e-7
6593 2.966830690727057e-7
6594 2.966830690727057e-7
6595 2.966830690727057e-7
6596 2.9722300242588477e-7
6597 2.9722300242588477e-7
6598 2.974617270126748e-7
6599 2.974617270126748e-7
6600 2.974617270126748e-7
6601 2.974617270126748e-7
6602 2.974617270126748e-7
6603 2.974617270126748e-7
6604 2.974617270126748e-7
6605 2.974617270126748e-7
6606 2.974617270126748e-7
6607 2.979519932814803e-7
6608 2.979519932814803e-7
6609 2.979519932814803e-7
6610 2.979519932814803e-7
6611 2.979519932814803e-7
6612 2.979519932814803e-7
6613 2.979519932814803e-7
6614 2.979519932814803e-7
6615 2.979519932814803e-7
6616 2.9829165394472747e-7
6617 2.9829165394472747e-7
6618 2.9829165394472747e-7
6619 2.9829165394472747e-7
6620 2.9829165394472747e-7
6621 2.9829165394472747e-7
6622 2.9829165394472747e-7
6623 2.9962786866741287e-7
6624 2.9962786866741287e-7
6625 2.9962786866741287e-7
6626 2.9962786866741287e-7
6627 2.9962786866741287e-7
6628 2.9962786866741287e-7
6629 2.9962786866741287e-7
6630 2.9962786866741287e-7
6631 2.9962786866741287e-7
6632 2.9962786866741287e-7
6633 2.9962786866741287e-7
6634 2.9962786866741287e-7
6635 2.9962786866741287e-7
6636 2.9962786866741287e-7
6637 2.9962786866741287e-7
6638 2.9962786866741287e-7
6639 2.9962786866741287e-7
6640 2.9962786866741287e-7
6641 3.0036967722941567e-7
6642 3.0036967722941567e-7
6643 3.0036967722941567e-7
6644 3.0036967722941567e-7
6645 3.0036967722941567e-7
6646 3.0036967722941567e-7
6647 3.0036967722941567e-7
6648 3.0036967722941567e-7
6649 3.0036967722941567e-7
6650 3.0036967722941567e-7
6651 3.0036967722941567e-7
6652 3.0036967722941567e-7
6653 3.0036967722941567e-7
6654 3.0036967722941567e-7
6655 3.0036967722941567e-7
6656 3.0036967722941567e-7
6657 3.0036967722941567e-7
6658 3.0036967722941567e-7
6659 3.0036967722941567e-7
6660 3.0091762134350836e-7
6661 3.0091762134350836e-7
6662 3.0091762134350836e-7
6663 3.0091762134350836e-7
6664 3.0091762134350836e-7
6665 3.0138385532957297e-7
6666 3.0138385532957297e-7
6667 3.0138385532957297e-7
6668 3.0138385532957297e-7
6669 3.0138385532957297e-7
6670 3.0138385532957297e-7
6671 3.0138385532957297e-7
6672 3.016353976227703e-7
6673 3.016353976227703e-7
6674 3.016353976227703e-7
6675 3.016353976227703e-7
6676 3.016353976227703e-7
6677 3.016353976227703e-7
6678 3.016353976227703e-7
6679 3.018132393264894e-7
6680 3.018132393264894e-7
6681 3.018132393264894e-7
6682 3.018132393264894e-7
6683 3.018132393264894e-7
6684 3.018132393264894e-7
6685 3.018132393264894e-7
6686 3.018132393264894e-7
6687 3.018132393264894e-7
6688 3.018132393264894e-7
6689 3.018132393264894e-7
6690 3.018132393264894e-7
6691 3.018132393264894e-7
6692 3.018132393264894e-7
6693 3.018132393264894e-7
6694 3.018132393264894e-7
6695 3.018132393264894e-7
6696 3.018132393264894e-7
6697 3.018132393264894e-7
6698 3.018132393264894e-7
6699 3.018132393264894e-7
6700 3.018132393264894e-7
6701 3.018132393264894e-7
6702 3.018132393264894e-7
6703 3.018132393264894e-7
6704 3.018132393264894e-7
6705 3.018132393264894e-7
6706 3.018132393264894e-7
6707 3.018132393264894e-7
6708 3.018132393264894e-7
6709 3.018132393264894e-7
6710 3.018132393264894e-7
6711 3.018132393264894e-7
6712 3.0346668555975484e-7
6713 3.0346668555975484e-7
6714 3.0346668555975484e-7
6715 3.0391849993170214e-7
6716 3.0391849993170214e-7
6717 3.0391849993170214e-7
6718 3.0391849993170214e-7
6719 3.0391849993170214e-7
6720 3.0391849993170214e-7
6721 3.0391849993170214e-7
6722 3.0391849993170214e-7
6723 3.0391849993170214e-7
6724 3.0391849993170214e-7
6725 3.04160428945094e-7
6726 3.04160428945094e-7
6727 3.04160428945094e-7
6728 3.04160428945094e-7
6729 3.04160428945094e-7
6730 3.04160428945094e-7
6731 3.04160428945094e-7
6732 3.04160428945094e-7
6733 3.04160428945094e-7
6734 3.04160428945094e-7
6735 3.04160428945094e-7
6736 3.04160428945094e-7
6737 3.04522520594554e-7
6738 3.04522520594554e-7
6739 3.04522520594554e-7
6740 3.04522520594554e-7
6741 3.04522520594554e-7
6742 3.04522520594554e-7
6743 3.04522520594554e-7
6744 3.04522520594554e-7
6745 3.04522520594554e-7
6746 3.04522520594554e-7
6747 3.04522520594554e-7
6748 3.04522520594554e-7
6749 3.04522520594554e-7
6750 3.04522520594554e-7
6751 3.04522520594554e-7
6752 3.04522520594554e-7
6753 3.04522520594554e-7
6754 3.04778869833245e-7
6755 3.04778869833245e-7
6756 3.04778869833245e-7
6757 3.04778869833245e-7
6758 3.054005145368159e-7
6759 3.054005145368159e-7
6760 3.054005145368159e-7
6761 3.054005145368159e-7
6762 3.054005145368159e-7
6763 3.0648518818866775e-7
6764 3.0648518818866775e-7
6765 3.0648518818866775e-7
6766 3.0648518818866775e-7
6767 3.0648518818866775e-7
6768 3.0648518818866775e-7
6769 3.0648518818866775e-7
6770 3.0648518818866775e-7
6771 3.0648518818866775e-7
6772 3.0648518818866775e-7
6773 3.0648518818866775e-7
6774 3.0648518818866775e-7
6775 3.0648518818866775e-7
6776 3.0648518818866775e-7
6777 3.0648518818866775e-7
6778 3.0648518818866775e-7
6779 3.0648518818866775e-7
6780 3.0648518818866775e-7
6781 3.0648518818866775e-7
6782 3.0648518818866775e-7
6783 3.0648518818866775e-7
6784 3.0648518818866775e-7
6785 3.0648518818866775e-7
6786 3.0648518818866775e-7
6787 3.0648518818866775e-7
6788 3.0648518818866775e-7
6789 3.0648518818866775e-7
6790 3.0648518818866775e-7
6791 3.0648518818866775e-7
6792 3.0648518818866775e-7
6793 3.0648518818866775e-7
6794 3.0648518818866775e-7
6795 3.0648518818866775e-7
6796 3.0648518818866775e-7
6797 3.0648518818866775e-7
6798 3.0648518818866775e-7
6799 3.0648518818866775e-7
6800 3.0648518818866775e-7
6801 3.0648518818866775e-7
6802 3.0648518818866775e-7
6803 3.0648518818866775e-7
6804 3.0648518818866775e-7
6805 3.0648518818866775e-7
6806 3.068520867836214e-7
6807 3.068520867836214e-7
6808 3.068520867836214e-7
6809 3.068520867836214e-7
6810 3.068520867836214e-7
6811 3.068520867836214e-7
6812 3.068520867836214e-7
6813 3.068520867836214e-7
6814 3.068520867836214e-7
6815 3.068520867836214e-7
6816 3.068520867836214e-7
6817 3.068520867836214e-7
6818 3.068520867836214e-7
6819 3.068520867836214e-7
6820 3.068520867836214e-7
6821 3.068520867836214e-7
6822 3.068520867836214e-7
6823 3.068520867836214e-7
6824 3.068520867836214e-7
6825 3.068520867836214e-7
6826 3.068520867836214e-7
6827 3.068520867836214e-7
6828 3.068520867836214e-7
6829 3.068520867836214e-7
6830 3.068520867836214e-7
6831 3.068520867836214e-7
6832 3.068520867836214e-7
6833 3.068520867836214e-7
6834 3.068520867836214e-7
6835 3.068520867836214e-7
6836 3.068520867836214e-7
6837 3.068520867836214e-7
6838 3.068520867836214e-7
6839 3.068520867836214e-7
6840 3.068520867836214e-7
6841 3.068520867836214e-7
6842 3.068520867836214e-7
6843 3.068520867836214e-7
6844 3.068520867836214e-7
6845 3.068520867836214e-7
6846 3.068520867836214e-7
6847 3.068520867836214e-7
6848 3.0737920304157503e-7
6849 3.0737920304157503e-7
6850 3.075378187968651e-7
6851 3.075378187968651e-7
6852 3.075378187968651e-7
6853 3.075378187968651e-7
6854 3.075378187968651e-7
6855 3.075378187968651e-7
6856 3.075378187968651e-7
6857 3.079159325793342e-7
6858 3.079159325793342e-7
6859 3.079159325793342e-7
6860 3.079159325793342e-7
6861 3.079159325793342e-7
6862 3.079159325793342e-7
6863 3.079159325793342e-7
6864 3.079159325793342e-7
6865 3.079159325793342e-7
6866 3.079159325793342e-7
6867 3.079159325793342e-7
6868 3.080168698781551e-7
6869 3.080168698781551e-7
6870 3.080168698781551e-7
6871 3.0811620465808417e-7
6872 3.0811620465808417e-7
6873 3.0811620465808417e-7
6874 3.0811620465808417e-7
6875 3.0811620465808417e-7
6876 3.0811620465808417e-7
6877 3.0811620465808417e-7
6878 3.0811620465808417e-7
6879 3.087330430273433e-7
6880 3.087330430273433e-7
6881 3.087330430273433e-7
6882 3.087330430273433e-7
6883 3.087330430273433e-7
6884 3.087330430273433e-7
6885 3.087330430273433e-7
6886 3.087330430273433e-7
6887 3.087330430273433e-7
6888 3.087330430273433e-7
6889 3.092970086632632e-7
6890 3.092970086632632e-7
6891 3.092970086632632e-7
6892 3.092970086632632e-7
6893 3.092970086632632e-7
6894 3.092970086632632e-7
6895 3.092970086632632e-7
6896 3.092970086632632e-7
6897 3.092970086632632e-7
6898 3.092970086632632e-7
6899 3.092970086632632e-7
6900 3.092970086632632e-7
6901 3.092970086632632e-7
6902 3.092970086632632e-7
6903 3.095517541606986e-7
6904 3.095517541606986e-7
6905 3.095517541606986e-7
6906 3.095517541606986e-7
6907 3.095517541606986e-7
6908 3.095517541606986e-7
6909 3.095517541606986e-7
6910 3.095517541606986e-7
6911 3.095517541606986e-7
6912 3.095517541606986e-7
6913 3.095517541606986e-7
6914 3.095517541606986e-7
6915 3.095517541606986e-7
6916 3.102471000649296e-7
6917 3.102471000649296e-7
6918 3.102471000649296e-7
6919 3.102471000649296e-7
6920 3.102471000649296e-7
6921 3.102471000649296e-7
6922 3.102471000649296e-7
6923 3.102471000649296e-7
6924 3.102471000649296e-7
6925 3.102471000649296e-7
6926 3.102471000649296e-7
6927 3.102471000649296e-7
6928 3.102471000649296e-7
6929 3.102471000649296e-7
6930 3.102471000649296e-7
6931 3.102471000649296e-7
6932 3.102471000649296e-7
6933 3.102471000649296e-7
6934 3.102471000649296e-7
6935 3.102471000649296e-7
6936 3.102471000649296e-7
6937 3.102471000649296e-7
6938 3.102471000649296e-7
6939 3.102471000649296e-7
6940 3.102471000649296e-7
6941 3.10622008809615e-7
6942 3.10622008809615e-7
6943 3.10622008809615e-7
6944 3.10622008809615e-7
6945 3.10622008809615e-7
6946 3.10622008809615e-7
6947 3.10622008809615e-7
6948 3.10622008809615e-7
6949 3.10622008809615e-7
6950 3.109456485622168e-7
6951 3.109456485622168e-7
6952 3.109456485622168e-7
6953 3.109456485622168e-7
6954 3.109456485622168e-7
6955 3.109456485622168e-7
6956 3.109456485622168e-7
6957 3.109456485622168e-7
6958 3.109456485622168e-7
6959 3.109456485622168e-7
6960 3.109456485622168e-7
6961 3.109456485622168e-7
6962 3.109456485622168e-7
6963 3.109456485622168e-7
6964 3.109456485622168e-7
6965 3.109456485622168e-7
6966 3.109456485622168e-7
6967 3.109456485622168e-7
6968 3.109456485622168e-7
6969 3.109456485622168e-7
6970 3.109456485622168e-7
6971 3.109456485622168e-7
6972 3.109456485622168e-7
6973 3.109456485622168e-7
6974 3.109456485622168e-7
6975 3.109456485622168e-7
6976 3.109456485622168e-7
6977 3.109456485622168e-7
6978 3.109456485622168e-7
6979 3.109456485622168e-7
6980 3.113045363962568e-7
6981 3.113045363962568e-7
6982 3.113045363962568e-7
6983 3.113045363962568e-7
6984 3.113045363962568e-7
6985 3.113045363962568e-7
6986 3.113045363962568e-7
6987 3.113045363962568e-7
6988 3.113045363962568e-7
6989 3.113045363962568e-7
6990 3.113045363962568e-7
6991 3.113045363962568e-7
6992 3.113045363962568e-7
6993 3.113045363962568e-7
6994 3.118076203714696e-7
6995 3.118076203714696e-7
6996 3.118076203714696e-7
6997 3.118076203714696e-7
6998 3.118076203714696e-7
6999 3.118076203714696e-7
7000 3.118076203714696e-7
7001 3.118076203714696e-7
7002 3.118076203714696e-7
7003 3.118076203714696e-7
7004 3.118076203714696e-7
7005 3.118076203714696e-7
7006 3.118076203714696e-7
7007 3.118076203714696e-7
7008 3.118076203714696e-7
7009 3.118076203714696e-7
7010 3.118076203714696e-7
7011 3.118076203714696e-7
7012 3.118076203714696e-7
7013 3.118076203714696e-7
7014 3.1269202194457144e-7
7015 3.1269202194457144e-7
7016 3.1269202194457144e-7
7017 3.1269202194457144e-7
7018 3.1269202194457144e-7
7019 3.1269202194457144e-7
7020 3.1269202194457144e-7
7021 3.1269202194457144e-7
7022 3.1269202194457144e-7
7023 3.1269202194457144e-7
7024 3.1269202194457144e-7
7025 3.1269202194457144e-7
7026 3.1269202194457144e-7
7027 3.1269202194457144e-7
7028 3.1269202194457144e-7
7029 3.1359885389270414e-7
7030 3.1359885389270414e-7
7031 3.1359885389270414e-7
7032 3.1486136863709317e-7
7033 3.1486136863709317e-7
7034 3.1486136863709317e-7
7035 3.1513854573192325e-7
7036 3.1513854573192325e-7
7037 3.1513854573192325e-7
7038 3.1513854573192325e-7
7039 3.155294766096178e-7
7040 3.155294766096178e-7
7041 3.155294766096178e-7
7042 3.155294766096178e-7
7043 3.164154800904296e-7
7044 3.164154800904296e-7
7045 3.164154800904296e-7
7046 3.164154800904296e-7
7047 3.164154800904296e-7
7048 3.1655486989729053e-7
7049 3.1655486989729053e-7
7050 3.1655486989729053e-7
7051 3.1655486989729053e-7
7052 3.1655486989729053e-7
7053 3.1655486989729053e-7
7054 3.1655486989729053e-7
7055 3.1655486989729053e-7
7056 3.1655486989729053e-7
7057 3.1655486989729053e-7
7058 3.1655486989729053e-7
7059 3.1655486989729053e-7
7060 3.1655486989729053e-7
7061 3.1655486989729053e-7
7062 3.1655486989729053e-7
7063 3.1655486989729053e-7
7064 3.16764755255846e-7
7065 3.16764755255846e-7
7066 3.16764755255846e-7
7067 3.16764755255846e-7
7068 3.16764755255846e-7
7069 3.16764755255846e-7
7070 3.16764755255846e-7
7071 3.16764755255846e-7
7072 3.16764755255846e-7
7073 3.16764755255846e-7
7074 3.16764755255846e-7
7075 3.16764755255846e-7
7076 3.16764755255846e-7
7077 3.16764755255846e-7
7078 3.16764755255846e-7
7079 3.16764755255846e-7
7080 3.16764755255846e-7
7081 3.16764755255846e-7
7082 3.16764755255846e-7
7083 3.16764755255846e-7
7084 3.16764755255846e-7
7085 3.16764755255846e-7
7086 3.16764755255846e-7
7087 3.16764755255846e-7
7088 3.16764755255846e-7
7089 3.16764755255846e-7
7090 3.16764755255846e-7
7091 3.17288666476016e-7
7092 3.17288666476016e-7
7093 3.17288666476016e-7
7094 3.17288666476016e-7
7095 3.176603714052814e-7
7096 3.176603714052814e-7
7097 3.180945611253278e-7
7098 3.180945611253278e-7
7099 3.180945611253278e-7
7100 3.180945611253278e-7
7101 3.180945611253278e-7
7102 3.180945611253278e-7
7103 3.180945611253278e-7
7104 3.180945611253278e-7
7105 3.180945611253278e-7
7106 3.180945611253278e-7
7107 3.180945611253278e-7
7108 3.180945611253278e-7
7109 3.180945611253278e-7
7110 3.180945611253278e-7
7111 3.180945611253278e-7
7112 3.180945611253278e-7
7113 3.180945611253278e-7
7114 3.180945611253278e-7
7115 3.180945611253278e-7
7116 3.180945611253278e-7
7117 3.180945611253278e-7
7118 3.180945611253278e-7
7119 3.180945611253278e-7
7120 3.180945611253278e-7
7121 3.180945611253278e-7
7122 3.180945611253278e-7
7123 3.1878670076941133e-7
7124 3.1878670076941133e-7
7125 3.1878670076941133e-7
7126 3.1878670076941133e-7
7127 3.1878670076941133e-7
7128 3.1878670076941133e-7
7129 3.1878670076941133e-7
7130 3.1878670076941133e-7
7131 3.1878670076941133e-7
7132 3.1878670076941133e-7
7133 3.1878670076941133e-7
7134 3.1878670076941133e-7
7135 3.1878670076941133e-7
7136 3.1878670076941133e-7
7137 3.1878670076941133e-7
7138 3.1878670076941133e-7
7139 3.1878670076941133e-7
7140 3.1878670076941133e-7
7141 3.1878670076941133e-7
7142 3.1878670076941133e-7
7143 3.1878670076941133e-7
7144 3.1878670076941133e-7
7145 3.1878670076941133e-7
7146 3.1878670076941133e-7
7147 3.1878670076941133e-7
7148 3.1878670076941133e-7
7149 3.1878670076941133e-7
7150 3.1878670076941133e-7
7151 3.1878670076941133e-7
7152 3.1878670076941133e-7
7153 3.1878670076941133e-7
7154 3.1878670076941133e-7
7155 3.1878670076941133e-7
7156 3.1878670076941133e-7
7157 3.1878670076941133e-7
7158 3.1878670076941133e-7
7159 3.1878670076941133e-7
7160 3.1878670076941133e-7
7161 3.1878670076941133e-7
7162 3.1878670076941133e-7
7163 3.1878670076941133e-7
7164 3.1878670076941133e-7
7165 3.1878670076941133e-7
7166 3.1878670076941133e-7
7167 3.1878670076941133e-7
7168 3.1878670076941133e-7
7169 3.1878670076941133e-7
7170 3.1878670076941133e-7
7171 3.1878670076941133e-7
7172 3.1878670076941133e-7
7173 3.1878670076941133e-7
7174 3.1878670076941133e-7
7175 3.1878670076941133e-7
7176 3.1878670076941133e-7
7177 3.193490651088032e-7
7178 3.193490651088032e-7
7179 3.193490651088032e-7
7180 3.193490651088032e-7
7181 3.193490651088032e-7
7182 3.193490651088032e-7
7183 3.193490651088032e-7
7184 3.193490651088032e-7
7185 3.193490651088032e-7
7186 3.193490651088032e-7
7187 3.193490651088032e-7
7188 3.193490651088032e-7
7189 3.193490651088032e-7
7190 3.195012713997077e-7
7191 3.195012713997077e-7
7192 3.195012713997077e-7
7193 3.195012713997077e-7
7194 3.1979607192407497e-7
7195 3.1979607192407497e-7
7196 3.1979607192407497e-7
7197 3.1979607192407497e-7
7198 3.1979607192407497e-7
7199 3.1979607192407497e-7
7200 3.1979607192407497e-7
7201 3.1979607192407497e-7
7202 3.1979607192407497e-7
7203 3.1979607192407497e-7
7204 3.1979607192407497e-7
7205 3.1979607192407497e-7
7206 3.1979607192407497e-7
7207 3.1979607192407497e-7
7208 3.1979607192407497e-7
7209 3.1979607192407497e-7
7210 3.1979607192407497e-7
7211 3.1979607192407497e-7
7212 3.1979607192407497e-7
7213 3.1979607192407497e-7
7214 3.1979607192407497e-7
7215 3.1979607192407497e-7
7216 3.1979607192407497e-7
7217 3.1979607192407497e-7
7218 3.1979607192407497e-7
7219 3.1979607192407497e-7
7220 3.1979607192407497e-7
7221 3.1979607192407497e-7
7222 3.1979607192407497e-7
7223 3.1979607192407497e-7
7224 3.1979607192407497e-7
7225 3.1979607192407497e-7
7226 3.1979607192407497e-7
7227 3.1979607192407497e-7
7228 3.1979607192407497e-7
7229 3.1979607192407497e-7
7230 3.1994827821497945e-7
7231 3.1994827821497945e-7
7232 3.1994827821497945e-7
7233 3.1994827821497945e-7
7234 3.1994827821497945e-7
7235 3.1994827821497945e-7
7236 3.1994827821497945e-7
7237 3.1994827821497945e-7
7238 3.2040650021776667e-7
7239 3.2040650021776667e-7
7240 3.2040650021776667e-7
7241 3.2040650021776667e-7
7242 3.2040650021776667e-7
7243 3.2040650021776667e-7
7244 3.2040650021776667e-7
7245 3.2040650021776667e-7
7246 3.2040650021776667e-7
7247 3.2040650021776667e-7
7248 3.2040650021776667e-7
7249 3.2040650021776667e-7
7250 3.2068367670141483e-7
7251 3.2068367670141483e-7
7252 3.2068367670141483e-7
7253 3.2068367670141483e-7
7254 3.2068367670141483e-7
7255 3.2068367670141483e-7
7256 3.2068367670141483e-7
7257 3.2068367670141483e-7
7258 3.2068367670141483e-7
7259 3.2068367670141483e-7
7260 3.2068367670141483e-7
7261 3.209240031959148e-7
7262 3.209240031959148e-7
7263 3.209240031959148e-7
7264 3.209240031959148e-7
7265 3.2108742467433473e-7
7266 3.2108742467433473e-7
7267 3.2108742467433473e-7
7268 3.2108742467433473e-7
7269 3.2108742467433473e-7
7270 3.2108742467433473e-7
7271 3.2108742467433473e-7
7272 3.2108742467433473e-7
7273 3.217138751010356e-7
7274 3.217138751010356e-7
7275 3.217138751010356e-7
7276 3.217138751010356e-7
7277 3.217138751010356e-7
7278 3.217138751010356e-7
7279 3.217138751010356e-7
7280 3.217138751010356e-7
7281 3.217138751010356e-7
7282 3.217138751010356e-7
7283 3.217138751010356e-7
7284 3.217138751010356e-7
7285 3.217138751010356e-7
7286 3.217138751010356e-7
7287 3.217138751010356e-7
7288 3.2201027753311286e-7
7289 3.2201027753311286e-7
7290 3.2245728434838464e-7
7291 3.2245728434838464e-7
7292 3.2245728434838464e-7
7293 3.2245728434838464e-7
7294 3.2245728434838464e-7
7295 3.2297318480764093e-7
7296 3.2297318480764093e-7
7297 3.2297318480764093e-7
7298 3.2297318480764093e-7
7299 3.2297318480764093e-7
7300 3.234073745276873e-7
7301 3.234073745276873e-7
7302 3.234073745276873e-7
7303 3.234073745276873e-7
7304 3.234073745276873e-7
7305 3.234073745276873e-7
7306 3.2391205979942816e-7
7307 3.2391205979942816e-7
7308 3.2391205979942816e-7
7309 3.2391205979942816e-7
7310 3.2458337219855454e-7
7311 3.2458337219855454e-7
7312 3.2458337219855454e-7
7313 3.2458337219855454e-7
7314 3.2458337219855454e-7
7315 3.249855182637645e-7
7316 3.249855182637645e-7
7317 3.256504211985054e-7
7318 3.261711279920735e-7
7319 3.262560431578853e-7
7320 3.262560431578853e-7
7321 3.262560431578853e-7
7322 3.262560431578853e-7
7323 3.262560431578853e-7
7324 3.262560431578853e-7
7325 3.262560431578853e-7
7326 3.269369676144534e-7
7327 3.269369676144534e-7
7328 3.269369676144534e-7
7329 3.269369676144534e-7
7330 3.269369676144534e-7
7331 3.269369676144534e-7
7332 3.269369676144534e-7
7333 3.269369676144534e-7
7334 3.269369676144534e-7
7335 3.269369676144534e-7
7336 3.269369676144534e-7
7337 3.269369676144534e-7
7338 3.269369676144534e-7
7339 3.269369676144534e-7
7340 3.269369676144534e-7
7341 3.270843675710461e-7
7342 3.270843675710461e-7
7343 3.270843675710461e-7
7344 3.270843675710461e-7
7345 3.270843675710461e-7
7346 3.270843675710461e-7
7347 3.270843675710461e-7
7348 3.270843675710461e-7
7349 3.270843675710461e-7
7350 3.270843675710461e-7
7351 3.270843675710461e-7
7352 3.270843675710461e-7
7353 3.270843675710461e-7
7354 3.270843675710461e-7
7355 3.270843675710461e-7
7356 3.270843675710461e-7
7357 3.270843675710461e-7
7358 3.270843675710461e-7
7359 3.270843675710461e-7
7360 3.270843675710461e-7
7361 3.270843675710461e-7
7362 3.270843675710461e-7
7363 3.270843675710461e-7
7364 3.270843675710461e-7
7365 3.270843675710461e-7
7366 3.270843675710461e-7
7367 3.270843675710461e-7
7368 3.270843675710461e-7
7369 3.270843675710461e-7
7370 3.270843675710461e-7
7371 3.270843675710461e-7
7372 3.270843675710461e-7
7373 3.270843675710461e-7
7374 3.270843675710461e-7
7375 3.270843675710461e-7
7376 3.270843675710461e-7
7377 3.270843675710461e-7
7378 3.270843675710461e-7
7379 3.270843675710461e-7
7380 3.273198877312343e-7
7381 3.273198877312343e-7
7382 3.273198877312343e-7
7383 3.273198877312343e-7
7384 3.273198877312343e-7
7385 3.273198877312343e-7
7386 3.273198877312343e-7
7387 3.273198877312343e-7
7388 3.273198877312343e-7
7389 3.273198877312343e-7
7390 3.273198877312343e-7
7391 3.273198877312343e-7
7392 3.273198877312343e-7
7393 3.273198877312343e-7
7394 3.273198877312343e-7
7395 3.273198877312343e-7
7396 3.273198877312343e-7
7397 3.273198877312343e-7
7398 3.273198877312343e-7
7399 3.273198877312343e-7
7400 3.273198877312343e-7
7401 3.273198877312343e-7
7402 3.273198877312343e-7
7403 3.2761629016331156e-7
7404 3.2761629016331156e-7
7405 3.2761629016331156e-7
7406 3.2761629016331156e-7
7407 3.2761629016331156e-7
7408 3.2761629016331156e-7
7409 3.2761629016331156e-7
7410 3.2761629016331156e-7
7411 3.2761629016331156e-7
7412 3.2761629016331156e-7
7413 3.295020515189815e-7
7414 3.295020515189815e-7
7415 3.295020515189815e-7
7416 3.295020515189815e-7
7417 3.295020515189815e-7
7418 3.295020515189815e-7
7419 3.295020515189815e-7
7420 3.29772819149426e-7
7421 3.29772819149426e-7
7422 3.29772819149426e-7
7423 3.29772819149426e-7
7424 3.29772819149426e-7
7425 3.29772819149426e-7
7426 3.29772819149426e-7
7427 3.29772819149426e-7
7428 3.29772819149426e-7
7429 3.29772819149426e-7
7430 3.29772819149426e-7
7431 3.29772819149426e-7
7432 3.3095041872800324e-7
7433 3.3095041872800324e-7
7434 3.3095041872800324e-7
7435 3.3095041872800324e-7
7436 3.3095041872800324e-7
7437 3.3095041872800324e-7
7438 3.3095041872800324e-7
7439 3.312275952116514e-7
7440 3.312275952116514e-7
7441 3.3145190018432414e-7
7442 3.3145190018432414e-7
7443 3.3145190018432414e-7
7444 3.3145190018432414e-7
7445 3.3145190018432414e-7
7446 3.3145190018432414e-7
7447 3.3145190018432414e-7
7448 3.3145190018432414e-7
7449 3.3145190018432414e-7
7450 3.3145190018432414e-7
7451 3.3145190018432414e-7
7452 3.3145190018432414e-7
7453 3.3145190018432414e-7
7454 3.3145190018432414e-7
7455 3.3145190018432414e-7
7456 3.3145190018432414e-7
7457 3.3145190018432414e-7
7458 3.3145190018432414e-7
7459 3.3181559496385787e-7
7460 3.3181559496385787e-7
7461 3.3239558273278694e-7
7462 3.3239558273278694e-7
7463 3.3239558273278694e-7
7464 3.3239558273278694e-7
7465 3.3239558273278694e-7
7466 3.3239558273278694e-7
7467 3.3239558273278694e-7
7468 3.3239558273278694e-7
7469 3.3239558273278694e-7
7470 3.3239558273278694e-7
7471 3.3239558273278694e-7
7472 3.3303645399596884e-7
7473 3.3303645399596884e-7
7474 3.3303645399596884e-7
7475 3.3303645399596884e-7
7476 3.3303645399596884e-7
7477 3.3303645399596884e-7
7478 3.3303645399596884e-7
7479 3.3303645399596884e-7
7480 3.3303645399596884e-7
7481 3.3303645399596884e-7
7482 3.3303645399596884e-7
7483 3.3303645399596884e-7
7484 3.3303645399596884e-7
7485 3.3303645399596884e-7
7486 3.3303645399596884e-7
7487 3.3303645399596884e-7
7488 3.3303645399596884e-7
7489 3.3303645399596884e-7
7490 3.3303645399596884e-7
7491 3.3303645399596884e-7
7492 3.3303645399596884e-7
7493 3.3303645399596884e-7
7494 3.3303645399596884e-7
7495 3.345024452457097e-7
7496 3.345024452457097e-7
7497 3.345024452457097e-7
7498 3.345024452457097e-7
7499 3.345024452457097e-7
7500 3.345024452457097e-7
7501 3.345024452457097e-7
7502 3.345024452457097e-7
7503 3.345024452457097e-7
7504 3.345024452457097e-7
7505 3.345024452457097e-7
7506 3.345024452457097e-7
7507 3.345024452457097e-7
7508 3.345024452457097e-7
7509 3.345024452457097e-7
7510 3.345024452457097e-7
7511 3.345024452457097e-7
7512 3.345024452457097e-7
7513 3.345024452457097e-7
7514 3.345024452457097e-7
7515 3.345024452457097e-7
7516 3.345024452457097e-7
7517 3.345024452457097e-7
7518 3.345024452457097e-7
7519 3.345024452457097e-7
7520 3.345024452457097e-7
7521 3.345024452457097e-7
7522 3.345024452457097e-7
7523 3.345024452457097e-7
7524 3.345024452457097e-7
7525 3.345024452457097e-7
7526 3.345024452457097e-7
7527 3.345024452457097e-7
7528 3.345024452457097e-7
7529 3.345024452457097e-7
7530 3.345024452457097e-7
7531 3.345024452457097e-7
7532 3.345024452457097e-7
7533 3.345024452457097e-7
7534 3.345024452457097e-7
7535 3.345024452457097e-7
7536 3.345024452457097e-7
7537 3.345024452457097e-7
7538 3.345024452457097e-7
7539 3.345024452457097e-7
7540 3.345024452457097e-7
7541 3.345024452457097e-7
7542 3.345024452457097e-7
7543 3.345024452457097e-7
7544 3.345024452457097e-7
7545 3.351929835932652e-7
7546 3.351929835932652e-7
7547 3.351929835932652e-7
7548 3.353003291341079e-7
7549 3.353003291341079e-7
7550 3.353003291341079e-7
7551 3.357729713621943e-7
7552 3.357729713621943e-7
7553 3.357729713621943e-7
7554 3.357729713621943e-7
7555 3.357729713621943e-7
7556 3.357729713621943e-7
7557 3.357729713621943e-7
7558 3.357729713621943e-7
7559 3.357729713621943e-7
7560 3.359315865063024e-7
7561 3.359315865063024e-7
7562 3.359315865063024e-7
7563 3.359315865063024e-7
7564 3.359315865063024e-7
7565 3.359315865063024e-7
7566 3.359315865063024e-7
7567 3.359315865063024e-7
7568 3.359315865063024e-7
7569 3.3602611495191967e-7
7570 3.3602611495191967e-7
7571 3.3602611495191967e-7
7572 3.3602611495191967e-7
7573 3.3602611495191967e-7
7574 3.362872699137406e-7
7575 3.362872699137406e-7
7576 3.365756615849042e-7
7577 3.365756615849042e-7
7578 3.365756615849042e-7
7579 3.365756615849042e-7
7580 3.365756615849042e-7
7581 3.365756615849042e-7
7582 3.365756615849042e-7
7583 3.369665930737806e-7
7584 3.369665930737806e-7
7585 3.3723896322311697e-7
7586 3.3723896322311697e-7
7587 3.3723896322311697e-7
7588 3.3723896322311697e-7
7589 3.3723896322311697e-7
7590 3.3723896322311697e-7
7591 3.3723896322311697e-7
7592 3.3723896322311697e-7
7593 3.3723896322311697e-7
7594 3.3723896322311697e-7
7595 3.3723896322311697e-7
7596 3.3723896322311697e-7
7597 3.3723896322311697e-7
7598 3.3723896322311697e-7
7599 3.3723896322311697e-7
7600 3.3723896322311697e-7
7601 3.3723896322311697e-7
7602 3.3723896322311697e-7
7603 3.3723896322311697e-7
7604 3.3723896322311697e-7
7605 3.3723896322311697e-7
7606 3.3723896322311697e-7
7607 3.3723896322311697e-7
7608 3.3723896322311697e-7
7609 3.3723896322311697e-7
7610 3.3723896322311697e-7
7611 3.3723896322311697e-7
7612 3.3723896322311697e-7
7613 3.3723896322311697e-7
7614 3.3723896322311697e-7
7615 3.3723896322311697e-7
7616 3.3723896322311697e-7
7617 3.3723896322311697e-7
7618 3.3723896322311697e-7
7619 3.3723896322311697e-7
7620 3.3723896322311697e-7
7621 3.3723896322311697e-7
7622 3.3723896322311697e-7
7623 3.3723896322311697e-7
7624 3.3723896322311697e-7
7625 3.3723896322311697e-7
7626 3.3723896322311697e-7
7627 3.3723896322311697e-7
7628 3.3723896322311697e-7
7629 3.3723896322311697e-7
7630 3.3723896322311697e-7
7631 3.3723896322311697e-7
7632 3.3723896322311697e-7
7633 3.3723896322311697e-7
7634 3.3723896322311697e-7
7635 3.3723896322311697e-7
7636 3.3723896322311697e-7
7637 3.3723896322311697e-7
7638 3.3723896322311697e-7
7639 3.3723896322311697e-7
7640 3.3723896322311697e-7
7641 3.3723896322311697e-7
7642 3.3723896322311697e-7
7643 3.3723896322311697e-7
7644 3.3723896322311697e-7
7645 3.3723896322311697e-7
7646 3.3723896322311697e-7
7647 3.3723896322311697e-7
7648 3.3723896322311697e-7
7649 3.3723896322311697e-7
7650 3.3723896322311697e-7
7651 3.3723896322311697e-7
7652 3.3723896322311697e-7
7653 3.3723896322311697e-7
7654 3.3723896322311697e-7
7655 3.3723896322311697e-7
7656 3.3723896322311697e-7
7657 3.3723896322311697e-7
7658 3.3723896322311697e-7
7659 3.3723896322311697e-7
7660 3.3723896322311697e-7
7661 3.3723896322311697e-7
7662 3.3723896322311697e-7
7663 3.3723896322311697e-7
7664 3.3723896322311697e-7
7665 3.3723896322311697e-7
7666 3.3723896322311697e-7
7667 3.3723896322311697e-7
7668 3.3723896322311697e-7
7669 3.3723896322311697e-7
7670 3.3723896322311697e-7
7671 3.3723896322311697e-7
7672 3.3723896322311697e-7
7673 3.3723896322311697e-7
7674 3.3723896322311697e-7
7675 3.3723896322311697e-7
7676 3.3723896322311697e-7
7677 3.3723896322311697e-7
7678 3.385158975816233e-7
7679 3.385158975816233e-7
7680 3.385158975816233e-7
7681 3.385158975816233e-7
7682 3.385158975816233e-7
7683 3.385158975816233e-7
7684 3.385158975816233e-7
7685 3.385158975816233e-7
7686 3.385158975816233e-7
7687 3.385158975816233e-7
7688 3.388411392419351e-7
7689 3.3892124868461697e-7
7690 3.3892124868461697e-7
7691 3.3892124868461697e-7
7692 3.3892124868461697e-7
7693 3.3892124868461697e-7
7694 3.3892124868461697e-7
7695 3.3892124868461697e-7
7696 3.395380858315123e-7
7697 3.395380858315123e-7
7698 3.395380858315123e-7
7699 3.395380858315123e-7
7700 3.395380858315123e-7
7701 3.395380858315123e-7
7702 3.395380858315123e-7
7703 3.395380858315123e-7
7704 3.395380858315123e-7
7705 3.395380858315123e-7
7706 3.395380858315123e-7
7707 3.395380858315123e-7
7708 3.395380858315123e-7
7709 3.395380858315123e-7
7710 3.395380858315123e-7
7711 3.395380858315123e-7
7712 3.395380858315123e-7
7713 3.395380858315123e-7
7714 3.395380858315123e-7
7715 3.395380858315123e-7
7716 3.395380858315123e-7
7717 3.395380858315123e-7
7718 3.395380858315123e-7
7719 3.395380858315123e-7
7720 3.395380858315123e-7
7721 3.395380858315123e-7
7722 3.395380858315123e-7
7723 3.395380858315123e-7
7724 3.395380858315123e-7
7725 3.395380858315123e-7
7726 3.395380858315123e-7
7727 3.395380858315123e-7
7728 3.395380858315123e-7
7729 3.395380858315123e-7
7730 3.395380858315123e-7
7731 3.395380858315123e-7
7732 3.395380858315123e-7
7733 3.395380858315123e-7
7734 3.395380858315123e-7
7735 3.395380858315123e-7
7736 3.395380858315123e-7
7737 3.395380858315123e-7
7738 3.395380858315123e-7
7739 3.395380858315123e-7
7740 3.395380858315123e-7
7741 3.395380858315123e-7
7742 3.395380858315123e-7
7743 3.395380858315123e-7
7744 3.395380858315123e-7
7745 3.3972233699961696e-7
7746 3.3972233699961696e-7
7747 3.402142051761324e-7
7748 3.402142051761324e-7
7749 3.402142051761324e-7
7750 3.402142051761324e-7
7751 3.402142051761324e-7
7752 3.402142051761324e-7
7753 3.402142051761324e-7
7754 3.402142051761324e-7
7755 3.402142051761324e-7
7756 3.407925910373515e-7
7757 3.407925910373515e-7
7758 3.407925910373515e-7
7759 3.407925910373515e-7
7760 3.407925910373515e-7
7761 3.407925910373515e-7
7762 3.407925910373515e-7
7763 3.407925910373515e-7
7764 3.407925910373515e-7
7765 3.407925910373515e-7
7766 3.407925910373515e-7
7767 3.407925910373515e-7
7768 3.407925910373515e-7
7769 3.407925910373515e-7
7770 3.407925910373515e-7
7771 3.407925910373515e-7
7772 3.407925910373515e-7
7773 3.407925910373515e-7
7774 3.407925910373515e-7
7775 3.407925910373515e-7
7776 3.407925910373515e-7
7777 3.407925910373515e-7
7778 3.407925910373515e-7
7779 3.407925910373515e-7
7780 3.407925910373515e-7
7781 3.407925910373515e-7
7782 3.407925910373515e-7
7783 3.407925910373515e-7
7784 3.407925910373515e-7
7785 3.407925910373515e-7
7786 3.4117711306184235e-7
7787 3.4117711306184235e-7
7788 3.416481527710369e-7
7789 3.416481527710369e-7
7790 3.416481527710369e-7
7791 3.416481527710369e-7
7792 3.416481527710369e-7
7793 3.416481527710369e-7
7794 3.416481527710369e-7
7795 3.416481527710369e-7
7796 3.416481527710369e-7
7797 3.416481527710369e-7
7798 3.416481527710369e-7
7799 3.416481527710369e-7
7800 3.416481527710369e-7
7801 3.416481527710369e-7
7802 3.416481527710369e-7
7803 3.416481527710369e-7
7804 3.416481527710369e-7
7805 3.416481527710369e-7
7806 3.416481527710369e-7
7807 3.416481527710369e-7
7808 3.416481527710369e-7
7809 3.420807399721914e-7
7810 3.420807399721914e-7
7811 3.420807399721914e-7
7812 3.420807399721914e-7
7813 3.420807399721914e-7
7814 3.420807399721914e-7
7815 3.420807399721914e-7
7816 3.420807399721914e-7
7817 3.420807399721914e-7
7818 3.420807399721914e-7
7819 3.420807399721914e-7
7820 3.420807399721914e-7
7821 3.420807399721914e-7
7822 3.420807399721914e-7
7823 3.420807399721914e-7
7824 3.420807399721914e-7
7825 3.420807399721914e-7
7826 3.433064053386142e-7
7827 3.433064053386142e-7
7828 3.433064053386142e-7
7829 3.433064053386142e-7
7830 3.433064053386142e-7
7831 3.433064053386142e-7
7832 3.433064053386142e-7
7833 3.433064053386142e-7
7834 3.433064053386142e-7
7835 3.433064053386142e-7
7836 3.433064053386142e-7
7837 3.433064053386142e-7
7838 3.433064053386142e-7
7839 3.433064053386142e-7
7840 3.433064053386142e-7
7841 3.433064053386142e-7
7842 3.433064053386142e-7
7843 3.433064053386142e-7
7844 3.433064053386142e-7
7845 3.433064053386142e-7
7846 3.433064053386142e-7
7847 3.433064053386142e-7
7848 3.433064053386142e-7
7849 3.433064053386142e-7
7850 3.433064053386142e-7
7851 3.433064053386142e-7
7852 3.433064053386142e-7
7853 3.433064053386142e-7
7854 3.433064053386142e-7
7855 3.433064053386142e-7
7856 3.433064053386142e-7
7857 3.433064053386142e-7
7858 3.433064053386142e-7
7859 3.433064053386142e-7
7860 3.433064053386142e-7
7861 3.433064053386142e-7
7862 3.433064053386142e-7
7863 3.4377103680578696e-7
7864 3.4377103680578696e-7
7865 3.441042898381943e-7
7866 3.441042898381943e-7
7867 3.441042898381943e-7
7868 3.441042898381943e-7
7869 3.441042898381943e-7
7870 3.441042898381943e-7
7871 3.441042898381943e-7
7872 3.441042898381943e-7
7873 3.441042898381943e-7
7874 3.44810849707577e-7
7875 3.44810849707577e-7
7876 3.44810849707577e-7
7877 3.44810849707577e-7
7878 3.44810849707577e-7
7879 3.44810849707577e-7
7880 3.44810849707577e-7
7881 3.44810849707577e-7
7882 3.451152629005679e-7
7883 3.451152629005679e-7
7884 3.451152629005679e-7
7885 3.451152629005679e-7
7886 3.452578565228488e-7
7887 3.452578565228488e-7
7888 3.452578565228488e-7
7889 3.452578565228488e-7
7890 3.452578565228488e-7
7891 3.452578565228488e-7
7892 3.452578565228488e-7
7893 3.452578565228488e-7
7894 3.452578565228488e-7
7895 3.452578565228488e-7
7896 3.452578565228488e-7
7897 3.452578565228488e-7
7898 3.452578565228488e-7
7899 3.452578565228488e-7
7900 3.452578565228488e-7
7901 3.452578565228488e-7
7902 3.452578565228488e-7
7903 3.452578565228488e-7
7904 3.452578565228488e-7
7905 3.452578565228488e-7
7906 3.452578565228488e-7
7907 3.4562795893322237e-7
7908 3.4605574041124696e-7
7909 3.4605574041124696e-7
7910 3.4605574041124696e-7
7911 3.469401419843488e-7
7912 3.469401419843488e-7
7913 3.469401419843488e-7
7914 3.469401419843488e-7
7915 3.469401419843488e-7
7916 3.469401419843488e-7
7917 3.471788659599569e-7
7918 3.471788659599569e-7
7919 3.471788659599569e-7
7920 3.471788659599569e-7
7921 3.471788659599569e-7
7922 3.471788659599569e-7
7923 3.471788659599569e-7
7924 3.475073120468705e-7
7925 3.475073120468705e-7
7926 3.475073120468705e-7
7927 3.475073120468705e-7
7928 3.475073120468705e-7
7929 3.475073120468705e-7
7930 3.475073120468705e-7
7931 3.475073120468705e-7
7932 3.475073120468705e-7
7933 3.475073120468705e-7
7934 3.475073120468705e-7
7935 3.4799277137018233e-7
7936 3.4799277137018233e-7
7937 3.4817381750050325e-7
7938 3.4817381750050325e-7
7939 3.4817381750050325e-7
7940 3.4817381750050325e-7
7941 3.4817381750050325e-7
7942 3.4817381750050325e-7
7943 3.4817381750050325e-7
7944 3.4817381750050325e-7
7945 3.4817381750050325e-7
7946 3.4817381750050325e-7
7947 3.483532611119323e-7
7948 3.483532611119323e-7
7949 3.483532611119323e-7
7950 3.483532611119323e-7
7951 3.483532611119323e-7
7952 3.483532611119323e-7
7953 3.4864165217191406e-7
7954 3.4864165217191406e-7
7955 3.4864165217191406e-7
7956 3.4864165217191406e-7
7957 3.4864165217191406e-7
7958 3.4864165217191406e-7
7959 3.4864165217191406e-7
7960 3.4864165217191406e-7
7961 3.4864165217191406e-7
7962 3.4864165217191406e-7
7963 3.4864165217191406e-7
7964 3.4864165217191406e-7
7965 3.4864165217191406e-7
7966 3.4864165217191406e-7
7967 3.4864165217191406e-7
7968 3.4987052196493864e-7
7969 3.4987052196493864e-7
7970 3.4987052196493864e-7
7971 3.4987052196493864e-7
7972 3.4987052196493864e-7
7973 3.4987052196493864e-7
7974 3.4987052196493864e-7
7975 3.4987052196493864e-7
7976 3.4987052196493864e-7
7977 3.4987052196493864e-7
7978 3.4987052196493864e-7
7979 3.4987052196493864e-7
7980 3.4987052196493864e-7
7981 3.4987052196493864e-7
7982 3.4987052196493864e-7
7983 3.4987052196493864e-7
7984 3.4987052196493864e-7
7985 3.4987052196493864e-7
7986 3.4987052196493864e-7
7987 3.4987052196493864e-7
7988 3.4987052196493864e-7
7989 3.4987052196493864e-7
7990 3.4987052196493864e-7
7991 3.4987052196493864e-7
7992 3.4987052196493864e-7
7993 3.502454313208059e-7
7994 3.502454313208059e-7
7995 3.502454313208059e-7
7996 3.502454313208059e-7
7997 3.502454313208059e-7
7998 3.502454313208059e-7
7999 3.502454313208059e-7
8000 3.502454313208059e-7
8001 3.502454313208059e-7
8002 3.502454313208059e-7
8003 3.502454313208059e-7
8004 3.502454313208059e-7
8005 3.502454313208059e-7
8006 3.502454313208059e-7
8007 3.502454313208059e-7
8008 3.5070846026908677e-7
8009 3.5070846026908677e-7
8010 3.5070846026908677e-7
8011 3.5070846026908677e-7
8012 3.5070846026908677e-7
8013 3.5070846026908677e-7
8014 3.5070846026908677e-7
8015 3.5070846026908677e-7
8016 3.5070846026908677e-7
8017 3.5117629616286136e-7
8018 3.5117629616286136e-7
8019 3.5117629616286136e-7
8020 3.5117629616286136e-7
8021 3.5117629616286136e-7
8022 3.5117629616286136e-7
8023 3.5117629616286136e-7
8024 3.5117629616286136e-7
8025 3.5117629616286136e-7
8026 3.5117629616286136e-7
8027 3.5117629616286136e-7
8028 3.5143905303239227e-7
8029 3.5143905303239227e-7
8030 3.5143905303239227e-7
8031 3.5143905303239227e-7
8032 3.5143905303239227e-7
8033 3.517755098802195e-7
8034 3.517755098802195e-7
8035 3.517755098802195e-7
8036 3.517755098802195e-7
8037 3.517755098802195e-7
8038 3.517755098802195e-7
8039 3.517755098802195e-7
8040 3.517755098802195e-7
8041 3.517755098802195e-7
8042 3.517755098802195e-7
8043 3.517755098802195e-7
8044 3.517755098802195e-7
8045 3.517755098802195e-7
8046 3.517755098802195e-7
8047 3.517755098802195e-7
8048 3.517755098802195e-7
8049 3.517755098802195e-7
8050 3.517755098802195e-7
8051 3.517755098802195e-7
8052 3.5347381686354673e-7
8053 3.5347381686354673e-7
8054 3.5347381686354673e-7
8055 3.5347381686354673e-7
8056 3.5398971793398494e-7
8057 3.5398971793398494e-7
8058 3.5469948161878763e-7
8059 3.5469948161878763e-7
8060 3.5469948161878763e-7
8061 3.5469948161878763e-7
8062 3.5469948161878763e-7
8063 3.5469948161878763e-7
8064 3.5469948161878763e-7
8065 3.5469948161878763e-7
8066 3.548981517898277e-7
8067 3.548981517898277e-7
8068 3.548981517898277e-7
8069 3.548981517898277e-7
8070 3.548981517898277e-7
8071 3.552778674800067e-7
8072 3.552778674800067e-7
8073 3.552778674800067e-7
8074 3.552778674800067e-7
8075 3.552778674800067e-7
8076 3.552778674800067e-7
8077 3.552778674800067e-7
8078 3.552778674800067e-7
8079 3.552778674800067e-7
8080 3.552778674800067e-7
8081 3.552778674800067e-7
8082 3.552778674800067e-7
8083 3.552778674800067e-7
8084 3.552778674800067e-7
8085 3.552778674800067e-7
8086 3.552778674800067e-7
8087 3.552778674800067e-7
8088 3.552778674800067e-7
8089 3.5583382296619494e-7
8090 3.5583382296619494e-7
8091 3.5583382296619494e-7
8092 3.5583382296619494e-7
8093 3.5583382296619494e-7
8094 3.5583382296619494e-7
8095 3.5583382296619494e-7
8096 3.5583382296619494e-7
8097 3.5583382296619494e-7
8098 3.5583382296619494e-7
8099 3.5583382296619494e-7
8100 3.5583382296619494e-7
8101 3.5583382296619494e-7
8102 3.5583382296619494e-7
8103 3.5583382296619494e-7
8104 3.5583382296619494e-7
8105 3.5583382296619494e-7
8106 3.5583382296619494e-7
8107 3.5583382296619494e-7
8108 3.5583382296619494e-7
8109 3.5583382296619494e-7
8110 3.5583382296619494e-7
8111 3.5583382296619494e-7
8112 3.5583382296619494e-7
8113 3.5583382296619494e-7
8114 3.5583382296619494e-7
8115 3.5583382296619494e-7
8116 3.5583382296619494e-7
8117 3.5583382296619494e-7
8118 3.5583382296619494e-7
8119 3.5583382296619494e-7
8120 3.5583382296619494e-7
8121 3.5583382296619494e-7
8122 3.5583382296619494e-7
8123 3.5583382296619494e-7
8124 3.5583382296619494e-7
8125 3.5583382296619494e-7
8126 3.5583382296619494e-7
8127 3.5583382296619494e-7
8128 3.5583382296619494e-7
8129 3.5583382296619494e-7
8130 3.5583382296619494e-7
8131 3.5583382296619494e-7
8132 3.5583382296619494e-7
8133 3.5583382296619494e-7
8134 3.5583382296619494e-7
8135 3.5583382296619494e-7
8136 3.5583382296619494e-7
8137 3.5583382296619494e-7
8138 3.5583382296619494e-7
8139 3.5583382296619494e-7
8140 3.5613663425147585e-7
8141 3.5613663425147585e-7
8142 3.5613663425147585e-7
8143 3.5613663425147585e-7
8144 3.5613663425147585e-7
8145 3.5613663425147585e-7
8146 3.5613663425147585e-7
8147 3.5613663425147585e-7
8148 3.5613663425147585e-7
8149 3.5613663425147585e-7
8150 3.5613663425147585e-7
8151 3.5613663425147585e-7
8152 3.5613663425147585e-7
8153 3.5613663425147585e-7
8154 3.5613663425147585e-7
8155 3.5613663425147585e-7
8156 3.5613663425147585e-7
8157 3.5613663425147585e-7
8158 3.5613663425147585e-7
8159 3.5613663425147585e-7
8160 3.5613663425147585e-7
8161 3.5613663425147585e-7
8162 3.5613663425147585e-7
8163 3.5613663425147585e-7
8164 3.5613663425147585e-7
8165 3.5613663425147585e-7
8166 3.5613663425147585e-7
8167 3.5613663425147585e-7
8168 3.5613663425147585e-7
8169 3.5613663425147585e-7
8170 3.5613663425147585e-7
8171 3.5613663425147585e-7
8172 3.5613663425147585e-7
8173 3.564778980447968e-7
8174 3.564778980447968e-7
8175 3.564778980447968e-7
8176 3.564778980447968e-7
8177 3.564778980447968e-7
8178 3.564778980447968e-7
8179 3.573943426615531e-7
8180 3.573943426615531e-7
8181 3.573943426615531e-7
8182 3.573943426615531e-7
8183 3.573943426615531e-7
8184 3.573943426615531e-7
8185 3.573943426615531e-7
8186 3.573943426615531e-7
8187 3.573943426615531e-7
8188 3.5792466334610856e-7
8189 3.5792466334610856e-7
8190 3.5792466334610856e-7
8191 3.5792466334610856e-7
8192 3.5792466334610856e-7
8193 3.5792466334610856e-7
8194 3.5792466334610856e-7
8195 3.5792466334610856e-7
8196 3.5803200888695124e-7
8197 3.5803200888695124e-7
8198 3.5803200888695124e-7
8199 3.5803200888695124e-7
8200 3.5803200888695124e-7
8201 3.5803200888695124e-7
8202 3.5803200888695124e-7
8203 3.5803200888695124e-7
8204 3.5803200888695124e-7
8205 3.5803200888695124e-7
8206 3.5803200888695124e-7
8207 3.5803200888695124e-7
8208 3.5803200888695124e-7
8209 3.5803200888695124e-7
8210 3.5803200888695124e-7
8211 3.5849023088973846e-7
8212 3.5849023088973846e-7
8213 3.5849023088973846e-7
8214 3.5849023088973846e-7
8215 3.5940667611767667e-7
8216 3.5940667611767667e-7
8217 3.5940667611767667e-7
8218 3.5940667611767667e-7
8219 3.5940667611767667e-7
8220 3.5940667611767667e-7
8221 3.5940667611767667e-7
8222 3.5940667611767667e-7
8223 3.5940667611767667e-7
8224 3.59882522161183e-7
8225 3.59882522161183e-7
8226 3.60202957487183e-7
8227 3.60202957487183e-7
8228 3.60202957487183e-7
8229 3.60202957487183e-7
8230 3.60202957487183e-7
8231 3.6138055767694215e-7
8232 3.6138055767694215e-7
8233 3.6138055767694215e-7
8234 3.6209192449181854e-7
8235 3.6209192449181854e-7
8236 3.6209192449181854e-7
8237 3.6209192449181854e-7
8238 3.623210351876212e-7
8239 3.623210351876212e-7
8240 3.623210351876212e-7
8241 3.623210351876212e-7
8242 3.623210351876212e-7
8243 3.623210351876212e-7
8244 3.623210351876212e-7
8245 3.623210351876212e-7
8246 3.623210351876212e-7
8247 3.623210351876212e-7
8248 3.623210351876212e-7
8249 3.623210351876212e-7
8250 3.632743310158895e-7
8251 3.632743310158895e-7
8252 3.6398569783076587e-7
8253 3.6398569783076587e-7
8254 3.6398569783076587e-7
8255 3.6398569783076587e-7
8256 3.6398569783076587e-7
8257 3.6398569783076587e-7
8258 3.6398569783076587e-7
8259 3.6398569783076587e-7
8260 3.6398569783076587e-7
8261 3.6398569783076587e-7
8262 3.6398569783076587e-7
8263 3.6398569783076587e-7
8264 3.6457850269492035e-7
8265 3.6457850269492035e-7
8266 3.654693131212258e-7
8267 3.654693131212258e-7
8268 3.654693131212258e-7
8269 3.654693131212258e-7
8270 3.654693131212258e-7
8271 3.654693131212258e-7
8272 3.654693131212258e-7
8273 3.654693131212258e-7
8274 3.654693131212258e-7
8275 3.654693131212258e-7
8276 3.654693131212258e-7
8277 3.654693131212258e-7
8278 3.654693131212258e-7
8279 3.654693131212258e-7
8280 3.654693131212258e-7
8281 3.654693131212258e-7
8282 3.654693131212258e-7
8283 3.654693131212258e-7
8284 3.654693131212258e-7
8285 3.654693131212258e-7
8286 3.6584902881140487e-7
8287 3.6584902881140487e-7
8288 3.6584902881140487e-7
8289 3.6584902881140487e-7
8290 3.6584902881140487e-7
8291 3.6584902881140487e-7
8292 3.6584902881140487e-7
8293 3.6632647676262114e-7
8294 3.6632647676262114e-7
8295 3.6669337535757477e-7
8296 3.6669337535757477e-7
8297 3.6669337535757477e-7
8298 3.6669337535757477e-7
8299 3.673374504361766e-7
8300 3.673374504361766e-7
8301 3.673374504361766e-7
8302 3.673374504361766e-7
8303 3.673374504361766e-7
8304 3.673374504361766e-7
8305 3.673374504361766e-7
8306 3.673374504361766e-7
8307 3.673374504361766e-7
8308 3.673374504361766e-7
8309 3.673374504361766e-7
8310 3.673374504361766e-7
8311 3.673374504361766e-7
8312 3.673374504361766e-7
8313 3.673374504361766e-7
8314 3.673374504361766e-7
8315 3.673374504361766e-7
8316 3.673374504361766e-7
8317 3.673374504361766e-7
8318 3.673374504361766e-7
8319 3.673374504361766e-7
8320 3.673374504361766e-7
8321 3.673374504361766e-7
8322 3.673374504361766e-7
8323 3.673374504361766e-7
8324 3.673374504361766e-7
8325 3.673374504361766e-7
8326 3.673374504361766e-7
8327 3.673374504361766e-7
8328 3.673374504361766e-7
8329 3.673374504361766e-7
8330 3.689636593489175e-7
8331 3.689636593489175e-7
8332 3.689636593489175e-7
8333 3.689636593489175e-7
8334 3.689636593489175e-7
8335 3.689636593489175e-7
8336 3.689636593489175e-7
8337 3.689636593489175e-7
8338 3.689636593489175e-7
8339 3.689636593489175e-7
8340 3.689636593489175e-7
8341 3.689636593489175e-7
8342 3.689636593489175e-7
8343 3.689636593489175e-7
8344 3.689636593489175e-7
8345 3.689636593489175e-7
8346 3.689636593489175e-7
8347 3.689636593489175e-7
8348 3.689636593489175e-7
8349 3.689636593489175e-7
8350 3.689636593489175e-7
8351 3.689636593489175e-7
8352 3.689636593489175e-7
8353 3.689636593489175e-7
8354 3.689636593489175e-7
8355 3.689636593489175e-7
8356 3.689636593489175e-7
8357 3.689636593489175e-7
8358 3.689636593489175e-7
8359 3.689636593489175e-7
8360 3.689636593489175e-7
8361 3.690838219849856e-7
8362 3.690838219849856e-7
8363 3.6933215862921735e-7
8364 3.6933215862921735e-7
8365 3.6933215862921735e-7
8366 3.6984004832756e-7
8367 3.6984004832756e-7
8368 3.700371159797082e-7
8369 3.700371159797082e-7
8370 3.700371159797082e-7
8371 3.709791953980972e-7
8372 3.709791953980972e-7
8373 3.709791953980972e-7
8374 3.709791953980972e-7
8375 3.709791953980972e-7
8376 3.7149830089513726e-7
8377 3.7149830089513726e-7
8378 3.7149830089513726e-7
8379 3.7149830089513726e-7
8380 3.7149830089513726e-7
8381 3.7149830089513726e-7
8382 3.7149830089513726e-7
8383 3.7149830089513726e-7
8384 3.7149830089513726e-7
8385 3.7149830089513726e-7
8386 3.7149830089513726e-7
8387 3.719629329734919e-7
8388 3.719629329734919e-7
8389 3.719629329734919e-7
8390 3.719629329734919e-7
8391 3.719629329734919e-7
8392 3.719629329734919e-7
8393 3.719629329734919e-7
8394 3.719629329734919e-7
8395 3.719629329734919e-7
8396 3.719629329734919e-7
8397 3.719629329734919e-7
8398 3.719629329734919e-7
8399 3.719629329734919e-7
8400 3.719629329734919e-7
8401 3.719629329734919e-7
8402 3.719629329734919e-7
8403 3.719629329734919e-7
8404 3.719629329734919e-7
8405 3.719629329734919e-7
8406 3.719629329734919e-7
8407 3.719629329734919e-7
8408 3.719629329734919e-7
8409 3.719629329734919e-7
8410 3.719629329734919e-7
8411 3.719629329734919e-7
8412 3.719629329734919e-7
8413 3.719629329734919e-7
8414 3.719629329734919e-7
8415 3.719629329734919e-7
8416 3.7228016387289006e-7
8417 3.7228016387289006e-7
8418 3.7228016387289006e-7
8419 3.7228016387289006e-7
8420 3.7228016387289006e-7
8421 3.7228016387289006e-7
8422 3.7228016387289006e-7
8423 3.7228016387289006e-7
8424 3.7228016387289006e-7
8425 3.7228016387289006e-7
8426 3.728040757042419e-7
8427 3.728040757042419e-7
8428 3.728040757042419e-7
8429 3.728040757042419e-7
8430 3.728040757042419e-7
8431 3.728040757042419e-7
8432 3.728040757042419e-7
8433 3.728040757042419e-7
8434 3.728040757042419e-7
8435 3.728040757042419e-7
8436 3.728040757042419e-7
8437 3.728040757042419e-7
8438 3.728040757042419e-7
8439 3.728040757042419e-7
8440 3.728040757042419e-7
8441 3.728040757042419e-7
8442 3.728040757042419e-7
8443 3.728040757042419e-7
8444 3.728040757042419e-7
8445 3.728040757042419e-7
8446 3.728040757042419e-7
8447 3.728040757042419e-7
8448 3.728040757042419e-7
8449 3.728040757042419e-7
8450 3.728040757042419e-7
8451 3.728040757042419e-7
8452 3.728040757042419e-7
8453 3.728040757042419e-7
8454 3.728040757042419e-7
8455 3.728040757042419e-7
8456 3.728040757042419e-7
8457 3.728040757042419e-7
8458 3.728040757042419e-7
8459 3.728040757042419e-7
8460 3.728040757042419e-7
8461 3.728040757042419e-7
8462 3.728040757042419e-7
8463 3.728040757042419e-7
8464 3.728040757042419e-7
8465 3.7345616154375736e-7
8466 3.7345616154375736e-7
8467 3.7345616154375736e-7
8468 3.7345616154375736e-7
8469 3.7345616154375736e-7
8470 3.7345616154375736e-7
8471 3.7345616154375736e-7
8472 3.7345616154375736e-7
8473 3.7345616154375736e-7
8474 3.7345616154375736e-7
8475 3.7345616154375736e-7
8476 3.7345616154375736e-7
8477 3.7345616154375736e-7
8478 3.7345616154375736e-7
8479 3.7345616154375736e-7
8480 3.7345616154375736e-7
8481 3.7345616154375736e-7
8482 3.7345616154375736e-7
8483 3.7345616154375736e-7
8484 3.7345616154375736e-7
8485 3.7382466204642097e-7
8486 3.7382466204642097e-7
8487 3.7382466204642097e-7
8488 3.7382466204642097e-7
8489 3.7382466204642097e-7
8490 3.7382466204642097e-7
8491 3.7382466204642097e-7
8492 3.7382466204642097e-7
8493 3.7382466204642097e-7
8494 3.7382466204642097e-7
8495 3.7382466204642097e-7
8496 3.7382466204642097e-7
8497 3.7382466204642097e-7
8498 3.7382466204642097e-7
8499 3.7427487389947643e-7
8500 3.7427487389947643e-7
8501 3.7427487389947643e-7
8502 3.7427487389947643e-7
8503 3.7427487389947643e-7
8504 3.7427487389947643e-7
8505 3.7427487389947643e-7
8506 3.7427487389947643e-7
8507 3.7427487389947643e-7
8508 3.7427487389947643e-7
8509 3.7427487389947643e-7
8510 3.7427487389947643e-7
8511 3.7427487389947643e-7
8512 3.7427487389947643e-7
8513 3.7427487389947643e-7
8514 3.753002665759673e-7
8515 3.753002665759673e-7
8516 3.753002665759673e-7
8517 3.753002665759673e-7
8518 3.753002665759673e-7
8519 3.753002665759673e-7
8520 3.753002665759673e-7
8521 3.753002665759673e-7
8522 3.753002665759673e-7
8523 3.753002665759673e-7
8524 3.753002665759673e-7
8525 3.753002665759673e-7
8526 3.753002665759673e-7
8527 3.753002665759673e-7
8528 3.753002665759673e-7
8529 3.753002665759673e-7
8530 3.753002665759673e-7
8531 3.753002665759673e-7
8532 3.753002665759673e-7
8533 3.753002665759673e-7
8534 3.753002665759673e-7
8535 3.7575688667104455e-7
8536 3.7575688667104455e-7
8537 3.761333985458037e-7
8538 3.761333985458037e-7
8539 3.761333985458037e-7
8540 3.761333985458037e-7
8541 3.761333985458037e-7
8542 3.761333985458037e-7
8543 3.761333985458037e-7
8544 3.761333985458037e-7
8545 3.761333985458037e-7
8546 3.761333985458037e-7
8547 3.761333985458037e-7
8548 3.761333985458037e-7
8549 3.761333985458037e-7
8550 3.761333985458037e-7
8551 3.761333985458037e-7
8552 3.761333985458037e-7
8553 3.761333985458037e-7
8554 3.761333985458037e-7
8555 3.761333985458037e-7
8556 3.771155329911246e-7
8557 3.771155329911246e-7
8558 3.771155329911246e-7
8559 3.771155329911246e-7
8560 3.771155329911246e-7
8561 3.771155329911246e-7
8562 3.771155329911246e-7
8563 3.771155329911246e-7
8564 3.771155329911246e-7
8565 3.771155329911246e-7
8566 3.771155329911246e-7
8567 3.771155329911246e-7
8568 3.771155329911246e-7
8569 3.771155329911246e-7
8570 3.771155329911246e-7
8571 3.7738149428725733e-7
8572 3.7738149428725733e-7
8573 3.7738149428725733e-7
8574 3.7873373175413375e-7
8575 3.7873373175413375e-7
8576 3.7873373175413375e-7
8577 3.7873373175413375e-7
8578 3.7873373175413375e-7
8579 3.7873373175413375e-7
8580 3.7873373175413375e-7
8581 3.7873373175413375e-7
8582 3.7873373175413375e-7
8583 3.796421656099764e-7
8584 3.796421656099764e-7
8585 3.796421656099764e-7
8586 3.796421656099764e-7
8587 3.796421656099764e-7
8588 3.796421656099764e-7
8589 3.796421656099764e-7
8590 3.796421656099764e-7
8591 3.796421656099764e-7
8592 3.796421656099764e-7
8593 3.796421656099764e-7
8594 3.796421656099764e-7
8595 3.796421656099764e-7
8596 3.796421656099764e-7
8597 3.796421656099764e-7
8598 3.796421656099764e-7
8599 3.796421656099764e-7
8600 3.796421656099764e-7
8601 3.8048170643301645e-7
8602 3.8048170643301645e-7
8603 3.8048170643301645e-7
8604 3.8048170643301645e-7
8605 3.8048170643301645e-7
8606 3.8048170643301645e-7
8607 3.8048170643301645e-7
8608 3.8048170643301645e-7
8609 3.8087584234849467e-7
8610 3.8087584234849467e-7
8611 3.8087584234849467e-7
8612 3.8087584234849467e-7
8613 3.8087584234849467e-7
8614 3.8087584234849467e-7
8615 3.8087584234849467e-7
8616 3.8087584234849467e-7
8617 3.8087584234849467e-7
8618 3.8087584234849467e-7
8619 3.8087584234849467e-7
8620 3.8087584234849467e-7
8621 3.8087584234849467e-7
8622 3.8087584234849467e-7
8623 3.8087584234849467e-7
8624 3.8087584234849467e-7
8625 3.8087584234849467e-7
8626 3.8087584234849467e-7
8627 3.8087584234849467e-7
8628 3.8087584234849467e-7
8629 3.8087584234849467e-7
8630 3.8087584234849467e-7
8631 3.8087584234849467e-7
8632 3.8087584234849467e-7
8633 3.8087584234849467e-7
8634 3.8087584234849467e-7
8635 3.8087584234849467e-7
8636 3.8087584234849467e-7
8637 3.8087584234849467e-7
8638 3.8087584234849467e-7
8639 3.8087584234849467e-7
8640 3.8087584234849467e-7
8641 3.8087584234849467e-7
8642 3.8087584234849467e-7
8643 3.8087584234849467e-7
8644 3.8087584234849467e-7
8645 3.8087584234849467e-7
8646 3.8087584234849467e-7
8647 3.8087584234849467e-7
8648 3.8087584234849467e-7
8649 3.8087584234849467e-7
8650 3.8087584234849467e-7
8651 3.8087584234849467e-7
8652 3.8087584234849467e-7
8653 3.8087584234849467e-7
8654 3.8087584234849467e-7
8655 3.8087584234849467e-7
8656 3.8087584234849467e-7
8657 3.8087584234849467e-7
8658 3.818083090982601e-7
8659 3.818083090982601e-7
8660 3.818083090982601e-7
8661 3.818083090982601e-7
8662 3.818083090982601e-7
8663 3.818083090982601e-7
8664 3.818083090982601e-7
8665 3.8266226892423554e-7
8666 3.8266226892423554e-7
8667 3.8266226892423554e-7
8668 3.8285292772318005e-7
8669 3.8285292772318005e-7
8670 3.8285292772318005e-7
8671 3.8285292772318005e-7
8672 3.8285292772318005e-7
8673 3.8285292772318005e-7
8674 3.8285292772318005e-7
8675 3.8285292772318005e-7
8676 3.8285292772318005e-7
8677 3.8285292772318005e-7
8678 3.8285292772318005e-7
8679 3.8285292772318005e-7
8680 3.8285292772318005e-7
8681 3.8285292772318005e-7
8682 3.8285292772318005e-7
8683 3.8285292772318005e-7
8684 3.8285292772318005e-7
8685 3.8285292772318005e-7
8686 3.8285292772318005e-7
8687 3.8285292772318005e-7
8688 3.8285292772318005e-7
8689 3.8285292772318005e-7
8690 3.8285292772318005e-7
8691 3.8285292772318005e-7
8692 3.8285292772318005e-7
8693 3.8285292772318005e-7
8694 3.832374503588528e-7
8695 3.832374503588528e-7
8696 3.832374503588528e-7
8697 3.832374503588528e-7
8698 3.832374503588528e-7
8699 3.832374503588528e-7
8700 3.832374503588528e-7
8701 3.832374503588528e-7
8702 3.8383826659510283e-7
8703 3.8383826659510283e-7
8704 3.8383826659510283e-7
8705 3.8383826659510283e-7
8706 3.8383826659510283e-7
8707 3.8383826659510283e-7
8708 3.8383826659510283e-7
8709 3.8383826659510283e-7
8710 3.8383826659510283e-7
8711 3.8383826659510283e-7
8712 3.8383826659510283e-7
8713 3.8383826659510283e-7
8714 3.8383826659510283e-7
8715 3.8396804251097644e-7
8716 3.8396804251097644e-7
8717 3.8441665245632193e-7
8718 3.8441665245632193e-7
8719 3.848316168391211e-7
8720 3.848316168391211e-7
8721 3.848316168391211e-7
8722 3.848316168391211e-7
8723 3.848316168391211e-7
8724 3.8534110966753754e-7
8725 3.8534110966753754e-7
8726 3.8534110966753754e-7
8727 3.8534110966753754e-7
8728 3.8608932586038025e-7
8729 3.8608932586038025e-7
8730 3.8608932586038025e-7
8731 3.8608932586038025e-7
8732 3.8608932586038025e-7
8733 3.8608932586038025e-7
8734 3.8608932586038025e-7
8735 3.8608932586038025e-7
8736 3.8673980979218574e-7
8737 3.8673980979218574e-7
8738 3.8673980979218574e-7
8739 3.8673980979218574e-7
8740 3.8673980979218574e-7
8741 3.8673980979218574e-7
8742 3.872717323844512e-7
8743 3.872717323844512e-7
8744 3.872717323844512e-7
8745 3.872717323844512e-7
8746 3.872717323844512e-7
8747 3.872717323844512e-7
8748 3.872717323844512e-7
8749 3.872717323844512e-7
8750 3.872717323844512e-7
8751 3.872717323844512e-7
8752 3.872717323844512e-7
8753 3.872717323844512e-7
8754 3.872717323844512e-7
8755 3.872717323844512e-7
8756 3.872717323844512e-7
8757 3.872717323844512e-7
8758 3.872717323844512e-7
8759 3.872717323844512e-7
8760 3.872717323844512e-7
8761 3.872717323844512e-7
8762 3.872717323844512e-7
8763 3.872717323844512e-7
8764 3.872717323844512e-7
8765 3.872717323844512e-7
8766 3.872717323844512e-7
8767 3.872717323844512e-7
8768 3.872717323844512e-7
8769 3.872717323844512e-7
8770 3.872717323844512e-7
8771 3.872717323844512e-7
8772 3.872717323844512e-7
8773 3.872717323844512e-7
8774 3.872717323844512e-7
8775 3.872717323844512e-7
8776 3.872717323844512e-7
8777 3.872717323844512e-7
8778 3.872717323844512e-7
8779 3.872717323844512e-7
8780 3.872717323844512e-7
8781 3.872717323844512e-7
8782 3.872717323844512e-7
8783 3.872717323844512e-7
8784 3.872717323844512e-7
8785 3.8823143645474123e-7
8786 3.8823143645474123e-7
8787 3.8823143645474123e-7
8788 3.8823143645474123e-7
8789 3.8823143645474123e-7
8790 3.8823143645474123e-7
8791 3.8823143645474123e-7
8792 3.8823143645474123e-7
8793 3.8823143645474123e-7
8794 3.8823143645474123e-7
8795 3.8823143645474123e-7
8796 3.886512071718522e-7
8797 3.886512071718522e-7
8798 3.886512071718522e-7
8799 3.8890435076157764e-7
8800 3.8890435076157764e-7
8801 3.8890435076157764e-7
8802 3.892936797315622e-7
8803 3.892936797315622e-7
8804 3.892936797315622e-7
8805 3.892936797315622e-7
8806 3.897519017343494e-7
8807 3.897519017343494e-7
8808 3.897519017343494e-7
8809 3.897519017343494e-7
8810 3.897519017343494e-7
8811 3.897519017343494e-7
8812 3.897519017343494e-7
8813 3.897519017343494e-7
8814 3.897519017343494e-7
8815 3.9015084398413944e-7
8816 3.9015084398413944e-7
8817 3.9015084398413944e-7
8818 3.9015084398413944e-7
8819 3.9015084398413944e-7
8820 3.907260260299386e-7
8821 3.907260260299386e-7
8822 3.907260260299386e-7
8823 3.907260260299386e-7
8824 3.907260260299386e-7
8825 3.907260260299386e-7
8826 3.907260260299386e-7
8827 3.907260260299386e-7
8828 3.907260260299386e-7
8829 3.907260260299386e-7
8830 3.9138131690723773e-7
8831 3.9138131690723773e-7
8832 3.9138131690723773e-7
8833 3.9138131690723773e-7
8834 3.914646307765214e-7
8835 3.914646307765214e-7
8836 3.914646307765214e-7
8837 3.914646307765214e-7
8838 3.914646307765214e-7
8839 3.914646307765214e-7
8840 3.914646307765214e-7
8841 3.914646307765214e-7
8842 3.914646307765214e-7
8843 3.914646307765214e-7
8844 3.914646307765214e-7
8845 3.914646307765214e-7
8846 3.9206064067845965e-7
8847 3.9206064067845965e-7
8848 3.9220643872734236e-7
8849 3.9220643872734236e-7
8850 3.9220643872734236e-7
8851 3.9220643872734236e-7
8852 3.928409005261387e-7
8853 3.928409005261387e-7
8854 3.928409005261387e-7
8855 3.928409005261387e-7
8856 3.928409005261387e-7
8857 3.928409005261387e-7
8858 3.928409005261387e-7
8859 3.9344331867009864e-7
8860 3.9344331867009864e-7
8861 3.9344331867009864e-7
8862 3.9344331867009864e-7
8863 3.9344331867009864e-7
8864 3.9344331867009864e-7
8865 3.9344331867009864e-7
8866 3.9344331867009864e-7
8867 3.9344331867009864e-7
8868 3.9344331867009864e-7
8869 3.9344331867009864e-7
8870 3.9344331867009864e-7
8871 3.9344331867009864e-7
8872 3.9344331867009864e-7
8873 3.9344331867009864e-7
8874 3.9344331867009864e-7
8875 3.9344331867009864e-7
8876 3.9344331867009864e-7
8877 3.9344331867009864e-7
8878 3.9344331867009864e-7
8879 3.9344331867009864e-7
8880 3.9344331867009864e-7
8881 3.9344331867009864e-7
8882 3.9344331867009864e-7
8883 3.9344331867009864e-7
8884 3.9344331867009864e-7
8885 3.9344331867009864e-7
8886 3.9344331867009864e-7
8887 3.9344331867009864e-7
8888 3.9344331867009864e-7
8889 3.9344331867009864e-7
8890 3.9344331867009864e-7
8891 3.9344331867009864e-7
8892 3.942812569742468e-7
8893 3.942812569742468e-7
8894 3.942812569742468e-7
8895 3.942812569742468e-7
8896 3.942812569742468e-7
8897 3.942812569742468e-7
8898 3.942812569742468e-7
8899 3.948211903274259e-7
8900 3.948211903274259e-7
8901 3.948211903274259e-7
8902 3.948211903274259e-7
8903 3.948211903274259e-7
8904 3.948211903274259e-7
8905 3.948211903274259e-7
8906 3.948211903274259e-7
8907 3.948211903274259e-7
8908 3.948211903274259e-7
8909 3.948211903274259e-7
8910 3.948211903274259e-7
8911 3.948211903274259e-7
8912 3.948211903274259e-7
8913 3.948211903274259e-7
8914 3.948211903274259e-7
8915 3.948211903274259e-7
8916 3.948211903274259e-7
8917 3.948211903274259e-7
8918 3.948211903274259e-7
8919 3.948211903274259e-7
8920 3.948211903274259e-7
8921 3.948211903274259e-7
8922 3.948211903274259e-7
8923 3.948211903274259e-7
8924 3.948211903274259e-7
8925 3.948211903274259e-7
8926 3.948211903274259e-7
8927 3.948211903274259e-7
8928 3.948211903274259e-7
8929 3.948211903274259e-7
8930 3.948211903274259e-7
8931 3.948211903274259e-7
8932 3.948211903274259e-7
8933 3.948211903274259e-7
8934 3.948211903274259e-7
8935 3.948211903274259e-7
8936 3.948211903274259e-7
8937 3.948211903274259e-7
8938 3.948211903274259e-7
8939 3.948211903274259e-7
8940 3.948211903274259e-7
8941 3.948211903274259e-7
8942 3.948211903274259e-7
8943 3.948211903274259e-7
8944 3.948211903274259e-7
8945 3.948211903274259e-7
8946 3.948211903274259e-7
8947 3.948211903274259e-7
8948 3.948211903274259e-7
8949 3.948211903274259e-7
8950 3.948211903274259e-7
8951 3.948211903274259e-7
8952 3.948211903274259e-7
8953 3.948211903274259e-7
8954 3.948211903274259e-7
8955 3.948211903274259e-7
8956 3.948211903274259e-7
8957 3.948211903274259e-7
8958 3.948211903274259e-7
8959 3.948211903274259e-7
8960 3.948211903274259e-7
8961 3.948211903274259e-7
8962 3.948211903274259e-7
8963 3.948211903274259e-7
8964 3.948211903274259e-7
8965 3.948211903274259e-7
8966 3.9502466683277774e-7
8967 3.9502466683277774e-7
8968 3.9502466683277774e-7
8969 3.954188021370741e-7
8970 3.954188021370741e-7
8971 3.954188021370741e-7
8972 3.954188021370741e-7
8973 3.954188021370741e-7
8974 3.954188021370741e-7
8975 3.954188021370741e-7
8976 3.954188021370741e-7
8977 3.954188021370741e-7
8978 3.954188021370741e-7
8979 3.954188021370741e-7
8980 3.955742128545804e-7
8981 3.955742128545804e-7
8982 3.955742128545804e-7
8983 3.955742128545804e-7
8984 3.955742128545804e-7
8985 3.955742128545804e-7
8986 3.955742128545804e-7
8987 3.955742128545804e-7
8988 3.955742128545804e-7
8989 3.955742128545804e-7
8990 3.955742128545804e-7
8991 3.955742128545804e-7
8992 3.955742128545804e-7
8993 3.955742128545804e-7
8994 3.955742128545804e-7
8995 3.955742128545804e-7
8996 3.9582094820228407e-7
8997 3.9582094820228407e-7
8998 3.9553736347661413e-7
8999 3.9553736347661413e-7
9000 3.9553736347661413e-7
9001 3.9553736347661413e-7
9002 3.9553736347661413e-7
9003 3.9553736347661413e-7
9004 3.9553736347661413e-7
9005 3.9553736347661413e-7
9006 3.9553736347661413e-7
9007 3.9553736347661413e-7
9008 3.9553736347661413e-7
9009 3.9553736347661413e-7
9010 3.9553736347661413e-7
9011 3.9553736347661413e-7
9012 3.9553736347661413e-7
9013 3.9553736347661413e-7
9014 3.9553736347661413e-7
9015 3.9553736347661413e-7
9016 3.9553736347661413e-7
9017 3.9553736347661413e-7
9018 3.9553736347661413e-7
9019 3.9553736347661413e-7
9020 3.9553736347661413e-7
9021 3.9553736347661413e-7
9022 3.9553736347661413e-7
9023 3.960244247076359e-7
9024 3.960244247076359e-7
9025 3.960244247076359e-7
9026 3.960244247076359e-7
9027 3.9664446750349686e-7
9028 3.9664446750349686e-7
9029 3.9664446750349686e-7
9030 3.975769342532623e-7
9031 3.975769342532623e-7
9032 3.975769342532623e-7
9033 3.975769342532623e-7
9034 3.975769342532623e-7
9035 3.975769342532623e-7
9036 3.975769342532623e-7
9037 3.977499696226696e-7
9038 3.977499696226696e-7
9039 3.977499696226696e-7
9040 3.977499696226696e-7
9041 3.977499696226696e-7
9042 3.977499696226696e-7
9043 3.9807200746756144e-7
9044 3.9807200746756144e-7
9045 3.9807200746756144e-7
9046 3.9807200746756144e-7
9047 3.9807200746756144e-7
9048 3.987593407773332e-7
9049 3.987593407773332e-7
9050 3.987593407773332e-7
9051 3.987593407773332e-7
9052 3.987593407773332e-7
9053 3.987593407773332e-7
9054 3.987593407773332e-7
9055 3.987593407773332e-7
9056 3.987593407773332e-7
9057 3.987593407773332e-7
9058 3.987593407773332e-7
9059 3.987593407773332e-7
9060 3.987593407773332e-7
9061 3.987593407773332e-7
9062 3.987593407773332e-7
9063 3.987593407773332e-7
9064 3.987593407773332e-7
9065 3.987593407773332e-7
9066 3.987593407773332e-7
9067 3.987593407773332e-7
9068 3.987593407773332e-7
9069 3.987593407773332e-7
9070 3.987593407773332e-7
9071 3.987593407773332e-7
9072 3.987593407773332e-7
9073 3.987593407773332e-7
9074 3.987593407773332e-7
9075 3.987593407773332e-7
9076 3.987593407773332e-7
9077 3.987593407773332e-7
9078 3.987593407773332e-7
9079 3.987593407773332e-7
9080 3.987593407773332e-7
9081 3.987593407773332e-7
9082 3.987593407773332e-7
9083 3.987593407773332e-7
9084 3.987593407773332e-7
9085 3.987593407773332e-7
9086 3.987593407773332e-7
9087 3.9896121476379314e-7
9088 3.9896121476379314e-7
9089 3.9896121476379314e-7
9090 3.9951396521219763e-7
9091 3.9951396521219763e-7
9092 3.9951396521219763e-7
9093 3.9951396521219763e-7
9094 3.9951396521219763e-7
9095 3.9951396521219763e-7
9096 3.9951396521219763e-7
9097 3.9951396521219763e-7
9098 3.9951396521219763e-7
9099 3.9951396521219763e-7
9100 3.9951396521219763e-7
9101 3.9951396521219763e-7
9102 3.9951396521219763e-7
9103 3.9951396521219763e-7
9104 3.9951396521219763e-7
9105 3.9951396521219763e-7
9106 3.9951396521219763e-7
9107 3.9951396521219763e-7
9108 3.9951396521219763e-7
9109 3.9951396521219763e-7
9110 3.9951396521219763e-7
9111 3.9951396521219763e-7
9112 3.9951396521219763e-7
9113 3.9951396521219763e-7
9114 3.9951396521219763e-7
9115 3.9951396521219763e-7
9116 3.9951396521219763e-7
9117 3.9951396521219763e-7
9118 3.9951396521219763e-7
9119 3.9951396521219763e-7
9120 3.9951396521219763e-7
9121 3.9951396521219763e-7
9122 3.9951396521219763e-7
9123 3.9951396521219763e-7
9124 3.9951396521219763e-7
9125 3.9951396521219763e-7
9126 3.9951396521219763e-7
9127 3.9951396521219763e-7
9128 3.9951396521219763e-7
9129 3.9951396521219763e-7
9130 4.0023814851111757e-7
9131 4.0023814851111757e-7
9132 4.0023814851111757e-7
9133 4.0023814851111757e-7
9134 4.0023814851111757e-7
9135 4.0023814851111757e-7
9136 4.0023814851111757e-7
9137 4.0023814851111757e-7
9138 4.0023814851111757e-7
9139 4.0050571232614214e-7
9140 4.0050571232614214e-7
9141 4.0050571232614214e-7
9142 4.0050571232614214e-7
9143 4.0050571232614214e-7
9144 4.0050571232614214e-7
9145 4.012138747144167e-7
9146 4.012138747144167e-7
9147 4.012138747144167e-7
9148 4.019829193745803e-7
9149 4.019829193745803e-7
9150 4.019829193745803e-7
9151 4.019829193745803e-7
9152 4.019829193745803e-7
9153 4.019829193745803e-7
9154 4.026990925237685e-7
9155 4.026990925237685e-7
9156 4.026990925237685e-7
9157 4.026990925237685e-7
9158 4.026990925237685e-7
9159 4.026990925237685e-7
9160 4.026990925237685e-7
9161 4.026990925237685e-7
9162 4.026990925237685e-7
9163 4.026990925237685e-7
9164 4.026990925237685e-7
9165 4.026990925237685e-7
9166 4.026990925237685e-7
9167 4.026990925237685e-7
9168 4.026990925237685e-7
9169 4.026990925237685e-7
9170 4.026990925237685e-7
9171 4.026990925237685e-7
9172 4.026990925237685e-7
9173 4.026990925237685e-7
9174 4.026990925237685e-7
9175 4.026990925237685e-7
9176 4.026990925237685e-7
9177 4.026990925237685e-7
9178 4.026990925237685e-7
9179 4.026990925237685e-7
9180 4.026990925237685e-7
9181 4.026990925237685e-7
9182 4.026990925237685e-7
9183 4.026990925237685e-7
9184 4.026990925237685e-7
9185 4.026990925237685e-7
9186 4.026990925237685e-7
9187 4.03612332713923e-7
9188 4.03612332713923e-7
9189 4.03612332713923e-7
9190 4.03612332713923e-7
9191 4.03612332713923e-7
9192 4.03612332713923e-7
9193 4.03612332713923e-7
9194 4.03612332713923e-7
9195 4.03612332713923e-7
9196 4.039279610944293e-7
9197 4.039279610944293e-7
9198 4.039279610944293e-7
9199 4.0466336080322846e-7
9200 4.0466336080322846e-7
9201 4.0466336080322846e-7
9202 4.0466336080322846e-7
9203 4.0466336080322846e-7
9204 4.0466336080322846e-7
9205 4.0466336080322846e-7
9206 4.0466336080322846e-7
9207 4.0466336080322846e-7
9208 4.0466336080322846e-7
9209 4.058217350445585e-7
9210 4.058217350445585e-7
9211 4.058217350445585e-7
9212 4.058217350445585e-7
9213 4.058217350445585e-7
9214 4.058217350445585e-7
9215 4.058217350445585e-7
9216 4.058217350445585e-7
9217 4.058217350445585e-7
9218 4.060620615390585e-7
9219 4.060620615390585e-7
9220 4.060620615390585e-7
9221 4.060620615390585e-7
9222 4.060620615390585e-7
9223 4.060620615390585e-7
9224 4.060620615390585e-7
9225 4.060620615390585e-7
9226 4.060620615390585e-7
9227 4.060620615390585e-7
9228 4.0673818027249666e-7
9229 4.0673818027249666e-7
9230 4.0673818027249666e-7
9231 4.0673818027249666e-7
9232 4.0673818027249666e-7
9233 4.0673818027249666e-7
9234 4.0673818027249666e-7
9235 4.0673818027249666e-7
9236 4.0673818027249666e-7
9237 4.0673818027249666e-7
9238 4.0673818027249666e-7
9239 4.0673818027249666e-7
9240 4.0673818027249666e-7
9241 4.0673818027249666e-7
9242 4.0673818027249666e-7
9243 4.0673818027249666e-7
9244 4.0673818027249666e-7
9245 4.0673818027249666e-7
9246 4.0673818027249666e-7
9247 4.0673818027249666e-7
9248 4.0673818027249666e-7
9249 4.0673818027249666e-7
9250 4.0673818027249666e-7
9251 4.0673818027249666e-7
9252 4.0673818027249666e-7
9253 4.0756490400031126e-7
9254 4.0756490400031126e-7
9255 4.077203153289995e-7
9256 4.077203153289995e-7
9257 4.077203153289995e-7
9258 4.0817212908976493e-7
9259 4.0817212908976493e-7
9260 4.0817212908976493e-7
9261 4.0817212908976493e-7
9262 4.0817212908976493e-7
9263 4.0817212908976493e-7
9264 4.0817212908976493e-7
9265 4.0817212908976493e-7
9266 4.0817212908976493e-7
9267 4.0817212908976493e-7
9268 4.0817212908976493e-7
9269 4.0817212908976493e-7
9270 4.0817212908976493e-7
9271 4.086944390134068e-7
9272 4.086944390134068e-7
9273 4.086944390134068e-7
9274 4.086944390134068e-7
9275 4.086944390134068e-7
9276 4.086944390134068e-7
9277 4.086944390134068e-7
9278 4.086944390134068e-7
9279 4.086944390134068e-7
9280 4.091558666651596e-7
9281 4.091558666651596e-7
9282 4.091558666651596e-7
9283 4.091558666651596e-7
9284 4.091558666651596e-7
9285 4.091558666651596e-7
9286 4.091558666651596e-7
9287 4.091558666651596e-7
9288 4.091558666651596e-7
9289 4.091558666651596e-7
9290 4.091558666651596e-7
9291 4.091558666651596e-7
9292 4.091558666651596e-7
9293 4.0952116335240325e-7
9294 4.0952116335240325e-7
9295 4.0952116335240325e-7
9296 4.0952116335240325e-7
9297 4.0952116335240325e-7
9298 4.0952116335240325e-7
9299 4.0976149045808515e-7
9300 4.0976149045808515e-7
9301 4.0976149045808515e-7
9302 4.0976149045808515e-7
9303 4.0976149045808515e-7
9304 4.0976149045808515e-7
9305 4.0976149045808515e-7
9306 4.0976149045808515e-7
9307 4.0976149045808515e-7
9308 4.0976149045808515e-7
9309 4.0976149045808515e-7
9310 4.0976149045808515e-7
9311 4.0976149045808515e-7
9312 4.0976149045808515e-7
9313 4.103206503708752e-7
9314 4.103206503708752e-7
9315 4.103206503708752e-7
9316 4.103206503708752e-7
9317 4.103206503708752e-7
9318 4.103206503708752e-7
9319 4.103206503708752e-7
9320 4.103206503708752e-7
9321 4.103206503708752e-7
9322 4.103206503708752e-7
9323 4.103206503708752e-7
9324 4.103206503708752e-7
9325 4.103206503708752e-7
9326 4.103206503708752e-7
9327 4.103206503708752e-7
9328 4.103206503708752e-7
9329 4.103206503708752e-7
9330 4.1115217982181973e-7
9331 4.1115217982181973e-7
9332 4.1115217982181973e-7
9333 4.1115217982181973e-7
9334 4.1115217982181973e-7
9335 4.1115217982181973e-7
9336 4.1115217982181973e-7
9337 4.1115217982181973e-7
9338 4.1115217982181973e-7
9339 4.1115217982181973e-7
9340 4.1115217982181973e-7
9341 4.1115217982181973e-7
9342 4.1115217982181973e-7
9343 4.1115217982181973e-7
9344 4.1115217982181973e-7
9345 4.1115217982181973e-7
9346 4.1115217982181973e-7
9347 4.1115217982181973e-7
9348 4.1115217982181973e-7
9349 4.1115217982181973e-7
9350 4.1115217982181973e-7
9351 4.1115217982181973e-7
9352 4.1115217982181973e-7
9353 4.1115217982181973e-7
9354 4.1115217982181973e-7
9355 4.1115217982181973e-7
9356 4.1115217982181973e-7
9357 4.1115217982181973e-7
9358 4.1115217982181973e-7
9359 4.1115217982181973e-7
9360 4.1115217982181973e-7
9361 4.1115217982181973e-7
9362 4.1115217982181973e-7
9363 4.1115217982181973e-7
9364 4.1115217982181973e-7
9365 4.1115217982181973e-7
9366 4.1146140057148614e-7
9367 4.1146140057148614e-7
9368 4.1146140057148614e-7
9369 4.1146140057148614e-7
9370 4.1146140057148614e-7
9371 4.1146140057148614e-7
9372 4.1146140057148614e-7
9373 4.1146140057148614e-7
9374 4.1146140057148614e-7
9375 4.1146140057148614e-7
9376 4.1146140057148614e-7
9377 4.1146140057148614e-7
9378 4.1146140057148614e-7
9379 4.1146140057148614e-7
9380 4.1146140057148614e-7
9381 4.1146140057148614e-7
9382 4.1199332377493346e-7
9383 4.1199332377493346e-7
9384 4.1199332377493346e-7
9385 4.1199332377493346e-7
9386 4.1199332377493346e-7
9387 4.1199332377493346e-7
9388 4.1199332377493346e-7
9389 4.122705002585816e-7
9390 4.122705002585816e-7
9391 4.122705002585816e-7
9392 4.1275275576647347e-7
9393 4.1275275576647347e-7
9394 4.1282004750274807e-7
9395 4.1282004750274807e-7
9396 4.1282004750274807e-7
9397 4.1282004750274807e-7
9398 4.1282004750274807e-7
9399 4.132334087554735e-7
9400 4.132334087554735e-7
9401 4.132334087554735e-7
9402 4.132334087554735e-7
9403 4.132334087554735e-7
9404 4.132334087554735e-7
9405 4.132334087554735e-7
9406 4.132334087554735e-7
9407 4.132334087554735e-7
9408 4.132334087554735e-7
9409 4.132334087554735e-7
9410 4.132334087554735e-7
9411 4.132334087554735e-7
9412 4.132334087554735e-7
9413 4.132334087554735e-7
9414 4.132334087554735e-7
9415 4.132334087554735e-7
9416 4.132334087554735e-7
9417 4.132334087554735e-7
9418 4.132334087554735e-7
9419 4.1387748383407533e-7
9420 4.1387748383407533e-7
9421 4.1387748383407533e-7
9422 4.1387748383407533e-7
9423 4.1387748383407533e-7
9424 4.1387748383407533e-7
9425 4.1387748383407533e-7
9426 4.1387748383407533e-7
9427 4.1387748383407533e-7
9428 4.1387748383407533e-7
9429 4.1387748383407533e-7
9430 4.1387748383407533e-7
9431 4.1387748383407533e-7
9432 4.1387748383407533e-7
9433 4.1387748383407533e-7
9434 4.1387748383407533e-7
9435 4.1387748383407533e-7
9436 4.1387748383407533e-7
9437 4.1387748383407533e-7
9438 4.1387748383407533e-7
9439 4.1387748383407533e-7
9440 4.1387748383407533e-7
9441 4.1387748383407533e-7
9442 4.1387748383407533e-7
9443 4.1387748383407533e-7
9444 4.1387748383407533e-7
9445 4.1387748383407533e-7
9446 4.1387748383407533e-7
9447 4.1387748383407533e-7
9448 4.1387748383407533e-7
9449 4.1387748383407533e-7
9450 4.1387748383407533e-7
9451 4.1387748383407533e-7
9452 4.1387748383407533e-7
9453 4.1387748383407533e-7
9454 4.1387748383407533e-7
9455 4.1387748383407533e-7
9456 4.1387748383407533e-7
9457 4.1387748383407533e-7
9458 4.1387748383407533e-7
9459 4.1387748383407533e-7
9460 4.1387748383407533e-7
9461 4.1387748383407533e-7
9462 4.1387748383407533e-7
9463 4.1387748383407533e-7
9464 4.1387748383407533e-7
9465 4.1387748383407533e-7
9466 4.1387748383407533e-7
9467 4.1387748383407533e-7
9468 4.1451354754058164e-7
9469 4.1451354754058164e-7
9470 4.1451354754058164e-7
9471 4.1451354754058164e-7
9472 4.1451354754058164e-7
9473 4.1451354754058164e-7
9474 4.1451354754058164e-7
9475 4.1451354754058164e-7
9476 4.1451354754058164e-7
9477 4.1451354754058164e-7
9478 4.1451354754058164e-7
9479 4.1451354754058164e-7
9480 4.1451354754058164e-7
9481 4.1451354754058164e-7
9482 4.151399979672825e-7
9483 4.151399979672825e-7
9484 4.151399979672825e-7
9485 4.155805965405325e-7
9486 4.155805965405325e-7
9487 4.155805965405325e-7
9488 4.155805965405325e-7
9489 4.155805965405325e-7
9490 4.155805965405325e-7
9491 4.155805965405325e-7
9492 4.155805965405325e-7
9493 4.155805965405325e-7
9494 4.155805965405325e-7
9495 4.155805965405325e-7
9496 4.155805965405325e-7
9497 4.1629997350514064e-7
9498 4.1629997350514064e-7
9499 4.1629997350514064e-7
9500 4.1629997350514064e-7
9501 4.1629997350514064e-7
9502 4.1629997350514064e-7
9503 4.1629997350514064e-7
9504 4.1629997350514064e-7
9505 4.1629997350514064e-7
9506 4.1629997350514064e-7
9507 4.1629997350514064e-7
9508 4.165483107605543e-7
9509 4.165483107605543e-7
9510 4.165483107605543e-7
9511 4.165483107605543e-7
9512 4.17376635784897e-7
9513 4.17376635784897e-7
9514 4.17376635784897e-7
9515 4.17376635784897e-7
9516 4.17376635784897e-7
9517 4.17376635784897e-7
9518 4.178268470267706e-7
9519 4.178268470267706e-7
9520 4.1813286273865334e-7
9521 4.1813286273865334e-7
9522 4.1813286273865334e-7
9523 4.1813286273865334e-7
9524 4.1813286273865334e-7
9525 4.1813286273865334e-7
9526 4.1813286273865334e-7
9527 4.1813286273865334e-7
9528 4.1813286273865334e-7
9529 4.1856865497759154e-7
9530 4.1856865497759154e-7
9531 4.1856865497759154e-7
9532 4.1856865497759154e-7
9533 4.1856865497759154e-7
9534 4.1856865497759154e-7
9535 4.1856865497759154e-7
9536 4.1856865497759154e-7
9537 4.1856865497759154e-7
9538 4.1856865497759154e-7
9539 4.1856865497759154e-7
9540 4.1856865497759154e-7
9541 4.1856865497759154e-7
9542 4.1856865497759154e-7
9543 4.1856865497759154e-7
9544 4.1856865497759154e-7
9545 4.1856865497759154e-7
9546 4.1856865497759154e-7
9547 4.1856865497759154e-7
9548 4.1856865497759154e-7
9549 4.1856865497759154e-7
9550 4.1856865497759154e-7
9551 4.1856865497759154e-7
9552 4.1856865497759154e-7
9553 4.1856865497759154e-7
9554 4.1856865497759154e-7
9555 4.1856865497759154e-7
9556 4.1856865497759154e-7
9557 4.1856865497759154e-7
9558 4.1856865497759154e-7
9559 4.1856865497759154e-7
9560 4.1856865497759154e-7
9561 4.1856865497759154e-7
9562 4.1856865497759154e-7
9563 4.1856865497759154e-7
9564 4.1856865497759154e-7
9565 4.1856865497759154e-7
9566 4.1856865497759154e-7
9567 4.1856865497759154e-7
9568 4.1856865497759154e-7
9569 4.1856865497759154e-7
9570 4.1856865497759154e-7
9571 4.1856865497759154e-7
9572 4.1856865497759154e-7
9573 4.1856865497759154e-7
9574 4.1856865497759154e-7
9575 4.1856865497759154e-7
9576 4.1856865497759154e-7
9577 4.1856865497759154e-7
9578 4.1856865497759154e-7
9579 4.1856865497759154e-7
9580 4.1856865497759154e-7
9581 4.1856865497759154e-7
9582 4.1856865497759154e-7
9583 4.1856865497759154e-7
9584 4.1856865497759154e-7
9585 4.1856865497759154e-7
9586 4.19419410988147e-7
9587 4.19419410988147e-7
9588 4.19419410988147e-7
9589 4.19419410988147e-7
9590 4.19419410988147e-7
9591 4.19419410988147e-7
9592 4.19419410988147e-7
9593 4.19419410988147e-7
9594 4.19419410988147e-7
9595 4.19419410988147e-7
9596 4.19419410988147e-7
9597 4.19419410988147e-7
9598 4.19419410988147e-7
9599 4.19419410988147e-7
9600 4.19419410988147e-7
9601 4.19419410988147e-7
9602 4.19419410988147e-7
9603 4.19419410988147e-7
9604 4.19419410988147e-7
9605 4.19419410988147e-7
9606 4.19419410988147e-7
9607 4.19419410988147e-7
9608 4.19419410988147e-7
9609 4.19419410988147e-7
9610 4.19419410988147e-7
9611 4.19419410988147e-7
9612 4.2079247631116246e-7
9613 4.2079247631116246e-7
9614 4.2079247631116246e-7
9615 4.2079247631116246e-7
9616 4.2079247631116246e-7
9617 4.2079247631116246e-7
9618 4.2079247631116246e-7
9619 4.2079247631116246e-7
9620 4.2079247631116246e-7
9621 4.2079247631116246e-7
9622 4.2079247631116246e-7
9623 4.2079247631116246e-7
9624 4.2079247631116246e-7
9625 4.2079247631116246e-7
9626 4.2079247631116246e-7
9627 4.2079247631116246e-7
9628 4.2079247631116246e-7
9629 4.2079247631116246e-7
9630 4.2079247631116246e-7
9631 4.2110490026506696e-7
9632 4.2110490026506696e-7
9633 4.2110490026506696e-7
9634 4.2110490026506696e-7
9635 4.2110490026506696e-7
9636 4.2110490026506696e-7
9637 4.2110490026506696e-7
9638 4.2110490026506696e-7
9639 4.2110490026506696e-7
9640 4.2110490026506696e-7
9641 4.2110490026506696e-7
9642 4.2110490026506696e-7
9643 4.2110490026506696e-7
9644 4.2110490026506696e-7
9645 4.2110490026506696e-7
9646 4.2110490026506696e-7
9647 4.2110490026506696e-7
9648 4.2110490026506696e-7
9649 4.2110490026506696e-7
9650 4.2110490026506696e-7
9651 4.213195925691161e-7
9652 4.213195925691161e-7
9653 4.213195925691161e-7
9654 4.213195925691161e-7
9655 4.213195925691161e-7
9656 4.213195925691161e-7
9657 4.213195925691161e-7
9658 4.213195925691161e-7
9659 4.213195925691161e-7
9660 4.213195925691161e-7
9661 4.213195925691161e-7
9662 4.2159356462616245e-7
9663 4.2159356462616245e-7
9664 4.2159356462616245e-7
9665 4.2159356462616245e-7
9666 4.2159356462616245e-7
9667 4.2159356462616245e-7
9668 4.2159356462616245e-7
9669 4.2159356462616245e-7
9670 4.2159356462616245e-7
9671 4.2159356462616245e-7
9672 4.2159356462616245e-7
9673 4.2159356462616245e-7
9674 4.2159356462616245e-7
9675 4.2159356462616245e-7
9676 4.2159356462616245e-7
9677 4.2159356462616245e-7
9678 4.2159356462616245e-7
9679 4.2159356462616245e-7
9680 4.2159356462616245e-7
9681 4.2159356462616245e-7
9682 4.2159356462616245e-7
9683 4.2159356462616245e-7
9684 4.2159356462616245e-7
9685 4.2159356462616245e-7
9686 4.2159356462616245e-7
9687 4.2159356462616245e-7
9688 4.2159356462616245e-7
9689 4.218210728030733e-7
9690 4.218210728030733e-7
9691 4.218210728030733e-7
9692 4.2199250565358874e-7
9693 4.2199250565358874e-7
9694 4.2199250565358874e-7
9695 4.2199250565358874e-7
9696 4.2199250565358874e-7
9697 4.2199250565358874e-7
9698 4.2210626004763507e-7
9699 4.2210626004763507e-7
9700 4.2210626004763507e-7
9701 4.2210626004763507e-7
9702 4.2210626004763507e-7
9703 4.2210626004763507e-7
9704 4.2210626004763507e-7
9705 4.2210626004763507e-7
9706 4.2210626004763507e-7
9707 4.2210626004763507e-7
9708 4.2210626004763507e-7
9709 4.2210626004763507e-7
9710 4.2210626004763507e-7
9711 4.2210626004763507e-7
9712 4.2210626004763507e-7
9713 4.2210626004763507e-7
9714 4.226814408710705e-7
9715 4.226814408710705e-7
9716 4.2304193061282047e-7
9717 4.2304193061282047e-7
9718 4.2304193061282047e-7
9719 4.2304193061282047e-7
9720 4.2304193061282047e-7
9721 4.2331269885444686e-7
9722 4.2331269885444686e-7
9723 4.2331269885444686e-7
9724 4.2331269885444686e-7
9725 4.2331269885444686e-7
9726 4.2331269885444686e-7
9727 4.2331269885444686e-7
9728 4.2331269885444686e-7
9729 4.2331269885444686e-7
9730 4.2331269885444686e-7
9731 4.2331269885444686e-7
9732 4.2331269885444686e-7
9733 4.2331269885444686e-7
9734 4.2331269885444686e-7
9735 4.2331269885444686e-7
9736 4.2331269885444686e-7
9737 4.2331269885444686e-7
9738 4.2331269885444686e-7
9739 4.2331269885444686e-7
9740 4.2331269885444686e-7
9741 4.2331269885444686e-7
9742 4.2331269885444686e-7
9743 4.2331269885444686e-7
9744 4.2331269885444686e-7
9745 4.2331269885444686e-7
9746 4.2331269885444686e-7
9747 4.2331269885444686e-7
9748 4.2331269885444686e-7
9749 4.2331269885444686e-7
9750 4.2331269885444686e-7
9751 4.2331269885444686e-7
9752 4.2331269885444686e-7
9753 4.2331269885444686e-7
9754 4.2331269885444686e-7
9755 4.2331269885444686e-7
9756 4.2331269885444686e-7
9757 4.2331269885444686e-7
9758 4.2331269885444686e-7
9759 4.2331269885444686e-7
9760 4.2331269885444686e-7
9761 4.2331269885444686e-7
9762 4.2331269885444686e-7
9763 4.2331269885444686e-7
9764 4.2331269885444686e-7
9765 4.2331269885444686e-7
9766 4.2331269885444686e-7
9767 4.2331269885444686e-7
9768 4.2331269885444686e-7
9769 4.245255465144623e-7
9770 4.245255465144623e-7
9771 4.245255465144623e-7
9772 4.245255465144623e-7
9773 4.245255465144623e-7
9774 4.245255465144623e-7
9775 4.251471912180332e-7
9776 4.251471912180332e-7
9777 4.251471912180332e-7
9778 4.251471912180332e-7
9779 4.251471912180332e-7
9780 4.251471912180332e-7
9781 4.251471912180332e-7
9782 4.251471912180332e-7
9783 4.251471912180332e-7
9784 4.251471912180332e-7
9785 4.251471912180332e-7
9786 4.251471912180332e-7
9787 4.251471912180332e-7
9788 4.262414781496905e-7
9789 4.262414781496905e-7
9790 4.262414781496905e-7
9791 4.262414781496905e-7
9792 4.262414781496905e-7
9793 4.262414781496905e-7
9794 4.262414781496905e-7
9795 4.262414781496905e-7
9796 4.262414781496905e-7
9797 4.262414781496905e-7
9798 4.262414781496905e-7
9799 4.262414781496905e-7
9800 4.262414781496905e-7
9801 4.262414781496905e-7
9802 4.262414781496905e-7
9803 4.262414781496905e-7
9804 4.262414781496905e-7
9805 4.262414781496905e-7
9806 4.262414781496905e-7
9807 4.2688074628279865e-7
9808 4.2688074628279865e-7
9809 4.2688074628279865e-7
9810 4.2688074628279865e-7
9811 4.2688074628279865e-7
9812 4.2688074628279865e-7
9813 4.2688074628279865e-7
9814 4.269672639675023e-7
9815 4.269672639675023e-7
9816 4.269672639675023e-7
9817 4.2740305681762237e-7
9818 4.2740305681762237e-7
9819 4.2740305681762237e-7
9820 4.2740305681762237e-7
9821 4.2740305681762237e-7
9822 4.2740305681762237e-7
9823 4.2740305681762237e-7
9824 4.2740305681762237e-7
9825 4.2740305681762237e-7
9826 4.2740305681762237e-7
9827 4.2740305681762237e-7
9828 4.2740305681762237e-7
9829 4.2740305681762237e-7
9830 4.2740305681762237e-7
9831 4.2740305681762237e-7
9832 4.2740305681762237e-7
9833 4.2740305681762237e-7
9834 4.2740305681762237e-7
9835 4.2740305681762237e-7
9836 4.2740305681762237e-7
9837 4.275712858527179e-7
9838 4.275712858527179e-7
9839 4.275712858527179e-7
9840 4.275712858527179e-7
9841 4.275712858527179e-7
9842 4.275712858527179e-7
9843 4.275712858527179e-7
9844 4.275712858527179e-7
9845 4.275712858527179e-7
9846 4.275712858527179e-7
9847 4.275712858527179e-7
9848 4.275712858527179e-7
9849 4.275712858527179e-7
9850 4.275712858527179e-7
9851 4.275712858527179e-7
9852 4.275712858527179e-7
9853 4.275712858527179e-7
9854 4.275712858527179e-7
9855 4.275712858527179e-7
9856 4.275712858527179e-7
9857 4.275712858527179e-7
9858 4.275712858527179e-7
9859 4.275712858527179e-7
9860 4.275712858527179e-7
9861 4.275712858527179e-7
9862 4.275712858527179e-7
9863 4.275712858527179e-7
9864 4.275712858527179e-7
9865 4.275712858527179e-7
9866 4.275712858527179e-7
9867 4.275712858527179e-7
9868 4.275712858527179e-7
9869 4.275712858527179e-7
9870 4.275712858527179e-7
9871 4.275712858527179e-7
9872 4.275712858527179e-7
9873 4.275712858527179e-7
9874 4.275712858527179e-7
9875 4.275712858527179e-7
9876 4.275712858527179e-7
9877 4.275712858527179e-7
9878 4.275712858527179e-7
9879 4.275712858527179e-7
9880 4.275712858527179e-7
9881 4.275712858527179e-7
9882 4.275712858527179e-7
9883 4.275712858527179e-7
9884 4.275712858527179e-7
9885 4.275712858527179e-7
9886 4.277395148878134e-7
9887 4.277395148878134e-7
9888 4.277395148878134e-7
9889 4.277395148878134e-7
9890 4.277395148878134e-7
9891 4.277395148878134e-7
9892 4.277395148878134e-7
9893 4.277395148878134e-7
9894 4.277395148878134e-7
9895 4.277395148878134e-7
9896 4.277395148878134e-7
9897 4.277395148878134e-7
9898 4.277395148878134e-7
9899 4.277395148878134e-7
9900 4.277395148878134e-7
9901 4.277395148878134e-7
9902 4.277395148878134e-7
9903 4.277395148878134e-7
9904 4.277395148878134e-7
9905 4.277395148878134e-7
9906 4.277395148878134e-7
9907 4.277395148878134e-7
9908 4.277395148878134e-7
9909 4.277395148878134e-7
9910 4.277395148878134e-7
9911 4.277395148878134e-7
9912 4.277395148878134e-7
9913 4.277395148878134e-7
9914 4.277395148878134e-7
9915 4.277395148878134e-7
9916 4.277395148878134e-7
9917 4.277395148878134e-7
9918 4.277395148878134e-7
9919 4.277395148878134e-7
9920 4.277395148878134e-7
9921 4.277395148878134e-7
9922 4.277395148878134e-7
9923 4.277395148878134e-7
9924 4.277395148878134e-7
9925 4.277395148878134e-7
9926 4.277395148878134e-7
9927 4.277395148878134e-7
9928 4.277395148878134e-7
9929 4.2839480515393066e-7
9930 4.2839480515393066e-7
9931 4.2839480515393066e-7
9932 4.2839480515393066e-7
9933 4.2839480515393066e-7
9934 4.2839480515393066e-7
9935 4.2839480515393066e-7
9936 4.2839480515393066e-7
9937 4.2839480515393066e-7
9938 4.2839480515393066e-7
9939 4.2839480515393066e-7
9940 4.2839480515393066e-7
9941 4.2839480515393066e-7
9942 4.2839480515393066e-7
9943 4.2839480515393066e-7
9944 4.2888507142273613e-7
9945 4.2888507142273613e-7
9946 4.2888507142273613e-7
9947 4.2888507142273613e-7
9948 4.2888507142273613e-7
9949 4.2888507142273613e-7
9950 4.2888507142273613e-7
9951 4.2888507142273613e-7
9952 4.2888507142273613e-7
9953 4.2888507142273613e-7
9954 4.2888507142273613e-7
9955 4.2888507142273613e-7
9956 4.2888507142273613e-7
9957 4.2888507142273613e-7
9958 4.2888507142273613e-7
9959 4.2888507142273613e-7
9960 4.2888507142273613e-7
9961 4.2888507142273613e-7
9962 4.2888507142273613e-7
9963 4.3083331818036886e-7
9964 4.3083331818036886e-7
9965 4.3083331818036886e-7
9966 4.3083331818036886e-7
9967 4.3083331818036886e-7
9968 4.3160716917484426e-7
9969 4.3160716917484426e-7
9970 4.3160716917484426e-7
9971 4.3160716917484426e-7
9972 4.3160716917484426e-7
9973 4.3160716917484426e-7
9974 4.3160716917484426e-7
9975 4.3160716917484426e-7
9976 4.3160716917484426e-7
9977 4.3160716917484426e-7
9978 4.3160716917484426e-7
9979 4.3160716917484426e-7
9980 4.3160716917484426e-7
9981 4.3160716917484426e-7
9982 4.3160716917484426e-7
9983 4.3160716917484426e-7
9984 4.3160716917484426e-7
9985 4.3160716917484426e-7
9986 4.3256527072624246e-7
9987 4.3256527072624246e-7
9988 4.3256527072624246e-7
9989 4.3256527072624246e-7
9990 4.3256527072624246e-7
9991 4.3274311242996156e-7
9992 4.3274311242996156e-7
9993 4.3274311242996156e-7
9994 4.3307796675889694e-7
9995 4.3307796675889694e-7
9996 4.3307796675889694e-7
9997 4.338357962315451e-7
9998 4.338357962315451e-7
9999 4.338357962315451e-7
10000 4.338357962315451e-7
10001 4.338357962315451e-7
