1 0
2 0
3 0
4 0
5 0
6 0
7 0
8 0
9 6.120314237654494e-10
10 6.120314237654494e-10
11 6.120314237654494e-10
12 6.120314237654494e-10
13 6.120314237654494e-10
14 6.120314237654494e-10
15 6.120314237654494e-10
16 6.120314237654494e-10
17 6.120314237654494e-10
18 6.120314237654494e-10
19 1.523669706209972e-9
20 1.523669706209972e-9
21 1.523669706209972e-9
22 1.523669706209972e-9
23 1.523669706209972e-9
24 1.523669706209972e-9
25 1.523669706209972e-9
26 1.523669706209972e-9
27 1.523669706209972e-9
28 1.523669706209972e-9
29 1.523669706209972e-9
30 1.523669706209972e-9
31 1.523669706209972e-9
32 1.523669706209972e-9
33 1.523669706209972e-9
34 1.523669706209972e-9
35 1.523669706209972e-9
36 1.523669706209972e-9
37 1.523669706209972e-9
38 1.523669706209972e-9
39 1.523669706209972e-9
40 1.523669706209972e-9
41 1.523669706209972e-9
42 1.523669706209972e-9
43 1.523669706209972e-9
44 1.523669706209972e-9
45 1.523669706209972e-9
46 1.523669706209972e-9
47 1.523669706209972e-9
48 1.523669706209972e-9
49 1.523669706209972e-9
50 1.523669706209972e-9
51 1.523669706209972e-9
52 1.523669706209972e-9
53 1.523669706209972e-9
54 1.523669706209972e-9
55 1.523669706209972e-9
56 1.523669706209972e-9
57 1.523669706209972e-9
58 1.523669706209972e-9
59 1.523669706209972e-9
60 1.523669706209972e-9
61 1.523669706209972e-9
62 1.523669706209972e-9
63 1.523669706209972e-9
64 1.523669706209972e-9
65 1.523669706209972e-9
66 1.523669706209972e-9
67 1.523669706209972e-9
68 1.523669706209972e-9
69 1.523669706209972e-9
70 1.523669706209972e-9
71 1.523669706209972e-9
72 1.523669706209972e-9
73 1.523669706209972e-9
74 1.523669706209972e-9
75 1.523669706209972e-9
76 1.523669706209972e-9
77 1.523669706209972e-9
78 1.523669706209972e-9
79 1.523669706209972e-9
80 1.523669706209972e-9
81 1.523669706209972e-9
82 1.523669706209972e-9
83 1.523669706209972e-9
84 1.523669706209972e-9
85 1.523669706209972e-9
86 1.523669706209972e-9
87 1.523669706209972e-9
88 1.523669706209972e-9
89 1.523669706209972e-9
90 1.523669706209972e-9
91 1.523669706209972e-9
92 1.523669706209972e-9
93 1.523669706209972e-9
94 1.523669706209972e-9
95 1.523669706209972e-9
96 1.523669706209972e-9
97 1.523669706209972e-9
98 1.523669706209972e-9
99 1.523669706209972e-9
100 1.523669706209972e-9
101 1.523669706209972e-9
102 1.523669706209972e-9
103 1.523669706209972e-9
104 1.523669706209972e-9
105 1.523669706209972e-9
106 1.523669706209972e-9
107 1.523669706209972e-9
108 1.523669706209972e-9
109 1.523669706209972e-9
110 1.523669706209972e-9
111 1.977085374685394e-9
112 1.977085374685394e-9
113 1.977085374685394e-9
114 1.977085374685394e-9
115 1.977085374685394e-9
116 1.977085374685394e-9
117 1.977085374685394e-9
118 1.977085374685394e-9
119 1.977085374685394e-9
120 1.977085374685394e-9
121 1.977085374685394e-9
122 2.303928942707164e-9
123 2.303928942707164e-9
124 2.303928942707164e-9
125 2.303928942707164e-9
126 2.303928942707164e-9
127 2.303928942707164e-9
128 2.303928942707164e-9
129 2.303928942707164e-9
130 2.303928942707164e-9
131 2.303928942707164e-9
132 2.303928942707164e-9
133 2.303928942707164e-9
134 2.303928942707164e-9
135 2.303928942707164e-9
136 2.303928942707164e-9
137 2.303928942707164e-9
138 2.303928942707164e-9
139 2.303928942707164e-9
140 2.303928942707164e-9
141 2.303928942707164e-9
142 2.303928942707164e-9
143 2.303928942707164e-9
144 2.303928942707164e-9
145 2.303928942707164e-9
146 2.303928942707164e-9
147 2.303928942707164e-9
148 2.303928942707164e-9
149 2.303928942707164e-9
150 2.303928942707164e-9
151 2.303928942707164e-9
152 2.303928942707164e-9
153 2.303928942707164e-9
154 2.303928942707164e-9
155 2.303928942707164e-9
156 2.303928942707164e-9
157 2.303928942707164e-9
158 2.303928942707164e-9
159 2.303928942707164e-9
160 2.303928942707164e-9
161 2.303928942707164e-9
162 2.303928942707164e-9
163 2.303928942707164e-9
164 2.303928942707164e-9
165 2.303928942707164e-9
166 2.303928942707164e-9
167 2.303928942707164e-9
168 2.303928942707164e-9
169 2.303928942707164e-9
170 2.303928942707164e-9
171 3.1819210514234575e-9
172 3.1819210514234575e-9
173 3.1819210514234575e-9
174 3.3741829804417145e-9
175 3.3741829804417145e-9
176 3.3741829804417145e-9
177 3.3741829804417145e-9
178 3.3741829804417145e-9
179 3.3741829804417145e-9
180 3.3741829804417145e-9
181 3.3741829804417145e-9
182 3.3741829804417145e-9
183 3.3741829804417145e-9
184 3.3741829804417145e-9
185 3.3741829804417145e-9
186 3.3741829804417145e-9
187 3.3741829804417145e-9
188 3.3741829804417145e-9
189 3.3741829804417145e-9
190 3.3741829804417145e-9
191 3.3741829804417145e-9
192 3.3741829804417145e-9
193 3.3741829804417145e-9
194 3.3741829804417145e-9
195 3.3741829804417145e-9
196 3.3741829804417145e-9
197 3.3741829804417145e-9
198 3.3741829804417145e-9
199 3.495947524219806e-9
200 3.495947524219806e-9
201 3.495947524219806e-9
202 3.495947524219806e-9
203 3.495947524219806e-9
204 3.495947524219806e-9
205 3.495947524219806e-9
206 3.495947524219806e-9
207 3.495947524219806e-9
208 3.495947524219806e-9
209 3.495947524219806e-9
210 3.495947524219806e-9
211 3.495947524219806e-9
212 3.495947524219806e-9
213 3.495947524219806e-9
214 3.495947524219806e-9
215 3.495947524219806e-9
216 3.495947524219806e-9
217 3.495947524219806e-9
218 3.495947524219806e-9
219 3.495947524219806e-9
220 3.495947524219806e-9
221 3.495947524219806e-9
222 3.495947524219806e-9
223 3.495947524219806e-9
224 3.495947524219806e-9
225 3.495947524219806e-9
226 3.495947524219806e-9
227 4.0631181979234575e-9
228 4.0631181979234575e-9
229 4.0631181979234575e-9
230 4.0631181979234575e-9
231 4.0631181979234575e-9
232 4.0631181979234575e-9
233 4.0631181979234575e-9
234 4.0631181979234575e-9
235 4.351510480268962e-9
236 4.351510480268962e-9
237 4.351510480268962e-9
238 4.351510480268962e-9
239 4.351510480268962e-9
240 4.351510480268962e-9
241 4.351510480268962e-9
242 4.351510480268962e-9
243 4.351510480268962e-9
244 4.351510480268962e-9
245 4.351510480268962e-9
246 4.351510480268962e-9
247 4.351510480268962e-9
248 4.351510480268962e-9
249 4.351510480268962e-9
250 4.351510480268962e-9
251 4.351510480268962e-9
252 4.351510480268962e-9
253 5.3672904881362375e-9
254 5.3672904881362375e-9
255 5.3672904881362375e-9
256 5.3672904881362375e-9
257 5.3672904881362375e-9
258 5.3672904881362375e-9
259 5.3672904881362375e-9
260 5.3672904881362375e-9
261 5.3672904881362375e-9
262 5.3672904881362375e-9
263 5.3672904881362375e-9
264 5.783855556281604e-9
265 5.783855556281604e-9
266 5.783855556281604e-9
267 5.783855556281604e-9
268 5.783855556281604e-9
269 5.783855556281604e-9
270 5.783855556281604e-9
271 5.783855556281604e-9
272 5.783855556281604e-9
273 5.783855556281604e-9
274 5.783855556281604e-9
275 5.783855556281604e-9
276 5.783855556281604e-9
277 5.783855556281604e-9
278 5.783855556281604e-9
279 5.783855556281604e-9
280 5.783855556281604e-9
281 5.783855556281604e-9
282 5.783855556281604e-9
283 5.783855556281604e-9
284 5.783855556281604e-9
285 5.783855556281604e-9
286 5.783855556281604e-9
287 5.783855556281604e-9
288 5.783855556281604e-9
289 5.783855556281604e-9
290 5.783855556281604e-9
291 5.783855556281604e-9
292 5.783855556281604e-9
293 5.783855556281604e-9
294 5.783855556281604e-9
295 7.0784139555070254e-9
296 7.0784139555070254e-9
297 7.0784139555070254e-9
298 7.64718653692065e-9
299 7.64718653692065e-9
300 7.64718653692065e-9
301 7.64718653692065e-9
302 7.64718653692065e-9
303 7.64718653692065e-9
304 7.64718653692065e-9
305 7.64718653692065e-9
306 7.64718653692065e-9
307 7.64718653692065e-9
308 7.64718653692065e-9
309 7.64718653692065e-9
310 7.64718653692065e-9
311 7.64718653692065e-9
312 7.64718653692065e-9
313 7.64718653692065e-9
314 7.64718653692065e-9
315 7.64718653692065e-9
316 7.64718653692065e-9
317 7.64718653692065e-9
318 7.64718653692065e-9
319 7.64718653692065e-9
320 7.64718653692065e-9
321 7.64718653692065e-9
322 7.64718653692065e-9
323 7.64718653692065e-9
324 8.654956395056181e-9
325 8.654956395056181e-9
326 9.079532835297053e-9
327 9.079532835297053e-9
328 9.079532835297053e-9
329 9.079532835297053e-9
330 9.079532835297053e-9
331 9.079532835297053e-9
332 9.079532835297053e-9
333 9.35190359581531e-9
334 9.35190359581531e-9
335 9.35190359581531e-9
336 9.35190359581531e-9
337 9.35190359581531e-9
338 9.35190359581531e-9
339 9.35190359581531e-9
340 9.35190359581531e-9
341 9.35190359581531e-9
342 9.35190359581531e-9
343 9.35190359581531e-9
344 9.837363530308989e-9
345 9.837363530308989e-9
346 1.0156196948599017e-8
347 1.0156196948599017e-8
348 1.0156196948599017e-8
349 1.0156196948599017e-8
350 1.0372490549176264e-8
351 1.0372490549176264e-8
352 1.0372490549176264e-8
353 1.0372490549176264e-8
354 1.0372490549176264e-8
355 1.0372490549176264e-8
356 1.0372490549176264e-8
357 1.0372490549176264e-8
358 1.0372490549176264e-8
359 1.0372490549176264e-8
360 1.0372490549176264e-8
361 1.0372490549176264e-8
362 1.0372490549176264e-8
363 1.0372490549176264e-8
364 1.0372490549176264e-8
365 1.1636607812457162e-8
366 1.1636607812457162e-8
367 1.1636607812457162e-8
368 1.1636607812457162e-8
369 1.1636607812457162e-8
370 1.1636607812457162e-8
371 1.1636607812457162e-8
372 1.2118862709167135e-8
373 1.2118862709167135e-8
374 1.2118862709167135e-8
375 1.2118862709167135e-8
376 1.2118862709167135e-8
377 1.2118862709167135e-8
378 1.2118862709167135e-8
379 1.2118862709167135e-8
380 1.2118862709167135e-8
381 1.2118862709167135e-8
382 1.2118862709167135e-8
383 1.2118862709167135e-8
384 1.2118862709167135e-8
385 1.2118862709167135e-8
386 1.2118862709167135e-8
387 1.2118862709167135e-8
388 1.2118862709167135e-8
389 1.2519406866667134e-8
390 1.2519406866667134e-8
391 1.2969618719722612e-8
392 1.2969618719722612e-8
393 1.2969618719722612e-8
394 1.3954956980463484e-8
395 1.3954956980463484e-8
396 1.3954956980463484e-8
397 1.3954956980463484e-8
398 1.3954956980463484e-8
399 1.4744830107948034e-8
400 1.4744830107948034e-8
401 1.4744830107948034e-8
402 1.4792895284611658e-8
403 1.4792895284611658e-8
404 1.4792895284611658e-8
405 1.4792895284611658e-8
406 1.4792895284611658e-8
407 1.4792895284611658e-8
408 1.4792895284611658e-8
409 1.4792895284611658e-8
410 1.4792895284611658e-8
411 1.4792895284611658e-8
412 1.4792895284611658e-8
413 1.4792895284611658e-8
414 1.4792895284611658e-8
415 1.4792895284611658e-8
416 1.4792895284611658e-8
417 1.4792895284611658e-8
418 1.4792895284611658e-8
419 1.4792895284611658e-8
420 1.4792895284611658e-8
421 1.4792895284611658e-8
422 1.4792895284611658e-8
423 1.4792895284611658e-8
424 1.4792895284611658e-8
425 1.4792895284611658e-8
426 1.4792895284611658e-8
427 1.4792895284611658e-8
428 1.4792895284611658e-8
429 1.4792895284611658e-8
430 1.4792895284611658e-8
431 1.4792895284611658e-8
432 1.4792895284611658e-8
433 1.4792895284611658e-8
434 1.4792895284611658e-8
435 1.4792895284611658e-8
436 1.4792895284611658e-8
437 1.4792895284611658e-8
438 1.4792895284611658e-8
439 1.4792895284611658e-8
440 1.5230290042441712e-8
441 1.5230290042441712e-8
442 1.5230290042441712e-8
443 1.5230290042441712e-8
444 1.5230290042441712e-8
445 1.5230290042441712e-8
446 1.5230290042441712e-8
447 1.5230290042441712e-8
448 1.5230290042441712e-8
449 1.5230290042441712e-8
450 1.5230290042441712e-8
451 1.5230290042441712e-8
452 1.570453417823806e-8
453 1.570453417823806e-8
454 1.7253838686080757e-8
455 1.7253838686080757e-8
456 1.7253838686080757e-8
457 1.7253838686080757e-8
458 1.7253838686080757e-8
459 1.7253838686080757e-8
460 1.7253838686080757e-8
461 1.7253838686080757e-8
462 1.7253838686080757e-8
463 1.7253838686080757e-8
464 1.7253838686080757e-8
465 1.7253838686080757e-8
466 1.7253838686080757e-8
467 1.7253838686080757e-8
468 1.7253838686080757e-8
469 1.7253838686080757e-8
470 1.7253838686080757e-8
471 1.7253838686080757e-8
472 1.7253838686080757e-8
473 1.7253838686080757e-8
474 1.7253838686080757e-8
475 1.7253838686080757e-8
476 1.7253838686080757e-8
477 1.7253838686080757e-8
478 1.7253838686080757e-8
479 1.7253838686080757e-8
480 1.7253838686080757e-8
481 1.7253838686080757e-8
482 1.7253838686080757e-8
483 1.7253838686080757e-8
484 1.7253838686080757e-8
485 1.7253838686080757e-8
486 1.7253838686080757e-8
487 1.7253838686080757e-8
488 1.7253838686080757e-8
489 1.7253838686080757e-8
490 1.7537423411750702e-8
491 1.7537423411750702e-8
492 1.7537423411750702e-8
493 1.7537423411750702e-8
494 1.7537423411750702e-8
495 1.7537423411750702e-8
496 1.7537423411750702e-8
497 1.7537423411750702e-8
498 1.76047145368434e-8
499 1.76047145368434e-8
500 1.76047145368434e-8
501 1.805813020531882e-8
502 1.805813020531882e-8
503 1.805813020531882e-8
504 1.805813020531882e-8
505 1.805813020531882e-8
506 1.805813020531882e-8
507 1.805813020531882e-8
508 1.805813020531882e-8
509 1.805813020531882e-8
510 1.805813020531882e-8
511 1.805813020531882e-8
512 1.805813020531882e-8
513 1.805813020531882e-8
514 1.805813020531882e-8
515 1.805813020531882e-8
516 1.8425028800272474e-8
517 1.8425028800272474e-8
518 1.8425028800272474e-8
519 1.8425028800272474e-8
520 1.8782314115420647e-8
521 1.8782314115420647e-8
522 1.8782314115420647e-8
523 1.8782314115420647e-8
524 1.8782314115420647e-8
525 1.8782314115420647e-8
526 1.8782314115420647e-8
527 1.8782314115420647e-8
528 1.8782314115420647e-8
529 1.8782314115420647e-8
530 1.8782314115420647e-8
531 1.8782314115420647e-8
532 1.9057888080176967e-8
533 1.9057888080176967e-8
534 1.9057888080176967e-8
535 1.9057888080176967e-8
536 1.9057888080176967e-8
537 1.9057888080176967e-8
538 1.9057888080176967e-8
539 1.9057888080176967e-8
540 1.9057888080176967e-8
541 1.9057888080176967e-8
542 1.9057888080176967e-8
543 1.9057888080176967e-8
544 1.9057888080176967e-8
545 1.9057888080176967e-8
546 1.9057888080176967e-8
547 1.9057888080176967e-8
548 1.9057888080176967e-8
549 1.9057888080176967e-8
550 1.9057888080176967e-8
551 1.9057888080176967e-8
552 1.9057888080176967e-8
553 1.9057888080176967e-8
554 1.9822126406028794e-8
555 1.9822126406028794e-8
556 1.9822126406028794e-8
557 2.015858325385604e-8
558 2.015858325385604e-8
559 2.015858325385604e-8
560 2.015858325385604e-8
561 2.0397307229464186e-8
562 2.0397307229464186e-8
563 2.0397307229464186e-8
564 2.0527083145337783e-8
565 2.0527083145337783e-8
566 2.0527083145337783e-8
567 2.0527083145337783e-8
568 2.0527083145337783e-8
569 2.117756707714326e-8
570 2.117756707714326e-8
571 2.117756707714326e-8
572 2.117756707714326e-8
573 2.1461151802813206e-8
574 2.1461151802813206e-8
575 2.1461151802813206e-8
576 2.1461151802813206e-8
577 2.1461151802813206e-8
578 2.1461151802813206e-8
579 2.1461151802813206e-8
580 2.1461151802813206e-8
581 2.1946611126125005e-8
582 2.1946611126125005e-8
583 2.1946611126125005e-8
584 2.1946611126125005e-8
585 2.2752505775436802e-8
586 2.2752505775436802e-8
587 2.2752505775436802e-8
588 2.2752505775436802e-8
589 2.2752505775436802e-8
590 2.2752505775436802e-8
591 2.3564809277952252e-8
592 2.3564809277952252e-8
593 2.563001485623315e-8
594 2.563001485623315e-8
595 2.563001485623315e-8
596 2.563001485623315e-8
597 2.563001485623315e-8
598 2.563001485623315e-8
599 2.563001485623315e-8
600 2.563001485623315e-8
601 2.563001485623315e-8
602 2.563001485623315e-8
603 2.563001485623315e-8
604 2.563001485623315e-8
605 2.563001485623315e-8
606 2.563001485623315e-8
607 2.563001485623315e-8
608 2.563001485623315e-8
609 2.563001485623315e-8
610 2.563001485623315e-8
611 2.6113871660653095e-8
612 2.6113871660653095e-8
613 2.6113871660653095e-8
614 2.6113871660653095e-8
615 2.6113871660653095e-8
616 2.666181638592767e-8
617 2.666181638592767e-8
618 2.666181638592767e-8
619 2.666181638592767e-8
620 2.666181638592767e-8
621 2.666181638592767e-8
622 2.666181638592767e-8
623 2.7011090940162223e-8
624 2.7011090940162223e-8
625 2.7011090940162223e-8
626 2.7011090940162223e-8
627 2.7011090940162223e-8
628 2.7011090940162223e-8
629 2.7011090940162223e-8
630 2.745489455119593e-8
631 2.745489455119593e-8
632 2.745489455119593e-8
633 2.745489455119593e-8
634 2.745489455119593e-8
635 2.745489455119593e-8
636 2.745489455119593e-8
637 2.836332901822051e-8
638 2.836332901822051e-8
639 2.836332901822051e-8
640 2.836332901822051e-8
641 2.836332901822051e-8
642 2.836332901822051e-8
643 2.836332901822051e-8
644 2.836332901822051e-8
645 2.836332901822051e-8
646 2.836332901822051e-8
647 2.836332901822051e-8
648 2.836332901822051e-8
649 2.836332901822051e-8
650 2.836332901822051e-8
651 2.836332901822051e-8
652 2.836332901822051e-8
653 2.836332901822051e-8
654 2.836332901822051e-8
655 2.836332901822051e-8
656 2.836332901822051e-8
657 2.836332901822051e-8
658 2.836332901822051e-8
659 2.836332901822051e-8
660 2.836332901822051e-8
661 2.836332901822051e-8
662 2.836332901822051e-8
663 2.836332901822051e-8
664 2.836332901822051e-8
665 2.836332901822051e-8
666 2.836332901822051e-8
667 2.836332901822051e-8
668 2.836332901822051e-8
669 2.836332901822051e-8
670 2.836332901822051e-8
671 2.8682162436510535e-8
672 2.8682162436510535e-8
673 2.8682162436510535e-8
674 2.8682162436510535e-8
675 2.8682162436510535e-8
676 2.8682162436510535e-8
677 2.8682162436510535e-8
678 2.8682162436510535e-8
679 2.8682162436510535e-8
680 2.8682162436510535e-8
681 2.8682162436510535e-8
682 2.8682162436510535e-8
683 2.8682162436510535e-8
684 2.8682162436510535e-8
685 2.8682162436510535e-8
686 2.8682162436510535e-8
687 2.8682162436510535e-8
688 2.8682162436510535e-8
689 2.8682162436510535e-8
690 2.8682162436510535e-8
691 2.8682162436510535e-8
692 2.8682162436510535e-8
693 2.8682162436510535e-8
694 2.8682162436510535e-8
695 2.8682162436510535e-8
696 2.8682162436510535e-8
697 2.8682162436510535e-8
698 2.8682162436510535e-8
699 2.8682162436510535e-8
700 2.8682162436510535e-8
701 2.8682162436510535e-8
702 2.8682162436510535e-8
703 2.9534520965957864e-8
704 2.9534520965957864e-8
705 2.9534520965957864e-8
706 2.9534520965957864e-8
707 2.9534520965957864e-8
708 3.032279096336868e-8
709 3.032279096336868e-8
710 3.032279096336868e-8
711 3.032279096336868e-8
712 3.032279096336868e-8
713 3.032279096336868e-8
714 3.032279096336868e-8
715 3.032279096336868e-8
716 3.032279096336868e-8
717 3.032279096336868e-8
718 3.073455030838413e-8
719 3.073455030838413e-8
720 3.073455030838413e-8
721 3.073455030838413e-8
722 3.073455030838413e-8
723 3.073455030838413e-8
724 3.073455030838413e-8
725 3.073455030838413e-8
726 3.073455030838413e-8
727 3.073455030838413e-8
728 3.073455030838413e-8
729 3.1054986245566006e-8
730 3.157088731600421e-8
731 3.157088731600421e-8
732 3.157088731600421e-8
733 3.157088731600421e-8
734 3.157088731600421e-8
735 3.157088731600421e-8
736 3.157088731600421e-8
737 3.209800296277598e-8
738 3.209800296277598e-8
739 3.209800296277598e-8
740 3.209800296277598e-8
741 3.2498547120275975e-8
742 3.2498547120275975e-8
743 3.2498547120275975e-8
744 3.254821420464957e-8
745 3.254821420464957e-8
746 3.254821420464957e-8
747 3.254821420464957e-8
748 3.254821420464957e-8
749 3.254821420464957e-8
750 3.254821420464957e-8
751 3.254821420464957e-8
752 3.254821420464957e-8
753 3.254821420464957e-8
754 3.254821420464957e-8
755 3.254821420464957e-8
756 3.254821420464957e-8
757 3.254821420464957e-8
758 3.254821420464957e-8
759 3.254821420464957e-8
760 3.254821420464957e-8
761 3.254821420464957e-8
762 3.254821420464957e-8
763 3.254821420464957e-8
764 3.3096158929924145e-8
765 3.3096158929924145e-8
766 3.340858349501052e-8
767 3.340858349501052e-8
768 3.340858349501052e-8
769 3.340858349501052e-8
770 3.340858349501052e-8
771 3.340858349501052e-8
772 3.340858349501052e-8
773 3.340858349501052e-8
774 3.340858349501052e-8
775 3.340858349501052e-8
776 3.340858349501052e-8
777 3.340858349501052e-8
778 3.340858349501052e-8
779 3.340858349501052e-8
780 3.340858349501052e-8
781 3.340858349501052e-8
782 3.340858349501052e-8
783 3.340858349501052e-8
784 3.340858349501052e-8
785 3.340858349501052e-8
786 3.340858349501052e-8
787 3.340858349501052e-8
788 3.340858349501052e-8
789 3.340858349501052e-8
790 3.340858349501052e-8
791 3.340858349501052e-8
792 3.340858349501052e-8
793 3.340858349501052e-8
794 3.3829955508649566e-8
795 3.3829955508649566e-8
796 3.452369767162499e-8
797 3.452369767162499e-8
798 3.452369767162499e-8
799 3.452369767162499e-8
800 3.452369767162499e-8
801 3.452369767162499e-8
802 3.452369767162499e-8
803 3.452369767162499e-8
804 3.452369767162499e-8
805 3.452369767162499e-8
806 3.452369767162499e-8
807 3.452369767162499e-8
808 3.452369767162499e-8
809 3.452369767162499e-8
810 3.452369767162499e-8
811 3.452369767162499e-8
812 3.452369767162499e-8
813 3.452369767162499e-8
814 3.452369767162499e-8
815 3.452369767162499e-8
816 3.452369767162499e-8
817 3.452369767162499e-8
818 3.452369767162499e-8
819 3.452369767162499e-8
820 3.452369767162499e-8
821 3.452369767162499e-8
822 3.452369767162499e-8
823 3.452369767162499e-8
824 3.452369767162499e-8
825 3.452369767162499e-8
826 3.452369767162499e-8
827 3.452369767162499e-8
828 3.452369767162499e-8
829 3.452369767162499e-8
830 3.452369767162499e-8
831 3.452369767162499e-8
832 3.452369767162499e-8
833 3.452369767162499e-8
834 3.452369767162499e-8
835 3.452369767162499e-8
836 3.452369767162499e-8
837 3.452369767162499e-8
838 3.452369767162499e-8
839 3.452369767162499e-8
840 3.452369767162499e-8
841 3.452369767162499e-8
842 3.452369767162499e-8
843 3.452369767162499e-8
844 3.452369767162499e-8
845 3.452369767162499e-8
846 3.452369767162499e-8
847 3.452369767162499e-8
848 3.493065068232864e-8
849 3.493065068232864e-8
850 3.493065068232864e-8
851 3.525108661951052e-8
852 3.525108661951052e-8
853 3.525108661951052e-8
854 3.525108661951052e-8
855 3.525108661951052e-8
856 3.525108661951052e-8
857 3.525108661951052e-8
858 3.525108661951052e-8
859 3.525108661951052e-8
860 3.525108661951052e-8
861 3.525108661951052e-8
862 3.525108661951052e-8
863 3.525108661951052e-8
864 3.525108661951052e-8
865 3.525108661951052e-8
866 3.525108661951052e-8
867 3.525108661951052e-8
868 3.525108661951052e-8
869 3.525108661951052e-8
870 3.525108661951052e-8
871 3.525108661951052e-8
872 3.525108661951052e-8
873 3.525108661951052e-8
874 3.525108661951052e-8
875 3.525108661951052e-8
876 3.525108661951052e-8
877 3.525108661951052e-8
878 3.525108661951052e-8
879 3.525108661951052e-8
880 3.525108661951052e-8
881 3.525108661951052e-8
882 3.525108661951052e-8
883 3.525108661951052e-8
884 3.525108661951052e-8
885 3.525108661951052e-8
886 3.525108661951052e-8
887 3.525108661951052e-8
888 3.525108661951052e-8
889 3.525108661951052e-8
890 3.525108661951052e-8
891 3.525108661951052e-8
892 3.525108661951052e-8
893 3.525108661951052e-8
894 3.525108661951052e-8
895 3.525108661951052e-8
896 3.620277931770504e-8
897 3.620277931770504e-8
898 3.620277931770504e-8
899 3.620277931770504e-8
900 3.664818483644872e-8
901 3.664818483644872e-8
902 3.664818483644872e-8
903 3.728104411635321e-8
904 3.728104411635321e-8
905 3.809174571115869e-8
906 3.809174571115869e-8
907 3.809174571115869e-8
908 3.809174571115869e-8
909 3.809174571115869e-8
910 3.830163045853228e-8
911 3.839615951533144e-8
912 3.839615951533144e-8
913 3.882394099335602e-8
914 3.882394099335602e-8
915 3.882394099335602e-8
916 3.882394099335602e-8
917 3.882394099335602e-8
918 3.882394099335602e-8
919 3.946321034882793e-8
920 3.946321034882793e-8
921 3.9923034870507e-8
922 3.9923034870507e-8
923 3.9923034870507e-8
924 3.9923034870507e-8
925 3.9923034870507e-8
926 3.9923034870507e-8
927 4.0511034011531575e-8
928 4.0511034011531575e-8
929 4.0511034011531575e-8
930 4.0511034011531575e-8
931 4.0511034011531575e-8
932 4.0511034011531575e-8
933 4.0511034011531575e-8
934 4.0511034011531575e-8
935 4.0511034011531575e-8
936 4.0511034011531575e-8
937 4.0511034011531575e-8
938 4.0511034011531575e-8
939 4.0511034011531575e-8
940 4.0511034011531575e-8
941 4.0511034011531575e-8
942 4.0511034011531575e-8
943 4.0511034011531575e-8
944 4.0511034011531575e-8
945 4.0511034011531575e-8
946 4.0511034011531575e-8
947 4.0511034011531575e-8
948 4.0511034011531575e-8
949 4.0511034011531575e-8
950 4.0511034011531575e-8
951 4.0511034011531575e-8
952 4.0511034011531575e-8
953 4.0511034011531575e-8
954 4.0511034011531575e-8
955 4.0511034011531575e-8
956 4.0511034011531575e-8
957 4.0511034011531575e-8
958 4.0511034011531575e-8
959 4.0511034011531575e-8
960 4.0511034011531575e-8
961 4.0511034011531575e-8
962 4.0511034011531575e-8
963 4.0511034011531575e-8
964 4.151880325848523e-8
965 4.151880325848523e-8
966 4.151880325848523e-8
967 4.151880325848523e-8
968 4.151880325848523e-8
969 4.151880325848523e-8
970 4.151880325848523e-8
971 4.151880325848523e-8
972 4.151880325848523e-8
973 4.151880325848523e-8
974 4.151880325848523e-8
975 4.2140447962056156e-8
976 4.2140447962056156e-8
977 4.2140447962056156e-8
978 4.2140447962056156e-8
979 4.2140447962056156e-8
980 4.2140447962056156e-8
981 4.2140447962056156e-8
982 4.2561820586877084e-8
983 4.2561820586877084e-8
984 4.2561820586877084e-8
985 4.2561820586877084e-8
986 4.316263682312708e-8
987 4.316263682312708e-8
988 4.316263682312708e-8
989 4.362406447487989e-8
990 4.362406447487989e-8
991 4.362406447487989e-8
992 4.362406447487989e-8
993 4.362406447487989e-8
994 4.362406447487989e-8
995 4.362406447487989e-8
996 4.362406447487989e-8
997 4.362406447487989e-8
998 4.362406447487989e-8
999 4.362406447487989e-8
1000 4.362406447487989e-8
1001 4.420725667041079e-8
1002 4.420725667041079e-8
1003 4.420725667041079e-8
1004 4.420725667041079e-8
1005 4.457735969196627e-8
1006 4.457735969196627e-8
1007 4.4888181126978914e-8
1008 4.4888181126978914e-8
1009 4.4888181126978914e-8
1010 4.4888181126978914e-8
1011 4.4888181126978914e-8
1012 4.5432921425651664e-8
1013 4.5432921425651664e-8
1014 4.5432921425651664e-8
1015 4.5432921425651664e-8
1016 4.5432921425651664e-8
1017 4.5432921425651664e-8
1018 4.5432921425651664e-8
1019 4.5432921425651664e-8
1020 4.5432921425651664e-8
1021 4.5847884586087055e-8
1022 4.5847884586087055e-8
1023 4.5847884586087055e-8
1024 4.5847884586087055e-8
1025 4.65624552163834e-8
1026 4.65624552163834e-8
1027 4.65624552163834e-8
1028 4.65624552163834e-8
1029 4.65624552163834e-8
1030 4.6781953243562474e-8
1031 4.6781953243562474e-8
1032 4.6781953243562474e-8
1033 4.6781953243562474e-8
1034 4.6781953243562474e-8
1035 4.6781953243562474e-8
1036 4.6781953243562474e-8
1037 4.6781953243562474e-8
1038 4.6781953243562474e-8
1039 4.6781953243562474e-8
1040 4.6781953243562474e-8
1041 4.6781953243562474e-8
1042 4.6781953243562474e-8
1043 4.6781953243562474e-8
1044 4.7427630229874274e-8
1045 4.7427630229874274e-8
1046 4.7427630229874274e-8
1047 4.7427630229874274e-8
1048 4.7427630229874274e-8
1049 4.7427630229874274e-8
1050 4.7427630229874274e-8
1051 4.7427630229874274e-8
1052 4.7427630229874274e-8
1053 4.7427630229874274e-8
1054 4.796916549076332e-8
1055 4.796916549076332e-8
1056 4.796916549076332e-8
1057 4.796916549076332e-8
1058 4.796916549076332e-8
1059 4.796916549076332e-8
1060 4.796916549076332e-8
1061 4.796916549076332e-8
1062 4.796916549076332e-8
1063 4.796916549076332e-8
1064 4.796916549076332e-8
1065 4.796916549076332e-8
1066 4.796916549076332e-8
1067 4.796916549076332e-8
1068 4.7192110069686074e-8
1069 4.7192110069686074e-8
1070 4.7192110069686074e-8
1071 4.7192110069686074e-8
1072 4.7192110069686074e-8
1073 4.7192110069686074e-8
1074 4.7192110069686074e-8
1075 4.7192110069686074e-8
1076 4.7693591526007e-8
1077 4.7693591526007e-8
1078 4.7693591526007e-8
1079 4.7693591526007e-8
1080 4.7693591526007e-8
1081 4.7693591526007e-8
1082 4.825114891990517e-8
1083 4.825114891990517e-8
1084 4.825114891990517e-8
1085 4.825114891990517e-8
1086 4.825114891990517e-8
1087 4.825114891990517e-8
1088 4.825114891990517e-8
1089 4.825114891990517e-8
1090 4.825114891990517e-8
1091 4.825114891990517e-8
1092 4.825114891990517e-8
1093 4.8735006335507e-8
1094 4.8735006335507e-8
1095 4.8735006335507e-8
1096 4.8735006335507e-8
1097 4.8735006335507e-8
1098 4.892726826452526e-8
1099 4.892726826452526e-8
1100 4.892726826452526e-8
1101 4.892726826452526e-8
1102 4.892726826452526e-8
1103 4.9218863751108827e-8
1104 4.9218863751108827e-8
1105 4.9218863751108827e-8
1106 4.9218863751108827e-8
1107 4.951366366429422e-8
1108 4.951366366429422e-8
1109 4.951366366429422e-8
1110 4.951366366429422e-8
1111 4.951366366429422e-8
1112 4.951366366429422e-8
1113 4.951366366429422e-8
1114 4.951366366429422e-8
1115 4.951366366429422e-8
1116 4.951366366429422e-8
1117 4.951366366429422e-8
1118 4.951366366429422e-8
1119 4.951366366429422e-8
1120 4.951366366429422e-8
1121 4.951366366429422e-8
1122 4.951366366429422e-8
1123 4.984531478899155e-8
1124 4.984531478899155e-8
1125 4.984531478899155e-8
1126 4.984531478899155e-8
1127 4.984531478899155e-8
1128 4.984531478899155e-8
1129 4.984531478899155e-8
1130 4.984531478899155e-8
1131 4.984531478899155e-8
1132 4.984531478899155e-8
1133 4.984531478899155e-8
1134 5.038364684564253e-8
1135 5.038364684564253e-8
1136 5.038364684564253e-8
1137 5.038364684564253e-8
1138 5.038364684564253e-8
1139 5.038364684564253e-8
1140 5.038364684564253e-8
1141 5.038364684564253e-8
1142 5.038364684564253e-8
1143 5.038364684564253e-8
1144 5.038364684564253e-8
1145 5.038364684564253e-8
1146 5.038364684564253e-8
1147 5.038364684564253e-8
1148 5.038364684564253e-8
1149 5.038364684564253e-8
1150 5.038364684564253e-8
1151 5.038364684564253e-8
1152 5.038364684564253e-8
1153 5.038364684564253e-8
1154 5.038364684564253e-8
1155 5.038364684564253e-8
1156 5.038364684564253e-8
1157 5.038364684564253e-8
1158 5.038364684564253e-8
1159 5.180958429081528e-8
1160 5.180958429081528e-8
1161 5.180958429081528e-8
1162 5.180958429081528e-8
1163 5.180958429081528e-8
1164 5.180958429081528e-8
1165 5.180958429081528e-8
1166 5.180958429081528e-8
1167 5.180958429081528e-8
1168 5.180958429081528e-8
1169 5.180958429081528e-8
1170 5.180958429081528e-8
1171 5.180958429081528e-8
1172 5.180958429081528e-8
1173 5.180958429081528e-8
1174 5.180958429081528e-8
1175 5.180958429081528e-8
1176 5.180958429081528e-8
1177 5.180958429081528e-8
1178 5.180958429081528e-8
1179 5.255299476052806e-8
1180 5.255299476052806e-8
1181 5.255299476052806e-8
1182 5.255299476052806e-8
1183 5.255299476052806e-8
1184 5.314900527364814e-8
1185 5.314900527364814e-8
1186 5.3722584800555446e-8
1187 5.3722584800555446e-8
1188 5.3722584800555446e-8
1189 5.3722584800555446e-8
1190 5.3722584800555446e-8
1191 5.3722584800555446e-8
1192 5.3722584800555446e-8
1193 5.3722584800555446e-8
1194 5.3722584800555446e-8
1195 5.3722584800555446e-8
1196 5.414075299877455e-8
1197 5.414075299877455e-8
1198 5.414075299877455e-8
1199 5.414075299877455e-8
1200 5.414075299877455e-8
1201 5.414075299877455e-8
1202 5.414075299877455e-8
1203 5.414075299877455e-8
1204 5.414075299877455e-8
1205 5.414075299877455e-8
1206 5.478162365077455e-8
1207 5.478162365077455e-8
1208 5.478162365077455e-8
1209 5.478162365077455e-8
1210 5.505399380011093e-8
1211 5.505399380011093e-8
1212 5.536000951199365e-8
1213 5.536000951199365e-8
1214 5.5597132191073706e-8
1215 5.5597132191073706e-8
1216 5.5597132191073706e-8
1217 5.590955675616008e-8
1218 5.590955675616008e-8
1219 5.590955675616008e-8
1220 5.6140270582036485e-8
1221 5.6420652103468364e-8
1222 5.6420652103468364e-8
1223 5.6420652103468364e-8
1224 5.6420652103468364e-8
1225 5.6420652103468364e-8
1226 5.6420652103468364e-8
1227 5.6420652103468364e-8
1228 5.6420652103468364e-8
1229 5.6420652103468364e-8
1230 5.6420652103468364e-8
1231 5.6420652103468364e-8
1232 5.6420652103468364e-8
1233 5.6420652103468364e-8
1234 5.6420652103468364e-8
1235 5.6420652103468364e-8
1236 5.6420652103468364e-8
1237 5.6420652103468364e-8
1238 5.6420652103468364e-8
1239 5.6420652103468364e-8
1240 5.6420652103468364e-8
1241 5.6420652103468364e-8
1242 5.6420652103468364e-8
1243 5.6420652103468364e-8
1244 5.6420652103468364e-8
1245 5.6420652103468364e-8
1246 5.6420652103468364e-8
1247 5.6420652103468364e-8
1248 5.6420652103468364e-8
1249 5.6420652103468364e-8
1250 5.6420652103468364e-8
1251 5.6420652103468364e-8
1252 5.6420652103468364e-8
1253 5.6420652103468364e-8
1254 5.6420652103468364e-8
1255 5.6420652103468364e-8
1256 5.6420652103468364e-8
1257 5.6420652103468364e-8
1258 5.6420652103468364e-8
1259 5.6420652103468364e-8
1260 5.6420652103468364e-8
1261 5.6420652103468364e-8
1262 5.6420652103468364e-8
1263 5.692373485631738e-8
1264 5.692373485631738e-8
1265 5.692373485631738e-8
1266 5.692373485631738e-8
1267 5.692373485631738e-8
1268 5.7341903054536485e-8
1269 5.7341903054536485e-8
1270 5.7341903054536485e-8
1271 5.7341903054536485e-8
1272 5.7341903054536485e-8
1273 5.7341903054536485e-8
1274 5.7341903054536485e-8
1275 5.787382625798381e-8
1276 5.787382625798381e-8
1277 5.787382625798381e-8
1278 5.787382625798381e-8
1279 5.787382625798381e-8
1280 5.787382625798381e-8
1281 5.787382625798381e-8
1282 5.787382625798381e-8
1283 5.787382625798381e-8
1284 5.787382625798381e-8
1285 5.787382625798381e-8
1286 5.787382625798381e-8
1287 5.787382625798381e-8
1288 5.787382625798381e-8
1289 5.787382625798381e-8
1290 5.787382625798381e-8
1291 5.8237519815153754e-8
1292 5.8237519815153754e-8
1293 5.8237519815153754e-8
1294 5.8237519815153754e-8
1295 5.8237519815153754e-8
1296 5.8237519815153754e-8
1297 5.8926456254999256e-8
1298 5.8926456254999256e-8
1299 5.8926456254999256e-8
1300 5.8926456254999256e-8
1301 5.8926456254999256e-8
1302 5.8926456254999256e-8
1303 5.8926456254999256e-8
1304 5.8926456254999256e-8
1305 5.8926456254999256e-8
1306 5.8926456254999256e-8
1307 5.8926456254999256e-8
1308 5.8926456254999256e-8
1309 5.8926456254999256e-8
1310 5.8926456254999256e-8
1311 5.983008438771203e-8
1312 5.983008438771203e-8
1313 5.983008438771203e-8
1314 5.983008438771203e-8
1315 5.983008438771203e-8
1316 5.983008438771203e-8
1317 5.983008438771203e-8
1318 5.983008438771203e-8
1319 5.983008438771203e-8
1320 5.983008438771203e-8
1321 5.983008438771203e-8
1322 5.983008438771203e-8
1323 5.983008438771203e-8
1324 5.983008438771203e-8
1325 5.983008438771203e-8
1326 5.983008438771203e-8
1327 5.983008438771203e-8
1328 5.983008438771203e-8
1329 5.983008438771203e-8
1330 5.983008438771203e-8
1331 5.983008438771203e-8
1332 5.983008438771203e-8
1333 5.983008438771203e-8
1334 5.983008438771203e-8
1335 5.983008438771203e-8
1336 5.983008438771203e-8
1337 5.983008438771203e-8
1338 5.983008438771203e-8
1339 5.983008438771203e-8
1340 5.983008438771203e-8
1341 5.983008438771203e-8
1342 5.983008438771203e-8
1343 5.983008438771203e-8
1344 5.983008438771203e-8
1345 5.983008438771203e-8
1346 5.983008438771203e-8
1347 5.983008438771203e-8
1348 5.983008438771203e-8
1349 5.983008438771203e-8
1350 5.983008438771203e-8
1351 5.983008438771203e-8
1352 5.983008438771203e-8
1353 5.983008438771203e-8
1354 5.983008438771203e-8
1355 5.983008438771203e-8
1356 5.983008438771203e-8
1357 5.983008438771203e-8
1358 6.055587020552384e-8
1359 6.055587020552384e-8
1360 6.055587020552384e-8
1361 6.055587020552384e-8
1362 6.055587020552384e-8
1363 6.055587020552384e-8
1364 6.055587020552384e-8
1365 6.055587020552384e-8
1366 6.055587020552384e-8
1367 6.055587020552384e-8
1368 6.060874171649926e-8
1369 6.060874171649926e-8
1370 6.060874171649926e-8
1371 6.060874171649926e-8
1372 6.060874171649926e-8
1373 6.060874171649926e-8
1374 6.060874171649926e-8
1375 6.133933386862286e-8
1376 6.133933386862286e-8
1377 6.133933386862286e-8
1378 6.133933386862286e-8
1379 6.133933386862286e-8
1380 6.133933386862286e-8
1381 6.133933386862286e-8
1382 6.133933386862286e-8
1383 6.299598391730825e-8
1384 6.299598391730825e-8
1385 6.299598391730825e-8
1386 6.299598391730825e-8
1387 6.299598391730825e-8
1388 6.299598391730825e-8
1389 6.299598391730825e-8
1390 6.299598391730825e-8
1391 6.299598391730825e-8
1392 6.299598391730825e-8
1393 6.299598391730825e-8
1394 6.299598391730825e-8
1395 6.299598391730825e-8
1396 6.299598391730825e-8
1397 6.299598391730825e-8
1398 6.299598391730825e-8
1399 6.299598391730825e-8
1400 6.299598391730825e-8
1401 6.299598391730825e-8
1402 6.299598391730825e-8
1403 6.299598391730825e-8
1404 6.299598391730825e-8
1405 6.299598391730825e-8
1406 6.299598391730825e-8
1407 6.299598391730825e-8
1408 6.299598391730825e-8
1409 6.299598391730825e-8
1410 6.329398947945923e-8
1411 6.329398947945923e-8
1412 6.329398947945923e-8
1413 6.329398947945923e-8
1414 6.408065756916007e-8
1415 6.408065756916007e-8
1416 6.408065756916007e-8
1417 6.408065756916007e-8
1418 6.408065756916007e-8
1419 6.408065756916007e-8
1420 6.408065756916007e-8
1421 6.408065756916007e-8
1422 6.408065756916007e-8
1423 6.408065756916007e-8
1424 6.408065756916007e-8
1425 6.408065756916007e-8
1426 6.408065756916007e-8
1427 6.408065756916007e-8
1428 6.408065756916007e-8
1429 6.408065756916007e-8
1430 6.408065756916007e-8
1431 6.408065756916007e-8
1432 6.408065756916007e-8
1433 6.408065756916007e-8
1434 6.443153403110459e-8
1435 6.443153403110459e-8
1436 6.443153403110459e-8
1437 6.443153403110459e-8
1438 6.443153403110459e-8
1439 6.443153403110459e-8
1440 6.443153403110459e-8
1441 6.443153403110459e-8
1442 6.443153403110459e-8
1443 6.443153403110459e-8
1444 6.443153403110459e-8
1445 6.443153403110459e-8
1446 6.443153403110459e-8
1447 6.443153403110459e-8
1448 6.443153403110459e-8
1449 6.443153403110459e-8
1450 6.443153403110459e-8
1451 6.443153403110459e-8
1452 6.465904281919729e-8
1453 6.465904281919729e-8
1454 6.465904281919729e-8
1455 6.465904281919729e-8
1456 6.491378892781457e-8
1457 6.491378892781457e-8
1458 6.491378892781457e-8
1459 6.533516155263549e-8
1460 6.533516155263549e-8
1461 6.533516155263549e-8
1462 6.533516155263549e-8
1463 6.533516155263549e-8
1464 6.533516155263549e-8
1465 6.533516155263549e-8
1466 6.533516155263549e-8
1467 6.533516155263549e-8
1468 6.533516155263549e-8
1469 6.533516155263549e-8
1470 6.533516155263549e-8
1471 6.533516155263549e-8
1472 6.533516155263549e-8
1473 6.533516155263549e-8
1474 6.533516155263549e-8
1475 6.533516155263549e-8
1476 6.533516155263549e-8
1477 6.533516155263549e-8
1478 6.533516155263549e-8
1479 6.533516155263549e-8
1480 6.533516155263549e-8
1481 6.533516155263549e-8
1482 6.533516155263549e-8
1483 6.533516155263549e-8
1484 6.533516155263549e-8
1485 6.533516155263549e-8
1486 6.533516155263549e-8
1487 6.533516155263549e-8
1488 6.533516155263549e-8
1489 6.533516155263549e-8
1490 6.533516155263549e-8
1491 6.533516155263549e-8
1492 6.533516155263549e-8
1493 6.533516155263549e-8
1494 6.533516155263549e-8
1495 6.533516155263549e-8
1496 6.533516155263549e-8
1497 6.533516155263549e-8
1498 6.533516155263549e-8
1499 6.533516155263549e-8
1500 6.533516155263549e-8
1501 6.533516155263549e-8
1502 6.533516155263549e-8
1503 6.533516155263549e-8
1504 6.533516155263549e-8
1505 6.533516155263549e-8
1506 6.533516155263549e-8
1507 6.533516155263549e-8
1508 6.533516155263549e-8
1509 6.533516155263549e-8
1510 6.533516155263549e-8
1511 6.533516155263549e-8
1512 6.533516155263549e-8
1513 6.533516155263549e-8
1514 6.533516155263549e-8
1515 6.533516155263549e-8
1516 6.533516155263549e-8
1517 6.533516155263549e-8
1518 6.533516155263549e-8
1519 6.533516155263549e-8
1520 6.533516155263549e-8
1521 6.533516155263549e-8
1522 6.533516155263549e-8
1523 6.591354741385458e-8
1524 6.591354741385458e-8
1525 6.591354741385458e-8
1526 6.591354741385458e-8
1527 6.591354741385458e-8
1528 6.591354741385458e-8
1529 6.591354741385458e-8
1530 6.591354741385458e-8
1531 6.591354741385458e-8
1532 6.591354741385458e-8
1533 6.591354741385458e-8
1534 6.591354741385458e-8
1535 6.591354741385458e-8
1536 6.591354741385458e-8
1537 6.591354741385458e-8
1538 6.591354741385458e-8
1539 6.591354741385458e-8
1540 6.591354741385458e-8
1541 6.591354741385458e-8
1542 6.591354741385458e-8
1543 6.591354741385458e-8
1544 6.591354741385458e-8
1545 6.591354741385458e-8
1546 6.591354741385458e-8
1547 6.757500501921554e-8
1548 6.757500501921554e-8
1549 6.757500501921554e-8
1550 6.757500501921554e-8
1551 6.757500501921554e-8
1552 6.757500501921554e-8
1553 6.757500501921554e-8
1554 6.808129280984827e-8
1555 6.808129280984827e-8
1556 6.808129280984827e-8
1557 6.808129280984827e-8
1558 6.808129280984827e-8
1559 6.808129280984827e-8
1560 6.860680654891006e-8
1561 6.860680654891006e-8
1562 6.860680654891006e-8
1563 6.860680654891006e-8
1564 6.860680654891006e-8
1565 6.860680654891006e-8
1566 6.860680654891006e-8
1567 6.860680654891006e-8
1568 6.860680654891006e-8
1569 6.890961783419096e-8
1570 6.890961783419096e-8
1571 6.890961783419096e-8
1572 6.904900702987003e-8
1573 6.904900702987003e-8
1574 6.983567573075276e-8
1575 6.983567573075276e-8
1576 7.002633452969728e-8
1577 7.002633452969728e-8
1578 7.002633452969728e-8
1579 7.002633452969728e-8
1580 7.002633452969728e-8
1581 7.002633452969728e-8
1582 7.002633452969728e-8
1583 7.002633452969728e-8
1584 7.002633452969728e-8
1585 7.002633452969728e-8
1586 7.002633452969728e-8
1587 7.002633452969728e-8
1588 7.002633452969728e-8
1589 7.002633452969728e-8
1590 7.002633452969728e-8
1591 7.002633452969728e-8
1592 7.002633452969728e-8
1593 7.002633452969728e-8
1594 7.002633452969728e-8
1595 7.002633452969728e-8
1596 7.002633452969728e-8
1597 7.018815471158913e-8
1598 7.018815471158913e-8
1599 7.018815471158913e-8
1600 7.018815471158913e-8
1601 7.087068229823098e-8
1602 7.087068229823098e-8
1603 7.087068229823098e-8
1604 7.087068229823098e-8
1605 7.123437646658281e-8
1606 7.123437646658281e-8
1607 7.123437646658281e-8
1608 7.123437646658281e-8
1609 7.19056888657092e-8
1610 7.19056888657092e-8
1611 7.19056888657092e-8
1612 7.19056888657092e-8
1613 7.19056888657092e-8
1614 7.256097913182648e-8
1615 7.256097913182648e-8
1616 7.256097913182648e-8
1617 7.256097913182648e-8
1618 7.256097913182648e-8
1619 7.256097913182648e-8
1620 7.256097913182648e-8
1621 7.256097913182648e-8
1622 7.256097913182648e-8
1623 7.256097913182648e-8
1624 7.256097913182648e-8
1625 7.256097913182648e-8
1626 7.256097913182648e-8
1627 7.256097913182648e-8
1628 7.256097913182648e-8
1629 7.256097913182648e-8
1630 7.256097913182648e-8
1631 7.256097913182648e-8
1632 7.256097913182648e-8
1633 7.256097913182648e-8
1634 7.256097913182648e-8
1635 7.256097913182648e-8
1636 7.256097913182648e-8
1637 7.256097913182648e-8
1638 7.324671114507016e-8
1639 7.324671114507016e-8
1640 7.324671114507016e-8
1641 7.324671114507016e-8
1642 7.324671114507016e-8
1643 7.324671114507016e-8
1644 7.324671114507016e-8
1645 7.324671114507016e-8
1646 7.324671114507016e-8
1647 7.324671114507016e-8
1648 7.324671114507016e-8
1649 7.324671114507016e-8
1650 7.324671114507016e-8
1651 7.324671114507016e-8
1652 7.324671114507016e-8
1653 7.324671114507016e-8
1654 7.324671114507016e-8
1655 7.324671114507016e-8
1656 7.356714647107016e-8
1657 7.356714647107016e-8
1658 7.410707982424923e-8
1659 7.410707982424923e-8
1660 7.410707982424923e-8
1661 7.410707982424923e-8
1662 7.410707982424923e-8
1663 7.410707982424923e-8
1664 7.547694072066285e-8
1665 7.547694072066285e-8
1666 7.547694072066285e-8
1667 7.547694072066285e-8
1668 7.547694072066285e-8
1669 7.547694072066285e-8
1670 7.547694072066285e-8
1671 7.547694072066285e-8
1672 7.547694072066285e-8
1673 7.547694072066285e-8
1674 7.547694072066285e-8
1675 7.547694072066285e-8
1676 7.547694072066285e-8
1677 7.547694072066285e-8
1678 7.547694072066285e-8
1679 7.547694072066285e-8
1680 7.547694072066285e-8
1681 7.547694072066285e-8
1682 7.579256971235105e-8
1683 7.579256971235105e-8
1684 7.615306006528293e-8
1685 7.615306006528293e-8
1686 7.615306006528293e-8
1687 7.615306006528293e-8
1688 7.615306006528293e-8
1689 7.615306006528293e-8
1690 7.615306006528293e-8
1691 7.615306006528293e-8
1692 7.615306006528293e-8
1693 7.615306006528293e-8
1694 7.615306006528293e-8
1695 7.615306006528293e-8
1696 7.615306006528293e-8
1697 7.615306006528293e-8
1698 7.615306006528293e-8
1699 7.615306006528293e-8
1700 7.615306006528293e-8
1701 7.615306006528293e-8
1702 7.615306006528293e-8
1703 7.615306006528293e-8
1704 7.708873063046832e-8
1705 7.708873063046832e-8
1706 7.708873063046832e-8
1707 7.708873063046832e-8
1708 7.708873063046832e-8
1709 7.733226155157015e-8
1710 7.733226155157015e-8
1711 7.733226155157015e-8
1712 7.733226155157015e-8
1713 7.733226155157015e-8
1714 7.733226155157015e-8
1715 7.733226155157015e-8
1716 7.733226155157015e-8
1717 7.733226155157015e-8
1718 7.733226155157015e-8
1719 7.733226155157015e-8
1720 7.733226155157015e-8
1721 7.733226155157015e-8
1722 7.733226155157015e-8
1723 7.733226155157015e-8
1724 7.733226155157015e-8
1725 7.733226155157015e-8
1726 7.733226155157015e-8
1727 7.733226155157015e-8
1728 7.733226155157015e-8
1729 7.733226155157015e-8
1730 7.733226155157015e-8
1731 7.733226155157015e-8
1732 7.733226155157015e-8
1733 7.733226155157015e-8
1734 7.80067777661165e-8
1735 7.80067777661165e-8
1736 7.80067777661165e-8
1737 7.80067777661165e-8
1738 7.80067777661165e-8
1739 7.80067777661165e-8
1740 7.80067777661165e-8
1741 7.84842257173328e-8
1742 7.84842257173328e-8
1743 7.84842257173328e-8
1744 7.84842257173328e-8
1745 7.84842257173328e-8
1746 7.84842257173328e-8
1747 7.84842257173328e-8
1748 7.84842257173328e-8
1749 7.857074279085457e-8
1750 7.857074279085457e-8
1751 7.857074279085457e-8
1752 7.857074279085457e-8
1753 7.857074279085457e-8
1754 7.857074279085457e-8
1755 7.857074279085457e-8
1756 7.92372482444873e-8
1757 7.92372482444873e-8
1758 7.92372482444873e-8
1759 7.92372482444873e-8
1760 7.961856645355822e-8
1761 7.961856645355822e-8
1762 7.961856645355822e-8
1763 7.961856645355822e-8
1764 7.961856645355822e-8
1765 7.961856645355822e-8
1766 7.961856645355822e-8
1767 7.983806509191918e-8
1768 7.983806509191918e-8
1769 7.983806509191918e-8
1770 8.087307104821553e-8
1771 8.087307104821553e-8
1772 8.087307104821553e-8
1773 8.10749450346755e-8
1774 8.10749450346755e-8
1775 8.175266567582368e-8
1776 8.175266567582368e-8
1777 8.175266567582368e-8
1778 8.175266567582368e-8
1779 8.175266567582368e-8
1780 8.175266567582368e-8
1781 8.175266567582368e-8
1782 8.175266567582368e-8
1783 8.175266567582368e-8
1784 8.175266567582368e-8
1785 8.175266567582368e-8
1786 8.175266567582368e-8
1787 8.175266567582368e-8
1788 8.175266567582368e-8
1789 8.175266567582368e-8
1790 8.175266567582368e-8
1791 8.175266567582368e-8
1792 8.175266567582368e-8
1793 8.175266567582368e-8
1794 8.175266567582368e-8
1795 8.21740383006446e-8
1796 8.236309519187915e-8
1797 8.236309519187915e-8
1798 8.236309519187915e-8
1799 8.236309519187915e-8
1800 8.236309519187915e-8
1801 8.236309519187915e-8
1802 8.236309519187915e-8
1803 8.236309519187915e-8
1804 8.236309519187915e-8
1805 8.236309519187915e-8
1806 8.264187358323729e-8
1807 8.264187358323729e-8
1808 8.264187358323729e-8
1809 8.314976450394375e-8
1810 8.314976450394375e-8
1811 8.314976450394375e-8
1812 8.314976450394375e-8
1813 8.314976450394375e-8
1814 8.314976450394375e-8
1815 8.314976450394375e-8
1816 8.314976450394375e-8
1817 8.314976450394375e-8
1818 8.314976450394375e-8
1819 8.314976450394375e-8
1820 8.314976450394375e-8
1821 8.314976450394375e-8
1822 8.314976450394375e-8
1823 8.366246175896201e-8
1824 8.366246175896201e-8
1825 8.366246175896201e-8
1826 8.458050889461019e-8
1827 8.458050889461019e-8
1828 8.458050889461019e-8
1829 8.458050889461019e-8
1830 8.458050889461019e-8
1831 8.458050889461019e-8
1832 8.458050889461019e-8
1833 8.458050889461019e-8
1834 8.458050889461019e-8
1835 8.458050889461019e-8
1836 8.458050889461019e-8
1837 8.505315112269657e-8
1838 8.505315112269657e-8
1839 8.505315112269657e-8
1840 8.505315112269657e-8
1841 8.505315112269657e-8
1842 8.505315112269657e-8
1843 8.505315112269657e-8
1844 8.505315112269657e-8
1845 8.505315112269657e-8
1846 8.505315112269657e-8
1847 8.505315112269657e-8
1848 8.505315112269657e-8
1849 8.505315112269657e-8
1850 8.505315112269657e-8
1851 8.505315112269657e-8
1852 8.505315112269657e-8
1853 8.505315112269657e-8
1854 8.505315112269657e-8
1855 8.505315112269657e-8
1856 8.505315112269657e-8
1857 8.505315112269657e-8
1858 8.505315112269657e-8
1859 8.505315112269657e-8
1860 8.505315112269657e-8
1861 8.505315112269657e-8
1862 8.505315112269657e-8
1863 8.505315112269657e-8
1864 8.505315112269657e-8
1865 8.505315112269657e-8
1866 8.505315112269657e-8
1867 8.549214778823659e-8
1868 8.549214778823659e-8
1869 8.549214778823659e-8
1870 8.549214778823659e-8
1871 8.595357421762564e-8
1872 8.595357421762564e-8
1873 8.595357421762564e-8
1874 8.595357421762564e-8
1875 8.595357421762564e-8
1876 8.595357421762564e-8
1877 8.595357421762564e-8
1878 8.595357421762564e-8
1879 8.595357421762564e-8
1880 8.595357421762564e-8
1881 8.595357421762564e-8
1882 8.595357421762564e-8
1883 8.595357421762564e-8
1884 8.595357421762564e-8
1885 8.595357421762564e-8
1886 8.595357421762564e-8
1887 8.595357421762564e-8
1888 8.595357421762564e-8
1889 8.595357421762564e-8
1890 8.595357421762564e-8
1891 8.595357421762564e-8
1892 8.595357421762564e-8
1893 8.595357421762564e-8
1894 8.595357421762564e-8
1895 8.595357421762564e-8
1896 8.595357421762564e-8
1897 8.595357421762564e-8
1898 8.595357421762564e-8
1899 8.595357421762564e-8
1900 8.595357421762564e-8
1901 8.595357421762564e-8
1902 8.595357421762564e-8
1903 8.595357421762564e-8
1904 8.595357421762564e-8
1905 8.595357421762564e-8
1906 8.595357421762564e-8
1907 8.595357421762564e-8
1908 8.595357421762564e-8
1909 8.595357421762564e-8
1910 8.595357421762564e-8
1911 8.595357421762564e-8
1912 8.595357421762564e-8
1913 8.595357421762564e-8
1914 8.595357421762564e-8
1915 8.595357421762564e-8
1916 8.595357421762564e-8
1917 8.595357421762564e-8
1918 8.595357421762564e-8
1919 8.595357421762564e-8
1920 8.595357421762564e-8
1921 8.595357421762564e-8
1922 8.595357421762564e-8
1923 8.595357421762564e-8
1924 8.595357421762564e-8
1925 8.595357421762564e-8
1926 8.595357421762564e-8
1927 8.595357421762564e-8
1928 8.595357421762564e-8
1929 8.595357421762564e-8
1930 8.690686943471201e-8
1931 8.690686943471201e-8
1932 8.690686943471201e-8
1933 8.705587129901468e-8
1934 8.705587129901468e-8
1935 8.705587129901468e-8
1936 8.705587129901468e-8
1937 8.705587129901468e-8
1938 8.705587129901468e-8
1939 8.705587129901468e-8
1940 8.705587129901468e-8
1941 8.705587129901468e-8
1942 8.705587129901468e-8
1943 8.705587129901468e-8
1944 8.705587129901468e-8
1945 8.705587129901468e-8
1946 8.705587129901468e-8
1947 8.705587129901468e-8
1948 8.705587129901468e-8
1949 8.705587129901468e-8
1950 8.705587129901468e-8
1951 8.705587129901468e-8
1952 8.705587129901468e-8
1953 8.705587129901468e-8
1954 8.705587129901468e-8
1955 8.705587129901468e-8
1956 8.705587129901468e-8
1957 8.705587129901468e-8
1958 8.705587129901468e-8
1959 8.705587129901468e-8
1960 8.705587129901468e-8
1961 8.705587129901468e-8
1962 8.705587129901468e-8
1963 8.705587129901468e-8
1964 8.754613756782016e-8
1965 8.754613756782016e-8
1966 8.754613756782016e-8
1967 8.754613756782016e-8
1968 8.754613756782016e-8
1969 8.754613756782016e-8
1970 8.754613756782016e-8
1971 8.754613756782016e-8
1972 8.754613756782016e-8
1973 8.828313918432928e-8
1974 8.828313918432928e-8
1975 8.828313918432928e-8
1976 8.828313918432928e-8
1977 8.828313918432928e-8
1978 8.828313918432928e-8
1979 8.828313918432928e-8
1980 8.828313918432928e-8
1981 8.828313918432928e-8
1982 8.828313918432928e-8
1983 8.828313918432928e-8
1984 8.828313918432928e-8
1985 8.828313918432928e-8
1986 8.828313918432928e-8
1987 8.828313918432928e-8
1988 8.828313918432928e-8
1989 8.842733471432015e-8
1990 8.842733471432015e-8
1991 8.85555081113019e-8
1992 8.85555081113019e-8
1993 8.85555081113019e-8
1994 8.85555081113019e-8
1995 8.85555081113019e-8
1996 8.85555081113019e-8
1997 8.886152382318462e-8
1998 8.886152382318462e-8
1999 8.886152382318462e-8
2000 8.886152382318462e-8
2001 8.886152382318462e-8
2002 8.886152382318462e-8
2003 8.886152382318462e-8
2004 8.886152382318462e-8
2005 8.886152382318462e-8
2006 8.947195333924011e-8
2007 8.947195333924011e-8
2008 8.947195333924011e-8
2009 8.947195333924011e-8
2010 8.947195333924011e-8
2011 8.947195333924011e-8
2012 8.947195333924011e-8
2013 8.947195333924011e-8
2014 8.947195333924011e-8
2015 8.947195333924011e-8
2016 8.947195333924011e-8
2017 8.947195333924011e-8
2018 8.947195333924011e-8
2019 8.947195333924011e-8
2020 8.947195333924011e-8
2021 8.947195333924011e-8
2022 8.947195333924011e-8
2023 8.982763613549642e-8
2024 8.982763613549642e-8
2025 9.016088916790373e-8
2026 9.016088916790373e-8
2027 9.016088916790373e-8
2028 9.016088916790373e-8
2029 9.016088916790373e-8
2030 9.016088916790373e-8
2031 9.016088916790373e-8
2032 9.016088916790373e-8
2033 9.016088916790373e-8
2034 9.016088916790373e-8
2035 9.055342256449011e-8
2036 9.055342256449011e-8
2037 9.055342256449011e-8
2038 9.055342256449011e-8
2039 9.055342256449011e-8
2040 9.055342256449011e-8
2041 9.055342256449011e-8
2042 9.055342256449011e-8
2043 9.055342256449011e-8
2044 9.055342256449011e-8
2045 9.055342256449011e-8
2046 9.055342256449011e-8
2047 9.055342256449011e-8
2048 9.055342256449011e-8
2049 9.055342256449011e-8
2050 9.055342256449011e-8
2051 9.055342256449011e-8
2052 9.055342256449011e-8
2053 9.055342256449011e-8
2054 9.055342256449011e-8
2055 9.055342256449011e-8
2056 9.055342256449011e-8
2057 9.055342256449011e-8
2058 9.055342256449011e-8
2059 9.055342256449011e-8
2060 9.1634892400922e-8
2061 9.1634892400922e-8
2062 9.1634892400922e-8
2063 9.1634892400922e-8
2064 9.1634892400922e-8
2065 9.1634892400922e-8
2066 9.1634892400922e-8
2067 9.1634892400922e-8
2068 9.1634892400922e-8
2069 9.1634892400922e-8
2070 9.1634892400922e-8
2071 9.1634892400922e-8
2072 9.1634892400922e-8
2073 9.199217771607017e-8
2074 9.199217771607017e-8
2075 9.199217771607017e-8
2076 9.199217771607017e-8
2077 9.199217771607017e-8
2078 9.199217771607017e-8
2079 9.199217771607017e-8
2080 9.199217771607017e-8
2081 9.199217771607017e-8
2082 9.199217771607017e-8
2083 9.199217771607017e-8
2084 9.199217771607017e-8
2085 9.199217771607017e-8
2086 9.199217771607017e-8
2087 9.199217771607017e-8
2088 9.199217771607017e-8
2089 9.199217771607017e-8
2090 9.199217771607017e-8
2091 9.199217771607017e-8
2092 9.199217771607017e-8
2093 9.199217771607017e-8
2094 9.199217771607017e-8
2095 9.199217771607017e-8
2096 9.199217771607017e-8
2097 9.199217771607017e-8
2098 9.199217771607017e-8
2099 9.199217771607017e-8
2100 9.199217771607017e-8
2101 9.199217771607017e-8
2102 9.199217771607017e-8
2103 9.199217771607017e-8
2104 9.199217771607017e-8
2105 9.199217771607017e-8
2106 9.199217771607017e-8
2107 9.199217771607017e-8
2108 9.199217771607017e-8
2109 9.199217771607017e-8
2110 9.199217771607017e-8
2111 9.199217771607017e-8
2112 9.199217771607017e-8
2113 9.199217771607017e-8
2114 9.199217771607017e-8
2115 9.199217771607017e-8
2116 9.199217771607017e-8
2117 9.199217771607017e-8
2118 9.199217771607017e-8
2119 9.199217771607017e-8
2120 9.199217771607017e-8
2121 9.199217771607017e-8
2122 9.199217771607017e-8
2123 9.199217771607017e-8
2124 9.199217771607017e-8
2125 9.199217771607017e-8
2126 9.199217771607017e-8
2127 9.199217771607017e-8
2128 9.199217771607017e-8
2129 9.199217771607017e-8
2130 9.199217771607017e-8
2131 9.199217771607017e-8
2132 9.199217771607017e-8
2133 9.199217771607017e-8
2134 9.199217771607017e-8
2135 9.199217771607017e-8
2136 9.199217771607017e-8
2137 9.199217771607017e-8
2138 9.199217771607017e-8
2139 9.199217771607017e-8
2140 9.199217771607017e-8
2141 9.199217771607017e-8
2142 9.199217771607017e-8
2143 9.199217771607017e-8
2144 9.199217771607017e-8
2145 9.199217771607017e-8
2146 9.199217771607017e-8
2147 9.199217771607017e-8
2148 9.199217771607017e-8
2149 9.199217771607017e-8
2150 9.199217771607017e-8
2151 9.199217771607017e-8
2152 9.199217771607017e-8
2153 9.199217771607017e-8
2154 9.199217771607017e-8
2155 9.199217771607017e-8
2156 9.199217771607017e-8
2157 9.199217771607017e-8
2158 9.199217771607017e-8
2159 9.199217771607017e-8
2160 9.199217771607017e-8
2161 9.199217771607017e-8
2162 9.199217771607017e-8
2163 9.199217771607017e-8
2164 9.199217771607017e-8
2165 9.199217771607017e-8
2166 9.258177876480471e-8
2167 9.258177876480471e-8
2168 9.258177876480471e-8
2169 9.258177876480471e-8
2170 9.258177876480471e-8
2171 9.258177876480471e-8
2172 9.26939306399592e-8
2173 9.26939306399592e-8
2174 9.26939306399592e-8
2175 9.26939306399592e-8
2176 9.26939306399592e-8
2177 9.26939306399592e-8
2178 9.26939306399592e-8
2179 9.26939306399592e-8
2180 9.26939306399592e-8
2181 9.26939306399592e-8
2182 9.26939306399592e-8
2183 9.26939306399592e-8
2184 9.26939306399592e-8
2185 9.26939306399592e-8
2186 9.26939306399592e-8
2187 9.26939306399592e-8
2188 9.26939306399592e-8
2189 9.26939306399592e-8
2190 9.26939306399592e-8
2191 9.26939306399592e-8
2192 9.26939306399592e-8
2193 9.26939306399592e-8
2194 9.26939306399592e-8
2195 9.26939306399592e-8
2196 9.26939306399592e-8
2197 9.26939306399592e-8
2198 9.26939306399592e-8
2199 9.26939306399592e-8
2200 9.26939306399592e-8
2201 9.26939306399592e-8
2202 9.26939306399592e-8
2203 9.26939306399592e-8
2204 9.26939306399592e-8
2205 9.26939306399592e-8
2206 9.26939306399592e-8
2207 9.26939306399592e-8
2208 9.26939306399592e-8
2209 9.26939306399592e-8
2210 9.26939306399592e-8
2211 9.26939306399592e-8
2212 9.26939306399592e-8
2213 9.26939306399592e-8
2214 9.26939306399592e-8
2215 9.26939306399592e-8
2216 9.26939306399592e-8
2217 9.26939306399592e-8
2218 9.26939306399592e-8
2219 9.302558115347466e-8
2220 9.302558115347466e-8
2221 9.302558115347466e-8
2222 9.302558115347466e-8
2223 9.302558115347466e-8
2224 9.302558115347466e-8
2225 9.302558115347466e-8
2226 9.302558115347466e-8
2227 9.302558115347466e-8
2228 9.302558115347466e-8
2229 9.302558115347466e-8
2230 9.302558115347466e-8
2231 9.302558115347466e-8
2232 9.302558115347466e-8
2233 9.302558115347466e-8
2234 9.302558115347466e-8
2235 9.302558115347466e-8
2236 9.302558115347466e-8
2237 9.302558115347466e-8
2238 9.302558115347466e-8
2239 9.302558115347466e-8
2240 9.302558115347466e-8
2241 9.302558115347466e-8
2242 9.302558115347466e-8
2243 9.302558115347466e-8
2244 9.302558115347466e-8
2245 9.302558115347466e-8
2246 9.302558115347466e-8
2247 9.302558115347466e-8
2248 9.302558115347466e-8
2249 9.302558115347466e-8
2250 9.302558115347466e-8
2251 9.302558115347466e-8
2252 9.302558115347466e-8
2253 9.302558115347466e-8
2254 9.302558115347466e-8
2255 9.302558115347466e-8
2256 9.302558115347466e-8
2257 9.302558115347466e-8
2258 9.302558115347466e-8
2259 9.302558115347466e-8
2260 9.302558115347466e-8
2261 9.302558115347466e-8
2262 9.302558115347466e-8
2263 9.302558115347466e-8
2264 9.302558115347466e-8
2265 9.302558115347466e-8
2266 9.302558115347466e-8
2267 9.302558115347466e-8
2268 9.302558115347466e-8
2269 9.302558115347466e-8
2270 9.302558115347466e-8
2271 9.302558115347466e-8
2272 9.302558115347466e-8
2273 9.302558115347466e-8
2274 9.302558115347466e-8
2275 9.302558115347466e-8
2276 9.302558115347466e-8
2277 9.302558115347466e-8
2278 9.302558115347466e-8
2279 9.302558115347466e-8
2280 9.302558115347466e-8
2281 9.302558115347466e-8
2282 9.302558115347466e-8
2283 9.302558115347466e-8
2284 9.302558115347466e-8
2285 9.302558115347466e-8
2286 9.302558115347466e-8
2287 9.302558115347466e-8
2288 9.302558115347466e-8
2289 9.302558115347466e-8
2290 9.302558115347466e-8
2291 9.302558115347466e-8
2292 9.302558115347466e-8
2293 9.302558115347466e-8
2294 9.302558115347466e-8
2295 9.302558115347466e-8
2296 9.302558115347466e-8
2297 9.302558115347466e-8
2298 9.302558115347466e-8
2299 9.302558115347466e-8
2300 9.302558115347466e-8
2301 9.302558115347466e-8
2302 9.302558115347466e-8
2303 9.302558115347466e-8
2304 9.302558115347466e-8
2305 9.302558115347466e-8
2306 9.302558115347466e-8
2307 9.302558115347466e-8
2308 9.302558115347466e-8
2309 9.302558115347466e-8
2310 9.302558115347466e-8
2311 9.302558115347466e-8
2312 9.302558115347466e-8
2313 9.302558115347466e-8
2314 9.302558115347466e-8
2315 9.302558115347466e-8
2316 9.302558115347466e-8
2317 9.302558115347466e-8
2318 9.302558115347466e-8
2319 9.302558115347466e-8
2320 9.302558115347466e-8
2321 9.302558115347466e-8
2322 9.302558115347466e-8
2323 9.302558115347466e-8
2324 9.302558115347466e-8
2325 9.302558115347466e-8
2326 9.302558115347466e-8
2327 9.302558115347466e-8
2328 9.302558115347466e-8
2329 9.302558115347466e-8
2330 9.302558115347466e-8
2331 9.302558115347466e-8
2332 9.302558115347466e-8
2333 9.302558115347466e-8
2334 9.302558115347466e-8
2335 9.302558115347466e-8
2336 9.302558115347466e-8
2337 9.302558115347466e-8
2338 9.302558115347466e-8
2339 9.302558115347466e-8
2340 9.302558115347466e-8
2341 9.302558115347466e-8
2342 9.302558115347466e-8
2343 9.302558115347466e-8
2344 9.302558115347466e-8
2345 9.302558115347466e-8
2346 9.302558115347466e-8
2347 9.302558115347466e-8
2348 9.302558115347466e-8
2349 9.36151822022092e-8
2350 9.36151822022092e-8
2351 9.36151822022092e-8
2352 9.36151822022092e-8
2353 9.36151822022092e-8
2354 9.36151822022092e-8
2355 9.36151822022092e-8
2356 9.36151822022092e-8
2357 9.36151822022092e-8
2358 9.36151822022092e-8
2359 9.36151822022092e-8
2360 9.36151822022092e-8
2361 9.36151822022092e-8
2362 9.36151822022092e-8
2363 9.36151822022092e-8
2364 9.36151822022092e-8
2365 9.36151822022092e-8
2366 9.36151822022092e-8
2367 9.36151822022092e-8
2368 9.36151822022092e-8
2369 9.36151822022092e-8
2370 9.36151822022092e-8
2371 9.42127934006755e-8
2372 9.42127934006755e-8
2373 9.42127934006755e-8
2374 9.42127934006755e-8
2375 9.42127934006755e-8
2376 9.42127934006755e-8
2377 9.42127934006755e-8
2378 9.42127934006755e-8
2379 9.42127934006755e-8
2380 9.42127934006755e-8
2381 9.42127934006755e-8
2382 9.515487281906455e-8
2383 9.515487281906455e-8
2384 9.515487281906455e-8
2385 9.515487281906455e-8
2386 9.515487281906455e-8
2387 9.515487281906455e-8
2388 9.515487281906455e-8
2389 9.51885183816109e-8
2390 9.51885183816109e-8
2391 9.51885183816109e-8
2392 9.537597336513548e-8
2393 9.537597336513548e-8
2394 9.598960669661091e-8
2395 9.598960669661091e-8
2396 9.598960669661091e-8
2397 9.598960669661091e-8
2398 9.598960669661091e-8
2399 9.598960669661091e-8
2400 9.598960669661091e-8
2401 9.598960669661091e-8
2402 9.598960669661091e-8
2403 9.598960669661091e-8
2404 9.598960669661091e-8
2405 9.598960669661091e-8
2406 9.598960669661091e-8
2407 9.598960669661091e-8
2408 9.689964246016358e-8
2409 9.689964246016358e-8
2410 9.689964246016358e-8
2411 9.689964246016358e-8
2412 9.689964246016358e-8
2413 9.689964246016358e-8
2414 9.689964246016358e-8
2415 9.689964246016358e-8
2416 9.689964246016358e-8
2417 9.689964246016358e-8
2418 9.689964246016358e-8
2419 9.689964246016358e-8
2420 9.689964246016358e-8
2421 9.689964246016358e-8
2422 9.689964246016358e-8
2423 9.689964246016358e-8
2424 9.689964246016358e-8
2425 9.689964246016358e-8
2426 9.689964246016358e-8
2427 9.737869354145361e-8
2428 9.737869354145361e-8
2429 9.825348183474996e-8
2430 9.825348183474996e-8
2431 9.855308930461092e-8
2432 9.855308930461092e-8
2433 9.855308930461092e-8
2434 9.855308930461092e-8
2435 9.855308930461092e-8
2436 9.855308930461092e-8
2437 9.855308930461092e-8
2438 9.855308930461092e-8
2439 9.855308930461092e-8
2440 9.855308930461092e-8
2441 9.855308930461092e-8
2442 9.855308930461092e-8
2443 9.855308930461092e-8
2444 9.855308930461092e-8
2445 9.855308930461092e-8
2446 9.85979506658546e-8
2447 9.85979506658546e-8
2448 9.85979506658546e-8
2449 9.85979506658546e-8
2450 9.85979506658546e-8
2451 9.85979506658546e-8
2452 9.85979506658546e-8
2453 9.85979506658546e-8
2454 9.85979506658546e-8
2455 9.85979506658546e-8
2456 9.85979506658546e-8
2457 9.875656580996275e-8
2458 9.875656580996275e-8
2459 9.875656580996275e-8
2460 9.875656580996275e-8
2461 9.875656580996275e-8
2462 9.875656580996275e-8
2463 9.875656580996275e-8
2464 9.875656580996275e-8
2465 9.875656580996275e-8
2466 9.875656580996275e-8
2467 9.875656580996275e-8
2468 9.875656580996275e-8
2469 9.875656580996275e-8
2470 9.875656580996275e-8
2471 9.875656580996275e-8
2472 9.875656580996275e-8
2473 9.875656580996275e-8
2474 9.875656580996275e-8
2475 9.875656580996275e-8
2476 9.875656580996275e-8
2477 9.875656580996275e-8
2478 9.875656580996275e-8
2479 9.875656580996275e-8
2480 9.875656580996275e-8
2481 9.875656580996275e-8
2482 9.875656580996275e-8
2483 9.875656580996275e-8
2484 9.875656580996275e-8
2485 9.875656580996275e-8
2486 9.911865745942272e-8
2487 9.911865745942272e-8
2488 9.911865745942272e-8
2489 9.940224340745642e-8
2490 9.940224340745642e-8
2491 9.954643954862918e-8
2492 9.954643954862918e-8
2493 1.0008797480951823e-7
2494 1.0051255186094098e-7
2495 1.0051255186094098e-7
2496 1.0051255186094098e-7
2497 1.0051255186094098e-7
2498 1.0051255186094098e-7
2499 1.0074486759452736e-7
2500 1.0074486759452736e-7
2501 1.0074486759452736e-7
2502 1.0074486759452736e-7
2503 1.0074486759452736e-7
2504 1.0074486759452736e-7
2505 1.0074486759452736e-7
2506 1.0074486759452736e-7
2507 1.0074486759452736e-7
2508 1.0136010344489464e-7
2509 1.0136010344489464e-7
2510 1.0136010344489464e-7
2511 1.0136010344489464e-7
2512 1.0136010344489464e-7
2513 1.0136010344489464e-7
2514 1.0136010344489464e-7
2515 1.0136010344489464e-7
2516 1.0204903866237638e-7
2517 1.0204903866237638e-7
2518 1.0204903866237638e-7
2519 1.0204903866237638e-7
2520 1.0204903866237638e-7
2521 1.0204903866237638e-7
2522 1.0204903866237638e-7
2523 1.0204903866237638e-7
2524 1.0204903866237638e-7
2525 1.0204903866237638e-7
2526 1.0204903866237638e-7
2527 1.0204903866237638e-7
2528 1.0204903866237638e-7
2529 1.0204903866237638e-7
2530 1.0204903866237638e-7
2531 1.0204903866237638e-7
2532 1.0204903866237638e-7
2533 1.0219804113786094e-7
2534 1.0219804113786094e-7
2535 1.0219804113786094e-7
2536 1.0219804113786094e-7
2537 1.0219804113786094e-7
2538 1.0339006033055546e-7
2539 1.0339006033055546e-7
2540 1.0339006033055546e-7
2541 1.0339006033055546e-7
2542 1.0339006033055546e-7
2543 1.0339006033055546e-7
2544 1.0339006033055546e-7
2545 1.0339006033055546e-7
2546 1.0339006033055546e-7
2547 1.0339006033055546e-7
2548 1.0364801025459268e-7
2549 1.0364801025459268e-7
2550 1.0364801025459268e-7
2551 1.0364801025459268e-7
2552 1.0364801025459268e-7
2553 1.0364801025459268e-7
2554 1.0364801025459268e-7
2555 1.0364801025459268e-7
2556 1.0364801025459268e-7
2557 1.0364801025459268e-7
2558 1.0364801025459268e-7
2559 1.0364801025459268e-7
2560 1.0364801025459268e-7
2561 1.0364801025459268e-7
2562 1.0364801025459268e-7
2563 1.0364801025459268e-7
2564 1.0364801025459268e-7
2565 1.0364801025459268e-7
2566 1.039812626758181e-7
2567 1.039812626758181e-7
2568 1.0438180683331809e-7
2569 1.0438180683331809e-7
2570 1.0438180683331809e-7
2571 1.0438180683331809e-7
2572 1.0470544658591991e-7
2573 1.0470544658591991e-7
2574 1.0470544658591991e-7
2575 1.0470544658591991e-7
2576 1.0470544658591991e-7
2577 1.0470544658591991e-7
2578 1.0470544658591991e-7
2579 1.0470544658591991e-7
2580 1.0470544658591991e-7
2581 1.0470544658591991e-7
2582 1.0470544658591991e-7
2583 1.0503229076512357e-7
2584 1.0503229076512357e-7
2585 1.0503229076512357e-7
2586 1.0503229076512357e-7
2587 1.0503229076512357e-7
2588 1.0503229076512357e-7
2589 1.0503229076512357e-7
2590 1.0503229076512357e-7
2591 1.0503229076512357e-7
2592 1.0519891667014534e-7
2593 1.0519891667014534e-7
2594 1.0550012604771627e-7
2595 1.0550012604771627e-7
2596 1.0592790752574084e-7
2597 1.0592790752574084e-7
2598 1.0592790752574084e-7
2599 1.0592790752574084e-7
2600 1.0592790752574084e-7
2601 1.0617143783566079e-7
2602 1.0617143783566079e-7
2603 1.0617143783566079e-7
2604 1.0617143783566079e-7
2605 1.0617143783566079e-7
2606 1.066248541153181e-7
2607 1.066248541153181e-7
2608 1.066248541153181e-7
2609 1.066248541153181e-7
2610 1.066248541153181e-7
2611 1.066248541153181e-7
2612 1.066248541153181e-7
2613 1.066248541153181e-7
2614 1.066248541153181e-7
2615 1.066248541153181e-7
2616 1.066248541153181e-7
2617 1.066248541153181e-7
2618 1.066248541153181e-7
2619 1.066248541153181e-7
2620 1.066248541153181e-7
2621 1.066248541153181e-7
2622 1.066248541153181e-7
2623 1.066248541153181e-7
2624 1.066248541153181e-7
2625 1.066248541153181e-7
2626 1.066248541153181e-7
2627 1.066248541153181e-7
2628 1.066248541153181e-7
2629 1.066248541153181e-7
2630 1.066248541153181e-7
2631 1.066248541153181e-7
2632 1.066248541153181e-7
2633 1.066248541153181e-7
2634 1.066248541153181e-7
2635 1.066248541153181e-7
2636 1.066248541153181e-7
2637 1.066248541153181e-7
2638 1.066248541153181e-7
2639 1.066248541153181e-7
2640 1.066248541153181e-7
2641 1.066248541153181e-7
2642 1.066248541153181e-7
2643 1.066248541153181e-7
2644 1.066248541153181e-7
2645 1.066248541153181e-7
2646 1.066248541153181e-7
2647 1.066248541153181e-7
2648 1.066248541153181e-7
2649 1.066248541153181e-7
2650 1.066248541153181e-7
2651 1.066248541153181e-7
2652 1.066248541153181e-7
2653 1.066248541153181e-7
2654 1.066248541153181e-7
2655 1.066248541153181e-7
2656 1.066248541153181e-7
2657 1.066248541153181e-7
2658 1.066248541153181e-7
2659 1.066248541153181e-7
2660 1.066248541153181e-7
2661 1.066248541153181e-7
2662 1.066248541153181e-7
2663 1.066248541153181e-7
2664 1.066248541153181e-7
2665 1.066248541153181e-7
2666 1.066248541153181e-7
2667 1.066248541153181e-7
2668 1.066248541153181e-7
2669 1.066248541153181e-7
2670 1.066248541153181e-7
2671 1.066248541153181e-7
2672 1.066248541153181e-7
2673 1.066248541153181e-7
2674 1.066248541153181e-7
2675 1.066248541153181e-7
2676 1.066248541153181e-7
2677 1.066248541153181e-7
2678 1.066248541153181e-7
2679 1.066248541153181e-7
2680 1.066248541153181e-7
2681 1.066248541153181e-7
2682 1.066248541153181e-7
2683 1.066248541153181e-7
2684 1.066248541153181e-7
2685 1.066248541153181e-7
2686 1.066248541153181e-7
2687 1.066248541153181e-7
2688 1.066248541153181e-7
2689 1.066248541153181e-7
2690 1.066248541153181e-7
2691 1.066248541153181e-7
2692 1.066248541153181e-7
2693 1.066248541153181e-7
2694 1.066248541153181e-7
2695 1.066248541153181e-7
2696 1.066248541153181e-7
2697 1.066248541153181e-7
2698 1.066248541153181e-7
2699 1.066248541153181e-7
2700 1.066248541153181e-7
2701 1.0703501155262357e-7
2702 1.0703501155262357e-7
2703 1.0703501155262357e-7
2704 1.0824305287832722e-7
2705 1.0824305287832722e-7
2706 1.0824305287832722e-7
2707 1.0824305287832722e-7
2708 1.0824305287832722e-7
2709 1.0942706192129e-7
2710 1.0942706192129e-7
2711 1.0942706192129e-7
2712 1.0998461931518817e-7
2713 1.0998461931518817e-7
2714 1.0998461931518817e-7
2715 1.0998461931518817e-7
2716 1.0998461931518817e-7
2717 1.0998461931518817e-7
2718 1.0998461931518817e-7
2719 1.0998461931518817e-7
2720 1.0998461931518817e-7
2721 1.0998461931518817e-7
2722 1.1027461289406177e-7
2723 1.1027461289406177e-7
2724 1.1027461289406177e-7
2725 1.1027461289406177e-7
2726 1.1027461289406177e-7
2727 1.1027461289406177e-7
2728 1.1027461289406177e-7
2729 1.105934463123518e-7
2730 1.1142978270879e-7
2731 1.1142978270879e-7
2732 1.1142978270879e-7
2733 1.1182712182850629e-7
2734 1.1182712182850629e-7
2735 1.1182712182850629e-7
2736 1.1182712182850629e-7
2737 1.1182712182850629e-7
2738 1.1182712182850629e-7
2739 1.1274837339075628e-7
2740 1.1274837339075628e-7
2741 1.1274837339075628e-7
2742 1.1274837339075628e-7
2743 1.1274837339075628e-7
2744 1.1274837339075628e-7
2745 1.1352703133072538e-7
2746 1.1352703133072538e-7
2747 1.1352703133072538e-7
2748 1.1352703133072538e-7
2749 1.1352703133072538e-7
2750 1.1352703133072538e-7
2751 1.1352703133072538e-7
2752 1.1352703133072538e-7
2753 1.1352703133072538e-7
2754 1.1352703133072538e-7
2755 1.1352703133072538e-7
2756 1.1352703133072538e-7
2757 1.1352703133072538e-7
2758 1.1352703133072538e-7
2759 1.1352703133072538e-7
2760 1.1352703133072538e-7
2761 1.1352703133072538e-7
2762 1.1352703133072538e-7
2763 1.1352703133072538e-7
2764 1.1420475197187355e-7
2765 1.1485042956936723e-7
2766 1.1485042956936723e-7
2767 1.1485042956936723e-7
2768 1.1485042956936723e-7
2769 1.1485042956936723e-7
2770 1.1485042956936723e-7
2771 1.1485042956936723e-7
2772 1.1495617320249995e-7
2773 1.1495617320249995e-7
2774 1.1495617320249995e-7
2775 1.1495617320249995e-7
2776 1.1495617320249995e-7
2777 1.1495617320249995e-7
2778 1.1495617320249995e-7
2779 1.1495617320249995e-7
2780 1.1495617320249995e-7
2781 1.1495617320249995e-7
2782 1.1495617320249995e-7
2783 1.1495617320249995e-7
2784 1.1495617320249995e-7
2785 1.1563229254712003e-7
2786 1.1563229254712003e-7
2787 1.1563229254712003e-7
2788 1.1563229254712003e-7
2789 1.1563229254712003e-7
2790 1.1618824803330824e-7
2791 1.1618824803330824e-7
2792 1.1618824803330824e-7
2793 1.1618824803330824e-7
2794 1.1618824803330824e-7
2795 1.1618824803330824e-7
2796 1.1618824803330824e-7
2797 1.1618824803330824e-7
2798 1.1618824803330824e-7
2799 1.1618824803330824e-7
2800 1.1618824803330824e-7
2801 1.1618824803330824e-7
2802 1.1618824803330824e-7
2803 1.1618824803330824e-7
2804 1.1618824803330824e-7
2805 1.1618824803330824e-7
2806 1.1618824803330824e-7
2807 1.1618824803330824e-7
2808 1.1618824803330824e-7
2809 1.1618824803330824e-7
2810 1.1618824803330824e-7
2811 1.1618824803330824e-7
2812 1.1618824803330824e-7
2813 1.1618824803330824e-7
2814 1.1618824803330824e-7
2815 1.1618824803330824e-7
2816 1.1618824803330824e-7
2817 1.1618824803330824e-7
2818 1.1679066617726822e-7
2819 1.1679066617726822e-7
2820 1.1679066617726822e-7
2821 1.1679066617726822e-7
2822 1.1679066617726822e-7
2823 1.1679066617726822e-7
2824 1.1679066617726822e-7
2825 1.1721524261750909e-7
2826 1.1721524261750909e-7
2827 1.1721524261750909e-7
2828 1.1721524261750909e-7
2829 1.1721524261750909e-7
2830 1.1721524261750909e-7
2831 1.1721524261750909e-7
2832 1.1721524261750909e-7
2833 1.1721524261750909e-7
2834 1.1758053930475277e-7
2835 1.1758053930475277e-7
2836 1.1758053930475277e-7
2837 1.1758053930475277e-7
2838 1.1758053930475277e-7
2839 1.1758053930475277e-7
2840 1.1758053930475277e-7
2841 1.1793622271219098e-7
2842 1.1793622271219098e-7
2843 1.1793622271219098e-7
2844 1.1804356825303368e-7
2845 1.1804356825303368e-7
2846 1.1804356825303368e-7
2847 1.1804356825303368e-7
2848 1.1804356825303368e-7
2849 1.1804356825303368e-7
2850 1.1936856778820363e-7
2851 1.1936856778820363e-7
2852 1.1936856778820363e-7
2853 1.1936856778820363e-7
2854 1.1936856778820363e-7
2855 1.1936856778820363e-7
2856 1.1985402711151544e-7
2857 1.1985402711151544e-7
2858 1.1985402711151544e-7
2859 1.1985402711151544e-7
2860 1.1985402711151544e-7
2861 1.1985402711151544e-7
2862 1.1985402711151544e-7
2863 1.1985402711151544e-7
2864 1.1985402711151544e-7
2865 1.1985402711151544e-7
2866 1.1985402711151544e-7
2867 1.1985402711151544e-7
2868 1.1985402711151544e-7
2869 1.1985402711151544e-7
2870 1.1985402711151544e-7
2871 1.1985402711151544e-7
2872 1.1985402711151544e-7
2873 1.1985402711151544e-7
2874 1.1985402711151544e-7
2875 1.1985402711151544e-7
2876 1.1985402711151544e-7
2877 1.1985402711151544e-7
2878 1.1985402711151544e-7
2879 1.1985402711151544e-7
2880 1.2010396688582093e-7
2881 1.2010396688582093e-7
2882 1.2010396688582093e-7
2883 1.2010396688582093e-7
2884 1.2010396688582093e-7
2885 1.2010396688582093e-7
2886 1.2010396688582093e-7
2887 1.2010396688582093e-7
2888 1.2010396688582093e-7
2889 1.2010396688582093e-7
2890 1.2010396688582093e-7
2891 1.2010396688582093e-7
2892 1.2010396688582093e-7
2893 1.2010396688582093e-7
2894 1.2055417812769452e-7
2895 1.2055417812769452e-7
2896 1.2055417812769452e-7
2897 1.2055417812769452e-7
2898 1.2055417812769452e-7
2899 1.2055417812769452e-7
2900 1.2055417812769452e-7
2901 1.2055417812769452e-7
2902 1.2055417812769452e-7
2903 1.2055417812769452e-7
2904 1.208265482770309e-7
2905 1.208265482770309e-7
2906 1.208265482770309e-7
2907 1.208265482770309e-7
2908 1.208265482770309e-7
2909 1.208265482770309e-7
2910 1.208265482770309e-7
2911 1.208265482770309e-7
2912 1.208265482770309e-7
2913 1.208265482770309e-7
2914 1.208265482770309e-7
2915 1.208265482770309e-7
2916 1.208265482770309e-7
2917 1.208265482770309e-7
2918 1.208265482770309e-7
2919 1.220265788418209e-7
2920 1.220265788418209e-7
2921 1.220265788418209e-7
2922 1.220265788418209e-7
2923 1.220265788418209e-7
2924 1.220265788418209e-7
2925 1.220265788418209e-7
2926 1.220265788418209e-7
2927 1.220265788418209e-7
2928 1.220265788418209e-7
2929 1.220265788418209e-7
2930 1.220265788418209e-7
2931 1.220265788418209e-7
2932 1.220265788418209e-7
2933 1.220265788418209e-7
2934 1.220265788418209e-7
2935 1.220265788418209e-7
2936 1.220265788418209e-7
2937 1.220265788418209e-7
2938 1.220265788418209e-7
2939 1.222941420456636e-7
2940 1.222941420456636e-7
2941 1.2260336218414816e-7
2942 1.2260336218414816e-7
2943 1.2260336218414816e-7
2944 1.2260336218414816e-7
2945 1.2260336218414816e-7
2946 1.2260336218414816e-7
2947 1.2260336218414816e-7
2948 1.2260336218414816e-7
2949 1.2260336218414816e-7
2950 1.2260336218414816e-7
2951 1.2260336218414816e-7
2952 1.2260336218414816e-7
2953 1.2260336218414816e-7
2954 1.2260336218414816e-7
2955 1.2260336218414816e-7
2956 1.2260336218414816e-7
2957 1.2285170005074367e-7
2958 1.2285170005074367e-7
2959 1.2285170005074367e-7
2960 1.2285170005074367e-7
2961 1.2285170005074367e-7
2962 1.2285170005074367e-7
2963 1.2285170005074367e-7
2964 1.2285170005074367e-7
2965 1.2285170005074367e-7
2966 1.2285170005074367e-7
2967 1.2285170005074367e-7
2968 1.2285170005074367e-7
2969 1.2285170005074367e-7
2970 1.2285170005074367e-7
2971 1.2342207515104915e-7
2972 1.2342207515104915e-7
2973 1.2342207515104915e-7
2974 1.2342207515104915e-7
2975 1.2342207515104915e-7
2976 1.255786041371636e-7
2977 1.255786041371636e-7
2978 1.255786041371636e-7
2979 1.255786041371636e-7
2980 1.255786041371636e-7
2981 1.255786041371636e-7
2982 1.255786041371636e-7
2983 1.255786041371636e-7
2984 1.255786041371636e-7
2985 1.255786041371636e-7
2986 1.255786041371636e-7
2987 1.255786041371636e-7
2988 1.255786041371636e-7
2989 1.255786041371636e-7
2990 1.255786041371636e-7
2991 1.255786041371636e-7
2992 1.255786041371636e-7
2993 1.255786041371636e-7
2994 1.255786041371636e-7
2995 1.255786041371636e-7
2996 1.255786041371636e-7
2997 1.255786041371636e-7
2998 1.2587180275382092e-7
2999 1.2587180275382092e-7
3000 1.2587180275382092e-7
3001 1.2587180275382092e-7
3002 1.2628516461772822e-7
3003 1.2628516461772822e-7
3004 1.2628516461772822e-7
3005 1.2628516461772822e-7
3006 1.2718078198952737e-7
3007 1.2718078198952737e-7
3008 1.2718078198952737e-7
3009 1.2718078198952737e-7
3010 1.2718078198952737e-7
3011 1.2718078198952737e-7
3012 1.2718078198952737e-7
3013 1.2718078198952737e-7
3014 1.2718078198952737e-7
3015 1.2718078198952737e-7
3016 1.2718078198952737e-7
3017 1.2718078198952737e-7
3018 1.2718078198952737e-7
3019 1.2718078198952737e-7
3020 1.2718078198952737e-7
3021 1.2718078198952737e-7
3022 1.2718078198952737e-7
3023 1.2736663384297822e-7
3024 1.2736663384297822e-7
3025 1.2736663384297822e-7
3026 1.2736663384297822e-7
3027 1.2736663384297822e-7
3028 1.2736663384297822e-7
3029 1.2736663384297822e-7
3030 1.2736663384297822e-7
3031 1.2736663384297822e-7
3032 1.2736663384297822e-7
3033 1.2805236646740378e-7
3034 1.2805236646740378e-7
3035 1.2805236646740378e-7
3036 1.2822379931791924e-7
3037 1.2822379931791924e-7
3038 1.2822379931791924e-7
3039 1.2901687687200562e-7
3040 1.2901687687200562e-7
3041 1.2901687687200562e-7
3042 1.2901687687200562e-7
3043 1.2901687687200562e-7
3044 1.2901687687200562e-7
3045 1.294094096574101e-7
3046 1.294094096574101e-7
3047 1.294094096574101e-7
3048 1.294094096574101e-7
3049 1.294094096574101e-7
3050 1.294094096574101e-7
3051 1.294094096574101e-7
3052 1.294094096574101e-7
3053 1.294094096574101e-7
3054 1.294094096574101e-7
3055 1.294094096574101e-7
3056 1.294094096574101e-7
3057 1.294094096574101e-7
3058 1.294094096574101e-7
3059 1.294094096574101e-7
3060 1.294094096574101e-7
3061 1.294094096574101e-7
3062 1.294094096574101e-7
3063 1.294094096574101e-7
3064 1.294094096574101e-7
3065 1.294094096574101e-7
3066 1.294094096574101e-7
3067 1.294094096574101e-7
3068 1.294094096574101e-7
3069 1.294094096574101e-7
3070 1.294094096574101e-7
3071 1.294094096574101e-7
3072 1.294094096574101e-7
3073 1.294094096574101e-7
3074 1.294094096574101e-7
3075 1.294094096574101e-7
3076 1.294094096574101e-7
3077 1.294094096574101e-7
3078 1.294094096574101e-7
3079 1.294094096574101e-7
3080 1.294094096574101e-7
3081 1.294094096574101e-7
3082 1.294094096574101e-7
3083 1.294094096574101e-7
3084 1.294094096574101e-7
3085 1.294094096574101e-7
3086 1.294094096574101e-7
3087 1.294094096574101e-7
3088 1.294094096574101e-7
3089 1.303851346383455e-7
3090 1.303851346383455e-7
3091 1.3048927575258635e-7
3092 1.3048927575258635e-7
3093 1.3048927575258635e-7
3094 1.3068954783133635e-7
3095 1.3068954783133635e-7
3096 1.3095871294288903e-7
3097 1.3095871294288903e-7
3098 1.3095871294288903e-7
3099 1.3095871294288903e-7
3100 1.3095871294288903e-7
3101 1.3095871294288903e-7
3102 1.3095871294288903e-7
3103 1.3095871294288903e-7
3104 1.3095871294288903e-7
3105 1.3095871294288903e-7
3106 1.3095871294288903e-7
3107 1.3095871294288903e-7
3108 1.3095871294288903e-7
3109 1.3095871294288903e-7
3110 1.3095871294288903e-7
3111 1.3095871294288903e-7
3112 1.3095871294288903e-7
3113 1.3095871294288903e-7
3114 1.3095871294288903e-7
3115 1.3095871294288903e-7
3116 1.3095871294288903e-7
3117 1.3095871294288903e-7
3118 1.3095871294288903e-7
3119 1.3095871294288903e-7
3120 1.3095871294288903e-7
3121 1.3095871294288903e-7
3122 1.3095871294288903e-7
3123 1.3095871294288903e-7
3124 1.3095871294288903e-7
3125 1.3095871294288903e-7
3126 1.3095871294288903e-7
3127 1.3095871294288903e-7
3128 1.3095871294288903e-7
3129 1.3095871294288903e-7
3130 1.3095871294288903e-7
3131 1.3095871294288903e-7
3132 1.3095871294288903e-7
3133 1.3095871294288903e-7
3134 1.3095871294288903e-7
3135 1.3095871294288903e-7
3136 1.3095871294288903e-7
3137 1.3095871294288903e-7
3138 1.3095871294288903e-7
3139 1.3095871294288903e-7
3140 1.3095871294288903e-7
3141 1.3095871294288903e-7
3142 1.3095871294288903e-7
3143 1.3095871294288903e-7
3144 1.3095871294288903e-7
3145 1.3095871294288903e-7
3146 1.3095871294288903e-7
3147 1.3095871294288903e-7
3148 1.3095871294288903e-7
3149 1.3095871294288903e-7
3150 1.3095871294288903e-7
3151 1.3095871294288903e-7
3152 1.3095871294288903e-7
3153 1.3095871294288903e-7
3154 1.3095871294288903e-7
3155 1.3095871294288903e-7
3156 1.3095871294288903e-7
3157 1.3095871294288903e-7
3158 1.3095871294288903e-7
3159 1.3095871294288903e-7
3160 1.3095871294288903e-7
3161 1.3095871294288903e-7
3162 1.3095871294288903e-7
3163 1.3095871294288903e-7
3164 1.3095871294288903e-7
3165 1.3095871294288903e-7
3166 1.3095871294288903e-7
3167 1.3095871294288903e-7
3168 1.3095871294288903e-7
3169 1.3095871294288903e-7
3170 1.3095871294288903e-7
3171 1.3095871294288903e-7
3172 1.3095871294288903e-7
3173 1.3095871294288903e-7
3174 1.3095871294288903e-7
3175 1.3095871294288903e-7
3176 1.3095871294288903e-7
3177 1.3095871294288903e-7
3178 1.3095871294288903e-7
3179 1.3095871294288903e-7
3180 1.3095871294288903e-7
3181 1.3095871294288903e-7
3182 1.3095871294288903e-7
3183 1.3095871294288903e-7
3184 1.3095871294288903e-7
3185 1.3095871294288903e-7
3186 1.3095871294288903e-7
3187 1.3095871294288903e-7
3188 1.3095871294288903e-7
3189 1.3095871294288903e-7
3190 1.3095871294288903e-7
3191 1.3095871294288903e-7
3192 1.3095871294288903e-7
3193 1.3095871294288903e-7
3194 1.3095871294288903e-7
3195 1.3095871294288903e-7
3196 1.3095871294288903e-7
3197 1.3095871294288903e-7
3198 1.3095871294288903e-7
3199 1.3095871294288903e-7
3200 1.3095871294288903e-7
3201 1.3095871294288903e-7
3202 1.3095871294288903e-7
3203 1.3095871294288903e-7
3204 1.3095871294288903e-7
3205 1.3095871294288903e-7
3206 1.3181267338004634e-7
3207 1.3181267338004634e-7
3208 1.3181267338004634e-7
3209 1.3181267338004634e-7
3210 1.3181267338004634e-7
3211 1.3181267338004634e-7
3212 1.3181267338004634e-7
3213 1.3181267338004634e-7
3214 1.3181267338004634e-7
3215 1.3181267338004634e-7
3216 1.3181267338004634e-7
3217 1.3181267338004634e-7
3218 1.3181267338004634e-7
3219 1.3181267338004634e-7
3220 1.3181267338004634e-7
3221 1.3181267338004634e-7
3222 1.3181267338004634e-7
3223 1.3181267338004634e-7
3224 1.3181267338004634e-7
3225 1.3195046189037921e-7
3226 1.3195046189037921e-7
3227 1.3195046189037921e-7
3228 1.3195046189037921e-7
3229 1.3195046189037921e-7
3230 1.3195046189037921e-7
3231 1.3282044384936376e-7
3232 1.3282044384936376e-7
3233 1.3282044384936376e-7
3234 1.3282044384936376e-7
3235 1.3282044384936376e-7
3236 1.3282044384936376e-7
3237 1.3282044384936376e-7
3238 1.3282044384936376e-7
3239 1.3282044384936376e-7
3240 1.3282044384936376e-7
3241 1.3282044384936376e-7
3242 1.3282044384936376e-7
3243 1.3282044384936376e-7
3244 1.3282044384936376e-7
3245 1.3282044384936376e-7
3246 1.3282044384936376e-7
3247 1.3282044384936376e-7
3248 1.3282044384936376e-7
3249 1.3282044384936376e-7
3250 1.3282044384936376e-7
3251 1.3282044384936376e-7
3252 1.3282044384936376e-7
3253 1.33397227191691e-7
3254 1.33397227191691e-7
3255 1.33397227191691e-7
3256 1.33397227191691e-7
3257 1.33397227191691e-7
3258 1.33397227191691e-7
3259 1.33397227191691e-7
3260 1.33397227191691e-7
3261 1.33397227191691e-7
3262 1.33397227191691e-7
3263 1.33397227191691e-7
3264 1.33397227191691e-7
3265 1.3374169480043188e-7
3266 1.3374169480043188e-7
3267 1.3374169480043188e-7
3268 1.3374169480043188e-7
3269 1.3374169480043188e-7
3270 1.3374169480043188e-7
3271 1.3374169480043188e-7
3272 1.3374169480043188e-7
3273 1.3374169480043188e-7
3274 1.3374169480043188e-7
3275 1.3374169480043188e-7
3276 1.3374169480043188e-7
3277 1.3374169480043188e-7
3278 1.3374169480043188e-7
3279 1.3374169480043188e-7
3280 1.3423836931125912e-7
3281 1.3423836931125912e-7
3282 1.3423836931125912e-7
3283 1.3423836931125912e-7
3284 1.3476708686574086e-7
3285 1.3476708686574086e-7
3286 1.3476708686574086e-7
3287 1.3476708686574086e-7
3288 1.352108892544108e-7
3289 1.352108892544108e-7
3290 1.352108892544108e-7
3291 1.3579568458001542e-7
3292 1.3579568458001542e-7
3293 1.3579568458001542e-7
3294 1.3579568458001542e-7
3295 1.3579568458001542e-7
3296 1.3579568458001542e-7
3297 1.3579568458001542e-7
3298 1.3625711100940445e-7
3299 1.3625711100940445e-7
3300 1.3657914824311442e-7
3301 1.3657914824311442e-7
3302 1.3657914824311442e-7
3303 1.3657914824311442e-7
3304 1.3657914824311442e-7
3305 1.3657914824311442e-7
3306 1.3657914824311442e-7
3307 1.3657914824311442e-7
3308 1.3657914824311442e-7
3309 1.3721681507969447e-7
3310 1.3721681507969447e-7
3311 1.3721681507969447e-7
3312 1.3721681507969447e-7
3313 1.3721681507969447e-7
3314 1.3721681507969447e-7
3315 1.376782415090835e-7
3316 1.376782415090835e-7
3317 1.376782415090835e-7
3318 1.376782415090835e-7
3319 1.376782415090835e-7
3320 1.376782415090835e-7
3321 1.376782415090835e-7
3322 1.3833833872069445e-7
3323 1.3833833872069445e-7
3324 1.3833833872069445e-7
3325 1.3833833872069445e-7
3326 1.3833833872069445e-7
3327 1.3930445164418813e-7
3328 1.3930445164418813e-7
3329 1.3930445164418813e-7
3330 1.3930445164418813e-7
3331 1.3930445164418813e-7
3332 1.3939417314431173e-7
3333 1.3939417314431173e-7
3334 1.3939417314431173e-7
3335 1.3939417314431173e-7
3336 1.3939417314431173e-7
3337 1.3939417314431173e-7
3338 1.3939417314431173e-7
3339 1.3939417314431173e-7
3340 1.3939417314431173e-7
3341 1.3939417314431173e-7
3342 1.3939417314431173e-7
3343 1.3945505602738266e-7
3344 1.3945505602738266e-7
3345 1.3945505602738266e-7
3346 1.4026896082642618e-7
3347 1.4026896082642618e-7
3348 1.4026896082642618e-7
3349 1.4026896082642618e-7
3350 1.4026896082642618e-7
3351 1.4026896082642618e-7
3352 1.4080889417960525e-7
3353 1.4080889417960525e-7
3354 1.4080889417960525e-7
3355 1.4080889417960525e-7
3356 1.4080889417960525e-7
3357 1.4080889417960525e-7
3358 1.4080889417960525e-7
3359 1.4080889417960525e-7
3360 1.4080889417960525e-7
3361 1.4080889417960525e-7
3362 1.4080889417960525e-7
3363 1.4080889417960525e-7
3364 1.4080889417960525e-7
3365 1.4080889417960525e-7
3366 1.412911496874971e-7
3367 1.412911496874971e-7
3368 1.412911496874971e-7
3369 1.4158434769297252e-7
3370 1.4158434769297252e-7
3371 1.4158434769297252e-7
3372 1.4158434769297252e-7
3373 1.4158434769297252e-7
3374 1.4158434769297252e-7
3375 1.4158434769297252e-7
3376 1.4158434769297252e-7
3377 1.4158434769297252e-7
3378 1.4158434769297252e-7
3379 1.4158434769297252e-7
3380 1.4158434769297252e-7
3381 1.4158434769297252e-7
3382 1.4158434769297252e-7
3383 1.4158434769297252e-7
3384 1.4158434769297252e-7
3385 1.4158434769297252e-7
3386 1.4210024815222885e-7
3387 1.4210024815222885e-7
3388 1.4210024815222885e-7
3389 1.4210024815222885e-7
3390 1.4210024815222885e-7
3391 1.4210024815222885e-7
3392 1.4210024815222885e-7
3393 1.4210024815222885e-7
3394 1.4210024815222885e-7
3395 1.4210024815222885e-7
3396 1.4210024815222885e-7
3397 1.4210024815222885e-7
3398 1.4210024815222885e-7
3399 1.4210024815222885e-7
3400 1.4210024815222885e-7
3401 1.4210024815222885e-7
3402 1.429381870675589e-7
3403 1.429381870675589e-7
3404 1.429381870675589e-7
3405 1.429381870675589e-7
3406 1.429381870675589e-7
3407 1.429381870675589e-7
3408 1.429381870675589e-7
3409 1.4478229209976887e-7
3410 1.4478229209976887e-7
3411 1.4531581721092616e-7
3412 1.4531581721092616e-7
3413 1.4550807852876254e-7
3414 1.4550807852876254e-7
3415 1.4550807852876254e-7
3416 1.4550807852876254e-7
3417 1.4550807852876254e-7
3418 1.4550807852876254e-7
3419 1.4550807852876254e-7
3420 1.4550807852876254e-7
3421 1.4550807852876254e-7
3422 1.473569905064662e-7
3423 1.473569905064662e-7
3424 1.473569905064662e-7
3425 1.473569905064662e-7
3426 1.473569905064662e-7
3427 1.473569905064662e-7
3428 1.473569905064662e-7
3429 1.473569905064662e-7
3430 1.473569905064662e-7
3431 1.473569905064662e-7
3432 1.473569905064662e-7
3433 1.473569905064662e-7
3434 1.480651522835589e-7
3435 1.480651522835589e-7
3436 1.480651522835589e-7
3437 1.480651522835589e-7
3438 1.480651522835589e-7
3439 1.480651522835589e-7
3440 1.480651522835589e-7
3441 1.480651522835589e-7
3442 1.480651522835589e-7
3443 1.480651522835589e-7
3444 1.480651522835589e-7
3445 1.480651522835589e-7
3446 1.480651522835589e-7
3447 1.480651522835589e-7
3448 1.480651522835589e-7
3449 1.480651522835589e-7
3450 1.480651522835589e-7
3451 1.4813564844643532e-7
3452 1.4813564844643532e-7
3453 1.4813564844643532e-7
3454 1.4813564844643532e-7
3455 1.4813564844643532e-7
3456 1.4813564844643532e-7
3457 1.4813564844643532e-7
3458 1.4813564844643532e-7
3459 1.4813564844643532e-7
3460 1.4861309700883348e-7
3461 1.4861309700883348e-7
3462 1.4861309700883348e-7
3463 1.4861309700883348e-7
3464 1.4861309700883348e-7
3465 1.4861309700883348e-7
3466 1.4861309700883348e-7
3467 1.4861309700883348e-7
3468 1.4861309700883348e-7
3469 1.4861309700883348e-7
3470 1.4861309700883348e-7
3471 1.4861309700883348e-7
3472 1.4861309700883348e-7
3473 1.4861309700883348e-7
3474 1.4861309700883348e-7
3475 1.4861309700883348e-7
3476 1.4861309700883348e-7
3477 1.4861309700883348e-7
3478 1.4861309700883348e-7
3479 1.4861309700883348e-7
3480 1.4861309700883348e-7
3481 1.4861309700883348e-7
3482 1.4861309700883348e-7
3483 1.4861309700883348e-7
3484 1.4861309700883348e-7
3485 1.4861309700883348e-7
3486 1.4861309700883348e-7
3487 1.4861309700883348e-7
3488 1.4900883483202168e-7
3489 1.4900883483202168e-7
3490 1.4900883483202168e-7
3491 1.4900883483202168e-7
3492 1.4900883483202168e-7
3493 1.4937252838919163e-7
3494 1.4937252838919163e-7
3495 1.4937252838919163e-7
3496 1.4937252838919163e-7
3497 1.4937252838919163e-7
3498 1.4937252838919163e-7
3499 1.4937252838919163e-7
3500 1.4937252838919163e-7
3501 1.495215308646762e-7
3502 1.495215308646762e-7
3503 1.495215308646762e-7
3504 1.495215308646762e-7
3505 1.495215308646762e-7
3506 1.499525167693026e-7
3507 1.499525167693026e-7
3508 1.499525167693026e-7
3509 1.5028256537510807e-7
3510 1.5028256537510807e-7
3511 1.5028256537510807e-7
3512 1.5028256537510807e-7
3513 1.5028256537510807e-7
3514 1.5028256537510807e-7
3515 1.5028256537510807e-7
3516 1.5028256537510807e-7
3517 1.5028256537510807e-7
3518 1.5028256537510807e-7
3519 1.5028256537510807e-7
3520 1.5028256537510807e-7
3521 1.5028256537510807e-7
3522 1.5028256537510807e-7
3523 1.5028256537510807e-7
3524 1.5028256537510807e-7
3525 1.5028256537510807e-7
3526 1.5028256537510807e-7
3527 1.5028256537510807e-7
3528 1.5028256537510807e-7
3529 1.5028256537510807e-7
3530 1.5028256537510807e-7
3531 1.5100995371181172e-7
3532 1.5100995371181172e-7
3533 1.5100995371181172e-7
3534 1.5100995371181172e-7
3535 1.5100995371181172e-7
3536 1.5337476675995357e-7
3537 1.5337476675995357e-7
3538 1.5337476675995357e-7
3539 1.5337476675995357e-7
3540 1.5337476675995357e-7
3541 1.5337476675995357e-7
3542 1.5337476675995357e-7
3543 1.5337476675995357e-7
3544 1.5388746340378994e-7
3545 1.5388746340378994e-7
3546 1.5388746340378994e-7
3547 1.5388746340378994e-7
3548 1.5388746340378994e-7
3549 1.5388746340378994e-7
3550 1.5388746340378994e-7
3551 1.5388746340378994e-7
3552 1.5388746340378994e-7
3553 1.5410535952325904e-7
3554 1.5410535952325904e-7
3555 1.5441618156945357e-7
3556 1.5441618156945357e-7
3557 1.5441618156945357e-7
3558 1.5536947678653994e-7
3559 1.5536947678653994e-7
3560 1.5536947678653994e-7
3561 1.5536947678653994e-7
3562 1.5536947678653994e-7
3563 1.5536947678653994e-7
3564 1.5536947678653994e-7
3565 1.5536947678653994e-7
3566 1.5536947678653994e-7
3567 1.5536947678653994e-7
3568 1.5593824997913544e-7
3569 1.5593824997913544e-7
3570 1.5593824997913544e-7
3571 1.5593824997913544e-7
3572 1.5593824997913544e-7
3573 1.5593824997913544e-7
3574 1.5593824997913544e-7
3575 1.5593824997913544e-7
3576 1.5593824997913544e-7
3577 1.5593824997913544e-7
3578 1.5593824997913544e-7
3579 1.5593824997913544e-7
3580 1.5593824997913544e-7
3581 1.5593824997913544e-7
3582 1.5593824997913544e-7
3583 1.5593824997913544e-7
3584 1.5593824997913544e-7
3585 1.5593824997913544e-7
3586 1.5593824997913544e-7
3587 1.5593824997913544e-7
3588 1.5593824997913544e-7
3589 1.5593824997913544e-7
3590 1.5593824997913544e-7
3591 1.5593824997913544e-7
3592 1.5593824997913544e-7
3593 1.5593824997913544e-7
3594 1.5593824997913544e-7
3595 1.5593824997913544e-7
3596 1.5593824997913544e-7
3597 1.5593824997913544e-7
3598 1.5593824997913544e-7
3599 1.5593824997913544e-7
3600 1.5593824997913544e-7
3601 1.5593824997913544e-7
3602 1.5593824997913544e-7
3603 1.5593824997913544e-7
3604 1.5593824997913544e-7
3605 1.5593824997913544e-7
3606 1.5618498471565722e-7
3607 1.5618498471565722e-7
3608 1.5618498471565722e-7
3609 1.5618498471565722e-7
3610 1.5618498471565722e-7
3611 1.5618498471565722e-7
3612 1.5618498471565722e-7
3613 1.5618498471565722e-7
3614 1.5618498471565722e-7
3615 1.5618498471565722e-7
3616 1.5618498471565722e-7
3617 1.5618498471565722e-7
3618 1.5618498471565722e-7
3619 1.5676337057687632e-7
3620 1.5676337057687632e-7
3621 1.5676337057687632e-7
3622 1.5676337057687632e-7
3623 1.5676337057687632e-7
3624 1.5676337057687632e-7
3625 1.5676337057687632e-7
3626 1.5676337057687632e-7
3627 1.5676337057687632e-7
3628 1.5693640594628362e-7
3629 1.5693640594628362e-7
3630 1.5693640594628362e-7
3631 1.5693640594628362e-7
3632 1.5693640594628362e-7
3633 1.5693640594628362e-7
3634 1.5693640594628362e-7
3635 1.5693640594628362e-7
3636 1.5693640594628362e-7
3637 1.5693640594628362e-7
3638 1.5693640594628362e-7
3639 1.5693640594628362e-7
3640 1.5693640594628362e-7
3641 1.5693640594628362e-7
3642 1.5693640594628362e-7
3643 1.5693640594628362e-7
3644 1.5693640594628362e-7
3645 1.5693640594628362e-7
3646 1.5693640594628362e-7
3647 1.5693640594628362e-7
3648 1.5693640594628362e-7
3649 1.5693640594628362e-7
3650 1.5693640594628362e-7
3651 1.5693640594628362e-7
3652 1.5693640594628362e-7
3653 1.5693640594628362e-7
3654 1.5693640594628362e-7
3655 1.5693640594628362e-7
3656 1.571286666529381e-7
3657 1.571286666529381e-7
3658 1.571286666529381e-7
3659 1.571286666529381e-7
3660 1.571286666529381e-7
3661 1.571286666529381e-7
3662 1.576910297699662e-7
3663 1.576910297699662e-7
3664 1.576910297699662e-7
3665 1.576910297699662e-7
3666 1.576910297699662e-7
3667 1.576910297699662e-7
3668 1.576910297699662e-7
3669 1.576910297699662e-7
3670 1.580451112696944e-7
3671 1.580451112696944e-7
3672 1.580451112696944e-7
3673 1.5851615036770704e-7
3674 1.5851615036770704e-7
3675 1.5897277046278428e-7
3676 1.5897277046278428e-7
3677 1.5897277046278428e-7
3678 1.5900641602533061e-7
3679 1.591938710088552e-7
3680 1.591938710088552e-7
3681 1.591938710088552e-7
3682 1.591938710088552e-7
3683 1.5942939178022527e-7
3684 1.5942939178022527e-7
3685 1.5942939178022527e-7
3686 1.5942939178022527e-7
3687 1.5942939178022527e-7
3688 1.5942939178022527e-7
3689 1.5966491132923158e-7
3690 1.5966491132923158e-7
3691 1.5966491132923158e-7
3692 1.598603764624879e-7
3693 1.598603764624879e-7
3694 1.598603764624879e-7
3695 1.598603764624879e-7
3696 1.598603764624879e-7
3697 1.598603764624879e-7
3698 1.598603764624879e-7
3699 1.598603764624879e-7
3700 1.598603764624879e-7
3701 1.598603764624879e-7
3702 1.598603764624879e-7
3703 1.598603764624879e-7
3704 1.598603764624879e-7
3705 1.598603764624879e-7
3706 1.598603764624879e-7
3707 1.598603764624879e-7
3708 1.598603764624879e-7
3709 1.598603764624879e-7
3710 1.598603764624879e-7
3711 1.598603764624879e-7
3712 1.598603764624879e-7
3713 1.598603764624879e-7
3714 1.598603764624879e-7
3715 1.598603764624879e-7
3716 1.598603764624879e-7
3717 1.598603764624879e-7
3718 1.598603764624879e-7
3719 1.598603764624879e-7
3720 1.598603764624879e-7
3721 1.598603764624879e-7
3722 1.598603764624879e-7
3723 1.598603764624879e-7
3724 1.598603764624879e-7
3725 1.598603764624879e-7
3726 1.598603764624879e-7
3727 1.598603764624879e-7
3728 1.598603764624879e-7
3729 1.598603764624879e-7
3730 1.6056212999755883e-7
3731 1.6056212999755883e-7
3732 1.6056212999755883e-7
3733 1.6056212999755883e-7
3734 1.6056212999755883e-7
3735 1.6056212999755883e-7
3736 1.6056212999755883e-7
3737 1.6056212999755883e-7
3738 1.6056212999755883e-7
3739 1.6118858164662343e-7
3740 1.6118858164662343e-7
3741 1.6118858164662343e-7
3742 1.6219955532017891e-7
3743 1.6280357537184887e-7
3744 1.6280357537184887e-7
3745 1.6280357537184887e-7
3746 1.6280357537184887e-7
3747 1.6280357537184887e-7
3748 1.6280357537184887e-7
3749 1.6280357537184887e-7
3750 1.6280357537184887e-7
3751 1.6345405930365435e-7
3752 1.6345405930365435e-7
3753 1.6345405930365435e-7
3754 1.6345405930365435e-7
3755 1.6345405930365435e-7
3756 1.6345405930365435e-7
3757 1.6345405930365435e-7
3758 1.6345405930365435e-7
3759 1.6345405930365435e-7
3760 1.6345405930365435e-7
3761 1.6345405930365435e-7
3762 1.6345405930365435e-7
3763 1.6345405930365435e-7
3764 1.6345405930365435e-7
3765 1.6345405930365435e-7
3766 1.6345405930365435e-7
3767 1.6345405930365435e-7
3768 1.6345405930365435e-7
3769 1.6345405930365435e-7
3770 1.6345405930365435e-7
3771 1.6345405930365435e-7
3772 1.6345405930365435e-7
3773 1.6345405930365435e-7
3774 1.6345405930365435e-7
3775 1.6345405930365435e-7
3776 1.6345405930365435e-7
3777 1.6345405930365435e-7
3778 1.6345405930365435e-7
3779 1.6345405930365435e-7
3780 1.6345405930365435e-7
3781 1.6345405930365435e-7
3782 1.6345405930365435e-7
3783 1.6399239074912344e-7
3784 1.6399239074912344e-7
3785 1.6399239074912344e-7
3786 1.6399239074912344e-7
3787 1.6399239074912344e-7
3788 1.6399239074912344e-7
3789 1.6399239074912344e-7
3790 1.6399239074912344e-7
3791 1.6399239074912344e-7
3792 1.6399239074912344e-7
3793 1.6399239074912344e-7
3794 1.6399239074912344e-7
3795 1.6399239074912344e-7
3796 1.6399239074912344e-7
3797 1.6399239074912344e-7
3798 1.6399239074912344e-7
3799 1.6399239074912344e-7
3800 1.6399239074912344e-7
3801 1.6399239074912344e-7
3802 1.6399239074912344e-7
3803 1.6399239074912344e-7
3804 1.6399239074912344e-7
3805 1.6399239074912344e-7
3806 1.6399239074912344e-7
3807 1.6399239074912344e-7
3808 1.6399239074912344e-7
3809 1.6399239074912344e-7
3810 1.6399239074912344e-7
3811 1.6399239074912344e-7
3812 1.6399239074912344e-7
3813 1.6399239074912344e-7
3814 1.6399239074912344e-7
3815 1.6399239074912344e-7
3816 1.6399239074912344e-7
3817 1.6399239074912344e-7
3818 1.6399239074912344e-7
3819 1.6399239074912344e-7
3820 1.6399239074912344e-7
3821 1.6399239074912344e-7
3822 1.6399239074912344e-7
3823 1.6399239074912344e-7
3824 1.6399239074912344e-7
3825 1.6399239074912344e-7
3826 1.6399239074912344e-7
3827 1.6399239074912344e-7
3828 1.6399239074912344e-7
3829 1.643865260534198e-7
3830 1.643865260534198e-7
3831 1.643865260534198e-7
3832 1.643865260534198e-7
3833 1.643865260534198e-7
3834 1.643865260534198e-7
3835 1.643865260534198e-7
3836 1.643865260534198e-7
3837 1.643865260534198e-7
3838 1.643865260534198e-7
3839 1.647870702109198e-7
3840 1.647870702109198e-7
3841 1.647870702109198e-7
3842 1.647870702109198e-7
3843 1.647870702109198e-7
3844 1.647870702109198e-7
3845 1.647870702109198e-7
3846 1.647870702109198e-7
3847 1.647870702109198e-7
3848 1.647870702109198e-7
3849 1.647870702109198e-7
3850 1.647870702109198e-7
3851 1.647870702109198e-7
3852 1.647870702109198e-7
3853 1.65383080112858e-7
3854 1.65383080112858e-7
3855 1.65383080112858e-7
3856 1.65383080112858e-7
3857 1.65383080112858e-7
3858 1.65383080112858e-7
3859 1.65383080112858e-7
3860 1.65383080112858e-7
3861 1.65383080112858e-7
3862 1.65383080112858e-7
3863 1.65383080112858e-7
3864 1.65383080112858e-7
3865 1.65383080112858e-7
3866 1.65383080112858e-7
3867 1.65383080112858e-7
3868 1.65383080112858e-7
3869 1.65383080112858e-7
3870 1.65383080112858e-7
3871 1.65383080112858e-7
3872 1.65383080112858e-7
3873 1.65383080112858e-7
3874 1.65383080112858e-7
3875 1.65383080112858e-7
3876 1.65383080112858e-7
3877 1.65383080112858e-7
3878 1.65383080112858e-7
3879 1.65383080112858e-7
3880 1.6559456737912344e-7
3881 1.6559456737912344e-7
3882 1.6559456737912344e-7
3883 1.6559456737912344e-7
3884 1.6559456737912344e-7
3885 1.6559456737912344e-7
3886 1.6583649639251528e-7
3887 1.6583649639251528e-7
3888 1.6583649639251528e-7
3889 1.6583649639251528e-7
3890 1.6583649639251528e-7
3891 1.6583649639251528e-7
3892 1.6583649639251528e-7
3893 1.6583649639251528e-7
3894 1.6583649639251528e-7
3895 1.6583649639251528e-7
3896 1.6583649639251528e-7
3897 1.6583649639251528e-7
3898 1.6583649639251528e-7
3899 1.6583649639251528e-7
3900 1.6583649639251528e-7
3901 1.6583649639251528e-7
3902 1.6583649639251528e-7
3903 1.6583649639251528e-7
3904 1.66344386090858e-7
3905 1.66344386090858e-7
3906 1.66344386090858e-7
3907 1.669532136992035e-7
3908 1.669532136992035e-7
3909 1.669532136992035e-7
3910 1.6781518489727442e-7
3911 1.6781518489727442e-7
3912 1.6781518489727442e-7
3913 1.6781518489727442e-7
3914 1.6781518489727442e-7
3915 1.6781518489727442e-7
3916 1.6781518489727442e-7
3917 1.6781518489727442e-7
3918 1.6781518489727442e-7
3919 1.692186913562344e-7
3920 1.692186913562344e-7
3921 1.692186913562344e-7
3922 1.692186913562344e-7
3923 1.692186913562344e-7
3924 1.7038667826618804e-7
3925 1.7038667826618804e-7
3926 1.7038667826618804e-7
3927 1.7038667826618804e-7
3928 1.7038667826618804e-7
3929 1.7038667826618804e-7
3930 1.7038667826618804e-7
3931 1.7038667826618804e-7
3932 1.7038667826618804e-7
3933 1.7060136934787344e-7
3934 1.7060136934787344e-7
3935 1.7060136934787344e-7
3936 1.7060136934787344e-7
3937 1.7060136934787344e-7
3938 1.7060136934787344e-7
3939 1.7060136934787344e-7
3940 1.7060136934787344e-7
3941 1.7060136934787344e-7
3942 1.707808135704844e-7
3943 1.707808135704844e-7
3944 1.707808135704844e-7
3945 1.707808135704844e-7
3946 1.707808135704844e-7
3947 1.707808135704844e-7
3948 1.712166058094226e-7
3949 1.712166058094226e-7
3950 1.712166058094226e-7
3951 1.712166058094226e-7
3952 1.712166058094226e-7
3953 1.712166058094226e-7
3954 1.712166058094226e-7
3955 1.712166058094226e-7
3956 1.716668176624781e-7
3957 1.716668176624781e-7
3958 1.716668176624781e-7
3959 1.716668176624781e-7
3960 1.716668176624781e-7
3961 1.716668176624781e-7
3962 1.716668176624781e-7
3963 1.716668176624781e-7
3964 1.716668176624781e-7
3965 1.716668176624781e-7
3966 1.716668176624781e-7
3967 1.716668176624781e-7
3968 1.716668176624781e-7
3969 1.716668176624781e-7
3970 1.716668176624781e-7
3971 1.716668176624781e-7
3972 1.716668176624781e-7
3973 1.716668176624781e-7
3974 1.7220514910794719e-7
3975 1.7220514910794719e-7
3976 1.7220514910794719e-7
3977 1.7220514910794719e-7
3978 1.7220514910794719e-7
3979 1.7220514910794719e-7
3980 1.7220514910794719e-7
3981 1.7220514910794719e-7
3982 1.7330264046620632e-7
3983 1.7330264046620632e-7
3984 1.739435117293882e-7
3985 1.739435117293882e-7
3986 1.745635533028854e-7
3987 1.745635533028854e-7
3988 1.747766430880427e-7
3989 1.747766430880427e-7
3990 1.751771872455427e-7
3991 1.751771872455427e-7
3992 1.751771872455427e-7
3993 1.751771872455427e-7
3994 1.751771872455427e-7
3995 1.751771872455427e-7
3996 1.751771872455427e-7
3997 1.763083235551663e-7
3998 1.763083235551663e-7
3999 1.763083235551663e-7
4000 1.763083235551663e-7
4001 1.763083235551663e-7
4002 1.763083235551663e-7
4003 1.763083235551663e-7
4004 1.763083235551663e-7
4005 1.763083235551663e-7
4006 1.763083235551663e-7
4007 1.763083235551663e-7
4008 1.763083235551663e-7
4009 1.763083235551663e-7
4010 1.763083235551663e-7
4011 1.763083235551663e-7
4012 1.763083235551663e-7
4013 1.763083235551663e-7
4014 1.763083235551663e-7
4015 1.763083235551663e-7
4016 1.763083235551663e-7
4017 1.763083235551663e-7
4018 1.763083235551663e-7
4019 1.763083235551663e-7
4020 1.763083235551663e-7
4021 1.763083235551663e-7
4022 1.763083235551663e-7
4023 1.763083235551663e-7
4024 1.763083235551663e-7
4025 1.763083235551663e-7
4026 1.768194182912927e-7
4027 1.768194182912927e-7
4028 1.779441469700764e-7
4029 1.779441469700764e-7
4030 1.779441469700764e-7
4031 1.779441469700764e-7
4032 1.779441469700764e-7
4033 1.779441469700764e-7
4034 1.779441469700764e-7
4035 1.779441469700764e-7
4036 1.779441469700764e-7
4037 1.779441469700764e-7
4038 1.779441469700764e-7
4039 1.779441469700764e-7
4040 1.779441469700764e-7
4041 1.779441469700764e-7
4042 1.779441469700764e-7
4043 1.779441469700764e-7
4044 1.779441469700764e-7
4045 1.7853695183423088e-7
4046 1.7853695183423088e-7
4047 1.7853695183423088e-7
4048 1.7913296051380532e-7
4049 1.7913296051380532e-7
4050 1.7913296051380532e-7
4051 1.7913296051380532e-7
4052 1.7913296051380532e-7
4053 1.797658204048917e-7
4054 1.797658204048917e-7
4055 1.797658204048917e-7
4056 1.797658204048917e-7
4057 1.8202649111642894e-7
4058 1.8202649111642894e-7
4059 1.8202649111642894e-7
4060 1.8244465931464804e-7
4061 1.8244465931464804e-7
4062 1.8244465931464804e-7
4063 1.8244465931464804e-7
4064 1.8244465931464804e-7
4065 1.8244465931464804e-7
4066 1.8244465931464804e-7
4067 1.8244465931464804e-7
4068 1.8244465931464804e-7
4069 1.8244465931464804e-7
4070 1.8244465931464804e-7
4071 1.8307271164905885e-7
4072 1.8307271164905885e-7
4073 1.8307271164905885e-7
4074 1.8307271164905885e-7
4075 1.8307271164905885e-7
4076 1.8307271164905885e-7
4077 1.8307271164905885e-7
4078 1.8307271164905885e-7
4079 1.8307271164905885e-7
4080 1.8307271164905885e-7
4081 1.8307271164905885e-7
4082 1.8307271164905885e-7
4083 1.8307271164905885e-7
4084 1.8307271164905885e-7
4085 1.838930265236698e-7
4086 1.838930265236698e-7
4087 1.838930265236698e-7
4088 1.838930265236698e-7
4089 1.838930265236698e-7
4090 1.838930265236698e-7
4091 1.838930265236698e-7
4092 1.838930265236698e-7
4093 1.838930265236698e-7
4094 1.838930265236698e-7
4095 1.838930265236698e-7
4096 1.838930265236698e-7
4097 1.838930265236698e-7
4098 1.838930265236698e-7
4099 1.838930265236698e-7
4100 1.838930265236698e-7
4101 1.838930265236698e-7
4102 1.838930265236698e-7
4103 1.838930265236698e-7
4104 1.838930265236698e-7
4105 1.838930265236698e-7
4106 1.838930265236698e-7
4107 1.838930265236698e-7
4108 1.838930265236698e-7
4109 1.838930265236698e-7
4110 1.838930265236698e-7
4111 1.838930265236698e-7
4112 1.8460439272736431e-7
4113 1.8537824311065786e-7
4114 1.8537824311065786e-7
4115 1.8537824311065786e-7
4116 1.8537824311065786e-7
4117 1.8537824311065786e-7
4118 1.8537824311065786e-7
4119 1.8537824311065786e-7
4120 1.8537824311065786e-7
4121 1.8537824311065786e-7
4122 1.856746455427351e-7
4123 1.856746455427351e-7
4124 1.856746455427351e-7
4125 1.856746455427351e-7
4126 1.856746455427351e-7
4127 1.856746455427351e-7
4128 1.856746455427351e-7
4129 1.856746455427351e-7
4130 1.856746455427351e-7
4131 1.856746455427351e-7
4132 1.8626905292578146e-7
4133 1.8626905292578146e-7
4134 1.8626905292578146e-7
4135 1.8626905292578146e-7
4136 1.8626905292578146e-7
4137 1.8626905292578146e-7
4138 1.8626905292578146e-7
4139 1.8626905292578146e-7
4140 1.8626905292578146e-7
4141 1.8626905292578146e-7
4142 1.8626905292578146e-7
4143 1.8626905292578146e-7
4144 1.8626905292578146e-7
4145 1.8626905292578146e-7
4146 1.8626905292578146e-7
4147 1.8626905292578146e-7
4148 1.8626905292578146e-7
4149 1.8647413195002514e-7
4150 1.8647413195002514e-7
4151 1.8647413195002514e-7
4152 1.8647413195002514e-7
4153 1.8647413195002514e-7
4154 1.8647413195002514e-7
4155 1.8709577665359606e-7
4156 1.8709577665359606e-7
4157 1.8709577665359606e-7
4158 1.8709577665359606e-7
4159 1.8709577665359606e-7
4160 1.8709577665359606e-7
4161 1.8728323163712065e-7
4162 1.8728323163712065e-7
4163 1.8728323163712065e-7
4164 1.8728323163712065e-7
4165 1.8728323163712065e-7
4166 1.8728323163712065e-7
4167 1.8728323163712065e-7
4168 1.8728323163712065e-7
4169 1.8728323163712065e-7
4170 1.8728323163712065e-7
4171 1.8771261441167332e-7
4172 1.8771261441167332e-7
4173 1.8771261441167332e-7
4174 1.8771261441167332e-7
4175 1.8771261441167332e-7
4176 1.8771261441167332e-7
4177 1.8771261441167332e-7
4178 1.8771261441167332e-7
4179 1.8800581241714875e-7
4180 1.8830862370242966e-7
4181 1.8830862370242966e-7
4182 1.8830862370242966e-7
4183 1.8830862370242966e-7
4184 1.8830862370242966e-7
4185 1.8830862370242966e-7
4186 1.8830862370242966e-7
4187 1.8830862370242966e-7
4188 1.8862585460182783e-7
4189 1.8862585460182783e-7
4190 1.8862585460182783e-7
4191 1.8862585460182783e-7
4192 1.8862585460182783e-7
4193 1.8862585460182783e-7
4194 1.8862585460182783e-7
4195 1.8862585460182783e-7
4196 1.8862585460182783e-7
4197 1.8862585460182783e-7
4198 1.8862585460182783e-7
4199 1.8862585460182783e-7
4200 1.8862585460182783e-7
4201 1.8885496651999426e-7
4202 1.8885496651999426e-7
4203 1.8885496651999426e-7
4204 1.8885496651999426e-7
4205 1.8885496651999426e-7
4206 1.895567194438833e-7
4207 1.895567194438833e-7
4208 1.8986914400896967e-7
4209 1.8986914400896967e-7
4210 1.8986914400896967e-7
4211 1.8986914400896967e-7
4212 1.8986914400896967e-7
4213 1.8986914400896967e-7
4214 1.8986914400896967e-7
4215 1.8986914400896967e-7
4216 1.8986914400896967e-7
4217 1.8986914400896967e-7
4218 1.8986914400896967e-7
4219 1.9025366603346054e-7
4220 1.9025366603346054e-7
4221 1.9025366603346054e-7
4222 1.9025366603346054e-7
4223 1.9025366603346054e-7
4224 1.9025366603346054e-7
4225 1.9025366603346054e-7
4226 1.9025366603346054e-7
4227 1.9025366603346054e-7
4228 1.9025366603346054e-7
4229 1.9025366603346054e-7
4230 1.9025366603346054e-7
4231 1.9087851455245141e-7
4232 1.9087851455245141e-7
4233 1.9087851455245141e-7
4234 1.9087851455245141e-7
4235 1.9087851455245141e-7
4236 1.9087851455245141e-7
4237 1.9087851455245141e-7
4238 1.9087851455245141e-7
4239 1.9087851455245141e-7
4240 1.9087851455245141e-7
4241 1.9087851455245141e-7
4242 1.9087851455245141e-7
4243 1.9087851455245141e-7
4244 1.9087851455245141e-7
4245 1.9087851455245141e-7
4246 1.9087851455245141e-7
4247 1.9188788509593316e-7
4248 1.9188788509593316e-7
4249 1.9188788509593316e-7
4250 1.9188788509593316e-7
4251 1.9188788509593316e-7
4252 1.9188788509593316e-7
4253 1.9188788509593316e-7
4254 1.9188788509593316e-7
4255 1.9188788509593316e-7
4256 1.9188788509593316e-7
4257 1.9227080582389595e-7
4258 1.9227080582389595e-7
4259 1.9281073917707501e-7
4260 1.9281073917707501e-7
4261 1.9281073917707501e-7
4262 1.9321929470667052e-7
4263 1.9321929470667052e-7
4264 1.9321929470667052e-7
4265 1.9404121087780958e-7
4266 1.9404121087780958e-7
4267 1.9404121087780958e-7
4268 1.9429275255982502e-7
4269 1.9429275255982502e-7
4270 1.9429275255982502e-7
4271 1.9429275255982502e-7
4272 1.9429275255982502e-7
4273 1.9429275255982502e-7
4274 1.9429275255982502e-7
4275 1.9429275255982502e-7
4276 1.9429275255982502e-7
4277 1.9429275255982502e-7
4278 1.9429275255982502e-7
4279 1.9429275255982502e-7
4280 1.9429275255982502e-7
4281 1.9429275255982502e-7
4282 1.9429275255982502e-7
4283 1.9429275255982502e-7
4284 1.9429275255982502e-7
4285 1.9429275255982502e-7
4286 1.9429275255982502e-7
4287 1.9429275255982502e-7
4288 1.9429275255982502e-7
4289 1.9429275255982502e-7
4290 1.9429275255982502e-7
4291 1.9429275255982502e-7
4292 1.9487914857077587e-7
4293 1.9487914857077587e-7
4294 1.9487914857077587e-7
4295 1.9487914857077587e-7
4296 1.9487914857077587e-7
4297 1.9487914857077587e-7
4298 1.9487914857077587e-7
4299 1.9487914857077587e-7
4300 1.9487914857077587e-7
4301 1.9487914857077587e-7
4302 1.9487914857077587e-7
4303 1.9487914857077587e-7
4304 1.9487914857077587e-7
4305 1.9487914857077587e-7
4306 1.9487914857077587e-7
4307 1.9487914857077587e-7
4308 1.9487914857077587e-7
4309 1.9487914857077587e-7
4310 1.9487914857077587e-7
4311 1.9487914857077587e-7
4312 1.9487914857077587e-7
4313 1.9487914857077587e-7
4314 1.9487914857077587e-7
4315 1.9570426916851674e-7
4316 1.9570426916851674e-7
4317 1.9570426916851674e-7
4318 1.9570426916851674e-7
4319 1.9570426916851674e-7
4320 1.9570426916851674e-7
4321 1.9570426916851674e-7
4322 1.9570426916851674e-7
4323 1.9570426916851674e-7
4324 1.9570426916851674e-7
4325 1.9640281766580396e-7
4326 1.9640281766580396e-7
4327 1.9645568978796127e-7
4328 1.9645568978796127e-7
4329 1.9645568978796127e-7
4330 1.9645568978796127e-7
4331 1.9679535167357223e-7
4332 1.9679535167357223e-7
4333 1.9679535167357223e-7
4334 1.9793289683639948e-7
4335 1.9793289683639948e-7
4336 1.9857536939610946e-7
4337 1.9857536939610946e-7
4338 1.9857536939610946e-7
4339 1.9857536939610946e-7
4340 1.9857536939610946e-7
4341 1.9857536939610946e-7
4342 1.9857536939610946e-7
4343 1.9857536939610946e-7
4344 1.9857536939610946e-7
4345 1.9857536939610946e-7
4346 1.9857536939610946e-7
4347 1.9857536939610946e-7
4348 1.9857536939610946e-7
4349 1.9857536939610946e-7
4350 1.9857536939610946e-7
4351 1.9857536939610946e-7
4352 1.9857536939610946e-7
4353 1.9857536939610946e-7
4354 1.9857536939610946e-7
4355 1.9969689303710947e-7
4356 1.9969689303710947e-7
4357 1.9969689303710947e-7
4358 1.9969689303710947e-7
4359 1.9969689303710947e-7
4360 1.9969689303710947e-7
4361 1.9969689303710947e-7
4362 1.9969689303710947e-7
4363 1.9969689303710947e-7
4364 1.9969689303710947e-7
4365 1.9969689303710947e-7
4366 1.9969689303710947e-7
4367 1.9969689303710947e-7
4368 1.9969689303710947e-7
4369 1.9969689303710947e-7
4370 1.9969689303710947e-7
4371 1.9969689303710947e-7
4372 1.9969689303710947e-7
4373 1.9969689303710947e-7
4374 1.9969689303710947e-7
4375 1.9969689303710947e-7
4376 2.0049637822203573e-7
4377 2.0064217688210033e-7
4378 2.0064217688210033e-7
4379 2.0064217688210033e-7
4380 2.0064217688210033e-7
4381 2.0064217688210033e-7
4382 2.0064217688210033e-7
4383 2.0064217688210033e-7
4384 2.0064217688210033e-7
4385 2.0064217688210033e-7
4386 2.0064217688210033e-7
4387 2.0064217688210033e-7
4388 2.0064217688210033e-7
4389 2.0064217688210033e-7
4390 2.0064217688210033e-7
4391 2.0064217688210033e-7
4392 2.0064217688210033e-7
4393 2.0064217688210033e-7
4394 2.0064217688210033e-7
4395 2.0064217688210033e-7
4396 2.0064217688210033e-7
4397 2.0064217688210033e-7
4398 2.0064217688210033e-7
4399 2.0064217688210033e-7
4400 2.0064217688210033e-7
4401 2.0064217688210033e-7
4402 2.0064217688210033e-7
4403 2.0064217688210033e-7
4404 2.0064217688210033e-7
4405 2.0064217688210033e-7
4406 2.0064217688210033e-7
4407 2.0064217688210033e-7
4408 2.0064217688210033e-7
4409 2.0064217688210033e-7
4410 2.0064217688210033e-7
4411 2.0064217688210033e-7
4412 2.0064217688210033e-7
4413 2.0064217688210033e-7
4414 2.0064217688210033e-7
4415 2.0064217688210033e-7
4416 2.0064217688210033e-7
4417 2.0064217688210033e-7
4418 2.0064217688210033e-7
4419 2.014448677159922e-7
4420 2.014448677159922e-7
4421 2.014448677159922e-7
4422 2.014448677159922e-7
4423 2.014448677159922e-7
4424 2.014448677159922e-7
4425 2.014448677159922e-7
4426 2.014448677159922e-7
4427 2.014448677159922e-7
4428 2.014448677159922e-7
4429 2.014448677159922e-7
4430 2.014448677159922e-7
4431 2.014448677159922e-7
4432 2.014448677159922e-7
4433 2.014448677159922e-7
4434 2.014448677159922e-7
4435 2.014448677159922e-7
4436 2.014448677159922e-7
4437 2.014448677159922e-7
4438 2.014448677159922e-7
4439 2.014448677159922e-7
4440 2.014448677159922e-7
4441 2.014448677159922e-7
4442 2.014448677159922e-7
4443 2.014448677159922e-7
4444 2.014448677159922e-7
4445 2.014448677159922e-7
4446 2.014448677159922e-7
4447 2.014448677159922e-7
4448 2.014448677159922e-7
4449 2.014448677159922e-7
4450 2.014448677159922e-7
4451 2.014448677159922e-7
4452 2.014448677159922e-7
4453 2.014448677159922e-7
4454 2.014448677159922e-7
4455 2.014448677159922e-7
4456 2.014448677159922e-7
4457 2.014448677159922e-7
4458 2.014448677159922e-7
4459 2.014448677159922e-7
4460 2.014448677159922e-7
4461 2.014448677159922e-7
4462 2.014448677159922e-7
4463 2.014448677159922e-7
4464 2.014448677159922e-7
4465 2.014448677159922e-7
4466 2.014448677159922e-7
4467 2.014448677159922e-7
4468 2.014448677159922e-7
4469 2.014448677159922e-7
4470 2.014448677159922e-7
4471 2.014448677159922e-7
4472 2.014448677159922e-7
4473 2.014448677159922e-7
4474 2.014448677159922e-7
4475 2.014448677159922e-7
4476 2.014448677159922e-7
4477 2.014448677159922e-7
4478 2.014448677159922e-7
4479 2.0207932951478853e-7
4480 2.0207932951478853e-7
4481 2.0207932951478853e-7
4482 2.0207932951478853e-7
4483 2.0207932951478853e-7
4484 2.0207932951478853e-7
4485 2.0207932951478853e-7
4486 2.0207932951478853e-7
4487 2.0252313251464035e-7
4488 2.0252313251464035e-7
4489 2.0252313251464035e-7
4490 2.0252313251464035e-7
4491 2.0252313251464035e-7
4492 2.0252313251464035e-7
4493 2.0252313251464035e-7
4494 2.0252313251464035e-7
4495 2.0252313251464035e-7
4496 2.0252313251464035e-7
4497 2.0252313251464035e-7
4498 2.0252313251464035e-7
4499 2.0252313251464035e-7
4500 2.0370714033523938e-7
4501 2.0370714033523938e-7
4502 2.0370714033523938e-7
4503 2.0370714033523938e-7
4504 2.0370714033523938e-7
4505 2.0370714033523938e-7
4506 2.0401636047372393e-7
4507 2.0401636047372393e-7
4508 2.0401636047372393e-7
4509 2.0401636047372393e-7
4510 2.0401636047372393e-7
4511 2.0401636047372393e-7
4512 2.0401636047372393e-7
4513 2.0401636047372393e-7
4514 2.0401636047372393e-7
4515 2.0499849491904487e-7
4516 2.0499849491904487e-7
4517 2.0499849491904487e-7
4518 2.0499849491904487e-7
4519 2.0499849491904487e-7
4520 2.0499849491904487e-7
4521 2.0499849491904487e-7
4522 2.0499849491904487e-7
4523 2.0499849491904487e-7
4524 2.0499849491904487e-7
4525 2.0499849491904487e-7
4526 2.0499849491904487e-7
4527 2.0499849491904487e-7
4528 2.0499849491904487e-7
4529 2.0499849491904487e-7
4530 2.0499849491904487e-7
4531 2.0595659647044304e-7
4532 2.0595659647044304e-7
4533 2.0595659647044304e-7
4534 2.0595659647044304e-7
4535 2.0595659647044304e-7
4536 2.0595659647044304e-7
4537 2.0595659647044304e-7
4538 2.0653498233166213e-7
4539 2.0653498233166213e-7
4540 2.0653498233166213e-7
4541 2.0653498233166213e-7
4542 2.0653498233166213e-7
4543 2.0653498233166213e-7
4544 2.0653498233166213e-7
4545 2.0653498233166213e-7
4546 2.0653498233166213e-7
4547 2.0653498233166213e-7
4548 2.0653498233166213e-7
4549 2.0653498233166213e-7
4550 2.0653498233166213e-7
4551 2.0653498233166213e-7
4552 2.0653498233166213e-7
4553 2.0653498233166213e-7
4554 2.0653498233166213e-7
4555 2.0735529720627307e-7
4556 2.0735529720627307e-7
4557 2.0735529720627307e-7
4558 2.0735529720627307e-7
4559 2.0735529720627307e-7
4560 2.0735529720627307e-7
4561 2.0735529720627307e-7
4562 2.0735529720627307e-7
4563 2.0789042361395848e-7
4564 2.0789042361395848e-7
4565 2.0789042361395848e-7
4566 2.0789042361395848e-7
4567 2.0789042361395848e-7
4568 2.0789042361395848e-7
4569 2.0789042361395848e-7
4570 2.0789042361395848e-7
4571 2.0789042361395848e-7
4572 2.0838229240165582e-7
4573 2.0838229240165582e-7
4574 2.0838229240165582e-7
4575 2.0838229240165582e-7
4576 2.0838229240165582e-7
4577 2.0867709292602308e-7
4578 2.0867709292602308e-7
4579 2.0867709292602308e-7
4580 2.0867709292602308e-7
4581 2.0867709292602308e-7
4582 2.0867709292602308e-7
4583 2.0867709292602308e-7
4584 2.0867709292602308e-7
4585 2.0867709292602308e-7
4586 2.0867709292602308e-7
4587 2.0867709292602308e-7
4588 2.0867709292602308e-7
4589 2.0867709292602308e-7
4590 2.0867709292602308e-7
4591 2.0867709292602308e-7
4592 2.0867709292602308e-7
4593 2.0867709292602308e-7
4594 2.0867709292602308e-7
4595 2.0867709292602308e-7
4596 2.095038160426558e-7
4597 2.095038160426558e-7
4598 2.095038160426558e-7
4599 2.095038160426558e-7
4600 2.095038160426558e-7
4601 2.095038160426558e-7
4602 2.095038160426558e-7
4603 2.095038160426558e-7
4604 2.095038160426558e-7
4605 2.095038160426558e-7
4606 2.095038160426558e-7
4607 2.095038160426558e-7
4608 2.095038160426558e-7
4609 2.095038160426558e-7
4610 2.095038160426558e-7
4611 2.095038160426558e-7
4612 2.095038160426558e-7
4613 2.095038160426558e-7
4614 2.095038160426558e-7
4615 2.095038160426558e-7
4616 2.095038160426558e-7
4617 2.095038160426558e-7
4618 2.095038160426558e-7
4619 2.095038160426558e-7
4620 2.095038160426558e-7
4621 2.099668449909367e-7
4622 2.099668449909367e-7
4623 2.1010623479779767e-7
4624 2.1010623479779767e-7
4625 2.1010623479779767e-7
4626 2.1010623479779767e-7
4627 2.1010623479779767e-7
4628 2.1010623479779767e-7
4629 2.1010623479779767e-7
4630 2.1010623479779767e-7
4631 2.1010623479779767e-7
4632 2.1010623479779767e-7
4633 2.1010623479779767e-7
4634 2.1010623479779767e-7
4635 2.1010623479779767e-7
4636 2.1010623479779767e-7
4637 2.109633990503749e-7
4638 2.109633990503749e-7
4639 2.109633990503749e-7
4640 2.109633990503749e-7
4641 2.109633990503749e-7
4642 2.109633990503749e-7
4643 2.109633990503749e-7
4644 2.109633990503749e-7
4645 2.109633990503749e-7
4646 2.1135753496585312e-7
4647 2.1135753496585312e-7
4648 2.1135753496585312e-7
4649 2.1135753496585312e-7
4650 2.1135753496585312e-7
4651 2.1135753496585312e-7
4652 2.1135753496585312e-7
4653 2.1135753496585312e-7
4654 2.1295330396501323e-7
4655 2.1295330396501323e-7
4656 2.1295330396501323e-7
4657 2.1295330396501323e-7
4658 2.1295330396501323e-7
4659 2.1295330396501323e-7
4660 2.1295330396501323e-7
4661 2.1295330396501323e-7
4662 2.1295330396501323e-7
4663 2.1295330396501323e-7
4664 2.1295330396501323e-7
4665 2.1295330396501323e-7
4666 2.1295330396501323e-7
4667 2.1295330396501323e-7
4668 2.1295330396501323e-7
4669 2.1295330396501323e-7
4670 2.1295330396501323e-7
4671 2.1295330396501323e-7
4672 2.1295330396501323e-7
4673 2.1295330396501323e-7
4674 2.1295330396501323e-7
4675 2.1295330396501323e-7
4676 2.1402836494824146e-7
4677 2.1402836494824146e-7
4678 2.1402836494824146e-7
4679 2.1402836494824146e-7
4680 2.1402836494824146e-7
4681 2.1402836494824146e-7
4682 2.1402836494824146e-7
4683 2.1402836494824146e-7
4684 2.1402836494824146e-7
4685 2.1402836494824146e-7
4686 2.1402836494824146e-7
4687 2.1487912095879695e-7
4688 2.1487912095879695e-7
4689 2.1487912095879695e-7
4690 2.1487912095879695e-7
4691 2.1487912095879695e-7
4692 2.1487912095879695e-7
4693 2.1523159993963332e-7
4694 2.1523159993963332e-7
4695 2.1592374080608066e-7
4696 2.1592374080608066e-7
4697 2.1592374080608066e-7
4698 2.1592374080608066e-7
4699 2.1592374080608066e-7
4700 2.1592374080608066e-7
4701 2.1592374080608066e-7
4702 2.1592374080608066e-7
4703 2.1592374080608066e-7
4704 2.1592374080608066e-7
4705 2.1592374080608066e-7
4706 2.1592374080608066e-7
4707 2.1592374080608066e-7
4708 2.1592374080608066e-7
4709 2.1592374080608066e-7
4710 2.1592374080608066e-7
4711 2.1592374080608066e-7
4712 2.1592374080608066e-7
4713 2.1592374080608066e-7
4714 2.1592374080608066e-7
4715 2.1592374080608066e-7
4716 2.1592374080608066e-7
4717 2.1592374080608066e-7
4718 2.1592374080608066e-7
4719 2.1592374080608066e-7
4720 2.1592374080608066e-7
4721 2.1592374080608066e-7
4722 2.1650533170508346e-7
4723 2.1650533170508346e-7
4724 2.1650533170508346e-7
4725 2.1650533170508346e-7
4726 2.1650533170508346e-7
4727 2.1650533170508346e-7
4728 2.1650533170508346e-7
4729 2.1650533170508346e-7
4730 2.1650533170508346e-7
4731 2.1650533170508346e-7
4732 2.1650533170508346e-7
4733 2.1650533170508346e-7
4734 2.1650533170508346e-7
4735 2.1650533170508346e-7
4736 2.1650533170508346e-7
4737 2.1685781007473795e-7
4738 2.1685781007473795e-7
4739 2.1685781007473795e-7
4740 2.1685781007473795e-7
4741 2.1685781007473795e-7
4742 2.1685781007473795e-7
4743 2.1685781007473795e-7
4744 2.1685781007473795e-7
4745 2.1685781007473795e-7
4746 2.1685781007473795e-7
4747 2.1685781007473795e-7
4748 2.1685781007473795e-7
4749 2.1685781007473795e-7
4750 2.1728879536818246e-7
4751 2.1728879536818246e-7
4752 2.1728879536818246e-7
4753 2.1728879536818246e-7
4754 2.1728879536818246e-7
4755 2.1728879536818246e-7
4756 2.1728879536818246e-7
4757 2.1728879536818246e-7
4758 2.1728879536818246e-7
4759 2.1728879536818246e-7
4760 2.1801938813148793e-7
4761 2.1801938813148793e-7
4762 2.1801938813148793e-7
4763 2.1801938813148793e-7
4764 2.1801938813148793e-7
4765 2.1801938813148793e-7
4766 2.1801938813148793e-7
4767 2.1801938813148793e-7
4768 2.1801938813148793e-7
4769 2.1801938813148793e-7
4770 2.1801938813148793e-7
4771 2.1801938813148793e-7
4772 2.1812833619122249e-7
4773 2.1812833619122249e-7
4774 2.1812833619122249e-7
4775 2.1812833619122249e-7
4776 2.1848241707976884e-7
4777 2.1848241707976884e-7
4778 2.1848241707976884e-7
4779 2.1848241707976884e-7
4780 2.1848241707976884e-7
4781 2.1848241707976884e-7
4782 2.1848241707976884e-7
4783 2.1848241707976884e-7
4784 2.1848241707976884e-7
4785 2.1848241707976884e-7
4786 2.1848241707976884e-7
4787 2.1848241707976884e-7
4788 2.1848241707976884e-7
4789 2.1891180046550338e-7
4790 2.1891180046550338e-7
4791 2.1891180046550338e-7
4792 2.1909124407693245e-7
4793 2.1909124407693245e-7
4794 2.1909124407693245e-7
4795 2.1909124407693245e-7
4796 2.1909124407693245e-7
4797 2.1909124407693245e-7
4798 2.1909124407693245e-7
4799 2.1956548882391069e-7
4800 2.1956548882391069e-7
4801 2.1956548882391069e-7
4802 2.1956548882391069e-7
4803 2.1956548882391069e-7
4804 2.1956548882391069e-7
4805 2.1956548882391069e-7
4806 2.1956548882391069e-7
4807 2.1956548882391069e-7
4808 2.1956548882391069e-7
4809 2.198058153184107e-7
4810 2.200092918237625e-7
4811 2.200092918237625e-7
4812 2.200092918237625e-7
4813 2.200092918237625e-7
4814 2.200092918237625e-7
4815 2.200092918237625e-7
4816 2.2011022912258344e-7
4817 2.2011022912258344e-7
4818 2.2011022912258344e-7
4819 2.2011022912258344e-7
4820 2.2011022912258344e-7
4821 2.2044828910048442e-7
4822 2.2044828910048442e-7
4823 2.2044828910048442e-7
4824 2.2049154794283625e-7
4825 2.2049154794283625e-7
4826 2.2049154794283625e-7
4827 2.207206592498208e-7
4828 2.207206592498208e-7
4829 2.207206592498208e-7
4830 2.207206592498208e-7
4831 2.207206592498208e-7
4832 2.207206592498208e-7
4833 2.207206592498208e-7
4834 2.207206592498208e-7
4835 2.207206592498208e-7
4836 2.207206592498208e-7
4837 2.207206592498208e-7
4838 2.207206592498208e-7
4839 2.207206592498208e-7
4840 2.2207770243982711e-7
4841 2.2207770243982711e-7
4842 2.2207770243982711e-7
4843 2.2207770243982711e-7
4844 2.2207770243982711e-7
4845 2.2207770243982711e-7
4846 2.2207770243982711e-7
4847 2.2290282425993174e-7
4848 2.2290282425993174e-7
4849 2.2290282425993174e-7
4850 2.2290282425993174e-7
4851 2.2290282425993174e-7
4852 2.2290282425993174e-7
4853 2.2290282425993174e-7
4854 2.2290282425993174e-7
4855 2.2290282425993174e-7
4856 2.2290282425993174e-7
4857 2.2290282425993174e-7
4858 2.2290282425993174e-7
4859 2.2290282425993174e-7
4860 2.2290282425993174e-7
4861 2.2290282425993174e-7
4862 2.2290282425993174e-7
4863 2.2290282425993174e-7
4864 2.2290282425993174e-7
4865 2.2290282425993174e-7
4866 2.2290282425993174e-7
4867 2.2290282425993174e-7
4868 2.2290282425993174e-7
4869 2.2290282425993174e-7
4870 2.2290282425993174e-7
4871 2.2290282425993174e-7
4872 2.240083263791045e-7
4873 2.240083263791045e-7
4874 2.2495040579749354e-7
4875 2.2495040579749354e-7
4876 2.2495040579749354e-7
4877 2.2495040579749354e-7
4878 2.2495040579749354e-7
4879 2.2495040579749354e-7
4880 2.2495040579749354e-7
4881 2.2495040579749354e-7
4882 2.2495040579749354e-7
4883 2.2521796900133624e-7
4884 2.2521796900133624e-7
4885 2.2521796900133624e-7
4886 2.2521796900133624e-7
4887 2.2521796900133624e-7
4888 2.2521796900133624e-7
4889 2.2521796900133624e-7
4890 2.255720498898826e-7
4891 2.255720498898826e-7
4892 2.255720498898826e-7
4893 2.255720498898826e-7
4894 2.255720498898826e-7
4895 2.255720498898826e-7
4896 2.255720498898826e-7
4897 2.255720498898826e-7
4898 2.255720498898826e-7
4899 2.2564094353386714e-7
4900 2.2564094353386714e-7
4901 2.2564094353386714e-7
4902 2.260302725038517e-7
4903 2.260302725038517e-7
4904 2.260302725038517e-7
4905 2.260302725038517e-7
4906 2.260302725038517e-7
4907 2.260302725038517e-7
4908 2.260302725038517e-7
4909 2.260302725038517e-7
4910 2.260302725038517e-7
4911 2.260302725038517e-7
4912 2.260302725038517e-7
4913 2.260302725038517e-7
4914 2.260302725038517e-7
4915 2.260302725038517e-7
4916 2.260302725038517e-7
4917 2.260302725038517e-7
4918 2.260302725038517e-7
4919 2.260302725038517e-7
4920 2.260302725038517e-7
4921 2.260302725038517e-7
4922 2.260302725038517e-7
4923 2.260302725038517e-7
4924 2.260302725038517e-7
4925 2.260302725038517e-7
4926 2.260302725038517e-7
4927 2.260302725038517e-7
4928 2.260302725038517e-7
4929 2.260302725038517e-7
4930 2.260302725038517e-7
4931 2.260302725038517e-7
4932 2.260302725038517e-7
4933 2.260302725038517e-7
4934 2.260302725038517e-7
4935 2.260302725038517e-7
4936 2.260302725038517e-7
4937 2.260302725038517e-7
4938 2.260302725038517e-7
4939 2.260302725038517e-7
4940 2.260302725038517e-7
4941 2.260302725038517e-7
4942 2.2698516962864805e-7
4943 2.2698516962864805e-7
4944 2.2698516962864805e-7
4945 2.2698516962864805e-7
4946 2.2698516962864805e-7
4947 2.2698516962864805e-7
4948 2.2698516962864805e-7
4949 2.2698516962864805e-7
4950 2.2698516962864805e-7
4951 2.2698516962864805e-7
4952 2.2698516962864805e-7
4953 2.2698516962864805e-7
4954 2.2698516962864805e-7
4955 2.2698516962864805e-7
4956 2.2698516962864805e-7
4957 2.2765167508228077e-7
4958 2.2765167508228077e-7
4959 2.28350223579568e-7
4960 2.28350223579568e-7
4961 2.28350223579568e-7
4962 2.28350223579568e-7
4963 2.28350223579568e-7
4964 2.287683917777871e-7
4965 2.287683917777871e-7
4966 2.287683917777871e-7
4967 2.287683917777871e-7
4968 2.2961594397292262e-7
4969 2.2961594397292262e-7
4970 2.2961594397292262e-7
4971 2.2961594397292262e-7
4972 2.2961594397292262e-7
4973 2.2961594397292262e-7
4974 2.2961594397292262e-7
4975 2.2961594397292262e-7
4976 2.2961594397292262e-7
4977 2.2961594397292262e-7
4978 2.2961594397292262e-7
4979 2.2961594397292262e-7
4980 2.2961594397292262e-7
4981 2.2961594397292262e-7
4982 2.2987870084245353e-7
4983 2.2987870084245353e-7
4984 2.2987870084245353e-7
4985 2.2987870084245353e-7
4986 2.2987870084245353e-7
4987 2.3056763667111715e-7
4988 2.312822079125954e-7
4989 2.312822079125954e-7
4990 2.312822079125954e-7
4991 2.312822079125954e-7
4992 2.3137833826592264e-7
4993 2.3137833826592264e-7
4994 2.3224671770601534e-7
4995 2.3224671770601534e-7
4996 2.3224671770601534e-7
4997 2.3224671770601534e-7
4998 2.3224671770601534e-7
4999 2.3234284805934258e-7
5000 2.3234284805934258e-7
5001 2.3234284805934258e-7
5002 2.3234284805934258e-7
5003 2.3234284805934258e-7
5004 2.3234284805934258e-7
5005 2.3234284805934258e-7
5006 2.3234284805934258e-7
5007 2.3234284805934258e-7
5008 2.3263444415710803e-7
5009 2.3263444415710803e-7
5010 2.3263444415710803e-7
5011 2.3263444415710803e-7
5012 2.3263444415710803e-7
5013 2.3263444415710803e-7
5014 2.3263444415710803e-7
5015 2.3263444415710803e-7
5016 2.329068143064444e-7
5017 2.329068143064444e-7
5018 2.329068143064444e-7
5019 2.329068143064444e-7
5020 2.333025521296326e-7
5021 2.333025521296326e-7
5022 2.333025521296326e-7
5023 2.333025521296326e-7
5024 2.333025521296326e-7
5025 2.333025521296326e-7
5026 2.333025521296326e-7
5027 2.333025521296326e-7
5028 2.333025521296326e-7
5029 2.333025521296326e-7
5030 2.333025521296326e-7
5031 2.333025521296326e-7
5032 2.333025521296326e-7
5033 2.333025521296326e-7
5034 2.333025521296326e-7
5035 2.334098976704753e-7
5036 2.334098976704753e-7
5037 2.334098976704753e-7
5038 2.334098976704753e-7
5039 2.334098976704753e-7
5040 2.334098976704753e-7
5041 2.334098976704753e-7
5042 2.3349961978178077e-7
5043 2.3349961978178077e-7
5044 2.3349961978178077e-7
5045 2.3369668682274706e-7
5046 2.3369668682274706e-7
5047 2.3369668682274706e-7
5048 2.3433915938245704e-7
5049 2.3433915938245704e-7
5050 2.3433915938245704e-7
5051 2.3433915938245704e-7
5052 2.3433915938245704e-7
5053 2.3433915938245704e-7
5054 2.3639154786551252e-7
5055 2.3639154786551252e-7
5056 2.3639154786551252e-7
5057 2.3687700718882433e-7
5058 2.3687700718882433e-7
5059 2.3687700718882433e-7
5060 2.3687700718882433e-7
5061 2.3687700718882433e-7
5062 2.3687700718882433e-7
5063 2.3687700718882433e-7
5064 2.3687700718882433e-7
5065 2.3687700718882433e-7
5066 2.3687700718882433e-7
5067 2.3716379634109608e-7
5068 2.3716379634109608e-7
5069 2.3716379634109608e-7
5070 2.3716379634109608e-7
5071 2.3716379634109608e-7
5072 2.3716379634109608e-7
5073 2.3716379634109608e-7
5074 2.3716379634109608e-7
5075 2.3716379634109608e-7
5076 2.3716379634109608e-7
5077 2.3728876653383976e-7
5078 2.3728876653383976e-7
5079 2.3879160899509255e-7
5080 2.3910243165246894e-7
5081 2.3910243165246894e-7
5082 2.3910243165246894e-7
5083 2.3910243165246894e-7
5084 2.3910243165246894e-7
5085 2.3910243165246894e-7
5086 2.3910243165246894e-7
5087 2.3910243165246894e-7
5088 2.3910243165246894e-7
5089 2.3910243165246894e-7
5090 2.4009578067412343e-7
5091 2.4009578067412343e-7
5092 2.4009578067412343e-7
5093 2.4009578067412343e-7
5094 2.4009578067412343e-7
5095 2.4032489198110797e-7
5096 2.4032489198110797e-7
5097 2.4032489198110797e-7
5098 2.407158228588025e-7
5099 2.407158228588025e-7
5100 2.407158228588025e-7
5101 2.407158228588025e-7
5102 2.407158228588025e-7
5103 2.407158228588025e-7
5104 2.407158228588025e-7
5105 2.412349289670244e-7
5106 2.412349289670244e-7
5107 2.412349289670244e-7
5108 2.412349289670244e-7
5109 2.412349289670244e-7
5110 2.412349289670244e-7
5111 2.412349289670244e-7
5112 2.412349289670244e-7
5113 2.412349289670244e-7
5114 2.412349289670244e-7
5115 2.412349289670244e-7
5116 2.412349289670244e-7
5117 2.412349289670244e-7
5118 2.412349289670244e-7
5119 2.412349289670244e-7
5120 2.412349289670244e-7
5121 2.412349289670244e-7
5122 2.412349289670244e-7
5123 2.412349289670244e-7
5124 2.412349289670244e-7
5125 2.412349289670244e-7
5126 2.412349289670244e-7
5127 2.412349289670244e-7
5128 2.412349289670244e-7
5129 2.412349289670244e-7
5130 2.412349289670244e-7
5131 2.412349289670244e-7
5132 2.412349289670244e-7
5133 2.412349289670244e-7
5134 2.412349289670244e-7
5135 2.412349289670244e-7
5136 2.412349289670244e-7
5137 2.412349289670244e-7
5138 2.412349289670244e-7
5139 2.412349289670244e-7
5140 2.412349289670244e-7
5141 2.412349289670244e-7
5142 2.412349289670244e-7
5143 2.412349289670244e-7
5144 2.412349289670244e-7
5145 2.412349289670244e-7
5146 2.412349289670244e-7
5147 2.412349289670244e-7
5148 2.412349289670244e-7
5149 2.412349289670244e-7
5150 2.412349289670244e-7
5151 2.412349289670244e-7
5152 2.412349289670244e-7
5153 2.412349289670244e-7
5154 2.412349289670244e-7
5155 2.412349289670244e-7
5156 2.412349289670244e-7
5157 2.412349289670244e-7
5158 2.412349289670244e-7
5159 2.412349289670244e-7
5160 2.412349289670244e-7
5161 2.412349289670244e-7
5162 2.412349289670244e-7
5163 2.419174565536663e-7
5164 2.419174565536663e-7
5165 2.419174565536663e-7
5166 2.419174565536663e-7
5167 2.419174565536663e-7
5168 2.419174565536663e-7
5169 2.419174565536663e-7
5170 2.419174565536663e-7
5171 2.419174565536663e-7
5172 2.419174565536663e-7
5173 2.419174565536663e-7
5174 2.419174565536663e-7
5175 2.419174565536663e-7
5176 2.419174565536663e-7
5177 2.419174565536663e-7
5178 2.419174565536663e-7
5179 2.419174565536663e-7
5180 2.419174565536663e-7
5181 2.419174565536663e-7
5182 2.419174565536663e-7
5183 2.419174565536663e-7
5184 2.419174565536663e-7
5185 2.419174565536663e-7
5186 2.419174565536663e-7
5187 2.419174565536663e-7
5188 2.419174565536663e-7
5189 2.419174565536663e-7
5190 2.419174565536663e-7
5191 2.419174565536663e-7
5192 2.419174565536663e-7
5193 2.419174565536663e-7
5194 2.419174565536663e-7
5195 2.419174565536663e-7
5196 2.419174565536663e-7
5197 2.422747424799963e-7
5198 2.422747424799963e-7
5199 2.422747424799963e-7
5200 2.422747424799963e-7
5201 2.4303096943375265e-7
5202 2.4303096943375265e-7
5203 2.4335621170524635e-7
5204 2.4335621170524635e-7
5205 2.4335621170524635e-7
5206 2.4335621170524635e-7
5207 2.4335621170524635e-7
5208 2.4409641713717545e-7
5209 2.4409641713717545e-7
5210 2.4409641713717545e-7
5211 2.4409641713717545e-7
5212 2.4409641713717545e-7
5213 2.4409641713717545e-7
5214 2.4409641713717545e-7
5215 2.4409641713717545e-7
5216 2.4409641713717545e-7
5217 2.4409641713717545e-7
5218 2.4409641713717545e-7
5219 2.4409641713717545e-7
5220 2.4409641713717545e-7
5221 2.4409641713717545e-7
5222 2.4409641713717545e-7
5223 2.4409641713717545e-7
5224 2.4409641713717545e-7
5225 2.4409641713717545e-7
5226 2.4409641713717545e-7
5227 2.4409641713717545e-7
5228 2.4409641713717545e-7
5229 2.460286435953447e-7
5230 2.460286435953447e-7
5231 2.460286435953447e-7
5232 2.463314554918075e-7
5233 2.463314554918075e-7
5234 2.463314554918075e-7
5235 2.463314554918075e-7
5236 2.463314554918075e-7
5237 2.463314554918075e-7
5238 2.463314554918075e-7
5239 2.4740811838274567e-7
5240 2.4740811838274567e-7
5241 2.4740811838274567e-7
5242 2.4740811838274567e-7
5243 2.4740811838274567e-7
5244 2.477333606542394e-7
5245 2.477333606542394e-7
5246 2.477333606542394e-7
5247 2.487251077681839e-7
5248 2.487251077681839e-7
5249 2.487251077681839e-7
5250 2.487251077681839e-7
5251 2.487251077681839e-7
5252 2.487251077681839e-7
5253 2.487251077681839e-7
5254 2.487251077681839e-7
5255 2.487251077681839e-7
5256 2.487251077681839e-7
5257 2.487251077681839e-7
5258 2.487251077681839e-7
5259 2.487251077681839e-7
5260 2.487251077681839e-7
5261 2.487251077681839e-7
5262 2.487251077681839e-7
5263 2.487251077681839e-7
5264 2.487251077681839e-7
5265 2.487251077681839e-7
5266 2.487251077681839e-7
5267 2.487251077681839e-7
5268 2.487251077681839e-7
5269 2.487251077681839e-7
5270 2.487251077681839e-7
5271 2.487251077681839e-7
5272 2.487251077681839e-7
5273 2.487251077681839e-7
5274 2.487251077681839e-7
5275 2.487251077681839e-7
5276 2.487251077681839e-7
5277 2.487251077681839e-7
5278 2.487251077681839e-7
5279 2.487251077681839e-7
5280 2.487251077681839e-7
5281 2.487251077681839e-7
5282 2.487251077681839e-7
5283 2.487251077681839e-7
5284 2.487251077681839e-7
5285 2.487251077681839e-7
5286 2.487251077681839e-7
5287 2.487251077681839e-7
5288 2.487251077681839e-7
5289 2.487251077681839e-7
5290 2.487251077681839e-7
5291 2.487251077681839e-7
5292 2.487251077681839e-7
5293 2.487251077681839e-7
5294 2.487251077681839e-7
5295 2.487251077681839e-7
5296 2.487251077681839e-7
5297 2.487251077681839e-7
5298 2.487251077681839e-7
5299 2.487251077681839e-7
5300 2.487251077681839e-7
5301 2.487251077681839e-7
5302 2.487251077681839e-7
5303 2.487251077681839e-7
5304 2.487251077681839e-7
5305 2.487251077681839e-7
5306 2.487251077681839e-7
5307 2.487251077681839e-7
5308 2.487251077681839e-7
5309 2.487251077681839e-7
5310 2.487251077681839e-7
5311 2.487251077681839e-7
5312 2.487251077681839e-7
5313 2.487251077681839e-7
5314 2.487251077681839e-7
5315 2.4999082632799287e-7
5316 2.4999082632799287e-7
5317 2.4999082632799287e-7
5318 2.4999082632799287e-7
5319 2.4999082632799287e-7
5320 2.4999082632799287e-7
5321 2.4999082632799287e-7
5322 2.4999082632799287e-7
5323 2.4999082632799287e-7
5324 2.4999082632799287e-7
5325 2.5061887927358557e-7
5326 2.5061887927358557e-7
5327 2.5061887927358557e-7
5328 2.5061887927358557e-7
5329 2.5061887927358557e-7
5330 2.5061887927358557e-7
5331 2.510803057029746e-7
5332 2.510803057029746e-7
5333 2.510803057029746e-7
5334 2.510803057029746e-7
5335 2.510803057029746e-7
5336 2.515721732683082e-7
5337 2.515721732683082e-7
5338 2.515721732683082e-7
5339 2.515721732683082e-7
5340 2.515721732683082e-7
5341 2.515721732683082e-7
5342 2.515721732683082e-7
5343 2.515721732683082e-7
5344 2.515721732683082e-7
5345 2.515721732683082e-7
5346 2.520640420560055e-7
5347 2.520640420560055e-7
5348 2.520640420560055e-7
5349 2.520640420560055e-7
5350 2.520640420560055e-7
5351 2.525847488495736e-7
5352 2.525847488495736e-7
5353 2.525847488495736e-7
5354 2.532528562109163e-7
5355 2.532528562109163e-7
5356 2.541853235718636e-7
5357 2.541853235718636e-7
5358 2.546611702265518e-7
5359 2.546611702265518e-7
5360 2.546611702265518e-7
5361 2.546611702265518e-7
5362 2.546611702265518e-7
5363 2.546611702265518e-7
5364 2.546611702265518e-7
5365 2.546611702265518e-7
5366 2.546611702265518e-7
5367 2.546611702265518e-7
5368 2.546611702265518e-7
5369 2.546611702265518e-7
5370 2.546611702265518e-7
5371 2.546611702265518e-7
5372 2.546611702265518e-7
5373 2.546611702265518e-7
5374 2.546611702265518e-7
5375 2.5496558403072457e-7
5376 2.5496558403072457e-7
5377 2.5496558403072457e-7
5378 2.5496558403072457e-7
5379 2.555263458512246e-7
5380 2.555263458512246e-7
5381 2.555263458512246e-7
5382 2.555263458512246e-7
5383 2.555263458512246e-7
5384 2.558243501910118e-7
5385 2.558243501910118e-7
5386 2.558243501910118e-7
5387 2.558243501910118e-7
5388 2.558243501910118e-7
5389 2.558243501910118e-7
5390 2.558243501910118e-7
5391 2.558243501910118e-7
5392 2.558243501910118e-7
5393 2.558243501910118e-7
5394 2.558243501910118e-7
5395 2.558243501910118e-7
5396 2.5721023260925265e-7
5397 2.5721023260925265e-7
5398 2.5721023260925265e-7
5399 2.5721023260925265e-7
5400 2.5721023260925265e-7
5401 2.5721023260925265e-7
5402 2.5721023260925265e-7
5403 2.5721023260925265e-7
5404 2.5721023260925265e-7
5405 2.5721023260925265e-7
5406 2.5721023260925265e-7
5407 2.5721023260925265e-7
5408 2.5721023260925265e-7
5409 2.5721023260925265e-7
5410 2.5721023260925265e-7
5411 2.5721023260925265e-7
5412 2.5721023260925265e-7
5413 2.5721023260925265e-7
5414 2.5721023260925265e-7
5415 2.5721023260925265e-7
5416 2.5721023260925265e-7
5417 2.5721023260925265e-7
5418 2.5721023260925265e-7
5419 2.5721023260925265e-7
5420 2.5721023260925265e-7
5421 2.5721023260925265e-7
5422 2.5721023260925265e-7
5423 2.5721023260925265e-7
5424 2.5721023260925265e-7
5425 2.5721023260925265e-7
5426 2.5721023260925265e-7
5427 2.5721023260925265e-7
5428 2.5721023260925265e-7
5429 2.5721023260925265e-7
5430 2.5721023260925265e-7
5431 2.5721023260925265e-7
5432 2.5721023260925265e-7
5433 2.5721023260925265e-7
5434 2.5721023260925265e-7
5435 2.5721023260925265e-7
5436 2.5721023260925265e-7
5437 2.5721023260925265e-7
5438 2.5721023260925265e-7
5439 2.5721023260925265e-7
5440 2.5721023260925265e-7
5441 2.5721023260925265e-7
5442 2.5721023260925265e-7
5443 2.5721023260925265e-7
5444 2.5721023260925265e-7
5445 2.5721023260925265e-7
5446 2.5721023260925265e-7
5447 2.5721023260925265e-7
5448 2.5721023260925265e-7
5449 2.5721023260925265e-7
5450 2.5721023260925265e-7
5451 2.5721023260925265e-7
5452 2.5721023260925265e-7
5453 2.5721023260925265e-7
5454 2.5721023260925265e-7
5455 2.5721023260925265e-7
5456 2.5721023260925265e-7
5457 2.5721023260925265e-7
5458 2.5721023260925265e-7
5459 2.5721023260925265e-7
5460 2.5721023260925265e-7
5461 2.5721023260925265e-7
5462 2.5721023260925265e-7
5463 2.576075723401508e-7
5464 2.576075723401508e-7
5465 2.576075723401508e-7
5466 2.576075723401508e-7
5467 2.576075723401508e-7
5468 2.576075723401508e-7
5469 2.576075723401508e-7
5470 2.576075723401508e-7
5471 2.576075723401508e-7
5472 2.576075723401508e-7
5473 2.576075723401508e-7
5474 2.576075723401508e-7
5475 2.576075723401508e-7
5476 2.576075723401508e-7
5477 2.576075723401508e-7
5478 2.576075723401508e-7
5479 2.576075723401508e-7
5480 2.576075723401508e-7
5481 2.576075723401508e-7
5482 2.576075723401508e-7
5483 2.576075723401508e-7
5484 2.576075723401508e-7
5485 2.576075723401508e-7
5486 2.576075723401508e-7
5487 2.576075723401508e-7
5488 2.576075723401508e-7
5489 2.576075723401508e-7
5490 2.576075723401508e-7
5491 2.5771171406557355e-7
5492 2.5771171406557355e-7
5493 2.5771171406557355e-7
5494 2.5771171406557355e-7
5495 2.5771171406557355e-7
5496 2.5771171406557355e-7
5497 2.5771171406557355e-7
5498 2.5771171406557355e-7
5499 2.5771171406557355e-7
5500 2.5771171406557355e-7
5501 2.5771171406557355e-7
5502 2.5771171406557355e-7
5503 2.5771171406557355e-7
5504 2.5771171406557355e-7
5505 2.5771171406557355e-7
5506 2.5771171406557355e-7
5507 2.5771171406557355e-7
5508 2.5771171406557355e-7
5509 2.5771171406557355e-7
5510 2.5771171406557355e-7
5511 2.5771171406557355e-7
5512 2.5771171406557355e-7
5513 2.5771171406557355e-7
5514 2.5771171406557355e-7
5515 2.5771171406557355e-7
5516 2.5771171406557355e-7
5517 2.5771171406557355e-7
5518 2.5771171406557355e-7
5519 2.5771171406557355e-7
5520 2.5771171406557355e-7
5521 2.5771171406557355e-7
5522 2.5771171406557355e-7
5523 2.5771171406557355e-7
5524 2.5771171406557355e-7
5525 2.5771171406557355e-7
5526 2.5771171406557355e-7
5527 2.5771171406557355e-7
5528 2.5771171406557355e-7
5529 2.5771171406557355e-7
5530 2.5771171406557355e-7
5531 2.5771171406557355e-7
5532 2.5771171406557355e-7
5533 2.5771171406557355e-7
5534 2.5771171406557355e-7
5535 2.5771171406557355e-7
5536 2.5771171406557355e-7
5537 2.580385582447772e-7
5538 2.580385582447772e-7
5539 2.580385582447772e-7
5540 2.580385582447772e-7
5541 2.580385582447772e-7
5542 2.580385582447772e-7
5543 2.580385582447772e-7
5544 2.580385582447772e-7
5545 2.580385582447772e-7
5546 2.580385582447772e-7
5547 2.580385582447772e-7
5548 2.580385582447772e-7
5549 2.580385582447772e-7
5550 2.580385582447772e-7
5551 2.580385582447772e-7
5552 2.580385582447772e-7
5553 2.580385582447772e-7
5554 2.583654024239808e-7
5555 2.583654024239808e-7
5556 2.585672770216227e-7
5557 2.585672770216227e-7
5558 2.585672770216227e-7
5559 2.585672770216227e-7
5560 2.5901588574460443e-7
5561 2.5901588574460443e-7
5562 2.5901588574460443e-7
5563 2.5901588574460443e-7
5564 2.5935875083445343e-7
5565 2.5935875083445343e-7
5566 2.5935875083445343e-7
5567 2.5981216650292885e-7
5568 2.5981216650292885e-7
5569 2.5981216650292885e-7
5570 2.5981216650292885e-7
5571 2.5981216650292885e-7
5572 2.6038574602983614e-7
5573 2.6038574602983614e-7
5574 2.6038574602983614e-7
5575 2.6038574602983614e-7
5576 2.6038574602983614e-7
5577 2.6038574602983614e-7
5578 2.6038574602983614e-7
5579 2.6038574602983614e-7
5580 2.6038574602983614e-7
5581 2.6038574602983614e-7
5582 2.6038574602983614e-7
5583 2.6038574602983614e-7
5584 2.6038574602983614e-7
5585 2.6038574602983614e-7
5586 2.6038574602983614e-7
5587 2.6038574602983614e-7
5588 2.6038574602983614e-7
5589 2.6038574602983614e-7
5590 2.6038574602983614e-7
5591 2.6038574602983614e-7
5592 2.6038574602983614e-7
5593 2.6038574602983614e-7
5594 2.6038574602983614e-7
5595 2.6038574602983614e-7
5596 2.6038574602983614e-7
5597 2.6038574602983614e-7
5598 2.6038574602983614e-7
5599 2.6038574602983614e-7
5600 2.6038574602983614e-7
5601 2.6038574602983614e-7
5602 2.6038574602983614e-7
5603 2.6038574602983614e-7
5604 2.6038574602983614e-7
5605 2.6038574602983614e-7
5606 2.6038574602983614e-7
5607 2.6038574602983614e-7
5608 2.6038574602983614e-7
5609 2.6038574602983614e-7
5610 2.6038574602983614e-7
5611 2.6038574602983614e-7
5612 2.6038574602983614e-7
5613 2.6038574602983614e-7
5614 2.6038574602983614e-7
5615 2.6038574602983614e-7
5616 2.6038574602983614e-7
5617 2.6038574602983614e-7
5618 2.6038574602983614e-7
5619 2.6038574602983614e-7
5620 2.6038574602983614e-7
5621 2.6038574602983614e-7
5622 2.607878920950461e-7
5623 2.607878920950461e-7
5624 2.607878920950461e-7
5625 2.607878920950461e-7
5626 2.607878920950461e-7
5627 2.607878920950461e-7
5628 2.607878920950461e-7
5629 2.607878920950461e-7
5630 2.607878920950461e-7
5631 2.607878920950461e-7
5632 2.607878920950461e-7
5633 2.607878920950461e-7
5634 2.607878920950461e-7
5635 2.607878920950461e-7
5636 2.607878920950461e-7
5637 2.607878920950461e-7
5638 2.615889804100461e-7
5639 2.615889804100461e-7
5640 2.615889804100461e-7
5641 2.615889804100461e-7
5642 2.615889804100461e-7
5643 2.615889804100461e-7
5644 2.615889804100461e-7
5645 2.615889804100461e-7
5646 2.615889804100461e-7
5647 2.615889804100461e-7
5648 2.615889804100461e-7
5649 2.615889804100461e-7
5650 2.615889804100461e-7
5651 2.615889804100461e-7
5652 2.615889804100461e-7
5653 2.615889804100461e-7
5654 2.615889804100461e-7
5655 2.615889804100461e-7
5656 2.615889804100461e-7
5657 2.615889804100461e-7
5658 2.615889804100461e-7
5659 2.615889804100461e-7
5660 2.615889804100461e-7
5661 2.615889804100461e-7
5662 2.621577536026416e-7
5663 2.621577536026416e-7
5664 2.621577536026416e-7
5665 2.621577536026416e-7
5666 2.621577536026416e-7
5667 2.621577536026416e-7
5668 2.621577536026416e-7
5669 2.621577536026416e-7
5670 2.622843250919134e-7
5671 2.622843250919134e-7
5672 2.622843250919134e-7
5673 2.622843250919134e-7
5674 2.622843250919134e-7
5675 2.622843250919134e-7
5676 2.622843250919134e-7
5677 2.622843250919134e-7
5678 2.622843250919134e-7
5679 2.622843250919134e-7
5680 2.622843250919134e-7
5681 2.622843250919134e-7
5682 2.622843250919134e-7
5683 2.622843250919134e-7
5684 2.622843250919134e-7
5685 2.622843250919134e-7
5686 2.625086294534043e-7
5687 2.625086294534043e-7
5688 2.625086294534043e-7
5689 2.634443000185897e-7
5690 2.634443000185897e-7
5691 2.634443000185897e-7
5692 2.634443000185897e-7
5693 2.634443000185897e-7
5694 2.634443000185897e-7
5695 2.634443000185897e-7
5696 2.634443000185897e-7
5697 2.634443000185897e-7
5698 2.634443000185897e-7
5699 2.634443000185897e-7
5700 2.6351159114368237e-7
5701 2.6351159114368237e-7
5702 2.6351159114368237e-7
5703 2.6351159114368237e-7
5704 2.641444510347687e-7
5705 2.641444510347687e-7
5706 2.641444510347687e-7
5707 2.646379205078123e-7
5708 2.646379205078123e-7
5709 2.646379205078123e-7
5710 2.648141603038214e-7
5711 2.648141603038214e-7
5712 2.648141603038214e-7
5713 2.648141603038214e-7
5714 2.648141603038214e-7
5715 2.648141603038214e-7
5716 2.65522322692096e-7
5717 2.65522322692096e-7
5718 2.65522322692096e-7
5719 2.65522322692096e-7
5720 2.65522322692096e-7
5721 2.65522322692096e-7
5722 2.6586679091201873e-7
5723 2.6586679091201873e-7
5724 2.6586679091201873e-7
5725 2.6586679091201873e-7
5726 2.6586679091201873e-7
5727 2.6586679091201873e-7
5728 2.6586679091201873e-7
5729 2.6586679091201873e-7
5730 2.6586679091201873e-7
5731 2.6586679091201873e-7
5732 2.6586679091201873e-7
5733 2.6586679091201873e-7
5734 2.6586679091201873e-7
5735 2.6586679091201873e-7
5736 2.6586679091201873e-7
5737 2.6665185709400963e-7
5738 2.6665185709400963e-7
5739 2.6665185709400963e-7
5740 2.6665185709400963e-7
5741 2.6665185709400963e-7
5742 2.6665185709400963e-7
5743 2.6665185709400963e-7
5744 2.6665185709400963e-7
5745 2.6665185709400963e-7
5746 2.6665185709400963e-7
5747 2.6665185709400963e-7
5748 2.6665185709400963e-7
5749 2.6665185709400963e-7
5750 2.6786630666173504e-7
5751 2.6786630666173504e-7
5752 2.6786630666173504e-7
5753 2.6786630666173504e-7
5754 2.6786630666173504e-7
5755 2.6786630666173504e-7
5756 2.6786630666173504e-7
5757 2.6786630666173504e-7
5758 2.6786630666173504e-7
5759 2.6786630666173504e-7
5760 2.695806351668895e-7
5761 2.695806351668895e-7
5762 2.695806351668895e-7
5763 2.695806351668895e-7
5764 2.695806351668895e-7
5765 2.695806351668895e-7
5766 2.695806351668895e-7
5767 2.695806351668895e-7
5768 2.695806351668895e-7
5769 2.695806351668895e-7
5770 2.695806351668895e-7
5771 2.695806351668895e-7
5772 2.6999079260419497e-7
5773 2.6999079260419497e-7
5774 2.6999079260419497e-7
5775 2.6999079260419497e-7
5776 2.6999079260419497e-7
5777 2.6999079260419497e-7
5778 2.6999079260419497e-7
5779 2.6999079260419497e-7
5780 2.6999079260419497e-7
5781 2.6999079260419497e-7
5782 2.6999079260419497e-7
5783 2.6999079260419497e-7
5784 2.6999079260419497e-7
5785 2.70630061348485e-7
5786 2.70630061348485e-7
5787 2.70630061348485e-7
5788 2.7097132453062404e-7
5789 2.7097132453062404e-7
5790 2.7097132453062404e-7
5791 2.7097132453062404e-7
5792 2.711796073702877e-7
5793 2.711796073702877e-7
5794 2.711796073702877e-7
5795 2.711796073702877e-7
5796 2.7170512172053135e-7
5797 2.7170512172053135e-7
5798 2.7170512172053135e-7
5799 2.7170512172053135e-7
5800 2.71753186897195e-7
5801 2.71753186897195e-7
5802 2.71753186897195e-7
5803 2.71753186897195e-7
5804 2.71753186897195e-7
5805 2.71753186897195e-7
5806 2.71753186897195e-7
5807 2.7249980057114585e-7
5808 2.7249980057114585e-7
5809 2.7249980057114585e-7
5810 2.7249980057114585e-7
5811 2.7289874282093587e-7
5812 2.7289874282093587e-7
5813 2.731230477936086e-7
5814 2.731230477936086e-7
5815 2.731230477936086e-7
5816 2.731230477936086e-7
5817 2.731230477936086e-7
5818 2.731230477936086e-7
5819 2.731230477936086e-7
5820 2.731230477936086e-7
5821 2.731230477936086e-7
5822 2.731230477936086e-7
5823 2.731230477936086e-7
5824 2.731230477936086e-7
5825 2.731230477936086e-7
5826 2.731230477936086e-7
5827 2.731230477936086e-7
5828 2.731230477936086e-7
5829 2.731230477936086e-7
5830 2.731230477936086e-7
5831 2.731230477936086e-7
5832 2.731230477936086e-7
5833 2.731230477936086e-7
5834 2.739097171056732e-7
5835 2.739097171056732e-7
5836 2.739097171056732e-7
5837 2.739097171056732e-7
5838 2.739097171056732e-7
5839 2.739097171056732e-7
5840 2.739097171056732e-7
5841 2.739097171056732e-7
5842 2.739097171056732e-7
5843 2.739097171056732e-7
5844 2.739097171056732e-7
5845 2.739097171056732e-7
5846 2.739097171056732e-7
5847 2.739097171056732e-7
5848 2.739097171056732e-7
5849 2.739097171056732e-7
5850 2.739097171056732e-7
5851 2.7476367693164863e-7
5852 2.7476367693164863e-7
5853 2.7476367693164863e-7
5854 2.7476367693164863e-7
5855 2.7476367693164863e-7
5856 2.7476367693164863e-7
5857 2.7476367693164863e-7
5858 2.7476367693164863e-7
5859 2.7476367693164863e-7
5860 2.7476367693164863e-7
5861 2.7476367693164863e-7
5862 2.7538532163521955e-7
5863 2.7538532163521955e-7
5864 2.7538532163521955e-7
5865 2.7538532163521955e-7
5866 2.7538532163521955e-7
5867 2.7538532163521955e-7
5868 2.7538532163521955e-7
5869 2.7538532163521955e-7
5870 2.7538532163521955e-7
5871 2.7538532163521955e-7
5872 2.7538532163521955e-7
5873 2.7538532163521955e-7
5874 2.7538532163521955e-7
5875 2.7538532163521955e-7
5876 2.7538532163521955e-7
5877 2.7538532163521955e-7
5878 2.7538532163521955e-7
5879 2.7538532163521955e-7
5880 2.7538532163521955e-7
5881 2.7538532163521955e-7
5882 2.7538532163521955e-7
5883 2.7538532163521955e-7
5884 2.7538532163521955e-7
5885 2.7538532163521955e-7
5886 2.7538532163521955e-7
5887 2.756641000265777e-7
5888 2.756641000265777e-7
5889 2.756641000265777e-7
5890 2.756641000265777e-7
5891 2.756641000265777e-7
5892 2.756641000265777e-7
5893 2.756641000265777e-7
5894 2.756641000265777e-7
5895 2.756641000265777e-7
5896 2.756641000265777e-7
5897 2.760758593715931e-7
5898 2.760758593715931e-7
5899 2.760758593715931e-7
5900 2.760758593715931e-7
5901 2.760758593715931e-7
5902 2.760758593715931e-7
5903 2.760758593715931e-7
5904 2.760758593715931e-7
5905 2.760758593715931e-7
5906 2.760758593715931e-7
5907 2.7629215358335225e-7
5908 2.7629215358335225e-7
5909 2.7629215358335225e-7
5910 2.7629215358335225e-7
5911 2.7629215358335225e-7
5912 2.7629215358335225e-7
5913 2.7629215358335225e-7
5914 2.7629215358335225e-7
5915 2.7629215358335225e-7
5916 2.7629215358335225e-7
5917 2.7629215358335225e-7
5918 2.7629215358335225e-7
5919 2.7629215358335225e-7
5920 2.7629215358335225e-7
5921 2.7629215358335225e-7
5922 2.7629215358335225e-7
5923 2.7629215358335225e-7
5924 2.7629215358335225e-7
5925 2.7656292182497864e-7
5926 2.7656292182497864e-7
5927 2.7656292182497864e-7
5928 2.7656292182497864e-7
5929 2.7656292182497864e-7
5930 2.7656292182497864e-7
5931 2.7656292182497864e-7
5932 2.7656292182497864e-7
5933 2.7656292182497864e-7
5934 2.7656292182497864e-7
5935 2.7656292182497864e-7
5936 2.7656292182497864e-7
5937 2.773239557242286e-7
5938 2.773239557242286e-7
5939 2.773239557242286e-7
5940 2.773239557242286e-7
5941 2.773239557242286e-7
5942 2.773239557242286e-7
5943 2.773239557242286e-7
5944 2.773239557242286e-7
5945 2.773239557242286e-7
5946 2.773239557242286e-7
5947 2.773239557242286e-7
5948 2.773239557242286e-7
5949 2.773239557242286e-7
5950 2.7857685779999406e-7
5951 2.7857685779999406e-7
5952 2.7857685779999406e-7
5953 2.7857685779999406e-7
5954 2.7857685779999406e-7
5955 2.7857685779999406e-7
5956 2.7857685779999406e-7
5957 2.794868947859105e-7
5958 2.794868947859105e-7
5959 2.794868947859105e-7
5960 2.794868947859105e-7
5961 2.794868947859105e-7
5962 2.794868947859105e-7
5963 2.794868947859105e-7
5964 2.794868947859105e-7
5965 2.794868947859105e-7
5966 2.794868947859105e-7
5967 2.794868947859105e-7
5968 2.798778262747869e-7
5969 2.798778262747869e-7
5970 2.804337817609751e-7
5971 2.804337817609751e-7
5972 2.804337817609751e-7
5973 2.804337817609751e-7
5974 2.804337817609751e-7
5975 2.804337817609751e-7
5976 2.804337817609751e-7
5977 2.804337817609751e-7
5978 2.804337817609751e-7
5979 2.804337817609751e-7
5980 2.804337817609751e-7
5981 2.804337817609751e-7
5982 2.804337817609751e-7
5983 2.804337817609751e-7
5984 2.804337817609751e-7
5985 2.804337817609751e-7
5986 2.804337817609751e-7
5987 2.804337817609751e-7
5988 2.804337817609751e-7
5989 2.804337817609751e-7
5990 2.804337817609751e-7
5991 2.804337817609751e-7
5992 2.804337817609751e-7
5993 2.804337817609751e-7
5994 2.804337817609751e-7
5995 2.804337817609751e-7
5996 2.804337817609751e-7
5997 2.804337817609751e-7
5998 2.804337817609751e-7
5999 2.804337817609751e-7
6000 2.8203756090986696e-7
6001 2.8203756090986696e-7
6002 2.8203756090986696e-7
6003 2.8203756090986696e-7
6004 2.8203756090986696e-7
6005 2.8203756090986696e-7
6006 2.8203756090986696e-7
6007 2.8203756090986696e-7
6008 2.8203756090986696e-7
6009 2.8203756090986696e-7
6010 2.8203756090986696e-7
6011 2.8265279676023424e-7
6012 2.8265279676023424e-7
6013 2.828915213470243e-7
6014 2.828915213470243e-7
6015 2.828915213470243e-7
6016 2.828915213470243e-7
6017 2.828915213470243e-7
6018 2.828915213470243e-7
6019 2.828915213470243e-7
6020 2.828915213470243e-7
6021 2.828915213470243e-7
6022 2.828915213470243e-7
6023 2.828915213470243e-7
6024 2.828915213470243e-7
6025 2.846539156400243e-7
6026 2.846539156400243e-7
6027 2.846539156400243e-7
6028 2.846539156400243e-7
6029 2.846539156400243e-7
6030 2.846539156400243e-7
6031 2.846539156400243e-7
6032 2.846539156400243e-7
6033 2.846539156400243e-7
6034 2.846539156400243e-7
6035 2.846539156400243e-7
6036 2.846539156400243e-7
6037 2.846539156400243e-7
6038 2.846539156400243e-7
6039 2.8530600147953977e-7
6040 2.8530600147953977e-7
6041 2.8530600147953977e-7
6042 2.8530600147953977e-7
6043 2.8678961676999977e-7
6044 2.8678961676999977e-7
6045 2.8678961676999977e-7
6046 2.8678961676999977e-7
6047 2.8678961676999977e-7
6048 2.8678961676999977e-7
6049 2.8678961676999977e-7
6050 2.8759711332702154e-7
6051 2.8759711332702154e-7
6052 2.8759711332702154e-7
6053 2.8759711332702154e-7
6054 2.8792716193282704e-7
6055 2.8792716193282704e-7
6056 2.8792716193282704e-7
6057 2.8792716193282704e-7
6058 2.8792716193282704e-7
6059 2.8792716193282704e-7
6060 2.8792716193282704e-7
6061 2.8792716193282704e-7
6062 2.8792716193282704e-7
6063 2.881098093596761e-7
6064 2.881098093596761e-7
6065 2.881098093596761e-7
6066 2.881098093596761e-7
6067 2.88769906571287e-7
6068 2.88769906571287e-7
6069 2.88769906571287e-7
6070 2.8920569881022523e-7
6071 2.8920569881022523e-7
6072 2.8920569881022523e-7
6073 2.8920569881022523e-7
6074 2.8920569881022523e-7
6075 2.8920569881022523e-7
6076 2.8920569881022523e-7
6077 2.8920569881022523e-7
6078 2.8920569881022523e-7
6079 2.8920569881022523e-7
6080 2.8920569881022523e-7
6081 2.8920569881022523e-7
6082 2.8920569881022523e-7
6083 2.8920569881022523e-7
6084 2.898561821308488e-7
6085 2.898561821308488e-7
6086 2.9062362427212057e-7
6087 2.9062362427212057e-7
6088 2.912981404866669e-7
6089 2.912981404866669e-7
6090 2.9205116423618514e-7
6091 2.9205116423618514e-7
6092 2.9205116423618514e-7
6093 2.9205116423618514e-7
6094 2.9205116423618514e-7
6095 2.9205116423618514e-7
6096 2.9205116423618514e-7
6097 2.9205116423618514e-7
6098 2.9205116423618514e-7
6099 2.9251900012995974e-7
6100 2.929115335265461e-7
6101 2.929115335265461e-7
6102 2.929115335265461e-7
6103 2.929115335265461e-7
6104 2.929115335265461e-7
6105 2.929115335265461e-7
6106 2.929115335265461e-7
6107 2.929115335265461e-7
6108 2.938520110372252e-7
6109 2.938520110372252e-7
6110 2.938520110372252e-7
6111 2.938520110372252e-7
6112 2.938520110372252e-7
6113 2.938520110372252e-7
6114 2.938520110372252e-7
6115 2.938520110372252e-7
6116 2.938520110372252e-7
6117 2.938520110372252e-7
6118 2.938520110372252e-7
6119 2.938520110372252e-7
6120 2.938520110372252e-7
6121 2.938520110372252e-7
6122 2.938520110372252e-7
6123 2.938520110372252e-7
6124 2.938520110372252e-7
6125 2.946691208740524e-7
6126 2.946691208740524e-7
6127 2.9534363708859875e-7
6128 2.9534363708859875e-7
6129 2.9534363708859875e-7
6130 2.9534363708859875e-7
6131 2.9534363708859875e-7
6132 2.9611428426765426e-7
6133 2.9611428426765426e-7
6134 2.9611428426765426e-7
6135 2.9611428426765426e-7
6136 2.9611428426765426e-7
6137 2.9611428426765426e-7
6138 2.9611428426765426e-7
6139 2.9611428426765426e-7
6140 2.9611428426765426e-7
6141 2.9611428426765426e-7
6142 2.9611428426765426e-7
6143 2.9611428426765426e-7
6144 2.9611428426765426e-7
6145 2.9611428426765426e-7
6146 2.9611428426765426e-7
6147 2.9611428426765426e-7
6148 2.9611428426765426e-7
6149 2.9611428426765426e-7
6150 2.9611428426765426e-7
6151 2.9611428426765426e-7
6152 2.9611428426765426e-7
6153 2.9611428426765426e-7
6154 2.9611428426765426e-7
6155 2.9611428426765426e-7
6156 2.9611428426765426e-7
6157 2.9611428426765426e-7
6158 2.9611428426765426e-7
6159 2.9611428426765426e-7
6160 2.9611428426765426e-7
6161 2.9611428426765426e-7
6162 2.965356562812933e-7
6163 2.965356562812933e-7
6164 2.965356562812933e-7
6165 2.965356562812933e-7
6166 2.965356562812933e-7
6167 2.970195136968951e-7
6168 2.970195136968951e-7
6169 2.970195136968951e-7
6170 2.970195136968951e-7
6171 2.970195136968951e-7
6172 2.970195136968951e-7
6173 2.970195136968951e-7
6174 2.970195136968951e-7
6175 2.970195136968951e-7
6176 2.970195136968951e-7
6177 2.970195136968951e-7
6178 2.970195136968951e-7
6179 2.970195136968951e-7
6180 2.970195136968951e-7
6181 2.970195136968951e-7
6182 2.970195136968951e-7
6183 2.970195136968951e-7
6184 2.970195136968951e-7
6185 2.970195136968951e-7
6186 2.970195136968951e-7
6187 2.970195136968951e-7
6188 2.970195136968951e-7
6189 2.970195136968951e-7
6190 2.970195136968951e-7
6191 2.970195136968951e-7
6192 2.970195136968951e-7
6193 2.970195136968951e-7
6194 2.970195136968951e-7
6195 2.970195136968951e-7
6196 2.970195136968951e-7
6197 2.970195136968951e-7
6198 2.970195136968951e-7
6199 2.970195136968951e-7
6200 2.970195136968951e-7
6201 2.983332986557315e-7
6202 2.983332986557315e-7
6203 2.983332986557315e-7
6204 2.983332986557315e-7
6205 2.983332986557315e-7
6206 2.983332986557315e-7
6207 2.983332986557315e-7
6208 2.983332986557315e-7
6209 2.983332986557315e-7
6210 2.983332986557315e-7
6211 2.983332986557315e-7
6212 2.983332986557315e-7
6213 2.983332986557315e-7
6214 2.983332986557315e-7
6215 2.983332986557315e-7
6216 2.983332986557315e-7
6217 2.983332986557315e-7
6218 2.983332986557315e-7
6219 2.983332986557315e-7
6220 2.983332986557315e-7
6221 2.983332986557315e-7
6222 2.983332986557315e-7
6223 2.983332986557315e-7
6224 2.983332986557315e-7
6225 2.983332986557315e-7
6226 2.983332986557315e-7
6227 2.983332986557315e-7
6228 2.983332986557315e-7
6229 2.983332986557315e-7
6230 2.983332986557315e-7
6231 2.983332986557315e-7
6232 2.983332986557315e-7
6233 2.983332986557315e-7
6234 2.983332986557315e-7
6235 2.983332986557315e-7
6236 2.983332986557315e-7
6237 2.983332986557315e-7
6238 2.983332986557315e-7
6239 2.983332986557315e-7
6240 2.983332986557315e-7
6241 2.989982015904724e-7
6242 2.989982015904724e-7
6243 2.989982015904724e-7
6244 2.989982015904724e-7
6245 2.989982015904724e-7
6246 2.989982015904724e-7
6247 2.989982015904724e-7
6248 2.989982015904724e-7
6249 2.989982015904724e-7
6250 2.989982015904724e-7
6251 2.989982015904724e-7
6252 2.989982015904724e-7
6253 2.989982015904724e-7
6254 2.989982015904724e-7
6255 2.989982015904724e-7
6256 2.989982015904724e-7
6257 2.989982015904724e-7
6258 2.989982015904724e-7
6259 2.989982015904724e-7
6260 2.989982015904724e-7
6261 2.989982015904724e-7
6262 2.989982015904724e-7
6263 2.989982015904724e-7
6264 2.989982015904724e-7
6265 2.989982015904724e-7
6266 2.989982015904724e-7
6267 2.989982015904724e-7
6268 2.989982015904724e-7
6269 2.989982015904724e-7
6270 2.989982015904724e-7
6271 2.989982015904724e-7
6272 2.989982015904724e-7
6273 2.989982015904724e-7
6274 2.989982015904724e-7
6275 2.989982015904724e-7
6276 2.989982015904724e-7
6277 2.989982015904724e-7
6278 2.989982015904724e-7
6279 2.989982015904724e-7
6280 2.989982015904724e-7
6281 2.989982015904724e-7
6282 2.989982015904724e-7
6283 2.9949968243561143e-7
6284 2.9949968243561143e-7
6285 2.9949968243561143e-7
6286 2.9949968243561143e-7
6287 2.9949968243561143e-7
6288 2.9949968243561143e-7
6289 2.9949968243561143e-7
6290 2.9949968243561143e-7
6291 2.9949968243561143e-7
6292 2.9949968243561143e-7
6293 2.9949968243561143e-7
6294 2.9949968243561143e-7
6295 2.9949968243561143e-7
6296 2.9949968243561143e-7
6297 2.9949968243561143e-7
6298 2.9949968243561143e-7
6299 2.9949968243561143e-7
6300 2.9949968243561143e-7
6301 2.9949968243561143e-7
6302 3.00408116902636e-7
6303 3.00408116902636e-7
6304 3.005106561091669e-7
6305 3.005106561091669e-7
6306 3.005106561091669e-7
6307 3.005106561091669e-7
6308 3.005106561091669e-7
6309 3.005106561091669e-7
6310 3.005106561091669e-7
6311 3.011531292800588e-7
6312 3.011531292800588e-7
6313 3.011531292800588e-7
6314 3.011531292800588e-7
6315 3.0157289938598783e-7
6316 3.0157289938598783e-7
6317 3.0157289938598783e-7
6318 3.0157289938598783e-7
6319 3.0157289938598783e-7
6320 3.0157289938598783e-7
6321 3.0157289938598783e-7
6322 3.0157289938598783e-7
6323 3.0157289938598783e-7
6324 3.0157289938598783e-7
6325 3.0253260345627787e-7
6326 3.0253260345627787e-7
6327 3.0253260345627787e-7
6328 3.0253260345627787e-7
6329 3.0253260345627787e-7
6330 3.0303568682030875e-7
6331 3.0303568682030875e-7
6332 3.0303568682030875e-7
6333 3.0303568682030875e-7
6334 3.0303568682030875e-7
6335 3.0303568682030875e-7
6336 3.0366854610021325e-7
6337 3.0366854610021325e-7
6338 3.0366854610021325e-7
6339 3.0366854610021325e-7
6340 3.0366854610021325e-7
6341 3.0366854610021325e-7
6342 3.0366854610021325e-7
6343 3.0366854610021325e-7
6344 3.0366854610021325e-7
6345 3.0366854610021325e-7
6346 3.0366854610021325e-7
6347 3.0366854610021325e-7
6348 3.039361099152378e-7
6349 3.039361099152378e-7
6350 3.039361099152378e-7
6351 3.039361099152378e-7
6352 3.039361099152378e-7
6353 3.0476443493958054e-7
6354 3.0517779619230595e-7
6355 3.0517779619230595e-7
6356 3.0517779619230595e-7
6357 3.0517779619230595e-7
6358 3.0517779619230595e-7
6359 3.0517779619230595e-7
6360 3.0517779619230595e-7
6361 3.0517779619230595e-7
6362 3.0517779619230595e-7
6363 3.0517779619230595e-7
6364 3.0517779619230595e-7
6365 3.0517779619230595e-7
6366 3.0517779619230595e-7
6367 3.0557834034980595e-7
6368 3.0557834034980595e-7
6369 3.0557834034980595e-7
6370 3.0557834034980595e-7
6371 3.0557834034980595e-7
6372 3.0557834034980595e-7
6373 3.0557834034980595e-7
6374 3.0557834034980595e-7
6375 3.0557834034980595e-7
6376 3.0557834034980595e-7
6377 3.0557834034980595e-7
6378 3.0718372140640776e-7
6379 3.0718372140640776e-7
6380 3.0718372140640776e-7
6381 3.0718372140640776e-7
6382 3.0718372140640776e-7
6383 3.0718372140640776e-7
6384 3.0718372140640776e-7
6385 3.0718372140640776e-7
6386 3.0718372140640776e-7
6387 3.07800559164485e-7
6388 3.07800559164485e-7
6389 3.07800559164485e-7
6390 3.07800559164485e-7
6391 3.07800559164485e-7
6392 3.07800559164485e-7
6393 3.08258782389636e-7
6394 3.08258782389636e-7
6395 3.08258782389636e-7
6396 3.08258782389636e-7
6397 3.08258782389636e-7
6398 3.08258782389636e-7
6399 3.08258782389636e-7
6400 3.08258782389636e-7
6401 3.08258782389636e-7
6402 3.088115328380405e-7
6403 3.088115328380405e-7
6404 3.0910633275122587e-7
6405 3.0910633275122587e-7
6406 3.0910633275122587e-7
6407 3.0910633275122587e-7
6408 3.0910633275122587e-7
6409 3.0910633275122587e-7
6410 3.0910633275122587e-7
6411 3.0910633275122587e-7
6412 3.0910633275122587e-7
6413 3.0910633275122587e-7
6414 3.0910633275122587e-7
6415 3.0910633275122587e-7
6416 3.0910633275122587e-7
6417 3.0910633275122587e-7
6418 3.0910633275122587e-7
6419 3.0910633275122587e-7
6420 3.0910633275122587e-7
6421 3.0910633275122587e-7
6422 3.0910633275122587e-7
6423 3.0910633275122587e-7
6424 3.0910633275122587e-7
6425 3.0910633275122587e-7
6426 3.0910633275122587e-7
6427 3.0910633275122587e-7
6428 3.0910633275122587e-7
6429 3.0910633275122587e-7
6430 3.0910633275122587e-7
6431 3.0910633275122587e-7
6432 3.0910633275122587e-7
6433 3.0910633275122587e-7
6434 3.0910633275122587e-7
6435 3.0910633275122587e-7
6436 3.0910633275122587e-7
6437 3.0910633275122587e-7
6438 3.0910633275122587e-7
6439 3.0910633275122587e-7
6440 3.0910633275122587e-7
6441 3.0910633275122587e-7
6442 3.0910633275122587e-7
6443 3.0930339979219216e-7
6444 3.0930339979219216e-7
6445 3.0930339979219216e-7
6446 3.0930339979219216e-7
6447 3.0930339979219216e-7
6448 3.0930339979219216e-7
6449 3.0930339979219216e-7
6450 3.0930339979219216e-7
6451 3.0930339979219216e-7
6452 3.0930339979219216e-7
6453 3.0930339979219216e-7
6454 3.0930339979219216e-7
6455 3.0961101802296673e-7
6456 3.0961101802296673e-7
6457 3.098833881723031e-7
6458 3.098833881723031e-7
6459 3.098833881723031e-7
6460 3.1007244506353763e-7
6461 3.1007244506353763e-7
6462 3.1007244506353763e-7
6463 3.1007244506353763e-7
6464 3.1007244506353763e-7
6465 3.1007244506353763e-7
6466 3.1007244506353763e-7
6467 3.1007244506353763e-7
6468 3.1007244506353763e-7
6469 3.1007244506353763e-7
6470 3.1007244506353763e-7
6471 3.1007244506353763e-7
6472 3.1007244506353763e-7
6473 3.1007244506353763e-7
6474 3.1007244506353763e-7
6475 3.1007244506353763e-7
6476 3.1007244506353763e-7
6477 3.1007244506353763e-7
6478 3.1007244506353763e-7
6479 3.1007244506353763e-7
6480 3.1007244506353763e-7
6481 3.1007244506353763e-7
6482 3.1007244506353763e-7
6483 3.1007244506353763e-7
6484 3.1007244506353763e-7
6485 3.1007244506353763e-7
6486 3.1007244506353763e-7
6487 3.1007244506353763e-7
6488 3.1007244506353763e-7
6489 3.1007244506353763e-7
6490 3.1007244506353763e-7
6491 3.1007244506353763e-7
6492 3.1007244506353763e-7
6493 3.1007244506353763e-7
6494 3.1007244506353763e-7
6495 3.1007244506353763e-7
6496 3.1007244506353763e-7
6497 3.1007244506353763e-7
6498 3.1007244506353763e-7
6499 3.1007244506353763e-7
6500 3.1007244506353763e-7
6501 3.1007244506353763e-7
6502 3.1007244506353763e-7
6503 3.1007244506353763e-7
6504 3.1007244506353763e-7
6505 3.1007244506353763e-7
6506 3.1007244506353763e-7
6507 3.1007244506353763e-7
6508 3.1007244506353763e-7
6509 3.1007244506353763e-7
6510 3.1007244506353763e-7
6511 3.1007244506353763e-7
6512 3.1007244506353763e-7
6513 3.1007244506353763e-7
6514 3.1007244506353763e-7
6515 3.1007244506353763e-7
6516 3.1007244506353763e-7
6517 3.1007244506353763e-7
6518 3.1007244506353763e-7
6519 3.1007244506353763e-7
6520 3.1007244506353763e-7
6521 3.1007244506353763e-7
6522 3.1007244506353763e-7
6523 3.1007244506353763e-7
6524 3.1007244506353763e-7
6525 3.1007244506353763e-7
6526 3.1007244506353763e-7
6527 3.1007244506353763e-7
6528 3.1007244506353763e-7
6529 3.1007244506353763e-7
6530 3.1007244506353763e-7
6531 3.1007244506353763e-7
6532 3.1007244506353763e-7
6533 3.1007244506353763e-7
6534 3.1007244506353763e-7
6535 3.1007244506353763e-7
6536 3.1007244506353763e-7
6537 3.1007244506353763e-7
6538 3.1007244506353763e-7
6539 3.1007244506353763e-7
6540 3.1007244506353763e-7
6541 3.1007244506353763e-7
6542 3.1007244506353763e-7
6543 3.1007244506353763e-7
6544 3.1007244506353763e-7
6545 3.1007244506353763e-7
6546 3.1007244506353763e-7
6547 3.1007244506353763e-7
6548 3.1007244506353763e-7
6549 3.1007244506353763e-7
6550 3.1007244506353763e-7
6551 3.1016216656366124e-7
6552 3.110401598947413e-7
6553 3.110401598947413e-7
6554 3.1184285072863313e-7
6555 3.1184285072863313e-7
6556 3.118716899568677e-7
6557 3.118716899568677e-7
6558 3.118716899568677e-7
6559 3.118716899568677e-7
6560 3.118716899568677e-7
6561 3.118716899568677e-7
6562 3.118716899568677e-7
6563 3.118716899568677e-7
6564 3.118716899568677e-7
6565 3.118716899568677e-7
6566 3.118716899568677e-7
6567 3.118716899568677e-7
6568 3.118716899568677e-7
6569 3.118716899568677e-7
6570 3.118716899568677e-7
6571 3.118716899568677e-7
6572 3.12403613160315e-7
6573 3.12403613160315e-7
6574 3.126535529346205e-7
6575 3.126535529346205e-7
6576 3.126535529346205e-7
6577 3.126535529346205e-7
6578 3.126535529346205e-7
6579 3.126535529346205e-7
6580 3.126535529346205e-7
6581 3.126535529346205e-7
6582 3.126535529346205e-7
6583 3.126535529346205e-7
6584 3.126535529346205e-7
6585 3.126535529346205e-7
6586 3.126535529346205e-7
6587 3.126535529346205e-7
6588 3.126535529346205e-7
6589 3.126535529346205e-7
6590 3.126535529346205e-7
6591 3.126535529346205e-7
6592 3.126535529346205e-7
6593 3.126535529346205e-7
6594 3.126535529346205e-7
6595 3.128730509617996e-7
6596 3.128730509617996e-7
6597 3.128730509617996e-7
6598 3.128730509617996e-7
6599 3.128730509617996e-7
6600 3.128730509617996e-7
6601 3.128730509617996e-7
6602 3.128730509617996e-7
6603 3.128730509617996e-7
6604 3.128730509617996e-7
6605 3.128730509617996e-7
6606 3.128730509617996e-7
6607 3.128730509617996e-7
6608 3.128730509617996e-7
6609 3.128730509617996e-7
6610 3.128730509617996e-7
6611 3.128730509617996e-7
6612 3.128730509617996e-7
6613 3.1332326281485504e-7
6614 3.1332326281485504e-7
6615 3.1332326281485504e-7
6616 3.1332326281485504e-7
6617 3.1332326281485504e-7
6618 3.1332326281485504e-7
6619 3.1332326281485504e-7
6620 3.1332326281485504e-7
6621 3.1332326281485504e-7
6622 3.1332326281485504e-7
6623 3.1332326281485504e-7
6624 3.1332326281485504e-7
6625 3.1332326281485504e-7
6626 3.13563589309355e-7
6627 3.13563589309355e-7
6628 3.138231417522841e-7
6629 3.138231417522841e-7
6630 3.138231417522841e-7
6631 3.138231417522841e-7
6632 3.138231417522841e-7
6633 3.138231417522841e-7
6634 3.138231417522841e-7
6635 3.138231417522841e-7
6636 3.1453611047487047e-7
6637 3.1453611047487047e-7
6638 3.1453611047487047e-7
6639 3.1453611047487047e-7
6640 3.1453611047487047e-7
6641 3.160021023357932e-7
6642 3.160021023357932e-7
6643 3.1612066367533325e-7
6644 3.1612066367533325e-7
6645 3.1612066367533325e-7
6646 3.162216003629723e-7
6647 3.162216003629723e-7
6648 3.1671346853948774e-7
6649 3.1671346853948774e-7
6650 3.1671346853948774e-7
6651 3.1671346853948774e-7
6652 3.1671346853948774e-7
6653 3.1671346853948774e-7
6654 3.1671346853948774e-7
6655 3.1671346853948774e-7
6656 3.1671346853948774e-7
6657 3.1671346853948774e-7
6658 3.1671346853948774e-7
6659 3.1671346853948774e-7
6660 3.1671346853948774e-7
6661 3.1671346853948774e-7
6662 3.1671346853948774e-7
6663 3.1671346853948774e-7
6664 3.1671346853948774e-7
6665 3.1671346853948774e-7
6666 3.1671346853948774e-7
6667 3.1739759803383954e-7
6668 3.1739759803383954e-7
6669 3.1739759803383954e-7
6670 3.1739759803383954e-7
6671 3.1739759803383954e-7
6672 3.1739759803383954e-7
6673 3.1739759803383954e-7
6674 3.1739759803383954e-7
6675 3.1739759803383954e-7
6676 3.1739759803383954e-7
6677 3.1795355352002776e-7
6678 3.1795355352002776e-7
6679 3.1795355352002776e-7
6680 3.1795355352002776e-7
6681 3.183877432400741e-7
6682 3.183877432400741e-7
6683 3.183877432400741e-7
6684 3.183877432400741e-7
6685 3.183877432400741e-7
6686 3.183877432400741e-7
6687 3.183877432400741e-7
6688 3.183877432400741e-7
6689 3.183877432400741e-7
6690 3.183877432400741e-7
6691 3.183877432400741e-7
6692 3.183877432400741e-7
6693 3.183877432400741e-7
6694 3.183877432400741e-7
6695 3.183877432400741e-7
6696 3.183877432400741e-7
6697 3.183877432400741e-7
6698 3.183877432400741e-7
6699 3.183877432400741e-7
6700 3.183877432400741e-7
6701 3.183877432400741e-7
6702 3.1886358989476233e-7
6703 3.1886358989476233e-7
6704 3.1886358989476233e-7
6705 3.1886358989476233e-7
6706 3.1886358989476233e-7
6707 3.1886358989476233e-7
6708 3.1886358989476233e-7
6709 3.1886358989476233e-7
6710 3.1886358989476233e-7
6711 3.1886358989476233e-7
6712 3.1886358989476233e-7
6713 3.1886358989476233e-7
6714 3.1886358989476233e-7
6715 3.1886358989476233e-7
6716 3.1910872333475603e-7
6717 3.1910872333475603e-7
6718 3.1910872333475603e-7
6719 3.1910872333475603e-7
6720 3.1910872333475603e-7
6721 3.1910872333475603e-7
6722 3.1910872333475603e-7
6723 3.1910872333475603e-7
6724 3.1910872333475603e-7
6725 3.1910872333475603e-7
6726 3.1910872333475603e-7
6727 3.1910872333475603e-7
6728 3.1910872333475603e-7
6729 3.1910872333475603e-7
6730 3.1910872333475603e-7
6731 3.1910872333475603e-7
6732 3.1910872333475603e-7
6733 3.1910872333475603e-7
6734 3.1910872333475603e-7
6735 3.1910872333475603e-7
6736 3.1910872333475603e-7
6737 3.1910872333475603e-7
6738 3.1910872333475603e-7
6739 3.1910872333475603e-7
6740 3.1910872333475603e-7
6741 3.1910872333475603e-7
6742 3.1910872333475603e-7
6743 3.1910872333475603e-7
6744 3.1910872333475603e-7
6745 3.1910872333475603e-7
6746 3.1910872333475603e-7
6747 3.1944998773925883e-7
6748 3.1944998773925883e-7
6749 3.1944998773925883e-7
6750 3.1996588880969704e-7
6751 3.1996588880969704e-7
6752 3.1996588880969704e-7
6753 3.206003512196753e-7
6754 3.206003512196753e-7
6755 3.206003512196753e-7
6756 3.206003512196753e-7
6757 3.206003512196753e-7
6758 3.206003512196753e-7
6759 3.206003512196753e-7
6760 3.206003512196753e-7
6761 3.206003512196753e-7
6762 3.206003512196753e-7
6763 3.2102492765991615e-7
6764 3.2102492765991615e-7
6765 3.2102492765991615e-7
6766 3.2102492765991615e-7
6767 3.2102492765991615e-7
6768 3.2102492765991615e-7
6769 3.2102492765991615e-7
6770 3.2102492765991615e-7
6771 3.2102492765991615e-7
6772 3.2102492765991615e-7
6773 3.2102492765991615e-7
6774 3.2102492765991615e-7
6775 3.2102492765991615e-7
6776 3.2102492765991615e-7
6777 3.2102492765991615e-7
6778 3.2102492765991615e-7
6779 3.2102492765991615e-7
6780 3.2102492765991615e-7
6781 3.2102492765991615e-7
6782 3.2102492765991615e-7
6783 3.2102492765991615e-7
6784 3.2118033898860437e-7
6785 3.2118033898860437e-7
6786 3.2118033898860437e-7
6787 3.2118033898860437e-7
6788 3.2118033898860437e-7
6789 3.2118033898860437e-7
6790 3.215344204883326e-7
6791 3.215344204883326e-7
6792 3.215344204883326e-7
6793 3.215344204883326e-7
6794 3.215344204883326e-7
6795 3.215344204883326e-7
6796 3.215344204883326e-7
6797 3.215344204883326e-7
6798 3.215344204883326e-7
6799 3.215344204883326e-7
6800 3.215344204883326e-7
6801 3.215344204883326e-7
6802 3.215344204883326e-7
6803 3.223258955235271e-7
6804 3.223258955235271e-7
6805 3.223258955235271e-7
6806 3.223258955235271e-7
6807 3.223258955235271e-7
6808 3.223258955235271e-7
6809 3.223258955235271e-7
6810 3.223258955235271e-7
6811 3.223258955235271e-7
6812 3.223258955235271e-7
6813 3.223258955235271e-7
6814 3.223258955235271e-7
6815 3.223258955235271e-7
6816 3.223258955235271e-7
6817 3.223258955235271e-7
6818 3.223258955235271e-7
6819 3.22550199885018e-7
6820 3.22550199885018e-7
6821 3.22550199885018e-7
6822 3.22550199885018e-7
6823 3.22550199885018e-7
6824 3.22550199885018e-7
6825 3.22550199885018e-7
6826 3.22550199885018e-7
6827 3.22550199885018e-7
6828 3.22550199885018e-7
6829 3.22550199885018e-7
6830 3.22550199885018e-7
6831 3.22550199885018e-7
6832 3.22550199885018e-7
6833 3.22550199885018e-7
6834 3.2331443759968795e-7
6835 3.2331443759968795e-7
6836 3.2331443759968795e-7
6837 3.2331443759968795e-7
6838 3.2331443759968795e-7
6839 3.2331443759968795e-7
6840 3.2331443759968795e-7
6841 3.2398895442541615e-7
6842 3.2398895442541615e-7
6843 3.2398895442541615e-7
6844 3.2398895442541615e-7
6845 3.2398895442541615e-7
6846 3.2398895442541615e-7
6847 3.2398895442541615e-7
6848 3.2398895442541615e-7
6849 3.2398895442541615e-7
6850 3.2398895442541615e-7
6851 3.2398895442541615e-7
6852 3.2398895442541615e-7
6853 3.2423408725422793e-7
6854 3.2423408725422793e-7
6855 3.2423408725422793e-7
6856 3.2423408725422793e-7
6857 3.2423408725422793e-7
6858 3.2423408725422793e-7
6859 3.2423408725422793e-7
6860 3.2423408725422793e-7
6861 3.2423408725422793e-7
6862 3.2423408725422793e-7
6863 3.2423408725422793e-7
6864 3.245288871674133e-7
6865 3.245288871674133e-7
6866 3.245288871674133e-7
6867 3.2501915343621877e-7
6868 3.2501915343621877e-7
6869 3.2501915343621877e-7
6870 3.2501915343621877e-7
6871 3.2501915343621877e-7
6872 3.2501915343621877e-7
6873 3.2501915343621877e-7
6874 3.2501915343621877e-7
6875 3.2501915343621877e-7
6876 3.2501915343621877e-7
6877 3.2501915343621877e-7
6878 3.2501915343621877e-7
6879 3.2501915343621877e-7
6880 3.2501915343621877e-7
6881 3.2501915343621877e-7
6882 3.2501915343621877e-7
6883 3.2501915343621877e-7
6884 3.2501915343621877e-7
6885 3.2501915343621877e-7
6886 3.2501915343621877e-7
6887 3.2501915343621877e-7
6888 3.2501915343621877e-7
6889 3.2501915343621877e-7
6890 3.2501915343621877e-7
6891 3.2501915343621877e-7
6892 3.2501915343621877e-7
6893 3.2501915343621877e-7
6894 3.2501915343621877e-7
6895 3.2533157800130514e-7
6896 3.2533157800130514e-7
6897 3.2533157800130514e-7
6898 3.2533157800130514e-7
6899 3.2533157800130514e-7
6900 3.2533157800130514e-7
6901 3.2533157800130514e-7
6902 3.2533157800130514e-7
6903 3.2533157800130514e-7
6904 3.2533157800130514e-7
6905 3.2533157800130514e-7
6906 3.2533157800130514e-7
6907 3.2533157800130514e-7
6908 3.2533157800130514e-7
6909 3.2533157800130514e-7
6910 3.2533157800130514e-7
6911 3.2533157800130514e-7
6912 3.2533157800130514e-7
6913 3.2533157800130514e-7
6914 3.2533157800130514e-7
6915 3.2622078651990063e-7
6916 3.2622078651990063e-7
6917 3.2622078651990063e-7
6918 3.2622078651990063e-7
6919 3.2622078651990063e-7
6920 3.2622078651990063e-7
6921 3.2622078651990063e-7
6922 3.2622078651990063e-7
6923 3.2622078651990063e-7
6924 3.2622078651990063e-7
6925 3.2622078651990063e-7
6926 3.2622078651990063e-7
6927 3.2622078651990063e-7
6928 3.2622078651990063e-7
6929 3.2622078651990063e-7
6930 3.2622078651990063e-7
6931 3.2622078651990063e-7
6932 3.2622078651990063e-7
6933 3.2622078651990063e-7
6934 3.2622078651990063e-7
6935 3.2622078651990063e-7
6936 3.2622078651990063e-7
6937 3.2622078651990063e-7
6938 3.2622078651990063e-7
6939 3.2622078651990063e-7
6940 3.2622078651990063e-7
6941 3.2622078651990063e-7
6942 3.2622078651990063e-7
6943 3.2622078651990063e-7
6944 3.2622078651990063e-7
6945 3.2622078651990063e-7
6946 3.264755326285179e-7
6947 3.264755326285179e-7
6948 3.264755326285179e-7
6949 3.264755326285179e-7
6950 3.264755326285179e-7
6951 3.264755326285179e-7
6952 3.264755326285179e-7
6953 3.264755326285179e-7
6954 3.264755326285179e-7
6955 3.2668221294928966e-7
6956 3.2668221294928966e-7
6957 3.2668221294928966e-7
6958 3.2668221294928966e-7
6959 3.2668221294928966e-7
6960 3.2668221294928966e-7
6961 3.2668221294928966e-7
6962 3.2668221294928966e-7
6963 3.2668221294928966e-7
6964 3.2668221294928966e-7
6965 3.2668221294928966e-7
6966 3.2668221294928966e-7
6967 3.2668221294928966e-7
6968 3.2668221294928966e-7
6969 3.270811545878978e-7
6970 3.2760666832695963e-7
6971 3.2760666832695963e-7
6972 3.2760666832695963e-7
6973 3.2760666832695963e-7
6974 3.2760666832695963e-7
6975 3.2760666832695963e-7
6976 3.2760666832695963e-7
6977 3.2760666832695963e-7
6978 3.2760666832695963e-7
6979 3.2760666832695963e-7
6980 3.2760666832695963e-7
6981 3.2760666832695963e-7
6982 3.282940016367314e-7
6983 3.282940016367314e-7
6984 3.282940016367314e-7
6985 3.282940016367314e-7
6986 3.282940016367314e-7
6987 3.282940016367314e-7
6988 3.282940016367314e-7
6989 3.2852952179691957e-7
6990 3.2852952179691957e-7
6991 3.2852952179691957e-7
6992 3.2852952179691957e-7
6993 3.2852952179691957e-7
6994 3.2852952179691957e-7
6995 3.2852952179691957e-7
6996 3.2928574936185776e-7
6997 3.2928574936185776e-7
6998 3.2928574936185776e-7
6999 3.2928574936185776e-7
7000 3.2928574936185776e-7
7001 3.2928574936185776e-7
7002 3.2928574936185776e-7
7003 3.2928574936185776e-7
7004 3.2928574936185776e-7
7005 3.2928574936185776e-7
7006 3.2928574936185776e-7
7007 3.300579984486232e-7
7008 3.300579984486232e-7
7009 3.300579984486232e-7
7010 3.307052785650087e-7
7011 3.307052785650087e-7
7012 3.307052785650087e-7
7013 3.307052785650087e-7
7014 3.309872613829687e-7
7015 3.309872613829687e-7
7016 3.309872613829687e-7
7017 3.309872613829687e-7
7018 3.309872613829687e-7
7019 3.309872613829687e-7
7020 3.309872613829687e-7
7021 3.309872613829687e-7
7022 3.309872613829687e-7
7023 3.309872613829687e-7
7024 3.309872613829687e-7
7025 3.309872613829687e-7
7026 3.309872613829687e-7
7027 3.309872613829687e-7
7028 3.309872613829687e-7
7029 3.309872613829687e-7
7030 3.309872613829687e-7
7031 3.309872613829687e-7
7032 3.309872613829687e-7
7033 3.309872613829687e-7
7034 3.309872613829687e-7
7035 3.309872613829687e-7
7036 3.309872613829687e-7
7037 3.309872613829687e-7
7038 3.309872613829687e-7
7039 3.309872613829687e-7
7040 3.309872613829687e-7
7041 3.309872613829687e-7
7042 3.309872613829687e-7
7043 3.309872613829687e-7
7044 3.309872613829687e-7
7045 3.309872613829687e-7
7046 3.309872613829687e-7
7047 3.309872613829687e-7
7048 3.309872613829687e-7
7049 3.309872613829687e-7
7050 3.309872613829687e-7
7051 3.309872613829687e-7
7052 3.3150957130661054e-7
7053 3.3150957130661054e-7
7054 3.3150957130661054e-7
7055 3.3150957130661054e-7
7056 3.3150957130661054e-7
7057 3.3150957130661054e-7
7058 3.3150957130661054e-7
7059 3.3150957130661054e-7
7060 3.3150957130661054e-7
7061 3.3150957130661054e-7
7062 3.3150957130661054e-7
7063 3.3150957130661054e-7
7064 3.3150957130661054e-7
7065 3.3150957130661054e-7
7066 3.3207353694253046e-7
7067 3.3207353694253046e-7
7068 3.3207353694253046e-7
7069 3.3207353694253046e-7
7070 3.3207353694253046e-7
7071 3.3207353694253046e-7
7072 3.3207353694253046e-7
7073 3.3207353694253046e-7
7074 3.3207353694253046e-7
7075 3.3207353694253046e-7
7076 3.3207353694253046e-7
7077 3.3297876698295323e-7
7078 3.3297876698295323e-7
7079 3.3297876698295323e-7
7080 3.3297876698295323e-7
7081 3.332655567464069e-7
7082 3.332655567464069e-7
7083 3.332655567464069e-7
7084 3.332655567464069e-7
7085 3.332655567464069e-7
7086 3.332655567464069e-7
7087 3.332655567464069e-7
7088 3.332655567464069e-7
7089 3.332655567464069e-7
7090 3.332655567464069e-7
7091 3.332655567464069e-7
7092 3.332655567464069e-7
7093 3.332655567464069e-7
7094 3.332655567464069e-7
7095 3.332655567464069e-7
7096 3.332655567464069e-7
7097 3.332655567464069e-7
7098 3.332655567464069e-7
7099 3.332655567464069e-7
7100 3.332655567464069e-7
7101 3.332655567464069e-7
7102 3.332655567464069e-7
7103 3.333777092327433e-7
7104 3.333777092327433e-7
7105 3.333777092327433e-7
7106 3.333777092327433e-7
7107 3.333777092327433e-7
7108 3.333777092327433e-7
7109 3.333777092327433e-7
7110 3.333777092327433e-7
7111 3.333777092327433e-7
7112 3.350551883599315e-7
7113 3.350551883599315e-7
7114 3.350551883599315e-7
7115 3.350551883599315e-7
7116 3.350551883599315e-7
7117 3.350551883599315e-7
7118 3.350551883599315e-7
7119 3.350551883599315e-7
7120 3.350551883599315e-7
7121 3.350551883599315e-7
7122 3.350551883599315e-7
7123 3.350551883599315e-7
7124 3.350551883599315e-7
7125 3.350551883599315e-7
7126 3.350551883599315e-7
7127 3.350551883599315e-7
7128 3.350551883599315e-7
7129 3.350551883599315e-7
7130 3.350551883599315e-7
7131 3.350551883599315e-7
7132 3.350551883599315e-7
7133 3.350551883599315e-7
7134 3.350551883599315e-7
7135 3.350551883599315e-7
7136 3.350551883599315e-7
7137 3.350551883599315e-7
7138 3.350551883599315e-7
7139 3.350551883599315e-7
7140 3.36304886620277e-7
7141 3.36304886620277e-7
7142 3.36304886620277e-7
7143 3.36304886620277e-7
7144 3.36304886620277e-7
7145 3.36304886620277e-7
7146 3.36304886620277e-7
7147 3.36304886620277e-7
7148 3.36304886620277e-7
7149 3.36304886620277e-7
7150 3.36304886620277e-7
7151 3.36304886620277e-7
7152 3.36304886620277e-7
7153 3.36304886620277e-7
7154 3.36304886620277e-7
7155 3.36304886620277e-7
7156 3.36304886620277e-7
7157 3.36304886620277e-7
7158 3.36304886620277e-7
7159 3.36304886620277e-7
7160 3.36304886620277e-7
7161 3.36304886620277e-7
7162 3.36304886620277e-7
7163 3.36304886620277e-7
7164 3.36304886620277e-7
7165 3.36304886620277e-7
7166 3.3642985681302067e-7
7167 3.3642985681302067e-7
7168 3.3642985681302067e-7
7169 3.3642985681302067e-7
7170 3.3642985681302067e-7
7171 3.3642985681302067e-7
7172 3.3642985681302067e-7
7173 3.3642985681302067e-7
7174 3.3642985681302067e-7
7175 3.3642985681302067e-7
7176 3.3642985681302067e-7
7177 3.3642985681302067e-7
7178 3.3642985681302067e-7
7179 3.3642985681302067e-7
7180 3.3642985681302067e-7
7181 3.3642985681302067e-7
7182 3.3642985681302067e-7
7183 3.3642985681302067e-7
7184 3.3642985681302067e-7
7185 3.3642985681302067e-7
7186 3.3642985681302067e-7
7187 3.3642985681302067e-7
7188 3.3642985681302067e-7
7189 3.3642985681302067e-7
7190 3.3642985681302067e-7
7191 3.3642985681302067e-7
7192 3.3642985681302067e-7
7193 3.3642985681302067e-7
7194 3.3642985681302067e-7
7195 3.3642985681302067e-7
7196 3.3642985681302067e-7
7197 3.3642985681302067e-7
7198 3.3642985681302067e-7
7199 3.3642985681302067e-7
7200 3.3642985681302067e-7
7201 3.3669742001686337e-7
7202 3.3669742001686337e-7
7203 3.367807332749652e-7
7204 3.367807332749652e-7
7205 3.367807332749652e-7
7206 3.367807332749652e-7
7207 3.367807332749652e-7
7208 3.367807332749652e-7
7209 3.367807332749652e-7
7210 3.367807332749652e-7
7211 3.367807332749652e-7
7212 3.367807332749652e-7
7213 3.3717166415265974e-7
7214 3.3717166415265974e-7
7215 3.3717166415265974e-7
7216 3.3717166415265974e-7
7217 3.3717166415265974e-7
7218 3.3717166415265974e-7
7219 3.3717166415265974e-7
7220 3.3717166415265974e-7
7221 3.3717166415265974e-7
7222 3.3717166415265974e-7
7223 3.3717166415265974e-7
7224 3.3734469952206704e-7
7225 3.3734469952206704e-7
7226 3.3734469952206704e-7
7227 3.3776126520139427e-7
7228 3.3776126520139427e-7
7229 3.3776126520139427e-7
7230 3.3776126520139427e-7
7231 3.3776126520139427e-7
7232 3.3776126520139427e-7
7233 3.3776126520139427e-7
7234 3.3776126520139427e-7
7235 3.3776126520139427e-7
7236 3.3776126520139427e-7
7237 3.3827876817954246e-7
7238 3.3827876817954246e-7
7239 3.3827876817954246e-7
7240 3.3835086625012886e-7
7241 3.3835086625012886e-7
7242 3.3835086625012886e-7
7243 3.3835086625012886e-7
7244 3.3835086625012886e-7
7245 3.3835086625012886e-7
7246 3.3835086625012886e-7
7247 3.3835086625012886e-7
7248 3.3835086625012886e-7
7249 3.3835086625012886e-7
7250 3.3835086625012886e-7
7251 3.3835086625012886e-7
7252 3.390221780380734e-7
7253 3.390221780380734e-7
7254 3.390221780380734e-7
7255 3.390221780380734e-7
7256 3.390221780380734e-7
7257 3.390221780380734e-7
7258 3.390221780380734e-7
7259 3.390221780380734e-7
7260 3.390221780380734e-7
7261 3.390221780380734e-7
7262 3.390221780380734e-7
7263 3.390221780380734e-7
7264 3.390221780380734e-7
7265 3.390221780380734e-7
7266 3.390221780380734e-7
7267 3.390221780380734e-7
7268 3.390221780380734e-7
7269 3.390221780380734e-7
7270 3.390221780380734e-7
7271 3.390221780380734e-7
7272 3.390221780380734e-7
7273 3.390221780380734e-7
7274 3.390221780380734e-7
7275 3.3922885897002704e-7
7276 3.3922885897002704e-7
7277 3.3922885897002704e-7
7278 3.398505030624161e-7
7279 3.398505030624161e-7
7280 3.398505030624161e-7
7281 3.398505030624161e-7
7282 3.4030712315749334e-7
7283 3.4030712315749334e-7
7284 3.407140767793789e-7
7285 3.407140767793789e-7
7286 3.407140767793789e-7
7287 3.407140767793789e-7
7288 3.407140767793789e-7
7289 3.407140767793789e-7
7290 3.407140767793789e-7
7291 3.407140767793789e-7
7292 3.407140767793789e-7
7293 3.407140767793789e-7
7294 3.411466645917153e-7
7295 3.411466645917153e-7
7296 3.411466645917153e-7
7297 3.411466645917153e-7
7298 3.411466645917153e-7
7299 3.411466645917153e-7
7300 3.4128284936079253e-7
7301 3.4128284936079253e-7
7302 3.4128284936079253e-7
7303 3.4128284936079253e-7
7304 3.4128284936079253e-7
7305 3.4128284936079253e-7
7306 3.4128284936079253e-7
7307 3.4128284936079253e-7
7308 3.4128284936079253e-7
7309 3.4128284936079253e-7
7310 3.4128284936079253e-7
7311 3.4128284936079253e-7
7312 3.4128284936079253e-7
7313 3.4307568540091895e-7
7314 3.4370694338429533e-7
7315 3.4370694338429533e-7
7316 3.4370694338429533e-7
7317 3.4370694338429533e-7
7318 3.444199121068817e-7
7319 3.444199121068817e-7
7320 3.444199121068817e-7
7321 3.444199121068817e-7
7322 3.444199121068817e-7
7323 3.444199121068817e-7
7324 3.444199121068817e-7
7325 3.444199121068817e-7
7326 3.444199121068817e-7
7327 3.4528829154697437e-7
7328 3.4528829154697437e-7
7329 3.4528829154697437e-7
7330 3.4528829154697437e-7
7331 3.4528829154697437e-7
7332 3.4528829154697437e-7
7333 3.4528829154697437e-7
7334 3.4528829154697437e-7
7335 3.4528829154697437e-7
7336 3.4528829154697437e-7
7337 3.4528829154697437e-7
7338 3.4528829154697437e-7
7339 3.4528829154697437e-7
7340 3.4528829154697437e-7
7341 3.4528829154697437e-7
7342 3.4528829154697437e-7
7343 3.4528829154697437e-7
7344 3.4528829154697437e-7
7345 3.4528829154697437e-7
7346 3.4528829154697437e-7
7347 3.4528829154697437e-7
7348 3.4528829154697437e-7
7349 3.4528829154697437e-7
7350 3.4528829154697437e-7
7351 3.4528829154697437e-7
7352 3.4528829154697437e-7
7353 3.4528829154697437e-7
7354 3.4528829154697437e-7
7355 3.4528829154697437e-7
7356 3.4528829154697437e-7
7357 3.4528829154697437e-7
7358 3.457497179763634e-7
7359 3.461550684681752e-7
7360 3.461550684681752e-7
7361 3.461550684681752e-7
7362 3.461550684681752e-7
7363 3.461550684681752e-7
7364 3.461550684681752e-7
7365 3.468183694952061e-7
7366 3.470891377368325e-7
7367 3.4711797696506706e-7
7368 3.4711797696506706e-7
7369 3.4711797696506706e-7
7370 3.4711797696506706e-7
7371 3.4711797696506706e-7
7372 3.4711797696506706e-7
7373 3.4711797696506706e-7
7374 3.4711797696506706e-7
7375 3.4711797696506706e-7
7376 3.4711797696506706e-7
7377 3.4711797696506706e-7
7378 3.4711797696506706e-7
7379 3.4738554016890976e-7
7380 3.4738554016890976e-7
7381 3.4738554016890976e-7
7382 3.4738554016890976e-7
7383 3.4738554016890976e-7
7384 3.4738554016890976e-7
7385 3.4738554016890976e-7
7386 3.4738554016890976e-7
7387 3.4738554016890976e-7
7388 3.4738554016890976e-7
7389 3.4738554016890976e-7
7390 3.4738554016890976e-7
7391 3.4738554016890976e-7
7392 3.4738554016890976e-7
7393 3.4738554016890976e-7
7394 3.4738554016890976e-7
7395 3.4738554016890976e-7
7396 3.4738554016890976e-7
7397 3.4738554016890976e-7
7398 3.4738554016890976e-7
7399 3.4738554016890976e-7
7400 3.4738554016890976e-7
7401 3.4738554016890976e-7
7402 3.4738554016890976e-7
7403 3.480184000599961e-7
7404 3.480184000599961e-7
7405 3.480184000599961e-7
7406 3.480184000599961e-7
7407 3.480184000599961e-7
7408 3.480184000599961e-7
7409 3.480184000599961e-7
7410 3.480184000599961e-7
7411 3.480184000599961e-7
7412 3.480184000599961e-7
7413 3.480184000599961e-7
7414 3.480184000599961e-7
7415 3.480184000599961e-7
7416 3.480184000599961e-7
7417 3.485855707336998e-7
7418 3.496029532604589e-7
7419 3.496029532604589e-7
7420 3.496029532604589e-7
7421 3.496029532604589e-7
7422 3.496029532604589e-7
7423 3.496029532604589e-7
7424 3.496029532604589e-7
7425 3.496029532604589e-7
7426 3.496029532604589e-7
7427 3.496029532604589e-7
7428 3.496029532604589e-7
7429 3.496029532604589e-7
7430 3.496029532604589e-7
7431 3.497551595513634e-7
7432 3.497551595513634e-7
7433 3.499922810080797e-7
7434 3.499922810080797e-7
7435 3.499922810080797e-7
7436 3.5059149411425594e-7
7437 3.5059149411425594e-7
7438 3.5059149411425594e-7
7439 3.5059149411425594e-7
7440 3.5059149411425594e-7
7441 3.5059149411425594e-7
7442 3.5059149411425594e-7
7443 3.5059149411425594e-7
7444 3.5059149411425594e-7
7445 3.5059149411425594e-7
7446 3.510224794077005e-7
7447 3.510224794077005e-7
7448 3.51572026040685e-7
7449 3.51572026040685e-7
7450 3.51572026040685e-7
7451 3.51572026040685e-7
7452 3.51572026040685e-7
7453 3.51572026040685e-7
7454 3.51572026040685e-7
7455 3.5191168792629597e-7
7456 3.5191168792629597e-7
7457 3.5191168792629597e-7
7458 3.5191168792629597e-7
7459 3.5220809035837324e-7
7460 3.5220809035837324e-7
7461 3.5220809035837324e-7
7462 3.5262145161109866e-7
7463 3.5262145161109866e-7
7464 3.5262145161109866e-7
7465 3.5262145161109866e-7
7466 3.5262145161109866e-7
7467 3.5262145161109866e-7
7468 3.5336966841512323e-7
7469 3.5336966841512323e-7
7470 3.5336966841512323e-7
7471 3.5336966841512323e-7
7472 3.5336966841512323e-7
7473 3.5336966841512323e-7
7474 3.5336966841512323e-7
7475 3.5336966841512323e-7
7476 3.5336966841512323e-7
7477 3.5336966841512323e-7
7478 3.5336966841512323e-7
7479 3.5336966841512323e-7
7480 3.5336966841512323e-7
7481 3.5336966841512323e-7
7482 3.5336966841512323e-7
7483 3.5336966841512323e-7
7484 3.5336966841512323e-7
7485 3.5336966841512323e-7
7486 3.5336966841512323e-7
7487 3.5336966841512323e-7
7488 3.5336966841512323e-7
7489 3.5336966841512323e-7
7490 3.5336966841512323e-7
7491 3.5336966841512323e-7
7492 3.5336966841512323e-7
7493 3.5336966841512323e-7
7494 3.5336966841512323e-7
7495 3.542877155507714e-7
7496 3.542877155507714e-7
7497 3.542877155507714e-7
7498 3.542877155507714e-7
7499 3.542877155507714e-7
7500 3.542877155507714e-7
7501 3.542877155507714e-7
7502 3.5559028593327424e-7
7503 3.5559028593327424e-7
7504 3.5559028593327424e-7
7505 3.5559028593327424e-7
7506 3.5559028593327424e-7
7507 3.5559028593327424e-7
7508 3.5559028593327424e-7
7509 3.5559028593327424e-7
7510 3.5559028593327424e-7
7511 3.5559028593327424e-7
7512 3.5569603017758886e-7
7513 3.5569603017758886e-7
7514 3.5624076925389786e-7
7515 3.5624076925389786e-7
7516 3.5624076925389786e-7
7517 3.5624076925389786e-7
7518 3.5624076925389786e-7
7519 3.5624076925389786e-7
7520 3.5624076925389786e-7
7521 3.5624076925389786e-7
7522 3.5624076925389786e-7
7523 3.5624076925389786e-7
7524 3.5624076925389786e-7
7525 3.5624076925389786e-7
7526 3.5624076925389786e-7
7527 3.5624076925389786e-7
7528 3.5624076925389786e-7
7529 3.5624076925389786e-7
7530 3.566092703677434e-7
7531 3.566092703677434e-7
7532 3.572036777507897e-7
7533 3.572036777507897e-7
7534 3.572036777507897e-7
7535 3.572036777507897e-7
7536 3.5778366613090066e-7
7537 3.5778366613090066e-7
7538 3.5778366613090066e-7
7539 3.5778366613090066e-7
7540 3.581553710601661e-7
7541 3.581553710601661e-7
7542 3.581553710601661e-7
7543 3.581553710601661e-7
7544 3.581553710601661e-7
7545 3.581553710601661e-7
7546 3.581553710601661e-7
7547 3.581553710601661e-7
7548 3.584693981441443e-7
7549 3.584693981441443e-7
7550 3.590445795787616e-7
7551 3.590445795787616e-7
7552 3.590445795787616e-7
7553 3.590445795787616e-7
7554 3.590445795787616e-7
7555 3.590445795787616e-7
7556 3.590445795787616e-7
7557 3.59416284508027e-7
7558 3.59416284508027e-7
7559 3.5980240844022783e-7
7560 3.5980240844022783e-7
7561 3.5980240844022783e-7
7562 3.5980240844022783e-7
7563 3.5980240844022783e-7
7564 3.5980240844022783e-7
7565 3.5980240844022783e-7
7566 3.5980240844022783e-7
7567 3.5980240844022783e-7
7568 3.5980240844022783e-7
7569 3.6075410113842233e-7
7570 3.6075410113842233e-7
7571 3.6075410113842233e-7
7572 3.6075410113842233e-7
7573 3.6075410113842233e-7
7574 3.6075410113842233e-7
7575 3.6075410113842233e-7
7576 3.6075410113842233e-7
7577 3.6075410113842233e-7
7578 3.6075410113842233e-7
7579 3.6075410113842233e-7
7580 3.6075410113842233e-7
7581 3.6075410113842233e-7
7582 3.6075410113842233e-7
7583 3.6075410113842233e-7
7584 3.6075410113842233e-7
7585 3.6075410113842233e-7
7586 3.6075410113842233e-7
7587 3.6075410113842233e-7
7588 3.6075410113842233e-7
7589 3.6075410113842233e-7
7590 3.6075410113842233e-7
7591 3.6075410113842233e-7
7592 3.6075410113842233e-7
7593 3.6075410113842233e-7
7594 3.6075410113842233e-7
7595 3.6075410113842233e-7
7596 3.6075410113842233e-7
7597 3.6075410113842233e-7
7598 3.6075410113842233e-7
7599 3.6075410113842233e-7
7600 3.6075410113842233e-7
7601 3.6075410113842233e-7
7602 3.6075410113842233e-7
7603 3.6075410113842233e-7
7604 3.6075410113842233e-7
7605 3.6075410113842233e-7
7606 3.6075410113842233e-7
7607 3.6075410113842233e-7
7608 3.6075410113842233e-7
7609 3.6075410113842233e-7
7610 3.6075410113842233e-7
7611 3.6075410113842233e-7
7612 3.6075410113842233e-7
7613 3.6075410113842233e-7
7614 3.6075410113842233e-7
7615 3.6075410113842233e-7
7616 3.6075410113842233e-7
7617 3.6075410113842233e-7
7618 3.6075410113842233e-7
7619 3.6075410113842233e-7
7620 3.6075410113842233e-7
7621 3.6075410113842233e-7
7622 3.6075410113842233e-7
7623 3.6075410113842233e-7
7624 3.6075410113842233e-7
7625 3.6075410113842233e-7
7626 3.6075410113842233e-7
7627 3.6075410113842233e-7
7628 3.6075410113842233e-7
7629 3.6075410113842233e-7
7630 3.6075410113842233e-7
7631 3.6075410113842233e-7
7632 3.6075410113842233e-7
7633 3.6075410113842233e-7
7634 3.6075410113842233e-7
7635 3.6075410113842233e-7
7636 3.6075410113842233e-7
7637 3.6075410113842233e-7
7638 3.6075410113842233e-7
7639 3.6075410113842233e-7
7640 3.6075410113842233e-7
7641 3.6075410113842233e-7
7642 3.6075410113842233e-7
7643 3.6075410113842233e-7
7644 3.6075410113842233e-7
7645 3.6075410113842233e-7
7646 3.6075410113842233e-7
7647 3.6075410113842233e-7
7648 3.6075410113842233e-7
7649 3.612187319944132e-7
7650 3.612187319944132e-7
7651 3.612187319944132e-7
7652 3.612187319944132e-7
7653 3.612187319944132e-7
7654 3.6181634441524326e-7
7655 3.6181634441524326e-7
7656 3.6181634441524326e-7
7657 3.6181634441524326e-7
7658 3.6181634441524326e-7
7659 3.6181634441524326e-7
7660 3.6181634441524326e-7
7661 3.6181634441524326e-7
7662 3.6181634441524326e-7
7663 3.6181634441524326e-7
7664 3.6181634441524326e-7
7665 3.6181634441524326e-7
7666 3.6181634441524326e-7
7667 3.6181634441524326e-7
7668 3.6181634441524326e-7
7669 3.6181634441524326e-7
7670 3.6181634441524326e-7
7671 3.6181634441524326e-7
7672 3.6181634441524326e-7
7673 3.6181634441524326e-7
7674 3.6181634441524326e-7
7675 3.6181634441524326e-7
7676 3.6230821320294057e-7
7677 3.6230821320294057e-7
7678 3.6230821320294057e-7
7679 3.6230821320294057e-7
7680 3.6257257198018145e-7
7681 3.6257257198018145e-7
7682 3.6257257198018145e-7
7683 3.6257257198018145e-7
7684 3.6257257198018145e-7
7685 3.6257257198018145e-7
7686 3.6257257198018145e-7
7687 3.6257257198018145e-7
7688 3.6257257198018145e-7
7689 3.6257257198018145e-7
7690 3.631028932759188e-7
7691 3.631028932759188e-7
7692 3.631028932759188e-7
7693 3.631028932759188e-7
7694 3.631028932759188e-7
7695 3.631028932759188e-7
7696 3.631028932759188e-7
7697 3.631028932759188e-7
7698 3.646602085446751e-7
7699 3.646602085446751e-7
7700 3.646602085446751e-7
7701 3.646602085446751e-7
7702 3.646602085446751e-7
7703 3.646602085446751e-7
7704 3.6469705914500516e-7
7705 3.6469705914500516e-7
7706 3.650607539245389e-7
7707 3.650607539245389e-7
7708 3.650607539245389e-7
7709 3.650607539245389e-7
7710 3.650607539245389e-7
7711 3.650607539245389e-7
7712 3.650607539245389e-7
7713 3.650607539245389e-7
7714 3.650607539245389e-7
7715 3.650607539245389e-7
7716 3.650607539245389e-7
7717 3.650607539245389e-7
7718 3.650607539245389e-7
7719 3.650607539245389e-7
7720 3.650607539245389e-7
7721 3.650607539245389e-7
7722 3.650607539245389e-7
7723 3.650607539245389e-7
7724 3.650607539245389e-7
7725 3.650607539245389e-7
7726 3.650607539245389e-7
7727 3.650607539245389e-7
7728 3.650607539245389e-7
7729 3.650607539245389e-7
7730 3.650607539245389e-7
7731 3.650607539245389e-7
7732 3.650607539245389e-7
7733 3.650607539245389e-7
7734 3.650607539245389e-7
7735 3.650607539245389e-7
7736 3.650607539245389e-7
7737 3.650607539245389e-7
7738 3.650607539245389e-7
7739 3.650607539245389e-7
7740 3.650607539245389e-7
7741 3.650607539245389e-7
7742 3.650607539245389e-7
7743 3.650607539245389e-7
7744 3.650607539245389e-7
7745 3.650607539245389e-7
7746 3.650607539245389e-7
7747 3.650607539245389e-7
7748 3.650607539245389e-7
7749 3.650607539245389e-7
7750 3.650607539245389e-7
7751 3.650607539245389e-7
7752 3.650607539245389e-7
7753 3.650607539245389e-7
7754 3.650607539245389e-7
7755 3.65799357448758e-7
7756 3.65799357448758e-7
7757 3.65799357448758e-7
7758 3.6630564462820884e-7
7759 3.6630564462820884e-7
7760 3.6630564462820884e-7
7761 3.6630564462820884e-7
7762 3.6630564462820884e-7
7763 3.6630564462820884e-7
7764 3.6630564462820884e-7
7765 3.6630564462820884e-7
7766 3.6630564462820884e-7
7767 3.6630564462820884e-7
7768 3.6630564462820884e-7
7769 3.6630564462820884e-7
7770 3.6630564462820884e-7
7771 3.6630564462820884e-7
7772 3.6630564462820884e-7
7773 3.6733904806561334e-7
7774 3.6733904806561334e-7
7775 3.6733904806561334e-7
7776 3.6733904806561334e-7
7777 3.6771716184808246e-7
7778 3.685823368615733e-7
7779 3.685823368615733e-7
7780 3.685823368615733e-7
7781 3.68827470301567e-7
7782 3.68827470301567e-7
7783 3.68827470301567e-7
7784 3.68827470301567e-7
7785 3.68827470301567e-7
7786 3.68827470301567e-7
7787 3.68827470301567e-7
7788 3.68827470301567e-7
7789 3.68827470301567e-7
7790 3.68827470301567e-7
7791 3.6957088016009787e-7
7792 3.6957088016009787e-7
7793 3.6957088016009787e-7
7794 3.6957088016009787e-7
7795 3.6957088016009787e-7
7796 3.6957088016009787e-7
7797 3.6957088016009787e-7
7798 3.6957088016009787e-7
7799 3.6957088016009787e-7
7800 3.6957088016009787e-7
7801 3.6957088016009787e-7
7802 3.697407104917215e-7
7803 3.697407104917215e-7
7804 3.697407104917215e-7
7805 3.702357824836569e-7
7806 3.702357824836569e-7
7807 3.702357824836569e-7
7808 3.702357824836569e-7
7809 3.702357824836569e-7
7810 3.706715741114132e-7
7811 3.706715741114132e-7
7812 3.706715741114132e-7
7813 3.706715741114132e-7
7814 3.706715741114132e-7
7815 3.706715741114132e-7
7816 3.706715741114132e-7
7817 3.706715741114132e-7
7818 3.706715741114132e-7
7819 3.706715741114132e-7
7820 3.706715741114132e-7
7821 3.706715741114132e-7
7822 3.706715741114132e-7
7823 3.706715741114132e-7
7824 3.706715741114132e-7
7825 3.706715741114132e-7
7826 3.706715741114132e-7
7827 3.706715741114132e-7
7828 3.706715741114132e-7
7829 3.706715741114132e-7
7830 3.706715741114132e-7
7831 3.706715741114132e-7
7832 3.706715741114132e-7
7833 3.706715741114132e-7
7834 3.706715741114132e-7
7835 3.706715741114132e-7
7836 3.706715741114132e-7
7837 3.706715741114132e-7
7838 3.706715741114132e-7
7839 3.706715741114132e-7
7840 3.7124194860053684e-7
7841 3.7124194860053684e-7
7842 3.7124194860053684e-7
7843 3.7124194860053684e-7
7844 3.7124194860053684e-7
7845 3.7124194860053684e-7
7846 3.7124194860053684e-7
7847 3.7124194860053684e-7
7848 3.7124194860053684e-7
7849 3.718587863586141e-7
7850 3.718587863586141e-7
7851 3.718587863586141e-7
7852 3.718587863586141e-7
7853 3.718587863586141e-7
7854 3.718587863586141e-7
7855 3.718587863586141e-7
7856 3.718587863586141e-7
7857 3.718587863586141e-7
7858 3.718587863586141e-7
7859 3.718587863586141e-7
7860 3.718587863586141e-7
7861 3.718587863586141e-7
7862 3.718587863586141e-7
7863 3.718587863586141e-7
7864 3.718587863586141e-7
7865 3.718587863586141e-7
7866 3.718587863586141e-7
7867 3.718587863586141e-7
7868 3.718587863586141e-7
7869 3.718587863586141e-7
7870 3.718587863586141e-7
7871 3.718587863586141e-7
7872 3.718587863586141e-7
7873 3.718587863586141e-7
7874 3.718587863586141e-7
7875 3.718587863586141e-7
7876 3.718587863586141e-7
7877 3.718587863586141e-7
7878 3.718587863586141e-7
7879 3.718587863586141e-7
7880 3.718587863586141e-7
7881 3.718587863586141e-7
7882 3.718587863586141e-7
7883 3.718587863586141e-7
7884 3.718587863586141e-7
7885 3.718587863586141e-7
7886 3.721327590268423e-7
7887 3.721327590268423e-7
7888 3.721327590268423e-7
7889 3.721327590268423e-7
7890 3.721327590268423e-7
7891 3.721327590268423e-7
7892 3.721327590268423e-7
7893 3.721327590268423e-7
7894 3.721327590268423e-7
7895 3.721327590268423e-7
7896 3.721327590268423e-7
7897 3.721327590268423e-7
7898 3.721327590268423e-7
7899 3.721327590268423e-7
7900 3.725300987577405e-7
7901 3.725300987577405e-7
7902 3.725300987577405e-7
7903 3.725300987577405e-7
7904 3.725300987577405e-7
7905 3.725300987577405e-7
7906 3.731293130862805e-7
7907 3.731293130862805e-7
7908 3.731293130862805e-7
7909 3.731293130862805e-7
7910 3.731293130862805e-7
7911 3.731293130862805e-7
7912 3.731293130862805e-7
7913 3.731293130862805e-7
7914 3.731293130862805e-7
7915 3.731293130862805e-7
7916 3.731293130862805e-7
7917 3.731293130862805e-7
7918 3.731293130862805e-7
7919 3.731293130862805e-7
7920 3.731293130862805e-7
7921 3.731293130862805e-7
7922 3.731293130862805e-7
7923 3.731293130862805e-7
7924 3.731293130862805e-7
7925 3.731293130862805e-7
7926 3.731293130862805e-7
7927 3.731293130862805e-7
7928 3.731293130862805e-7
7929 3.731293130862805e-7
7930 3.731293130862805e-7
7931 3.731293130862805e-7
7932 3.731293130862805e-7
7933 3.731293130862805e-7
7934 3.731293130862805e-7
7935 3.7349300786581426e-7
7936 3.7349300786581426e-7
7937 3.7349300786581426e-7
7938 3.7349300786581426e-7
7939 3.7349300786581426e-7
7940 3.7349300786581426e-7
7941 3.7349300786581426e-7
7942 3.7349300786581426e-7
7943 3.7349300786581426e-7
7944 3.7349300786581426e-7
7945 3.7349300786581426e-7
7946 3.7349300786581426e-7
7947 3.7349300786581426e-7
7948 3.7349300786581426e-7
7949 3.7349300786581426e-7
7950 3.7349300786581426e-7
7951 3.7349300786581426e-7
7952 3.738743260748852e-7
7953 3.738743260748852e-7
7954 3.741098468462553e-7
7955 3.741098468462553e-7
7956 3.7448956253643434e-7
7957 3.7448956253643434e-7
7958 3.752121439276443e-7
7959 3.752121439276443e-7
7960 3.752121439276443e-7
7961 3.752121439276443e-7
7962 3.752121439276443e-7
7963 3.752121439276443e-7
7964 3.752121439276443e-7
7965 3.752121439276443e-7
7966 3.752121439276443e-7
7967 3.752121439276443e-7
7968 3.752121439276443e-7
7969 3.752121439276443e-7
7970 3.752121439276443e-7
7971 3.752121439276443e-7
7972 3.752121439276443e-7
7973 3.752121439276443e-7
7974 3.752121439276443e-7
7975 3.752121439276443e-7
7976 3.752121439276443e-7
7977 3.752121439276443e-7
7978 3.752121439276443e-7
7979 3.752121439276443e-7
7980 3.752121439276443e-7
7981 3.752121439276443e-7
7982 3.752121439276443e-7
7983 3.752121439276443e-7
7984 3.752121439276443e-7
7985 3.752121439276443e-7
7986 3.752121439276443e-7
7987 3.752121439276443e-7
7988 3.752121439276443e-7
7989 3.752121439276443e-7
7990 3.752121439276443e-7
7991 3.752121439276443e-7
7992 3.752121439276443e-7
7993 3.752121439276443e-7
7994 3.752121439276443e-7
7995 3.759074879983297e-7
7996 3.759074879983297e-7
7997 3.759074879983297e-7
7998 3.759074879983297e-7
7999 3.759074879983297e-7
8000 3.759074879983297e-7
8001 3.759074879983297e-7
8002 3.759074879983297e-7
8003 3.759074879983297e-7
8004 3.759074879983297e-7
8005 3.759074879983297e-7
8006 3.759074879983297e-7
8007 3.759074879983297e-7
8008 3.759074879983297e-7
8009 3.7884908561116254e-7
8010 3.7884908561116254e-7
8011 3.7921918802153613e-7
8012 3.7921918802153613e-7
8013 3.7921918802153613e-7
8014 3.7921918802153613e-7
8015 3.7921918802153613e-7
8016 3.7921918802153613e-7
8017 3.7921918802153613e-7
8018 3.7921918802153613e-7
8019 3.7921918802153613e-7
8020 3.7921918802153613e-7
8021 3.7921918802153613e-7
8022 3.7921918802153613e-7
8023 3.7921918802153613e-7
8024 3.7921918802153613e-7
8025 3.7921918802153613e-7
8026 3.7921918802153613e-7
8027 3.7921918802153613e-7
8028 3.7921918802153613e-7
8029 3.796870239153107e-7
8030 3.796870239153107e-7
8031 3.796870239153107e-7
8032 3.8013082691516254e-7
8033 3.8013082691516254e-7
8034 3.8013082691516254e-7
8035 3.8013082691516254e-7
8036 3.8013082691516254e-7
8037 3.803503255535235e-7
8038 3.803503255535235e-7
8039 3.803503255535235e-7
8040 3.803503255535235e-7
8041 3.803503255535235e-7
8042 3.803503255535235e-7
8043 3.803503255535235e-7
8044 3.803503255535235e-7
8045 3.803503255535235e-7
8046 3.803503255535235e-7
8047 3.803503255535235e-7
8048 3.803503255535235e-7
8049 3.8101522909944623e-7
8050 3.8101522909944623e-7
8051 3.82984303713218e-7
8052 3.82984303713218e-7
8053 3.82984303713218e-7
8054 3.82984303713218e-7
8055 3.82984303713218e-7
8056 3.82984303713218e-7
8057 3.82984303713218e-7
8058 3.82984303713218e-7
8059 3.82984303713218e-7
8060 3.82984303713218e-7
8061 3.82984303713218e-7
8062 3.82984303713218e-7
8063 3.82984303713218e-7
8064 3.82984303713218e-7
8065 3.82984303713218e-7
8066 3.82984303713218e-7
8067 3.82984303713218e-7
8068 3.841891412235017e-7
8069 3.841891412235017e-7
8070 3.8473067648439077e-7
8071 3.8473067648439077e-7
8072 3.8473067648439077e-7
8073 3.8473067648439077e-7
8074 3.8473067648439077e-7
8075 3.8473067648439077e-7
8076 3.8473067648439077e-7
8077 3.8473067648439077e-7
8078 3.8473067648439077e-7
8079 3.8473067648439077e-7
8080 3.8473067648439077e-7
8081 3.8473067648439077e-7
8082 3.8542281673965624e-7
8083 3.8542281673965624e-7
8084 3.8542281673965624e-7
8085 3.8629600312524263e-7
8086 3.8629600312524263e-7
8087 3.8629600312524263e-7
8088 3.8629600312524263e-7
8089 3.8629600312524263e-7
8090 3.8629600312524263e-7
8091 3.865363296197426e-7
8092 3.865363296197426e-7
8093 3.865363296197426e-7
8094 3.865363296197426e-7
8095 3.868503567037208e-7
8096 3.868503567037208e-7
8097 3.868503567037208e-7
8098 3.868503567037208e-7
8099 3.868503567037208e-7
8100 3.868503567037208e-7
8101 3.868503567037208e-7
8102 3.868503567037208e-7
8103 3.873358166382145e-7
8104 3.873358166382145e-7
8105 3.873358166382145e-7
8106 3.873358166382145e-7
8107 3.873358166382145e-7
8108 3.873358166382145e-7
8109 3.873358166382145e-7
8110 3.873358166382145e-7
8111 3.873358166382145e-7
8112 3.873358166382145e-7
8113 3.873358166382145e-7
8114 3.8747039949958176e-7
8115 3.8747039949958176e-7
8116 3.8747039949958176e-7
8117 3.8747039949958176e-7
8118 3.8747039949958176e-7
8119 3.8747039949958176e-7
8120 3.8747039949958176e-7
8121 3.8747039949958176e-7
8122 3.8747039949958176e-7
8123 3.8747039949958176e-7
8124 3.8747039949958176e-7
8125 3.8747039949958176e-7
8126 3.8747039949958176e-7
8127 3.882330359177236e-7
8128 3.882330359177236e-7
8129 3.882330359177236e-7
8130 3.882330359177236e-7
8131 3.882330359177236e-7
8132 3.882330359177236e-7
8133 3.882330359177236e-7
8134 3.882330359177236e-7
8135 3.882330359177236e-7
8136 3.882330359177236e-7
8137 3.882330359177236e-7
8138 3.882330359177236e-7
8139 3.882330359177236e-7
8140 3.882330359177236e-7
8141 3.882330359177236e-7
8142 3.882330359177236e-7
8143 3.882330359177236e-7
8144 3.882330359177236e-7
8145 3.882330359177236e-7
8146 3.882330359177236e-7
8147 3.882330359177236e-7
8148 3.882330359177236e-7
8149 3.882330359177236e-7
8150 3.882330359177236e-7
8151 3.882330359177236e-7
8152 3.882330359177236e-7
8153 3.882330359177236e-7
8154 3.882330359177236e-7
8155 3.882330359177236e-7
8156 3.882330359177236e-7
8157 3.882330359177236e-7
8158 3.882330359177236e-7
8159 3.882330359177236e-7
8160 3.882330359177236e-7
8161 3.882330359177236e-7
8162 3.882330359177236e-7
8163 3.882330359177236e-7
8164 3.882330359177236e-7
8165 3.882330359177236e-7
8166 3.882330359177236e-7
8167 3.885726984145164e-7
8168 3.885726984145164e-7
8169 3.885726984145164e-7
8170 3.885726984145164e-7
8171 3.885726984145164e-7
8172 3.885726984145164e-7
8173 3.885726984145164e-7
8174 3.888626926045719e-7
8175 3.888626926045719e-7
8176 3.888626926045719e-7
8177 3.888626926045719e-7
8178 3.888626926045719e-7
8179 3.888626926045719e-7
8180 3.888626926045719e-7
8181 3.888626926045719e-7
8182 3.891590950366492e-7
8183 3.891590950366492e-7
8184 3.891590950366492e-7
8185 3.891590950366492e-7
8186 3.891590950366492e-7
8187 3.891590950366492e-7
8188 3.891590950366492e-7
8189 3.891590950366492e-7
8190 3.891590950366492e-7
8191 3.8967980305258106e-7
8192 3.8967980305258106e-7
8193 3.8967980305258106e-7
8194 3.8967980305258106e-7
8195 3.90742046329402e-7
8196 3.90742046329402e-7
8197 3.90742046329402e-7
8198 3.910688905086056e-7
8199 3.910688905086056e-7
8200 3.910688905086056e-7
8201 3.910688905086056e-7
8202 3.9157678142931207e-7
8203 3.9157678142931207e-7
8204 3.9157678142931207e-7
8205 3.925236671820129e-7
8206 3.925236671820129e-7
8207 3.925236671820129e-7
8208 3.925236671820129e-7
8209 3.925236671820129e-7
8210 3.925236671820129e-7
8211 3.925236671820129e-7
8212 3.925236671820129e-7
8213 3.925236671820129e-7
8214 3.925236671820129e-7
8215 3.925236671820129e-7
8216 3.927511759701056e-7
8217 3.927511759701056e-7
8218 3.9329591626877834e-7
8219 3.9329591626877834e-7
8220 3.9329591626877834e-7
8221 3.9329591626877834e-7
8222 3.9329591626877834e-7
8223 3.933904447143956e-7
8224 3.933904447143956e-7
8225 3.933904447143956e-7
8226 3.933904447143956e-7
8227 3.933904447143956e-7
8228 3.933904447143956e-7
8229 3.933904447143956e-7
8230 3.941290482386147e-7
8231 3.941290482386147e-7
8232 3.941290482386147e-7
8233 3.9450876392879377e-7
8234 3.9450876392879377e-7
8235 3.9450876392879377e-7
8236 3.946145081731084e-7
8237 3.946145081731084e-7
8238 3.946145081731084e-7
8239 3.946145081731084e-7
8240 3.946145081731084e-7
8241 3.946145081731084e-7
8242 3.946145081731084e-7
8243 3.946145081731084e-7
8244 3.946145081731084e-7
8245 3.946145081731084e-7
8246 3.9485163024100655e-7
8247 3.9485163024100655e-7
8248 3.9485163024100655e-7
8249 3.9485163024100655e-7
8250 3.9485163024100655e-7
8251 3.9485163024100655e-7
8252 3.9485163024100655e-7
8253 3.9485163024100655e-7
8254 3.953707351268647e-7
8255 3.953707351268647e-7
8256 3.953707351268647e-7
8257 3.953707351268647e-7
8258 3.953707351268647e-7
8259 3.953707351268647e-7
8260 3.953707351268647e-7
8261 3.959507228957938e-7
8262 3.959507228957938e-7
8263 3.959507228957938e-7
8264 3.959507228957938e-7
8265 3.959507228957938e-7
8266 3.959507228957938e-7
8267 3.959507228957938e-7
8268 3.959507228957938e-7
8269 3.959507228957938e-7
8270 3.959507228957938e-7
8271 3.959507228957938e-7
8272 3.967742415858247e-7
8273 3.967742415858247e-7
8274 3.967742415858247e-7
8275 3.967742415858247e-7
8276 3.967742415858247e-7
8277 3.967742415858247e-7
8278 3.967742415858247e-7
8279 3.967742415858247e-7
8280 3.967742415858247e-7
8281 3.9774996778912386e-7
8282 3.9774996778912386e-7
8283 3.9774996778912386e-7
8284 3.9774996778912386e-7
8285 3.9774996778912386e-7
8286 3.980832208215312e-7
8287 3.980832208215312e-7
8288 3.980832208215312e-7
8289 3.986824351500712e-7
8290 3.986824351500712e-7
8291 3.986824351500712e-7
8292 3.9934253236168217e-7
8293 3.9934253236168217e-7
8294 3.9934253236168217e-7
8295 3.9934253236168217e-7
8296 3.9934253236168217e-7
8297 3.9934253236168217e-7
8298 3.9934253236168217e-7
8299 3.9934253236168217e-7
8300 3.9934253236168217e-7
8301 3.9934253236168217e-7
8302 3.9934253236168217e-7
8303 3.9934253236168217e-7
8304 3.9934253236168217e-7
8305 3.9934253236168217e-7
8306 3.9934253236168217e-7
8307 3.9934253236168217e-7
8308 3.9934253236168217e-7
8309 3.9934253236168217e-7
8310 3.9934253236168217e-7
8311 3.9934253236168217e-7
8312 3.9934253236168217e-7
8313 3.9934253236168217e-7
8314 3.9943385576951575e-7
8315 3.9943385576951575e-7
8316 3.9943385576951575e-7
8317 3.9943385576951575e-7
8318 3.9943385576951575e-7
8319 3.9943385576951575e-7
8320 3.9943385576951575e-7
8321 3.9943385576951575e-7
8322 3.9943385576951575e-7
8323 3.9943385576951575e-7
8324 3.9943385576951575e-7
8325 3.9943385576951575e-7
8326 3.9943385576951575e-7
8327 3.9943385576951575e-7
8328 3.9943385576951575e-7
8329 3.9943385576951575e-7
8330 4.0145580250544485e-7
8331 4.0145580250544485e-7
8332 4.0145580250544485e-7
8333 4.0145580250544485e-7
8334 4.0145580250544485e-7
8335 4.0145580250544485e-7
8336 4.0145580250544485e-7
8337 4.0145580250544485e-7
8338 4.0145580250544485e-7
8339 4.0145580250544485e-7
8340 4.0145580250544485e-7
8341 4.0145580250544485e-7
8342 4.0145580250544485e-7
8343 4.0145580250544485e-7
8344 4.0145580250544485e-7
8345 4.0145580250544485e-7
8346 4.0145580250544485e-7
8347 4.0145580250544485e-7
8348 4.0145580250544485e-7
8349 4.0145580250544485e-7
8350 4.0145580250544485e-7
8351 4.0145580250544485e-7
8352 4.0145580250544485e-7
8353 4.0145580250544485e-7
8354 4.0145580250544485e-7
8355 4.0145580250544485e-7
8356 4.0145580250544485e-7
8357 4.0145580250544485e-7
8358 4.0145580250544485e-7
8359 4.0145580250544485e-7
8360 4.0145580250544485e-7
8361 4.0145580250544485e-7
8362 4.0145580250544485e-7
8363 4.0145580250544485e-7
8364 4.0145580250544485e-7
8365 4.0145580250544485e-7
8366 4.0145580250544485e-7
8367 4.0145580250544485e-7
8368 4.0145580250544485e-7
8369 4.0145580250544485e-7
8370 4.0145580250544485e-7
8371 4.0145580250544485e-7
8372 4.0145580250544485e-7
8373 4.0145580250544485e-7
8374 4.0145580250544485e-7
8375 4.0145580250544485e-7
8376 4.0145580250544485e-7
8377 4.0145580250544485e-7
8378 4.0145580250544485e-7
8379 4.0145580250544485e-7
8380 4.0145580250544485e-7
8381 4.0145580250544485e-7
8382 4.0145580250544485e-7
8383 4.0145580250544485e-7
8384 4.0145580250544485e-7
8385 4.0145580250544485e-7
8386 4.01790658056744e-7
8387 4.01790658056744e-7
8388 4.01790658056744e-7
8389 4.01790658056744e-7
8390 4.01790658056744e-7
8391 4.01790658056744e-7
8392 4.01790658056744e-7
8393 4.0202457569804035e-7
8394 4.0202457569804035e-7
8395 4.0202457569804035e-7
8396 4.0202457569804035e-7
8397 4.0202457569804035e-7
8398 4.0202457569804035e-7
8399 4.0202457569804035e-7
8400 4.0202457569804035e-7
8401 4.0202457569804035e-7
8402 4.0202457569804035e-7
8403 4.0408337364548136e-7
8404 4.0408337364548136e-7
8405 4.0408337364548136e-7
8406 4.04450272240435e-7
8407 4.04450272240435e-7
8408 4.04450272240435e-7
8409 4.0472744872408316e-7
8410 4.0472744872408316e-7
8411 4.0472744872408316e-7
8412 4.0472744872408316e-7
8413 4.0472744872408316e-7
8414 4.0472744872408316e-7
8415 4.0472744872408316e-7
8416 4.0472744872408316e-7
8417 4.0472744872408316e-7
8418 4.0472744872408316e-7
8419 4.0472744872408316e-7
8420 4.0472744872408316e-7
8421 4.0472744872408316e-7
8422 4.05113572656284e-7
8423 4.05113572656284e-7
8424 4.05113572656284e-7
8425 4.05113572656284e-7
8426 4.05113572656284e-7
8427 4.05113572656284e-7
8428 4.05113572656284e-7
8429 4.05113572656284e-7
8430 4.05113572656284e-7
8431 4.05113572656284e-7
8432 4.05113572656284e-7
8433 4.05113572656284e-7
8434 4.05113572656284e-7
8435 4.05113572656284e-7
8436 4.05113572656284e-7
8437 4.058874242619413e-7
8438 4.058874242619413e-7
8439 4.058874242619413e-7
8440 4.058874242619413e-7
8441 4.058874242619413e-7
8442 4.058874242619413e-7
8443 4.058874242619413e-7
8444 4.058874242619413e-7
8445 4.058874242619413e-7
8446 4.058874242619413e-7
8447 4.058874242619413e-7
8448 4.058874242619413e-7
8449 4.058874242619413e-7
8450 4.058874242619413e-7
8451 4.069512694464722e-7
8452 4.069512694464722e-7
8453 4.069512694464722e-7
8454 4.069512694464722e-7
8455 4.069512694464722e-7
8456 4.069512694464722e-7
8457 4.069512694464722e-7
8458 4.0733258704436123e-7
8459 4.0733258704436123e-7
8460 4.077058951037004e-7
8461 4.077058951037004e-7
8462 4.077058951037004e-7
8463 4.077058951037004e-7
8464 4.077058951037004e-7
8465 4.077058951037004e-7
8466 4.077058951037004e-7
8467 4.077058951037004e-7
8468 4.077058951037004e-7
8469 4.077058951037004e-7
8470 4.077058951037004e-7
8471 4.077058951037004e-7
8472 4.077058951037004e-7
8473 4.077058951037004e-7
8474 4.077058951037004e-7
8475 4.077058951037004e-7
8476 4.077058951037004e-7
8477 4.077058951037004e-7
8478 4.077058951037004e-7
8479 4.077058951037004e-7
8480 4.077058951037004e-7
8481 4.077058951037004e-7
8482 4.077058951037004e-7
8483 4.077058951037004e-7
8484 4.0788053299199956e-7
8485 4.0788053299199956e-7
8486 4.08492564415765e-7
8487 4.08492564415765e-7
8488 4.08492564415765e-7
8489 4.08492564415765e-7
8490 4.08492564415765e-7
8491 4.08492564415765e-7
8492 4.08492564415765e-7
8493 4.08492564415765e-7
8494 4.0909978889403677e-7
8495 4.0909978889403677e-7
8496 4.0909978889403677e-7
8497 4.0909978889403677e-7
8498 4.0909978889403677e-7
8499 4.0909978889403677e-7
8500 4.093689546167713e-7
8501 4.093689546167713e-7
8502 4.093689546167713e-7
8503 4.093689546167713e-7
8504 4.093689546167713e-7
8505 4.097887253338823e-7
8506 4.097887253338823e-7
8507 4.097887253338823e-7
8508 4.097887253338823e-7
8509 4.097887253338823e-7
8510 4.097887253338823e-7
8511 4.097887253338823e-7
8512 4.0994253353249675e-7
8513 4.0994253353249675e-7
8514 4.0994253353249675e-7
8515 4.0994253353249675e-7
8516 4.0994253353249675e-7
8517 4.0994253353249675e-7
8518 4.0994253353249675e-7
8519 4.0994253353249675e-7
8520 4.0994253353249675e-7
8521 4.0994253353249675e-7
8522 4.105097042062004e-7
8523 4.105097042062004e-7
8524 4.105097042062004e-7
8525 4.105097042062004e-7
8526 4.105097042062004e-7
8527 4.105097042062004e-7
8528 4.1084455975749957e-7
8529 4.1084455975749957e-7
8530 4.1084455975749957e-7
8531 4.1084455975749957e-7
8532 4.1084455975749957e-7
8533 4.114662038498886e-7
8534 4.114662038498886e-7
8535 4.114662038498886e-7
8536 4.114662038498886e-7
8537 4.114662038498886e-7
8538 4.135041727188268e-7
8539 4.135041727188268e-7
8540 4.135041727188268e-7
8541 4.141610648926541e-7
8542 4.141610648926541e-7
8543 4.141610648926541e-7
8544 4.141610648926541e-7
8545 4.141610648926541e-7
8546 4.141610648926541e-7
8547 4.141610648926541e-7
8548 4.141610648926541e-7
8549 4.141610648926541e-7
8550 4.141610648926541e-7
8551 4.141610648926541e-7
8552 4.141610648926541e-7
8553 4.141610648926541e-7
8554 4.141610648926541e-7
8555 4.141610648926541e-7
8556 4.141610648926541e-7
8557 4.141610648926541e-7
8558 4.141610648926541e-7
8559 4.145151463923823e-7
8560 4.145151463923823e-7
8561 4.145151463923823e-7
8562 4.145151463923823e-7
8563 4.145151463923823e-7
8564 4.145151463923823e-7
8565 4.1511115507195674e-7
8566 4.1511115507195674e-7
8567 4.1511115507195674e-7
8568 4.1511115507195674e-7
8569 4.1511115507195674e-7
8570 4.1511115507195674e-7
8571 4.1511115507195674e-7
8572 4.1511115507195674e-7
8573 4.1511115507195674e-7
8574 4.1511115507195674e-7
8575 4.1511115507195674e-7
8576 4.1511115507195674e-7
8577 4.1511115507195674e-7
8578 4.1511115507195674e-7
8579 4.1511115507195674e-7
8580 4.1511115507195674e-7
8581 4.1511115507195674e-7
8582 4.1511115507195674e-7
8583 4.1511115507195674e-7
8584 4.1511115507195674e-7
8585 4.1511115507195674e-7
8586 4.1511115507195674e-7
8587 4.1511115507195674e-7
8588 4.1511115507195674e-7
8589 4.1618140972087315e-7
8590 4.174423231687341e-7
8591 4.174423231687341e-7
8592 4.174423231687341e-7
8593 4.174423231687341e-7
8594 4.178572869403514e-7
8595 4.178572869403514e-7
8596 4.178572869403514e-7
8597 4.178572869403514e-7
8598 4.178572869403514e-7
8599 4.178572869403514e-7
8600 4.178572869403514e-7
8601 4.178572869403514e-7
8602 4.178572869403514e-7
8603 4.178572869403514e-7
8604 4.178572869403514e-7
8605 4.178572869403514e-7
8606 4.178572869403514e-7
8607 4.178572869403514e-7
8608 4.178572869403514e-7
8609 4.178572869403514e-7
8610 4.178572869403514e-7
8611 4.178572869403514e-7
8612 4.178572869403514e-7
8613 4.178572869403514e-7
8614 4.178572869403514e-7
8615 4.178572869403514e-7
8616 4.178572869403514e-7
8617 4.178572869403514e-7
8618 4.178572869403514e-7
8619 4.178572869403514e-7
8620 4.178572869403514e-7
8621 4.178572869403514e-7
8622 4.178572869403514e-7
8623 4.178572869403514e-7
8624 4.178572869403514e-7
8625 4.178572869403514e-7
8626 4.178572869403514e-7
8627 4.178572869403514e-7
8628 4.178572869403514e-7
8629 4.178572869403514e-7
8630 4.178572869403514e-7
8631 4.1808800076622776e-7
8632 4.1808800076622776e-7
8633 4.1808800076622776e-7
8634 4.1838760762490685e-7
8635 4.1838760762490685e-7
8636 4.1838760762490685e-7
8637 4.1838760762490685e-7
8638 4.1838760762490685e-7
8639 4.1838760762490685e-7
8640 4.1838760762490685e-7
8641 4.1838760762490685e-7
8642 4.1838760762490685e-7
8643 4.1838760762490685e-7
8644 4.1838760762490685e-7
8645 4.1838760762490685e-7
8646 4.1838760762490685e-7
8647 4.1838760762490685e-7
8648 4.1838760762490685e-7
8649 4.1838760762490685e-7
8650 4.1838760762490685e-7
8651 4.1838760762490685e-7
8652 4.1838760762490685e-7
8653 4.1838760762490685e-7
8654 4.1838760762490685e-7
8655 4.1838760762490685e-7
8656 4.1838760762490685e-7
8657 4.1838760762490685e-7
8658 4.1838760762490685e-7
8659 4.1838760762490685e-7
8660 4.1838760762490685e-7
8661 4.1838760762490685e-7
8662 4.1838760762490685e-7
8663 4.1838760762490685e-7
8664 4.1838760762490685e-7
8665 4.1838760762490685e-7
8666 4.1838760762490685e-7
8667 4.1838760762490685e-7
8668 4.1838760762490685e-7
8669 4.1838760762490685e-7
8670 4.1838760762490685e-7
8671 4.1838760762490685e-7
8672 4.1838760762490685e-7
8673 4.1838760762490685e-7
8674 4.1838760762490685e-7
8675 4.1892593968155785e-7
8676 4.1892593968155785e-7
8677 4.1892593968155785e-7
8678 4.1892593968155785e-7
8679 4.1892593968155785e-7
8680 4.1892593968155785e-7
8681 4.1892593968155785e-7
8682 4.1892593968155785e-7
8683 4.1892593968155785e-7
8684 4.1892593968155785e-7
8685 4.1892593968155785e-7
8686 4.197510615016625e-7
8687 4.197510615016625e-7
8688 4.197510615016625e-7
8689 4.197510615016625e-7
8690 4.197510615016625e-7
8691 4.197510615016625e-7
8692 4.197510615016625e-7
8693 4.197510615016625e-7
8694 4.197510615016625e-7
8695 4.197510615016625e-7
8696 4.197510615016625e-7
8697 4.197510615016625e-7
8698 4.197510615016625e-7
8699 4.197510615016625e-7
8700 4.197510615016625e-7
8701 4.197510615016625e-7
8702 4.197510615016625e-7
8703 4.201099493357025e-7
8704 4.201099493357025e-7
8705 4.201099493357025e-7
8706 4.201099493357025e-7
8707 4.201099493357025e-7
8708 4.201099493357025e-7
8709 4.201099493357025e-7
8710 4.201099493357025e-7
8711 4.2035668407222425e-7
8712 4.2035668407222425e-7
8713 4.209526939741625e-7
8714 4.209526939741625e-7
8715 4.209526939741625e-7
8716 4.209526939741625e-7
8717 4.215967690527643e-7
8718 4.215967690527643e-7
8719 4.215967690527643e-7
8720 4.215967690527643e-7
8721 4.215967690527643e-7
8722 4.215967690527643e-7
8723 4.215967690527643e-7
8724 4.215967690527643e-7
8725 4.215967690527643e-7
8726 4.215967690527643e-7
8727 4.215967690527643e-7
8728 4.215967690527643e-7
8729 4.215967690527643e-7
8730 4.215967690527643e-7
8731 4.215967690527643e-7
8732 4.215967690527643e-7
8733 4.22284102973718e-7
8734 4.22284102973718e-7
8735 4.22284102973718e-7
8736 4.22284102973718e-7
8737 4.22284102973718e-7
8738 4.22284102973718e-7
8739 4.22284102973718e-7
8740 4.22284102973718e-7
8741 4.22284102973718e-7
8742 4.22284102973718e-7
8743 4.22284102973718e-7
8744 4.22284102973718e-7
8745 4.22284102973718e-7
8746 4.22284102973718e-7
8747 4.22284102973718e-7
8748 4.22683045223508e-7
8749 4.228336496067025e-7
8750 4.228336496067025e-7
8751 4.228336496067025e-7
8752 4.228336496067025e-7
8753 4.228336496067025e-7
8754 4.228336496067025e-7
8755 4.228336496067025e-7
8756 4.228336496067025e-7
8757 4.228336496067025e-7
8758 4.228336496067025e-7
8759 4.228336496067025e-7
8760 4.228336496067025e-7
8761 4.228336496067025e-7
8762 4.228336496067025e-7
8763 4.228336496067025e-7
8764 4.228336496067025e-7
8765 4.2343286332406065e-7
8766 4.2343286332406065e-7
8767 4.2343286332406065e-7
8768 4.2343286332406065e-7
8769 4.2343286332406065e-7
8770 4.2343286332406065e-7
8771 4.2343286332406065e-7
8772 4.2343286332406065e-7
8773 4.2405771184305153e-7
8774 4.2405771184305153e-7
8775 4.2405771184305153e-7
8776 4.2405771184305153e-7
8777 4.2405771184305153e-7
8778 4.2405771184305153e-7
8779 4.2405771184305153e-7
8780 4.2405771184305153e-7
8781 4.2405771184305153e-7
8782 4.2405771184305153e-7
8783 4.2405771184305153e-7
8784 4.2405771184305153e-7
8785 4.2405771184305153e-7
8786 4.2405771184305153e-7
8787 4.242563820140916e-7
8788 4.242563820140916e-7
8789 4.242563820140916e-7
8790 4.242563820140916e-7
8791 4.245047198806871e-7
8792 4.245047198806871e-7
8793 4.245047198806871e-7
8794 4.249757602010635e-7
8795 4.249757602010635e-7
8796 4.2556215621201435e-7
8797 4.2556215621201435e-7
8798 4.2556215621201435e-7
8799 4.2556215621201435e-7
8800 4.2556215621201435e-7
8801 4.2556215621201435e-7
8802 4.2556215621201435e-7
8803 4.2556215621201435e-7
8804 4.2556215621201435e-7
8805 4.2556215621201435e-7
8806 4.2556215621201435e-7
8807 4.2636004010041253e-7
8808 4.2636004010041253e-7
8809 4.2636004010041253e-7
8810 4.2636004010041253e-7
8811 4.2636004010041253e-7
8812 4.2636004010041253e-7
8813 4.2636004010041253e-7
8814 4.2636004010041253e-7
8815 4.2636004010041253e-7
8816 4.2636004010041253e-7
8817 4.2636004010041253e-7
8818 4.2636004010041253e-7
8819 4.2636004010041253e-7
8820 4.2636004010041253e-7
8821 4.2636004010041253e-7
8822 4.2636004010041253e-7
8823 4.2636004010041253e-7
8824 4.2636004010041253e-7
8825 4.2636004010041253e-7
8826 4.2636004010041253e-7
8827 4.2636004010041253e-7
8828 4.2636004010041253e-7
8829 4.2636004010041253e-7
8830 4.2636004010041253e-7
8831 4.2636004010041253e-7
8832 4.2636004010041253e-7
8833 4.2636004010041253e-7
8834 4.2636004010041253e-7
8835 4.2636004010041253e-7
8836 4.2636004010041253e-7
8837 4.2636004010041253e-7
8838 4.269576525212426e-7
8839 4.269576525212426e-7
8840 4.269576525212426e-7
8841 4.271979796269245e-7
8842 4.271979796269245e-7
8843 4.271979796269245e-7
8844 4.271979796269245e-7
8845 4.271979796269245e-7
8846 4.2740946689318995e-7
8847 4.2740946689318995e-7
8848 4.2740946689318995e-7
8849 4.2740946689318995e-7
8850 4.2740946689318995e-7
8851 4.2740946689318995e-7
8852 4.2740946689318995e-7
8853 4.2740946689318995e-7
8854 4.2740946689318995e-7
8855 4.2740946689318995e-7
8856 4.2740946689318995e-7
8857 4.2740946689318995e-7
8858 4.2740946689318995e-7
8859 4.2740946689318995e-7
8860 4.2740946689318995e-7
8861 4.2740946689318995e-7
8862 4.2740946689318995e-7
8863 4.2740946689318995e-7
8864 4.2740946689318995e-7
8865 4.2740946689318995e-7
8866 4.2740946689318995e-7
8867 4.2740946689318995e-7
8868 4.2740946689318995e-7
8869 4.2740946689318995e-7
8870 4.2740946689318995e-7
8871 4.2740946689318995e-7
8872 4.2740946689318995e-7
8873 4.2740946689318995e-7
8874 4.2740946689318995e-7
8875 4.2740946689318995e-7
8876 4.2740946689318995e-7
8877 4.2740946689318995e-7
8878 4.2740946689318995e-7
8879 4.2740946689318995e-7
8880 4.2740946689318995e-7
8881 4.2779398830649893e-7
8882 4.2779398830649893e-7
8883 4.283787824097398e-7
8884 4.283787824097398e-7
8885 4.283787824097398e-7
8886 4.283787824097398e-7
8887 4.283787824097398e-7
8888 4.283787824097398e-7
8889 4.283787824097398e-7
8890 4.283787824097398e-7
8891 4.283787824097398e-7
8892 4.283787824097398e-7
8893 4.283787824097398e-7
8894 4.283787824097398e-7
8895 4.283787824097398e-7
8896 4.283787824097398e-7
8897 4.283787824097398e-7
8898 4.283787824097398e-7
8899 4.283787824097398e-7
8900 4.283787824097398e-7
8901 4.283787824097398e-7
8902 4.283787824097398e-7
8903 4.283787824097398e-7
8904 4.283787824097398e-7
8905 4.283787824097398e-7
8906 4.283787824097398e-7
8907 4.283787824097398e-7
8908 4.283787824097398e-7
8909 4.283787824097398e-7
8910 4.283787824097398e-7
8911 4.283787824097398e-7
8912 4.283787824097398e-7
8913 4.283787824097398e-7
8914 4.283787824097398e-7
8915 4.283787824097398e-7
8916 4.283787824097398e-7
8917 4.283787824097398e-7
8918 4.283787824097398e-7
8919 4.283787824097398e-7
8920 4.283787824097398e-7
8921 4.283787824097398e-7
8922 4.283787824097398e-7
8923 4.283787824097398e-7
8924 4.283787824097398e-7
8925 4.283787824097398e-7
8926 4.283787824097398e-7
8927 4.283787824097398e-7
8928 4.283787824097398e-7
8929 4.283787824097398e-7
8930 4.2897319040396805e-7
8931 4.2897319040396805e-7
8932 4.2897319040396805e-7
8933 4.2897319040396805e-7
8934 4.2897319040396805e-7
8935 4.2897319040396805e-7
8936 4.2897319040396805e-7
8937 4.2897319040396805e-7
8938 4.294073801240144e-7
8939 4.294073801240144e-7
8940 4.294073801240144e-7
8941 4.294073801240144e-7
8942 4.294073801240144e-7
8943 4.294073801240144e-7
8944 4.294073801240144e-7
8945 4.294073801240144e-7
8946 4.294073801240144e-7
8947 4.294073801240144e-7
8948 4.294073801240144e-7
8949 4.294073801240144e-7
8950 4.294073801240144e-7
8951 4.294073801240144e-7
8952 4.294073801240144e-7
8953 4.294073801240144e-7
8954 4.294073801240144e-7
8955 4.294073801240144e-7
8956 4.294073801240144e-7
8957 4.294073801240144e-7
8958 4.294073801240144e-7
8959 4.294073801240144e-7
8960 4.294073801240144e-7
8961 4.294073801240144e-7
8962 4.294073801240144e-7
8963 4.294073801240144e-7
8964 4.294073801240144e-7
8965 4.294073801240144e-7
8966 4.294073801240144e-7
8967 4.294073801240144e-7
8968 4.294073801240144e-7
8969 4.294073801240144e-7
8970 4.294073801240144e-7
8971 4.2965571799060993e-7
8972 4.2965571799060993e-7
8973 4.2965571799060993e-7
8974 4.30194049436079e-7
8975 4.30194049436079e-7
8976 4.30194049436079e-7
8977 4.30194049436079e-7
8978 4.30194049436079e-7
8979 4.30194049436079e-7
8980 4.30194049436079e-7
8981 4.30194049436079e-7
8982 4.30194049436079e-7
8983 4.30194049436079e-7
8984 4.3065387456894e-7
8985 4.3065387456894e-7
8986 4.3065387456894e-7
8987 4.3065387456894e-7
8988 4.3065387456894e-7
8989 4.3065387456894e-7
8990 4.3065387456894e-7
8991 4.3065387456894e-7
8992 4.3065387456894e-7
8993 4.3065387456894e-7
8994 4.3065387456894e-7
8995 4.3065387456894e-7
8996 4.3065387456894e-7
8997 4.3065387456894e-7
8998 4.3065387456894e-7
8999 4.3065387456894e-7
9000 4.3065387456894e-7
9001 4.3065387456894e-7
9002 4.3065387456894e-7
9003 4.3065387456894e-7
9004 4.3065387456894e-7
9005 4.3065387456894e-7
9006 4.313780584790418e-7
9007 4.313780584790418e-7
9008 4.313780584790418e-7
9009 4.313780584790418e-7
9010 4.313780584790418e-7
9011 4.313780584790418e-7
9012 4.313780584790418e-7
9013 4.313780584790418e-7
9014 4.313780584790418e-7
9015 4.313780584790418e-7
9016 4.313780584790418e-7
9017 4.313780584790418e-7
9018 4.313780584790418e-7
9019 4.313780584790418e-7
9020 4.313780584790418e-7
9021 4.313780584790418e-7
9022 4.313780584790418e-7
9023 4.313780584790418e-7
9024 4.313780584790418e-7
9025 4.313780584790418e-7
9026 4.3217434045973e-7
9027 4.3217434045973e-7
9028 4.3217434045973e-7
9029 4.3217434045973e-7
9030 4.3217434045973e-7
9031 4.3217434045973e-7
9032 4.3217434045973e-7
9033 4.3217434045973e-7
9034 4.3217434045973e-7
9035 4.3217434045973e-7
9036 4.3217434045973e-7
9037 4.3217434045973e-7
9038 4.3217434045973e-7
9039 4.3217434045973e-7
9040 4.3217434045973e-7
9041 4.3217434045973e-7
9042 4.3217434045973e-7
9043 4.3217434045973e-7
9044 4.3217434045973e-7
9045 4.3217434045973e-7
9046 4.3217434045973e-7
9047 4.3217434045973e-7
9048 4.3217434045973e-7
9049 4.3217434045973e-7
9050 4.3217434045973e-7
9051 4.3217434045973e-7
9052 4.3217434045973e-7
9053 4.3217434045973e-7
9054 4.3217434045973e-7
9055 4.3217434045973e-7
9056 4.3217434045973e-7
9057 4.3217434045973e-7
9058 4.3217434045973e-7
9059 4.3217434045973e-7
9060 4.3217434045973e-7
9061 4.3217434045973e-7
9062 4.3217434045973e-7
9063 4.3264217696468645e-7
9064 4.3264217696468645e-7
9065 4.3264217696468645e-7
9066 4.3264217696468645e-7
9067 4.3264217696468645e-7
9068 4.3264217696468645e-7
9069 4.3264217696468645e-7
9070 4.3264217696468645e-7
9071 4.3264217696468645e-7
9072 4.3264217696468645e-7
9073 4.3264217696468645e-7
9074 4.3264217696468645e-7
9075 4.3264217696468645e-7
9076 4.335570196737328e-7
9077 4.335570196737328e-7
9078 4.335570196737328e-7
9079 4.335570196737328e-7
9080 4.335570196737328e-7
9081 4.335570196737328e-7
9082 4.335570196737328e-7
9083 4.335570196737328e-7
9084 4.335570196737328e-7
9085 4.3398640367064925e-7
9086 4.3398640367064925e-7
9087 4.3398640367064925e-7
9088 4.3398640367064925e-7
9089 4.3398640367064925e-7
9090 4.3398640367064925e-7
9091 4.3398640367064925e-7
9092 4.3398640367064925e-7
9093 4.3398640367064925e-7
9094 4.3398640367064925e-7
9095 4.3398640367064925e-7
9096 4.3398640367064925e-7
9097 4.3398640367064925e-7
9098 4.3398640367064925e-7
9099 4.3398640367064925e-7
9100 4.3398640367064925e-7
9101 4.3398640367064925e-7
9102 4.3398640367064925e-7
9103 4.3398640367064925e-7
9104 4.3398640367064925e-7
9105 4.3398640367064925e-7
9106 4.3398640367064925e-7
9107 4.3398640367064925e-7
9108 4.3398640367064925e-7
9109 4.3398640367064925e-7
9110 4.342780003795966e-7
9111 4.342780003795966e-7
9112 4.342780003795966e-7
9113 4.342780003795966e-7
9114 4.342780003795966e-7
9115 4.342780003795966e-7
9116 4.348692033360411e-7
9117 4.348692033360411e-7
9118 4.348692033360411e-7
9119 4.353578676971366e-7
9120 4.353578676971366e-7
9121 4.357568099469266e-7
9122 4.357568099469266e-7
9123 4.357568099469266e-7
9124 4.357568099469266e-7
9125 4.357568099469266e-7
9126 4.357568099469266e-7
9127 4.357568099469266e-7
9128 4.357568099469266e-7
9129 4.357568099469266e-7
9130 4.357568099469266e-7
9131 4.357568099469266e-7
9132 4.357568099469266e-7
9133 4.357568099469266e-7
9134 4.357568099469266e-7
9135 4.364425419601703e-7
9136 4.364425419601703e-7
9137 4.364425419601703e-7
9138 4.364425419601703e-7
9139 4.364425419601703e-7
9140 4.364425419601703e-7
9141 4.364425419601703e-7
9142 4.364425419601703e-7
9143 4.3682706398466115e-7
9144 4.3682706398466115e-7
9145 4.3682706398466115e-7
9146 4.3682706398466115e-7
9147 4.3682706398466115e-7
9148 4.3682706398466115e-7
9149 4.3682706398466115e-7
9150 4.3682706398466115e-7
9151 4.3682706398466115e-7
9152 4.37653786490112e-7
9153 4.37653786490112e-7
9154 4.3794378006898556e-7
9155 4.3794378006898556e-7
9156 4.3794378006898556e-7
9157 4.3794378006898556e-7
9158 4.3794378006898556e-7
9159 4.3794378006898556e-7
9160 4.3794378006898556e-7
9161 4.3794378006898556e-7
9162 4.3794378006898556e-7
9163 4.3794378006898556e-7
9164 4.3794378006898556e-7
9165 4.3794378006898556e-7
9166 4.3794378006898556e-7
9167 4.3794378006898556e-7
9168 4.3794378006898556e-7
9169 4.3794378006898556e-7
9170 4.3794378006898556e-7
9171 4.3794378006898556e-7
9172 4.3794378006898556e-7
9173 4.3794378006898556e-7
9174 4.3794378006898556e-7
9175 4.3794378006898556e-7
9176 4.3794378006898556e-7
9177 4.3794378006898556e-7
9178 4.3794378006898556e-7
9179 4.3794378006898556e-7
9180 4.3794378006898556e-7
9181 4.3794378006898556e-7
9182 4.3794378006898556e-7
9183 4.3794378006898556e-7
9184 4.3794378006898556e-7
9185 4.3794378006898556e-7
9186 4.3794378006898556e-7
9187 4.3794378006898556e-7
9188 4.3794378006898556e-7
9189 4.3794378006898556e-7
9190 4.3794378006898556e-7
9191 4.3794378006898556e-7
9192 4.3794378006898556e-7
9193 4.3794378006898556e-7
9194 4.3794378006898556e-7
9195 4.3794378006898556e-7
9196 4.3794378006898556e-7
9197 4.3794378006898556e-7
9198 4.3794378006898556e-7
9199 4.3794378006898556e-7
9200 4.3794378006898556e-7
9201 4.3862470513673554e-7
9202 4.3862470513673554e-7
9203 4.3862470513673554e-7
9204 4.3877530951993004e-7
9205 4.3877530951993004e-7
9206 4.3877530951993004e-7
9207 4.390717119520073e-7
9208 4.390717119520073e-7
9209 4.390717119520073e-7
9210 4.390717119520073e-7
9211 4.390717119520073e-7
9212 4.390717119520073e-7
9213 4.390717119520073e-7
9214 4.390717119520073e-7
9215 4.390717119520073e-7
9216 4.390717119520073e-7
9217 4.390717119520073e-7
9218 4.390717119520073e-7
9219 4.390717119520073e-7
9220 4.390717119520073e-7
9221 4.394674497751955e-7
9222 4.394674497751955e-7
9223 4.394674497751955e-7
9224 4.394674497751955e-7
9225 4.394674497751955e-7
9226 4.394674497751955e-7
9227 4.394674497751955e-7
9228 4.394674497751955e-7
9229 4.394674497751955e-7
9230 4.394674497751955e-7
9231 4.394674497751955e-7
9232 4.394674497751955e-7
9233 4.394674497751955e-7
9234 4.394674497751955e-7
9235 4.394674497751955e-7
9236 4.394674497751955e-7
9237 4.397125826040073e-7
9238 4.397125826040073e-7
9239 4.397125826040073e-7
9240 4.397125826040073e-7
9241 4.397125826040073e-7
9242 4.397125826040073e-7
9243 4.397125826040073e-7
9244 4.397125826040073e-7
9245 4.397125826040073e-7
9246 4.397125826040073e-7
9247 4.397125826040073e-7
9248 4.397125826040073e-7
9249 4.397125826040073e-7
9250 4.397125826040073e-7
9251 4.397125826040073e-7
9252 4.397125826040073e-7
9253 4.397125826040073e-7
9254 4.397125826040073e-7
9255 4.397125826040073e-7
9256 4.397125826040073e-7
9257 4.397125826040073e-7
9258 4.397125826040073e-7
9259 4.397125826040073e-7
9260 4.402252792478437e-7
9261 4.402252792478437e-7
9262 4.402252792478437e-7
9263 4.402252792478437e-7
9264 4.402252792478437e-7
9265 4.402252792478437e-7
9266 4.402252792478437e-7
9267 4.402252792478437e-7
9268 4.402252792478437e-7
9269 4.402252792478437e-7
9270 4.402252792478437e-7
9271 4.402252792478437e-7
9272 4.402252792478437e-7
9273 4.402252792478437e-7
9274 4.402252792478437e-7
9275 4.402252792478437e-7
9276 4.402252792478437e-7
9277 4.4058897280501363e-7
9278 4.4058897280501363e-7
9279 4.4058897280501363e-7
9280 4.4058897280501363e-7
9281 4.4058897280501363e-7
9282 4.4058897280501363e-7
9283 4.4092062331852906e-7
9284 4.4092062331852906e-7
9285 4.4092062331852906e-7
9286 4.4092062331852906e-7
9287 4.4092062331852906e-7
9288 4.4092062331852906e-7
9289 4.4092062331852906e-7
9290 4.4092062331852906e-7
9291 4.4092062331852906e-7
9292 4.412410580333472e-7
9293 4.412410580333472e-7
9294 4.412410580333472e-7
9295 4.412410580333472e-7
9296 4.412410580333472e-7
9297 4.412410580333472e-7
9298 4.412410580333472e-7
9299 4.412410580333472e-7
9300 4.412410580333472e-7
9301 4.412410580333472e-7
9302 4.415743110657545e-7
9303 4.418787236475635e-7
9304 4.418787236475635e-7
9305 4.418787236475635e-7
9306 4.418787236475635e-7
9307 4.422600418566344e-7
9308 4.422600418566344e-7
9309 4.434007914460635e-7
9310 4.434007914460635e-7
9311 4.434007914460635e-7
9312 4.434007914460635e-7
9313 4.434007914460635e-7
9314 4.434007914460635e-7
9315 4.434007914460635e-7
9316 4.434007914460635e-7
9317 4.434007914460635e-7
9318 4.434007914460635e-7
9319 4.434007914460635e-7
9320 4.434007914460635e-7
9321 4.434007914460635e-7
9322 4.434007914460635e-7
9323 4.434007914460635e-7
9324 4.434007914460635e-7
9325 4.434007914460635e-7
9326 4.439791773072826e-7
9327 4.439791773072826e-7
9328 4.439791773072826e-7
9329 4.439791773072826e-7
9330 4.439791773072826e-7
9331 4.439791773072826e-7
9332 4.439791773072826e-7
9333 4.4463446818458175e-7
9334 4.4463446818458175e-7
9335 4.4463446818458175e-7
9336 4.4463446818458175e-7
9337 4.4463446818458175e-7
9338 4.4463446818458175e-7
9339 4.4463446818458175e-7
9340 4.4463446818458175e-7
9341 4.4463446818458175e-7
9342 4.4463446818458175e-7
9343 4.4463446818458175e-7
9344 4.4463446818458175e-7
9345 4.454563849669027e-7
9346 4.454563849669027e-7
9347 4.460043290809954e-7
9348 4.460043290809954e-7
9349 4.460043290809954e-7
9350 4.460043290809954e-7
9351 4.460043290809954e-7
9352 4.460043290809954e-7
9353 4.460043290809954e-7
9354 4.460043290809954e-7
9355 4.460043290809954e-7
9356 4.460043290809954e-7
9357 4.460043290809954e-7
9358 4.460043290809954e-7
9359 4.460043290809954e-7
9360 4.460043290809954e-7
9361 4.460043290809954e-7
9362 4.460043290809954e-7
9363 4.460043290809954e-7
9364 4.4625587076301085e-7
9365 4.4625587076301085e-7
9366 4.4625587076301085e-7
9367 4.4625587076301085e-7
9368 4.4625587076301085e-7
9369 4.4625587076301085e-7
9370 4.4625587076301085e-7
9371 4.4625587076301085e-7
9372 4.466275756922763e-7
9373 4.466275756922763e-7
9374 4.466275756922763e-7
9375 4.4709380906715903e-7
9376 4.4709380906715903e-7
9377 4.4709380906715903e-7
9378 4.481560517327981e-7
9379 4.482762143688662e-7
9380 4.482762143688662e-7
9381 4.482762143688662e-7
9382 4.482762143688662e-7
9383 4.482762143688662e-7
9384 4.482762143688662e-7
9385 4.482762143688662e-7
9386 4.482762143688662e-7
9387 4.482762143688662e-7
9388 4.490148172819034e-7
9389 4.490148172819034e-7
9390 4.491269697682398e-7
9391 4.491269697682398e-7
9392 4.491269697682398e-7
9393 4.491269697682398e-7
9394 4.491269697682398e-7
9395 4.491269697682398e-7
9396 4.491269697682398e-7
9397 4.491269697682398e-7
9398 4.491269697682398e-7
9399 4.491269697682398e-7
9400 4.491269697682398e-7
9401 4.491269697682398e-7
9402 4.491269697682398e-7
9403 4.491269697682398e-7
9404 4.491269697682398e-7
9405 4.491269697682398e-7
9406 4.491269697682398e-7
9407 4.491269697682398e-7
9408 4.491269697682398e-7
9409 4.491269697682398e-7
9410 4.491269697682398e-7
9411 4.491269697682398e-7
9412 4.5005463018369344e-7
9413 4.5005463018369344e-7
9414 4.5005463018369344e-7
9415 4.5005463018369344e-7
9416 4.5182984157191887e-7
9417 4.5182984157191887e-7
9418 4.5182984157191887e-7
9419 4.5182984157191887e-7
9420 4.521711053652398e-7
9421 4.521711053652398e-7
9422 4.521711053652398e-7
9423 4.521711053652398e-7
9424 4.521711053652398e-7
9425 4.521711053652398e-7
9426 4.521711053652398e-7
9427 4.521711053652398e-7
9428 4.521711053652398e-7
9429 4.521711053652398e-7
9430 4.521711053652398e-7
9431 4.521711053652398e-7
9432 4.521711053652398e-7
9433 4.5256043433522436e-7
9434 4.5256043433522436e-7
9435 4.5256043433522436e-7
9436 4.530218607646134e-7
9437 4.530218607646134e-7
9438 4.530218607646134e-7
9439 4.5365472065569976e-7
9440 4.5365472065569976e-7
9441 4.5365472065569976e-7
9442 4.5365472065569976e-7
9443 4.5365472065569976e-7
9444 4.5365472065569976e-7
9445 4.5365472065569976e-7
9446 4.5365472065569976e-7
9447 4.5365472065569976e-7
9448 4.5365472065569976e-7
9449 4.5365472065569976e-7
9450 4.5365472065569976e-7
9451 4.5365472065569976e-7
9452 4.5365472065569976e-7
9453 4.5365472065569976e-7
9454 4.5365472065569976e-7
9455 4.5365472065569976e-7
9456 4.5365472065569976e-7
9457 4.5365472065569976e-7
9458 4.5365472065569976e-7
9459 4.5365472065569976e-7
9460 4.5365472065569976e-7
9461 4.5365472065569976e-7
9462 4.5365472065569976e-7
9463 4.5365472065569976e-7
9464 4.5365472065569976e-7
9465 4.5365472065569976e-7
9466 4.5365472065569976e-7
9467 4.5401681230515973e-7
9468 4.5401681230515973e-7
9469 4.5401681230515973e-7
9470 4.5401681230515973e-7
9471 4.5401681230515973e-7
9472 4.5401681230515973e-7
9473 4.5401681230515973e-7
9474 4.5401681230515973e-7
9475 4.5401681230515973e-7
9476 4.5401681230515973e-7
9477 4.5401681230515973e-7
9478 4.5401681230515973e-7
9479 4.5401681230515973e-7
9480 4.5401681230515973e-7
9481 4.5401681230515973e-7
9482 4.5401681230515973e-7
9483 4.5401681230515973e-7
9484 4.5401681230515973e-7
9485 4.5401681230515973e-7
9486 4.5401681230515973e-7
9487 4.5401681230515973e-7
9488 4.5401681230515973e-7
9489 4.5454072413651156e-7
9490 4.5454072413651156e-7
9491 4.5454072413651156e-7
9492 4.568286321685734e-7
9493 4.568286321685734e-7
9494 4.568286321685734e-7
9495 4.568286321685734e-7
9496 4.568286321685734e-7
9497 4.568286321685734e-7
9498 4.568286321685734e-7
9499 4.568286321685734e-7
9500 4.568286321685734e-7
9501 4.568286321685734e-7
9502 4.568286321685734e-7
9503 4.5735574842652704e-7
9504 4.5735574842652704e-7
9505 4.5735574842652704e-7
9506 4.5735574842652704e-7
9507 4.5735574842652704e-7
9508 4.5735574842652704e-7
9509 4.5735574842652704e-7
9510 4.5735574842652704e-7
9511 4.5735574842652704e-7
9512 4.5735574842652704e-7
9513 4.5735574842652704e-7
9514 4.5735574842652704e-7
9515 4.5735574842652704e-7
9516 4.5735574842652704e-7
9517 4.5735574842652704e-7
9518 4.5735574842652704e-7
9519 4.5735574842652704e-7
9520 4.5735574842652704e-7
9521 4.5735574842652704e-7
9522 4.5801424311924614e-7
9523 4.5801424311924614e-7
9524 4.5801424311924614e-7
9525 4.5801424311924614e-7
9526 4.5801424311924614e-7
9527 4.5801424311924614e-7
9528 4.5801424311924614e-7
9529 4.5801424311924614e-7
9530 4.5826738732015345e-7
9531 4.58736825121638e-7
9532 4.58736825121638e-7
9533 4.58736825121638e-7
9534 4.58736825121638e-7
9535 4.58736825121638e-7
9536 4.58736825121638e-7
9537 4.58736825121638e-7
9538 4.58736825121638e-7
9539 4.58736825121638e-7
9540 4.58736825121638e-7
9541 4.596244305101598e-7
9542 4.596244305101598e-7
9543 4.596244305101598e-7
9544 4.596244305101598e-7
9545 4.596244305101598e-7
9546 4.596244305101598e-7
9547 4.596244305101598e-7
9548 4.596244305101598e-7
9549 4.596244305101598e-7
9550 4.596244305101598e-7
9551 4.596244305101598e-7
9552 4.596244305101598e-7
9553 4.596244305101598e-7
9554 4.596244305101598e-7
9555 4.601883961460797e-7
9556 4.601883961460797e-7
9557 4.601883961460797e-7
9558 4.601883961460797e-7
9559 4.601883961460797e-7
9560 4.601883961460797e-7
9561 4.605825326727398e-7
9562 4.605825326727398e-7
9563 4.605825326727398e-7
9564 4.605825326727398e-7
9565 4.605825326727398e-7
9566 4.605825326727398e-7
9567 4.605825326727398e-7
9568 4.605825326727398e-7
9569 4.605825326727398e-7
9570 4.605825326727398e-7
9571 4.605825326727398e-7
9572 4.6067065226515344e-7
9573 4.6067065226515344e-7
9574 4.6067065226515344e-7
9575 4.6067065226515344e-7
9576 4.6067065226515344e-7
9577 4.6067065226515344e-7
9578 4.6067065226515344e-7
9579 4.6067065226515344e-7
9580 4.6067065226515344e-7
9581 4.6067065226515344e-7
9582 4.6067065226515344e-7
9583 4.6228084026724896e-7
9584 4.6228084026724896e-7
9585 4.6228084026724896e-7
9586 4.6228084026724896e-7
9587 4.6228084026724896e-7
9588 4.6228084026724896e-7
9589 4.6228084026724896e-7
9590 4.6228084026724896e-7
9591 4.6228084026724896e-7
9592 4.6228084026724896e-7
9593 4.6228084026724896e-7
9594 4.6228084026724896e-7
9595 4.6228084026724896e-7
9596 4.6228084026724896e-7
9597 4.6228084026724896e-7
9598 4.6228084026724896e-7
9599 4.6228084026724896e-7
9600 4.6228084026724896e-7
9601 4.6228084026724896e-7
9602 4.6228084026724896e-7
9603 4.6228084026724896e-7
9604 4.6228084026724896e-7
9605 4.6228084026724896e-7
9606 4.6228084026724896e-7
9607 4.6228084026724896e-7
9608 4.6228084026724896e-7
9609 4.6228084026724896e-7
9610 4.6228084026724896e-7
9611 4.6228084026724896e-7
9612 4.6228084026724896e-7
9613 4.629201084003571e-7
9614 4.629201084003571e-7
9615 4.629201084003571e-7
9616 4.632966196639343e-7
9617 4.632966196639343e-7
9618 4.632966196639343e-7
9619 4.632966196639343e-7
9620 4.632966196639343e-7
9621 4.632966196639343e-7
9622 4.632966196639343e-7
9623 4.632966196639343e-7
9624 4.632966196639343e-7
9625 4.632966196639343e-7
9626 4.632966196639343e-7
9627 4.632966196639343e-7
9628 4.632966196639343e-7
9629 4.632966196639343e-7
9630 4.632966196639343e-7
9631 4.644678103893079e-7
9632 4.644678103893079e-7
9633 4.644678103893079e-7
9634 4.644678103893079e-7
9635 4.644678103893079e-7
9636 4.649981304626815e-7
9637 4.649981304626815e-7
9638 4.649981304626815e-7
9639 4.652272411584842e-7
9640 4.652272411584842e-7
9641 4.652272411584842e-7
9642 4.652272411584842e-7
9643 4.652272411584842e-7
9644 4.652272411584842e-7
9645 4.652272411584842e-7
9646 4.6611805158478966e-7
9647 4.6611805158478966e-7
9648 4.6611805158478966e-7
9649 4.6611805158478966e-7
9650 4.6611805158478966e-7
9651 4.6611805158478966e-7
9652 4.6611805158478966e-7
9653 4.677827142279343e-7
9654 4.677827142279343e-7
9655 4.677827142279343e-7
9656 4.677827142279343e-7
9657 4.677827142279343e-7
9658 4.677827142279343e-7
9659 4.677827142279343e-7
9660 4.677827142279343e-7
9661 4.677827142279343e-7
9662 4.677827142279343e-7
9663 4.677827142279343e-7
9664 4.677827142279343e-7
9665 4.677827142279343e-7
9666 4.677827142279343e-7
9667 4.677827142279343e-7
9668 4.677827142279343e-7
9669 4.677827142279343e-7
9670 4.677827142279343e-7
9671 4.677827142279343e-7
9672 4.677827142279343e-7
9673 4.677827142279343e-7
9674 4.677827142279343e-7
9675 4.677827142279343e-7
9676 4.6902600363507615e-7
9677 4.6902600363507615e-7
9678 4.6902600363507615e-7
9679 4.6902600363507615e-7
9680 4.6902600363507615e-7
9681 4.6902600363507615e-7
9682 4.6902600363507615e-7
9683 4.6902600363507615e-7
9684 4.6902600363507615e-7
9685 4.6902600363507615e-7
9686 4.6902600363507615e-7
9687 4.6902600363507615e-7
9688 4.6902600363507615e-7
9689 4.6902600363507615e-7
9690 4.6902600363507615e-7
9691 4.6902600363507615e-7
9692 4.6902600363507615e-7
9693 4.6902600363507615e-7
9694 4.6902600363507615e-7
9695 4.6902600363507615e-7
9696 4.6902600363507615e-7
9697 4.6902600363507615e-7
9698 4.695947762164898e-7
9699 4.695947762164898e-7
9700 4.695947762164898e-7
9701 4.695947762164898e-7
9702 4.7000012731948345e-7
9703 4.7000012731948345e-7
9704 4.7000012731948345e-7
9705 4.7000012731948345e-7
9706 4.7000012731948345e-7
9707 4.7000012731948345e-7
9708 4.7000012731948345e-7
9709 4.7000012731948345e-7
9710 4.7000012731948345e-7
9711 4.7000012731948345e-7
9712 4.703189613489554e-7
9713 4.703189613489554e-7
9714 4.703189613489554e-7
9715 4.703189613489554e-7
9716 4.7053525494953264e-7
9717 4.72169475234369e-7
9718 4.72169475234369e-7
9719 4.72169475234369e-7
9720 4.7236654288651717e-7
9721 4.7236654288651717e-7
9722 4.7236654288651717e-7
9723 4.7236654288651717e-7
9724 4.7236654288651717e-7
9725 4.7236654288651717e-7
9726 4.7236654288651717e-7
9727 4.7236654288651717e-7
9728 4.7236654288651717e-7
9729 4.7236654288651717e-7
9730 4.7305227428857894e-7
9731 4.7305227428857894e-7
9732 4.7305227428857894e-7
9733 4.7305227428857894e-7
9734 4.7305227428857894e-7
9735 4.7305227428857894e-7
9736 4.7305227428857894e-7
9737 4.7305227428857894e-7
9738 4.7305227428857894e-7
9739 4.7305227428857894e-7
9740 4.7305227428857894e-7
9741 4.7305227428857894e-7
9742 4.7305227428857894e-7
9743 4.7305227428857894e-7
9744 4.7305227428857894e-7
9745 4.7305227428857894e-7
9746 4.7305227428857894e-7
9747 4.7305227428857894e-7
9748 4.7305227428857894e-7
9749 4.737988879625298e-7
9750 4.737988879625298e-7
9751 4.737988879625298e-7
9752 4.737988879625298e-7
9753 4.737988879625298e-7
9754 4.737988879625298e-7
9755 4.737988879625298e-7
9756 4.737988879625298e-7
9757 4.737988879625298e-7
9758 4.737988879625298e-7
9759 4.737988879625298e-7
9760 4.737988879625298e-7
9761 4.737988879625298e-7
9762 4.737988879625298e-7
9763 4.740087733210853e-7
9764 4.740087733210853e-7
9765 4.740087733210853e-7
9766 4.740087733210853e-7
9767 4.740087733210853e-7
9768 4.740087733210853e-7
9769 4.740087733210853e-7
9770 4.740087733210853e-7
9771 4.7431478903296803e-7
9772 4.74617599707067e-7
9773 4.74617599707067e-7
9774 4.7520720075580156e-7
9775 4.7520720075580156e-7
9776 4.7545713991892513e-7
9777 4.7545713991892513e-7
9778 4.7545713991892513e-7
9779 4.7545713991892513e-7
9780 4.7545713991892513e-7
9781 4.7545713991892513e-7
9782 4.7545713991892513e-7
9783 4.7545713991892513e-7
9784 4.7545713991892513e-7
9785 4.7545713991892513e-7
9786 4.7545713991892513e-7
9787 4.7545713991892513e-7
9788 4.7545713991892513e-7
9789 4.7545713991892513e-7
9790 4.7545713991892513e-7
9791 4.7545713991892513e-7
9792 4.7545713991892513e-7
9793 4.7545713991892513e-7
9794 4.7545713991892513e-7
9795 4.7545713991892513e-7
9796 4.7545713991892513e-7
9797 4.7545713991892513e-7
9798 4.7594259924223693e-7
9799 4.7594259924223693e-7
9800 4.7594259924223693e-7
9801 4.7624861495411966e-7
9802 4.7624861495411966e-7
9803 4.7624861495411966e-7
9804 4.7624861495411966e-7
9805 4.7650336106273695e-7
9806 4.7650336106273695e-7
9807 4.7650336106273695e-7
9808 4.770961665380734e-7
9809 4.770961665380734e-7
9810 4.770961665380734e-7
9811 4.770961665380734e-7
9812 4.770961665380734e-7
9813 4.770961665380734e-7
9814 4.770961665380734e-7
9815 4.770961665380734e-7
9816 4.770961665380734e-7
9817 4.770961665380734e-7
9818 4.770961665380734e-7
9819 4.774005803422461e-7
9820 4.774005803422461e-7
9821 4.781071408228106e-7
9822 4.781071408228106e-7
9823 4.781071408228106e-7
9824 4.781071408228106e-7
9825 4.781071408228106e-7
9826 4.785765786242952e-7
9827 4.785765786242952e-7
9828 4.785765786242952e-7
9829 4.785765786242952e-7
9830 4.785765786242952e-7
9831 4.785765786242952e-7
9832 4.785765786242952e-7
9833 4.790107689555234e-7
9834 4.790107689555234e-7
9835 4.790107689555234e-7
9836 4.790107689555234e-7
9837 4.790107689555234e-7
9838 4.790107689555234e-7
9839 4.790107689555234e-7
9840 4.791501593735662e-7
9841 4.791501593735662e-7
9842 4.791501593735662e-7
9843 4.791501593735662e-7
9844 4.791501593735662e-7
9845 4.791501593735662e-7
9846 4.791501593735662e-7
9847 4.791501593735662e-7
9848 4.791501593735662e-7
9849 4.791501593735662e-7
9850 4.791501593735662e-7
9851 4.791501593735662e-7
9852 4.791501593735662e-7
9853 4.791501593735662e-7
9854 4.791501593735662e-7
9855 4.791501593735662e-7
9856 4.791501593735662e-7
9857 4.791501593735662e-7
9858 4.791501593735662e-7
9859 4.791501593735662e-7
9860 4.791501593735662e-7
9861 4.791501593735662e-7
9862 4.791501593735662e-7
9863 4.791501593735662e-7
9864 4.791501593735662e-7
9865 4.791501593735662e-7
9866 4.791501593735662e-7
9867 4.791501593735662e-7
9868 4.791501593735662e-7
9869 4.800489799496035e-7
9870 4.800489799496035e-7
9871 4.800489799496035e-7
9872 4.800489799496035e-7
9873 4.800489799496035e-7
9874 4.800489799496035e-7
9875 4.800489799496035e-7
9876 4.800489799496035e-7
9877 4.800489799496035e-7
9878 4.800489799496035e-7
9879 4.803854374086126e-7
9880 4.803854374086126e-7
9881 4.803854374086126e-7
9882 4.803854374086126e-7
9883 4.803854374086126e-7
9884 4.808933283293191e-7
9885 4.808933283293191e-7
9886 4.811705054241491e-7
9887 4.811705054241491e-7
9888 4.816431476522355e-7
9889 4.816431476522355e-7
9890 4.816431476522355e-7
9891 4.819475608452264e-7
9892 4.819475608452264e-7
9893 4.819475608452264e-7
9894 4.821686613912973e-7
9895 4.821686613912973e-7
9896 4.821686613912973e-7
9897 4.821686613912973e-7
9898 4.821686613912973e-7
9899 4.821686613912973e-7
9900 4.821686613912973e-7
9901 4.821686613912973e-7
9902 4.821686613912973e-7
9903 4.821686613912973e-7
9904 4.821686613912973e-7
9905 4.821686613912973e-7
9906 4.821686613912973e-7
9907 4.821686613912973e-7
9908 4.833494660076582e-7
9909 4.833494660076582e-7
9910 4.837452044420283e-7
9911 4.837452044420283e-7
9912 4.837452044420283e-7
9913 4.837452044420283e-7
9914 4.837452044420283e-7
9915 4.843636447189974e-7
9916 4.843636447189974e-7
9917 4.843636447189974e-7
9918 4.843636447189974e-7
9919 4.843636447189974e-7
9920 4.843636447189974e-7
9921 4.843636447189974e-7
9922 4.84893964792371e-7
9923 4.84893964792371e-7
9924 4.84893964792371e-7
9925 4.84893964792371e-7
9926 4.853457791643183e-7
9927 4.853457791643183e-7
9928 4.853457791643183e-7
9929 4.853457791643183e-7
9930 4.853457791643183e-7
9931 4.853457791643183e-7
9932 4.859786390554047e-7
9933 4.859786390554047e-7
9934 4.859786390554047e-7
9935 4.859786390554047e-7
9936 4.859786390554047e-7
9937 4.865682401041393e-7
9938 4.865682401041393e-7
9939 4.866868008324974e-7
9940 4.866868008324974e-7
9941 4.866868008324974e-7
9942 4.866868008324974e-7
9943 4.866868008324974e-7
9944 4.866868008324974e-7
9945 4.866868008324974e-7
9946 4.866868008324974e-7
9947 4.866868008324974e-7
9948 4.866868008324974e-7
9949 4.866868008324974e-7
9950 4.866868008324974e-7
9951 4.866868008324974e-7
9952 4.866868008324974e-7
9953 4.866868008324974e-7
9954 4.866868008324974e-7
9955 4.866868008324974e-7
9956 4.866868008324974e-7
9957 4.869399444222228e-7
9958 4.869399444222228e-7
9959 4.869399444222228e-7
9960 4.874638562535746e-7
9961 4.874638562535746e-7
9962 4.874638562535746e-7
9963 4.874638562535746e-7
9964 4.874638562535746e-7
9965 4.874638562535746e-7
9966 4.874638562535746e-7
9967 4.874638562535746e-7
9968 4.874638562535746e-7
9969 4.874638562535746e-7
9970 4.874638562535746e-7
9971 4.874638562535746e-7
9972 4.874638562535746e-7
9973 4.874638562535746e-7
9974 4.874638562535746e-7
9975 4.874638562535746e-7
9976 4.874638562535746e-7
9977 4.874638562535746e-7
9978 4.874638562535746e-7
9979 4.874638562535746e-7
9980 4.874638562535746e-7
9981 4.874638562535746e-7
9982 4.874638562535746e-7
9983 4.884764324460219e-7
9984 4.884764324460219e-7
9985 4.884764324460219e-7
9986 4.884764324460219e-7
9987 4.884764324460219e-7
9988 4.884764324460219e-7
9989 4.884764324460219e-7
9990 4.884764324460219e-7
9991 4.884764324460219e-7
9992 4.884764324460219e-7
9993 4.884764324460219e-7
9994 4.884764324460219e-7
9995 4.884764324460219e-7
9996 4.884764324460219e-7
9997 4.884764324460219e-7
9998 4.884764324460219e-7
9999 4.884764324460219e-7
10000 4.884764324460219e-7
10001 4.889715056603211e-7
