1 0
2 0
3 0
4 0
5 0
6 0
7 0
8 0
9 0
10 0
11 8.972211130547713e-11
12 8.972211130547713e-11
13 8.972211130547713e-11
14 8.972211130547713e-11
15 8.972211130547713e-11
16 8.972211130547713e-11
17 8.972211130547713e-11
18 8.972211130547713e-11
19 8.972211130547713e-11
20 8.972211130547713e-11
21 8.972211130547713e-11
22 8.972211130547713e-11
23 8.972211130547713e-11
24 8.972211130547713e-11
25 8.972211130547713e-11
26 8.972211130547713e-11
27 8.972211130547713e-11
28 1.1727938554473303e-9
29 1.1727938554473303e-9
30 1.1727938554473303e-9
31 1.1727938554473303e-9
32 2.1789611946910093e-9
33 2.1789611946910093e-9
34 2.1789611946910093e-9
35 2.1789611946910093e-9
36 2.1789611946910093e-9
37 2.1789611946910093e-9
38 2.1789611946910093e-9
39 2.1789611946910093e-9
40 2.1789611946910093e-9
41 2.1789611946910093e-9
42 2.1789611946910093e-9
43 2.1789611946910093e-9
44 2.1789611946910093e-9
45 2.1789611946910093e-9
46 2.1789611946910093e-9
47 2.1789611946910093e-9
48 2.1789611946910093e-9
49 2.1789611946910093e-9
50 2.1789611946910093e-9
51 2.1789611946910093e-9
52 2.1789611946910093e-9
53 2.1789611946910093e-9
54 2.1789611946910093e-9
55 2.1789611946910093e-9
56 2.1789611946910093e-9
57 2.1789611946910093e-9
58 2.1789611946910093e-9
59 2.1789611946910093e-9
60 2.1789611946910093e-9
61 2.1789611946910093e-9
62 2.1789611946910093e-9
63 2.6548072381973302e-9
64 2.6548072381973302e-9
65 2.6548072381973302e-9
66 3.2604298087591284e-9
67 3.2604298087591284e-9
68 3.2604298087591284e-9
69 3.2604298087591284e-9
70 3.2604298087591284e-9
71 3.2604298087591284e-9
72 3.2604298087591284e-9
73 3.2604298087591284e-9
74 3.2604298087591284e-9
75 3.2604298087591284e-9
76 3.2604298087591284e-9
77 3.2604298087591284e-9
78 3.2604298087591284e-9
79 3.2604298087591284e-9
80 3.2604298087591284e-9
81 3.2604298087591284e-9
82 3.2604298087591284e-9
83 3.2604298087591284e-9
84 3.2604298087591284e-9
85 3.2604298087591284e-9
86 3.2604298087591284e-9
87 3.2604298087591284e-9
88 3.2604298087591284e-9
89 3.2604298087591284e-9
90 3.2604298087591284e-9
91 3.2604298087591284e-9
92 3.2604298087591284e-9
93 3.2604298087591284e-9
94 3.6193182539810368e-9
95 3.6193182539810368e-9
96 3.6193182539810368e-9
97 3.6193182539810368e-9
98 3.6193182539810368e-9
99 3.6193182539810368e-9
100 3.6193182539810368e-9
101 3.6193182539810368e-9
102 3.6193182539810368e-9
103 3.6193182539810368e-9
104 3.898097256521064e-9
105 3.898097256521064e-9
106 3.898097256521064e-9
107 3.898097256521064e-9
108 3.898097256521064e-9
109 3.898097256521064e-9
110 3.898097256521064e-9
111 4.4508489272893215e-9
112 4.4508489272893215e-9
113 4.4508489272893215e-9
114 5.346466299088478e-9
115 5.346466299088478e-9
116 5.346466299088478e-9
117 5.346466299088478e-9
118 5.346466299088478e-9
119 5.392929568042129e-9
120 5.392929568042129e-9
121 5.392929568042129e-9
122 5.392929568042129e-9
123 5.392929568042129e-9
124 5.392929568042129e-9
125 5.392929568042129e-9
126 5.392929568042129e-9
127 5.392929568042129e-9
128 5.916841399393955e-9
129 5.916841399393955e-9
130 5.916841399393955e-9
131 5.916841399393955e-9
132 5.916841399393955e-9
133 5.916841399393955e-9
134 5.916841399393955e-9
135 5.916841399393955e-9
136 5.916841399393955e-9
137 5.916841399393955e-9
138 5.916841399393955e-9
139 5.916841399393955e-9
140 5.916841399393955e-9
141 5.916841399393955e-9
142 5.916841399393955e-9
143 5.916841399393955e-9
144 5.916841399393955e-9
145 5.916841399393955e-9
146 5.916841399393955e-9
147 5.916841399393955e-9
148 5.916841399393955e-9
149 5.916841399393955e-9
150 5.916841399393955e-9
151 5.916841399393955e-9
152 5.916841399393955e-9
153 5.916841399393955e-9
154 5.916841399393955e-9
155 5.916841399393955e-9
156 6.4631842169585605e-9
157 6.4631842169585605e-9
158 6.4631842169585605e-9
159 6.4631842169585605e-9
160 6.4631842169585605e-9
161 6.4631842169585605e-9
162 6.4631842169585605e-9
163 6.4631842169585605e-9
164 6.4631842169585605e-9
165 6.4631842169585605e-9
166 6.4631842169585605e-9
167 6.4631842169585605e-9
168 6.4631842169585605e-9
169 6.751575888122184e-9
170 6.751575888122184e-9
171 6.751575888122184e-9
172 6.751575888122184e-9
173 6.751575888122184e-9
174 6.751575888122184e-9
175 6.751575888122184e-9
176 7.304326336526679e-9
177 7.304326336526679e-9
178 7.304326336526679e-9
179 7.304326336526679e-9
180 7.304326336526679e-9
181 7.304326336526679e-9
182 7.304326336526679e-9
183 7.304326336526679e-9
184 7.304326336526679e-9
185 7.304326336526679e-9
186 7.304326336526679e-9
187 7.304326336526679e-9
188 7.304326336526679e-9
189 7.304326336526679e-9
190 7.304326336526679e-9
191 7.304326336526679e-9
192 7.304326336526679e-9
193 7.304326336526679e-9
194 7.304326336526679e-9
195 7.304326336526679e-9
196 8.185522871844798e-9
197 8.185522871844798e-9
198 8.185522871844798e-9
199 8.185522871844798e-9
200 8.185522871844798e-9
201 8.185522871844798e-9
202 8.433859516076541e-9
203 8.433859516076541e-9
204 8.433859516076541e-9
205 8.433859516076541e-9
206 8.433859516076541e-9
207 8.433859516076541e-9
208 8.433859516076541e-9
209 8.433859516076541e-9
210 8.433859516076541e-9
211 8.433859516076541e-9
212 8.433859516076541e-9
213 8.433859516076541e-9
214 8.433859516076541e-9
215 8.433859516076541e-9
216 8.433859516076541e-9
217 8.433859516076541e-9
218 8.433859516076541e-9
219 8.433859516076541e-9
220 8.433859516076541e-9
221 8.433859516076541e-9
222 8.433859516076541e-9
223 8.433859516076541e-9
224 8.433859516076541e-9
225 8.433859516076541e-9
226 8.749488507764742e-9
227 8.749488507764742e-9
228 8.749488507764742e-9
229 8.749488507764742e-9
230 8.749488507764742e-9
231 8.749488507764742e-9
232 8.749488507764742e-9
233 8.749488507764742e-9
234 8.749488507764742e-9
235 8.749488507764742e-9
236 8.749488507764742e-9
237 8.749488507764742e-9
238 8.749488507764742e-9
239 8.749488507764742e-9
240 8.749488507764742e-9
241 8.749488507764742e-9
242 8.749488507764742e-9
243 8.749488507764742e-9
244 8.749488507764742e-9
245 8.749488507764742e-9
246 8.749488507764742e-9
247 8.749488507764742e-9
248 8.749488507764742e-9
249 8.749488507764742e-9
250 8.749488507764742e-9
251 8.749488507764742e-9
252 9.24616301859199e-9
253 9.24616301859199e-9
254 9.310250328264742e-9
255 9.310250328264742e-9
256 9.80051598588834e-9
257 9.80051598588834e-9
258 9.80051598588834e-9
259 9.80051598588834e-9
260 9.80051598588834e-9
261 9.80051598588834e-9
262 9.80051598588834e-9
263 9.80051598588834e-9
264 9.80051598588834e-9
265 9.80051598588834e-9
266 9.80051598588834e-9
267 9.80051598588834e-9
268 9.80051598588834e-9
269 9.80051598588834e-9
270 9.80051598588834e-9
271 1.051668913507654e-8
272 1.051668913507654e-8
273 1.051668913507654e-8
274 1.051668913507654e-8
275 1.051668913507654e-8
276 1.051668913507654e-8
277 1.051668913507654e-8
278 1.1021375017999293e-8
279 1.1021375017999293e-8
280 1.1330595767665724e-8
281 1.1330595767665724e-8
282 1.1330595767665724e-8
283 1.1884948734962073e-8
284 1.1884948734962073e-8
285 1.1884948734962073e-8
286 1.1884948734962073e-8
287 1.1884948734962073e-8
288 1.1884948734962073e-8
289 1.1884948734962073e-8
290 1.1884948734962073e-8
291 1.2088424629132018e-8
292 1.2088424629132018e-8
293 1.2088424629132018e-8
294 1.2088424629132018e-8
295 1.2088424629132018e-8
296 1.2088424629132018e-8
297 1.2088424629132018e-8
298 1.2088424629132018e-8
299 1.2088424629132018e-8
300 1.2088424629132018e-8
301 1.2088424629132018e-8
302 1.2088424629132018e-8
303 1.2088424629132018e-8
304 1.2088424629132018e-8
305 1.2088424629132018e-8
306 1.2088424629132018e-8
307 1.2088424629132018e-8
308 1.2088424629132018e-8
309 1.2088424629132018e-8
310 1.2088424629132018e-8
311 1.2088424629132018e-8
312 1.2778962976687494e-8
313 1.2778962976687494e-8
314 1.2778962976687494e-8
315 1.2778962976687494e-8
316 1.2778962976687494e-8
317 1.2778962976687494e-8
318 1.2778962976687494e-8
319 1.2778962976687494e-8
320 1.3490329180382017e-8
321 1.3490329180382017e-8
322 1.3490329180382017e-8
323 1.3490329180382017e-8
324 1.3490329180382017e-8
325 1.3490329180382017e-8
326 1.3490329180382017e-8
327 1.3490329180382017e-8
328 1.3490329180382017e-8
329 1.3490329180382017e-8
330 1.384120564232654e-8
331 1.384120564232654e-8
332 1.384120564232654e-8
333 1.384120564232654e-8
334 1.384120564232654e-8
335 1.384120564232654e-8
336 1.384120564232654e-8
337 1.3978993541477521e-8
338 1.3978993541477521e-8
339 1.3978993541477521e-8
340 1.3978993541477521e-8
341 1.3978993541477521e-8
342 1.3978993541477521e-8
343 1.3978993541477521e-8
344 1.3978993541477521e-8
345 1.3978993541477521e-8
346 1.4238546595588476e-8
347 1.4238546595588476e-8
348 1.4238546595588476e-8
349 1.4238546595588476e-8
350 1.4635886937668531e-8
351 1.4635886937668531e-8
352 1.4635886937668531e-8
353 1.4635886937668531e-8
354 1.4635886937668531e-8
355 1.4635886937668531e-8
356 1.4635886937668531e-8
357 1.4635886937668531e-8
358 1.4635886937668531e-8
359 1.4635886937668531e-8
360 1.4635886937668531e-8
361 1.4635886937668531e-8
362 1.4794502692958559e-8
363 1.4794502692958559e-8
364 1.4794502692958559e-8
365 1.4794502692958559e-8
366 1.4794502692958559e-8
367 1.4794502692958559e-8
368 1.4794502692958559e-8
369 1.4794502692958559e-8
370 1.4794502692958559e-8
371 1.4794502692958559e-8
372 1.5079689937520356e-8
373 1.5079689937520356e-8
374 1.5079689937520356e-8
375 1.5079689937520356e-8
376 1.5119744353270354e-8
377 1.5119744353270354e-8
378 1.5119744353270354e-8
379 1.5119744353270354e-8
380 1.5469018296323022e-8
381 1.5469018296323022e-8
382 1.602817820911305e-8
383 1.602817820911305e-8
384 1.602817820911305e-8
385 1.602817820911305e-8
386 1.602817820911305e-8
387 1.602817820911305e-8
388 1.616596549708215e-8
389 1.616596549708215e-8
390 1.616596549708215e-8
391 1.616596549708215e-8
392 1.616596549708215e-8
393 1.616596549708215e-8
394 1.616596549708215e-8
395 1.616596549708215e-8
396 1.616596549708215e-8
397 1.616596549708215e-8
398 1.64623679291594e-8
399 1.64623679291594e-8
400 1.64623679291594e-8
401 1.6797222869276674e-8
402 1.6797222869276674e-8
403 1.6797222869276674e-8
404 1.7260252428739452e-8
405 1.7260252428739452e-8
406 1.7260252428739452e-8
407 1.7846649050872178e-8
408 1.7846649050872178e-8
409 1.7846649050872178e-8
410 1.7846649050872178e-8
411 1.8444260860520352e-8
412 1.8444260860520352e-8
413 1.8444260860520352e-8
414 1.8444260860520352e-8
415 1.8444260860520352e-8
416 1.8444260860520352e-8
417 1.8444260860520352e-8
418 1.8444260860520352e-8
419 1.8444260860520352e-8
420 1.8444260860520352e-8
421 1.8444260860520352e-8
422 1.8444260860520352e-8
423 1.8444260860520352e-8
424 1.8444260860520352e-8
425 1.8444260860520352e-8
426 1.8793535414754904e-8
427 1.8793535414754904e-8
428 1.8793535414754904e-8
429 1.8793535414754904e-8
430 1.8793535414754904e-8
431 1.8793535414754904e-8
432 1.8793535414754904e-8
433 1.8793535414754904e-8
434 1.8793535414754904e-8
435 1.8793535414754904e-8
436 1.8793535414754904e-8
437 1.8793535414754904e-8
438 1.8793535414754904e-8
439 1.8793535414754904e-8
440 1.8793535414754904e-8
441 1.8793535414754904e-8
442 1.8793535414754904e-8
443 1.8793535414754904e-8
444 1.8793535414754904e-8
445 1.8793535414754904e-8
446 1.8793535414754904e-8
447 1.8793535414754904e-8
448 1.8793535414754904e-8
449 1.8793535414754904e-8
450 1.8793535414754904e-8
451 1.8793535414754904e-8
452 1.8793535414754904e-8
453 1.8793535414754904e-8
454 1.8793535414754904e-8
455 1.8793535414754904e-8
456 1.8793535414754904e-8
457 1.8793535414754904e-8
458 1.8793535414754904e-8
459 1.8793535414754904e-8
460 1.8793535414754904e-8
461 1.9035464428146756e-8
462 1.9035464428146756e-8
463 1.9035464428146756e-8
464 1.9035464428146756e-8
465 1.9035464428146756e-8
466 1.9035464428146756e-8
467 1.9035464428146756e-8
468 1.9035464428146756e-8
469 1.9035464428146756e-8
470 1.9035464428146756e-8
471 1.9035464428146756e-8
472 1.9035464428146756e-8
473 1.9035464428146756e-8
474 1.9035464428146756e-8
475 1.983334831654493e-8
476 1.983334831654493e-8
477 1.983334831654493e-8
478 1.983334831654493e-8
479 2.0471014541943104e-8
480 2.0471014541943104e-8
481 2.0471014541943104e-8
482 2.0471014541943104e-8
483 2.0471014541943104e-8
484 2.0471014541943104e-8
485 2.0471014541943104e-8
486 2.0471014541943104e-8
487 2.1328179405702234e-8
488 2.1328179405702234e-8
489 2.1328179405702234e-8
490 2.1328179405702234e-8
491 2.1328179405702234e-8
492 2.1328179405702234e-8
493 2.1328179405702234e-8
494 2.1328179405702234e-8
495 2.1328179405702234e-8
496 2.1328179405702234e-8
497 2.1328179405702234e-8
498 2.1328179405702234e-8
499 2.1328179405702234e-8
500 2.1328179405702234e-8
501 2.1328179405702234e-8
502 2.1328179405702234e-8
503 2.1520441334720493e-8
504 2.1520441334720493e-8
505 2.1520441334720493e-8
506 2.2015513937837768e-8
507 2.2015513937837768e-8
508 2.2015513937837768e-8
509 2.2015513937837768e-8
510 2.2015513937837768e-8
511 2.2015513937837768e-8
512 2.2015513937837768e-8
513 2.2015513937837768e-8
514 2.2015513937837768e-8
515 2.2015513937837768e-8
516 2.2015513937837768e-8
517 2.2015513937837768e-8
518 2.2694836486695913e-8
519 2.2694836486695913e-8
520 2.2694836486695913e-8
521 2.2760525092896756e-8
522 2.2760525092896756e-8
523 2.2760525092896756e-8
524 2.2760525092896756e-8
525 2.3503935562609536e-8
526 2.3503935562609536e-8
527 2.3503935562609536e-8
528 2.3503935562609536e-8
529 2.3503935562609536e-8
530 2.3503935562609536e-8
531 2.3503935562609536e-8
532 2.3503935562609536e-8
533 2.3737853203905884e-8
534 2.3737853203905884e-8
535 2.3737853203905884e-8
536 2.3737853203905884e-8
537 2.3737853203905884e-8
538 2.3737853203905884e-8
539 2.3737853203905884e-8
540 2.3737853203905884e-8
541 2.3737853203905884e-8
542 2.3737853203905884e-8
543 2.3737853203905884e-8
544 2.3737853203905884e-8
545 2.3737853203905884e-8
546 2.3737853203905884e-8
547 2.3737853203905884e-8
548 2.3737853203905884e-8
549 2.3737853203905884e-8
550 2.3737853203905884e-8
551 2.3737853203905884e-8
552 2.3737853203905884e-8
553 2.3737853203905884e-8
554 2.3737853203905884e-8
555 2.3737853203905884e-8
556 2.3737853203905884e-8
557 2.3737853203905884e-8
558 2.3737853203905884e-8
559 2.3737853203905884e-8
560 2.3737853203905884e-8
561 2.3737853203905884e-8
562 2.3737853203905884e-8
563 2.3737853203905884e-8
564 2.3737853203905884e-8
565 2.3737853203905884e-8
566 2.3737853203905884e-8
567 2.3737853203905884e-8
568 2.3737853203905884e-8
569 2.3737853203905884e-8
570 2.3737853203905884e-8
571 2.3737853203905884e-8
572 2.3737853203905884e-8
573 2.3737853203905884e-8
574 2.3737853203905884e-8
575 2.3737853203905884e-8
576 2.3737853203905884e-8
577 2.3737853203905884e-8
578 2.3737853203905884e-8
579 2.3737853203905884e-8
580 2.3737853203905884e-8
581 2.3737853203905884e-8
582 2.3737853203905884e-8
583 2.3737853203905884e-8
584 2.3737853203905884e-8
585 2.3737853203905884e-8
586 2.3737853203905884e-8
587 2.4096741037945912e-8
588 2.4096741037945912e-8
589 2.4096741037945912e-8
590 2.4096741037945912e-8
591 2.4096741037945912e-8
592 2.4096741037945912e-8
593 2.4096741037945912e-8
594 2.4096741037945912e-8
595 2.4096741037945912e-8
596 2.4096741037945912e-8
597 2.4096741037945912e-8
598 2.4096741037945912e-8
599 2.4096741037945912e-8
600 2.4096741037945912e-8
601 2.4096741037945912e-8
602 2.4096741037945912e-8
603 2.4096741037945912e-8
604 2.4096741037945912e-8
605 2.4096741037945912e-8
606 2.4096741037945912e-8
607 2.4096741037945912e-8
608 2.4096741037945912e-8
609 2.4096741037945912e-8
610 2.4096741037945912e-8
611 2.4096741037945912e-8
612 2.4096741037945912e-8
613 2.4096741037945912e-8
614 2.4096741037945912e-8
615 2.4096741037945912e-8
616 2.4096741037945912e-8
617 2.4096741037945912e-8
618 2.4096741037945912e-8
619 2.4096741037945912e-8
620 2.4096741037945912e-8
621 2.4096741037945912e-8
622 2.4096741037945912e-8
623 2.4096741037945912e-8
624 2.4096741037945912e-8
625 2.4096741037945912e-8
626 2.4096741037945912e-8
627 2.4096741037945912e-8
628 2.4096741037945912e-8
629 2.4096741037945912e-8
630 2.4096741037945912e-8
631 2.4096741037945912e-8
632 2.4096741037945912e-8
633 2.4096741037945912e-8
634 2.4096741037945912e-8
635 2.4096741037945912e-8
636 2.4096741037945912e-8
637 2.4096741037945912e-8
638 2.4096741037945912e-8
639 2.4096741037945912e-8
640 2.4096741037945912e-8
641 2.4096741037945912e-8
642 2.4096741037945912e-8
643 2.4096741037945912e-8
644 2.4096741037945912e-8
645 2.4096741037945912e-8
646 2.4096741037945912e-8
647 2.4096741037945912e-8
648 2.4096741037945912e-8
649 2.4096741037945912e-8
650 2.4096741037945912e-8
651 2.4096741037945912e-8
652 2.455976998622681e-8
653 2.455976998622681e-8
654 2.455976998622681e-8
655 2.455976998622681e-8
656 2.455976998622681e-8
657 2.455976998622681e-8
658 2.455976998622681e-8
659 2.455976998622681e-8
660 2.455976998622681e-8
661 2.478247244000771e-8
662 2.478247244000771e-8
663 2.478247244000771e-8
664 2.478247244000771e-8
665 2.478247244000771e-8
666 2.478247244000771e-8
667 2.478247244000771e-8
668 2.478247244000771e-8
669 2.478247244000771e-8
670 2.478247244000771e-8
671 2.5163791260260517e-8
672 2.5163791260260517e-8
673 2.5163791260260517e-8
674 2.5163791260260517e-8
675 2.5163791260260517e-8
676 2.5622013263047736e-8
677 2.5622013263047736e-8
678 2.5622013263047736e-8
679 2.5622013263047736e-8
680 2.5622013263047736e-8
681 2.5622013263047736e-8
682 2.5622013263047736e-8
683 2.5622013263047736e-8
684 2.5622013263047736e-8
685 2.5622013263047736e-8
686 2.5622013263047736e-8
687 2.5622013263047736e-8
688 2.5622013263047736e-8
689 2.5622013263047736e-8
690 2.5622013263047736e-8
691 2.5622013263047736e-8
692 2.5622013263047736e-8
693 2.5622013263047736e-8
694 2.649519964863411e-8
695 2.649519964863411e-8
696 2.649519964863411e-8
697 2.654486673300771e-8
698 2.654486673300771e-8
699 2.654486673300771e-8
700 2.654486673300771e-8
701 2.654486673300771e-8
702 2.654486673300771e-8
703 2.654486673300771e-8
704 2.654486673300771e-8
705 2.654486673300771e-8
706 2.654486673300771e-8
707 2.654486673300771e-8
708 2.654486673300771e-8
709 2.654486673300771e-8
710 2.654486673300771e-8
711 2.654486673300771e-8
712 2.654486673300771e-8
713 2.654486673300771e-8
714 2.7088004512788607e-8
715 2.7088004512788607e-8
716 2.7551033461069504e-8
717 2.7551033461069504e-8
718 2.7551033461069504e-8
719 2.7551033461069504e-8
720 2.7551033461069504e-8
721 2.7551033461069504e-8
722 2.7551033461069504e-8
723 2.7551033461069504e-8
724 2.7551033461069504e-8
725 2.7551033461069504e-8
726 2.7551033461069504e-8
727 2.8073343384711356e-8
728 2.8073343384711356e-8
729 2.8073343384711356e-8
730 2.8073343384711356e-8
731 2.8073343384711356e-8
732 2.8073343384711356e-8
733 2.8073343384711356e-8
734 2.868697732736866e-8
735 2.868697732736866e-8
736 2.9090725911470483e-8
737 2.9090725911470483e-8
738 2.9090725911470483e-8
739 2.9617842169424136e-8
740 2.9617842169424136e-8
741 2.9617842169424136e-8
742 2.9617842169424136e-8
743 2.9617842169424136e-8
744 2.9617842169424136e-8
745 2.9617842169424136e-8
746 2.9617842169424136e-8
747 3.038368240298593e-8
748 3.038368240298593e-8
749 3.038368240298593e-8
750 3.038368240298593e-8
751 3.084991638905054e-8
752 3.084991638905054e-8
753 3.084991638905054e-8
754 3.112228592720503e-8
755 3.149399085647048e-8
756 3.149399085647048e-8
757 3.149399085647048e-8
758 3.149399085647048e-8
759 3.149399085647048e-8
760 3.149399085647048e-8
761 3.149399085647048e-8
762 3.149399085647048e-8
763 3.149399085647048e-8
764 3.149399085647048e-8
765 3.2186131111735934e-8
766 3.2186131111735934e-8
767 3.2186131111735934e-8
768 3.2186131111735934e-8
769 3.2186131111735934e-8
770 3.2186131111735934e-8
771 3.2186131111735934e-8
772 3.2186131111735934e-8
773 3.2602697402245064e-8
774 3.2602697402245064e-8
775 3.2602697402245064e-8
776 3.2602697402245064e-8
777 3.2602697402245064e-8
778 3.346947432344591e-8
779 3.346947432344591e-8
780 3.346947432344591e-8
781 3.346947432344591e-8
782 3.346947432344591e-8
783 3.346947432344591e-8
784 3.346947432344591e-8
785 3.346947432344591e-8
786 3.346947432344591e-8
787 3.389084694826684e-8
788 3.389084694826684e-8
789 3.389084694826684e-8
790 3.389084694826684e-8
791 3.389084694826684e-8
792 3.389084694826684e-8
793 3.389084694826684e-8
794 3.389084694826684e-8
795 3.389084694826684e-8
796 3.389084694826684e-8
797 3.389084694826684e-8
798 3.389084694826684e-8
799 3.389084694826684e-8
800 3.389084694826684e-8
801 3.389084694826684e-8
802 3.389084694826684e-8
803 3.389084694826684e-8
804 3.389084694826684e-8
805 3.389084694826684e-8
806 3.389084694826684e-8
807 3.389084694826684e-8
808 3.389084694826684e-8
809 3.389084694826684e-8
810 3.389084694826684e-8
811 3.389084694826684e-8
812 3.389084694826684e-8
813 3.389084694826684e-8
814 3.389084694826684e-8
815 3.389084694826684e-8
816 3.389084694826684e-8
817 3.389084694826684e-8
818 3.389084694826684e-8
819 3.389084694826684e-8
820 3.389084694826684e-8
821 3.389084694826684e-8
822 3.389084694826684e-8
823 3.389084694826684e-8
824 3.389084694826684e-8
825 3.389084694826684e-8
826 3.389084694826684e-8
827 3.389084694826684e-8
828 3.389084694826684e-8
829 3.389084694826684e-8
830 3.389084694826684e-8
831 3.389084694826684e-8
832 3.389084694826684e-8
833 3.389084694826684e-8
834 3.389084694826684e-8
835 3.389084694826684e-8
836 3.389084694826684e-8
837 3.389084694826684e-8
838 3.389084694826684e-8
839 3.389084694826684e-8
840 3.467911816804142e-8
841 3.467911816804142e-8
842 3.467911816804142e-8
843 3.467911816804142e-8
844 3.467911816804142e-8
845 3.467911816804142e-8
846 3.467911816804142e-8
847 3.467911816804142e-8
848 3.506203828482232e-8
849 3.506203828482232e-8
850 3.506203828482232e-8
851 3.506203828482232e-8
852 3.506203828482232e-8
853 3.549302357826684e-8
854 3.549302357826684e-8
855 3.549302357826684e-8
856 3.549302357826684e-8
857 3.549302357826684e-8
858 3.576058678210954e-8
859 3.576058678210954e-8
860 3.576058678210954e-8
861 3.576058678210954e-8
862 3.576058678210954e-8
863 3.576058678210954e-8
864 3.576058678210954e-8
865 3.576058678210954e-8
866 3.577821082282864e-8
867 3.577821082282864e-8
868 3.577821082282864e-8
869 3.577821082282864e-8
870 3.577821082282864e-8
871 3.60329575426278e-8
872 3.60329575426278e-8
873 3.60329575426278e-8
874 3.6411071325096903e-8
875 3.6411071325096903e-8
876 3.714166408840238e-8
877 3.714166408840238e-8
878 3.714166408840238e-8
879 3.7447679800285105e-8
880 3.7447679800285105e-8
881 3.7447679800285105e-8
882 3.7447679800285105e-8
883 3.7447679800285105e-8
884 3.7447679800285105e-8
885 3.7447679800285105e-8
886 3.7447679800285105e-8
887 3.7447679800285105e-8
888 3.7447679800285105e-8
889 3.7447679800285105e-8
890 3.7447679800285105e-8
891 3.7447679800285105e-8
892 3.7447679800285105e-8
893 3.7447679800285105e-8
894 3.7447679800285105e-8
895 3.7447679800285105e-8
896 3.7447679800285105e-8
897 3.7447679800285105e-8
898 3.7447679800285105e-8
899 3.7447679800285105e-8
900 3.7447679800285105e-8
901 3.7447679800285105e-8
902 3.7447679800285105e-8
903 3.7447679800285105e-8
904 3.7447679800285105e-8
905 3.7447679800285105e-8
906 3.819910041972963e-8
907 3.819910041972963e-8
908 3.819910041972963e-8
909 3.819910041972963e-8
910 3.819910041972963e-8
911 3.9431174028174156e-8
912 3.9745200500970503e-8
913 3.9745200500970503e-8
914 3.9745200500970503e-8
915 3.9745200500970503e-8
916 3.9745200500970503e-8
917 3.9745200500970503e-8
918 3.9745200500970503e-8
919 3.9745200500970503e-8
920 3.9745200500970503e-8
921 3.9745200500970503e-8
922 3.9745200500970503e-8
923 3.9745200500970503e-8
924 3.9745200500970503e-8
925 3.9745200500970503e-8
926 3.9745200500970503e-8
927 3.9745200500970503e-8
928 3.9745200500970503e-8
929 3.9745200500970503e-8
930 3.9745200500970503e-8
931 3.9745200500970503e-8
932 3.9745200500970503e-8
933 3.9745200500970503e-8
934 3.9745200500970503e-8
935 3.9745200500970503e-8
936 3.9745200500970503e-8
937 3.9745200500970503e-8
938 4.006403330807865e-8
939 4.006403330807865e-8
940 4.006403330807865e-8
941 4.0403695804871486e-8
942 4.0403695804871486e-8
943 4.0403695804871486e-8
944 4.0403695804871486e-8
945 4.075296974792416e-8
946 4.075296974792416e-8
947 4.075296974792416e-8
948 4.075296974792416e-8
949 4.075296974792416e-8
950 4.075296974792416e-8
951 4.1496378995273174e-8
952 4.1496378995273174e-8
953 4.1496378995273174e-8
954 4.1496378995273174e-8
955 4.1496378995273174e-8
956 4.1496378995273174e-8
957 4.1496378995273174e-8
958 4.1496378995273174e-8
959 4.1496378995273174e-8
960 4.1496378995273174e-8
961 4.1496378995273174e-8
962 4.1496378995273174e-8
963 4.1496378995273174e-8
964 4.1496378995273174e-8
965 4.1496378995273174e-8
966 4.1496378995273174e-8
967 4.1496378995273174e-8
968 4.1496378995273174e-8
969 4.1496378995273174e-8
970 4.1496378995273174e-8
971 4.1496378995273174e-8
972 4.1496378995273174e-8
973 4.1496378995273174e-8
974 4.20955933238132e-8
975 4.20955933238132e-8
976 4.20955933238132e-8
977 4.20955933238132e-8
978 4.20955933238132e-8
979 4.20955933238132e-8
980 4.20955933238132e-8
981 4.20955933238132e-8
982 4.20955933238132e-8
983 4.20955933238132e-8
984 4.20955933238132e-8
985 4.20955933238132e-8
986 4.20955933238132e-8
987 4.20955933238132e-8
988 4.20955933238132e-8
989 4.20955933238132e-8
990 4.20955933238132e-8
991 4.20955933238132e-8
992 4.20955933238132e-8
993 4.20955933238132e-8
994 4.20955933238132e-8
995 4.20955933238132e-8
996 4.20955933238132e-8
997 4.20955933238132e-8
998 4.20955933238132e-8
999 4.20955933238132e-8
1000 4.20955933238132e-8
1001 4.20955933238132e-8
1002 4.20955933238132e-8
1003 4.2492933665893255e-8
1004 4.2492933665893255e-8
1005 4.2492933665893255e-8
1006 4.2492933665893255e-8
1007 4.2492933665893255e-8
1008 4.2492933665893255e-8
1009 4.2492933665893255e-8
1010 4.2492933665893255e-8
1011 4.2492933665893255e-8
1012 4.2492933665893255e-8
1013 4.2492933665893255e-8
1014 4.2492933665893255e-8
1015 4.2492933665893255e-8
1016 4.2492933665893255e-8
1017 4.2492933665893255e-8
1018 4.2492933665893255e-8
1019 4.2492933665893255e-8
1020 4.2492933665893255e-8
1021 4.2492933665893255e-8
1022 4.2492933665893255e-8
1023 4.2492933665893255e-8
1024 4.2492933665893255e-8
1025 4.2492933665893255e-8
1026 4.2492933665893255e-8
1027 4.2492933665893255e-8
1028 4.2492933665893255e-8
1029 4.344622888297963e-8
1030 4.344622888297963e-8
1031 4.344622888297963e-8
1032 4.344622888297963e-8
1033 4.344622888297963e-8
1034 4.344622888297963e-8
1035 4.344622888297963e-8
1036 4.344622888297963e-8
1037 4.344622888297963e-8
1038 4.344622888297963e-8
1039 4.344622888297963e-8
1040 4.344622888297963e-8
1041 4.344622888297963e-8
1042 4.344622888297963e-8
1043 4.344622888297963e-8
1044 4.344622888297963e-8
1045 4.344622888297963e-8
1046 4.344622888297963e-8
1047 4.344622888297963e-8
1048 4.344622888297963e-8
1049 4.344622888297963e-8
1050 4.344622888297963e-8
1051 4.344622888297963e-8
1052 4.344622888297963e-8
1053 4.344622888297963e-8
1054 4.344622888297963e-8
1055 4.344622888297963e-8
1056 4.344622888297963e-8
1057 4.344622888297963e-8
1058 4.344622888297963e-8
1059 4.344622888297963e-8
1060 4.344622888297963e-8
1061 4.344622888297963e-8
1062 4.344622888297963e-8
1063 4.344622888297963e-8
1064 4.344622888297963e-8
1065 4.344622888297963e-8
1066 4.344622888297963e-8
1067 4.344622888297963e-8
1068 4.344622888297963e-8
1069 4.344622888297963e-8
1070 4.344622888297963e-8
1071 4.344622888297963e-8
1072 4.344622888297963e-8
1073 4.424090895595786e-8
1074 4.424090895595786e-8
1075 4.424090895595786e-8
1076 4.424090895595786e-8
1077 4.424090895595786e-8
1078 4.424090895595786e-8
1079 4.457576389607514e-8
1080 4.457576389607514e-8
1081 4.457576389607514e-8
1082 4.457576389607514e-8
1083 4.457576389607514e-8
1084 4.457576389607514e-8
1085 4.457576389607514e-8
1086 4.457576389607514e-8
1087 4.457576389607514e-8
1088 4.528232376545786e-8
1089 4.528232376545786e-8
1090 4.528232376545786e-8
1091 4.528232376545786e-8
1092 4.528232376545786e-8
1093 4.528232376545786e-8
1094 4.528232376545786e-8
1095 4.528232376545786e-8
1096 4.528232376545786e-8
1097 4.528232376545786e-8
1098 4.528232376545786e-8
1099 4.528232376545786e-8
1100 4.634616956117064e-8
1101 4.634616956117064e-8
1102 4.6464730289528785e-8
1103 4.6464730289528785e-8
1104 4.6464730289528785e-8
1105 4.6464730289528785e-8
1106 4.687008078134058e-8
1107 4.687008078134058e-8
1108 4.687008078134058e-8
1109 4.687008078134058e-8
1110 4.687008078134058e-8
1111 4.687008078134058e-8
1112 4.687008078134058e-8
1113 4.687008078134058e-8
1114 4.687008078134058e-8
1115 4.687008078134058e-8
1116 4.687008078134058e-8
1117 4.687008078134058e-8
1118 4.687008078134058e-8
1119 4.687008078134058e-8
1120 4.687008078134058e-8
1121 4.687008078134058e-8
1122 4.687008078134058e-8
1123 4.687008078134058e-8
1124 4.687008078134058e-8
1125 4.687008078134058e-8
1126 4.687008078134058e-8
1127 4.687008078134058e-8
1128 4.687008078134058e-8
1129 4.687008078134058e-8
1130 4.687008078134058e-8
1131 4.687008078134058e-8
1132 4.687008078134058e-8
1133 4.687008078134058e-8
1134 4.687008078134058e-8
1135 4.733310972962148e-8
1136 4.733310972962148e-8
1137 4.733310972962148e-8
1138 4.733310972962148e-8
1139 4.733310972962148e-8
1140 4.733310972962148e-8
1141 4.733310972962148e-8
1142 4.733310972962148e-8
1143 4.733310972962148e-8
1144 4.733310972962148e-8
1145 4.733310972962148e-8
1146 4.733310972962148e-8
1147 4.733310972962148e-8
1148 4.733310972962148e-8
1149 4.733310972962148e-8
1150 4.733310972962148e-8
1151 4.733310972962148e-8
1152 4.733310972962148e-8
1153 4.733310972962148e-8
1154 4.733310972962148e-8
1155 4.773044946051965e-8
1156 4.773044946051965e-8
1157 4.773044946051965e-8
1158 4.773044946051965e-8
1159 4.773044946051965e-8
1160 4.773044946051965e-8
1161 4.773044946051965e-8
1162 4.773044946051965e-8
1163 4.773044946051965e-8
1164 4.773044946051965e-8
1165 4.773044946051965e-8
1166 4.773044946051965e-8
1167 4.773044946051965e-8
1168 4.773044946051965e-8
1169 4.773044946051965e-8
1170 4.773044946051965e-8
1171 4.773044946051965e-8
1172 4.773044946051965e-8
1173 4.773044946051965e-8
1174 4.773044946051965e-8
1175 4.773044946051965e-8
1176 4.773044946051965e-8
1177 4.773044946051965e-8
1178 4.773044946051965e-8
1179 4.773044946051965e-8
1180 4.773044946051965e-8
1181 4.773044946051965e-8
1182 4.773044946051965e-8
1183 4.773044946051965e-8
1184 4.773044946051965e-8
1185 4.773044946051965e-8
1186 4.773044946051965e-8
1187 4.773044946051965e-8
1188 4.773044946051965e-8
1189 4.773044946051965e-8
1190 4.773044946051965e-8
1191 4.773044946051965e-8
1192 4.773044946051965e-8
1193 4.773044946051965e-8
1194 4.773044946051965e-8
1195 4.773044946051965e-8
1196 4.7996410756652375e-8
1197 4.7996410756652375e-8
1198 4.7996410756652375e-8
1199 4.7996410756652375e-8
1200 4.7996410756652375e-8
1201 4.7996410756652375e-8
1202 4.7996410756652375e-8
1203 4.7996410756652375e-8
1204 4.7996410756652375e-8
1205 4.7996410756652375e-8
1206 4.7996410756652375e-8
1207 4.7996410756652375e-8
1208 4.808453096024788e-8
1209 4.808453096024788e-8
1210 4.808453096024788e-8
1211 4.808453096024788e-8
1212 4.892887811759971e-8
1213 4.892887811759971e-8
1214 4.892887811759971e-8
1215 4.892887811759971e-8
1216 4.892887811759971e-8
1217 4.892887811759971e-8
1218 4.892887811759971e-8
1219 4.892887811759971e-8
1220 4.892887811759971e-8
1221 4.892887811759971e-8
1222 4.892887811759971e-8
1223 4.892887811759971e-8
1224 4.892887811759971e-8
1225 4.892887811759971e-8
1226 4.892887811759971e-8
1227 4.892887811759971e-8
1228 4.892887811759971e-8
1229 4.892887811759971e-8
1230 4.892887811759971e-8
1231 4.892887811759971e-8
1232 4.927975457954423e-8
1233 4.927975457954423e-8
1234 5.002316443807513e-8
1235 5.002316443807513e-8
1236 5.067204646217063e-8
1237 5.067204646217063e-8
1238 5.067204646217063e-8
1239 5.067204646217063e-8
1240 5.067204646217063e-8
1241 5.067204646217063e-8
1242 5.067204646217063e-8
1243 5.067204646217063e-8
1244 5.067204646217063e-8
1245 5.067204646217063e-8
1246 5.067204646217063e-8
1247 5.067204646217063e-8
1248 5.067204646217063e-8
1249 5.067204646217063e-8
1250 5.067204646217063e-8
1251 5.067204646217063e-8
1252 5.067204646217063e-8
1253 5.067204646217063e-8
1254 5.067204646217063e-8
1255 5.067204646217063e-8
1256 5.067204646217063e-8
1257 5.067204646217063e-8
1258 5.067204646217063e-8
1259 5.067204646217063e-8
1260 5.067204646217063e-8
1261 5.067204646217063e-8
1262 5.067204646217063e-8
1263 5.067204646217063e-8
1264 5.067204646217063e-8
1265 5.067204646217063e-8
1266 5.067204646217063e-8
1267 5.067204646217063e-8
1268 5.067204646217063e-8
1269 5.067204646217063e-8
1270 5.067204646217063e-8
1271 5.067204646217063e-8
1272 5.067204646217063e-8
1273 5.067204646217063e-8
1274 5.199704660852246e-8
1275 5.199704660852246e-8
1276 5.199704660852246e-8
1277 5.199704660852246e-8
1278 5.199704660852246e-8
1279 5.199704660852246e-8
1280 5.199704660852246e-8
1281 5.199704660852246e-8
1282 5.199704660852246e-8
1283 5.199704660852246e-8
1284 5.199704660852246e-8
1285 5.199704660852246e-8
1286 5.199704660852246e-8
1287 5.199704660852246e-8
1288 5.199704660852246e-8
1289 5.199704660852246e-8
1290 5.199704660852246e-8
1291 5.199704660852246e-8
1292 5.199704660852246e-8
1293 5.199704660852246e-8
1294 5.199704660852246e-8
1295 5.199704660852246e-8
1296 5.199704660852246e-8
1297 5.199704660852246e-8
1298 5.199704660852246e-8
1299 5.199704660852246e-8
1300 5.199704660852246e-8
1301 5.199704660852246e-8
1302 5.199704660852246e-8
1303 5.199704660852246e-8
1304 5.199704660852246e-8
1305 5.199704660852246e-8
1306 5.199704660852246e-8
1307 5.2597862844772456e-8
1308 5.2597862844772456e-8
1309 5.2597862844772456e-8
1310 5.2597862844772456e-8
1311 5.2597862844772456e-8
1312 5.2597862844772456e-8
1313 5.2597862844772456e-8
1314 5.2597862844772456e-8
1315 5.2597862844772456e-8
1316 5.2597862844772456e-8
1317 5.2597862844772456e-8
1318 5.2597862844772456e-8
1319 5.2597862844772456e-8
1320 5.2597862844772456e-8
1321 5.2597862844772456e-8
1322 5.2597862844772456e-8
1323 5.2597862844772456e-8
1324 5.2597862844772456e-8
1325 5.2597862844772456e-8
1326 5.2597862844772456e-8
1327 5.2597862844772456e-8
1328 5.2597862844772456e-8
1329 5.2597862844772456e-8
1330 5.2597862844772456e-8
1331 5.2597862844772456e-8
1332 5.2597862844772456e-8
1333 5.2597862844772456e-8
1334 5.2597862844772456e-8
1335 5.312017215723243e-8
1336 5.312017215723243e-8
1337 5.312017215723243e-8
1338 5.312017215723243e-8
1339 5.312017215723243e-8
1340 5.312017215723243e-8
1341 5.312017215723243e-8
1342 5.312017215723243e-8
1343 5.312017215723243e-8
1344 5.312017215723243e-8
1345 5.312017215723243e-8
1346 5.312017215723243e-8
1347 5.312017215723243e-8
1348 5.312017215723243e-8
1349 5.312017215723243e-8
1350 5.312017215723243e-8
1351 5.312017215723243e-8
1352 5.312017215723243e-8
1353 5.312017215723243e-8
1354 5.312017215723243e-8
1355 5.312017215723243e-8
1356 5.312017215723243e-8
1357 5.312017215723243e-8
1358 5.300641776318608e-8
1359 5.300641776318608e-8
1360 5.300641776318608e-8
1361 5.441152735221978e-8
1362 5.441152735221978e-8
1363 5.441152735221978e-8
1364 5.441152735221978e-8
1365 5.441152735221978e-8
1366 5.441152735221978e-8
1367 5.441152735221978e-8
1368 5.4922620865982424e-8
1369 5.4922620865982424e-8
1370 5.4922620865982424e-8
1371 5.4922620865982424e-8
1372 5.4922620865982424e-8
1373 5.4922620865982424e-8
1374 5.672346705584057e-8
1375 5.672346705584057e-8
1376 5.672346705584057e-8
1377 5.672346705584057e-8
1378 5.672346705584057e-8
1379 5.672346705584057e-8
1380 5.672346705584057e-8
1381 5.672346705584057e-8
1382 5.672346705584057e-8
1383 5.672346705584057e-8
1384 5.672346705584057e-8
1385 5.672346705584057e-8
1386 5.672346705584057e-8
1387 5.6942965083019646e-8
1388 5.6942965083019646e-8
1389 5.6942965083019646e-8
1390 5.6942965083019646e-8
1391 5.6942965083019646e-8
1392 5.6942965083019646e-8
1393 5.6942965083019646e-8
1394 5.6942965083019646e-8
1395 5.6942965083019646e-8
1396 5.6942965083019646e-8
1397 5.6942965083019646e-8
1398 5.6942965083019646e-8
1399 5.6942965083019646e-8
1400 5.6942965083019646e-8
1401 5.6942965083019646e-8
1402 5.6942965083019646e-8
1403 5.6942965083019646e-8
1404 5.6942965083019646e-8
1405 5.6942965083019646e-8
1406 5.7417209218815994e-8
1407 5.7417209218815994e-8
1408 5.7417209218815994e-8
1409 5.7417209218815994e-8
1410 5.7417209218815994e-8
1411 5.7417209218815994e-8
1412 5.7417209218815994e-8
1413 5.7417209218815994e-8
1414 5.7417209218815994e-8
1415 5.7417209218815994e-8
1416 5.7417209218815994e-8
1417 5.7417209218815994e-8
1418 5.7417209218815994e-8
1419 5.7417209218815994e-8
1420 5.804526216440869e-8
1421 5.804526216440869e-8
1422 5.804526216440869e-8
1423 5.804526216440869e-8
1424 5.804526216440869e-8
1425 5.804526216440869e-8
1426 5.804526216440869e-8
1427 5.804526216440869e-8
1428 5.804526216440869e-8
1429 5.804526216440869e-8
1430 5.804526216440869e-8
1431 5.804526216440869e-8
1432 5.804526216440869e-8
1433 5.804526216440869e-8
1434 5.804526216440869e-8
1435 5.804526216440869e-8
1436 5.804526216440869e-8
1437 5.804526216440869e-8
1438 5.804526216440869e-8
1439 5.804526216440869e-8
1440 5.804526216440869e-8
1441 5.804526216440869e-8
1442 5.804526216440869e-8
1443 5.819266273218327e-8
1444 5.819266273218327e-8
1445 5.819266273218327e-8
1446 5.819266273218327e-8
1447 5.819266273218327e-8
1448 5.819266273218327e-8
1449 5.819266273218327e-8
1450 5.819266273218327e-8
1451 5.819266273218327e-8
1452 5.819266273218327e-8
1453 5.819266273218327e-8
1454 5.819266273218327e-8
1455 5.819266273218327e-8
1456 5.819266273218327e-8
1457 5.842497846576964e-8
1458 5.842497846576964e-8
1459 5.842497846576964e-8
1460 5.842497846576964e-8
1461 5.842497846576964e-8
1462 5.842497846576964e-8
1463 5.842497846576964e-8
1464 5.842497846576964e-8
1465 5.842497846576964e-8
1466 5.842497846576964e-8
1467 5.842497846576964e-8
1468 5.842497846576964e-8
1469 5.842497846576964e-8
1470 5.842497846576964e-8
1471 5.842497846576964e-8
1472 5.885275933261234e-8
1473 5.885275933261234e-8
1474 5.885275933261234e-8
1475 5.885275933261234e-8
1476 5.885275933261234e-8
1477 5.885275933261234e-8
1478 5.885275933261234e-8
1479 5.885275933261234e-8
1480 5.885275933261234e-8
1481 5.885275933261234e-8
1482 5.885275933261234e-8
1483 5.885275933261234e-8
1484 5.885275933261234e-8
1485 5.885275933261234e-8
1486 5.885275933261234e-8
1487 5.885275933261234e-8
1488 5.885275933261234e-8
1489 5.885275933261234e-8
1490 5.885275933261234e-8
1491 5.9355842696643235e-8
1492 5.9355842696643235e-8
1493 5.9378273682856014e-8
1494 5.9378273682856014e-8
1495 5.9378273682856014e-8
1496 5.9378273682856014e-8
1497 6.011527468818327e-8
1498 6.011527468818327e-8
1499 6.011527468818327e-8
1500 6.011527468818327e-8
1501 6.011527468818327e-8
1502 6.011527468818327e-8
1503 6.011527468818327e-8
1504 6.011527468818327e-8
1505 6.102691297062779e-8
1506 6.118392559584409e-8
1507 6.118392559584409e-8
1508 6.180877533719872e-8
1509 6.180877533719872e-8
1510 6.180877533719872e-8
1511 6.180877533719872e-8
1512 6.198982085633776e-8
1513 6.198982085633776e-8
1514 6.243682889397329e-8
1515 6.243682889397329e-8
1516 6.243682889397329e-8
1517 6.243682889397329e-8
1518 6.243682889397329e-8
1519 6.243682889397329e-8
1520 6.243682889397329e-8
1521 6.243682889397329e-8
1522 6.294952492662778e-8
1523 6.294952492662778e-8
1524 6.303283818472961e-8
1525 6.303283818472961e-8
1526 6.303283818472961e-8
1527 6.303283818472961e-8
1528 6.303283818472961e-8
1529 6.303283818472961e-8
1530 6.303283818472961e-8
1531 6.303283818472961e-8
1532 6.303283818472961e-8
1533 6.303283818472961e-8
1534 6.303283818472961e-8
1535 6.303283818472961e-8
1536 6.303283818472961e-8
1537 6.368812845084689e-8
1538 6.368812845084689e-8
1539 6.368812845084689e-8
1540 6.368812845084689e-8
1541 6.368812845084689e-8
1542 6.368812845084689e-8
1543 6.368812845084689e-8
1544 6.368812845084689e-8
1545 6.368812845084689e-8
1546 6.368812845084689e-8
1547 6.368812845084689e-8
1548 6.368812845084689e-8
1549 6.368812845084689e-8
1550 6.416557762442694e-8
1551 6.416557762442694e-8
1552 6.416557762442694e-8
1553 6.416557762442694e-8
1554 6.416557762442694e-8
1555 6.416557762442694e-8
1556 6.416557762442694e-8
1557 6.416557762442694e-8
1558 6.416557762442694e-8
1559 6.416557762442694e-8
1560 6.443314143945152e-8
1561 6.443314143945152e-8
1562 6.50211405804761e-8
1563 6.50211405804761e-8
1564 6.50211405804761e-8
1565 6.50211405804761e-8
1566 6.50211405804761e-8
1567 6.50211405804761e-8
1568 6.50211405804761e-8
1569 6.50211405804761e-8
1570 6.50211405804761e-8
1571 6.50211405804761e-8
1572 6.54585341159424e-8
1573 6.54585341159424e-8
1574 6.589112192827877e-8
1575 6.589112192827877e-8
1576 6.589112192827877e-8
1577 6.589112192827877e-8
1578 6.589112192827877e-8
1579 6.589112192827877e-8
1580 6.724976824835882e-8
1581 6.724976824835882e-8
1582 6.724976824835882e-8
1583 6.724976824835882e-8
1584 6.724976824835882e-8
1585 6.724976824835882e-8
1586 6.724976824835882e-8
1587 6.724976824835882e-8
1588 6.724976824835882e-8
1589 6.724976824835882e-8
1590 6.724976824835882e-8
1591 6.724976824835882e-8
1592 6.724976824835882e-8
1593 6.724976824835882e-8
1594 6.724976824835882e-8
1595 6.724976824835882e-8
1596 6.724976824835882e-8
1597 6.724976824835882e-8
1598 6.724976824835882e-8
1599 6.724976824835882e-8
1600 6.724976824835882e-8
1601 6.724976824835882e-8
1602 6.756699914775699e-8
1603 6.756699914775699e-8
1604 6.756699914775699e-8
1605 6.756699914775699e-8
1606 6.756699914775699e-8
1607 6.756699914775699e-8
1608 6.771760353095151e-8
1609 6.771760353095151e-8
1610 6.827355779477595e-8
1611 6.827355779477595e-8
1612 6.827355779477595e-8
1613 6.842736599339042e-8
1614 6.842736599339042e-8
1615 6.842736599339042e-8
1616 6.926850872414042e-8
1617 6.926850872414042e-8
1618 6.926850872414042e-8
1619 6.926850872414042e-8
1620 6.926850872414042e-8
1621 6.926850872414042e-8
1622 6.926850872414042e-8
1623 6.926850872414042e-8
1624 6.926850872414042e-8
1625 6.926850872414042e-8
1626 6.926850872414042e-8
1627 6.926850872414042e-8
1628 6.926850872414042e-8
1629 6.926850872414042e-8
1630 6.926850872414042e-8
1631 6.926850872414042e-8
1632 6.926850872414042e-8
1633 6.926850872414042e-8
1634 6.926850872414042e-8
1635 6.926850872414042e-8
1636 6.926850872414042e-8
1637 6.926850872414042e-8
1638 6.926850872414042e-8
1639 6.926850872414042e-8
1640 6.926850872414042e-8
1641 6.926850872414042e-8
1642 6.926850872414042e-8
1643 6.926850872414042e-8
1644 6.981004520739323e-8
1645 6.981004520739323e-8
1646 6.981004520739323e-8
1647 6.981004520739323e-8
1648 6.981004520739323e-8
1649 6.981004520739323e-8
1650 6.981004520739323e-8
1651 6.981004520739323e-8
1652 6.981004520739323e-8
1653 6.981004520739323e-8
1654 6.981004520739323e-8
1655 7.020738554947329e-8
1656 7.020738554947329e-8
1657 7.020738554947329e-8
1658 7.020738554947329e-8
1659 7.020738554947329e-8
1660 7.020738554947329e-8
1661 7.020738554947329e-8
1662 7.020738554947329e-8
1663 7.082902964186233e-8
1664 7.082902964186233e-8
1665 7.082902964186233e-8
1666 7.082902964186233e-8
1667 7.082902964186233e-8
1668 7.082902964186233e-8
1669 7.082902964186233e-8
1670 7.082902964186233e-8
1671 7.082902964186233e-8
1672 7.082902964186233e-8
1673 7.082902964186233e-8
1674 7.082902964186233e-8
1675 7.115266939446415e-8
1676 7.115266939446415e-8
1677 7.115266939446415e-8
1678 7.115266939446415e-8
1679 7.115266939446415e-8
1680 7.115266939446415e-8
1681 7.115266939446415e-8
1682 7.115266939446415e-8
1683 7.115266939446415e-8
1684 7.115266939446415e-8
1685 7.115266939446415e-8
1686 7.115266939446415e-8
1687 7.115266939446415e-8
1688 7.115266939446415e-8
1689 7.115266939446415e-8
1690 7.115266939446415e-8
1691 7.115266939446415e-8
1692 7.115266939446415e-8
1693 7.115266939446415e-8
1694 7.115266939446415e-8
1695 7.115266939446415e-8
1696 7.115266939446415e-8
1697 7.115266939446415e-8
1698 7.115266939446415e-8
1699 7.115266939446415e-8
1700 7.115266939446415e-8
1701 7.115266939446415e-8
1702 7.115266939446415e-8
1703 7.115266939446415e-8
1704 7.115266939446415e-8
1705 7.115266939446415e-8
1706 7.115266939446415e-8
1707 7.155161042189041e-8
1708 7.155161042189041e-8
1709 7.155161042189041e-8
1710 7.155161042189041e-8
1711 7.155161042189041e-8
1712 7.155161042189041e-8
1713 7.155161042189041e-8
1714 7.155161042189041e-8
1715 7.155161042189041e-8
1716 7.155161042189041e-8
1717 7.155161042189041e-8
1718 7.155161042189041e-8
1719 7.155161042189041e-8
1720 7.155161042189041e-8
1721 7.155161042189041e-8
1722 7.155161042189041e-8
1723 7.155161042189041e-8
1724 7.155161042189041e-8
1725 7.155161042189041e-8
1726 7.231905317434407e-8
1727 7.231905317434407e-8
1728 7.231905317434407e-8
1729 7.231905317434407e-8
1730 7.231905317434407e-8
1731 7.231905317434407e-8
1732 7.231905317434407e-8
1733 7.231905317434407e-8
1734 7.231905317434407e-8
1735 7.274363022576683e-8
1736 7.274363022576683e-8
1737 7.274363022576683e-8
1738 7.274363022576683e-8
1739 7.274363022576683e-8
1740 7.274363022576683e-8
1741 7.274363022576683e-8
1742 7.274363022576683e-8
1743 7.274363022576683e-8
1744 7.274363022576683e-8
1745 7.274363022576683e-8
1746 7.274363022576683e-8
1747 7.274363022576683e-8
1748 7.274363022576683e-8
1749 7.274363022576683e-8
1750 7.274363022576683e-8
1751 7.274363022576683e-8
1752 7.274363022576683e-8
1753 7.274363022576683e-8
1754 7.274363022576683e-8
1755 7.274363022576683e-8
1756 7.274363022576683e-8
1757 7.274363022576683e-8
1758 7.274363022576683e-8
1759 7.274363022576683e-8
1760 7.317942185352314e-8
1761 7.317942185352314e-8
1762 7.317942185352314e-8
1763 7.317942185352314e-8
1764 7.344378063076401e-8
1765 7.344378063076401e-8
1766 7.344378063076401e-8
1767 7.344378063076401e-8
1768 7.344378063076401e-8
1769 7.344378063076401e-8
1770 7.344378063076401e-8
1771 7.396608994322399e-8
1772 7.430895564425489e-8
1773 7.430895564425489e-8
1774 7.449160368228579e-8
1775 7.449160368228579e-8
1776 7.449160368228579e-8
1777 7.449160368228579e-8
1778 7.449160368228579e-8
1779 7.449160368228579e-8
1780 7.449160368228579e-8
1781 7.449160368228579e-8
1782 7.449160368228579e-8
1783 7.449160368228579e-8
1784 7.449160368228579e-8
1785 7.449160368228579e-8
1786 7.449160368228579e-8
1787 7.449160368228579e-8
1788 7.449160368228579e-8
1789 7.449160368228579e-8
1790 7.449160368228579e-8
1791 7.449160368228579e-8
1792 7.449160368228579e-8
1793 7.449160368228579e-8
1794 7.449160368228579e-8
1795 7.449160368228579e-8
1796 7.449160368228579e-8
1797 7.449160368228579e-8
1798 7.449160368228579e-8
1799 7.449160368228579e-8
1800 7.449160368228579e-8
1801 7.449160368228579e-8
1802 7.449160368228579e-8
1803 7.449160368228579e-8
1804 7.449160368228579e-8
1805 7.498507437769309e-8
1806 7.498507437769309e-8
1807 7.594157402138129e-8
1808 7.594157402138129e-8
1809 7.594157402138129e-8
1810 7.594157402138129e-8
1811 7.594157402138129e-8
1812 7.594157402138129e-8
1813 7.594157402138129e-8
1814 7.594157402138129e-8
1815 7.594157402138129e-8
1816 7.594157402138129e-8
1817 7.594157402138129e-8
1818 7.594157402138129e-8
1819 7.594157402138129e-8
1820 7.594157402138129e-8
1821 7.594157402138129e-8
1822 7.594157402138129e-8
1823 7.594157402138129e-8
1824 7.594157402138129e-8
1825 7.594157402138129e-8
1826 7.594157402138129e-8
1827 7.594157402138129e-8
1828 7.594157402138129e-8
1829 7.594157402138129e-8
1830 7.594157402138129e-8
1831 7.594157402138129e-8
1832 7.594157402138129e-8
1833 7.594157402138129e-8
1834 7.594157402138129e-8
1835 7.594157402138129e-8
1836 7.649432508096767e-8
1837 7.649432508096767e-8
1838 7.649432508096767e-8
1839 7.692851480101402e-8
1840 7.692851480101402e-8
1841 7.692851480101402e-8
1842 7.692851480101402e-8
1843 7.692851480101402e-8
1844 7.692851480101402e-8
1845 7.748607280609406e-8
1846 7.748607280609406e-8
1847 7.81173295671067e-8
1848 7.81173295671067e-8
1849 7.81173295671067e-8
1850 7.81173295671067e-8
1851 7.81173295671067e-8
1852 7.81173295671067e-8
1853 7.81173295671067e-8
1854 7.81173295671067e-8
1855 7.81173295671067e-8
1856 7.81173295671067e-8
1857 7.81173295671067e-8
1858 7.81173295671067e-8
1859 7.81173295671067e-8
1860 7.81173295671067e-8
1861 7.81173295671067e-8
1862 7.81173295671067e-8
1863 7.81173295671067e-8
1864 7.81173295671067e-8
1865 7.81173295671067e-8
1866 7.81173295671067e-8
1867 7.81173295671067e-8
1868 7.81173295671067e-8
1869 7.81173295671067e-8
1870 7.81173295671067e-8
1871 7.81173295671067e-8
1872 7.81173295671067e-8
1873 7.81173295671067e-8
1874 7.81173295671067e-8
1875 7.81173295671067e-8
1876 7.81173295671067e-8
1877 7.81173295671067e-8
1878 7.81173295671067e-8
1879 7.81173295671067e-8
1880 7.911548553425488e-8
1881 7.911548553425488e-8
1882 7.911548553425488e-8
1883 7.911548553425488e-8
1884 7.911548553425488e-8
1885 7.911548553425488e-8
1886 7.911548553425488e-8
1887 7.911548553425488e-8
1888 7.911548553425488e-8
1889 7.911548553425488e-8
1890 7.911548553425488e-8
1891 7.911548553425488e-8
1892 7.911548553425488e-8
1893 7.911548553425488e-8
1894 7.911548553425488e-8
1895 7.911548553425488e-8
1896 7.911548553425488e-8
1897 7.911548553425488e-8
1898 7.911548553425488e-8
1899 7.911548553425488e-8
1900 7.911548553425488e-8
1901 7.958492272455754e-8
1902 7.958492272455754e-8
1903 7.958492272455754e-8
1904 7.958492272455754e-8
1905 7.958492272455754e-8
1906 7.958492272455754e-8
1907 7.958492272455754e-8
1908 7.958492272455754e-8
1909 7.958492272455754e-8
1910 7.958492272455754e-8
1911 7.958492272455754e-8
1912 7.958492272455754e-8
1913 7.958492272455754e-8
1914 7.958492272455754e-8
1915 8.011844722453296e-8
1916 8.011844722453296e-8
1917 8.011844722453296e-8
1918 8.011844722453296e-8
1919 8.011844722453296e-8
1920 8.011844722453296e-8
1921 8.011844722453296e-8
1922 8.011844722453296e-8
1923 8.011844722453296e-8
1924 8.078174825156386e-8
1925 8.078174825156386e-8
1926 8.117107722154841e-8
1927 8.117107722154841e-8
1928 8.117107722154841e-8
1929 8.117107722154841e-8
1930 8.117107722154841e-8
1931 8.117107722154841e-8
1932 8.117107722154841e-8
1933 8.117107722154841e-8
1934 8.117107722154841e-8
1935 8.117107722154841e-8
1936 8.117107722154841e-8
1937 8.117107722154841e-8
1938 8.117107722154841e-8
1939 8.117107722154841e-8
1940 8.117107722154841e-8
1941 8.117107722154841e-8
1942 8.117107722154841e-8
1943 8.117107722154841e-8
1944 8.117107722154841e-8
1945 8.117107722154841e-8
1946 8.117107722154841e-8
1947 8.117107722154841e-8
1948 8.117107722154841e-8
1949 8.189045479733843e-8
1950 8.189045479733843e-8
1951 8.189045479733843e-8
1952 8.189045479733843e-8
1953 8.189045479733843e-8
1954 8.23887324382394e-8
1955 8.23887324382394e-8
1956 8.23887324382394e-8
1957 8.23887324382394e-8
1958 8.23887324382394e-8
1959 8.23887324382394e-8
1960 8.23887324382394e-8
1961 8.23887324382394e-8
1962 8.23887324382394e-8
1963 8.23887324382394e-8
1964 8.23887324382394e-8
1965 8.23887324382394e-8
1966 8.23887324382394e-8
1967 8.23887324382394e-8
1968 8.259060642469938e-8
1969 8.259060642469938e-8
1970 8.259060642469938e-8
1971 8.259060642469938e-8
1972 8.259060642469938e-8
1973 8.372014204897677e-8
1974 8.372014204897677e-8
1975 8.372014204897677e-8
1976 8.372014204897677e-8
1977 8.372014204897677e-8
1978 8.372014204897677e-8
1979 8.372014204897677e-8
1980 8.372014204897677e-8
1981 8.372014204897677e-8
1982 8.372014204897677e-8
1983 8.372014204897677e-8
1984 8.372014204897677e-8
1985 8.372014204897677e-8
1986 8.372014204897677e-8
1987 8.372014204897677e-8
1988 8.372014204897677e-8
1989 8.372014204897677e-8
1990 8.372014204897677e-8
1991 8.372014204897677e-8
1992 8.372014204897677e-8
1993 8.372014204897677e-8
1994 8.372014204897677e-8
1995 8.372014204897677e-8
1996 8.372014204897677e-8
1997 8.372014204897677e-8
1998 8.372014204897677e-8
1999 8.372014204897677e-8
2000 8.372014204897677e-8
2001 8.415433238020499e-8
2002 8.415433238020499e-8
2003 8.415433238020499e-8
2004 8.415433238020499e-8
2005 8.415433238020499e-8
2006 8.415433238020499e-8
2007 8.415433238020499e-8
2008 8.415433238020499e-8
2009 8.415433238020499e-8
2010 8.443791771705682e-8
2011 8.443791771705682e-8
2012 8.443791771705682e-8
2013 8.453404929274783e-8
2014 8.453404929274783e-8
2015 8.453404929274783e-8
2016 8.453404929274783e-8
2017 8.453404929274783e-8
2018 8.453404929274783e-8
2019 8.453404929274783e-8
2020 8.453404929274783e-8
2021 8.453404929274783e-8
2022 8.453404929274783e-8
2023 8.453404929274783e-8
2024 8.453404929274783e-8
2025 8.453404929274783e-8
2026 8.453404929274783e-8
2027 8.453404929274783e-8
2028 8.453404929274783e-8
2029 8.453404929274783e-8
2030 8.453404929274783e-8
2031 8.453404929274783e-8
2032 8.453404929274783e-8
2033 8.453404929274783e-8
2034 8.453404929274783e-8
2035 8.453404929274783e-8
2036 8.453404929274783e-8
2037 8.453404929274783e-8
2038 8.453404929274783e-8
2039 8.453404929274783e-8
2040 8.453404929274783e-8
2041 8.453404929274783e-8
2042 8.453404929274783e-8
2043 8.453404929274783e-8
2044 8.453404929274783e-8
2045 8.453404929274783e-8
2046 8.453404929274783e-8
2047 8.453404929274783e-8
2048 8.453404929274783e-8
2049 8.453404929274783e-8
2050 8.453404929274783e-8
2051 8.453404929274783e-8
2052 8.453404929274783e-8
2053 8.453404929274783e-8
2054 8.453404929274783e-8
2055 8.453404929274783e-8
2056 8.453404929274783e-8
2057 8.453404929274783e-8
2058 8.453404929274783e-8
2059 8.453404929274783e-8
2060 8.453404929274783e-8
2061 8.473111633371412e-8
2062 8.473111633371412e-8
2063 8.473111633371412e-8
2064 8.473111633371412e-8
2065 8.473111633371412e-8
2066 8.473111633371412e-8
2067 8.473111633371412e-8
2068 8.473111633371412e-8
2069 8.521497374931595e-8
2070 8.521497374931595e-8
2071 8.57340786351741e-8
2072 8.57340786351741e-8
2073 8.57340786351741e-8
2074 8.57340786351741e-8
2075 8.57340786351741e-8
2076 8.57340786351741e-8
2077 8.57340786351741e-8
2078 8.57340786351741e-8
2079 8.57340786351741e-8
2080 8.57340786351741e-8
2081 8.57340786351741e-8
2082 8.57340786351741e-8
2083 8.57340786351741e-8
2084 8.57340786351741e-8
2085 8.57340786351741e-8
2086 8.613622470038407e-8
2087 8.613622470038407e-8
2088 8.613622470038407e-8
2089 8.613622470038407e-8
2090 8.613622470038407e-8
2091 8.613622470038407e-8
2092 8.613622470038407e-8
2093 8.613622470038407e-8
2094 8.613622470038407e-8
2095 8.613622470038407e-8
2096 8.613622470038407e-8
2097 8.613622470038407e-8
2098 8.613622470038407e-8
2099 8.613622470038407e-8
2100 8.613622470038407e-8
2101 8.613622470038407e-8
2102 8.613622470038407e-8
2103 8.613622470038407e-8
2104 8.613622470038407e-8
2105 8.613622470038407e-8
2106 8.613622470038407e-8
2107 8.613622470038407e-8
2108 8.613622470038407e-8
2109 8.613622470038407e-8
2110 8.613622470038407e-8
2111 8.613622470038407e-8
2112 8.613622470038407e-8
2113 8.613622470038407e-8
2114 8.613622470038407e-8
2115 8.613622470038407e-8
2116 8.613622470038407e-8
2117 8.68203541947359e-8
2118 8.68203541947359e-8
2119 8.68203541947359e-8
2120 8.68203541947359e-8
2121 8.68203541947359e-8
2122 8.68203541947359e-8
2123 8.68203541947359e-8
2124 8.68203541947359e-8
2125 8.68203541947359e-8
2126 8.68203541947359e-8
2127 8.68203541947359e-8
2128 8.729620146060599e-8
2129 8.729620146060599e-8
2130 8.729620146060599e-8
2131 8.755415199582508e-8
2132 8.755415199582508e-8
2133 8.755415199582508e-8
2134 8.755415199582508e-8
2135 8.755415199582508e-8
2136 8.755415199582508e-8
2137 8.755415199582508e-8
2138 8.755415199582508e-8
2139 8.755415199582508e-8
2140 8.755415199582508e-8
2141 8.7759229797705e-8
2142 8.7759229797705e-8
2143 8.7759229797705e-8
2144 8.92508558490786e-8
2145 8.92508558490786e-8
2146 8.92508558490786e-8
2147 8.948958043586862e-8
2148 8.948958043586862e-8
2149 8.948958043586862e-8
2150 8.948958043586862e-8
2151 8.948958043586862e-8
2152 8.948958043586862e-8
2153 8.948958043586862e-8
2154 8.948958043586862e-8
2155 8.948958043586862e-8
2156 8.948958043586862e-8
2157 8.948958043586862e-8
2158 8.948958043586862e-8
2159 8.948958043586862e-8
2160 8.948958043586862e-8
2161 8.948958043586862e-8
2162 8.948958043586862e-8
2163 8.948958043586862e-8
2164 8.948958043586862e-8
2165 8.948958043586862e-8
2166 8.948958043586862e-8
2167 8.948958043586862e-8
2168 8.948958043586862e-8
2169 8.948958043586862e-8
2170 8.948958043586862e-8
2171 8.948958043586862e-8
2172 9.148589298134685e-8
2173 9.148589298134685e-8
2174 9.148589298134685e-8
2175 9.148589298134685e-8
2176 9.148589298134685e-8
2177 9.148589298134685e-8
2178 9.148589298134685e-8
2179 9.148589298134685e-8
2180 9.148589298134685e-8
2181 9.148589298134685e-8
2182 9.148589298134685e-8
2183 9.148589298134685e-8
2184 9.148589298134685e-8
2185 9.148589298134685e-8
2186 9.148589298134685e-8
2187 9.148589298134685e-8
2188 9.148589298134685e-8
2189 9.148589298134685e-8
2190 9.148589298134685e-8
2191 9.148589298134685e-8
2192 9.148589298134685e-8
2193 9.148589298134685e-8
2194 9.148589298134685e-8
2195 9.148589298134685e-8
2196 9.148589298134685e-8
2197 9.148589298134685e-8
2198 9.148589298134685e-8
2199 9.240554324706876e-8
2200 9.240554324706876e-8
2201 9.240554324706876e-8
2202 9.240554324706876e-8
2203 9.240554324706876e-8
2204 9.240554324706876e-8
2205 9.240554324706876e-8
2206 9.240554324706876e-8
2207 9.240554324706876e-8
2208 9.240554324706876e-8
2209 9.240554324706876e-8
2210 9.240554324706876e-8
2211 9.240554324706876e-8
2212 9.240554324706876e-8
2213 9.240554324706876e-8
2214 9.240554324706876e-8
2215 9.240554324706876e-8
2216 9.240554324706876e-8
2217 9.240554324706876e-8
2218 9.240554324706876e-8
2219 9.240554324706876e-8
2220 9.240554324706876e-8
2221 9.240554324706876e-8
2222 9.264426844504066e-8
2223 9.264426844504066e-8
2224 9.264426844504066e-8
2225 9.264426844504066e-8
2226 9.264426844504066e-8
2227 9.264426844504066e-8
2228 9.264426844504066e-8
2229 9.264426844504066e-8
2230 9.264426844504066e-8
2231 9.264426844504066e-8
2232 9.264426844504066e-8
2233 9.264426844504066e-8
2234 9.264426844504066e-8
2235 9.264426844504066e-8
2236 9.264426844504066e-8
2237 9.264426844504066e-8
2238 9.264426844504066e-8
2239 9.264426844504066e-8
2240 9.264426844504066e-8
2241 9.264426844504066e-8
2242 9.264426844504066e-8
2243 9.264426844504066e-8
2244 9.264426844504066e-8
2245 9.264426844504066e-8
2246 9.264426844504066e-8
2247 9.264426844504066e-8
2248 9.264426844504066e-8
2249 9.264426844504066e-8
2250 9.264426844504066e-8
2251 9.264426844504066e-8
2252 9.264426844504066e-8
2253 9.264426844504066e-8
2254 9.264426844504066e-8
2255 9.264426844504066e-8
2256 9.264426844504066e-8
2257 9.264426844504066e-8
2258 9.264426844504066e-8
2259 9.264426844504066e-8
2260 9.264426844504066e-8
2261 9.264426844504066e-8
2262 9.264426844504066e-8
2263 9.264426844504066e-8
2264 9.264426844504066e-8
2265 9.264426844504066e-8
2266 9.264426844504066e-8
2267 9.264426844504066e-8
2268 9.264426844504066e-8
2269 9.264426844504066e-8
2270 9.264426844504066e-8
2271 9.264426844504066e-8
2272 9.264426844504066e-8
2273 9.264426844504066e-8
2274 9.264426844504066e-8
2275 9.294707973032156e-8
2276 9.294707973032156e-8
2277 9.294707973032156e-8
2278 9.294707973032156e-8
2279 9.294707973032156e-8
2280 9.294707973032156e-8
2281 9.294707973032156e-8
2282 9.294707973032156e-8
2283 9.294707973032156e-8
2284 9.294707973032156e-8
2285 9.294707973032156e-8
2286 9.360397190414881e-8
2287 9.360397190414881e-8
2288 9.431533810784334e-8
2289 9.431533810784334e-8
2290 9.431533810784334e-8
2291 9.431533810784334e-8
2292 9.431533810784334e-8
2293 9.431533810784334e-8
2294 9.431533810784334e-8
2295 9.431533810784334e-8
2296 9.431533810784334e-8
2297 9.431533810784334e-8
2298 9.431533810784334e-8
2299 9.431533810784334e-8
2300 9.431533810784334e-8
2301 9.431533810784334e-8
2302 9.431533810784334e-8
2303 9.431533810784334e-8
2304 9.431533810784334e-8
2305 9.431533810784334e-8
2306 9.431533810784334e-8
2307 9.431533810784334e-8
2308 9.431533810784334e-8
2309 9.431533810784334e-8
2310 9.431533810784334e-8
2311 9.431533810784334e-8
2312 9.431533810784334e-8
2313 9.431533810784334e-8
2314 9.431533810784334e-8
2315 9.431533810784334e-8
2316 9.431533810784334e-8
2317 9.431533810784334e-8
2318 9.431533810784334e-8
2319 9.431533810784334e-8
2320 9.431533810784334e-8
2321 9.431533810784334e-8
2322 9.431533810784334e-8
2323 9.431533810784334e-8
2324 9.431533810784334e-8
2325 9.431533810784334e-8
2326 9.431533810784334e-8
2327 9.431533810784334e-8
2328 9.431533810784334e-8
2329 9.431533810784334e-8
2330 9.431533810784334e-8
2331 9.431533810784334e-8
2332 9.431533810784334e-8
2333 9.505073720546061e-8
2334 9.505073720546061e-8
2335 9.505073720546061e-8
2336 9.505073720546061e-8
2337 9.505073720546061e-8
2338 9.505073720546061e-8
2339 9.505073720546061e-8
2340 9.505073720546061e-8
2341 9.505073720546061e-8
2342 9.505073720546061e-8
2343 9.505073720546061e-8
2344 9.505073720546061e-8
2345 9.505073720546061e-8
2346 9.505073720546061e-8
2347 9.505073720546061e-8
2348 9.505073720546061e-8
2349 9.505073720546061e-8
2350 9.505073720546061e-8
2351 9.505073720546061e-8
2352 9.598160265869797e-8
2353 9.598160265869797e-8
2354 9.598160265869797e-8
2355 9.598160265869797e-8
2356 9.598160265869797e-8
2357 9.598160265869797e-8
2358 9.598160265869797e-8
2359 9.598160265869797e-8
2360 9.598160265869797e-8
2361 9.598160265869797e-8
2362 9.598160265869797e-8
2363 9.598160265869797e-8
2364 9.598160265869797e-8
2365 9.598160265869797e-8
2366 9.598160265869797e-8
2367 9.598160265869797e-8
2368 9.598160265869797e-8
2369 9.598160265869797e-8
2370 9.617226206882437e-8
2371 9.617226206882437e-8
2372 9.617226206882437e-8
2373 9.617226206882437e-8
2374 9.617226206882437e-8
2375 9.617226206882437e-8
2376 9.617226206882437e-8
2377 9.617226206882437e-8
2378 9.677948654709614e-8
2379 9.677948654709614e-8
2380 9.725212877518252e-8
2381 9.725212877518252e-8
2382 9.725212877518252e-8
2383 9.725212877518252e-8
2384 9.725212877518252e-8
2385 9.725212877518252e-8
2386 9.725212877518252e-8
2387 9.729698952524432e-8
2388 9.729698952524432e-8
2389 9.729698952524432e-8
2390 9.729698952524432e-8
2391 9.729698952524432e-8
2392 9.729698952524432e-8
2393 9.729698952524432e-8
2394 9.729698952524432e-8
2395 9.729698952524432e-8
2396 9.729698952524432e-8
2397 9.729698952524432e-8
2398 9.729698952524432e-8
2399 9.729698952524432e-8
2400 9.729698952524432e-8
2401 9.729698952524432e-8
2402 9.729698952524432e-8
2403 9.729698952524432e-8
2404 9.729698952524432e-8
2405 9.795548421796343e-8
2406 9.795548421796343e-8
2407 9.795548421796343e-8
2408 9.795548421796343e-8
2409 9.795548421796343e-8
2410 9.795548421796343e-8
2411 9.795548421796343e-8
2412 9.795548421796343e-8
2413 9.795548421796343e-8
2414 9.795548421796343e-8
2415 9.795548421796343e-8
2416 9.795548421796343e-8
2417 9.795548421796343e-8
2418 9.795548421796343e-8
2419 9.795548421796343e-8
2420 9.795548421796343e-8
2421 9.795548421796343e-8
2422 9.795548421796343e-8
2423 9.795548421796343e-8
2424 9.795548421796343e-8
2425 9.795548421796343e-8
2426 9.795548421796343e-8
2427 9.795548421796343e-8
2428 9.795548421796343e-8
2429 9.795548421796343e-8
2430 9.795548421796343e-8
2431 9.795548421796343e-8
2432 9.795548421796343e-8
2433 9.795548421796343e-8
2434 9.795548421796343e-8
2435 9.795548421796343e-8
2436 9.795548421796343e-8
2437 9.795548421796343e-8
2438 9.795548421796343e-8
2439 9.795548421796343e-8
2440 9.795548421796343e-8
2441 9.795548421796343e-8
2442 9.795548421796343e-8
2443 9.795548421796343e-8
2444 9.795548421796343e-8
2445 9.795548421796343e-8
2446 9.795548421796343e-8
2447 9.795548421796343e-8
2448 9.795548421796343e-8
2449 9.795548421796343e-8
2450 9.795548421796343e-8
2451 9.795548421796343e-8
2452 9.795548421796343e-8
2453 9.795548421796343e-8
2454 9.795548421796343e-8
2455 9.795548421796343e-8
2456 9.795548421796343e-8
2457 9.795548421796343e-8
2458 9.795548421796343e-8
2459 9.795548421796343e-8
2460 9.795548421796343e-8
2461 9.795548421796343e-8
2462 9.795548421796343e-8
2463 9.795548421796343e-8
2464 9.795548421796343e-8
2465 9.795548421796343e-8
2466 9.795548421796343e-8
2467 9.795548421796343e-8
2468 9.795548421796343e-8
2469 9.844094354127522e-8
2470 9.844094354127522e-8
2471 9.844094354127522e-8
2472 9.844094354127522e-8
2473 9.844094354127522e-8
2474 9.844094354127522e-8
2475 9.844094354127522e-8
2476 9.844094354127522e-8
2477 9.844094354127522e-8
2478 9.844094354127522e-8
2479 9.844094354127522e-8
2480 9.844094354127522e-8
2481 9.906739457915795e-8
2482 9.906739457915795e-8
2483 9.919877240274152e-8
2484 9.919877240274152e-8
2485 9.919877240274152e-8
2486 9.919877240274152e-8
2487 9.919877240274152e-8
2488 9.919877240274152e-8
2489 9.919877240274152e-8
2490 9.919877240274152e-8
2491 9.919877240274152e-8
2492 9.919877240274152e-8
2493 9.919877240274152e-8
2494 9.919877240274152e-8
2495 9.954003619606244e-8
2496 9.954003619606244e-8
2497 9.954003619606244e-8
2498 9.954003619606244e-8
2499 9.954003619606244e-8
2500 9.954003619606244e-8
2501 9.954003619606244e-8
2502 9.954003619606244e-8
2503 9.954003619606244e-8
2504 9.954003619606244e-8
2505 9.954003619606244e-8
2506 9.954003619606244e-8
2507 9.954003619606244e-8
2508 9.954003619606244e-8
2509 9.954003619606244e-8
2510 9.954003619606244e-8
2511 9.954003619606244e-8
2512 9.954003619606244e-8
2513 9.99550005788616e-8
2514 9.99550005788616e-8
2515 9.99550005788616e-8
2516 9.99550005788616e-8
2517 9.99550005788616e-8
2518 9.99550005788616e-8
2519 9.99550005788616e-8
2520 1.0065995792935247e-7
2521 1.0065995792935247e-7
2522 1.0065995792935247e-7
2523 1.0065995792935247e-7
2524 1.0065995792935247e-7
2525 1.0065995792935247e-7
2526 1.0065995792935247e-7
2527 1.0065995792935247e-7
2528 1.0065995792935247e-7
2529 1.0110055650260247e-7
2530 1.0110055650260247e-7
2531 1.0110055650260247e-7
2532 1.0110055650260247e-7
2533 1.0110055650260247e-7
2534 1.0110055650260247e-7
2535 1.0110055650260247e-7
2536 1.0110055650260247e-7
2537 1.0110055650260247e-7
2538 1.0110055650260247e-7
2539 1.0110055650260247e-7
2540 1.0110055650260247e-7
2541 1.0162767276055613e-7
2542 1.0162767276055613e-7
2543 1.0162767276055613e-7
2544 1.0162767276055613e-7
2545 1.0162767276055613e-7
2546 1.0162767276055613e-7
2547 1.0162767276055613e-7
2548 1.0162767276055613e-7
2549 1.0162767276055613e-7
2550 1.0162767276055613e-7
2551 1.0162767276055613e-7
2552 1.0162767276055613e-7
2553 1.0162767276055613e-7
2554 1.0195291442086793e-7
2555 1.0195291442086793e-7
2556 1.0195291442086793e-7
2557 1.0195291442086793e-7
2558 1.0195291442086793e-7
2559 1.0195291442086793e-7
2560 1.0195291442086793e-7
2561 1.0195291442086793e-7
2562 1.02613011021297e-7
2563 1.02613011021297e-7
2564 1.02613011021297e-7
2565 1.02613011021297e-7
2566 1.0306642668977241e-7
2567 1.0326990380630612e-7
2568 1.0326990380630612e-7
2569 1.0326990380630612e-7
2570 1.0326990380630612e-7
2571 1.0326990380630612e-7
2572 1.0326990380630612e-7
2573 1.0326990380630612e-7
2574 1.0326990380630612e-7
2575 1.0326990380630612e-7
2576 1.0326990380630612e-7
2577 1.0326990380630612e-7
2578 1.0326990380630612e-7
2579 1.0326990380630612e-7
2580 1.0326990380630612e-7
2581 1.0326990380630612e-7
2582 1.0326990380630612e-7
2583 1.0326990380630612e-7
2584 1.0326990380630612e-7
2585 1.0326990380630612e-7
2586 1.0326990380630612e-7
2587 1.0326990380630612e-7
2588 1.0326990380630612e-7
2589 1.0326990380630612e-7
2590 1.0326990380630612e-7
2591 1.0373934099660879e-7
2592 1.0373934099660879e-7
2593 1.0373934099660879e-7
2594 1.0373934099660879e-7
2595 1.0373934099660879e-7
2596 1.0373934099660879e-7
2597 1.0373934099660879e-7
2598 1.0411264783358421e-7
2599 1.0411264783358421e-7
2600 1.0411264783358421e-7
2601 1.0440424393134966e-7
2602 1.0440424393134966e-7
2603 1.0440424393134966e-7
2604 1.047983798468279e-7
2605 1.047983798468279e-7
2606 1.047983798468279e-7
2607 1.047983798468279e-7
2608 1.047983798468279e-7
2609 1.047983798468279e-7
2610 1.0521334361844518e-7
2611 1.0521334361844518e-7
2612 1.0521334361844518e-7
2613 1.0521334361844518e-7
2614 1.0521334361844518e-7
2615 1.0557062893359335e-7
2616 1.0557062893359335e-7
2617 1.0557062893359335e-7
2618 1.0557062893359335e-7
2619 1.0557062893359335e-7
2620 1.0557062893359335e-7
2621 1.0557062893359335e-7
2622 1.0557062893359335e-7
2623 1.0557062893359335e-7
2624 1.059871946129206e-7
2625 1.059871946129206e-7
2626 1.059871946129206e-7
2627 1.059871946129206e-7
2628 1.059871946129206e-7
2629 1.059871946129206e-7
2630 1.059871946129206e-7
2631 1.059871946129206e-7
2632 1.059871946129206e-7
2633 1.059871946129206e-7
2634 1.059871946129206e-7
2635 1.059871946129206e-7
2636 1.059871946129206e-7
2637 1.059871946129206e-7
2638 1.061570249445442e-7
2639 1.061570249445442e-7
2640 1.061570249445442e-7
2641 1.061570249445442e-7
2642 1.061570249445442e-7
2643 1.061570249445442e-7
2644 1.061570249445442e-7
2645 1.061570249445442e-7
2646 1.061570249445442e-7
2647 1.061570249445442e-7
2648 1.061570249445442e-7
2649 1.061570249445442e-7
2650 1.061570249445442e-7
2651 1.061570249445442e-7
2652 1.061570249445442e-7
2653 1.061570249445442e-7
2654 1.061570249445442e-7
2655 1.061570249445442e-7
2656 1.061570249445442e-7
2657 1.061570249445442e-7
2658 1.061570249445442e-7
2659 1.061570249445442e-7
2660 1.061570249445442e-7
2661 1.061570249445442e-7
2662 1.061570249445442e-7
2663 1.061570249445442e-7
2664 1.061570249445442e-7
2665 1.061570249445442e-7
2666 1.061570249445442e-7
2667 1.061570249445442e-7
2668 1.061570249445442e-7
2669 1.061570249445442e-7
2670 1.061570249445442e-7
2671 1.061570249445442e-7
2672 1.061570249445442e-7
2673 1.061570249445442e-7
2674 1.061570249445442e-7
2675 1.061570249445442e-7
2676 1.061570249445442e-7
2677 1.061570249445442e-7
2678 1.061570249445442e-7
2679 1.061570249445442e-7
2680 1.061570249445442e-7
2681 1.061570249445442e-7
2682 1.061570249445442e-7
2683 1.061570249445442e-7
2684 1.061570249445442e-7
2685 1.061570249445442e-7
2686 1.065271273549178e-7
2687 1.065271273549178e-7
2688 1.065271273549178e-7
2689 1.065271273549178e-7
2690 1.065271273549178e-7
2691 1.065271273549178e-7
2692 1.065271273549178e-7
2693 1.065271273549178e-7
2694 1.065271273549178e-7
2695 1.065271273549178e-7
2696 1.065271273549178e-7
2697 1.065271273549178e-7
2698 1.065271273549178e-7
2699 1.065271273549178e-7
2700 1.065271273549178e-7
2701 1.065271273549178e-7
2702 1.070205980503251e-7
2703 1.070205980503251e-7
2704 1.070205980503251e-7
2705 1.070205980503251e-7
2706 1.070205980503251e-7
2707 1.070205980503251e-7
2708 1.070205980503251e-7
2709 1.070205980503251e-7
2710 1.070205980503251e-7
2711 1.070205980503251e-7
2712 1.070205980503251e-7
2713 1.070205980503251e-7
2714 1.070205980503251e-7
2715 1.070205980503251e-7
2716 1.070205980503251e-7
2717 1.070205980503251e-7
2718 1.070205980503251e-7
2719 1.0796107556100418e-7
2720 1.0796107556100418e-7
2721 1.0796107556100418e-7
2722 1.0796107556100418e-7
2723 1.0796107556100418e-7
2724 1.0796107556100418e-7
2725 1.0796107556100418e-7
2726 1.0796107556100418e-7
2727 1.0831034950405684e-7
2728 1.0895923152815235e-7
2729 1.0895923152815235e-7
2730 1.0895923152815235e-7
2731 1.0895923152815235e-7
2732 1.0895923152815235e-7
2733 1.0941104590009968e-7
2734 1.0941104590009968e-7
2735 1.0941104590009968e-7
2736 1.0941104590009968e-7
2737 1.0941104590009968e-7
2738 1.0941104590009968e-7
2739 1.0941104590009968e-7
2740 1.0996860329399786e-7
2741 1.0996860329399786e-7
2742 1.1054538663632511e-7
2743 1.1054538663632511e-7
2744 1.1054538663632511e-7
2745 1.1054538663632511e-7
2746 1.1054538663632511e-7
2747 1.1054538663632511e-7
2748 1.1104366427722609e-7
2749 1.1165409379328157e-7
2750 1.1165409379328157e-7
2751 1.1165409379328157e-7
2752 1.1185116083424786e-7
2753 1.1185116083424786e-7
2754 1.1185116083424786e-7
2755 1.1185116083424786e-7
2756 1.1185116083424786e-7
2757 1.1185116083424786e-7
2758 1.1185116083424786e-7
2759 1.1185116083424786e-7
2760 1.1185116083424786e-7
2761 1.1185116083424786e-7
2762 1.1230778092932511e-7
2763 1.1230778092932511e-7
2764 1.1230778092932511e-7
2765 1.1230778092932511e-7
2766 1.1230778092932511e-7
2767 1.1230778092932511e-7
2768 1.1230778092932511e-7
2769 1.1259937641590868e-7
2770 1.1259937641590868e-7
2771 1.1259937641590868e-7
2772 1.1259937641590868e-7
2773 1.1259937641590868e-7
2774 1.1259937641590868e-7
2775 1.1259937641590868e-7
2776 1.1259937641590868e-7
2777 1.1259937641590868e-7
2778 1.1259937641590868e-7
2779 1.1259937641590868e-7
2780 1.1259937641590868e-7
2781 1.1259937641590868e-7
2782 1.1259937641590868e-7
2783 1.1259937641590868e-7
2784 1.1259937641590868e-7
2785 1.1259937641590868e-7
2786 1.1259937641590868e-7
2787 1.1259937641590868e-7
2788 1.1259937641590868e-7
2789 1.1259937641590868e-7
2790 1.1259937641590868e-7
2791 1.1259937641590868e-7
2792 1.1259937641590868e-7
2793 1.1259937641590868e-7
2794 1.1259937641590868e-7
2795 1.1259937641590868e-7
2796 1.1259937641590868e-7
2797 1.1259937641590868e-7
2798 1.1259937641590868e-7
2799 1.1259937641590868e-7
2800 1.1259937641590868e-7
2801 1.1259937641590868e-7
2802 1.1259937641590868e-7
2803 1.1259937641590868e-7
2804 1.1259937641590868e-7
2805 1.1259937641590868e-7
2806 1.1259937641590868e-7
2807 1.1259937641590868e-7
2808 1.1259937641590868e-7
2809 1.1259937641590868e-7
2810 1.1353985453776963e-7
2811 1.1353985453776963e-7
2812 1.1353985453776963e-7
2813 1.1353985453776963e-7
2814 1.1426243592897961e-7
2815 1.1426243592897961e-7
2816 1.1426243592897961e-7
2817 1.1426243592897961e-7
2818 1.1426243592897961e-7
2819 1.1426243592897961e-7
2820 1.1426243592897961e-7
2821 1.1426243592897961e-7
2822 1.1426243592897961e-7
2823 1.1426243592897961e-7
2824 1.1426243592897961e-7
2825 1.1426243592897961e-7
2826 1.1440983588557231e-7
2827 1.1440983588557231e-7
2828 1.1440983588557231e-7
2829 1.1440983588557231e-7
2830 1.1440983588557231e-7
2831 1.1440983588557231e-7
2832 1.1440983588557231e-7
2833 1.1440983588557231e-7
2834 1.1440983588557231e-7
2835 1.1440983588557231e-7
2836 1.1440983588557231e-7
2837 1.1440983588557231e-7
2838 1.1440983588557231e-7
2839 1.1440983588557231e-7
2840 1.1440983588557231e-7
2841 1.1440983588557231e-7
2842 1.1494656542333144e-7
2843 1.1494656542333144e-7
2844 1.1494656542333144e-7
2845 1.1494656542333144e-7
2846 1.1494656542333144e-7
2847 1.1494656542333144e-7
2848 1.1494656542333144e-7
2849 1.1494656542333144e-7
2850 1.1494656542333144e-7
2851 1.1494656542333144e-7
2852 1.1494656542333144e-7
2853 1.1494656542333144e-7
2854 1.1494656542333144e-7
2855 1.1494656542333144e-7
2856 1.1577008411336233e-7
2857 1.1577008411336233e-7
2858 1.1577008411336233e-7
2859 1.1577008411336233e-7
2860 1.1577008411336233e-7
2861 1.1577008411336233e-7
2862 1.1577008411336233e-7
2863 1.1577008411336233e-7
2864 1.1577008411336233e-7
2865 1.1577008411336233e-7
2866 1.1603444411296697e-7
2867 1.1603444411296697e-7
2868 1.1603444411296697e-7
2869 1.1603444411296697e-7
2870 1.1603444411296697e-7
2871 1.1603444411296697e-7
2872 1.1603444411296697e-7
2873 1.1603444411296697e-7
2874 1.1603444411296697e-7
2875 1.1603444411296697e-7
2876 1.1603444411296697e-7
2877 1.1603444411296697e-7
2878 1.1603444411296697e-7
2879 1.1603444411296697e-7
2880 1.1615941369452877e-7
2881 1.1615941369452877e-7
2882 1.1615941369452877e-7
2883 1.1658559204247961e-7
2884 1.1658559204247961e-7
2885 1.1658559204247961e-7
2886 1.1679227358561514e-7
2887 1.1679227358561514e-7
2888 1.1679227358561514e-7
2889 1.1679227358561514e-7
2890 1.1679227358561514e-7
2891 1.1679227358561514e-7
2892 1.1679227358561514e-7
2893 1.1679227358561514e-7
2894 1.1679227358561514e-7
2895 1.1695729697174506e-7
2896 1.1695729697174506e-7
2897 1.1695729697174506e-7
2898 1.1695729697174506e-7
2899 1.1695729697174506e-7
2900 1.1695729697174506e-7
2901 1.1695729697174506e-7
2902 1.1695729697174506e-7
2903 1.1695729697174506e-7
2904 1.1695729697174506e-7
2905 1.1695729697174506e-7
2906 1.1695729697174506e-7
2907 1.1695729697174506e-7
2908 1.1737226074336234e-7
2909 1.1737226074336234e-7
2910 1.1737226074336234e-7
2911 1.1737226074336234e-7
2912 1.1737226074336234e-7
2913 1.1737226074336234e-7
2914 1.1737226074336234e-7
2915 1.1737226074336234e-7
2916 1.1737226074336234e-7
2917 1.1737226074336234e-7
2918 1.1737226074336234e-7
2919 1.1777600932746417e-7
2920 1.1777600932746417e-7
2921 1.1777600932746417e-7
2922 1.1777600932746417e-7
2923 1.1777600932746417e-7
2924 1.1777600932746417e-7
2925 1.1777600932746417e-7
2926 1.1777600932746417e-7
2927 1.1777600932746417e-7
2928 1.1777600932746417e-7
2929 1.1777600932746417e-7
2930 1.1777600932746417e-7
2931 1.1777600932746417e-7
2932 1.1777600932746417e-7
2933 1.1777600932746417e-7
2934 1.1777600932746417e-7
2935 1.1777600932746417e-7
2936 1.1777600932746417e-7
2937 1.1777600932746417e-7
2938 1.1777600932746417e-7
2939 1.1777600932746417e-7
2940 1.1777600932746417e-7
2941 1.1782247198523594e-7
2942 1.1782247198523594e-7
2943 1.1782247198523594e-7
2944 1.1782247198523594e-7
2945 1.1782247198523594e-7
2946 1.1782247198523594e-7
2947 1.1782247198523594e-7
2948 1.1782247198523594e-7
2949 1.1782247198523594e-7
2950 1.1782247198523594e-7
2951 1.1782247198523594e-7
2952 1.1782247198523594e-7
2953 1.1782247198523594e-7
2954 1.1782247198523594e-7
2955 1.1782247198523594e-7
2956 1.1782247198523594e-7
2957 1.1787374158850139e-7
2958 1.1787374158850139e-7
2959 1.1787374158850139e-7
2960 1.1787374158850139e-7
2961 1.1814290792241783e-7
2962 1.1814290792241783e-7
2963 1.1814290792241783e-7
2964 1.1814290792241783e-7
2965 1.1814290792241783e-7
2966 1.1814290792241783e-7
2967 1.1814290792241783e-7
2968 1.1814290792241783e-7
2969 1.1814290792241783e-7
2970 1.1814290792241783e-7
2971 1.1814290792241783e-7
2972 1.1814290792241783e-7
2973 1.1814290792241783e-7
2974 1.1814290792241783e-7
2975 1.1814290792241783e-7
2976 1.1814290792241783e-7
2977 1.1814290792241783e-7
2978 1.189279741044087e-7
2979 1.189279741044087e-7
2980 1.189279741044087e-7
2981 1.189279741044087e-7
2982 1.189279741044087e-7
2983 1.189279741044087e-7
2984 1.189279741044087e-7
2985 1.189279741044087e-7
2986 1.189279741044087e-7
2987 1.189279741044087e-7
2988 1.189279741044087e-7
2989 1.189279741044087e-7
2990 1.189279741044087e-7
2991 1.189279741044087e-7
2992 1.189279741044087e-7
2993 1.1941663846550421e-7
2994 1.1941663846550421e-7
2995 1.1941663846550421e-7
2996 1.1941663846550421e-7
2997 1.1941663846550421e-7
2998 1.1941663846550421e-7
2999 1.1941663846550421e-7
3000 1.1941663846550421e-7
3001 1.1941663846550421e-7
3002 1.1941663846550421e-7
3003 1.1941663846550421e-7
3004 1.1941663846550421e-7
3005 1.1941663846550421e-7
3006 1.1941663846550421e-7
3007 1.1941663846550421e-7
3008 1.1941663846550421e-7
3009 1.1941663846550421e-7
3010 1.1941663846550421e-7
3011 1.1941663846550421e-7
3012 1.1941663846550421e-7
3013 1.1941663846550421e-7
3014 1.1941663846550421e-7
3015 1.1941663846550421e-7
3016 1.1941663846550421e-7
3017 1.1941663846550421e-7
3018 1.1941663846550421e-7
3019 1.1941663846550421e-7
3020 1.199645831907788e-7
3021 1.199645831907788e-7
3022 1.199645831907788e-7
3023 1.199645831907788e-7
3024 1.199645831907788e-7
3025 1.199645831907788e-7
3026 1.199645831907788e-7
3027 1.199645831907788e-7
3028 1.205333563833743e-7
3029 1.205333563833743e-7
3030 1.205333563833743e-7
3031 1.205333563833743e-7
3032 1.205333563833743e-7
3033 1.2061987345689605e-7
3034 1.2061987345689605e-7
3035 1.2061987345689605e-7
3036 1.2061987345689605e-7
3037 1.2061987345689605e-7
3038 1.2061987345689605e-7
3039 1.2061987345689605e-7
3040 1.2061987345689605e-7
3041 1.2061987345689605e-7
3042 1.2148504847038693e-7
3043 1.2148504847038693e-7
3044 1.2148504847038693e-7
3045 1.2148504847038693e-7
3046 1.2148504847038693e-7
3047 1.2148504847038693e-7
3048 1.2148504847038693e-7
3049 1.2148504847038693e-7
3050 1.2204420777199508e-7
3051 1.2204420777199508e-7
3052 1.2268988475830688e-7
3053 1.2268988475830688e-7
3054 1.2268988475830688e-7
3055 1.2268988475830688e-7
3056 1.2268988475830688e-7
3057 1.2268988475830688e-7
3058 1.2268988475830688e-7
3059 1.2268988475830688e-7
3060 1.23010319473125e-7
3061 1.23010319473125e-7
3062 1.23010319473125e-7
3063 1.23010319473125e-7
3064 1.23811407788125e-7
3065 1.23811407788125e-7
3066 1.2394438751941854e-7
3067 1.2394438751941854e-7
3068 1.243481354923385e-7
3069 1.245035468210267e-7
3070 1.245035468210267e-7
3071 1.248672409893785e-7
3072 1.248672409893785e-7
3073 1.248672409893785e-7
3074 1.248672409893785e-7
3075 1.248672409893785e-7
3076 1.248672409893785e-7
3077 1.248672409893785e-7
3078 1.248672409893785e-7
3079 1.248672409893785e-7
3080 1.248672409893785e-7
3081 1.248672409893785e-7
3082 1.248672409893785e-7
3083 1.2536551863027948e-7
3084 1.2536551863027948e-7
3085 1.263700834506313e-7
3086 1.263700834506313e-7
3087 1.263700834506313e-7
3088 1.263700834506313e-7
3089 1.263700834506313e-7
3090 1.263700834506313e-7
3091 1.263700834506313e-7
3092 1.263700834506313e-7
3093 1.263700834506313e-7
3094 1.263700834506313e-7
3095 1.263700834506313e-7
3096 1.263700834506313e-7
3097 1.263700834506313e-7
3098 1.2671775609715587e-7
3099 1.2671775609715587e-7
3100 1.2817253277056317e-7
3101 1.2817253277056317e-7
3102 1.2817253277056317e-7
3103 1.2817253277056317e-7
3104 1.2817253277056317e-7
3105 1.2851860350937777e-7
3106 1.2851860350937777e-7
3107 1.2851860350937777e-7
3108 1.290569349548469e-7
3109 1.290569349548469e-7
3110 1.290569349548469e-7
3111 1.295455993159424e-7
3112 1.3033066610911517e-7
3113 1.3033066610911517e-7
3114 1.3033066610911517e-7
3115 1.3033066610911517e-7
3116 1.3033066610911517e-7
3117 1.3033066610911517e-7
3118 1.308994386905288e-7
3119 1.308994386905288e-7
3120 1.308994386905288e-7
3121 1.308994386905288e-7
3122 1.308994386905288e-7
3123 1.308994386905288e-7
3124 1.308994386905288e-7
3125 1.308994386905288e-7
3126 1.308994386905288e-7
3127 1.3110611901130058e-7
3128 1.3110611901130058e-7
3129 1.3110611901130058e-7
3130 1.3110611901130058e-7
3131 1.3110611901130058e-7
3132 1.3110611901130058e-7
3133 1.3110611901130058e-7
3134 1.3110611901130058e-7
3135 1.3110611901130058e-7
3136 1.3110611901130058e-7
3137 1.3110611901130058e-7
3138 1.3110611901130058e-7
3139 1.3110611901130058e-7
3140 1.3110611901130058e-7
3141 1.3110611901130058e-7
3142 1.3110611901130058e-7
3143 1.3110611901130058e-7
3144 1.3110611901130058e-7
3145 1.3110611901130058e-7
3146 1.3110611901130058e-7
3147 1.3110611901130058e-7
3148 1.3110611901130058e-7
3149 1.3110611901130058e-7
3150 1.3110611901130058e-7
3151 1.3110611901130058e-7
3152 1.3110611901130058e-7
3153 1.3110611901130058e-7
3154 1.3110611901130058e-7
3155 1.3110611901130058e-7
3156 1.3110611901130058e-7
3157 1.3110611901130058e-7
3158 1.3130158475573878e-7
3159 1.3130158475573878e-7
3160 1.3130158475573878e-7
3161 1.3130158475573878e-7
3162 1.3130158475573878e-7
3163 1.3130158475573878e-7
3164 1.322933318696833e-7
3165 1.322933318696833e-7
3166 1.322933318696833e-7
3167 1.322933318696833e-7
3168 1.322933318696833e-7
3169 1.322933318696833e-7
3170 1.322933318696833e-7
3171 1.322933318696833e-7
3172 1.322933318696833e-7
3173 1.322933318696833e-7
3174 1.322933318696833e-7
3175 1.322933318696833e-7
3176 1.322933318696833e-7
3177 1.322933318696833e-7
3178 1.322933318696833e-7
3179 1.322933318696833e-7
3180 1.322933318696833e-7
3181 1.322933318696833e-7
3182 1.322933318696833e-7
3183 1.322933318696833e-7
3184 1.322933318696833e-7
3185 1.322933318696833e-7
3186 1.322933318696833e-7
3187 1.322933318696833e-7
3188 1.3246316342367068e-7
3189 1.3246316342367068e-7
3190 1.3246316342367068e-7
3191 1.3246316342367068e-7
3192 1.3246316342367068e-7
3193 1.3274033929613698e-7
3194 1.3274033929613698e-7
3195 1.332065726710197e-7
3196 1.3363114911126058e-7
3197 1.3363114911126058e-7
3198 1.3363114911126058e-7
3199 1.3363114911126058e-7
3200 1.3363114911126058e-7
3201 1.3403169326876058e-7
3202 1.3403169326876058e-7
3203 1.3403169326876058e-7
3204 1.3403169326876058e-7
3205 1.3435693554025426e-7
3206 1.3435693554025426e-7
3207 1.3435693554025426e-7
3208 1.3435693554025426e-7
3209 1.3435693554025426e-7
3210 1.3435693554025426e-7
3211 1.3435693554025426e-7
3212 1.3435693554025426e-7
3213 1.3435693554025426e-7
3214 1.3435693554025426e-7
3215 1.3435693554025426e-7
3216 1.3435693554025426e-7
3217 1.3435693554025426e-7
3218 1.3435693554025426e-7
3219 1.3435693554025426e-7
3220 1.3435693554025426e-7
3221 1.3435693554025426e-7
3222 1.3435693554025426e-7
3223 1.3511796943950425e-7
3224 1.3511796943950425e-7
3225 1.3511796943950425e-7
3226 1.3511796943950425e-7
3227 1.3511796943950425e-7
3228 1.3511796943950425e-7
3229 1.3511796943950425e-7
3230 1.3511796943950425e-7
3231 1.3511796943950425e-7
3232 1.3511796943950425e-7
3233 1.3511796943950425e-7
3234 1.3511796943950425e-7
3235 1.3511796943950425e-7
3236 1.3511796943950425e-7
3237 1.3511796943950425e-7
3238 1.3511796943950425e-7
3239 1.3511796943950425e-7
3240 1.3511796943950425e-7
3241 1.3511796943950425e-7
3242 1.3511796943950425e-7
3243 1.3511796943950425e-7
3244 1.3511796943950425e-7
3245 1.3511796943950425e-7
3246 1.3511796943950425e-7
3247 1.3511796943950425e-7
3248 1.3511796943950425e-7
3249 1.3511796943950425e-7
3250 1.3511796943950425e-7
3251 1.3511796943950425e-7
3252 1.3511796943950425e-7
3253 1.3511796943950425e-7
3254 1.3511796943950425e-7
3255 1.3511796943950425e-7
3256 1.3511796943950425e-7
3257 1.3511796943950425e-7
3258 1.3511796943950425e-7
3259 1.3563226860223248e-7
3260 1.3563226860223248e-7
3261 1.3563226860223248e-7
3262 1.3563226860223248e-7
3263 1.3563226860223248e-7
3264 1.3563226860223248e-7
3265 1.3563226860223248e-7
3266 1.3563226860223248e-7
3267 1.3613054624313346e-7
3268 1.3613054624313346e-7
3269 1.3613054624313346e-7
3270 1.3613054624313346e-7
3271 1.3613054624313346e-7
3272 1.3613054624313346e-7
3273 1.3613054624313346e-7
3274 1.3613054624313346e-7
3275 1.3613054624313346e-7
3276 1.3655191886795438e-7
3277 1.3655191886795438e-7
3278 1.3655191886795438e-7
3279 1.3655191886795438e-7
3280 1.370550022319853e-7
3281 1.370550022319853e-7
3282 1.370550022319853e-7
3283 1.370550022319853e-7
3284 1.3729693124537714e-7
3285 1.3729693124537714e-7
3286 1.3729693124537714e-7
3287 1.3729693124537714e-7
3288 1.3729693124537714e-7
3289 1.3729693124537714e-7
3290 1.3792498480215172e-7
3291 1.3792498480215172e-7
3292 1.3792498480215172e-7
3293 1.3792498480215172e-7
3294 1.3792498480215172e-7
3295 1.3792498480215172e-7
3296 1.3792498480215172e-7
3297 1.3792498480215172e-7
3298 1.3792498480215172e-7
3299 1.3824702142467982e-7
3300 1.3824702142467982e-7
3301 1.3824702142467982e-7
3302 1.3824702142467982e-7
3303 1.3824702142467982e-7
3304 1.3824702142467982e-7
3305 1.3824702142467982e-7
3306 1.3871005037296073e-7
3307 1.3871005037296073e-7
3308 1.3871005037296073e-7
3309 1.3871005037296073e-7
3310 1.3878054653583714e-7
3311 1.3878054653583714e-7
3312 1.3878054653583714e-7
3313 1.3878054653583714e-7
3314 1.3878054653583714e-7
3315 1.3968898039167985e-7
3316 1.3968898039167985e-7
3317 1.3968898039167985e-7
3318 1.3968898039167985e-7
3319 1.4035869088309628e-7
3320 1.4035869088309628e-7
3321 1.4035869088309628e-7
3322 1.4035869088309628e-7
3323 1.4035869088309628e-7
3324 1.4035869088309628e-7
3325 1.4035869088309628e-7
3326 1.4035869088309628e-7
3327 1.407800635079172e-7
3328 1.407800635079172e-7
3329 1.407800635079172e-7
3330 1.407800635079172e-7
3331 1.407800635079172e-7
3332 1.407800635079172e-7
3333 1.407800635079172e-7
3334 1.407800635079172e-7
3335 1.407800635079172e-7
3336 1.407800635079172e-7
3337 1.407800635079172e-7
3338 1.407800635079172e-7
3339 1.407800635079172e-7
3340 1.407800635079172e-7
3341 1.424751666758245e-7
3342 1.424751666758245e-7
3343 1.424751666758245e-7
3344 1.424751666758245e-7
3345 1.424751666758245e-7
3346 1.424751666758245e-7
3347 1.424751666758245e-7
3348 1.424751666758245e-7
3349 1.424751666758245e-7
3350 1.424751666758245e-7
3351 1.424751666758245e-7
3352 1.424751666758245e-7
3353 1.424751666758245e-7
3354 1.424751666758245e-7
3355 1.424751666758245e-7
3356 1.424751666758245e-7
3357 1.424751666758245e-7
3358 1.424751666758245e-7
3359 1.424751666758245e-7
3360 1.424751666758245e-7
3361 1.424751666758245e-7
3362 1.424751666758245e-7
3363 1.424751666758245e-7
3364 1.424751666758245e-7
3365 1.424751666758245e-7
3366 1.424751666758245e-7
3367 1.424751666758245e-7
3368 1.424751666758245e-7
3369 1.424751666758245e-7
3370 1.424751666758245e-7
3371 1.424751666758245e-7
3372 1.4328426575173812e-7
3373 1.4328426575173812e-7
3374 1.4328426575173812e-7
3375 1.4328426575173812e-7
3376 1.4328426575173812e-7
3377 1.4328426575173812e-7
3378 1.4328426575173812e-7
3379 1.4328426575173812e-7
3380 1.4328426575173812e-7
3381 1.4328426575173812e-7
3382 1.4328426575173812e-7
3383 1.4328426575173812e-7
3384 1.4328426575173812e-7
3385 1.4328426575173812e-7
3386 1.4328426575173812e-7
3387 1.4328426575173812e-7
3388 1.4328426575173812e-7
3389 1.4328426575173812e-7
3390 1.4328426575173812e-7
3391 1.4328426575173812e-7
3392 1.4328426575173812e-7
3393 1.4328426575173812e-7
3394 1.4328426575173812e-7
3395 1.4328426575173812e-7
3396 1.4328426575173812e-7
3397 1.4328426575173812e-7
3398 1.4328426575173812e-7
3399 1.4328426575173812e-7
3400 1.4392673892262997e-7
3401 1.4392673892262997e-7
3402 1.4392673892262997e-7
3403 1.4392673892262997e-7
3404 1.4392673892262997e-7
3405 1.4392673892262997e-7
3406 1.4392673892262997e-7
3407 1.4392673892262997e-7
3408 1.4392673892262997e-7
3409 1.4392673892262997e-7
3410 1.4392673892262997e-7
3411 1.4392673892262997e-7
3412 1.4392673892262997e-7
3413 1.4392673892262997e-7
3414 1.4392673892262997e-7
3415 1.4392673892262997e-7
3416 1.4392673892262997e-7
3417 1.4392673892262997e-7
3418 1.4392673892262997e-7
3419 1.4392673892262997e-7
3420 1.4392673892262997e-7
3421 1.4392673892262997e-7
3422 1.4392673892262997e-7
3423 1.4392673892262997e-7
3424 1.4392673892262997e-7
3425 1.4392673892262997e-7
3426 1.4392673892262997e-7
3427 1.4392673892262997e-7
3428 1.4392673892262997e-7
3429 1.4392673892262997e-7
3430 1.4392673892262997e-7
3431 1.4392673892262997e-7
3432 1.4392673892262997e-7
3433 1.4431446598490455e-7
3434 1.4431446598490455e-7
3435 1.4431446598490455e-7
3436 1.4431446598490455e-7
3437 1.4431446598490455e-7
3438 1.4431446598490455e-7
3439 1.4500019738696635e-7
3440 1.4500019738696635e-7
3441 1.4500019738696635e-7
3442 1.4500019738696635e-7
3443 1.4500019738696635e-7
3444 1.4500019738696635e-7
3445 1.4500019738696635e-7
3446 1.4500019738696635e-7
3447 1.4546162442753728e-7
3448 1.4546162442753728e-7
3449 1.4546162442753728e-7
3450 1.4546162442753728e-7
3451 1.4546162442753728e-7
3452 1.4546162442753728e-7
3453 1.4546162442753728e-7
3454 1.4546162442753728e-7
3455 1.4546162442753728e-7
3456 1.4556896996838e-7
3457 1.4556896996838e-7
3458 1.4556896996838e-7
3459 1.4556896996838e-7
3460 1.4556896996838e-7
3461 1.4556896996838e-7
3462 1.4556896996838e-7
3463 1.4556896996838e-7
3464 1.4556896996838e-7
3465 1.4556896996838e-7
3466 1.4576283319392635e-7
3467 1.4576283319392635e-7
3468 1.4576283319392635e-7
3469 1.4576283319392635e-7
3470 1.4576283319392635e-7
3471 1.4576283319392635e-7
3472 1.4576283319392635e-7
3473 1.4576283319392635e-7
3474 1.4576283319392635e-7
3475 1.4576283319392635e-7
3476 1.4612492484338632e-7
3477 1.4612492484338632e-7
3478 1.4635723996579082e-7
3479 1.4635723996579082e-7
3480 1.4635723996579082e-7
3481 1.4635723996579082e-7
3482 1.4635723996579082e-7
3483 1.4635723996579082e-7
3484 1.4635723996579082e-7
3485 1.4635723996579082e-7
3486 1.4635723996579082e-7
3487 1.4635723996579082e-7
3488 1.4635723996579082e-7
3489 1.4635723996579082e-7
3490 1.4635723996579082e-7
3491 1.4635723996579082e-7
3492 1.4635723996579082e-7
3493 1.4635723996579082e-7
3494 1.466872885715963e-7
3495 1.466872885715963e-7
3496 1.466872885715963e-7
3497 1.466872885715963e-7
3498 1.466872885715963e-7
3499 1.4769185400313e-7
3500 1.4769185400313e-7
3501 1.4769185400313e-7
3502 1.4769185400313e-7
3503 1.4769185400313e-7
3504 1.4769185400313e-7
3505 1.4769185400313e-7
3506 1.4769185400313e-7
3507 1.4769185400313e-7
3508 1.4769185400313e-7
3509 1.4769185400313e-7
3510 1.4769185400313e-7
3511 1.4769185400313e-7
3512 1.4769185400313e-7
3513 1.4778798496763913e-7
3514 1.4778798496763913e-7
3515 1.4839360753820093e-7
3516 1.4839360753820093e-7
3517 1.4839360753820093e-7
3518 1.4877973269276553e-7
3519 1.4877973269276553e-7
3520 1.4877973269276553e-7
3521 1.4877973269276553e-7
3522 1.4877973269276553e-7
3523 1.4877973269276553e-7
3524 1.4877973269276553e-7
3525 1.4877973269276553e-7
3526 1.4877973269276553e-7
3527 1.4877973269276553e-7
3528 1.492699995727529e-7
3529 1.492699995727529e-7
3530 1.492699995727529e-7
3531 1.4981313796371567e-7
3532 1.4981313796371567e-7
3533 1.4981313796371567e-7
3534 1.4981313796371567e-7
3535 1.4981313796371567e-7
3536 1.4981313796371567e-7
3537 1.4981313796371567e-7
3538 1.4981313796371567e-7
3539 1.4981313796371567e-7
3540 1.5022169227094742e-7
3541 1.5022169227094742e-7
3542 1.5022169227094742e-7
3543 1.5022169227094742e-7
3544 1.5022169227094742e-7
3545 1.5074079837916932e-7
3546 1.5074079837916932e-7
3547 1.5074079837916932e-7
3548 1.5074079837916932e-7
3549 1.5096350083295022e-7
3550 1.5096350083295022e-7
3551 1.5096350083295022e-7
3552 1.5210905736787297e-7
3553 1.5210905736787297e-7
3554 1.5390830226120303e-7
3555 1.5390830226120303e-7
3556 1.5390830226120303e-7
3557 1.5390830226120303e-7
3558 1.5390830226120303e-7
3559 1.5390830226120303e-7
3560 1.5390830226120303e-7
3561 1.5390830226120303e-7
3562 1.5390830226120303e-7
3563 1.5390830226120303e-7
3564 1.5390830226120303e-7
3565 1.5390830226120303e-7
3566 1.5390830226120303e-7
3567 1.5390830226120303e-7
3568 1.5390830226120303e-7
3569 1.5445464446758577e-7
3570 1.5445464446758577e-7
3571 1.5465171150855205e-7
3572 1.5465171150855205e-7
3573 1.5465171150855205e-7
3574 1.5465171150855205e-7
3575 1.5465171150855205e-7
3576 1.5465171150855205e-7
3577 1.5465171150855205e-7
3578 1.5465171150855205e-7
3579 1.5465171150855205e-7
3580 1.557219655462866e-7
3581 1.557219655462866e-7
3582 1.557219655462866e-7
3583 1.557219655462866e-7
3584 1.557219655462866e-7
3585 1.557219655462866e-7
3586 1.557219655462866e-7
3587 1.557219655462866e-7
3588 1.557219655462866e-7
3589 1.557219655462866e-7
3590 1.557219655462866e-7
3591 1.557219655462866e-7
3592 1.557219655462866e-7
3593 1.557219655462866e-7
3594 1.557219655462866e-7
3595 1.557219655462866e-7
3596 1.557219655462866e-7
3597 1.557219655462866e-7
3598 1.557219655462866e-7
3599 1.557219655462866e-7
3600 1.557219655462866e-7
3601 1.557219655462866e-7
3602 1.557219655462866e-7
3603 1.557219655462866e-7
3604 1.557219655462866e-7
3605 1.557219655462866e-7
3606 1.557219655462866e-7
3607 1.557219655462866e-7
3608 1.557219655462866e-7
3609 1.557219655462866e-7
3610 1.557219655462866e-7
3611 1.557219655462866e-7
3612 1.557219655462866e-7
3613 1.557219655462866e-7
3614 1.557219655462866e-7
3615 1.557219655462866e-7
3616 1.557219655462866e-7
3617 1.557219655462866e-7
3618 1.557219655462866e-7
3619 1.557219655462866e-7
3620 1.557219655462866e-7
3621 1.557219655462866e-7
3622 1.557219655462866e-7
3623 1.557219655462866e-7
3624 1.557219655462866e-7
3625 1.557219655462866e-7
3626 1.557219655462866e-7
3627 1.557219655462866e-7
3628 1.557219655462866e-7
3629 1.557219655462866e-7
3630 1.561577577852248e-7
3631 1.561577577852248e-7
3632 1.561577577852248e-7
3633 1.561577577852248e-7
3634 1.561577577852248e-7
3635 1.5644134312207663e-7
3636 1.5644134312207663e-7
3637 1.5644134312207663e-7
3638 1.5644134312207663e-7
3639 1.5644134312207663e-7
3640 1.5644134312207663e-7
3641 1.5644134312207663e-7
3642 1.5644134312207663e-7
3643 1.5644134312207663e-7
3644 1.5644134312207663e-7
3645 1.5644134312207663e-7
3646 1.5644134312207663e-7
3647 1.5644134312207663e-7
3648 1.5644134312207663e-7
3649 1.5644134312207663e-7
3650 1.5644134312207663e-7
3651 1.5644134312207663e-7
3652 1.5644134312207663e-7
3653 1.5644134312207663e-7
3654 1.5644134312207663e-7
3655 1.5644134312207663e-7
3656 1.5644134312207663e-7
3657 1.5743309023602116e-7
3658 1.5743309023602116e-7
3659 1.5743309023602116e-7
3660 1.5743309023602116e-7
3661 1.5743309023602116e-7
3662 1.5743309023602116e-7
3663 1.5743309023602116e-7
3664 1.576397711679748e-7
3665 1.576397711679748e-7
3666 1.576397711679748e-7
3667 1.576397711679748e-7
3668 1.576397711679748e-7
3669 1.576397711679748e-7
3670 1.576397711679748e-7
3671 1.576397711679748e-7
3672 1.576397711679748e-7
3673 1.576397711679748e-7
3674 1.583879873608175e-7
3675 1.583879873608175e-7
3676 1.583879873608175e-7
3677 1.583879873608175e-7
3678 1.583879873608175e-7
3679 1.583879873608175e-7
3680 1.583879873608175e-7
3681 1.583879873608175e-7
3682 1.583879873608175e-7
3683 1.583879873608175e-7
3684 1.583879873608175e-7
3685 1.584777088609411e-7
3686 1.584777088609411e-7
3687 1.584777088609411e-7
3688 1.584777088609411e-7
3689 1.584777088609411e-7
3690 1.584777088609411e-7
3691 1.584777088609411e-7
3692 1.584777088609411e-7
3693 1.584777088609411e-7
3694 1.584777088609411e-7
3695 1.584777088609411e-7
3696 1.584777088609411e-7
3697 1.584777088609411e-7
3698 1.584777088609411e-7
3699 1.584777088609411e-7
3700 1.584777088609411e-7
3701 1.584777088609411e-7
3702 1.584777088609411e-7
3703 1.584777088609411e-7
3704 1.584777088609411e-7
3705 1.584777088609411e-7
3706 1.5882057456197198e-7
3707 1.5882057456197198e-7
3708 1.5882057456197198e-7
3709 1.5882057456197198e-7
3710 1.5882057456197198e-7
3711 1.5882057456197198e-7
3712 1.5882057456197198e-7
3713 1.5882057456197198e-7
3714 1.5882057456197198e-7
3715 1.5882057456197198e-7
3716 1.5882057456197198e-7
3717 1.5882057456197198e-7
3718 1.5882057456197198e-7
3719 1.5882057456197198e-7
3720 1.5882057456197198e-7
3721 1.5882057456197198e-7
3722 1.5882057456197198e-7
3723 1.590416751080429e-7
3724 1.590416751080429e-7
3725 1.590416751080429e-7
3726 1.590416751080429e-7
3727 1.590416751080429e-7
3728 1.590416751080429e-7
3729 1.590416751080429e-7
3730 1.5921150605084838e-7
3731 1.5921150605084838e-7
3732 1.5921150605084838e-7
3733 1.5921150605084838e-7
3734 1.5921150605084838e-7
3735 1.5921150605084838e-7
3736 1.5921150605084838e-7
3737 1.5921150605084838e-7
3738 1.5976906283356467e-7
3739 1.5976906283356467e-7
3740 1.5976906283356467e-7
3741 1.5976906283356467e-7
3742 1.5976906283356467e-7
3743 1.5976906283356467e-7
3744 1.5976906283356467e-7
3745 1.5976906283356467e-7
3746 1.6064705555346285e-7
3747 1.6064705555346285e-7
3748 1.6064705555346285e-7
3749 1.6064705555346285e-7
3750 1.6064705555346285e-7
3751 1.6064705555346285e-7
3752 1.6064705555346285e-7
3753 1.6084892953992283e-7
3754 1.6084892953992283e-7
3755 1.6117096738481469e-7
3756 1.6117096738481469e-7
3757 1.6117096738481469e-7
3758 1.6117096738481469e-7
3759 1.6117096738481469e-7
3760 1.615570925393793e-7
3761 1.615570925393793e-7
3762 1.615570925393793e-7
3763 1.615570925393793e-7
3764 1.615570925393793e-7
3765 1.6193039937635472e-7
3766 1.6193039937635472e-7
3767 1.6193039937635472e-7
3768 1.6193039937635472e-7
3769 1.6193039937635472e-7
3770 1.6249917195776836e-7
3771 1.6249917195776836e-7
3772 1.6249917195776836e-7
3773 1.6249917195776836e-7
3774 1.6249917195776836e-7
3775 1.6249917195776836e-7
3776 1.637328486962866e-7
3777 1.637328486962866e-7
3778 1.637328486962866e-7
3779 1.637328486962866e-7
3780 1.637328486962866e-7
3781 1.637328486962866e-7
3782 1.651347532475366e-7
3783 1.651347532475366e-7
3784 1.6577241947293478e-7
3785 1.6577241947293478e-7
3786 1.6577241947293478e-7
3787 1.6577241947293478e-7
3788 1.6577241947293478e-7
3789 1.6577241947293478e-7
3790 1.6577241947293478e-7
3791 1.6577241947293478e-7
3792 1.6577241947293478e-7
3793 1.6577241947293478e-7
3794 1.6577241947293478e-7
3795 1.6577241947293478e-7
3796 1.6577241947293478e-7
3797 1.6577241947293478e-7
3798 1.6577241947293478e-7
3799 1.6577241947293478e-7
3800 1.6577241947293478e-7
3801 1.6577241947293478e-7
3802 1.6677538177439475e-7
3803 1.6677538177439475e-7
3804 1.6677538177439475e-7
3805 1.6677538177439475e-7
3806 1.6730249742116651e-7
3807 1.6730249742116651e-7
3808 1.6730249742116651e-7
3809 1.676053093176293e-7
3810 1.676053093176293e-7
3811 1.676053093176293e-7
3812 1.676053093176293e-7
3813 1.676053093176293e-7
3814 1.676053093176293e-7
3815 1.676053093176293e-7
3816 1.676053093176293e-7
3817 1.676053093176293e-7
3818 1.676053093176293e-7
3819 1.676053093176293e-7
3820 1.676053093176293e-7
3821 1.676053093176293e-7
3822 1.676053093176293e-7
3823 1.676053093176293e-7
3824 1.676053093176293e-7
3825 1.676053093176293e-7
3826 1.676053093176293e-7
3827 1.676053093176293e-7
3828 1.676053093176293e-7
3829 1.676053093176293e-7
3830 1.676053093176293e-7
3831 1.676053093176293e-7
3832 1.676053093176293e-7
3833 1.6861788489889475e-7
3834 1.6861788489889475e-7
3835 1.6861788489889475e-7
3836 1.6861788489889475e-7
3837 1.6861788489889475e-7
3838 1.6861788489889475e-7
3839 1.6861788489889475e-7
3840 1.6924273341788562e-7
3841 1.6924273341788562e-7
3842 1.6982432431688843e-7
3843 1.6982432431688843e-7
3844 1.6982432431688843e-7
3845 1.6982432431688843e-7
3846 1.6982432431688843e-7
3847 1.6982432431688843e-7
3848 1.6982432431688843e-7
3849 1.6982432431688843e-7
3850 1.7005824195818477e-7
3851 1.7005824195818477e-7
3852 1.7005824195818477e-7
3853 1.7005824195818477e-7
3854 1.7005824195818477e-7
3855 1.7005824195818477e-7
3856 1.7038829117517213e-7
3857 1.7038829117517213e-7
3858 1.7038829117517213e-7
3859 1.7038829117517213e-7
3860 1.7038829117517213e-7
3861 1.7038829117517213e-7
3862 1.7038829117517213e-7
3863 1.7080645876220934e-7
3864 1.7080645876220934e-7
3865 1.7080645876220934e-7
3866 1.7123103642481397e-7
3867 1.7123103642481397e-7
3868 1.7123103642481397e-7
3869 1.7123103642481397e-7
3870 1.7123103642481397e-7
3871 1.7123103642481397e-7
3872 1.7164920462303308e-7
3873 1.7164920462303308e-7
3874 1.7164920462303308e-7
3875 1.7164920462303308e-7
3876 1.7164920462303308e-7
3877 1.7164920462303308e-7
3878 1.7164920462303308e-7
3879 1.7164920462303308e-7
3880 1.7164920462303308e-7
3881 1.7164920462303308e-7
3882 1.7164920462303308e-7
3883 1.7164920462303308e-7
3884 1.7164920462303308e-7
3885 1.7164920462303308e-7
3886 1.7238620623954221e-7
3887 1.7238620623954221e-7
3888 1.7238620623954221e-7
3889 1.7267940424501764e-7
3890 1.7267940424501764e-7
3891 1.7267940424501764e-7
3892 1.7267940424501764e-7
3893 1.7267940424501764e-7
3894 1.7267940424501764e-7
3895 1.7267940424501764e-7
3896 1.7267940424501764e-7
3897 1.7267940424501764e-7
3898 1.7267940424501764e-7
3899 1.7267940424501764e-7
3900 1.7267940424501764e-7
3901 1.7267940424501764e-7
3902 1.7267940424501764e-7
3903 1.7267940424501764e-7
3904 1.7267940424501764e-7
3905 1.7267940424501764e-7
3906 1.7267940424501764e-7
3907 1.7267940424501764e-7
3908 1.7267940424501764e-7
3909 1.7267940424501764e-7
3910 1.7267940424501764e-7
3911 1.7267940424501764e-7
3912 1.7267940424501764e-7
3913 1.7267940424501764e-7
3914 1.7267940424501764e-7
3915 1.7267940424501764e-7
3916 1.7267940424501764e-7
3917 1.7267940424501764e-7
3918 1.7267940424501764e-7
3919 1.7267940424501764e-7
3920 1.7267940424501764e-7
3921 1.7267940424501764e-7
3922 1.7267940424501764e-7
3923 1.7267940424501764e-7
3924 1.7267940424501764e-7
3925 1.7267940424501764e-7
3926 1.7267940424501764e-7
3927 1.7267940424501764e-7
3928 1.7267940424501764e-7
3929 1.731792831824467e-7
3930 1.731792831824467e-7
3931 1.731792831824467e-7
3932 1.731792831824467e-7
3933 1.731792831824467e-7
3934 1.731792831824467e-7
3935 1.731792831824467e-7
3936 1.731792831824467e-7
3937 1.731792831824467e-7
3938 1.731792831824467e-7
3939 1.731792831824467e-7
3940 1.731792831824467e-7
3941 1.731792831824467e-7
3942 1.731792831824467e-7
3943 1.731792831824467e-7
3944 1.731792831824467e-7
3945 1.731792831824467e-7
3946 1.731792831824467e-7
3947 1.731792831824467e-7
3948 1.731792831824467e-7
3949 1.731792831824467e-7
3950 1.731792831824467e-7
3951 1.731792831824467e-7
3952 1.731792831824467e-7
3953 1.731792831824467e-7
3954 1.731792831824467e-7
3955 1.731792831824467e-7
3956 1.731792831824467e-7
3957 1.731792831824467e-7
3958 1.731792831824467e-7
3959 1.731792831824467e-7
3960 1.7342121219583855e-7
3961 1.7342121219583855e-7
3962 1.7342121219583855e-7
3963 1.7342121219583855e-7
3964 1.7342121219583855e-7
3965 1.7342121219583855e-7
3966 1.7342121219583855e-7
3967 1.7342121219583855e-7
3968 1.7342121219583855e-7
3969 1.7342121219583855e-7
3970 1.7342121219583855e-7
3971 1.7342121219583855e-7
3972 1.7342121219583855e-7
3973 1.7342121219583855e-7
3974 1.7342121219583855e-7
3975 1.7342121219583855e-7
3976 1.7342121219583855e-7
3977 1.7342121219583855e-7
3978 1.7342121219583855e-7
3979 1.7342121219583855e-7
3980 1.7342121219583855e-7
3981 1.7342121219583855e-7
3982 1.7342121219583855e-7
3983 1.7342121219583855e-7
3984 1.7342121219583855e-7
3985 1.7342121219583855e-7
3986 1.7342121219583855e-7
3987 1.7342121219583855e-7
3988 1.7342121219583855e-7
3989 1.7342121219583855e-7
3990 1.7342121219583855e-7
3991 1.7342121219583855e-7
3992 1.7342121219583855e-7
3993 1.7342121219583855e-7
3994 1.7342121219583855e-7
3995 1.7342121219583855e-7
3996 1.7342121219583855e-7
3997 1.7342121219583855e-7
3998 1.7342121219583855e-7
3999 1.7342121219583855e-7
4000 1.7384098230176763e-7
4001 1.7384098230176763e-7
4002 1.739835765352304e-7
4003 1.739835765352304e-7
4004 1.739835765352304e-7
4005 1.746693079372922e-7
4006 1.746693079372922e-7
4007 1.746693079372922e-7
4008 1.746693079372922e-7
4009 1.746693079372922e-7
4010 1.746693079372922e-7
4011 1.746693079372922e-7
4012 1.746693079372922e-7
4013 1.746693079372922e-7
4014 1.746693079372922e-7
4015 1.746693079372922e-7
4016 1.746693079372922e-7
4017 1.746693079372922e-7
4018 1.746693079372922e-7
4019 1.746693079372922e-7
4020 1.746693079372922e-7
4021 1.746693079372922e-7
4022 1.746693079372922e-7
4023 1.746693079372922e-7
4024 1.746693079372922e-7
4025 1.7543675068974587e-7
4026 1.7543675068974587e-7
4027 1.7543675068974587e-7
4028 1.7543675068974587e-7
4029 1.7543675068974587e-7
4030 1.7543675068974587e-7
4031 1.7543675068974587e-7
4032 1.7543675068974587e-7
4033 1.7543675068974587e-7
4034 1.7543675068974587e-7
4035 1.7543675068974587e-7
4036 1.7543675068974587e-7
4037 1.7543675068974587e-7
4038 1.7543675068974587e-7
4039 1.7543675068974587e-7
4040 1.7543675068974587e-7
4041 1.7543675068974587e-7
4042 1.7632275539292143e-7
4043 1.7632275539292143e-7
4044 1.7632275539292143e-7
4045 1.7632275539292143e-7
4046 1.7632275539292143e-7
4047 1.7657750150153871e-7
4048 1.7657750150153871e-7
4049 1.7668644956127327e-7
4050 1.7668644956127327e-7
4051 1.7668644956127327e-7
4052 1.7668644956127327e-7
4053 1.7668644956127327e-7
4054 1.7668644956127327e-7
4055 1.7668644956127327e-7
4056 1.7668644956127327e-7
4057 1.7724881328948324e-7
4058 1.7724881328948324e-7
4059 1.7763013210973604e-7
4060 1.7763013210973604e-7
4061 1.7763013210973604e-7
4062 1.7763013210973604e-7
4063 1.7763013210973604e-7
4064 1.7763013210973604e-7
4065 1.7763013210973604e-7
4066 1.7763013210973604e-7
4067 1.7843122042473604e-7
4068 1.7843122042473604e-7
4069 1.7843122042473604e-7
4070 1.7843122042473604e-7
4071 1.7843122042473604e-7
4072 1.7843122042473604e-7
4073 1.7918264165536243e-7
4074 1.7918264165536243e-7
4075 1.7918264165536243e-7
4076 1.7918264165536243e-7
4077 1.7918264165536243e-7
4078 1.7918264165536243e-7
4079 1.7918264165536243e-7
4080 1.7918264165536243e-7
4081 1.7918264165536243e-7
4082 1.7918264165536243e-7
4083 1.7918264165536243e-7
4084 1.7918264165536243e-7
4085 1.7918264165536243e-7
4086 1.7918264165536243e-7
4087 1.7918264165536243e-7
4088 1.7918264165536243e-7
4089 1.7918264165536243e-7
4090 1.7918264165536243e-7
4091 1.7918264165536243e-7
4092 1.7918264165536243e-7
4093 1.7918264165536243e-7
4094 1.7918264165536243e-7
4095 1.7918264165536243e-7
4096 1.7918264165536243e-7
4097 1.7918264165536243e-7
4098 1.7918264165536243e-7
4099 1.7918264165536243e-7
4100 1.7918264165536243e-7
4101 1.7918264165536243e-7
4102 1.7918264165536243e-7
4103 1.7918264165536243e-7
4104 1.7918264165536243e-7
4105 1.7918264165536243e-7
4106 1.7918264165536243e-7
4107 1.7918264165536243e-7
4108 1.7918264165536243e-7
4109 1.7918264165536243e-7
4110 1.7918264165536243e-7
4111 1.7918264165536243e-7
4112 1.7918264165536243e-7
4113 1.795944010003779e-7
4114 1.795944010003779e-7
4115 1.8015516282087789e-7
4116 1.8015516282087789e-7
4117 1.804403500654397e-7
4118 1.804403500654397e-7
4119 1.804403500654397e-7
4120 1.804403500654397e-7
4121 1.804403500654397e-7
4122 1.804403500654397e-7
4123 1.804403500654397e-7
4124 1.804403500654397e-7
4125 1.804403500654397e-7
4126 1.804403500654397e-7
4127 1.8106199476901061e-7
4128 1.8106199476901061e-7
4129 1.8106199476901061e-7
4130 1.8149778639676693e-7
4131 1.8149778639676693e-7
4132 1.8149778639676693e-7
4133 1.8149778639676693e-7
4134 1.8149778639676693e-7
4135 1.8149778639676693e-7
4136 1.8184866285871146e-7
4137 1.8184866285871146e-7
4138 1.8184866285871146e-7
4139 1.8184866285871146e-7
4140 1.8184866285871146e-7
4141 1.8184866285871146e-7
4142 1.8184866285871146e-7
4143 1.8184866285871146e-7
4144 1.8184866285871146e-7
4145 1.8184866285871146e-7
4146 1.8184866285871146e-7
4147 1.8184866285871146e-7
4148 1.8184866285871146e-7
4149 1.8184866285871146e-7
4150 1.8184866285871146e-7
4151 1.8184866285871146e-7
4152 1.8184866285871146e-7
4153 1.8184866285871146e-7
4154 1.8184866285871146e-7
4155 1.8184866285871146e-7
4156 1.8184866285871146e-7
4157 1.8184866285871146e-7
4158 1.8184866285871146e-7
4159 1.8184866285871146e-7
4160 1.8184866285871146e-7
4161 1.8184866285871146e-7
4162 1.823309183666033e-7
4163 1.823309183666033e-7
4164 1.8308233898604784e-7
4165 1.8308233898604784e-7
4166 1.832137168096314e-7
4167 1.832137168096314e-7
4168 1.832137168096314e-7
4169 1.832137168096314e-7
4170 1.832137168096314e-7
4171 1.832137168096314e-7
4172 1.832137168096314e-7
4173 1.832137168096314e-7
4174 1.832137168096314e-7
4175 1.832137168096314e-7
4176 1.832137168096314e-7
4177 1.832137168096314e-7
4178 1.832137168096314e-7
4179 1.832137168096314e-7
4180 1.832137168096314e-7
4181 1.832137168096314e-7
4182 1.832137168096314e-7
4183 1.832137168096314e-7
4184 1.832137168096314e-7
4185 1.832137168096314e-7
4186 1.832137168096314e-7
4187 1.832137168096314e-7
4188 1.832137168096314e-7
4189 1.832137168096314e-7
4190 1.832137168096314e-7
4191 1.832137168096314e-7
4192 1.832137168096314e-7
4193 1.832137168096314e-7
4194 1.8403563359195232e-7
4195 1.8403563359195232e-7
4196 1.8403563359195232e-7
4197 1.8403563359195232e-7
4198 1.8403563359195232e-7
4199 1.8403563359195232e-7
4200 1.8403563359195232e-7
4201 1.8403563359195232e-7
4202 1.8403563359195232e-7
4203 1.8403563359195232e-7
4204 1.8403563359195232e-7
4205 1.8403563359195232e-7
4206 1.8403563359195232e-7
4207 1.8403563359195232e-7
4208 1.8403563359195232e-7
4209 1.8403563359195232e-7
4210 1.8403563359195232e-7
4211 1.8403563359195232e-7
4212 1.8403563359195232e-7
4213 1.8403563359195232e-7
4214 1.8403563359195232e-7
4215 1.8403563359195232e-7
4216 1.8403563359195232e-7
4217 1.8403563359195232e-7
4218 1.8403563359195232e-7
4219 1.8403563359195232e-7
4220 1.8403563359195232e-7
4221 1.8403563359195232e-7
4222 1.8403563359195232e-7
4223 1.8403563359195232e-7
4224 1.8403563359195232e-7
4225 1.8403563359195232e-7
4226 1.8403563359195232e-7
4227 1.8403563359195232e-7
4228 1.8403563359195232e-7
4229 1.8403563359195232e-7
4230 1.8403563359195232e-7
4231 1.8403563359195232e-7
4232 1.8403563359195232e-7
4233 1.8403563359195232e-7
4234 1.8403563359195232e-7
4235 1.8403563359195232e-7
4236 1.8403563359195232e-7
4237 1.8403563359195232e-7
4238 1.8403563359195232e-7
4239 1.8403563359195232e-7
4240 1.8403563359195232e-7
4241 1.8403563359195232e-7
4242 1.8403563359195232e-7
4243 1.8403563359195232e-7
4244 1.8403563359195232e-7
4245 1.8455473847781047e-7
4246 1.8455473847781047e-7
4247 1.8455473847781047e-7
4248 1.8487357128491861e-7
4249 1.8487357128491861e-7
4250 1.8487357128491861e-7
4251 1.8487357128491861e-7
4252 1.8487357128491861e-7
4253 1.8487357128491861e-7
4254 1.8487357128491861e-7
4255 1.8487357128491861e-7
4256 1.8487357128491861e-7
4257 1.8487357128491861e-7
4258 1.8487357128491861e-7
4259 1.8487357128491861e-7
4260 1.8487357128491861e-7
4261 1.8487357128491861e-7
4262 1.8537024579574586e-7
4263 1.8537024579574586e-7
4264 1.8537024579574586e-7
4265 1.8537024579574586e-7
4266 1.8537024579574586e-7
4267 1.8537024579574586e-7
4268 1.8537024579574586e-7
4269 1.8537024579574586e-7
4270 1.8537024579574586e-7
4271 1.8537024579574586e-7
4272 1.8537024579574586e-7
4273 1.8537024579574586e-7
4274 1.8537024579574586e-7
4275 1.8537024579574586e-7
4276 1.8537024579574586e-7
4277 1.8537024579574586e-7
4278 1.8537024579574586e-7
4279 1.8661673901830765e-7
4280 1.8661673901830765e-7
4281 1.872592121891995e-7
4282 1.872592121891995e-7
4283 1.872592121891995e-7
4284 1.872592121891995e-7
4285 1.872592121891995e-7
4286 1.872592121891995e-7
4287 1.872592121891995e-7
4288 1.872592121891995e-7
4289 1.872592121891995e-7
4290 1.872592121891995e-7
4291 1.876950038169558e-7
4292 1.876950038169558e-7
4293 1.876950038169558e-7
4294 1.876950038169558e-7
4295 1.876950038169558e-7
4296 1.876950038169558e-7
4297 1.876950038169558e-7
4298 1.876950038169558e-7
4299 1.8826698082497127e-7
4300 1.8826698082497127e-7
4301 1.8826698082497127e-7
4302 1.8826698082497127e-7
4303 1.8826698082497127e-7
4304 1.8826698082497127e-7
4305 1.8826698082497127e-7
4306 1.8826698082497127e-7
4307 1.8826698082497127e-7
4308 1.8826698082497127e-7
4309 1.8826698082497127e-7
4310 1.883374763766658e-7
4311 1.883374763766658e-7
4312 1.883374763766658e-7
4313 1.883374763766658e-7
4314 1.883374763766658e-7
4315 1.883374763766658e-7
4316 1.883374763766658e-7
4317 1.883374763766658e-7
4318 1.883374763766658e-7
4319 1.883374763766658e-7
4320 1.8891586223788489e-7
4321 1.8891586223788489e-7
4322 1.8891586223788489e-7
4323 1.8891586223788489e-7
4324 1.8952789366165035e-7
4325 1.8952789366165035e-7
4326 1.8952789366165035e-7
4327 1.8952789366165035e-7
4328 1.8952789366165035e-7
4329 1.8952789366165035e-7
4330 1.8952789366165035e-7
4331 1.8952789366165035e-7
4332 1.8952789366165035e-7
4333 1.8952789366165035e-7
4334 1.8952789366165035e-7
4335 1.8952789366165035e-7
4336 1.8952789366165035e-7
4337 1.897313695558203e-7
4338 1.897313695558203e-7
4339 1.897313695558203e-7
4340 1.897313695558203e-7
4341 1.897313695558203e-7
4342 1.897313695558203e-7
4343 1.897313695558203e-7
4344 1.897313695558203e-7
4345 1.897313695558203e-7
4346 1.897313695558203e-7
4347 1.897313695558203e-7
4348 1.897313695558203e-7
4349 1.897313695558203e-7
4350 1.897313695558203e-7
4351 1.897313695558203e-7
4352 1.903369921263821e-7
4353 1.903369921263821e-7
4354 1.903369921263821e-7
4355 1.903369921263821e-7
4356 1.903369921263821e-7
4357 1.903369921263821e-7
4358 1.903369921263821e-7
4359 1.903369921263821e-7
4360 1.903369921263821e-7
4361 1.903369921263821e-7
4362 1.9065422302578026e-7
4363 1.9065422302578026e-7
4364 1.9065422302578026e-7
4365 1.9124542598222478e-7
4366 1.9124542598222478e-7
4367 1.9124542598222478e-7
4368 1.9124542598222478e-7
4369 1.9124542598222478e-7
4370 1.9124542598222478e-7
4371 1.9124542598222478e-7
4372 1.9124542598222478e-7
4373 1.9124542598222478e-7
4374 1.9124542598222478e-7
4375 1.9124542598222478e-7
4376 1.9124542598222478e-7
4377 1.9124542598222478e-7
4378 1.9124542598222478e-7
4379 1.9124542598222478e-7
4380 1.9124542598222478e-7
4381 1.9124542598222478e-7
4382 1.9124542598222478e-7
4383 1.9215546235695932e-7
4384 1.9215546235695932e-7
4385 1.9215546235695932e-7
4386 1.9215546235695932e-7
4387 1.9215546235695932e-7
4388 1.9215546235695932e-7
4389 1.9215546235695932e-7
4390 1.9215546235695932e-7
4391 1.9215546235695932e-7
4392 1.9215546235695932e-7
4393 1.9215546235695932e-7
4394 1.9215546235695932e-7
4395 1.9215546235695932e-7
4396 1.9215546235695932e-7
4397 1.9215546235695932e-7
4398 1.9215546235695932e-7
4399 1.9215546235695932e-7
4400 1.9215546235695932e-7
4401 1.9215546235695932e-7
4402 1.9215546235695932e-7
4403 1.9215546235695932e-7
4404 1.9215546235695932e-7
4405 1.9215546235695932e-7
4406 1.9215546235695932e-7
4407 1.9215546235695932e-7
4408 1.9215546235695932e-7
4409 1.9215546235695932e-7
4410 1.9215546235695932e-7
4411 1.9215546235695932e-7
4412 1.9251114515321565e-7
4413 1.9251114515321565e-7
4414 1.9251114515321565e-7
4415 1.9251114515321565e-7
4416 1.9251114515321565e-7
4417 1.9251114515321565e-7
4418 1.9251114515321565e-7
4419 1.9251114515321565e-7
4420 1.9251114515321565e-7
4421 1.9251114515321565e-7
4422 1.9251114515321565e-7
4423 1.9251114515321565e-7
4424 1.9251114515321565e-7
4425 1.9251114515321565e-7
4426 1.9251114515321565e-7
4427 1.9251114515321565e-7
4428 1.9251114515321565e-7
4429 1.9260567359883292e-7
4430 1.9260567359883292e-7
4431 1.9260567359883292e-7
4432 1.9260567359883292e-7
4433 1.9260567359883292e-7
4434 1.9260567359883292e-7
4435 1.9260567359883292e-7
4436 1.9260567359883292e-7
4437 1.9260567359883292e-7
4438 1.9260567359883292e-7
4439 1.9260567359883292e-7
4440 1.9260567359883292e-7
4441 1.9260567359883292e-7
4442 1.9260567359883292e-7
4443 1.9260567359883292e-7
4444 1.9260567359883292e-7
4445 1.9365509978042843e-7
4446 1.9365509978042843e-7
4447 1.9365509978042843e-7
4448 1.9365509978042843e-7
4449 1.9365509978042843e-7
4450 1.9365509978042843e-7
4451 1.9365509978042843e-7
4452 1.9365509978042843e-7
4453 1.9365509978042843e-7
4454 1.9365509978042843e-7
4455 1.9365509978042843e-7
4456 1.9365509978042843e-7
4457 1.9365509978042843e-7
4458 1.9365509978042843e-7
4459 1.9365509978042843e-7
4460 1.9365509978042843e-7
4461 1.9365509978042843e-7
4462 1.9365509978042843e-7
4463 1.9365509978042843e-7
4464 1.9365509978042843e-7
4465 1.9365509978042843e-7
4466 1.9365509978042843e-7
4467 1.9365509978042843e-7
4468 1.9365509978042843e-7
4469 1.9365509978042843e-7
4470 1.9365509978042843e-7
4471 1.9365509978042843e-7
4472 1.9365509978042843e-7
4473 1.9365509978042843e-7
4474 1.9365509978042843e-7
4475 1.9365509978042843e-7
4476 1.9365509978042843e-7
4477 1.9365509978042843e-7
4478 1.9423829197595932e-7
4479 1.9423829197595932e-7
4480 1.9423829197595932e-7
4481 1.9423829197595932e-7
4482 1.9423829197595932e-7
4483 1.9423829197595932e-7
4484 1.9430077676674023e-7
4485 1.9430077676674023e-7
4486 1.9430077676674023e-7
4487 1.9430077676674023e-7
4488 1.9430077676674023e-7
4489 1.9430077676674023e-7
4490 1.9430077676674023e-7
4491 1.9430077676674023e-7
4492 1.9430077676674023e-7
4493 1.9430077676674023e-7
4494 1.9430077676674023e-7
4495 1.9430077676674023e-7
4496 1.9430077676674023e-7
4497 1.9430077676674023e-7
4498 1.9430077676674023e-7
4499 1.9430077676674023e-7
4500 1.9430077676674023e-7
4501 1.9430077676674023e-7
4502 1.9430077676674023e-7
4503 1.9430077676674023e-7
4504 1.9430077676674023e-7
4505 1.9430077676674023e-7
4506 1.9430077676674023e-7
4507 1.9430077676674023e-7
4508 1.9430077676674023e-7
4509 1.9430077676674023e-7
4510 1.9430077676674023e-7
4511 1.9430077676674023e-7
4512 1.9430077676674023e-7
4513 1.9430077676674023e-7
4514 1.9430077676674023e-7
4515 1.9430077676674023e-7
4516 1.9517075933690666e-7
4517 1.9517075933690666e-7
4518 1.9517075933690666e-7
4519 1.9517075933690666e-7
4520 1.9517075933690666e-7
4521 1.9517075933690666e-7
4522 1.9517075933690666e-7
4523 1.9517075933690666e-7
4524 1.9517075933690666e-7
4525 1.9517075933690666e-7
4526 1.9517075933690666e-7
4527 1.9517075933690666e-7
4528 1.9517075933690666e-7
4529 1.9517075933690666e-7
4530 1.9517075933690666e-7
4531 1.9517075933690666e-7
4532 1.9517075933690666e-7
4533 1.9517075933690666e-7
4534 1.9527810487774937e-7
4535 1.9527810487774937e-7
4536 1.9527810487774937e-7
4537 1.9527810487774937e-7
4538 1.9527810487774937e-7
4539 1.9527810487774937e-7
4540 1.9527810487774937e-7
4541 1.9527810487774937e-7
4542 1.9527810487774937e-7
4543 1.9527810487774937e-7
4544 1.9527810487774937e-7
4545 1.9527810487774937e-7
4546 1.9527810487774937e-7
4547 1.9527810487774937e-7
4548 1.9527810487774937e-7
4549 1.9527810487774937e-7
4550 1.9527810487774937e-7
4551 1.9527810487774937e-7
4552 1.9527810487774937e-7
4553 1.9527810487774937e-7
4554 1.9527810487774937e-7
4555 1.9527810487774937e-7
4556 1.9527810487774937e-7
4557 1.9527810487774937e-7
4558 1.9527810487774937e-7
4559 1.9527810487774937e-7
4560 1.9527810487774937e-7
4561 1.9527810487774937e-7
4562 1.9527810487774937e-7
4563 1.9527810487774937e-7
4564 1.9527810487774937e-7
4565 1.9527810487774937e-7
4566 1.9527810487774937e-7
4567 1.9527810487774937e-7
4568 1.9527810487774937e-7
4569 1.9527810487774937e-7
4570 1.9527810487774937e-7
4571 1.9527810487774937e-7
4572 1.9527810487774937e-7
4573 1.9527810487774937e-7
4574 1.9527810487774937e-7
4575 1.9527810487774937e-7
4576 1.9527810487774937e-7
4577 1.9527810487774937e-7
4578 1.9527810487774937e-7
4579 1.9527810487774937e-7
4580 1.9527810487774937e-7
4581 1.9527810487774937e-7
4582 1.9527810487774937e-7
4583 1.9527810487774937e-7
4584 1.9527810487774937e-7
4585 1.9527810487774937e-7
4586 1.9527810487774937e-7
4587 1.9527810487774937e-7
4588 1.9527810487774937e-7
4589 1.9527810487774937e-7
4590 1.9527810487774937e-7
4591 1.9527810487774937e-7
4592 1.9527810487774937e-7
4593 1.9527810487774937e-7
4594 1.9527810487774937e-7
4595 1.9527810487774937e-7
4596 1.9527810487774937e-7
4597 1.9527810487774937e-7
4598 1.9527810487774937e-7
4599 1.9527810487774937e-7
4600 1.9527810487774937e-7
4601 1.9527810487774937e-7
4602 1.9527810487774937e-7
4603 1.9527810487774937e-7
4604 1.9527810487774937e-7
4605 1.9527810487774937e-7
4606 1.9527810487774937e-7
4607 1.9527810487774937e-7
4608 1.9527810487774937e-7
4609 1.9527810487774937e-7
4610 1.9527810487774937e-7
4611 1.9527810487774937e-7
4612 1.9527810487774937e-7
4613 1.9527810487774937e-7
4614 1.9527810487774937e-7
4615 1.9527810487774937e-7
4616 1.9527810487774937e-7
4617 1.9527810487774937e-7
4618 1.9546395734238208e-7
4619 1.9546395734238208e-7
4620 1.9546395734238208e-7
4621 1.9546395734238208e-7
4622 1.9546395734238208e-7
4623 1.9546395734238208e-7
4624 1.9546395734238208e-7
4625 1.9546395734238208e-7
4626 1.9618974377137576e-7
4627 1.9618974377137576e-7
4628 1.9618974377137576e-7
4629 1.9618974377137576e-7
4630 1.9618974377137576e-7
4631 1.9618974377137576e-7
4632 1.9618974377137576e-7
4633 1.9618974377137576e-7
4634 1.9618974377137576e-7
4635 1.9618974377137576e-7
4636 1.9618974377137576e-7
4637 1.9618974377137576e-7
4638 1.9618974377137576e-7
4639 1.9618974377137576e-7
4640 1.9618974377137576e-7
4641 1.9618974377137576e-7
4642 1.9618974377137576e-7
4643 1.9618974377137576e-7
4644 1.9618974377137576e-7
4645 1.9618974377137576e-7
4646 1.9618974377137576e-7
4647 1.9618974377137576e-7
4648 1.9719270668401762e-7
4649 1.9719270668401762e-7
4650 1.9744585088492493e-7
4651 1.9744585088492493e-7
4652 1.9744585088492493e-7
4653 1.9744585088492493e-7
4654 1.9744585088492493e-7
4655 1.9744585088492493e-7
4656 1.9744585088492493e-7
4657 1.9744585088492493e-7
4658 1.9744585088492493e-7
4659 1.9744585088492493e-7
4660 1.9744585088492493e-7
4661 1.9744585088492493e-7
4662 1.9744585088492493e-7
4663 1.9790247098000217e-7
4664 1.9790247098000217e-7
4665 1.9790247098000217e-7
4666 1.9790247098000217e-7
4667 1.9790247098000217e-7
4668 1.9790247098000217e-7
4669 1.9790247098000217e-7
4670 1.9790247098000217e-7
4671 1.9790247098000217e-7
4672 1.9790247098000217e-7
4673 1.9790247098000217e-7
4674 1.9790247098000217e-7
4675 1.9790247098000217e-7
4676 1.9790247098000217e-7
4677 1.9790247098000217e-7
4678 1.9790247098000217e-7
4679 1.9790247098000217e-7
4680 1.9806909749620583e-7
4681 1.9806909749620583e-7
4682 1.9806909749620583e-7
4683 1.9806909749620583e-7
4684 1.9806909749620583e-7
4685 1.9806909749620583e-7
4686 1.9806909749620583e-7
4687 1.9806909749620583e-7
4688 1.9806909749620583e-7
4689 1.9850488912396214e-7
4690 1.9850488912396214e-7
4691 1.9850488912396214e-7
4692 1.9850488912396214e-7
4693 1.9850488912396214e-7
4694 1.9850488912396214e-7
4695 1.9850488912396214e-7
4696 1.9850488912396214e-7
4697 1.9850488912396214e-7
4698 1.9850488912396214e-7
4699 1.9850488912396214e-7
4700 1.9850488912396214e-7
4701 1.9850488912396214e-7
4702 1.9850488912396214e-7
4703 1.9850488912396214e-7
4704 1.9850488912396214e-7
4705 1.9850488912396214e-7
4706 1.9850488912396214e-7
4707 1.9850488912396214e-7
4708 1.986939460151967e-7
4709 1.986939460151967e-7
4710 1.986939460151967e-7
4711 1.986939460151967e-7
4712 1.986939460151967e-7
4713 1.986939460151967e-7
4714 1.9911852245543758e-7
4715 1.9911852245543758e-7
4716 1.9911852245543758e-7
4717 1.9911852245543758e-7
4718 1.9911852245543758e-7
4719 1.9954630332228028e-7
4720 2.004899846483793e-7
4721 2.004899846483793e-7
4722 2.004899846483793e-7
4723 2.004899846483793e-7
4724 2.004899846483793e-7
4725 2.004899846483793e-7
4726 2.004899846483793e-7
4727 2.004899846483793e-7
4728 2.008953351401911e-7
4729 2.008953351401911e-7
4730 2.008953351401911e-7
4731 2.008953351401911e-7
4732 2.008953351401911e-7
4733 2.0159067982205836e-7
4734 2.0159067982205836e-7
4735 2.0159067982205836e-7
4736 2.0159067982205836e-7
4737 2.0159067982205836e-7
4738 2.0159067982205836e-7
4739 2.0159067982205836e-7
4740 2.0159067982205836e-7
4741 2.0159067982205836e-7
4742 2.0159067982205836e-7
4743 2.0159067982205836e-7
4744 2.0159067982205836e-7
4745 2.0159067982205836e-7
4746 2.0159067982205836e-7
4747 2.0159067982205836e-7
4748 2.0159067982205836e-7
4749 2.0328578237878378e-7
4750 2.0328578237878378e-7
4751 2.0328578237878378e-7
4752 2.0328578237878378e-7
4753 2.0328578237878378e-7
4754 2.0328578237878378e-7
4755 2.0328578237878378e-7
4756 2.0328578237878378e-7
4757 2.0328578237878378e-7
4758 2.0328578237878378e-7
4759 2.0328578237878378e-7
4760 2.0328578237878378e-7
4761 2.0328578237878378e-7
4762 2.0328578237878378e-7
4763 2.0328578237878378e-7
4764 2.0328578237878378e-7
4765 2.0328578237878378e-7
4766 2.0328578237878378e-7
4767 2.0328578237878378e-7
4768 2.0328578237878378e-7
4769 2.0328578237878378e-7
4770 2.0328578237878378e-7
4771 2.0410449473450288e-7
4772 2.0410449473450288e-7
4773 2.0410449473450288e-7
4774 2.0410449473450288e-7
4775 2.0410449473450288e-7
4776 2.0410449473450288e-7
4777 2.0410449473450288e-7
4778 2.0410449473450288e-7
4779 2.0410449473450288e-7
4780 2.0410449473450288e-7
4781 2.0410449473450288e-7
4782 2.0410449473450288e-7
4783 2.0410449473450288e-7
4784 2.0410449473450288e-7
4785 2.0410449473450288e-7
4786 2.0410449473450288e-7
4787 2.0410449473450288e-7
4788 2.0410449473450288e-7
4789 2.0410449473450288e-7
4790 2.0452106041383014e-7
4791 2.0452106041383014e-7
4792 2.0452106041383014e-7
4793 2.0500651973714194e-7
4794 2.0500651973714194e-7
4795 2.0500651973714194e-7
4796 2.0500651973714194e-7
4797 2.0500651973714194e-7
4798 2.0500651973714194e-7
4799 2.0500651973714194e-7
4800 2.0540225817151203e-7
4801 2.0540225817151203e-7
4802 2.0540225817151203e-7
4803 2.0540225817151203e-7
4804 2.0540225817151203e-7
4805 2.0540225817151203e-7
4806 2.063459407199748e-7
4807 2.063459407199748e-7
4808 2.063459407199748e-7
4809 2.063459407199748e-7
4810 2.063459407199748e-7
4811 2.063459407199748e-7
4812 2.063459407199748e-7
4813 2.063459407199748e-7
4814 2.063459407199748e-7
4815 2.063459407199748e-7
4816 2.063459407199748e-7
4817 2.063459407199748e-7
4818 2.069691873312557e-7
4819 2.069691873312557e-7
4820 2.069691873312557e-7
4821 2.069691873312557e-7
4822 2.069691873312557e-7
4823 2.069691873312557e-7
4824 2.069691873312557e-7
4825 2.069691873312557e-7
4826 2.0765171491789756e-7
4827 2.0765171491789756e-7
4828 2.0765171491789756e-7
4829 2.0765171491789756e-7
4830 2.0765171491789756e-7
4831 2.0765171491789756e-7
4832 2.0765171491789756e-7
4833 2.0765171491789756e-7
4834 2.0765171491789756e-7
4835 2.0765171491789756e-7
4836 2.0795933253749027e-7
4837 2.0795933253749027e-7
4838 2.0795933253749027e-7
4839 2.0795933253749027e-7
4840 2.0795933253749027e-7
4841 2.0795933253749027e-7
4842 2.0795933253749027e-7
4843 2.0795933253749027e-7
4844 2.0795933253749027e-7
4845 2.0795933253749027e-7
4846 2.0795933253749027e-7
4847 2.0795933253749027e-7
4848 2.0795933253749027e-7
4849 2.0795933253749027e-7
4850 2.0795933253749027e-7
4851 2.0795933253749027e-7
4852 2.0867230064889477e-7
4853 2.0867230064889477e-7
4854 2.0867230064889477e-7
4855 2.0867230064889477e-7
4856 2.0867230064889477e-7
4857 2.0867230064889477e-7
4858 2.0867230064889477e-7
4859 2.0867230064889477e-7
4860 2.0867230064889477e-7
4861 2.0867230064889477e-7
4862 2.0867230064889477e-7
4863 2.0867230064889477e-7
4864 2.0867230064889477e-7
4865 2.088982075292775e-7
4866 2.088982075292775e-7
4867 2.088982075292775e-7
4868 2.088982075292775e-7
4869 2.088982075292775e-7
4870 2.088982075292775e-7
4871 2.088982075292775e-7
4872 2.088982075292775e-7
4873 2.088982075292775e-7
4874 2.088982075292775e-7
4875 2.088982075292775e-7
4876 2.088982075292775e-7
4877 2.088982075292775e-7
4878 2.088982075292775e-7
4879 2.088982075292775e-7
4880 2.088982075292775e-7
4881 2.088982075292775e-7
4882 2.088982075292775e-7
4883 2.088982075292775e-7
4884 2.088982075292775e-7
4885 2.088982075292775e-7
4886 2.088982075292775e-7
4887 2.088982075292775e-7
4888 2.088982075292775e-7
4889 2.088982075292775e-7
4890 2.088982075292775e-7
4891 2.088982075292775e-7
4892 2.088982075292775e-7
4893 2.088982075292775e-7
4894 2.088982075292775e-7
4895 2.088982075292775e-7
4896 2.088982075292775e-7
4897 2.088982075292775e-7
4898 2.088982075292775e-7
4899 2.088982075292775e-7
4900 2.088982075292775e-7
4901 2.088982075292775e-7
4902 2.088982075292775e-7
4903 2.088982075292775e-7
4904 2.0954869084990109e-7
4905 2.0954869084990109e-7
4906 2.0954869084990109e-7
4907 2.0954869084990109e-7
4908 2.0954869084990109e-7
4909 2.1030491780365742e-7
4910 2.1030491780365742e-7
4911 2.1030491780365742e-7
4912 2.1030491780365742e-7
4913 2.1030491780365742e-7
4914 2.1030491780365742e-7
4915 2.1030491780365742e-7
4916 2.1030491780365742e-7
4917 2.1030491780365742e-7
4918 2.1030491780365742e-7
4919 2.1030491780365742e-7
4920 2.1030491780365742e-7
4921 2.1030491780365742e-7
4922 2.1030491780365742e-7
4923 2.1030491780365742e-7
4924 2.1030491780365742e-7
4925 2.1030491780365742e-7
4926 2.1030491780365742e-7
4927 2.1030491780365742e-7
4928 2.1030491780365742e-7
4929 2.1030491780365742e-7
4930 2.1030491780365742e-7
4931 2.1030491780365742e-7
4932 2.1030491780365742e-7
4933 2.1030491780365742e-7
4934 2.1030491780365742e-7
4935 2.1030491780365742e-7
4936 2.1030491780365742e-7
4937 2.1030491780365742e-7
4938 2.1030491780365742e-7
4939 2.1030491780365742e-7
4940 2.123476930069074e-7
4941 2.123476930069074e-7
4942 2.123476930069074e-7
4943 2.123476930069074e-7
4944 2.123476930069074e-7
4945 2.123476930069074e-7
4946 2.123476930069074e-7
4947 2.123476930069074e-7
4948 2.123476930069074e-7
4949 2.123476930069074e-7
4950 2.123476930069074e-7
4951 2.123476930069074e-7
4952 2.123476930069074e-7
4953 2.123476930069074e-7
4954 2.123476930069074e-7
4955 2.123476930069074e-7
4956 2.123476930069074e-7
4957 2.123476930069074e-7
4958 2.123476930069074e-7
4959 2.123476930069074e-7
4960 2.123476930069074e-7
4961 2.123476930069074e-7
4962 2.123476930069074e-7
4963 2.123476930069074e-7
4964 2.123476930069074e-7
4965 2.123476930069074e-7
4966 2.1333783821314197e-7
4967 2.1333783821314197e-7
4968 2.1333783821314197e-7
4969 2.1333783821314197e-7
4970 2.1333783821314197e-7
4971 2.1333783821314197e-7
4972 2.1386495385991373e-7
4973 2.1386495385991373e-7
4974 2.1386495385991373e-7
4975 2.1386495385991373e-7
4976 2.1386495385991373e-7
4977 2.1386495385991373e-7
4978 2.1386495385991373e-7
4979 2.1386495385991373e-7
4980 2.1386495385991373e-7
4981 2.1386495385991373e-7
4982 2.1386495385991373e-7
4983 2.1386495385991373e-7
4984 2.1386495385991373e-7
4985 2.1386495385991373e-7
4986 2.1386495385991373e-7
4987 2.1386495385991373e-7
4988 2.1442891949583368e-7
4989 2.1442891949583368e-7
4990 2.1442891949583368e-7
4991 2.1442891949583368e-7
4992 2.1442891949583368e-7
4993 2.1442891949583368e-7
4994 2.1442891949583368e-7
4995 2.1442891949583368e-7
4996 2.1493680980535825e-7
4997 2.1493680980535825e-7
4998 2.1493680980535825e-7
4999 2.1493680980535825e-7
5000 2.1493680980535825e-7
5001 2.1493680980535825e-7
5002 2.1493680980535825e-7
5003 2.1493680980535825e-7
5004 2.1493680980535825e-7
5005 2.1562574563402187e-7
5006 2.1562574563402187e-7
5007 2.1562574563402187e-7
5008 2.1562574563402187e-7
5009 2.1562574563402187e-7
5010 2.1562574563402187e-7
5011 2.1562574563402187e-7
5012 2.1562574563402187e-7
5013 2.1562574563402187e-7
5014 2.1562574563402187e-7
5015 2.1562574563402187e-7
5016 2.1562574563402187e-7
5017 2.1562574563402187e-7
5018 2.1562574563402187e-7
5019 2.1562574563402187e-7
5020 2.1562574563402187e-7
5021 2.1642683394902187e-7
5022 2.1642683394902187e-7
5023 2.1642683394902187e-7
5024 2.1642683394902187e-7
5025 2.1642683394902187e-7
5026 2.1642683394902187e-7
5027 2.1642683394902187e-7
5028 2.1642683394902187e-7
5029 2.1642683394902187e-7
5030 2.1642683394902187e-7
5031 2.1642683394902187e-7
5032 2.1642683394902187e-7
5033 2.1642683394902187e-7
5034 2.1642683394902187e-7
5035 2.1642683394902187e-7
5036 2.1642683394902187e-7
5037 2.1857855660082455e-7
5038 2.1857855660082455e-7
5039 2.1857855660082455e-7
5040 2.2135993532829363e-7
5041 2.2135993532829363e-7
5042 2.2135993532829363e-7
5043 2.2135993532829363e-7
5044 2.2135993532829363e-7
5045 2.2135993532829363e-7
5046 2.2135993532829363e-7
5047 2.2135993532829363e-7
5048 2.2135993532829363e-7
5049 2.2135993532829363e-7
5050 2.2135993532829363e-7
5051 2.2135993532829363e-7
5052 2.2135993532829363e-7
5053 2.2135993532829363e-7
5054 2.2135993532829363e-7
5055 2.2135993532829363e-7
5056 2.2135993532829363e-7
5057 2.2135993532829363e-7
5058 2.2135993532829363e-7
5059 2.2135993532829363e-7
5060 2.2135993532829363e-7
5061 2.2135993532829363e-7
5062 2.2135993532829363e-7
5063 2.2135993532829363e-7
5064 2.2135993532829363e-7
5065 2.2135993532829363e-7
5066 2.2207931229290178e-7
5067 2.2207931229290178e-7
5068 2.2207931229290178e-7
5069 2.2207931229290178e-7
5070 2.2207931229290178e-7
5071 2.2207931229290178e-7
5072 2.2207931229290178e-7
5073 2.2207931229290178e-7
5074 2.2207931229290178e-7
5075 2.2356773330649166e-7
5076 2.2356773330649166e-7
5077 2.2458351392554083e-7
5078 2.2458351392554083e-7
5079 2.2458351392554083e-7
5080 2.2458351392554083e-7
5081 2.2458351392554083e-7
5082 2.2458351392554083e-7
5083 2.2458351392554083e-7
5084 2.2458351392554083e-7
5085 2.2458351392554083e-7
5086 2.2458351392554083e-7
5087 2.2458351392554083e-7
5088 2.2458351392554083e-7
5089 2.2458351392554083e-7
5090 2.2458351392554083e-7
5091 2.2458351392554083e-7
5092 2.2458351392554083e-7
5093 2.2458351392554083e-7
5094 2.2458351392554083e-7
5095 2.2458351392554083e-7
5096 2.2458351392554083e-7
5097 2.2458351392554083e-7
5098 2.2458351392554083e-7
5099 2.2458351392554083e-7
5100 2.2458351392554083e-7
5101 2.2458351392554083e-7
5102 2.2458351392554083e-7
5103 2.2458351392554083e-7
5104 2.2458351392554083e-7
5105 2.2458351392554083e-7
5106 2.2458351392554083e-7
5107 2.2458351392554083e-7
5108 2.2458351392554083e-7
5109 2.2458351392554083e-7
5110 2.2458351392554083e-7
5111 2.2458351392554083e-7
5112 2.2458351392554083e-7
5113 2.2458351392554083e-7
5114 2.2458351392554083e-7
5115 2.2458351392554083e-7
5116 2.2458351392554083e-7
5117 2.2458351392554083e-7
5118 2.2458351392554083e-7
5119 2.2458351392554083e-7
5120 2.2458351392554083e-7
5121 2.2458351392554083e-7
5122 2.2458351392554083e-7
5123 2.2458351392554083e-7
5124 2.2458351392554083e-7
5125 2.2458351392554083e-7
5126 2.2458351392554083e-7
5127 2.2458351392554083e-7
5128 2.2458351392554083e-7
5129 2.2458351392554083e-7
5130 2.2458351392554083e-7
5131 2.2458351392554083e-7
5132 2.2458351392554083e-7
5133 2.2458351392554083e-7
5134 2.2458351392554083e-7
5135 2.2458351392554083e-7
5136 2.2458351392554083e-7
5137 2.2458351392554083e-7
5138 2.2458351392554083e-7
5139 2.2458351392554083e-7
5140 2.2458351392554083e-7
5141 2.2458351392554083e-7
5142 2.2458351392554083e-7
5143 2.2458351392554083e-7
5144 2.2475654868376624e-7
5145 2.2475654868376624e-7
5146 2.2541344085759348e-7
5147 2.2541344085759348e-7
5148 2.2541344085759348e-7
5149 2.2541344085759348e-7
5150 2.2541344085759348e-7
5151 2.2541344085759348e-7
5152 2.2541344085759348e-7
5153 2.2541344085759348e-7
5154 2.2541344085759348e-7
5155 2.2602547228135894e-7
5156 2.2631867089801625e-7
5157 2.2631867089801625e-7
5158 2.2669998910708717e-7
5159 2.2669998910708717e-7
5160 2.2669998910708717e-7
5161 2.2669998910708717e-7
5162 2.2678490427289898e-7
5163 2.2678490427289898e-7
5164 2.2678490427289898e-7
5165 2.2678490427289898e-7
5166 2.2678490427289898e-7
5167 2.2686661501210894e-7
5168 2.2686661501210894e-7
5169 2.2686661501210894e-7
5170 2.271582104986925e-7
5171 2.271582104986925e-7
5172 2.271582104986925e-7
5173 2.2775421917826694e-7
5174 2.2775421917826694e-7
5175 2.279080279880633e-7
5176 2.2885170931416232e-7
5177 2.2885170931416232e-7
5178 2.2885170931416232e-7
5179 2.2885170931416232e-7
5180 2.2885170931416232e-7
5181 2.2885170931416232e-7
5182 2.2885170931416232e-7
5183 2.2885170931416232e-7
5184 2.2885170931416232e-7
5185 2.2885170931416232e-7
5186 2.2885170931416232e-7
5187 2.2885170931416232e-7
5188 2.2885170931416232e-7
5189 2.2969605647151414e-7
5190 2.2969605647151414e-7
5191 2.2969605647151414e-7
5192 2.3015107404769953e-7
5193 2.305355966833723e-7
5194 2.305355966833723e-7
5195 2.3166513047410403e-7
5196 2.3166513047410403e-7
5197 2.3166513047410403e-7
5198 2.3166513047410403e-7
5199 2.3166513047410403e-7
5200 2.3166513047410403e-7
5201 2.3166513047410403e-7
5202 2.3166513047410403e-7
5203 2.3166513047410403e-7
5204 2.3166513047410403e-7
5205 2.3166513047410403e-7
5206 2.3166513047410403e-7
5207 2.3181733676500852e-7
5208 2.3181733676500852e-7
5209 2.3181733676500852e-7
5210 2.324197549089685e-7
5211 2.3301416168083296e-7
5212 2.3301416168083296e-7
5213 2.3301416168083296e-7
5214 2.3301416168083296e-7
5215 2.333554254741539e-7
5216 2.333554254741539e-7
5217 2.333554254741539e-7
5218 2.333554254741539e-7
5219 2.333554254741539e-7
5220 2.333554254741539e-7
5221 2.333554254741539e-7
5222 2.333554254741539e-7
5223 2.333554254741539e-7
5224 2.333554254741539e-7
5225 2.333554254741539e-7
5226 2.333554254741539e-7
5227 2.333554254741539e-7
5228 2.333554254741539e-7
5229 2.333554254741539e-7
5230 2.333554254741539e-7
5231 2.333554254741539e-7
5232 2.333554254741539e-7
5233 2.3370149560178663e-7
5234 2.3370149560178663e-7
5235 2.3370149560178663e-7
5236 2.3370149560178663e-7
5237 2.3370149560178663e-7
5238 2.3370149560178663e-7
5239 2.3419817011261388e-7
5240 2.3419817011261388e-7
5241 2.3419817011261388e-7
5242 2.3419817011261388e-7
5243 2.3419817011261388e-7
5244 2.3419817011261388e-7
5245 2.3419817011261388e-7
5246 2.3419817011261388e-7
5247 2.3419817011261388e-7
5248 2.3419817011261388e-7
5249 2.3419817011261388e-7
5250 2.3419817011261388e-7
5251 2.3419817011261388e-7
5252 2.3419817011261388e-7
5253 2.3442888393849028e-7
5254 2.3442888393849028e-7
5255 2.3442888393849028e-7
5256 2.3536775954145937e-7
5257 2.3536775954145937e-7
5258 2.3536775954145937e-7
5259 2.3536775954145937e-7
5260 2.3536775954145937e-7
5261 2.3536775954145937e-7
5262 2.3536775954145937e-7
5263 2.3536775954145937e-7
5264 2.3536775954145937e-7
5265 2.3536775954145937e-7
5266 2.3536775954145937e-7
5267 2.3536775954145937e-7
5268 2.3536775954145937e-7
5269 2.3536775954145937e-7
5270 2.3536775954145937e-7
5271 2.3536775954145937e-7
5272 2.3536775954145937e-7
5273 2.3536775954145937e-7
5274 2.3577150873674308e-7
5275 2.3577150873674308e-7
5276 2.3593332891863494e-7
5277 2.3593332891863494e-7
5278 2.362425484459376e-7
5279 2.362425484459376e-7
5280 2.362425484459376e-7
5281 2.362425484459376e-7
5282 2.362425484459376e-7
5283 2.362425484459376e-7
5284 2.362425484459376e-7
5285 2.362425484459376e-7
5286 2.362425484459376e-7
5287 2.362425484459376e-7
5288 2.362425484459376e-7
5289 2.362425484459376e-7
5290 2.362425484459376e-7
5291 2.362425484459376e-7
5292 2.362425484459376e-7
5293 2.362425484459376e-7
5294 2.362425484459376e-7
5295 2.366126508563112e-7
5296 2.366126508563112e-7
5297 2.366126508563112e-7
5298 2.366126508563112e-7
5299 2.366126508563112e-7
5300 2.366126508563112e-7
5301 2.366126508563112e-7
5302 2.366126508563112e-7
5303 2.3674242799454856e-7
5304 2.3674242799454856e-7
5305 2.3674242799454856e-7
5306 2.3674242799454856e-7
5307 2.3674242799454856e-7
5308 2.3674242799454856e-7
5309 2.3674242799454856e-7
5310 2.3674242799454856e-7
5311 2.3674242799454856e-7
5312 2.3674242799454856e-7
5313 2.3674242799454856e-7
5314 2.3674242799454856e-7
5315 2.3674242799454856e-7
5316 2.3674242799454856e-7
5317 2.3674242799454856e-7
5318 2.3674242799454856e-7
5319 2.3674242799454856e-7
5320 2.3674242799454856e-7
5321 2.3674242799454856e-7
5322 2.3674242799454856e-7
5323 2.3674242799454856e-7
5324 2.3674242799454856e-7
5325 2.3674242799454856e-7
5326 2.3674242799454856e-7
5327 2.3674242799454856e-7
5328 2.3674242799454856e-7
5329 2.3674242799454856e-7
5330 2.3674242799454856e-7
5331 2.3674242799454856e-7
5332 2.3674242799454856e-7
5333 2.3674242799454856e-7
5334 2.3674242799454856e-7
5335 2.3674242799454856e-7
5336 2.3705485255963493e-7
5337 2.3705485255963493e-7
5338 2.3728877020093126e-7
5339 2.3728877020093126e-7
5340 2.3728877020093126e-7
5341 2.3728877020093126e-7
5342 2.3728877020093126e-7
5343 2.3728877020093126e-7
5344 2.3728877020093126e-7
5345 2.38153945825604e-7
5346 2.38153945825604e-7
5347 2.38153945825604e-7
5348 2.38153945825604e-7
5349 2.38153945825604e-7
5350 2.38153945825604e-7
5351 2.38153945825604e-7
5352 2.38153945825604e-7
5353 2.38153945825604e-7
5354 2.38153945825604e-7
5355 2.38153945825604e-7
5356 2.38153945825604e-7
5357 2.38153945825604e-7
5358 2.38153945825604e-7
5359 2.38153945825604e-7
5360 2.38153945825604e-7
5361 2.38153945825604e-7
5362 2.388364721898821e-7
5363 2.388364721898821e-7
5364 2.392161878800611e-7
5365 2.392161878800611e-7
5366 2.392161878800611e-7
5367 2.392161878800611e-7
5368 2.392161878800611e-7
5369 2.392161878800611e-7
5370 2.392161878800611e-7
5371 2.392161878800611e-7
5372 2.392161878800611e-7
5373 2.392161878800611e-7
5374 2.397048522411566e-7
5375 2.397048522411566e-7
5376 2.397048522411566e-7
5377 2.397048522411566e-7
5378 2.400941812111412e-7
5379 2.400941812111412e-7
5380 2.400941812111412e-7
5381 2.404530684339993e-7
5382 2.404530684339993e-7
5383 2.404530684339993e-7
5384 2.4058124244216296e-7
5385 2.4058124244216296e-7
5386 2.4058124244216296e-7
5387 2.4058124244216296e-7
5388 2.4058124244216296e-7
5389 2.4058124244216296e-7
5390 2.418469616131538e-7
5391 2.418469616131538e-7
5392 2.420840830698701e-7
5393 2.420840830698701e-7
5394 2.420840830698701e-7
5395 2.4246860509436095e-7
5396 2.4246860509436095e-7
5397 2.4246860509436095e-7
5398 2.4246860509436095e-7
5399 2.4246860509436095e-7
5400 2.4246860509436095e-7
5401 2.4246860509436095e-7
5402 2.4246860509436095e-7
5403 2.4246860509436095e-7
5404 2.433385864421636e-7
5405 2.433385864421636e-7
5406 2.433385864421636e-7
5407 2.433385864421636e-7
5408 2.433385864421636e-7
5409 2.433385864421636e-7
5410 2.433385864421636e-7
5411 2.433385864421636e-7
5412 2.433385864421636e-7
5413 2.433385864421636e-7
5414 2.433385864421636e-7
5415 2.433385864421636e-7
5416 2.433385864421636e-7
5417 2.433385864421636e-7
5418 2.433385864421636e-7
5419 2.433385864421636e-7
5420 2.433385864421636e-7
5421 2.433385864421636e-7
5422 2.433385864421636e-7
5423 2.433385864421636e-7
5424 2.4372951854222187e-7
5425 2.4372951854222187e-7
5426 2.4372951854222187e-7
5427 2.4372951854222187e-7
5428 2.4372951854222187e-7
5429 2.4372951854222187e-7
5430 2.4372951854222187e-7
5431 2.4372951854222187e-7
5432 2.4372951854222187e-7
5433 2.4372951854222187e-7
5434 2.4372951854222187e-7
5435 2.4372951854222187e-7
5436 2.4372951854222187e-7
5437 2.4372951854222187e-7
5438 2.4372951854222187e-7
5439 2.4372951854222187e-7
5440 2.4372951854222187e-7
5441 2.4372951854222187e-7
5442 2.4372951854222187e-7
5443 2.4372951854222187e-7
5444 2.4372951854222187e-7
5445 2.4409000828397186e-7
5446 2.4409000828397186e-7
5447 2.4409000828397186e-7
5448 2.4409000828397186e-7
5449 2.447533086998209e-7
5450 2.447533086998209e-7
5451 2.447533086998209e-7
5452 2.447533086998209e-7
5453 2.447533086998209e-7
5454 2.447533086998209e-7
5455 2.447533086998209e-7
5456 2.447533086998209e-7
5457 2.447533086998209e-7
5458 2.447533086998209e-7
5459 2.447533086998209e-7
5460 2.447533086998209e-7
5461 2.447533086998209e-7
5462 2.447533086998209e-7
5463 2.447533086998209e-7
5464 2.447533086998209e-7
5465 2.447533086998209e-7
5466 2.447533086998209e-7
5467 2.447533086998209e-7
5468 2.447533086998209e-7
5469 2.447533086998209e-7
5470 2.447533086998209e-7
5471 2.447533086998209e-7
5472 2.447533086998209e-7
5473 2.447533086998209e-7
5474 2.447533086998209e-7
5475 2.447533086998209e-7
5476 2.447533086998209e-7
5477 2.447533086998209e-7
5478 2.447533086998209e-7
5479 2.447533086998209e-7
5480 2.447533086998209e-7
5481 2.447533086998209e-7
5482 2.447533086998209e-7
5483 2.447533086998209e-7
5484 2.447533086998209e-7
5485 2.447533086998209e-7
5486 2.447533086998209e-7
5487 2.447533086998209e-7
5488 2.447533086998209e-7
5489 2.447533086998209e-7
5490 2.447533086998209e-7
5491 2.447533086998209e-7
5492 2.447533086998209e-7
5493 2.447533086998209e-7
5494 2.447533086998209e-7
5495 2.447533086998209e-7
5496 2.447533086998209e-7
5497 2.447533086998209e-7
5498 2.447533086998209e-7
5499 2.447533086998209e-7
5500 2.447533086998209e-7
5501 2.4505772250399365e-7
5502 2.4505772250399365e-7
5503 2.4505772250399365e-7
5504 2.4505772250399365e-7
5505 2.4505772250399365e-7
5506 2.4505772250399365e-7
5507 2.4505772250399365e-7
5508 2.4505772250399365e-7
5509 2.4505772250399365e-7
5510 2.4505772250399365e-7
5511 2.4505772250399365e-7
5512 2.4505772250399365e-7
5513 2.4505772250399365e-7
5514 2.4505772250399365e-7
5515 2.4505772250399365e-7
5516 2.4505772250399365e-7
5517 2.4505772250399365e-7
5518 2.4505772250399365e-7
5519 2.4505772250399365e-7
5520 2.4505772250399365e-7
5521 2.4505772250399365e-7
5522 2.4505772250399365e-7
5523 2.4505772250399365e-7
5524 2.4505772250399365e-7
5525 2.4505772250399365e-7
5526 2.4505772250399365e-7
5527 2.4505772250399365e-7
5528 2.4505772250399365e-7
5529 2.4505772250399365e-7
5530 2.4505772250399365e-7
5531 2.460030069601664e-7
5532 2.460030069601664e-7
5533 2.460030069601664e-7
5534 2.460030069601664e-7
5535 2.460030069601664e-7
5536 2.460030069601664e-7
5537 2.460030069601664e-7
5538 2.460030069601664e-7
5539 2.462769790172127e-7
5540 2.462769790172127e-7
5541 2.462769790172127e-7
5542 2.462769790172127e-7
5543 2.462769790172127e-7
5544 2.462769790172127e-7
5545 2.468217187047036e-7
5546 2.468217187047036e-7
5547 2.468217187047036e-7
5548 2.468217187047036e-7
5549 2.468217187047036e-7
5550 2.468217187047036e-7
5551 2.468217187047036e-7
5552 2.468217187047036e-7
5553 2.468217187047036e-7
5554 2.468217187047036e-7
5555 2.4729275902508e-7
5556 2.4729275902508e-7
5557 2.4729275902508e-7
5558 2.4729275902508e-7
5559 2.478182727641418e-7
5560 2.478182727641418e-7
5561 2.478182727641418e-7
5562 2.478182727641418e-7
5563 2.478182727641418e-7
5564 2.478182727641418e-7
5565 2.478182727641418e-7
5566 2.478182727641418e-7
5567 2.478182727641418e-7
5568 2.478182727641418e-7
5569 2.478182727641418e-7
5570 2.478182727641418e-7
5571 2.478182727641418e-7
5572 2.478182727641418e-7
5573 2.478182727641418e-7
5574 2.478182727641418e-7
5575 2.478182727641418e-7
5576 2.478182727641418e-7
5577 2.478182727641418e-7
5578 2.478182727641418e-7
5579 2.478182727641418e-7
5580 2.478182727641418e-7
5581 2.478182727641418e-7
5582 2.478182727641418e-7
5583 2.478182727641418e-7
5584 2.478182727641418e-7
5585 2.478182727641418e-7
5586 2.478182727641418e-7
5587 2.478182727641418e-7
5588 2.478182727641418e-7
5589 2.478182727641418e-7
5590 2.478182727641418e-7
5591 2.478182727641418e-7
5592 2.478182727641418e-7
5593 2.478182727641418e-7
5594 2.478182727641418e-7
5595 2.478182727641418e-7
5596 2.478182727641418e-7
5597 2.478182727641418e-7
5598 2.478182727641418e-7
5599 2.478182727641418e-7
5600 2.478182727641418e-7
5601 2.478182727641418e-7
5602 2.478182727641418e-7
5603 2.478182727641418e-7
5604 2.4819959097321275e-7
5605 2.4819959097321275e-7
5606 2.489109571769073e-7
5607 2.489109571769073e-7
5608 2.489109571769073e-7
5609 2.489109571769073e-7
5610 2.489109571769073e-7
5611 2.489109571769073e-7
5612 2.489109571769073e-7
5613 2.4938359940499367e-7
5614 2.4938359940499367e-7
5615 2.4938359940499367e-7
5616 2.4938359940499367e-7
5617 2.4938359940499367e-7
5618 2.4938359940499367e-7
5619 2.4938359940499367e-7
5620 2.4938359940499367e-7
5621 2.4938359940499367e-7
5622 2.4938359940499367e-7
5623 2.4938359940499367e-7
5624 2.4938359940499367e-7
5625 2.4938359940499367e-7
5626 2.4938359940499367e-7
5627 2.4938359940499367e-7
5628 2.4938359940499367e-7
5629 2.4938359940499367e-7
5630 2.4938359940499367e-7
5631 2.4938359940499367e-7
5632 2.4938359940499367e-7
5633 2.4938359940499367e-7
5634 2.4938359940499367e-7
5635 2.4938359940499367e-7
5636 2.4938359940499367e-7
5637 2.4938359940499367e-7
5638 2.4944288038035465e-7
5639 2.4944288038035465e-7
5640 2.4944288038035465e-7
5641 2.4944288038035465e-7
5642 2.495422157714656e-7
5643 2.495422157714656e-7
5644 2.495422157714656e-7
5645 2.499667922117064e-7
5646 2.499667922117064e-7
5647 2.499667922117064e-7
5648 2.499667922117064e-7
5649 2.499667922117064e-7
5650 2.499667922117064e-7
5651 2.499667922117064e-7
5652 2.499667922117064e-7
5653 2.5043783253208284e-7
5654 2.5043783253208284e-7
5655 2.5043783253208284e-7
5656 2.510979297436938e-7
5657 2.510979297436938e-7
5658 2.510979297436938e-7
5659 2.5154974350445923e-7
5660 2.5154974350445923e-7
5661 2.5154974350445923e-7
5662 2.5154974350445923e-7
5663 2.5223387299881103e-7
5664 2.5223387299881103e-7
5665 2.5223387299881103e-7
5666 2.5223387299881103e-7
5667 2.5223387299881103e-7
5668 2.5223387299881103e-7
5669 2.5223387299881103e-7
5670 2.5223387299881103e-7
5671 2.5223387299881103e-7
5672 2.5223387299881103e-7
5673 2.5223387299881103e-7
5674 2.5223387299881103e-7
5675 2.523267995367183e-7
5676 2.523267995367183e-7
5677 2.523267995367183e-7
5678 2.523267995367183e-7
5679 2.523267995367183e-7
5680 2.53374623199422e-7
5681 2.53374623199422e-7
5682 2.53374623199422e-7
5683 2.53374623199422e-7
5684 2.53374623199422e-7
5685 2.53374623199422e-7
5686 2.53374623199422e-7
5687 2.53374623199422e-7
5688 2.53374623199422e-7
5689 2.53374623199422e-7
5690 2.53374623199422e-7
5691 2.53374623199422e-7
5692 2.53374623199422e-7
5693 2.53374623199422e-7
5694 2.53374623199422e-7
5695 2.53374623199422e-7
5696 2.53374623199422e-7
5697 2.53374623199422e-7
5698 2.53374623199422e-7
5699 2.53374623199422e-7
5700 2.53374623199422e-7
5701 2.53374623199422e-7
5702 2.53374623199422e-7
5703 2.53374623199422e-7
5704 2.53374623199422e-7
5705 2.53374623199422e-7
5706 2.53374623199422e-7
5707 2.53374623199422e-7
5708 2.53374623199422e-7
5709 2.53374623199422e-7
5710 2.53374623199422e-7
5711 2.53374623199422e-7
5712 2.53374623199422e-7
5713 2.53374623199422e-7
5714 2.5362296045483563e-7
5715 2.5362296045483563e-7
5716 2.5362296045483563e-7
5717 2.5362296045483563e-7
5718 2.5362296045483563e-7
5719 2.5362296045483563e-7
5720 2.5402350461233563e-7
5721 2.5402350461233563e-7
5722 2.5402350461233563e-7
5723 2.5402350461233563e-7
5724 2.5402350461233563e-7
5725 2.5402350461233563e-7
5726 2.5402350461233563e-7
5727 2.5402350461233563e-7
5728 2.5402350461233563e-7
5729 2.5402350461233563e-7
5730 2.5402350461233563e-7
5731 2.5402350461233563e-7
5732 2.5402350461233563e-7
5733 2.5402350461233563e-7
5734 2.5402350461233563e-7
5735 2.5402350461233563e-7
5736 2.5402350461233563e-7
5737 2.5402350461233563e-7
5738 2.5402350461233563e-7
5739 2.5402350461233563e-7
5740 2.5402350461233563e-7
5741 2.5402350461233563e-7
5742 2.5402350461233563e-7
5743 2.5402350461233563e-7
5744 2.5402350461233563e-7
5745 2.5402350461233563e-7
5746 2.5402350461233563e-7
5747 2.5402350461233563e-7
5748 2.5402350461233563e-7
5749 2.5402350461233563e-7
5750 2.5402350461233563e-7
5751 2.5402350461233563e-7
5752 2.5402350461233563e-7
5753 2.5402350461233563e-7
5754 2.5402350461233563e-7
5755 2.5402350461233563e-7
5756 2.5402350461233563e-7
5757 2.5402350461233563e-7
5758 2.5402350461233563e-7
5759 2.5402350461233563e-7
5760 2.5402350461233563e-7
5761 2.5402350461233563e-7
5762 2.5402350461233563e-7
5763 2.5402350461233563e-7
5764 2.5402350461233563e-7
5765 2.5402350461233563e-7
5766 2.5402350461233563e-7
5767 2.5402350461233563e-7
5768 2.5402350461233563e-7
5769 2.5402350461233563e-7
5770 2.5402350461233563e-7
5771 2.5402350461233563e-7
5772 2.5402350461233563e-7
5773 2.5402350461233563e-7
5774 2.5402350461233563e-7
5775 2.5402350461233563e-7
5776 2.5402350461233563e-7
5777 2.5402350461233563e-7
5778 2.5402350461233563e-7
5779 2.5402350461233563e-7
5780 2.5402350461233563e-7
5781 2.5402350461233563e-7
5782 2.5402350461233563e-7
5783 2.5402350461233563e-7
5784 2.5402350461233563e-7
5785 2.5402350461233563e-7
5786 2.5402350461233563e-7
5787 2.5402350461233563e-7
5788 2.5402350461233563e-7
5789 2.5402350461233563e-7
5790 2.5402350461233563e-7
5791 2.5402350461233563e-7
5792 2.5402350461233563e-7
5793 2.5402350461233563e-7
5794 2.5402350461233563e-7
5795 2.5402350461233563e-7
5796 2.5402350461233563e-7
5797 2.5402350461233563e-7
5798 2.5402350461233563e-7
5799 2.5402350461233563e-7
5800 2.5402350461233563e-7
5801 2.5402350461233563e-7
5802 2.5402350461233563e-7
5803 2.5402350461233563e-7
5804 2.5402350461233563e-7
5805 2.5402350461233563e-7
5806 2.5402350461233563e-7
5807 2.5402350461233563e-7
5808 2.5402350461233563e-7
5809 2.5402350461233563e-7
5810 2.5402350461233563e-7
5811 2.5402350461233563e-7
5812 2.5402350461233563e-7
5813 2.5402350461233563e-7
5814 2.5446410318558563e-7
5815 2.5446410318558563e-7
5816 2.5446410318558563e-7
5817 2.5446410318558563e-7
5818 2.5446410318558563e-7
5819 2.5446410318558563e-7
5820 2.5446410318558563e-7
5821 2.5446410318558563e-7
5822 2.5446410318558563e-7
5823 2.5446410318558563e-7
5824 2.5446410318558563e-7
5825 2.5446410318558563e-7
5826 2.5446410318558563e-7
5827 2.5446410318558563e-7
5828 2.5446410318558563e-7
5829 2.5446410318558563e-7
5830 2.5446410318558563e-7
5831 2.5446410318558563e-7
5832 2.5446410318558563e-7
5833 2.5446410318558563e-7
5834 2.552075136552984e-7
5835 2.552075136552984e-7
5836 2.552075136552984e-7
5837 2.552075136552984e-7
5838 2.55715403964823e-7
5839 2.55715403964823e-7
5840 2.566799137582429e-7
5841 2.566799137582429e-7
5842 2.566799137582429e-7
5843 2.566799137582429e-7
5844 2.566799137582429e-7
5845 2.566799137582429e-7
5846 2.5725189137744025e-7
5847 2.5725189137744025e-7
5848 2.5725189137744025e-7
5849 2.5725189137744025e-7
5850 2.5725189137744025e-7
5851 2.578334810540793e-7
5852 2.578334810540793e-7
5853 2.578334810540793e-7
5854 2.578334810540793e-7
5855 2.578334810540793e-7
5856 2.578334810540793e-7
5857 2.578334810540793e-7
5858 2.578334810540793e-7
5859 2.58139496765962e-7
5860 2.58139496765962e-7
5861 2.58139496765962e-7
5862 2.58139496765962e-7
5863 2.58139496765962e-7
5864 2.58139496765962e-7
5865 2.58139496765962e-7
5866 2.58139496765962e-7
5867 2.58139496765962e-7
5868 2.58139496765962e-7
5869 2.58139496765962e-7
5870 2.58139496765962e-7
5871 2.58139496765962e-7
5872 2.587274952958047e-7
5873 2.587274952958047e-7
5874 2.587274952958047e-7
5875 2.587274952958047e-7
5876 2.587274952958047e-7
5877 2.587274952958047e-7
5878 2.587274952958047e-7
5879 2.587274952958047e-7
5880 2.587274952958047e-7
5881 2.587274952958047e-7
5882 2.587274952958047e-7
5883 2.587274952958047e-7
5884 2.587274952958047e-7
5885 2.587274952958047e-7
5886 2.5912002808120923e-7
5887 2.5912002808120923e-7
5888 2.5912002808120923e-7
5889 2.5912002808120923e-7
5890 2.5912002808120923e-7
5891 2.5912002808120923e-7
5892 2.5912002808120923e-7
5893 2.5912002808120923e-7
5894 2.5912002808120923e-7
5895 2.5912002808120923e-7
5896 2.5912002808120923e-7
5897 2.5912002808120923e-7
5898 2.5912002808120923e-7
5899 2.5912002808120923e-7
5900 2.5912002808120923e-7
5901 2.5912002808120923e-7
5902 2.5912002808120923e-7
5903 2.5912002808120923e-7
5904 2.5912002808120923e-7
5905 2.5912002808120923e-7
5906 2.5912002808120923e-7
5907 2.5912002808120923e-7
5908 2.5912002808120923e-7
5909 2.5912002808120923e-7
5910 2.5912002808120923e-7
5911 2.5912002808120923e-7
5912 2.5912002808120923e-7
5913 2.5912002808120923e-7
5914 2.5912002808120923e-7
5915 2.5912002808120923e-7
5916 2.5912002808120923e-7
5917 2.5912002808120923e-7
5918 2.5912002808120923e-7
5919 2.5912002808120923e-7
5920 2.5912002808120923e-7
5921 2.593315153474747e-7
5922 2.593315153474747e-7
5923 2.593315153474747e-7
5924 2.593315153474747e-7
5925 2.593315153474747e-7
5926 2.593315153474747e-7
5927 2.593315153474747e-7
5928 2.5982178161628016e-7
5929 2.5982178161628016e-7
5930 2.5982178161628016e-7
5931 2.5982178161628016e-7
5932 2.5982178161628016e-7
5933 2.5982178161628016e-7
5934 2.5982178161628016e-7
5935 2.5982178161628016e-7
5936 2.5982178161628016e-7
5937 2.5982178161628016e-7
5938 2.5982178161628016e-7
5939 2.5982178161628016e-7
5940 2.5982178161628016e-7
5941 2.5982178161628016e-7
5942 2.5982178161628016e-7
5943 2.5982178161628016e-7
5944 2.5982178161628016e-7
5945 2.5982178161628016e-7
5946 2.5982178161628016e-7
5947 2.5982178161628016e-7
5948 2.5982178161628016e-7
5949 2.5982178161628016e-7
5950 2.5982178161628016e-7
5951 2.5982178161628016e-7
5952 2.5982178161628016e-7
5953 2.5982178161628016e-7
5954 2.5982178161628016e-7
5955 2.5982178161628016e-7
5956 2.5982178161628016e-7
5957 2.5982178161628016e-7
5958 2.5982178161628016e-7
5959 2.5982178161628016e-7
5960 2.5982178161628016e-7
5961 2.5982178161628016e-7
5962 2.5982178161628016e-7
5963 2.5982178161628016e-7
5964 2.5982178161628016e-7
5965 2.5982178161628016e-7
5966 2.5982178161628016e-7
5967 2.5982178161628016e-7
5968 2.5982178161628016e-7
5969 2.5982178161628016e-7
5970 2.5982178161628016e-7
5971 2.5982178161628016e-7
5972 2.5982178161628016e-7
5973 2.5982178161628016e-7
5974 2.5982178161628016e-7
5975 2.5982178161628016e-7
5976 2.5982178161628016e-7
5977 2.5982178161628016e-7
5978 2.5982178161628016e-7
5979 2.5982178161628016e-7
5980 2.5982178161628016e-7
5981 2.5982178161628016e-7
5982 2.5982178161628016e-7
5983 2.601902827301257e-7
5984 2.601902827301257e-7
5985 2.601902827301257e-7
5986 2.607830875942802e-7
5987 2.607830875942802e-7
5988 2.607830875942802e-7
5989 2.607830875942802e-7
5990 2.607830875942802e-7
5991 2.607830875942802e-7
5992 2.607830875942802e-7
5993 2.607830875942802e-7
5994 2.607830875942802e-7
5995 2.607830875942802e-7
5996 2.607830875942802e-7
5997 2.607830875942802e-7
5998 2.6094811220277386e-7
5999 2.6094811220277386e-7
6000 2.6094811220277386e-7
6001 2.6094811220277386e-7
6002 2.6094811220277386e-7
6003 2.614447867136011e-7
6004 2.614447867136011e-7
6005 2.614447867136011e-7
6006 2.614447867136011e-7
6007 2.614447867136011e-7
6008 2.616915220613048e-7
6009 2.616915220613048e-7
6010 2.616915220613048e-7
6011 2.623980819306875e-7
6012 2.623980819306875e-7
6013 2.623980819306875e-7
6014 2.623980819306875e-7
6015 2.623980819306875e-7
6016 2.623980819306875e-7
6017 2.623980819306875e-7
6018 2.623980819306875e-7
6019 2.623980819306875e-7
6020 2.623980819306875e-7
6021 2.630341468595576e-7
6022 2.630341468595576e-7
6023 2.630341468595576e-7
6024 2.630341468595576e-7
6025 2.630341468595576e-7
6026 2.632087841366749e-7
6027 2.632087841366749e-7
6028 2.632087841366749e-7
6029 2.632087841366749e-7
6030 2.632087841366749e-7
6031 2.632087841366749e-7
6032 2.632087841366749e-7
6033 2.632087841366749e-7
6034 2.635628656364031e-7
6035 2.635628656364031e-7
6036 2.638288269325358e-7
6037 2.638288269325358e-7
6038 2.638288269325358e-7
6039 2.638288269325358e-7
6040 2.638288269325358e-7
6041 2.6414766035082583e-7
6042 2.6414766035082583e-7
6043 2.6414766035082583e-7
6044 2.6414766035082583e-7
6045 2.6414766035082583e-7
6046 2.6414766035082583e-7
6047 2.6414766035082583e-7
6048 2.6414766035082583e-7
6049 2.6414766035082583e-7
6050 2.6464433547283494e-7
6051 2.6464433547283494e-7
6052 2.6464433547283494e-7
6053 2.6464433547283494e-7
6054 2.6464433547283494e-7
6055 2.6464433547283494e-7
6056 2.6464433547283494e-7
6057 2.6464433547283494e-7
6058 2.6464433547283494e-7
6059 2.6464433547283494e-7
6060 2.6464433547283494e-7
6061 2.6464433547283494e-7
6062 2.6575143949971766e-7
6063 2.6575143949971766e-7
6064 2.6575143949971766e-7
6065 2.6632982536093676e-7
6066 2.6632982536093676e-7
6067 2.6632982536093676e-7
6068 2.6632982536093676e-7
6069 2.6632982536093676e-7
6070 2.6632982536093676e-7
6071 2.6632982536093676e-7
6072 2.6632982536093676e-7
6073 2.6632982536093676e-7
6074 2.6632982536093676e-7
6075 2.6632982536093676e-7
6076 2.6632982536093676e-7
6077 2.6812426330877316e-7
6078 2.6812426330877316e-7
6079 2.6812426330877316e-7
6080 2.6812426330877316e-7
6081 2.6812426330877316e-7
6082 2.687667358684831e-7
6083 2.687667358684831e-7
6084 2.687667358684831e-7
6085 2.687667358684831e-7
6086 2.687667358684831e-7
6087 2.687667358684831e-7
6088 2.687667358684831e-7
6089 2.687667358684831e-7
6090 2.687667358684831e-7
6091 2.687667358684831e-7
6092 2.687667358684831e-7
6093 2.687667358684831e-7
6094 2.687667358684831e-7
6095 2.687667358684831e-7
6096 2.7070056362318044e-7
6097 2.7070056362318044e-7
6098 2.7070056362318044e-7
6099 2.712308843077359e-7
6100 2.712308843077359e-7
6101 2.712308843077359e-7
6102 2.712308843077359e-7
6103 2.712308843077359e-7
6104 2.712308843077359e-7
6105 2.712308843077359e-7
6106 2.712308843077359e-7
6107 2.712308843077359e-7
6108 2.712308843077359e-7
6109 2.712308843077359e-7
6110 2.712308843077359e-7
6111 2.712308843077359e-7
6112 2.712308843077359e-7
6113 2.712308843077359e-7
6114 2.712308843077359e-7
6115 2.712308843077359e-7
6116 2.712308843077359e-7
6117 2.712308843077359e-7
6118 2.712308843077359e-7
6119 2.712308843077359e-7
6120 2.712308843077359e-7
6121 2.712308843077359e-7
6122 2.712308843077359e-7
6123 2.712308843077359e-7
6124 2.712308843077359e-7
6125 2.712308843077359e-7
6126 2.712308843077359e-7
6127 2.712308843077359e-7
6128 2.712308843077359e-7
6129 2.712308843077359e-7
6130 2.717820328484304e-7
6131 2.717820328484304e-7
6132 2.717820328484304e-7
6133 2.717820328484304e-7
6134 2.7216495296521134e-7
6135 2.7216495296521134e-7
6136 2.7216495296521134e-7
6137 2.7216495296521134e-7
6138 2.7216495296521134e-7
6139 2.7216495296521134e-7
6140 2.7216495296521134e-7
6141 2.7216495296521134e-7
6142 2.7216495296521134e-7
6143 2.7216495296521134e-7
6144 2.7216495296521134e-7
6145 2.7216495296521134e-7
6146 2.7216495296521134e-7
6147 2.7216495296521134e-7
6148 2.7216495296521134e-7
6149 2.7216495296521134e-7
6150 2.7216495296521134e-7
6151 2.7216495296521134e-7
6152 2.7216495296521134e-7
6153 2.7216495296521134e-7
6154 2.7216495296521134e-7
6155 2.7216495296521134e-7
6156 2.727849951498904e-7
6157 2.727849951498904e-7
6158 2.727849951498904e-7
6159 2.727849951498904e-7
6160 2.727849951498904e-7
6161 2.7280101667171766e-7
6162 2.7280101667171766e-7
6163 2.7280101667171766e-7
6164 2.7280101667171766e-7
6165 2.7280101667171766e-7
6166 2.7280101667171766e-7
6167 2.7280101667171766e-7
6168 2.7280101667171766e-7
6169 2.7280101667171766e-7
6170 2.7280101667171766e-7
6171 2.7280101667171766e-7
6172 2.7280101667171766e-7
6173 2.7280101667171766e-7
6174 2.7280101667171766e-7
6175 2.7280101667171766e-7
6176 2.7280101667171766e-7
6177 2.7327365828862213e-7
6178 2.735732651473012e-7
6179 2.735732651473012e-7
6180 2.735732651473012e-7
6181 2.735732651473012e-7
6182 2.744368382530821e-7
6183 2.744368382530821e-7
6184 2.744368382530821e-7
6185 2.744368382530821e-7
6186 2.7496074947325206e-7
6187 2.7496074947325206e-7
6188 2.7496074947325206e-7
6189 2.7496074947325206e-7
6190 2.7496074947325206e-7
6191 2.7496074947325206e-7
6192 2.7496074947325206e-7
6193 2.7496074947325206e-7
6194 2.7496074947325206e-7
6195 2.7496074947325206e-7
6196 2.7496074947325206e-7
6197 2.750793102016102e-7
6198 2.750793102016102e-7
6199 2.750793102016102e-7
6200 2.750793102016102e-7
6201 2.750793102016102e-7
6202 2.750793102016102e-7
6203 2.750793102016102e-7
6204 2.750793102016102e-7
6205 2.750793102016102e-7
6206 2.750793102016102e-7
6207 2.750793102016102e-7
6208 2.750793102016102e-7
6209 2.750793102016102e-7
6210 2.750793102016102e-7
6211 2.750793102016102e-7
6212 2.750793102016102e-7
6213 2.753548841663665e-7
6214 2.753548841663665e-7
6215 2.753548841663665e-7
6216 2.753548841663665e-7
6217 2.753548841663665e-7
6218 2.753548841663665e-7
6219 2.753548841663665e-7
6220 2.753548841663665e-7
6221 2.753548841663665e-7
6222 2.7573940680203927e-7
6223 2.7573940680203927e-7
6224 2.7573940680203927e-7
6225 2.7573940680203927e-7
6226 2.7573940680203927e-7
6227 2.7573940680203927e-7
6228 2.7573940680203927e-7
6229 2.7573940680203927e-7
6230 2.7573940680203927e-7
6231 2.7573940680203927e-7
6232 2.7653568878272747e-7
6233 2.7653568878272747e-7
6234 2.7653568878272747e-7
6235 2.7653568878272747e-7
6236 2.7653568878272747e-7
6237 2.7653568878272747e-7
6238 2.7653568878272747e-7
6239 2.7653568878272747e-7
6240 2.7653568878272747e-7
6241 2.7653568878272747e-7
6242 2.7653568878272747e-7
6243 2.7653568878272747e-7
6244 2.7653568878272747e-7
6245 2.7653568878272747e-7
6246 2.770019221576102e-7
6247 2.770019221576102e-7
6248 2.770019221576102e-7
6249 2.770019221576102e-7
6250 2.770019221576102e-7
6251 2.770019221576102e-7
6252 2.770019221576102e-7
6253 2.770019221576102e-7
6254 2.770019221576102e-7
6255 2.770019221576102e-7
6256 2.7760754472817204e-7
6257 2.7760754472817204e-7
6258 2.7760754472817204e-7
6259 2.7760754472817204e-7
6260 2.7760754472817204e-7
6261 2.7760754472817204e-7
6262 2.7760754472817204e-7
6263 2.7824360843467835e-7
6264 2.7824360843467835e-7
6265 2.7824360843467835e-7
6266 2.7824360843467835e-7
6267 2.7824360843467835e-7
6268 2.7824360843467835e-7
6269 2.7908795559203017e-7
6270 2.7908795559203017e-7
6271 2.7908795559203017e-7
6272 2.7908795559203017e-7
6273 2.7908795559203017e-7
6274 2.7908795559203017e-7
6275 2.7908795559203017e-7
6276 2.7908795559203017e-7
6277 2.7908795559203017e-7
6278 2.7908795559203017e-7
6279 2.7908795559203017e-7
6280 2.7908795559203017e-7
6281 2.7908795559203017e-7
6282 2.7908795559203017e-7
6283 2.7908795559203017e-7
6284 2.7908795559203017e-7
6285 2.7908795559203017e-7
6286 2.7975926799115656e-7
6287 2.7975926799115656e-7
6288 2.7975926799115656e-7
6289 2.7975926799115656e-7
6290 2.7975926799115656e-7
6291 2.7975926799115656e-7
6292 2.7975926799115656e-7
6293 2.7975926799115656e-7
6294 2.7975926799115656e-7
6295 2.8048505442015026e-7
6296 2.8048505442015026e-7
6297 2.8097852511555754e-7
6298 2.8097852511555754e-7
6299 2.8097852511555754e-7
6300 2.8097852511555754e-7
6301 2.8097852511555754e-7
6302 2.8097852511555754e-7
6303 2.8097852511555754e-7
6304 2.8097852511555754e-7
6305 2.8097852511555754e-7
6306 2.8097852511555754e-7
6307 2.8097852511555754e-7
6308 2.8097852511555754e-7
6309 2.8097852511555754e-7
6310 2.8097852511555754e-7
6311 2.8097852511555754e-7
6312 2.8097852511555754e-7
6313 2.8097852511555754e-7
6314 2.8097852511555754e-7
6315 2.8097852511555754e-7
6316 2.8097852511555754e-7
6317 2.8097852511555754e-7
6318 2.8097852511555754e-7
6319 2.812508952648939e-7
6320 2.812508952648939e-7
6321 2.812508952648939e-7
6322 2.814271338385393e-7
6323 2.814271338385393e-7
6324 2.814271338385393e-7
6325 2.814271338385393e-7
6326 2.814271338385393e-7
6327 2.817748064850639e-7
6328 2.817748064850639e-7
6329 2.820487785421102e-7
6330 2.820487785421102e-7
6331 2.820487785421102e-7
6332 2.820487785421102e-7
6333 2.820487785421102e-7
6334 2.820487785421102e-7
6335 2.820487785421102e-7
6336 2.820487785421102e-7
6337 2.820487785421102e-7
6338 2.820487785421102e-7
6339 2.820487785421102e-7
6340 2.820487785421102e-7
6341 2.820487785421102e-7
6342 2.820487785421102e-7
6343 2.820487785421102e-7
6344 2.820487785421102e-7
6345 2.820487785421102e-7
6346 2.825438511452275e-7
6347 2.825438511452275e-7
6348 2.825438511452275e-7
6349 2.825438511452275e-7
6350 2.825438511452275e-7
6351 2.825438511452275e-7
6352 2.825438511452275e-7
6353 2.825438511452275e-7
6354 2.825438511452275e-7
6355 2.825438511452275e-7
6356 2.825438511452275e-7
6357 2.825438511452275e-7
6358 2.825438511452275e-7
6359 2.825438511452275e-7
6360 2.825438511452275e-7
6361 2.825438511452275e-7
6362 2.825438511452275e-7
6363 2.825438511452275e-7
6364 2.825438511452275e-7
6365 2.825438511452275e-7
6366 2.825438511452275e-7
6367 2.825438511452275e-7
6368 2.825438511452275e-7
6369 2.825438511452275e-7
6370 2.825438511452275e-7
6371 2.825438511452275e-7
6372 2.825438511452275e-7
6373 2.825438511452275e-7
6374 2.832071521722584e-7
6375 2.832071521722584e-7
6376 2.832071521722584e-7
6377 2.832071521722584e-7
6378 2.832071521722584e-7
6379 2.832071521722584e-7
6380 2.832071521722584e-7
6381 2.832071521722584e-7
6382 2.832071521722584e-7
6383 2.832071521722584e-7
6384 2.832071521722584e-7
6385 2.832071521722584e-7
6386 2.832071521722584e-7
6387 2.832071521722584e-7
6388 2.836926127179339e-7
6389 2.836926127179339e-7
6390 2.836926127179339e-7
6391 2.836926127179339e-7
6392 2.836926127179339e-7
6393 2.836926127179339e-7
6394 2.836926127179339e-7
6395 2.836926127179339e-7
6396 2.836926127179339e-7
6397 2.836926127179339e-7
6398 2.836926127179339e-7
6399 2.836926127179339e-7
6400 2.836926127179339e-7
6401 2.836926127179339e-7
6402 2.836926127179339e-7
6403 2.836926127179339e-7
6404 2.836926127179339e-7
6405 2.836926127179339e-7
6406 2.836926127179339e-7
6407 2.836926127179339e-7
6408 2.836926127179339e-7
6409 2.836926127179339e-7
6410 2.836926127179339e-7
6411 2.836926127179339e-7
6412 2.836926127179339e-7
6413 2.836926127179339e-7
6414 2.836926127179339e-7
6415 2.836926127179339e-7
6416 2.836926127179339e-7
6417 2.836926127179339e-7
6418 2.836926127179339e-7
6419 2.836926127179339e-7
6420 2.836926127179339e-7
6421 2.836926127179339e-7
6422 2.836926127179339e-7
6423 2.836926127179339e-7
6424 2.836926127179339e-7
6425 2.847212098210266e-7
6426 2.847212098210266e-7
6427 2.852387127991748e-7
6428 2.852387127991748e-7
6429 2.852387127991748e-7
6430 2.852387127991748e-7
6431 2.852387127991748e-7
6432 2.852387127991748e-7
6433 2.852387127991748e-7
6434 2.8590361634509755e-7
6435 2.8590361634509755e-7
6436 2.8590361634509755e-7
6437 2.8590361634509755e-7
6438 2.8590361634509755e-7
6439 2.8590361634509755e-7
6440 2.8590361634509755e-7
6441 2.8590361634509755e-7
6442 2.8590361634509755e-7
6443 2.8590361634509755e-7
6444 2.8590361634509755e-7
6445 2.8590361634509755e-7
6446 2.8590361634509755e-7
6447 2.8590361634509755e-7
6448 2.8590361634509755e-7
6449 2.8590361634509755e-7
6450 2.8590361634509755e-7
6451 2.8590361634509755e-7
6452 2.8590361634509755e-7
6453 2.8590361634509755e-7
6454 2.8590361634509755e-7
6455 2.8608305995652663e-7
6456 2.8608305995652663e-7
6457 2.8608305995652663e-7
6458 2.8608305995652663e-7
6459 2.8608305995652663e-7
6460 2.8608305995652663e-7
6461 2.8608305995652663e-7
6462 2.8608305995652663e-7
6463 2.8608305995652663e-7
6464 2.8608305995652663e-7
6465 2.8608305995652663e-7
6466 2.8608305995652663e-7
6467 2.8608305995652663e-7
6468 2.8608305995652663e-7
6469 2.8608305995652663e-7
6470 2.8608305995652663e-7
6471 2.8608305995652663e-7
6472 2.8643393641847116e-7
6473 2.868777388071411e-7
6474 2.868777388071411e-7
6475 2.868777388071411e-7
6476 2.868777388071411e-7
6477 2.868777388071411e-7
6478 2.868777388071411e-7
6479 2.868777388071411e-7
6480 2.868777388071411e-7
6481 2.8730872471176753e-7
6482 2.8730872471176753e-7
6483 2.8730872471176753e-7
6484 2.8730872471176753e-7
6485 2.8730872471176753e-7
6486 2.8730872471176753e-7
6487 2.8730872471176753e-7
6488 2.8730872471176753e-7
6489 2.8730872471176753e-7
6490 2.8730872471176753e-7
6491 2.8730872471176753e-7
6492 2.8730872471176753e-7
6493 2.8730872471176753e-7
6494 2.8730872471176753e-7
6495 2.8730872471176753e-7
6496 2.8730872471176753e-7
6497 2.8730872471176753e-7
6498 2.8730872471176753e-7
6499 2.8730872471176753e-7
6500 2.8730872471176753e-7
6501 2.8730872471176753e-7
6502 2.8730872471176753e-7
6503 2.8730872471176753e-7
6504 2.8730872471176753e-7
6505 2.8730872471176753e-7
6506 2.8730872471176753e-7
6507 2.8730872471176753e-7
6508 2.8730872471176753e-7
6509 2.8730872471176753e-7
6510 2.8730872471176753e-7
6511 2.8730872471176753e-7
6512 2.8730872471176753e-7
6513 2.8730872471176753e-7
6514 2.8730872471176753e-7
6515 2.8730872471176753e-7
6516 2.8730872471176753e-7
6517 2.8730872471176753e-7
6518 2.8730872471176753e-7
6519 2.8730872471176753e-7
6520 2.8730872471176753e-7
6521 2.8730872471176753e-7
6522 2.8730872471176753e-7
6523 2.8730872471176753e-7
6524 2.8730872471176753e-7
6525 2.8730872471176753e-7
6526 2.8730872471176753e-7
6527 2.8730872471176753e-7
6528 2.8730872471176753e-7
6529 2.8730872471176753e-7
6530 2.8730872471176753e-7
6531 2.8730872471176753e-7
6532 2.8730872471176753e-7
6533 2.8730872471176753e-7
6534 2.8730872471176753e-7
6535 2.8730872471176753e-7
6536 2.8730872471176753e-7
6537 2.8730872471176753e-7
6538 2.8730872471176753e-7
6539 2.8730872471176753e-7
6540 2.8730872471176753e-7
6541 2.8730872471176753e-7
6542 2.8730872471176753e-7
6543 2.8730872471176753e-7
6544 2.8730872471176753e-7
6545 2.8730872471176753e-7
6546 2.8730872471176753e-7
6547 2.8730872471176753e-7
6548 2.8730872471176753e-7
6549 2.8730872471176753e-7
6550 2.878310334130456e-7
6551 2.878310334130456e-7
6552 2.878310334130456e-7
6553 2.878310334130456e-7
6554 2.878310334130456e-7
6555 2.878310334130456e-7
6556 2.878310334130456e-7
6557 2.878310334130456e-7
6558 2.878310334130456e-7
6559 2.878310334130456e-7
6560 2.878310334130456e-7
6561 2.878310334130456e-7
6562 2.878310334130456e-7
6563 2.878310334130456e-7
6564 2.878310334130456e-7
6565 2.881883187281938e-7
6566 2.881883187281938e-7
6567 2.881883187281938e-7
6568 2.881883187281938e-7
6569 2.881883187281938e-7
6570 2.881883187281938e-7
6571 2.881883187281938e-7
6572 2.881883187281938e-7
6573 2.881883187281938e-7
6574 2.881883187281938e-7
6575 2.881883187281938e-7
6576 2.881883187281938e-7
6577 2.881883187281938e-7
6578 2.881883187281938e-7
6579 2.881883187281938e-7
6580 2.881883187281938e-7
6581 2.881883187281938e-7
6582 2.881883187281938e-7
6583 2.881883187281938e-7
6584 2.881883187281938e-7
6585 2.881883187281938e-7
6586 2.881883187281938e-7
6587 2.881883187281938e-7
6588 2.881883187281938e-7
6589 2.881883187281938e-7
6590 2.881883187281938e-7
6591 2.881883187281938e-7
6592 2.881883187281938e-7
6593 2.881883187281938e-7
6594 2.881883187281938e-7
6595 2.881883187281938e-7
6596 2.881883187281938e-7
6597 2.889797943745702e-7
6598 2.8959022389062566e-7
6599 2.8959022389062566e-7
6600 2.8959022389062566e-7
6601 2.8959022389062566e-7
6602 2.8959022389062566e-7
6603 2.8959022389062566e-7
6604 2.8959022389062566e-7
6605 2.8959022389062566e-7
6606 2.8959022389062566e-7
6607 2.901189420562893e-7
6608 2.901189420562893e-7
6609 2.901189420562893e-7
6610 2.901189420562893e-7
6611 2.901189420562893e-7
6612 2.901189420562893e-7
6613 2.901189420562893e-7
6614 2.901189420562893e-7
6615 2.901189420562893e-7
6616 2.901189420562893e-7
6617 2.901189420562893e-7
6618 2.901189420562893e-7
6619 2.901189420562893e-7
6620 2.901189420562893e-7
6621 2.901189420562893e-7
6622 2.901189420562893e-7
6623 2.901189420562893e-7
6624 2.901189420562893e-7
6625 2.901189420562893e-7
6626 2.901189420562893e-7
6627 2.901189420562893e-7
6628 2.901189420562893e-7
6629 2.901189420562893e-7
6630 2.901189420562893e-7
6631 2.901189420562893e-7
6632 2.905899811543019e-7
6633 2.905899811543019e-7
6634 2.905899811543019e-7
6635 2.905899811543019e-7
6636 2.905899811543019e-7
6637 2.905899811543019e-7
6638 2.909600835646755e-7
6639 2.909600835646755e-7
6640 2.909600835646755e-7
6641 2.909600835646755e-7
6642 2.909600835646755e-7
6643 2.909600835646755e-7
6644 2.909600835646755e-7
6645 2.909600835646755e-7
6646 2.909600835646755e-7
6647 2.909600835646755e-7
6648 2.909600835646755e-7
6649 2.909600835646755e-7
6650 2.909600835646755e-7
6651 2.909600835646755e-7
6652 2.909600835646755e-7
6653 2.9112671008087917e-7
6654 2.9112671008087917e-7
6655 2.9112671008087917e-7
6656 2.9112671008087917e-7
6657 2.9112671008087917e-7
6658 2.9112671008087917e-7
6659 2.9156730865412917e-7
6660 2.9156730865412917e-7
6661 2.9176437691745924e-7
6662 2.9176437691745924e-7
6663 2.9176437691745924e-7
6664 2.9176437691745924e-7
6665 2.9176437691745924e-7
6666 2.9176437691745924e-7
6667 2.9176437691745924e-7
6668 2.921761362624747e-7
6669 2.921761362624747e-7
6670 2.921761362624747e-7
6671 2.921761362624747e-7
6672 2.921761362624747e-7
6673 2.921761362624747e-7
6674 2.9245331274612284e-7
6675 2.9245331274612284e-7
6676 2.9245331274612284e-7
6677 2.926071209447373e-7
6678 2.926071209447373e-7
6679 2.927080582435582e-7
6680 2.927080582435582e-7
6681 2.927080582435582e-7
6682 2.927080582435582e-7
6683 2.927080582435582e-7
6684 2.927080582435582e-7
6685 2.927080582435582e-7
6686 2.927080582435582e-7
6687 2.927080582435582e-7
6688 2.927080582435582e-7
6689 2.9328003586275553e-7
6690 2.9328003586275553e-7
6691 2.9328003586275553e-7
6692 2.9401383244148093e-7
6693 2.9401383244148093e-7
6694 2.9401383244148093e-7
6695 2.9401383244148093e-7
6696 2.9401383244148093e-7
6697 2.9401383244148093e-7
6698 2.9401383244148093e-7
6699 2.9401383244148093e-7
6700 2.9401383244148093e-7
6701 2.9401383244148093e-7
6702 2.9401383244148093e-7
6703 2.9401383244148093e-7
6704 2.9401383244148093e-7
6705 2.9401383244148093e-7
6706 2.9401383244148093e-7
6707 2.9401383244148093e-7
6708 2.9401383244148093e-7
6709 2.9401383244148093e-7
6710 2.9401383244148093e-7
6711 2.9401383244148093e-7
6712 2.9401383244148093e-7
6713 2.9401383244148093e-7
6714 2.9401383244148093e-7
6715 2.9401383244148093e-7
6716 2.9401383244148093e-7
6717 2.9401383244148093e-7
6718 2.9401383244148093e-7
6719 2.9401383244148093e-7
6720 2.944816677240736e-7
6721 2.944816677240736e-7
6722 2.944816677240736e-7
6723 2.944816677240736e-7
6724 2.944816677240736e-7
6725 2.944816677240736e-7
6726 2.944816677240736e-7
6727 2.944816677240736e-7
6728 2.944816677240736e-7
6729 2.944816677240736e-7
6730 2.944816677240736e-7
6731 2.944816677240736e-7
6732 2.944816677240736e-7
6733 2.944816677240736e-7
6734 2.957778292533728e-7
6735 2.957778292533728e-7
6736 2.957778292533728e-7
6737 2.9674394217686646e-7
6738 2.9674394217686646e-7
6739 2.9674394217686646e-7
6740 2.9674394217686646e-7
6741 2.9674394217686646e-7
6742 2.9674394217686646e-7
6743 2.9674394217686646e-7
6744 2.9674394217686646e-7
6745 2.9674394217686646e-7
6746 2.9674394217686646e-7
6747 2.9674394217686646e-7
6748 2.9674394217686646e-7
6749 2.9674394217686646e-7
6750 2.9674394217686646e-7
6751 2.968801269459437e-7
6752 2.968801269459437e-7
6753 2.971380780923447e-7
6754 2.971380780923447e-7
6755 2.971380780923447e-7
6756 2.978174012523847e-7
6757 2.978174012523847e-7
6758 2.978174012523847e-7
6759 2.978174012523847e-7
6760 2.978174012523847e-7
6761 2.978174012523847e-7
6762 2.978174012523847e-7
6763 2.978174012523847e-7
6764 2.978174012523847e-7
6765 2.978174012523847e-7
6766 2.978174012523847e-7
6767 2.978174012523847e-7
6768 2.978174012523847e-7
6769 2.978174012523847e-7
6770 2.983653453664774e-7
6771 2.983653453664774e-7
6772 2.983653453664774e-7
6773 2.983653453664774e-7
6774 2.983653453664774e-7
6775 2.983653453664774e-7
6776 2.983653453664774e-7
6777 2.987162218284219e-7
6778 2.987162218284219e-7
6779 2.987162218284219e-7
6780 2.987162218284219e-7
6781 2.987162218284219e-7
6782 2.987162218284219e-7
6783 2.987162218284219e-7
6784 2.987162218284219e-7
6785 2.987162218284219e-7
6786 3.001902250614402e-7
6787 3.001902250614402e-7
6788 3.001902250614402e-7
6789 3.001902250614402e-7
6790 3.001902250614402e-7
6791 3.0093523743886294e-7
6792 3.0093523743886294e-7
6793 3.0093523743886294e-7
6794 3.0093523743886294e-7
6795 3.011595418003538e-7
6796 3.011595418003538e-7
6797 3.011595418003538e-7
6798 3.0197504972947107e-7
6799 3.0197504972947107e-7
6800 3.0197504972947107e-7
6801 3.0197504972947107e-7
6802 3.0197504972947107e-7
6803 3.0197504972947107e-7
6804 3.0197504972947107e-7
6805 3.0197504972947107e-7
6806 3.0197504972947107e-7
6807 3.0197504972947107e-7
6808 3.0197504972947107e-7
6809 3.0197504972947107e-7
6810 3.0197504972947107e-7
6811 3.0197504972947107e-7
6812 3.0197504972947107e-7
6813 3.0223139896816206e-7
6814 3.0223139896816206e-7
6815 3.0223139896816206e-7
6816 3.0223139896816206e-7
6817 3.0223139896816206e-7
6818 3.0223139896816206e-7
6819 3.0223139896816206e-7
6820 3.0223139896816206e-7
6821 3.027232671446775e-7
6822 3.027232671446775e-7
6823 3.027232671446775e-7
6824 3.027232671446775e-7
6825 3.0285464557944296e-7
6826 3.0285464557944296e-7
6827 3.0285464557944296e-7
6828 3.0285464557944296e-7
6829 3.0285464557944296e-7
6830 3.0285464557944296e-7
6831 3.0285464557944296e-7
6832 3.0285464557944296e-7
6833 3.0285464557944296e-7
6834 3.0285464557944296e-7
6835 3.0285464557944296e-7
6836 3.0399859959547387e-7
6837 3.0399859959547387e-7
6838 3.0399859959547387e-7
6839 3.0399859959547387e-7
6840 3.0399859959547387e-7
6841 3.0399859959547387e-7
6842 3.0399859959547387e-7
6843 3.0399859959547387e-7
6844 3.0399859959547387e-7
6845 3.0399859959547387e-7
6846 3.0399859959547387e-7
6847 3.0399859959547387e-7
6848 3.0399859959547387e-7
6849 3.0399859959547387e-7
6850 3.04256550130693e-7
6851 3.04256550130693e-7
6852 3.04256550130693e-7
6853 3.04256550130693e-7
6854 3.04256550130693e-7
6855 3.04256550130693e-7
6856 3.04256550130693e-7
6857 3.04256550130693e-7
6858 3.04256550130693e-7
6859 3.04256550130693e-7
6860 3.04256550130693e-7
6861 3.04256550130693e-7
6862 3.04256550130693e-7
6863 3.04256550130693e-7
6864 3.04256550130693e-7
6865 3.0463306078308834e-7
6866 3.0463306078308834e-7
6867 3.0516658589424564e-7
6868 3.0516658589424564e-7
6869 3.0516658589424564e-7
6870 3.055975711876902e-7
6871 3.055975711876902e-7
6872 3.055975711876902e-7
6873 3.055975711876902e-7
6874 3.055975711876902e-7
6875 3.055975711876902e-7
6876 3.055975711876902e-7
6877 3.055975711876902e-7
6878 3.055975711876902e-7
6879 3.055975711876902e-7
6880 3.055975711876902e-7
6881 3.055975711876902e-7
6882 3.055975711876902e-7
6883 3.055975711876902e-7
6884 3.055975711876902e-7
6885 3.055975711876902e-7
6886 3.055975711876902e-7
6887 3.055975711876902e-7
6888 3.055975711876902e-7
6889 3.055975711876902e-7
6890 3.055975711876902e-7
6891 3.055975711876902e-7
6892 3.055975711876902e-7
6893 3.062288285598847e-7
6894 3.062288285598847e-7
6895 3.062288285598847e-7
6896 3.062288285598847e-7
6897 3.062288285598847e-7
6898 3.062288285598847e-7
6899 3.062288285598847e-7
6900 3.062288285598847e-7
6901 3.062288285598847e-7
6902 3.0741123508395563e-7
6903 3.0741123508395563e-7
6904 3.075041616218629e-7
6905 3.075041616218629e-7
6906 3.075041616218629e-7
6907 3.075041616218629e-7
6908 3.083725410619556e-7
6909 3.083725410619556e-7
6910 3.083725410619556e-7
6911 3.083725410619556e-7
6912 3.083725410619556e-7
6913 3.083725410619556e-7
6914 3.083725410619556e-7
6915 3.083725410619556e-7
6916 3.083725410619556e-7
6917 3.083725410619556e-7
6918 3.083725410619556e-7
6919 3.083725410619556e-7
6920 3.083725410619556e-7
6921 3.083725410619556e-7
6922 3.083725410619556e-7
6923 3.083725410619556e-7
6924 3.083725410619556e-7
6925 3.083725410619556e-7
6926 3.083725410619556e-7
6927 3.083725410619556e-7
6928 3.083725410619556e-7
6929 3.083725410619556e-7
6930 3.083725410619556e-7
6931 3.083725410619556e-7
6932 3.083725410619556e-7
6933 3.083725410619556e-7
6934 3.083725410619556e-7
6935 3.083725410619556e-7
6936 3.083725410619556e-7
6937 3.083725410619556e-7
6938 3.083725410619556e-7
6939 3.083725410619556e-7
6940 3.089188832683383e-7
6941 3.089188832683383e-7
6942 3.089188832683383e-7
6943 3.090294332357828e-7
6944 3.090294332357828e-7
6945 3.090294332357828e-7
6946 3.090294332357828e-7
6947 3.090294332357828e-7
6948 3.090294332357828e-7
6949 3.090294332357828e-7
6950 3.090294332357828e-7
6951 3.090294332357828e-7
6952 3.090294332357828e-7
6953 3.090294332357828e-7
6954 3.0944920334171186e-7
6955 3.0944920334171186e-7
6956 3.0944920334171186e-7
6957 3.0944920334171186e-7
6958 3.0944920334171186e-7
6959 3.0944920334171186e-7
6960 3.0952610774661005e-7
6961 3.0952610774661005e-7
6962 3.100596322465855e-7
6963 3.100596322465855e-7
6964 3.100596322465855e-7
6965 3.100596322465855e-7
6966 3.100596322465855e-7
6967 3.100596322465855e-7
6968 3.102134410563818e-7
6969 3.102134410563818e-7
6970 3.102134410563818e-7
6971 3.102134410563818e-7
6972 3.102134410563818e-7
6973 3.102134410563818e-7
6974 3.102134410563818e-7
6975 3.102134410563818e-7
6976 3.102134410563818e-7
6977 3.102807321814745e-7
6978 3.102807321814745e-7
6979 3.102807321814745e-7
6980 3.102807321814745e-7
6981 3.102807321814745e-7
6982 3.1067807191237266e-7
6983 3.1067807191237266e-7
6984 3.1067807191237266e-7
6985 3.1067807191237266e-7
6986 3.10913591461379e-7
6987 3.10913591461379e-7
6988 3.10913591461379e-7
6989 3.10913591461379e-7
6990 3.10913591461379e-7
6991 3.10913591461379e-7
6992 3.10913591461379e-7
6993 3.10913591461379e-7
6994 3.10913591461379e-7
6995 3.10913591461379e-7
6996 3.111170679667308e-7
6997 3.111170679667308e-7
6998 3.111170679667308e-7
6999 3.111170679667308e-7
7000 3.111170679667308e-7
7001 3.112420381594745e-7
7002 3.112420381594745e-7
7003 3.112420381594745e-7
7004 3.1214566568100543e-7
7005 3.1214566568100543e-7
7006 3.127416761941255e-7
7007 3.127416761941255e-7
7008 3.127416761941255e-7
7009 3.127416761941255e-7
7010 3.127416761941255e-7
7011 3.127416761941255e-7
7012 3.127416761941255e-7
7013 3.1328481458508833e-7
7014 3.1328481458508833e-7
7015 3.1328481458508833e-7
7016 3.1328481458508833e-7
7017 3.1328481458508833e-7
7018 3.1328481458508833e-7
7019 3.1328481458508833e-7
7020 3.1328481458508833e-7
7021 3.1328481458508833e-7
7022 3.1328481458508833e-7
7023 3.1328481458508833e-7
7024 3.1524908225336643e-7
7025 3.1524908225336643e-7
7026 3.1524908225336643e-7
7027 3.1524908225336643e-7
7028 3.1524908225336643e-7
7029 3.1524908225336643e-7
7030 3.1524908225336643e-7
7031 3.1524908225336643e-7
7032 3.1524908225336643e-7
7033 3.1524908225336643e-7
7034 3.1524908225336643e-7
7035 3.1524908225336643e-7
7036 3.1524908225336643e-7
7037 3.1524908225336643e-7
7038 3.1524908225336643e-7
7039 3.1524908225336643e-7
7040 3.1524908225336643e-7
7041 3.1524908225336643e-7
7042 3.156079694762246e-7
7043 3.156079694762246e-7
7044 3.1772764908437276e-7
7045 3.1772764908437276e-7
7046 3.1772764908437276e-7
7047 3.178317901986136e-7
7048 3.178317901986136e-7
7049 3.178317901986136e-7
7050 3.178317901986136e-7
7051 3.178317901986136e-7
7052 3.178317901986136e-7
7053 3.178317901986136e-7
7054 3.178317901986136e-7
7055 3.178317901986136e-7
7056 3.178317901986136e-7
7057 3.178317901986136e-7
7058 3.178317901986136e-7
7059 3.178317901986136e-7
7060 3.178317901986136e-7
7061 3.178317901986136e-7
7062 3.178317901986136e-7
7063 3.178317901986136e-7
7064 3.178317901986136e-7
7065 3.178317901986136e-7
7066 3.178317901986136e-7
7067 3.178317901986136e-7
7068 3.178317901986136e-7
7069 3.178317901986136e-7
7070 3.178317901986136e-7
7071 3.178317901986136e-7
7072 3.178317901986136e-7
7073 3.178317901986136e-7
7074 3.178317901986136e-7
7075 3.1849829565224635e-7
7076 3.1849829565224635e-7
7077 3.1849829565224635e-7
7078 3.1849829565224635e-7
7079 3.1849829565224635e-7
7080 3.1849829565224635e-7
7081 3.1937148203783274e-7
7082 3.1937148203783274e-7
7083 3.1937148203783274e-7
7084 3.1937148203783274e-7
7085 3.1937148203783274e-7
7086 3.1937148203783274e-7
7087 3.1937148203783274e-7
7088 3.1937148203783274e-7
7089 3.1937148203783274e-7
7090 3.1937148203783274e-7
7091 3.1937148203783274e-7
7092 3.1937148203783274e-7
7093 3.1937148203783274e-7
7094 3.1937148203783274e-7
7095 3.201533444044037e-7
7096 3.201533444044037e-7
7097 3.207621714015673e-7
7098 3.207621714015673e-7
7099 3.207621714015673e-7
7100 3.212972984204346e-7
7101 3.212972984204346e-7
7102 3.212972984204346e-7
7103 3.220647411728882e-7
7104 3.220647411728882e-7
7105 3.220647411728882e-7
7106 3.220647411728882e-7
7107 3.220647411728882e-7
7108 3.220647411728882e-7
7109 3.220647411728882e-7
7110 3.220647411728882e-7
7111 3.220647411728882e-7
7112 3.220647411728882e-7
7113 3.236364772781256e-7
7114 3.236364772781256e-7
7115 3.246907097940329e-7
7116 3.246907097940329e-7
7117 3.246907097940329e-7
7118 3.246907097940329e-7
7119 3.246907097940329e-7
7120 3.246907097940329e-7
7121 3.246907097940329e-7
7122 3.246907097940329e-7
7123 3.246907097940329e-7
7124 3.269818216415146e-7
7125 3.269818216415146e-7
7126 3.269818216415146e-7
7127 3.269818216415146e-7
7128 3.269818216415146e-7
7129 3.269818216415146e-7
7130 3.281850560217246e-7
7131 3.281850560217246e-7
7132 3.281850560217246e-7
7133 3.281850560217246e-7
7134 3.281850560217246e-7
7135 3.281850560217246e-7
7136 3.281850560217246e-7
7137 3.281850560217246e-7
7138 3.281850560217246e-7
7139 3.281850560217246e-7
7140 3.281850560217246e-7
7141 3.281850560217246e-7
7142 3.281850560217246e-7
7143 3.281850560217246e-7
7144 3.281850560217246e-7
7145 3.2851670592405814e-7
7146 3.2851670592405814e-7
7147 3.2873780647012907e-7
7148 3.2873780647012907e-7
7149 3.2891564817384816e-7
7150 3.2891564817384816e-7
7151 3.2891564817384816e-7
7152 3.2891564817384816e-7
7153 3.2891564817384816e-7
7154 3.2891564817384816e-7
7155 3.2891564817384816e-7
7156 3.2891564817384816e-7
7157 3.2891564817384816e-7
7158 3.2891564817384816e-7
7159 3.2891564817384816e-7
7160 3.2891564817384816e-7
7161 3.2891564817384816e-7
7162 3.2891564817384816e-7
7163 3.2891564817384816e-7
7164 3.299971167879163e-7
7165 3.299971167879163e-7
7166 3.299971167879163e-7
7167 3.299971167879163e-7
7168 3.299971167879163e-7
7169 3.299971167879163e-7
7170 3.299971167879163e-7
7171 3.299971167879163e-7
7172 3.299971167879163e-7
7173 3.299971167879163e-7
7174 3.30942401244089e-7
7175 3.30942401244089e-7
7176 3.30942401244089e-7
7177 3.30942401244089e-7
7178 3.30942401244089e-7
7179 3.30942401244089e-7
7180 3.30942401244089e-7
7181 3.30942401244089e-7
7182 3.30942401244089e-7
7183 3.31344547309299e-7
7184 3.31344547309299e-7
7185 3.31344547309299e-7
7186 3.31344547309299e-7
7187 3.31344547309299e-7
7188 3.31344547309299e-7
7189 3.31344547309299e-7
7190 3.31344547309299e-7
7191 3.31344547309299e-7
7192 3.31344547309299e-7
7193 3.31344547309299e-7
7194 3.31344547309299e-7
7195 3.31344547309299e-7
7196 3.31344547309299e-7
7197 3.31344547309299e-7
7198 3.31344547309299e-7
7199 3.31344547309299e-7
7200 3.31344547309299e-7
7201 3.31344547309299e-7
7202 3.31344547309299e-7
7203 3.31344547309299e-7
7204 3.31344547309299e-7
7205 3.31344547309299e-7
7206 3.31344547309299e-7
7207 3.3207994701809814e-7
7208 3.3207994701809814e-7
7209 3.3207994701809814e-7
7210 3.3207994701809814e-7
7211 3.3207994701809814e-7
7212 3.326743537899626e-7
7213 3.326743537899626e-7
7214 3.326743537899626e-7
7215 3.326743537899626e-7
7216 3.3287462586871263e-7
7217 3.3287462586871263e-7
7218 3.3287462586871263e-7
7219 3.3287462586871263e-7
7220 3.3298517644733905e-7
7221 3.3298517644733905e-7
7222 3.3298517644733905e-7
7223 3.331710283007899e-7
7224 3.331710283007899e-7
7225 3.331710283007899e-7
7226 3.331710283007899e-7
7227 3.331710283007899e-7
7228 3.331710283007899e-7
7229 3.331710283007899e-7
7230 3.331710283007899e-7
7231 3.331710283007899e-7
7232 3.331710283007899e-7
7233 3.331710283007899e-7
7234 3.331710283007899e-7
7235 3.331710283007899e-7
7236 3.331710283007899e-7
7237 3.331710283007899e-7
7238 3.331710283007899e-7
7239 3.331710283007899e-7
7240 3.331710283007899e-7
7241 3.331710283007899e-7
7242 3.331710283007899e-7
7243 3.331710283007899e-7
7244 3.3349306614568173e-7
7245 3.3349306614568173e-7
7246 3.335667661239781e-7
7247 3.335667661239781e-7
7248 3.335667661239781e-7
7249 3.335667661239781e-7
7250 3.335667661239781e-7
7251 3.335667661239781e-7
7252 3.335667661239781e-7
7253 3.335667661239781e-7
7254 3.335667661239781e-7
7255 3.335667661239781e-7
7256 3.335667661239781e-7
7257 3.335667661239781e-7
7258 3.335667661239781e-7
7259 3.335667661239781e-7
7260 3.335667661239781e-7
7261 3.335667661239781e-7
7262 3.335667661239781e-7
7263 3.335667661239781e-7
7264 3.335667661239781e-7
7265 3.335667661239781e-7
7266 3.335667661239781e-7
7267 3.335667661239781e-7
7268 3.335667661239781e-7
7269 3.335667661239781e-7
7270 3.335667661239781e-7
7271 3.335667661239781e-7
7272 3.335667661239781e-7
7273 3.335667661239781e-7
7274 3.335667661239781e-7
7275 3.335667661239781e-7
7276 3.335667661239781e-7
7277 3.335667661239781e-7
7278 3.335667661239781e-7
7279 3.335667661239781e-7
7280 3.335667661239781e-7
7281 3.335667661239781e-7
7282 3.335667661239781e-7
7283 3.335667661239781e-7
7284 3.335667661239781e-7
7285 3.335667661239781e-7
7286 3.335667661239781e-7
7287 3.335667661239781e-7
7288 3.335667661239781e-7
7289 3.335667661239781e-7
7290 3.335667661239781e-7
7291 3.335667661239781e-7
7292 3.335667661239781e-7
7293 3.335667661239781e-7
7294 3.335667661239781e-7
7295 3.335667661239781e-7
7296 3.335667661239781e-7
7297 3.335667661239781e-7
7298 3.335667661239781e-7
7299 3.335667661239781e-7
7300 3.335667661239781e-7
7301 3.335667661239781e-7
7302 3.335667661239781e-7
7303 3.335667661239781e-7
7304 3.335667661239781e-7
7305 3.335667661239781e-7
7306 3.335667661239781e-7
7307 3.335667661239781e-7
7308 3.335667661239781e-7
7309 3.335667661239781e-7
7310 3.335667661239781e-7
7311 3.335667661239781e-7
7312 3.335667661239781e-7
7313 3.335667661239781e-7
7314 3.335667661239781e-7
7315 3.335667661239781e-7
7316 3.335667661239781e-7
7317 3.335667661239781e-7
7318 3.335667661239781e-7
7319 3.342428848574163e-7
7320 3.342428848574163e-7
7321 3.342428848574163e-7
7322 3.347283454030918e-7
7323 3.347283454030918e-7
7324 3.357441254109591e-7
7325 3.357441254109591e-7
7326 3.357441254109591e-7
7327 3.357441254109591e-7
7328 3.357441254109591e-7
7329 3.357441254109591e-7
7330 3.357441254109591e-7
7331 3.357441254109591e-7
7332 3.357441254109591e-7
7333 3.357441254109591e-7
7334 3.357441254109591e-7
7335 3.357441254109591e-7
7336 3.357441254109591e-7
7337 3.357441254109591e-7
7338 3.357441254109591e-7
7339 3.357441254109591e-7
7340 3.357441254109591e-7
7341 3.357441254109591e-7
7342 3.361430676607491e-7
7343 3.361430676607491e-7
7344 3.361430676607491e-7
7345 3.3673266870948365e-7
7346 3.3673266870948365e-7
7347 3.3730784953291906e-7
7348 3.3730784953291906e-7
7349 3.3730784953291906e-7
7350 3.3730784953291906e-7
7351 3.3730784953291906e-7
7352 3.3730784953291906e-7
7353 3.3730784953291906e-7
7354 3.3730784953291906e-7
7355 3.3730784953291906e-7
7356 3.3730784953291906e-7
7357 3.379198809566845e-7
7358 3.379198809566845e-7
7359 3.379198809566845e-7
7360 3.379198809566845e-7
7361 3.3853351428815996e-7
7362 3.3853351428815996e-7
7363 3.3853351428815996e-7
7364 3.3853351428815996e-7
7365 3.3853351428815996e-7
7366 3.3853351428815996e-7
7367 3.3853351428815996e-7
7368 3.3853351428815996e-7
7369 3.3853351428815996e-7
7370 3.3853351428815996e-7
7371 3.3853351428815996e-7
7372 3.3865207623888186e-7
7373 3.3865207623888186e-7
7374 3.3865207623888186e-7
7375 3.3865207623888186e-7
7376 3.3865207623888186e-7
7377 3.3865207623888186e-7
7378 3.3865207623888186e-7
7379 3.3865207623888186e-7
7380 3.3865207623888186e-7
7381 3.3865207623888186e-7
7382 3.3865207623888186e-7
7383 3.3865207623888186e-7
7384 3.3865207623888186e-7
7385 3.3865207623888186e-7
7386 3.3865207623888186e-7
7387 3.3909267420095e-7
7388 3.3909267420095e-7
7389 3.3909267420095e-7
7390 3.3909267420095e-7
7391 3.3927211842356094e-7
7392 3.3927211842356094e-7
7393 3.3927211842356094e-7
7394 3.3927211842356094e-7
7395 3.3927211842356094e-7
7396 3.395797372655174e-7
7397 3.395797372655174e-7
7398 3.395797372655174e-7
7399 3.395797372655174e-7
7400 3.395797372655174e-7
7401 3.399642592900082e-7
7402 3.399642592900082e-7
7403 3.399642592900082e-7
7404 3.399642592900082e-7
7405 3.4034717940678915e-7
7406 3.4034717940678915e-7
7407 3.4034717940678915e-7
7408 3.4034717940678915e-7
7409 3.4034717940678915e-7
7410 3.4034717940678915e-7
7411 3.4034717940678915e-7
7412 3.4034717940678915e-7
7413 3.4034717940678915e-7
7414 3.4034717940678915e-7
7415 3.4034717940678915e-7
7416 3.4034717940678915e-7
7417 3.4034717940678915e-7
7418 3.4119633350963463e-7
7419 3.4119633350963463e-7
7420 3.4119633350963463e-7
7421 3.4119633350963463e-7
7422 3.4119633350963463e-7
7423 3.4119633350963463e-7
7424 3.4164334093608827e-7
7425 3.4164334093608827e-7
7426 3.4164334093608827e-7
7427 3.4164334093608827e-7
7428 3.4164334093608827e-7
7429 3.418195801209155e-7
7430 3.418195801209155e-7
7431 3.418195801209155e-7
7432 3.418195801209155e-7
7433 3.418195801209155e-7
7434 3.418195801209155e-7
7435 3.418195801209155e-7
7436 3.418195801209155e-7
7437 3.418195801209155e-7
7438 3.418195801209155e-7
7439 3.418195801209155e-7
7440 3.420006256400546e-7
7441 3.4333363654732e-7
7442 3.4333363654732e-7
7443 3.4333363654732e-7
7444 3.4333363654732e-7
7445 3.4333363654732e-7
7446 3.4333363654732e-7
7447 3.4333363654732e-7
7448 3.4333363654732e-7
7449 3.4333363654732e-7
7450 3.4333363654732e-7
7451 3.4333363654732e-7
7452 3.4333363654732e-7
7453 3.4333363654732e-7
7454 3.4333363654732e-7
7455 3.4333363654732e-7
7456 3.4333363654732e-7
7457 3.435066725279092e-7
7458 3.435066725279092e-7
7459 3.435066725279092e-7
7460 3.435066725279092e-7
7461 3.435066725279092e-7
7462 3.435066725279092e-7
7463 3.435066725279092e-7
7464 3.435066725279092e-7
7465 3.4411389761736285e-7
7466 3.4411389761736285e-7
7467 3.4411389761736285e-7
7468 3.4411389761736285e-7
7469 3.4411389761736285e-7
7470 3.4411389761736285e-7
7471 3.4411389761736285e-7
7472 3.4411389761736285e-7
7473 3.4481885496785374e-7
7474 3.4481885496785374e-7
7475 3.4481885496785374e-7
7476 3.4481885496785374e-7
7477 3.4481885496785374e-7
7478 3.4481885496785374e-7
7479 3.4481885496785374e-7
7480 3.4481885496785374e-7
7481 3.4481885496785374e-7
7482 3.4481885496785374e-7
7483 3.4481885496785374e-7
7484 3.4481885496785374e-7
7485 3.4481885496785374e-7
7486 3.4481885496785374e-7
7487 3.4481885496785374e-7
7488 3.4481885496785374e-7
7489 3.4481885496785374e-7
7490 3.4481885496785374e-7
7491 3.4481885496785374e-7
7492 3.4481885496785374e-7
7493 3.4559591038893096e-7
7494 3.4559591038893096e-7
7495 3.4559591038893096e-7
7496 3.4559591038893096e-7
7497 3.4559591038893096e-7
7498 3.4559591038893096e-7
7499 3.4559591038893096e-7
7500 3.4559591038893096e-7
7501 3.4559591038893096e-7
7502 3.4581380650840007e-7
7503 3.4581380650840007e-7
7504 3.4581380650840007e-7
7505 3.4581380650840007e-7
7506 3.4581380650840007e-7
7507 3.4581380650840007e-7
7508 3.4581380650840007e-7
7509 3.4581380650840007e-7
7510 3.4581380650840007e-7
7511 3.4581380650840007e-7
7512 3.4581380650840007e-7
7513 3.4581380650840007e-7
7514 3.4581380650840007e-7
7515 3.4581380650840007e-7
7516 3.4581380650840007e-7
7517 3.4581380650840007e-7
7518 3.46034907054471e-7
7519 3.46034907054471e-7
7520 3.46034907054471e-7
7521 3.46034907054471e-7
7522 3.46034907054471e-7
7523 3.46034907054471e-7
7524 3.463008683506037e-7
7525 3.464626879213137e-7
7526 3.464626879213137e-7
7527 3.464626879213137e-7
7528 3.464626879213137e-7
7529 3.464626879213137e-7
7530 3.464626879213137e-7
7531 3.464626879213137e-7
7532 3.464626879213137e-7
7533 3.46956158616721e-7
7534 3.46956158616721e-7
7535 3.46956158616721e-7
7536 3.46956158616721e-7
7537 3.46956158616721e-7
7538 3.46956158616721e-7
7539 3.4755857676068095e-7
7540 3.4755857676068095e-7
7541 3.4755857676068095e-7
7542 3.4755857676068095e-7
7543 3.4755857676068095e-7
7544 3.4755857676068095e-7
7545 3.4755857676068095e-7
7546 3.4755857676068095e-7
7547 3.4755857676068095e-7
7548 3.4755857676068095e-7
7549 3.489316420836964e-7
7550 3.489316420836964e-7
7551 3.489316420836964e-7
7552 3.489316420836964e-7
7553 3.489316420836964e-7
7554 3.489316420836964e-7
7555 3.489316420836964e-7
7556 3.489316420836964e-7
7557 3.489316420836964e-7
7558 3.489316420836964e-7
7559 3.489316420836964e-7
7560 3.489316420836964e-7
7561 3.489316420836964e-7
7562 3.489316420836964e-7
7563 3.489316420836964e-7
7564 3.489316420836964e-7
7565 3.489316420836964e-7
7566 3.489316420836964e-7
7567 3.489316420836964e-7
7568 3.489316420836964e-7
7569 3.489316420836964e-7
7570 3.489316420836964e-7
7571 3.489316420836964e-7
7572 3.489316420836964e-7
7573 3.494940058119064e-7
7574 3.494940058119064e-7
7575 3.494940058119064e-7
7576 3.494940058119064e-7
7577 3.494940058119064e-7
7578 3.494940058119064e-7
7579 3.494940058119064e-7
7580 3.494940058119064e-7
7581 3.494940058119064e-7
7582 3.494940058119064e-7
7583 3.494940058119064e-7
7584 3.494940058119064e-7
7585 3.494940058119064e-7
7586 3.494940058119064e-7
7587 3.494940058119064e-7
7588 3.494940058119064e-7
7589 3.501092410510918e-7
7590 3.501092410510918e-7
7591 3.501092410510918e-7
7592 3.501092410510918e-7
7593 3.501092410510918e-7
7594 3.501092410510918e-7
7595 3.501092410510918e-7
7596 3.501092410510918e-7
7597 3.5021017773873086e-7
7598 3.5021017773873086e-7
7599 3.5021017773873086e-7
7600 3.5021017773873086e-7
7601 3.505738725182646e-7
7602 3.505738725182646e-7
7603 3.505738725182646e-7
7604 3.5072608003153285e-7
7605 3.5072608003153285e-7
7606 3.5072608003153285e-7
7607 3.5072608003153285e-7
7608 3.5072608003153285e-7
7609 3.5072608003153285e-7
7610 3.5072608003153285e-7
7611 3.5072608003153285e-7
7612 3.5072608003153285e-7
7613 3.5072608003153285e-7
7614 3.5072608003153285e-7
7615 3.519485409713538e-7
7616 3.519485409713538e-7
7617 3.519485409713538e-7
7618 3.519485409713538e-7
7619 3.519485409713538e-7
7620 3.519485409713538e-7
7621 3.5246924715374003e-7
7622 3.5246924715374003e-7
7623 3.5246924715374003e-7
7624 3.5246924715374003e-7
7625 3.548244475332583e-7
7626 3.548244475332583e-7
7627 3.548244475332583e-7
7628 3.548244475332583e-7
7629 3.548244475332583e-7
7630 3.548244475332583e-7
7631 3.548244475332583e-7
7632 3.548244475332583e-7
7633 3.548244475332583e-7
7634 3.548244475332583e-7
7635 3.5521057146545913e-7
7636 3.5521057146545913e-7
7637 3.5521057146545913e-7
7638 3.556816111746537e-7
7639 3.556816111746537e-7
7640 3.556816111746537e-7
7641 3.556816111746537e-7
7642 3.556816111746537e-7
7643 3.556816111746537e-7
7644 3.556816111746537e-7
7645 3.556816111746537e-7
7646 3.556816111746537e-7
7647 3.556816111746537e-7
7648 3.556816111746537e-7
7649 3.556816111746537e-7
7650 3.556816111746537e-7
7651 3.556816111746537e-7
7652 3.556816111746537e-7
7653 3.556816111746537e-7
7654 3.556816111746537e-7
7655 3.556816111746537e-7
7656 3.556816111746537e-7
7657 3.556816111746537e-7
7658 3.556816111746537e-7
7659 3.556816111746537e-7
7660 3.5643142988638823e-7
7661 3.5643142988638823e-7
7662 3.5643142988638823e-7
7663 3.5643142988638823e-7
7664 3.5643142988638823e-7
7665 3.5643142988638823e-7
7666 3.5643142988638823e-7
7667 3.5643142988638823e-7
7668 3.5643142988638823e-7
7669 3.5643142988638823e-7
7670 3.5643142988638823e-7
7671 3.5643142988638823e-7
7672 3.5643142988638823e-7
7673 3.568784373128419e-7
7674 3.568784373128419e-7
7675 3.568784373128419e-7
7676 3.568784373128419e-7
7677 3.568784373128419e-7
7678 3.568784373128419e-7
7679 3.568784373128419e-7
7680 3.568784373128419e-7
7681 3.568784373128419e-7
7682 3.568784373128419e-7
7683 3.568784373128419e-7
7684 3.568784373128419e-7
7685 3.574199731849128e-7
7686 3.574199731849128e-7
7687 3.574199731849128e-7
7688 3.574199731849128e-7
7689 3.5781250658149917e-7
7690 3.5781250658149917e-7
7691 3.5781250658149917e-7
7692 3.5781250658149917e-7
7693 3.5781250658149917e-7
7694 3.5781250658149917e-7
7695 3.5781250658149917e-7
7696 3.5781250658149917e-7
7697 3.5781250658149917e-7
7698 3.5781250658149917e-7
7699 3.5781250658149917e-7
7700 3.5781250658149917e-7
7701 3.5781250658149917e-7
7702 3.5781250658149917e-7
7703 3.5781250658149917e-7
7704 3.5781250658149917e-7
7705 3.5781250658149917e-7
7706 3.5781250658149917e-7
7707 3.5781250658149917e-7
7708 3.5781250658149917e-7
7709 3.5781250658149917e-7
7710 3.5781250658149917e-7
7711 3.5781250658149917e-7
7712 3.5781250658149917e-7
7713 3.5781250658149917e-7
7714 3.5781250658149917e-7
7715 3.5781250658149917e-7
7716 3.5781250658149917e-7
7717 3.5781250658149917e-7
7718 3.5781250658149917e-7
7719 3.5781250658149917e-7
7720 3.5781250658149917e-7
7721 3.5781250658149917e-7
7722 3.5781250658149917e-7
7723 3.5781250658149917e-7
7724 3.5781250658149917e-7
7725 3.5781250658149917e-7
7726 3.5781250658149917e-7
7727 3.5781250658149917e-7
7728 3.5781250658149917e-7
7729 3.5781250658149917e-7
7730 3.5781250658149917e-7
7731 3.5781250658149917e-7
7732 3.5781250658149917e-7
7733 3.5781250658149917e-7
7734 3.5781250658149917e-7
7735 3.5781250658149917e-7
7736 3.5781250658149917e-7
7737 3.5781250658149917e-7
7738 3.5781250658149917e-7
7739 3.5781250658149917e-7
7740 3.5905419346974917e-7
7741 3.5905419346974917e-7
7742 3.5905419346974917e-7
7743 3.5905419346974917e-7
7744 3.5905419346974917e-7
7745 3.5905419346974917e-7
7746 3.5905419346974917e-7
7747 3.5905419346974917e-7
7748 3.5905419346974917e-7
7749 3.5905419346974917e-7
7750 3.5905419346974917e-7
7751 3.5905419346974917e-7
7752 3.5989213177389735e-7
7753 3.5989213177389735e-7
7754 3.5996422984448374e-7
7755 3.5996422984448374e-7
7756 3.602558259422492e-7
7757 3.602558259422492e-7
7758 3.607268662626256e-7
7759 3.607268662626256e-7
7760 3.607268662626256e-7
7761 3.611690667435856e-7
7762 3.611690667435856e-7
7763 3.611690667435856e-7
7764 3.611690667435856e-7
7765 3.611690667435856e-7
7766 3.611690667435856e-7
7767 3.611690667435856e-7
7768 3.611690667435856e-7
7769 3.611690667435856e-7
7770 3.611690667435856e-7
7771 3.611690667435856e-7
7772 3.611690667435856e-7
7773 3.611690667435856e-7
7774 3.611690667435856e-7
7775 3.611690667435856e-7
7776 3.611690667435856e-7
7777 3.611690667435856e-7
7778 3.611690667435856e-7
7779 3.611690667435856e-7
7780 3.611690667435856e-7
7781 3.611690667435856e-7
7782 3.6296510598795006e-7
7783 3.6296510598795006e-7
7784 3.6296510598795006e-7
7785 3.6296510598795006e-7
7786 3.6296510598795006e-7
7787 3.6296510598795006e-7
7788 3.6296510598795006e-7
7789 3.6296510598795006e-7
7790 3.6296510598795006e-7
7791 3.6296510598795006e-7
7792 3.6296510598795006e-7
7793 3.6296510598795006e-7
7794 3.6296510598795006e-7
7795 3.6296510598795006e-7
7796 3.6296510598795006e-7
7797 3.6296510598795006e-7
7798 3.6296510598795006e-7
7799 3.6296510598795006e-7
7800 3.6296510598795006e-7
7801 3.6296510598795006e-7
7802 3.6296510598795006e-7
7803 3.6296510598795006e-7
7804 3.6336244571884824e-7
7805 3.6336244571884824e-7
7806 3.6336244571884824e-7
7807 3.6336244571884824e-7
7808 3.6336244571884824e-7
7809 3.6336244571884824e-7
7810 3.643173422324627e-7
7811 3.643173422324627e-7
7812 3.643173422324627e-7
7813 3.643173422324627e-7
7814 3.643173422324627e-7
7815 3.643173422324627e-7
7816 3.643173422324627e-7
7817 3.643173422324627e-7
7818 3.643173422324627e-7
7819 3.643173422324627e-7
7820 3.643173422324627e-7
7821 3.643173422324627e-7
7822 3.643173422324627e-7
7823 3.643173422324627e-7
7824 3.643173422324627e-7
7825 3.643173422324627e-7
7826 3.643173422324627e-7
7827 3.643173422324627e-7
7828 3.643173422324627e-7
7829 3.643173422324627e-7
7830 3.6535875704196273e-7
7831 3.6535875704196273e-7
7832 3.6535875704196273e-7
7833 3.6619829664263897e-7
7834 3.6619829664263897e-7
7835 3.6619829664263897e-7
7836 3.6619829664263897e-7
7837 3.6619829664263897e-7
7838 3.672493253431263e-7
7839 3.672493253431263e-7
7840 3.672493253431263e-7
7841 3.672493253431263e-7
7842 3.672493253431263e-7
7843 3.672493253431263e-7
7844 3.6770113910389176e-7
7845 3.6770113910389176e-7
7846 3.6770113910389176e-7
7847 3.6770113910389176e-7
7848 3.6770113910389176e-7
7849 3.6770113910389176e-7
7850 3.6770113910389176e-7
7851 3.6770113910389176e-7
7852 3.6770113910389176e-7
7853 3.6770113910389176e-7
7854 3.6841731225307995e-7
7855 3.6841731225307995e-7
7856 3.6841731225307995e-7
7857 3.6841731225307995e-7
7858 3.6841731225307995e-7
7859 3.6841731225307995e-7
7860 3.6841731225307995e-7
7861 3.6841731225307995e-7
7862 3.6841731225307995e-7
7863 3.6841731225307995e-7
7864 3.6894923545652726e-7
7865 3.691446999786017e-7
7866 3.692119911036944e-7
7867 3.692119911036944e-7
7868 3.692119911036944e-7
7869 3.692119911036944e-7
7870 3.692119911036944e-7
7871 3.692119911036944e-7
7872 3.6959651312818523e-7
7873 3.6959651312818523e-7
7874 3.6959651312818523e-7
7875 3.6959651312818523e-7
7876 3.6959651312818523e-7
7877 3.6959651312818523e-7
7878 3.6959651312818523e-7
7879 3.6959651312818523e-7
7880 3.6959651312818523e-7
7881 3.7087985572871335e-7
7882 3.7087985572871335e-7
7883 3.7087985572871335e-7
7884 3.7087985572871335e-7
7885 3.7087985572871335e-7
7886 3.7087985572871335e-7
7887 3.7087985572871335e-7
7888 3.7087985572871335e-7
7889 3.7087985572871335e-7
7890 3.7087985572871335e-7
7891 3.7087985572871335e-7
7892 3.7087985572871335e-7
7893 3.7087985572871335e-7
7894 3.7087985572871335e-7
7895 3.7087985572871335e-7
7896 3.7087985572871335e-7
7897 3.7087985572871335e-7
7898 3.7087985572871335e-7
7899 3.7087985572871335e-7
7900 3.7087985572871335e-7
7901 3.7087985572871335e-7
7902 3.7087985572871335e-7
7903 3.7087985572871335e-7
7904 3.7087985572871335e-7
7905 3.7087985572871335e-7
7906 3.7087985572871335e-7
7907 3.7141177770979694e-7
7908 3.7141177770979694e-7
7909 3.7141177770979694e-7
7910 3.7141177770979694e-7
7911 3.718283427779423e-7
7912 3.718283427779423e-7
7913 3.718283427779423e-7
7914 3.718283427779423e-7
7915 3.718283427779423e-7
7916 3.718283427779423e-7
7917 3.718283427779423e-7
7918 3.7242915901419233e-7
7919 3.7242915901419233e-7
7920 3.7242915901419233e-7
7921 3.7242915901419233e-7
7922 3.7242915901419233e-7
7923 3.7242915901419233e-7
7924 3.7242915901419233e-7
7925 3.7242915901419233e-7
7926 3.7242915901419233e-7
7927 3.7242915901419233e-7
7928 3.7242915901419233e-7
7929 3.7242915901419233e-7
7930 3.731229011771677e-7
7931 3.731229011771677e-7
7932 3.731229011771677e-7
7933 3.731229011771677e-7
7934 3.731229011771677e-7
7935 3.731229011771677e-7
7936 3.731229011771677e-7
7937 3.736019516472759e-7
7938 3.736019516472759e-7
7939 3.736019516472759e-7
7940 3.736019516472759e-7
7941 3.736019516472759e-7
7942 3.736019516472759e-7
7943 3.736019516472759e-7
7944 3.736019516472759e-7
7945 3.736019516472759e-7
7946 3.736019516472759e-7
7947 3.736019516472759e-7
7948 3.736019516472759e-7
7949 3.736019516472759e-7
7950 3.736019516472759e-7
7951 3.736019516472759e-7
7952 3.736019516472759e-7
7953 3.736019516472759e-7
7954 3.736019516472759e-7
7955 3.736019516472759e-7
7956 3.736019516472759e-7
7957 3.736019516472759e-7
7958 3.736019516472759e-7
7959 3.736019516472759e-7
7960 3.736019516472759e-7
7961 3.736019516472759e-7
7962 3.736019516472759e-7
7963 3.736019516472759e-7
7964 3.736019516472759e-7
7965 3.740794002096741e-7
7966 3.740794002096741e-7
7967 3.740794002096741e-7
7968 3.740794002096741e-7
7969 3.740794002096741e-7
7970 3.7462734432376676e-7
7971 3.7462734432376676e-7
7972 3.7462734432376676e-7
7973 3.7462734432376676e-7
7974 3.7462734432376676e-7
7975 3.7516567576923585e-7
7976 3.7516567576923585e-7
7977 3.7516567576923585e-7
7978 3.7516567576923585e-7
7979 3.7516567576923585e-7
7980 3.759475381358068e-7
7981 3.759475381358068e-7
7982 3.759475381358068e-7
7983 3.759475381358068e-7
7984 3.759475381358068e-7
7985 3.759475381358068e-7
7986 3.759475381358068e-7
7987 3.759475381358068e-7
7988 3.759475381358068e-7
7989 3.759475381358068e-7
7990 3.759475381358068e-7
7991 3.759475381358068e-7
7992 3.759475381358068e-7
7993 3.759475381358068e-7
7994 3.759475381358068e-7
7995 3.759475381358068e-7
7996 3.759475381358068e-7
7997 3.759475381358068e-7
7998 3.759475381358068e-7
7999 3.759475381358068e-7
8000 3.759475381358068e-7
8001 3.759475381358068e-7
8002 3.759475381358068e-7
8003 3.759475381358068e-7
8004 3.759475381358068e-7
8005 3.759475381358068e-7
8006 3.7638973922794864e-7
8007 3.7638973922794864e-7
8008 3.7638973922794864e-7
8009 3.7638973922794864e-7
8010 3.7638973922794864e-7
8011 3.7638973922794864e-7
8012 3.7638973922794864e-7
8013 3.7740872366241774e-7
8014 3.7740872366241774e-7
8015 3.780848423958559e-7
8016 3.780848423958559e-7
8017 3.780848423958559e-7
8018 3.780848423958559e-7
8019 3.7845334289851953e-7
8020 3.7845334289851953e-7
8021 3.7845334289851953e-7
8022 3.7845334289851953e-7
8023 3.7845334289851953e-7
8024 3.805009244360813e-7
8025 3.805009244360813e-7
8026 3.805009244360813e-7
8027 3.805009244360813e-7
8028 3.8106168625658134e-7
8029 3.8106168625658134e-7
8030 3.8106168625658134e-7
8031 3.8106168625658134e-7
8032 3.8150228482983134e-7
8033 3.8150228482983134e-7
8034 3.8150228482983134e-7
8035 3.8150228482983134e-7
8036 3.8150228482983134e-7
8037 3.8150228482983134e-7
8038 3.8150228482983134e-7
8039 3.8150228482983134e-7
8040 3.8150228482983134e-7
8041 3.8150228482983134e-7
8042 3.8150228482983134e-7
8043 3.8150228482983134e-7
8044 3.8150228482983134e-7
8045 3.8150228482983134e-7
8046 3.8150228482983134e-7
8047 3.8150228482983134e-7
8048 3.8150228482983134e-7
8049 3.8150228482983134e-7
8050 3.8150228482983134e-7
8051 3.8150228482983134e-7
8052 3.8150228482983134e-7
8053 3.8150228482983134e-7
8054 3.8150228482983134e-7
8055 3.8150228482983134e-7
8056 3.8150228482983134e-7
8057 3.8150228482983134e-7
8058 3.8150228482983134e-7
8059 3.8150228482983134e-7
8060 3.8150228482983134e-7
8061 3.8150228482983134e-7
8062 3.8150228482983134e-7
8063 3.8150228482983134e-7
8064 3.8161443731616774e-7
8065 3.8161443731616774e-7
8066 3.8161443731616774e-7
8067 3.829682760795723e-7
8068 3.829682760795723e-7
8069 3.829682760795723e-7
8070 3.829682760795723e-7
8071 3.829682760795723e-7
8072 3.829682760795723e-7
8073 3.829682760795723e-7
8074 3.829682760795723e-7
8075 3.829682760795723e-7
8076 3.829682760795723e-7
8077 3.829682760795723e-7
8078 3.829682760795723e-7
8079 3.829682760795723e-7
8080 3.829682760795723e-7
8081 3.836972663239859e-7
8082 3.836972663239859e-7
8083 3.836972663239859e-7
8084 3.836972663239859e-7
8085 3.836972663239859e-7
8086 3.836972663239859e-7
8087 3.836972663239859e-7
8088 3.836972663239859e-7
8089 3.836972663239859e-7
8090 3.836972663239859e-7
8091 3.836972663239859e-7
8092 3.836972663239859e-7
8093 3.836972663239859e-7
8094 3.839007422181558e-7
8095 3.839007422181558e-7
8096 3.839007422181558e-7
8097 3.839007422181558e-7
8098 3.850238683780477e-7
8099 3.850238683780477e-7
8100 3.850238683780477e-7
8101 3.850238683780477e-7
8102 3.864097514074704e-7
8103 3.864097514074704e-7
8104 3.864097514074704e-7
8105 3.864097514074704e-7
8106 3.864097514074704e-7
8107 3.864097514074704e-7
8108 3.864097514074704e-7
8109 3.864097514074704e-7
8110 3.864097514074704e-7
8111 3.864097514074704e-7
8112 3.864097514074704e-7
8113 3.864097514074704e-7
8114 3.864097514074704e-7
8115 3.864097514074704e-7
8116 3.864097514074704e-7
8117 3.864097514074704e-7
8118 3.864097514074704e-7
8119 3.864097514074704e-7
8120 3.867718430569304e-7
8121 3.867718430569304e-7
8122 3.867718430569304e-7
8123 3.8764663135022675e-7
8124 3.8764663135022675e-7
8125 3.8764663135022675e-7
8126 3.8764663135022675e-7
8127 3.8764663135022675e-7
8128 3.8764663135022675e-7
8129 3.8764663135022675e-7
8130 3.878933666979304e-7
8131 3.878933666979304e-7
8132 3.885807000077022e-7
8133 3.885807000077022e-7
8134 3.885807000077022e-7
8135 3.885807000077022e-7
8136 3.885807000077022e-7
8137 3.885807000077022e-7
8138 3.885807000077022e-7
8139 3.890325137684676e-7
8140 3.890325137684676e-7
8141 3.890325137684676e-7
8142 3.890325137684676e-7
8143 3.890325137684676e-7
8144 3.890325137684676e-7
8145 3.890325137684676e-7
8146 3.890325137684676e-7
8147 3.890325137684676e-7
8148 3.890325137684676e-7
8149 3.890325137684676e-7
8150 3.890325137684676e-7
8151 3.890325137684676e-7
8152 3.890325137684676e-7
8153 3.890325137684676e-7
8154 3.890325137684676e-7
8155 3.890325137684676e-7
8156 3.890325137684676e-7
8157 3.890325137684676e-7
8158 3.890325137684676e-7
8159 3.890325137684676e-7
8160 3.890325137684676e-7
8161 3.890325137684676e-7
8162 3.890325137684676e-7
8163 3.890325137684676e-7
8164 3.890325137684676e-7
8165 3.890325137684676e-7
8166 3.890325137684676e-7
8167 3.890325137684676e-7
8168 3.890325137684676e-7
8169 3.8974227806445217e-7
8170 3.8974227806445217e-7
8171 3.8974227806445217e-7
8172 3.8974227806445217e-7
8173 3.8974227806445217e-7
8174 3.8974227806445217e-7
8175 3.8974227806445217e-7
8176 3.8974227806445217e-7
8177 3.9007713239338755e-7
8178 3.9007713239338755e-7
8179 3.9007713239338755e-7
8180 3.9007713239338755e-7
8181 3.9007713239338755e-7
8182 3.903286746865849e-7
8183 3.9037834238214034e-7
8184 3.9037834238214034e-7
8185 3.906795517597113e-7
8186 3.906795517597113e-7
8187 3.906795517597113e-7
8188 3.906795517597113e-7
8189 3.906795517597113e-7
8190 3.9092949153401677e-7
8191 3.9092949153401677e-7
8192 3.9092949153401677e-7
8193 3.9092949153401677e-7
8194 3.9092949153401677e-7
8195 3.9092949153401677e-7
8196 3.9092949153401677e-7
8197 3.9092949153401677e-7
8198 3.9092949153401677e-7
8199 3.914758343515814e-7
8200 3.914758343515814e-7
8201 3.914758343515814e-7
8202 3.914758343515814e-7
8203 3.914758343515814e-7
8204 3.914758343515814e-7
8205 3.914758343515814e-7
8206 3.914758343515814e-7
8207 3.914758343515814e-7
8208 3.9198532656881597e-7
8209 3.9198532656881597e-7
8210 3.932766817638033e-7
8211 3.932766817638033e-7
8212 3.932766817638033e-7
8213 3.9351861077719517e-7
8214 3.9351861077719517e-7
8215 3.9351861077719517e-7
8216 3.9351861077719517e-7
8217 3.9351861077719517e-7
8218 3.9351861077719517e-7
8219 3.9351861077719517e-7
8220 3.9351861077719517e-7
8221 3.9351861077719517e-7
8222 3.9351861077719517e-7
8223 3.9351861077719517e-7
8224 3.9351861077719517e-7
8225 3.9351861077719517e-7
8226 3.9351861077719517e-7
8227 3.9351861077719517e-7
8228 3.9351861077719517e-7
8229 3.9351861077719517e-7
8230 3.9351861077719517e-7
8231 3.9351861077719517e-7
8232 3.9351861077719517e-7
8233 3.9351861077719517e-7
8234 3.9351861077719517e-7
8235 3.9351861077719517e-7
8236 3.9351861077719517e-7
8237 3.9351861077719517e-7
8238 3.9351861077719517e-7
8239 3.9426202124690794e-7
8240 3.9426202124690794e-7
8241 3.9426202124690794e-7
8242 3.9426202124690794e-7
8243 3.9426202124690794e-7
8244 3.9426202124690794e-7
8245 3.9426202124690794e-7
8246 3.9426202124690794e-7
8247 3.9426202124690794e-7
8248 3.9426202124690794e-7
8249 3.9426202124690794e-7
8250 3.9426202124690794e-7
8251 3.9426202124690794e-7
8252 3.9426202124690794e-7
8253 3.9426202124690794e-7
8254 3.9426202124690794e-7
8255 3.9426202124690794e-7
8256 3.9426202124690794e-7
8257 3.9426202124690794e-7
8258 3.9426202124690794e-7
8259 3.9426202124690794e-7
8260 3.9426202124690794e-7
8261 3.9426202124690794e-7
8262 3.9426202124690794e-7
8263 3.9426202124690794e-7
8264 3.9426202124690794e-7
8265 3.9468820081722255e-7
8266 3.9468820081722255e-7
8267 3.9468820081722255e-7
8268 3.9468820081722255e-7
8269 3.9468820081722255e-7
8270 3.9468820081722255e-7
8271 3.9468820081722255e-7
8272 3.9468820081722255e-7
8273 3.9468820081722255e-7
8274 3.9468820081722255e-7
8275 3.9468820081722255e-7
8276 3.9468820081722255e-7
8277 3.9468820081722255e-7
8278 3.9468820081722255e-7
8279 3.9468820081722255e-7
8280 3.9468820081722255e-7
8281 3.9468820081722255e-7
8282 3.9468820081722255e-7
8283 3.9468820081722255e-7
8284 3.9468820081722255e-7
8285 3.9468820081722255e-7
8286 3.9503106651825347e-7
8287 3.9503106651825347e-7
8288 3.9503106651825347e-7
8289 3.9503106651825347e-7
8290 3.9542680434144167e-7
8291 3.9542680434144167e-7
8292 3.9542680434144167e-7
8293 3.9542680434144167e-7
8294 3.9542680434144167e-7
8295 3.9542680434144167e-7
8296 3.9542680434144167e-7
8297 3.9542680434144167e-7
8298 3.958882307708307e-7
8299 3.958882307708307e-7
8300 3.958882307708307e-7
8301 3.958882307708307e-7
8302 3.958882307708307e-7
8303 3.958882307708307e-7
8304 3.958882307708307e-7
8305 3.9647622991185526e-7
8306 3.9647622991185526e-7
8307 3.9647622991185526e-7
8308 3.9647622991185526e-7
8309 3.9647622991185526e-7
8310 3.9647622991185526e-7
8311 3.9647622991185526e-7
8312 3.9647622991185526e-7
8313 3.9647622991185526e-7
8314 3.9647622991185526e-7
8315 3.9684953674883067e-7
8316 3.9684953674883067e-7
8317 3.9706102401509613e-7
8318 3.9706102401509613e-7
8319 3.9706102401509613e-7
8320 3.9706102401509613e-7
8321 3.9706102401509613e-7
8322 3.9706102401509613e-7
8323 3.9706102401509613e-7
8324 3.9706102401509613e-7
8325 3.9706102401509613e-7
8326 3.9706102401509613e-7
8327 3.9803835212610525e-7
8328 3.9803835212610525e-7
8329 3.9803835212610525e-7
8330 3.9826105457988615e-7
8331 3.9826105457988615e-7
8332 3.9826105457988615e-7
8333 3.986632006450961e-7
8334 3.986632006450961e-7
8335 3.986632006450961e-7
8336 3.996933996558988e-7
8337 3.996933996558988e-7
8338 3.996933996558988e-7
8339 3.996933996558988e-7
8340 3.996933996558988e-7
8341 3.996933996558988e-7
8342 3.996933996558988e-7
8343 3.996933996558988e-7
8344 3.996933996558988e-7
8345 3.999689748430189e-7
8346 3.999689748430189e-7
8347 3.999689748430189e-7
8348 3.999689748430189e-7
8349 4.003454861065961e-7
8350 4.003454861065961e-7
8351 4.003454861065961e-7
8352 4.003454861065961e-7
8353 4.003454861065961e-7
8354 4.003454861065961e-7
8355 4.003454861065961e-7
8356 4.003454861065961e-7
8357 4.003454861065961e-7
8358 4.003454861065961e-7
8359 4.003454861065961e-7
8360 4.003454861065961e-7
8361 4.003454861065961e-7
8362 4.003454861065961e-7
8363 4.003454861065961e-7
8364 4.003454861065961e-7
8365 4.003454861065961e-7
8366 4.003454861065961e-7
8367 4.003454861065961e-7
8368 4.003454861065961e-7
8369 4.003454861065961e-7
8370 4.003454861065961e-7
8371 4.003454861065961e-7
8372 4.003454861065961e-7
8373 4.003454861065961e-7
8374 4.003454861065961e-7
8375 4.003454861065961e-7
8376 4.009126567802998e-7
8377 4.009126567802998e-7
8378 4.0151507492425973e-7
8379 4.0151507492425973e-7
8380 4.0151507492425973e-7
8381 4.0151507492425973e-7
8382 4.0151507492425973e-7
8383 4.0151507492425973e-7
8384 4.0155993567432153e-7
8385 4.0155993567432153e-7
8386 4.0155993567432153e-7
8387 4.0174258310117056e-7
8388 4.0183070330476606e-7
8389 4.0183070330476606e-7
8390 4.0183070330476606e-7
8391 4.0183070330476606e-7
8392 4.0183070330476606e-7
8393 4.0183070330476606e-7
8394 4.0183070330476606e-7
8395 4.0183070330476606e-7
8396 4.0183070330476606e-7
8397 4.0183070330476606e-7
8398 4.0183070330476606e-7
8399 4.0183070330476606e-7
8400 4.0183070330476606e-7
8401 4.0183070330476606e-7
8402 4.0183070330476606e-7
8403 4.0183070330476606e-7
8404 4.0183070330476606e-7
8405 4.0183070330476606e-7
8406 4.0183070330476606e-7
8407 4.0183070330476606e-7
8408 4.0183070330476606e-7
8409 4.0183070330476606e-7
8410 4.0183070330476606e-7
8411 4.0241389550029695e-7
8412 4.0241389550029695e-7
8413 4.0241389550029695e-7
8414 4.0241389550029695e-7
8415 4.0241389550029695e-7
8416 4.0241389550029695e-7
8417 4.0241389550029695e-7
8418 4.0241389550029695e-7
8419 4.0241389550029695e-7
8420 4.0241389550029695e-7
8421 4.0241389550029695e-7
8422 4.0241389550029695e-7
8423 4.0241389550029695e-7
8424 4.0241389550029695e-7
8425 4.0241389550029695e-7
8426 4.0241389550029695e-7
8427 4.0241389550029695e-7
8428 4.0241389550029695e-7
8429 4.0241389550029695e-7
8430 4.0241389550029695e-7
8431 4.0241389550029695e-7
8432 4.0241389550029695e-7
8433 4.0241389550029695e-7
8434 4.0241389550029695e-7
8435 4.0241389550029695e-7
8436 4.0241389550029695e-7
8437 4.0241389550029695e-7
8438 4.0241389550029695e-7
8439 4.0241389550029695e-7
8440 4.0241389550029695e-7
8441 4.0312366040746336e-7
8442 4.0312366040746336e-7
8443 4.0312366040746336e-7
8444 4.0342166596961434e-7
8445 4.0342166596961434e-7
8446 4.0342166596961434e-7
8447 4.0342166596961434e-7
8448 4.03828618980318e-7
8449 4.03828618980318e-7
8450 4.03828618980318e-7
8451 4.03828618980318e-7
8452 4.03828618980318e-7
8453 4.03828618980318e-7
8454 4.03828618980318e-7
8455 4.039936429776298e-7
8456 4.039936429776298e-7
8457 4.039936429776298e-7
8458 4.039936429776298e-7
8459 4.0441181117584887e-7
8460 4.0441181117584887e-7
8461 4.0441181117584887e-7
8462 4.0441181117584887e-7
8463 4.0441181117584887e-7
8464 4.057688549770371e-7
8465 4.057688549770371e-7
8466 4.057688549770371e-7
8467 4.057688549770371e-7
8468 4.057688549770371e-7
8469 4.057688549770371e-7
8470 4.057688549770371e-7
8471 4.057688549770371e-7
8472 4.057688549770371e-7
8473 4.057688549770371e-7
8474 4.057688549770371e-7
8475 4.057688549770371e-7
8476 4.057688549770371e-7
8477 4.057688549770371e-7
8478 4.057688549770371e-7
8479 4.057688549770371e-7
8480 4.057688549770371e-7
8481 4.057688549770371e-7
8482 4.057688549770371e-7
8483 4.057688549770371e-7
8484 4.057688549770371e-7
8485 4.057688549770371e-7
8486 4.057688549770371e-7
8487 4.057688549770371e-7
8488 4.057688549770371e-7
8489 4.057688549770371e-7
8490 4.057688549770371e-7
8491 4.063600585446635e-7
8492 4.063600585446635e-7
8493 4.063600585446635e-7
8494 4.063600585446635e-7
8495 4.063600585446635e-7
8496 4.063600585446635e-7
8497 4.063600585446635e-7
8498 4.063600585446635e-7
8499 4.063600585446635e-7
8500 4.06850324813469e-7
8501 4.06850324813469e-7
8502 4.0755207773735805e-7
8503 4.0755207773735805e-7
8504 4.0755207773735805e-7
8505 4.0755207773735805e-7
8506 4.0755207773735805e-7
8507 4.0755207773735805e-7
8508 4.0755207773735805e-7
8509 4.0755207773735805e-7
8510 4.0755207773735805e-7
8511 4.0794621365283627e-7
8512 4.0794621365283627e-7
8513 4.0794621365283627e-7
8514 4.0794621365283627e-7
8515 4.0794621365283627e-7
8516 4.0794621365283627e-7
8517 4.0794621365283627e-7
8518 4.08734484261429e-7
8519 4.08734484261429e-7
8520 4.08734484261429e-7
8521 4.08734484261429e-7
8522 4.08734484261429e-7
8523 4.08734484261429e-7
8524 4.08734484261429e-7
8525 4.08734484261429e-7
8526 4.08734484261429e-7
8527 4.08734484261429e-7
8528 4.08734484261429e-7
8529 4.08734484261429e-7
8530 4.089059177231263e-7
8531 4.089059177231263e-7
8532 4.089059177231263e-7
8533 4.089059177231263e-7
8534 4.089059177231263e-7
8535 4.089059177231263e-7
8536 4.089059177231263e-7
8537 4.089059177231263e-7
8538 4.094410447419936e-7
8539 4.094410447419936e-7
8540 4.098800414075336e-7
8541 4.098800414075336e-7
8542 4.103911355324781e-7
8543 4.103911355324781e-7
8544 4.103911355324781e-7
8545 4.103911355324781e-7
8546 4.1064748354880537e-7
8547 4.1064748354880537e-7
8548 4.1064748354880537e-7
8549 4.1093907964657084e-7
8550 4.1135404280700623e-7
8551 4.1135404280700623e-7
8552 4.1135404280700623e-7
8553 4.1135404280700623e-7
8554 4.1135404280700623e-7
8555 4.1135404280700623e-7
8556 4.115414977905308e-7
8557 4.115414977905308e-7
8558 4.115414977905308e-7
8559 4.115414977905308e-7
8560 4.1160878891562347e-7
8561 4.1160878891562347e-7
8562 4.1160878891562347e-7
8563 4.1160878891562347e-7
8564 4.1160878891562347e-7
8565 4.1160878891562347e-7
8566 4.1160878891562347e-7
8567 4.1253965375767894e-7
8568 4.1253965375767894e-7
8569 4.1253965375767894e-7
8570 4.1253965375767894e-7
8571 4.127271087412035e-7
8572 4.127271087412035e-7
8573 4.127271087412035e-7
8574 4.127271087412035e-7
8575 4.127271087412035e-7
8576 4.134304641839844e-7
8577 4.134304641839844e-7
8578 4.134304641839844e-7
8579 4.134304641839844e-7
8580 4.134304641839844e-7
8581 4.134304641839844e-7
8582 4.136211229829289e-7
8583 4.136211229829289e-7
8584 4.136211229829289e-7
8585 4.136211229829289e-7
8586 4.1454077263746895e-7
8587 4.1454077263746895e-7
8588 4.1454077263746895e-7
8589 4.1454077263746895e-7
8590 4.1454077263746895e-7
8591 4.1454077263746895e-7
8592 4.1454077263746895e-7
8593 4.1454077263746895e-7
8594 4.1454077263746895e-7
8595 4.1454077263746895e-7
8596 4.1454077263746895e-7
8597 4.1454077263746895e-7
8598 4.1454077263746895e-7
8599 4.1454077263746895e-7
8600 4.1454077263746895e-7
8601 4.1454077263746895e-7
8602 4.1454077263746895e-7
8603 4.1454077263746895e-7
8604 4.1454077263746895e-7
8605 4.1454077263746895e-7
8606 4.1454077263746895e-7
8607 4.1454077263746895e-7
8608 4.1454077263746895e-7
8609 4.1454077263746895e-7
8610 4.1454077263746895e-7
8611 4.1531943057743807e-7
8612 4.1531943057743807e-7
8613 4.1531943057743807e-7
8614 4.158080943273517e-7
8615 4.158080943273517e-7
8616 4.158080943273517e-7
8617 4.158080943273517e-7
8618 4.158080943273517e-7
8619 4.158080943273517e-7
8620 4.158080943273517e-7
8621 4.158080943273517e-7
8622 4.158080943273517e-7
8623 4.158080943273517e-7
8624 4.158080943273517e-7
8625 4.158080943273517e-7
8626 4.158080943273517e-7
8627 4.158080943273517e-7
8628 4.158080943273517e-7
8629 4.158080943273517e-7
8630 4.158080943273517e-7
8631 4.158080943273517e-7
8632 4.158080943273517e-7
8633 4.158080943273517e-7
8634 4.158080943273517e-7
8635 4.158080943273517e-7
8636 4.158080943273517e-7
8637 4.1634802768053076e-7
8638 4.1634802768053076e-7
8639 4.1634802768053076e-7
8640 4.1654028838718525e-7
8641 4.1654028838718525e-7
8642 4.1654028838718525e-7
8643 4.1654028838718525e-7
8644 4.1654028838718525e-7
8645 4.1654028838718525e-7
8646 4.1692801483827797e-7
8647 4.1692801483827797e-7
8648 4.1692801483827797e-7
8649 4.176521981371979e-7
8650 4.176521981371979e-7
8651 4.176521981371979e-7
8652 4.176521981371979e-7
8653 4.176521981371979e-7
8654 4.176521981371979e-7
8655 4.176521981371979e-7
8656 4.176521981371979e-7
8657 4.176521981371979e-7
8658 4.176521981371979e-7
8659 4.176521981371979e-7
8660 4.1776595253124424e-7
8661 4.1776595253124424e-7
8662 4.18068764427707e-7
8663 4.18068764427707e-7
8664 4.18068764427707e-7
8665 4.18068764427707e-7
8666 4.18068764427707e-7
8667 4.18068764427707e-7
8668 4.18068764427707e-7
8669 4.18068764427707e-7
8670 4.18068764427707e-7
8671 4.18068764427707e-7
8672 4.18068764427707e-7
8673 4.18068764427707e-7
8674 4.18068764427707e-7
8675 4.188089698596361e-7
8676 4.188089698596361e-7
8677 4.1940337663150057e-7
8678 4.1940337663150057e-7
8679 4.1940337663150057e-7
8680 4.1940337663150057e-7
8681 4.1980712582678425e-7
8682 4.1980712582678425e-7
8683 4.1980712582678425e-7
8684 4.1980712582678425e-7
8685 4.1980712582678425e-7
8686 4.1980712582678425e-7
8687 4.1980712582678425e-7
8688 4.1980712582678425e-7
8689 4.1980712582678425e-7
8690 4.1980712582678425e-7
8691 4.1980712582678425e-7
8692 4.1980712582678425e-7
8693 4.1980712582678425e-7
8694 4.1980712582678425e-7
8695 4.1980712582678425e-7
8696 4.1980712582678425e-7
8697 4.1980712582678425e-7
8698 4.1980712582678425e-7
8699 4.1980712582678425e-7
8700 4.1980712582678425e-7
8701 4.1980712582678425e-7
8702 4.1980712582678425e-7
8703 4.1980712582678425e-7
8704 4.1980712582678425e-7
8705 4.1980712582678425e-7
8706 4.203374465113397e-7
8707 4.203374465113397e-7
8708 4.203374465113397e-7
8709 4.203374465113397e-7
8710 4.203374465113397e-7
8711 4.203374465113397e-7
8712 4.203374465113397e-7
8713 4.203374465113397e-7
8714 4.203374465113397e-7
8715 4.203374465113397e-7
8716 4.2060020338087063e-7
8717 4.2060020338087063e-7
8718 4.2060020338087063e-7
8719 4.213019563047597e-7
8720 4.213019563047597e-7
8721 4.213019563047597e-7
8722 4.213019563047597e-7
8723 4.213019563047597e-7
8724 4.213019563047597e-7
8725 4.218835465925806e-7
8726 4.218835465925806e-7
8727 4.218835465925806e-7
8728 4.218835465925806e-7
8729 4.218835465925806e-7
8730 4.218835465925806e-7
8731 4.218835465925806e-7
8732 4.218835465925806e-7
8733 4.218835465925806e-7
8734 4.21955644663167e-7
8735 4.2222000405158975e-7
8736 4.2222000405158975e-7
8737 4.225901076843271e-7
8738 4.225901076843271e-7
8739 4.225901076843271e-7
8740 4.225901076843271e-7
8741 4.230675568579072e-7
8742 4.2329506625718174e-7
8743 4.2329506625718174e-7
8744 4.2329506625718174e-7
8745 4.2329506625718174e-7
8746 4.2329506625718174e-7
8747 4.2329506625718174e-7
8748 4.2329506625718174e-7
8749 4.2329506625718174e-7
8750 4.2329506625718174e-7
8751 4.2329506625718174e-7
8752 4.2329506625718174e-7
8753 4.2329506625718174e-7
8754 4.2329506625718174e-7
8755 4.2329506625718174e-7
8756 4.2329506625718174e-7
8757 4.2329506625718174e-7
8758 4.2329506625718174e-7
8759 4.2329506625718174e-7
8760 4.2329506625718174e-7
8761 4.2329506625718174e-7
8762 4.2329506625718174e-7
8763 4.2329506625718174e-7
8764 4.2329506625718174e-7
8765 4.2329506625718174e-7
8766 4.2329506625718174e-7
8767 4.2329506625718174e-7
8768 4.2329506625718174e-7
8769 4.2329506625718174e-7
8770 4.2367638385507076e-7
8771 4.2367638385507076e-7
8772 4.2367638385507076e-7
8773 4.2367638385507076e-7
8774 4.2367638385507076e-7
8775 4.2394875400440713e-7
8776 4.2394875400440713e-7
8777 4.2394875400440713e-7
8778 4.241970912598208e-7
8779 4.241970912598208e-7
8780 4.241970912598208e-7
8781 4.241970912598208e-7
8782 4.241970912598208e-7
8783 4.241970912598208e-7
8784 4.241970912598208e-7
8785 4.241970912598208e-7
8786 4.241970912598208e-7
8787 4.241970912598208e-7
8788 4.241970912598208e-7
8789 4.241970912598208e-7
8790 4.241970912598208e-7
8791 4.2478188658542543e-7
8792 4.2478188658542543e-7
8793 4.2478188658542543e-7
8794 4.2478188658542543e-7
8795 4.2478188658542543e-7
8796 4.2478188658542543e-7
8797 4.2478188658542543e-7
8798 4.2478188658542543e-7
8799 4.2478188658542543e-7
8800 4.2478188658542543e-7
8801 4.2478188658542543e-7
8802 4.2478188658542543e-7
8803 4.2478188658542543e-7
8804 4.2478188658542543e-7
8805 4.2478188658542543e-7
8806 4.2478188658542543e-7
8807 4.2478188658542543e-7
8808 4.2478188658542543e-7
8809 4.2478188658542543e-7
8810 4.2478188658542543e-7
8811 4.2478188658542543e-7
8812 4.2478188658542543e-7
8813 4.2478188658542543e-7
8814 4.2478188658542543e-7
8815 4.2478188658542543e-7
8816 4.2478188658542543e-7
8817 4.2478188658542543e-7
8818 4.2478188658542543e-7
8819 4.2478188658542543e-7
8820 4.2478188658542543e-7
8821 4.2478188658542543e-7
8822 4.2478188658542543e-7
8823 4.2478188658542543e-7
8824 4.2478188658542543e-7
8825 4.2478188658542543e-7
8826 4.2478188658542543e-7
8827 4.2478188658542543e-7
8828 4.2478188658542543e-7
8829 4.2478188658542543e-7
8830 4.2478188658542543e-7
8831 4.2478188658542543e-7
8832 4.2478188658542543e-7
8833 4.255813723815336e-7
8834 4.255813723815336e-7
8835 4.255813723815336e-7
8836 4.255813723815336e-7
8837 4.255813723815336e-7
8838 4.255813723815336e-7
8839 4.255813723815336e-7
8840 4.255813723815336e-7
8841 4.255813723815336e-7
8842 4.255813723815336e-7
8843 4.255813723815336e-7
8844 4.2604279942210453e-7
8845 4.2604279942210453e-7
8846 4.2604279942210453e-7
8847 4.2604279942210453e-7
8848 4.2604279942210453e-7
8849 4.2604279942210453e-7
8850 4.2604279942210453e-7
8851 4.2604279942210453e-7
8852 4.2604279942210453e-7
8853 4.2604279942210453e-7
8854 4.2604279942210453e-7
8855 4.2604279942210453e-7
8856 4.2604279942210453e-7
8857 4.2604279942210453e-7
8858 4.2604279942210453e-7
8859 4.268406833105027e-7
8860 4.268406833105027e-7
8861 4.2717714015832993e-7
8862 4.2717714015832993e-7
8863 4.2717714015832993e-7
8864 4.2717714015832993e-7
8865 4.2717714015832993e-7
8866 4.278885069732063e-7
8867 4.278885069732063e-7
8868 4.278885069732063e-7
8869 4.278885069732063e-7
8870 4.278885069732063e-7
8871 4.278885069732063e-7
8872 4.278885069732063e-7
8873 4.278885069732063e-7
8874 4.278885069732063e-7
8875 4.278885069732063e-7
8876 4.278885069732063e-7
8877 4.278885069732063e-7
8878 4.278885069732063e-7
8879 4.278885069732063e-7
8880 4.278885069732063e-7
8881 4.278885069732063e-7
8882 4.278885069732063e-7
8883 4.278885069732063e-7
8884 4.278885069732063e-7
8885 4.278885069732063e-7
8886 4.278885069732063e-7
8887 4.282329745819472e-7
8888 4.282329745819472e-7
8889 4.282329745819472e-7
8890 4.282329745819472e-7
8891 4.282329745819472e-7
8892 4.282329745819472e-7
8893 4.282329745819472e-7
8894 4.282329745819472e-7
8895 4.282329745819472e-7
8896 4.282329745819472e-7
8897 4.282329745819472e-7
8898 4.282329745819472e-7
8899 4.282329745819472e-7
8900 4.2870241177224987e-7
8901 4.2870241177224987e-7
8902 4.2870241177224987e-7
8903 4.2870241177224987e-7
8904 4.2870241177224987e-7
8905 4.2870241177224987e-7
8906 4.289315230792344e-7
8907 4.289315230792344e-7
8908 4.289315230792344e-7
8909 4.289315230792344e-7
8910 4.289315230792344e-7
8911 4.289315230792344e-7
8912 4.289315230792344e-7
8913 4.289315230792344e-7
8914 4.289315230792344e-7
8915 4.289315230792344e-7
8916 4.289315230792344e-7
8917 4.289315230792344e-7
8918 4.289315230792344e-7
8919 4.289315230792344e-7
8920 4.289315230792344e-7
8921 4.289315230792344e-7
8922 4.289315230792344e-7
8923 4.289315230792344e-7
8924 4.289315230792344e-7
8925 4.289315230792344e-7
8926 4.29441015296469e-7
8927 4.29441015296469e-7
8928 4.29441015296469e-7
8929 4.29441015296469e-7
8930 4.29441015296469e-7
8931 4.29441015296469e-7
8932 4.29441015296469e-7
8933 4.29441015296469e-7
8934 4.29441015296469e-7
8935 4.29441015296469e-7
8936 4.3046480667643174e-7
8937 4.3046480667643174e-7
8938 4.3046480667643174e-7
8939 4.3046480667643174e-7
8940 4.3046480667643174e-7
8941 4.3046480667643174e-7
8942 4.3046480667643174e-7
8943 4.3046480667643174e-7
8944 4.3099032041549356e-7
8945 4.3099032041549356e-7
8946 4.3099032041549356e-7
8947 4.3099032041549356e-7
8948 4.3099032041549356e-7
8949 4.3099032041549356e-7
8950 4.3099032041549356e-7
8951 4.3099032041549356e-7
8952 4.3099032041549356e-7
8953 4.3099032041549356e-7
8954 4.3099032041549356e-7
8955 4.3099032041549356e-7
8956 4.3099032041549356e-7
8957 4.3099032041549356e-7
8958 4.3099032041549356e-7
8959 4.3099032041549356e-7
8960 4.3099032041549356e-7
8961 4.3099032041549356e-7
8962 4.3099032041549356e-7
8963 4.3099032041549356e-7
8964 4.3099032041549356e-7
8965 4.3099032041549356e-7
8966 4.3099032041549356e-7
8967 4.3099032041549356e-7
8968 4.3099032041549356e-7
8969 4.3099032041549356e-7
8970 4.3099032041549356e-7
8971 4.3099032041549356e-7
8972 4.3099032041549356e-7
8973 4.3099032041549356e-7
8974 4.3099032041549356e-7
8975 4.3099032041549356e-7
8976 4.3099032041549356e-7
8977 4.3099032041549356e-7
8978 4.3099032041549356e-7
8979 4.3099032041549356e-7
8980 4.3099032041549356e-7
8981 4.3099032041549356e-7
8982 4.3099032041549356e-7
8983 4.3099032041549356e-7
8984 4.3099032041549356e-7
8985 4.3099032041549356e-7
8986 4.3099032041549356e-7
8987 4.3099032041549356e-7
8988 4.3099032041549356e-7
8989 4.3099032041549356e-7
8990 4.3099032041549356e-7
8991 4.3099032041549356e-7
8992 4.3099032041549356e-7
8993 4.3099032041549356e-7
8994 4.3099032041549356e-7
8995 4.311136880893454e-7
8996 4.311136880893454e-7
8997 4.311136880893454e-7
8998 4.311136880893454e-7
8999 4.311136880893454e-7
9000 4.311136880893454e-7
9001 4.311136880893454e-7
9002 4.311136880893454e-7
9003 4.311136880893454e-7
9004 4.311136880893454e-7
9005 4.3236819268400267e-7
9006 4.3236819268400267e-7
9007 4.3236819268400267e-7
9008 4.3236819268400267e-7
9009 4.3236819268400267e-7
9010 4.3236819268400267e-7
9011 4.3286647032490367e-7
9012 4.3286647032490367e-7
9013 4.3286647032490367e-7
9014 4.3286647032490367e-7
9015 4.3286647032490367e-7
9016 4.3286647032490367e-7
9017 4.3286647032490367e-7
9018 4.339751762594964e-7
9019 4.339751762594964e-7
9020 4.339751762594964e-7
9021 4.345006899985582e-7
9022 4.345006899985582e-7
9023 4.345006899985582e-7
9024 4.345006899985582e-7
9025 4.345006899985582e-7
9026 4.345006899985582e-7
9027 4.345006899985582e-7
9028 4.350710644876818e-7
9029 4.350710644876818e-7
9030 4.350710644876818e-7
9031 4.350710644876818e-7
9032 4.3546199536537634e-7
9033 4.3546199536537634e-7
9034 4.3546199536537634e-7
9035 4.3546199536537634e-7
9036 4.3546199536537634e-7
9037 4.3546199536537634e-7
9038 4.3546199536537634e-7
9039 4.3546199536537634e-7
9040 4.3546199536537634e-7
9041 4.3546199536537634e-7
9042 4.359218204982373e-7
9043 4.359218204982373e-7
9044 4.359218204982373e-7
9045 4.359218204982373e-7
9046 4.359218204982373e-7
9047 4.359218204982373e-7
9048 4.359218204982373e-7
9049 4.359218204982373e-7
9050 4.359218204982373e-7
9051 4.359218204982373e-7
9052 4.359218204982373e-7
9053 4.359218204982373e-7
9054 4.359218204982373e-7
9055 4.359218204982373e-7
9056 4.359218204982373e-7
9057 4.359218204982373e-7
9058 4.359218204982373e-7
9059 4.3714908777237005e-7
9060 4.3714908777237005e-7
9061 4.3714908777237005e-7
9062 4.3714908777237005e-7
9063 4.3714908777237005e-7
9064 4.3714908777237005e-7
9065 4.3714908777237005e-7
9066 4.3714908777237005e-7
9067 4.3714908777237005e-7
9068 4.3714908777237005e-7
9069 4.3748714652790725e-7
9070 4.3748714652790725e-7
9071 4.3748714652790725e-7
9072 4.3748714652790725e-7
9073 4.3748714652790725e-7
9074 4.3748714652790725e-7
9075 4.3748714652790725e-7
9076 4.3748714652790725e-7
9077 4.3748714652790725e-7
9078 4.3748714652790725e-7
9079 4.3748714652790725e-7
9080 4.3884579223680545e-7
9081 4.3884579223680545e-7
9082 4.3884579223680545e-7
9083 4.3884579223680545e-7
9084 4.3884579223680545e-7
9085 4.3884579223680545e-7
9086 4.3884579223680545e-7
9087 4.3972218304899366e-7
9088 4.4013554491290093e-7
9089 4.4013554491290093e-7
9090 4.4013554491290093e-7
9091 4.4013554491290093e-7
9092 4.4013554491290093e-7
9093 4.4013554491290093e-7
9094 4.4013554491290093e-7
9095 4.403694631653792e-7
9096 4.403694631653792e-7
9097 4.406450371301355e-7
9098 4.406450371301355e-7
9099 4.406450371301355e-7
9100 4.406450371301355e-7
9101 4.4175214115701824e-7
9102 4.4175214115701824e-7
9103 4.4175214115701824e-7
9104 4.4175214115701824e-7
9105 4.4175214115701824e-7
9106 4.4175214115701824e-7
9107 4.4175214115701824e-7
9108 4.4175214115701824e-7
9109 4.4175214115701824e-7
9110 4.4175214115701824e-7
9111 4.4175214115701824e-7
9112 4.4175214115701824e-7
9113 4.4175214115701824e-7
9114 4.4175214115701824e-7
9115 4.4175214115701824e-7
9116 4.4175214115701824e-7
9117 4.4175214115701824e-7
9118 4.4175214115701824e-7
9119 4.4175214115701824e-7
9120 4.4175214115701824e-7
9121 4.4175214115701824e-7
9122 4.4175214115701824e-7
9123 4.4186749806995645e-7
9124 4.4186749806995645e-7
9125 4.4215749164883003e-7
9126 4.4215749164883003e-7
9127 4.4215749164883003e-7
9128 4.4215749164883003e-7
9129 4.4215749164883003e-7
9130 4.4215749164883003e-7
9131 4.4215749164883003e-7
9132 4.4215749164883003e-7
9133 4.4215749164883003e-7
9134 4.4215749164883003e-7
9135 4.4215749164883003e-7
9136 4.426333376923364e-7
9137 4.426333376923364e-7
9138 4.426333376923364e-7
9139 4.426333376923364e-7
9140 4.426333376923364e-7
9141 4.426333376923364e-7
9142 4.426333376923364e-7
9143 4.426333376923364e-7
9144 4.426333376923364e-7
9145 4.426333376923364e-7
9146 4.426333376923364e-7
9147 4.426333376923364e-7
9148 4.426333376923364e-7
9149 4.426333376923364e-7
9150 4.426333376923364e-7
9151 4.426333376923364e-7
9152 4.426333376923364e-7
9153 4.426333376923364e-7
9154 4.426333376923364e-7
9155 4.426333376923364e-7
9156 4.426333376923364e-7
9157 4.426333376923364e-7
9158 4.431828843253209e-7
9159 4.431828843253209e-7
9160 4.431828843253209e-7
9161 4.431828843253209e-7
9162 4.437180107330063e-7
9163 4.437180107330063e-7
9164 4.437180107330063e-7
9165 4.437180107330063e-7
9166 4.43867012597309e-7
9167 4.43867012597309e-7
9168 4.4411054351841083e-7
9169 4.4433324597219173e-7
9170 4.4433324597219173e-7
9171 4.4433324597219173e-7
9172 4.4433324597219173e-7
9173 4.4433324597219173e-7
9174 4.444550105159698e-7
9175 4.444550105159698e-7
9176 4.444550105159698e-7
9177 4.444550105159698e-7
9178 4.447337895185098e-7
9179 4.447337895185098e-7
9180 4.447337895185098e-7
9181 4.447337895185098e-7
9182 4.447337895185098e-7
9183 4.447337895185098e-7
9184 4.447337895185098e-7
9185 4.447337895185098e-7
9186 4.447337895185098e-7
9187 4.4557653476815165e-7
9188 4.4557653476815165e-7
9189 4.4557653476815165e-7
9190 4.4557653476815165e-7
9191 4.4557653476815165e-7
9192 4.4557653476815165e-7
9193 4.4557653476815165e-7
9194 4.4557653476815165e-7
9195 4.4557653476815165e-7
9196 4.4557653476815165e-7
9197 4.4557653476815165e-7
9198 4.4557653476815165e-7
9199 4.4557653476815165e-7
9200 4.4557653476815165e-7
9201 4.4557653476815165e-7
9202 4.4557653476815165e-7
9203 4.4557653476815165e-7
9204 4.4557653476815165e-7
9205 4.4557653476815165e-7
9206 4.4557653476815165e-7
9207 4.4557653476815165e-7
9208 4.4625425602048173e-7
9209 4.4625425602048173e-7
9210 4.4625425602048173e-7
9211 4.4625425602048173e-7
9212 4.4687429881634267e-7
9213 4.4687429881634267e-7
9214 4.4687429881634267e-7
9215 4.4687429881634267e-7
9216 4.4687429881634267e-7
9217 4.4687429881634267e-7
9218 4.472155626096636e-7
9219 4.472155626096636e-7
9220 4.472155626096636e-7
9221 4.472155626096636e-7
9222 4.472155626096636e-7
9223 4.472155626096636e-7
9224 4.4747671757148454e-7
9225 4.4747671757148454e-7
9226 4.4747671757148454e-7
9227 4.4747671757148454e-7
9228 4.4747671757148454e-7
9229 4.4747671757148454e-7
9230 4.4747671757148454e-7
9231 4.4747671757148454e-7
9232 4.4747671757148454e-7
9233 4.4747671757148454e-7
9234 4.4747671757148454e-7
9235 4.4747671757148454e-7
9236 4.4747671757148454e-7
9237 4.4747671757148454e-7
9238 4.4747671757148454e-7
9239 4.4747671757148454e-7
9240 4.4747671757148454e-7
9241 4.4747671757148454e-7
9242 4.4747671757148454e-7
9243 4.4747671757148454e-7
9244 4.4747671757148454e-7
9245 4.4747671757148454e-7
9246 4.4747671757148454e-7
9247 4.4747671757148454e-7
9248 4.4747671757148454e-7
9249 4.4747671757148454e-7
9250 4.476641725550091e-7
9251 4.476641725550091e-7
9252 4.476641725550091e-7
9253 4.476641725550091e-7
9254 4.476641725550091e-7
9255 4.476641725550091e-7
9256 4.476641725550091e-7
9257 4.476641725550091e-7
9258 4.476641725550091e-7
9259 4.476641725550091e-7
9260 4.476641725550091e-7
9261 4.476641725550091e-7
9262 4.476641725550091e-7
9263 4.476641725550091e-7
9264 4.476641725550091e-7
9265 4.476641725550091e-7
9266 4.476641725550091e-7
9267 4.476641725550091e-7
9268 4.476641725550091e-7
9269 4.476641725550091e-7
9270 4.476641725550091e-7
9271 4.476641725550091e-7
9272 4.476641725550091e-7
9273 4.476641725550091e-7
9274 4.476641725550091e-7
9275 4.476641725550091e-7
9276 4.476641725550091e-7
9277 4.476641725550091e-7
9278 4.476641725550091e-7
9279 4.476641725550091e-7
9280 4.476641725550091e-7
9281 4.476641725550091e-7
9282 4.476641725550091e-7
9283 4.476641725550091e-7
9284 4.476641725550091e-7
9285 4.476641725550091e-7
9286 4.476641725550091e-7
9287 4.476641725550091e-7
9288 4.476641725550091e-7
9289 4.476641725550091e-7
9290 4.476641725550091e-7
9291 4.482089128536818e-7
9292 4.482089128536818e-7
9293 4.482089128536818e-7
9294 4.482089128536818e-7
9295 4.482089128536818e-7
9296 4.482089128536818e-7
9297 4.482089128536818e-7
9298 4.482089128536818e-7
9299 4.482089128536818e-7
9300 4.482089128536818e-7
9301 4.482089128536818e-7
9302 4.482089128536818e-7
9303 4.482089128536818e-7
9304 4.482089128536818e-7
9305 4.482089128536818e-7
9306 4.482089128536818e-7
9307 4.482089128536818e-7
9308 4.482089128536818e-7
9309 4.482089128536818e-7
9310 4.482089128536818e-7
9311 4.482089128536818e-7
9312 4.482089128536818e-7
9313 4.482089128536818e-7
9314 4.482089128536818e-7
9315 4.482089128536818e-7
9316 4.482089128536818e-7
9317 4.488545898399936e-7
9318 4.488545898399936e-7
9319 4.488545898399936e-7
9320 4.488545898399936e-7
9321 4.488545898399936e-7
9322 4.488545898399936e-7
9323 4.488545898399936e-7
9324 4.488545898399936e-7
9325 4.488545898399936e-7
9326 4.488545898399936e-7
9327 4.488545898399936e-7
9328 4.488545898399936e-7
9329 4.488545898399936e-7
9330 4.488545898399936e-7
9331 4.488545898399936e-7
9332 4.488545898399936e-7
9333 4.488545898399936e-7
9334 4.488545898399936e-7
9335 4.488545898399936e-7
9336 4.488545898399936e-7
9337 4.488545898399936e-7
9338 4.488545898399936e-7
9339 4.488545898399936e-7
9340 4.488545898399936e-7
9341 4.488545898399936e-7
9342 4.488545898399936e-7
9343 4.488545898399936e-7
9344 4.488545898399936e-7
9345 4.488545898399936e-7
9346 4.488545898399936e-7
9347 4.488545898399936e-7
9348 4.488545898399936e-7
9349 4.488545898399936e-7
9350 4.488545898399936e-7
9351 4.488545898399936e-7
9352 4.488545898399936e-7
9353 4.488545898399936e-7
9354 4.488545898399936e-7
9355 4.488545898399936e-7
9356 4.488545898399936e-7
9357 4.488545898399936e-7
9358 4.488545898399936e-7
9359 4.488545898399936e-7
9360 4.488545898399936e-7
9361 4.488545898399936e-7
9362 4.488545898399936e-7
9363 4.488545898399936e-7
9364 4.488545898399936e-7
9365 4.488545898399936e-7
9366 4.488545898399936e-7
9367 4.488545898399936e-7
9368 4.488545898399936e-7
9369 4.488545898399936e-7
9370 4.488545898399936e-7
9371 4.488545898399936e-7
9372 4.488545898399936e-7
9373 4.488545898399936e-7
9374 4.488545898399936e-7
9375 4.488545898399936e-7
9376 4.493993289163026e-7
9377 4.493993289163026e-7
9378 4.493993289163026e-7
9379 4.493993289163026e-7
9380 4.493993289163026e-7
9381 4.497470015628272e-7
9382 4.497470015628272e-7
9383 4.497470015628272e-7
9384 4.497470015628272e-7
9385 4.497470015628272e-7
9386 4.5037024878528994e-7
9387 4.5037024878528994e-7
9388 4.5037024878528994e-7
9389 4.5037024878528994e-7
9390 4.5037024878528994e-7
9391 4.5037024878528994e-7
9392 4.5037024878528994e-7
9393 4.5037024878528994e-7
9394 4.5037024878528994e-7
9395 4.5037024878528994e-7
9396 4.5037024878528994e-7
9397 4.5037024878528994e-7
9398 4.5037024878528994e-7
9399 4.5037024878528994e-7
9400 4.5037024878528994e-7
9401 4.5037024878528994e-7
9402 4.5037024878528994e-7
9403 4.5037024878528994e-7
9404 4.5037024878528994e-7
9405 4.5037024878528994e-7
9406 4.5037024878528994e-7
9407 4.5037024878528994e-7
9408 4.5037024878528994e-7
9409 4.5037024878528994e-7
9410 4.5037024878528994e-7
9411 4.5037024878528994e-7
9412 4.5037024878528994e-7
9413 4.5037024878528994e-7
9414 4.511104548284009e-7
9415 4.511104548284009e-7
9416 4.511104548284009e-7
9417 4.511104548284009e-7
9418 4.511104548284009e-7
9419 4.511104548284009e-7
9420 4.511104548284009e-7
9421 4.511104548284009e-7
9422 4.511104548284009e-7
9423 4.511104548284009e-7
9424 4.511104548284009e-7
9425 4.511104548284009e-7
9426 4.511104548284009e-7
9427 4.511104548284009e-7
9428 4.511104548284009e-7
9429 4.511104548284009e-7
9430 4.511104548284009e-7
9431 4.511104548284009e-7
9432 4.511104548284009e-7
9433 4.511104548284009e-7
9434 4.511104548284009e-7
9435 4.511104548284009e-7
9436 4.511104548284009e-7
9437 4.511104548284009e-7
9438 4.511104548284009e-7
9439 4.511104548284009e-7
9440 4.511104548284009e-7
9441 4.511104548284009e-7
9442 4.511104548284009e-7
9443 4.511104548284009e-7
9444 4.511104548284009e-7
9445 4.511104548284009e-7
9446 4.511104548284009e-7
9447 4.511104548284009e-7
9448 4.511104548284009e-7
9449 4.511104548284009e-7
9450 4.511104548284009e-7
9451 4.511104548284009e-7
9452 4.511104548284009e-7
9453 4.511104548284009e-7
9454 4.511104548284009e-7
9455 4.511104548284009e-7
9456 4.511104548284009e-7
9457 4.511104548284009e-7
9458 4.512963079042155e-7
9459 4.512963079042155e-7
9460 4.512963079042155e-7
9461 4.512963079042155e-7
9462 4.512963079042155e-7
9463 4.5165839955367545e-7
9464 4.5165839955367545e-7
9465 4.5165839955367545e-7
9466 4.5165839955367545e-7
9467 4.5165839955367545e-7
9468 4.5165839955367545e-7
9469 4.5165839955367545e-7
9470 4.5165839955367545e-7
9471 4.5165839955367545e-7
9472 4.5165839955367545e-7
9473 4.5165839955367545e-7
9474 4.5165839955367545e-7
9475 4.5165839955367545e-7
9476 4.5165839955367545e-7
9477 4.5165839955367545e-7
9478 4.5165839955367545e-7
9479 4.5165839955367545e-7
9480 4.5165839955367545e-7
9481 4.5165839955367545e-7
9482 4.5165839955367545e-7
9483 4.5165839955367545e-7
9484 4.5165839955367545e-7
9485 4.5165839955367545e-7
9486 4.5165839955367545e-7
9487 4.5165839955367545e-7
9488 4.525732428739037e-7
9489 4.525732428739037e-7
9490 4.5298179718113543e-7
9491 4.5298179718113543e-7
9492 4.5298179718113543e-7
9493 4.5298179718113543e-7
9494 4.5298179718113543e-7
9495 4.5298179718113543e-7
9496 4.5298179718113543e-7
9497 4.5298179718113543e-7
9498 4.5298179718113543e-7
9499 4.5298179718113543e-7
9500 4.5298179718113543e-7
9501 4.5298179718113543e-7
9502 4.5298179718113543e-7
9503 4.5298179718113543e-7
9504 4.5298179718113543e-7
9505 4.5298179718113543e-7
9506 4.5298179718113543e-7
9507 4.5298179718113543e-7
9508 4.5298179718113543e-7
9509 4.5298179718113543e-7
9510 4.5298179718113543e-7
9511 4.5298179718113543e-7
9512 4.5298179718113543e-7
9513 4.5298179718113543e-7
9514 4.5298179718113543e-7
9515 4.5298179718113543e-7
9516 4.5298179718113543e-7
9517 4.5298179718113543e-7
9518 4.5298179718113543e-7
9519 4.5298179718113543e-7
9520 4.539703398684781e-7
9521 4.539703398684781e-7
9522 4.539703398684781e-7
9523 4.539703398684781e-7
9524 4.539703398684781e-7
9525 4.539703398684781e-7
9526 4.539703398684781e-7
9527 4.539703398684781e-7
9528 4.539703398684781e-7
9529 4.539703398684781e-7
9530 4.539703398684781e-7
9531 4.539703398684781e-7
9532 4.539703398684781e-7
9533 4.539703398684781e-7
9534 4.539703398684781e-7
9535 4.539703398684781e-7
9536 4.539703398684781e-7
9537 4.539703398684781e-7
9538 4.539703398684781e-7
9539 4.539703398684781e-7
9540 4.539703398684781e-7
9541 4.539703398684781e-7
9542 4.539703398684781e-7
9543 4.539703398684781e-7
9544 4.539703398684781e-7
9545 4.539703398684781e-7
9546 4.539703398684781e-7
9547 4.5486755853680536e-7
9548 4.5486755853680536e-7
9549 4.5486755853680536e-7
9550 4.5552284880292265e-7
9551 4.5552284880292265e-7
9552 4.5552284880292265e-7
9553 4.5552284880292265e-7
9554 4.5552284880292265e-7
9555 4.5552284880292265e-7
9556 4.5552284880292265e-7
9557 4.5552284880292265e-7
9558 4.5552284880292265e-7
9559 4.5552284880292265e-7
9560 4.5552284880292265e-7
9561 4.5552284880292265e-7
9562 4.5552284880292265e-7
9563 4.5766335626720987e-7
9564 4.5766335626720987e-7
9565 4.5766335626720987e-7
9566 4.5766335626720987e-7
9567 4.5766335626720987e-7
9568 4.5766335626720987e-7
9569 4.5766335626720987e-7
9570 4.5766335626720987e-7
9571 4.5766335626720987e-7
9572 4.5766335626720987e-7
9573 4.5766335626720987e-7
9574 4.5766335626720987e-7
9575 4.5766335626720987e-7
9576 4.5766335626720987e-7
9577 4.5766335626720987e-7
9578 4.5766335626720987e-7
9579 4.5766335626720987e-7
9580 4.5816644024242267e-7
9581 4.5816644024242267e-7
9582 4.5816644024242267e-7
9583 4.5816644024242267e-7
9584 4.5816644024242267e-7
9585 4.5816644024242267e-7
9586 4.5816644024242267e-7
9587 4.5816644024242267e-7
9588 4.5816644024242267e-7
9589 4.5816644024242267e-7
9590 4.5816644024242267e-7
9591 4.5903001334820354e-7
9592 4.5903001334820354e-7
9593 4.5903001334820354e-7
9594 4.5903001334820354e-7
9595 4.5903001334820354e-7
9596 4.5903001334820354e-7
9597 4.5903001334820354e-7
9598 4.5903001334820354e-7
9599 4.5903001334820354e-7
9600 4.5903001334820354e-7
9601 4.5903001334820354e-7
9602 4.5903001334820354e-7
9603 4.596772928534072e-7
9604 4.596772928534072e-7
9605 4.596772928534072e-7
9606 4.596772928534072e-7
9607 4.596772928534072e-7
9608 4.596772928534072e-7
9609 4.596772928534072e-7
9610 4.596772928534072e-7
9611 4.596772928534072e-7
9612 4.596772928534072e-7
9613 4.6033418502723447e-7
9614 4.6033418502723447e-7
9615 4.6033418502723447e-7
9616 4.62205527379969e-7
9617 4.62205527379969e-7
9618 4.62205527379969e-7
9619 4.62205527379969e-7
9620 4.62205527379969e-7
9621 4.626957930375926e-7
9622 4.626957930375926e-7
9623 4.626957930375926e-7
9624 4.626957930375926e-7
9625 4.626957930375926e-7
9626 4.626957930375926e-7
9627 4.626957930375926e-7
9628 4.626957930375926e-7
9629 4.626957930375926e-7
9630 4.626957930375926e-7
9631 4.626957930375926e-7
9632 4.626957930375926e-7
9633 4.626957930375926e-7
9634 4.626957930375926e-7
9635 4.6312036947783346e-7
9636 4.6312036947783346e-7
9637 4.6312036947783346e-7
9638 4.6312036947783346e-7
9639 4.6312036947783346e-7
9640 4.6312036947783346e-7
9641 4.6312036947783346e-7
9642 4.6312036947783346e-7
9643 4.6312036947783346e-7
9644 4.635193117276235e-7
9645 4.635193117276235e-7
9646 4.635193117276235e-7
9647 4.635193117276235e-7
9648 4.635193117276235e-7
9649 4.635193117276235e-7
9650 4.635193117276235e-7
9651 4.635193117276235e-7
9652 4.635193117276235e-7
9653 4.6452547906686717e-7
9654 4.6452547906686717e-7
9655 4.6452547906686717e-7
9656 4.6452547906686717e-7
9657 4.6452547906686717e-7
9658 4.6452547906686717e-7
9659 4.6452547906686717e-7
9660 4.6452547906686717e-7
9661 4.6452547906686717e-7
9662 4.6452547906686717e-7
9663 4.6452547906686717e-7
9664 4.6452547906686717e-7
9665 4.6452547906686717e-7
9666 4.6452547906686717e-7
9667 4.6452547906686717e-7
9668 4.6452547906686717e-7
9669 4.6452547906686717e-7
9670 4.6452547906686717e-7
9671 4.6452547906686717e-7
9672 4.6452547906686717e-7
9673 4.6452547906686717e-7
9674 4.6452547906686717e-7
9675 4.6452547906686717e-7
9676 4.6452547906686717e-7
9677 4.6452547906686717e-7
9678 4.6452547906686717e-7
9679 4.6452547906686717e-7
9680 4.6452547906686717e-7
9681 4.6452547906686717e-7
9682 4.6452547906686717e-7
9683 4.6452547906686717e-7
9684 4.6452547906686717e-7
9685 4.6452547906686717e-7
9686 4.6452547906686717e-7
9687 4.6452547906686717e-7
9688 4.6452547906686717e-7
9689 4.6452547906686717e-7
9690 4.6452547906686717e-7
9691 4.6452547906686717e-7
9692 4.6452547906686717e-7
9693 4.6452547906686717e-7
9694 4.6452547906686717e-7
9695 4.6452547906686717e-7
9696 4.6452547906686717e-7
9697 4.6452547906686717e-7
9698 4.6452547906686717e-7
9699 4.6452547906686717e-7
9700 4.6452547906686717e-7
9701 4.6452547906686717e-7
9702 4.6452547906686717e-7
9703 4.6452547906686717e-7
9704 4.6452547906686717e-7
9705 4.6452547906686717e-7
9706 4.6452547906686717e-7
9707 4.6452547906686717e-7
9708 4.6495966878691353e-7
9709 4.6495966878691353e-7
9710 4.6495966878691353e-7
9711 4.6495966878691353e-7
9712 4.6495966878691353e-7
9713 4.6495966878691353e-7
9714 4.6495966878691353e-7
9715 4.6495966878691353e-7
9716 4.6495966878691353e-7
9717 4.6495966878691353e-7
9718 4.6495966878691353e-7
9719 4.6495966878691353e-7
9720 4.6495966878691353e-7
9721 4.6495966878691353e-7
9722 4.6495966878691353e-7
9723 4.6495966878691353e-7
9724 4.6495966878691353e-7
9725 4.6495966878691353e-7
9726 4.6495966878691353e-7
9727 4.653201591398454e-7
9728 4.653201591398454e-7
9729 4.653201591398454e-7
9730 4.653201591398454e-7
9731 4.653201591398454e-7
9732 4.653201591398454e-7
9733 4.653201591398454e-7
9734 4.653201591398454e-7
9735 4.653201591398454e-7
9736 4.653201591398454e-7
9737 4.657831886993082e-7
9738 4.657831886993082e-7
9739 4.657831886993082e-7
9740 4.665970941095336e-7
9741 4.665970941095336e-7
9742 4.665970941095336e-7
9743 4.665970941095336e-7
9744 4.665970941095336e-7
9745 4.665970941095336e-7
9746 4.665970941095336e-7
9747 4.665970941095336e-7
9748 4.665970941095336e-7
9749 4.6697681041089456e-7
9750 4.6697681041089456e-7
9751 4.6697681041089456e-7
9752 4.6697681041089456e-7
9753 4.6697681041089456e-7
9754 4.6697681041089456e-7
9755 4.6697681041089456e-7
9756 4.6697681041089456e-7
9757 4.6697681041089456e-7
9758 4.6697681041089456e-7
9759 4.6697681041089456e-7
9760 4.6697681041089456e-7
9761 4.6697681041089456e-7
9762 4.6697681041089456e-7
9763 4.6697681041089456e-7
9764 4.6697681041089456e-7
9765 4.6697681041089456e-7
9766 4.6697681041089456e-7
9767 4.6697681041089456e-7
9768 4.6737895647610453e-7
9769 4.6737895647610453e-7
9770 4.6737895647610453e-7
9771 4.6737895647610453e-7
9772 4.679172879215736e-7
9773 4.679172879215736e-7
9774 4.679172879215736e-7
9775 4.679172879215736e-7
9776 4.679172879215736e-7
9777 4.679172879215736e-7
9778 4.679172879215736e-7
9779 4.679172879215736e-7
9780 4.679172879215736e-7
9781 4.679172879215736e-7
9782 4.679172879215736e-7
9783 4.679172879215736e-7
9784 4.679172879215736e-7
9785 4.679172879215736e-7
9786 4.679172879215736e-7
9787 4.679172879215736e-7
9788 4.679172879215736e-7
9789 4.679172879215736e-7
9790 4.679172879215736e-7
9791 4.679172879215736e-7
9792 4.679172879215736e-7
9793 4.679172879215736e-7
9794 4.679172879215736e-7
9795 4.6862865412526815e-7
9796 4.6862865412526815e-7
9797 4.6862865412526815e-7
9798 4.6862865412526815e-7
9799 4.6862865412526815e-7
9800 4.6862865412526815e-7
9801 4.6862865412526815e-7
9802 4.6862865412526815e-7
9803 4.6862865412526815e-7
9804 4.6862865412526815e-7
9805 4.6862865412526815e-7
9806 4.6862865412526815e-7
9807 4.6906124193760453e-7
9808 4.6906124193760453e-7
9809 4.6906124193760453e-7
9810 4.6906124193760453e-7
9811 4.6906124193760453e-7
9812 4.6906124193760453e-7
9813 4.6906124193760453e-7
9814 4.6906124193760453e-7
9815 4.6906124193760453e-7
9816 4.6906124193760453e-7
9817 4.6906124193760453e-7
9818 4.6906124193760453e-7
9819 4.6906124193760453e-7
9820 4.6906124193760453e-7
9821 4.6919101907584187e-7
9822 4.6919101907584187e-7
9823 4.701379054397246e-7
9824 4.701379054397246e-7
9825 4.706185584287246e-7
9826 4.706185584287246e-7
9827 4.706185584287246e-7
9828 4.706185584287246e-7
9829 4.706185584287246e-7
9830 4.706185584287246e-7
9831 4.706185584287246e-7
9832 4.706185584287246e-7
9833 4.706185584287246e-7
9834 4.706185584287246e-7
9835 4.706185584287246e-7
9836 4.706185584287246e-7
9837 4.706185584287246e-7
9838 4.706185584287246e-7
9839 4.706185584287246e-7
9840 4.706185584287246e-7
9841 4.706185584287246e-7
9842 4.706185584287246e-7
9843 4.708140247843447e-7
9844 4.708140247843447e-7
9845 4.708140247843447e-7
9846 4.708140247843447e-7
9847 4.708140247843447e-7
9848 4.708140247843447e-7
9849 4.708140247843447e-7
9850 4.708140247843447e-7
9851 4.708140247843447e-7
9852 4.708140247843447e-7
9853 4.708140247843447e-7
9854 4.708140247843447e-7
9855 4.708140247843447e-7
9856 4.708140247843447e-7
9857 4.708140247843447e-7
9858 4.708140247843447e-7
9859 4.708140247843447e-7
9860 4.708140247843447e-7
9861 4.708140247843447e-7
9862 4.708140247843447e-7
9863 4.708140247843447e-7
9864 4.708140247843447e-7
9865 4.713843992734683e-7
9866 4.713843992734683e-7
9867 4.713843992734683e-7
9868 4.715750586835947e-7
9869 4.715750586835947e-7
9870 4.715750586835947e-7
9871 4.716631776648265e-7
9872 4.716631776648265e-7
9873 4.716631776648265e-7
9874 4.716631776648265e-7
9875 4.7272381903393743e-7
9876 4.7272381903393743e-7
9877 4.7272381903393743e-7
9878 4.7272381903393743e-7
9879 4.7272381903393743e-7
9880 4.7272381903393743e-7
9881 4.7272381903393743e-7
9882 4.7272381903393743e-7
9883 4.7272381903393743e-7
9884 4.7272381903393743e-7
9885 4.7272381903393743e-7
9886 4.7272381903393743e-7
9887 4.7272381903393743e-7
9888 4.7272381903393743e-7
9889 4.7272381903393743e-7
9890 4.7272381903393743e-7
9891 4.7272381903393743e-7
9892 4.7272381903393743e-7
9893 4.7272381903393743e-7
9894 4.7272381903393743e-7
9895 4.7272381903393743e-7
9896 4.7321248278385106e-7
9897 4.7321248278385106e-7
9898 4.7321248278385106e-7
9899 4.735040782704346e-7
9900 4.735040782704346e-7
9901 4.735040782704346e-7
9902 4.735040782704346e-7
9903 4.735040782704346e-7
9904 4.735040782704346e-7
9905 4.735040782704346e-7
9906 4.735040782704346e-7
9907 4.735040782704346e-7
9908 4.735040782704346e-7
9909 4.735040782704346e-7
9910 4.735040782704346e-7
9911 4.735040782704346e-7
9912 4.735040782704346e-7
9913 4.744878146234655e-7
9914 4.744878146234655e-7
9915 4.744878146234655e-7
9916 4.7474095821319095e-7
9917 4.7474095821319095e-7
9918 4.7474095821319095e-7
9919 4.7474095821319095e-7
9920 4.7474095821319095e-7
9921 4.7474095821319095e-7
9922 4.749540473871664e-7
9923 4.749540473871664e-7
9924 4.749540473871664e-7
9925 4.749540473871664e-7
9926 4.749540473871664e-7
9927 4.7530812827571274e-7
9928 4.7530812827571274e-7
9929 4.7530812827571274e-7
9930 4.7530812827571274e-7
9931 4.7530812827571274e-7
9932 4.7530812827571274e-7
9933 4.7530812827571274e-7
9934 4.7530812827571274e-7
9935 4.7530812827571274e-7
9936 4.7530812827571274e-7
9937 4.7530812827571274e-7
9938 4.7530812827571274e-7
9939 4.7530812827571274e-7
9940 4.7530812827571274e-7
9941 4.7530812827571274e-7
9942 4.753690105476018e-7
9943 4.753690105476018e-7
9944 4.753690105476018e-7
9945 4.753690105476018e-7
9946 4.753690105476018e-7
9947 4.753690105476018e-7
9948 4.770288656340709e-7
9949 4.770288656340709e-7
9950 4.770288656340709e-7
9951 4.770288656340709e-7
9952 4.770288656340709e-7
9953 4.780174089325955e-7
9954 4.780174089325955e-7
9955 4.780174089325955e-7
9956 4.780174089325955e-7
9957 4.780174089325955e-7
9958 4.780174089325955e-7
9959 4.780174089325955e-7
9960 4.780174089325955e-7
9961 4.780174089325955e-7
9962 4.780174089325955e-7
9963 4.780174089325955e-7
9964 4.780174089325955e-7
9965 4.780174089325955e-7
9966 4.780174089325955e-7
9967 4.780174089325955e-7
9968 4.780174089325955e-7
9969 4.780174089325955e-7
9970 4.796308013612929e-7
9971 4.796308013612929e-7
9972 4.796308013612929e-7
9973 4.796308013612929e-7
9974 4.796308013612929e-7
9975 4.796308013612929e-7
9976 4.796308013612929e-7
9977 4.796308013612929e-7
9978 4.796308013612929e-7
9979 4.796308013612929e-7
9980 4.796308013612929e-7
9981 4.796308013612929e-7
9982 4.796308013612929e-7
9983 4.796308013612929e-7
9984 4.796308013612929e-7
9985 4.796308013612929e-7
9986 4.796308013612929e-7
9987 4.796308013612929e-7
9988 4.796308013612929e-7
9989 4.796308013612929e-7
9990 4.796308013612929e-7
9991 4.796308013612929e-7
9992 4.796308013612929e-7
9993 4.796308013612929e-7
9994 4.796308013612929e-7
9995 4.796308013612929e-7
9996 4.796308013612929e-7
9997 4.796308013612929e-7
9998 4.796308013612929e-7
9999 4.796308013612929e-7
10000 4.796308013612929e-7
10001 4.796308013612929e-7
