1 0
2 0
3 0
4 0
5 0
6 0
7 0
8 0
9 0
10 0
11 0
12 0
13 0
14 0
15 0
16 0
17 0
18 0
19 0
20 6.568933961910094e-10
21 6.568933961910094e-10
22 6.568933961910094e-10
23 9.228540811418531e-10
24 9.228540811418531e-10
25 9.228540811418531e-10
26 9.228540811418531e-10
27 9.228540811418531e-10
28 9.228540811418531e-10
29 9.228540811418531e-10
30 9.228540811418531e-10
31 1.7015120211109538e-9
32 1.7015120211109538e-9
33 1.7015120211109538e-9
34 1.7015120211109538e-9
35 1.7015120211109538e-9
36 1.7015120211109538e-9
37 1.7015120211109538e-9
38 1.7015120211109538e-9
39 1.7015120211109538e-9
40 1.7015120211109538e-9
41 1.7015120211109538e-9
42 1.7015120211109538e-9
43 1.7015120211109538e-9
44 1.7015120211109538e-9
45 1.7015120211109538e-9
46 1.7015120211109538e-9
47 1.7015120211109538e-9
48 1.7015120211109538e-9
49 1.872946093990165e-9
50 1.872946093990165e-9
51 3.04894376485744e-9
52 3.04894376485744e-9
53 3.04894376485744e-9
54 3.04894376485744e-9
55 3.749094781036514e-9
56 3.749094781036514e-9
57 3.749094781036514e-9
58 3.749094781036514e-9
59 3.749094781036514e-9
60 3.749094781036514e-9
61 3.749094781036514e-9
62 4.128810471215587e-9
63 4.128810471215587e-9
64 4.128810471215587e-9
65 4.128810471215587e-9
66 4.5790223242710645e-9
67 4.5790223242710645e-9
68 4.5790223242710645e-9
69 4.679959623091991e-9
70 4.679959623091991e-9
71 4.679959623091991e-9
72 4.679959623091991e-9
73 4.679959623091991e-9
74 4.679959623091991e-9
75 4.679959623091991e-9
76 4.679959623091991e-9
77 4.679959623091991e-9
78 4.679959623091991e-9
79 4.679959623091991e-9
80 4.679959623091991e-9
81 4.679959623091991e-9
82 4.679959623091991e-9
83 4.679959623091991e-9
84 4.679959623091991e-9
85 4.679959623091991e-9
86 4.679959623091991e-9
87 4.679959623091991e-9
88 4.679959623091991e-9
89 4.679959623091991e-9
90 4.679959623091991e-9
91 4.679959623091991e-9
92 4.679959623091991e-9
93 4.679959623091991e-9
94 4.679959623091991e-9
95 4.679959623091991e-9
96 4.679959623091991e-9
97 4.679959623091991e-9
98 4.679959623091991e-9
99 4.679959623091991e-9
100 4.679959623091991e-9
101 4.679959623091991e-9
102 4.679959623091991e-9
103 4.679959623091991e-9
104 4.679959623091991e-9
105 4.679959623091991e-9
106 4.679959623091991e-9
107 4.679959623091991e-9
108 4.679959623091991e-9
109 4.679959623091991e-9
110 4.679959623091991e-9
111 4.679959623091991e-9
112 4.679959623091991e-9
113 4.679959623091991e-9
114 4.679959623091991e-9
115 4.679959623091991e-9
116 4.679959623091991e-9
117 4.679959623091991e-9
118 4.679959623091991e-9
119 4.679959623091991e-9
120 4.679959623091991e-9
121 4.679959623091991e-9
122 4.679959623091991e-9
123 4.679959623091991e-9
124 4.679959623091991e-9
125 4.679959623091991e-9
126 4.679959623091991e-9
127 4.679959623091991e-9
128 4.679959623091991e-9
129 4.679959623091991e-9
130 4.679959623091991e-9
131 5.4073479597956425e-9
132 5.4073479597956425e-9
133 5.4073479597956425e-9
134 5.4073479597956425e-9
135 5.4073479597956425e-9
136 5.4073479597956425e-9
137 5.4073479597956425e-9
138 5.4073479597956425e-9
139 5.4073479597956425e-9
140 5.4073479597956425e-9
141 5.4073479597956425e-9
142 5.4073479597956425e-9
143 5.4073479597956425e-9
144 5.4073479597956425e-9
145 5.4073479597956425e-9
146 5.4073479597956425e-9
147 5.4073479597956425e-9
148 5.4073479597956425e-9
149 5.4073479597956425e-9
150 5.4073479597956425e-9
151 5.4073479597956425e-9
152 5.4073479597956425e-9
153 5.4073479597956425e-9
154 5.4073479597956425e-9
155 5.4073479597956425e-9
156 5.4073479597956425e-9
157 5.7357946578911475e-9
158 5.7357946578911475e-9
159 5.7357946578911475e-9
160 6.0049603806256976e-9
161 6.0049603806256976e-9
162 6.0049603806256976e-9
163 6.0049603806256976e-9
164 6.10269386402668e-9
165 6.10269386402668e-9
166 6.10269386402668e-9
167 6.10269386402668e-9
168 6.604175320347606e-9
169 6.604175320347606e-9
170 6.604175320347606e-9
171 6.604175320347606e-9
172 6.604175320347606e-9
173 6.604175320347606e-9
174 6.604175320347606e-9
175 6.604175320347606e-9
176 6.604175320347606e-9
177 6.604175320347606e-9
178 6.809253122227523e-9
179 6.809253122227523e-9
180 6.809253122227523e-9
181 6.809253122227523e-9
182 6.809253122227523e-9
183 6.809253122227523e-9
184 6.809253122227523e-9
185 6.809253122227523e-9
186 6.809253122227523e-9
187 6.809253122227523e-9
188 6.809253122227523e-9
189 7.347584567696624e-9
190 7.347584567696624e-9
191 7.347584567696624e-9
192 8.006079871597605e-9
193 8.006079871597605e-9
194 8.006079871597605e-9
195 8.006079871597605e-9
196 8.006079871597605e-9
197 8.006079871597605e-9
198 8.006079871597605e-9
199 8.006079871597605e-9
200 8.006079871597605e-9
201 8.006079871597605e-9
202 8.006079871597605e-9
203 8.006079871597605e-9
204 8.006079871597605e-9
205 8.586067640526678e-9
206 8.586067640526678e-9
207 8.586067640526678e-9
208 8.586067640526678e-9
209 8.586067640526678e-9
210 8.586067640526678e-9
211 8.586067640526678e-9
212 8.586067640526678e-9
213 8.586067640526678e-9
214 8.586067640526678e-9
215 8.586067640526678e-9
216 8.586067640526678e-9
217 8.586067640526678e-9
218 8.586067640526678e-9
219 8.586067640526678e-9
220 8.951364327770358e-9
221 8.951364327770358e-9
222 9.747646308458559e-9
223 9.747646308458559e-9
224 9.747646308458559e-9
225 9.747646308458559e-9
226 9.747646308458559e-9
227 9.747646308458559e-9
228 9.747646308458559e-9
229 9.747646308458559e-9
230 9.747646308458559e-9
231 9.866207647998587e-9
232 9.866207647998587e-9
233 1.0441389693797743e-8
234 1.0441389693797743e-8
235 1.0441389693797743e-8
236 1.0441389693797743e-8
237 1.0507079522362348e-8
238 1.0507079522362348e-8
239 1.0849945223393247e-8
240 1.0849945223393247e-8
241 1.0849945223393247e-8
242 1.0849945223393247e-8
243 1.0849945223393247e-8
244 1.1949037266998586e-8
245 1.1949037266998586e-8
246 1.1949037266998586e-8
247 1.1949037266998586e-8
248 1.2436099109202237e-8
249 1.2436099109202237e-8
250 1.2436099109202237e-8
251 1.2436099109202237e-8
252 1.2436099109202237e-8
253 1.2436099109202237e-8
254 1.301608748931319e-8
255 1.301608748931319e-8
256 1.3487127809689595e-8
257 1.3487127809689595e-8
258 1.3487127809689595e-8
259 1.3487127809689595e-8
260 1.3487127809689595e-8
261 1.3487127809689595e-8
262 1.3487127809689595e-8
263 1.3487127809689595e-8
264 1.3487127809689595e-8
265 1.3487127809689595e-8
266 1.3487127809689595e-8
267 1.3487127809689595e-8
268 1.3487127809689595e-8
269 1.3487127809689595e-8
270 1.3487127809689595e-8
271 1.3487127809689595e-8
272 1.3487127809689595e-8
273 1.3487127809689595e-8
274 1.3487127809689595e-8
275 1.3487127809689595e-8
276 1.3487127809689595e-8
277 1.3487127809689595e-8
278 1.3487127809689595e-8
279 1.3487127809689595e-8
280 1.3487127809689595e-8
281 1.3487127809689595e-8
282 1.3487127809689595e-8
283 1.3487127809689595e-8
284 1.3487127809689595e-8
285 1.3487127809689595e-8
286 1.3487127809689595e-8
287 1.3487127809689595e-8
288 1.3487127809689595e-8
289 1.3487127809689595e-8
290 1.3661764475624989e-8
291 1.3661764475624989e-8
292 1.3661764475624989e-8
293 1.3661764475624989e-8
294 1.3661764475624989e-8
295 1.3661764475624989e-8
296 1.3661764475624989e-8
297 1.3661764475624989e-8
298 1.3661764475624989e-8
299 1.3661764475624989e-8
300 1.3661764475624989e-8
301 1.3661764475624989e-8
302 1.3661764475624989e-8
303 1.3661764475624989e-8
304 1.3661764475624989e-8
305 1.3661764475624989e-8
306 1.3661764475624989e-8
307 1.3661764475624989e-8
308 1.3661764475624989e-8
309 1.3661764475624989e-8
310 1.3661764475624989e-8
311 1.3661764475624989e-8
312 1.3661764475624989e-8
313 1.4405174945337768e-8
314 1.4405174945337768e-8
315 1.4879419081134116e-8
316 1.4879419081134116e-8
317 1.4879419081134116e-8
318 1.4879419081134116e-8
319 1.4879419081134116e-8
320 1.4879419081134116e-8
321 1.4879419081134116e-8
322 1.4879419081134116e-8
323 1.5656475113393244e-8
324 1.5656475113393244e-8
325 1.5656475113393244e-8
326 1.5656475113393244e-8
327 1.5656475113393244e-8
328 1.5656475113393244e-8
329 1.5656475113393244e-8
330 1.5656475113393244e-8
331 1.5656475113393244e-8
332 1.5656475113393244e-8
333 1.5656475113393244e-8
334 1.5656475113393244e-8
335 1.5656475113393244e-8
336 1.5656475113393244e-8
337 1.5656475113393244e-8
338 1.5656475113393244e-8
339 1.5656475113393244e-8
340 1.5656475113393244e-8
341 1.5656475113393244e-8
342 1.5656475113393244e-8
343 1.5656475113393244e-8
344 1.5656475113393244e-8
345 1.5656475113393244e-8
346 1.5656475113393244e-8
347 1.5656475113393244e-8
348 1.5656475113393244e-8
349 1.5656475113393244e-8
350 1.5656475113393244e-8
351 1.5656475113393244e-8
352 1.5656475113393244e-8
353 1.5656475113393244e-8
354 1.5656475113393244e-8
355 1.5656475113393244e-8
356 1.5656475113393244e-8
357 1.5656475113393244e-8
358 1.6223645787096895e-8
359 1.6223645787096895e-8
360 1.6223645787096895e-8
361 1.6223645787096895e-8
362 1.6223645787096895e-8
363 1.6223645787096895e-8
364 1.6223645787096895e-8
365 1.6223645787096895e-8
366 1.6223645787096895e-8
367 1.6465574189306867e-8
368 1.6465574189306867e-8
369 1.6465574189306867e-8
370 1.6465574189306867e-8
371 1.6465574189306867e-8
372 1.686772025451684e-8
373 1.686772025451684e-8
374 1.686772025451684e-8
375 1.686772025451684e-8
376 1.686772025451684e-8
377 1.686772025451684e-8
378 1.686772025451684e-8
379 1.686772025451684e-8
380 1.686772025451684e-8
381 1.686772025451684e-8
382 1.686772025451684e-8
383 1.686772025451684e-8
384 1.686772025451684e-8
385 1.686772025451684e-8
386 1.7200972064560382e-8
387 1.7200972064560382e-8
388 1.7200972064560382e-8
389 1.7200972064560382e-8
390 1.7200972064560382e-8
391 1.7200972064560382e-8
392 1.7200972064560382e-8
393 1.7200972064560382e-8
394 1.7200972064560382e-8
395 1.7200972064560382e-8
396 1.7200972064560382e-8
397 1.7200972064560382e-8
398 1.7200972064560382e-8
399 1.7200972064560382e-8
400 1.7200972064560382e-8
401 1.7200972064560382e-8
402 1.7200972064560382e-8
403 1.7200972064560382e-8
404 1.7200972064560382e-8
405 1.7200972064560382e-8
406 1.7200972064560382e-8
407 1.7200972064560382e-8
408 1.8067750208124988e-8
409 1.8067750208124988e-8
410 1.8067750208124988e-8
411 1.8067750208124988e-8
412 1.8067750208124988e-8
413 1.8067750208124988e-8
414 1.822957039001684e-8
415 1.822957039001684e-8
416 1.822957039001684e-8
417 1.822957039001684e-8
418 1.822957039001684e-8
419 1.822957039001684e-8
420 1.822957039001684e-8
421 1.822957039001684e-8
422 1.822957039001684e-8
423 1.822957039001684e-8
424 1.822957039001684e-8
425 1.822957039001684e-8
426 1.822957039001684e-8
427 1.822957039001684e-8
428 1.822957039001684e-8
429 1.822957039001684e-8
430 1.822957039001684e-8
431 1.822957039001684e-8
432 1.822957039001684e-8
433 1.822957039001684e-8
434 1.822957039001684e-8
435 1.8413820946939594e-8
436 1.8413820946939594e-8
437 1.8413820946939594e-8
438 1.8413820946939594e-8
439 1.8413820946939594e-8
440 1.8413820946939594e-8
441 1.8413820946939594e-8
442 1.8413820946939594e-8
443 1.8413820946939594e-8
444 1.8413820946939594e-8
445 1.913319791154774e-8
446 1.913319791154774e-8
447 1.9980750106683272e-8
448 1.9980750106683272e-8
449 1.9980750106683272e-8
450 1.9980750106683272e-8
451 1.9980750106683272e-8
452 1.9980750106683272e-8
453 1.9980750106683272e-8
454 1.9980750106683272e-8
455 1.9980750106683272e-8
456 1.9980750106683272e-8
457 1.9980750106683272e-8
458 1.9980750106683272e-8
459 1.9980750106683272e-8
460 1.9980750106683272e-8
461 1.9980750106683272e-8
462 1.9980750106683272e-8
463 1.9980750106683272e-8
464 1.9980750106683272e-8
465 1.9980750106683272e-8
466 1.9980750106683272e-8
467 1.9980750106683272e-8
468 1.9980750106683272e-8
469 1.9980750106683272e-8
470 1.9980750106683272e-8
471 1.9980750106683272e-8
472 1.9980750106683272e-8
473 1.9980750106683272e-8
474 1.9980750106683272e-8
475 1.9980750106683272e-8
476 1.9980750106683272e-8
477 1.9980750106683272e-8
478 1.9980750106683272e-8
479 1.9980750106683272e-8
480 1.9980750106683272e-8
481 1.9980750106683272e-8
482 1.9980750106683272e-8
483 1.9980750106683272e-8
484 1.9980750106683272e-8
485 1.9980750106683272e-8
486 1.9980750106683272e-8
487 1.9980750106683272e-8
488 1.9980750106683272e-8
489 1.9980750106683272e-8
490 1.9980750106683272e-8
491 2.0612007478877794e-8
492 2.0612007478877794e-8
493 2.0612007478877794e-8
494 2.0612007478877794e-8
495 2.0612007478877794e-8
496 2.0612007478877794e-8
497 2.0612007478877794e-8
498 2.0612007478877794e-8
499 2.1159952204152374e-8
500 2.1159952204152374e-8
501 2.1783198815433272e-8
502 2.1783198815433272e-8
503 2.1783198815433272e-8
504 2.1783198815433272e-8
505 2.1783198815433272e-8
506 2.1783198815433272e-8
507 2.1783198815433272e-8
508 2.2478543497300546e-8
509 2.2478543497300546e-8
510 2.2478543497300546e-8
511 2.2478543497300546e-8
512 2.2478543497300546e-8
513 2.2478543497300546e-8
514 2.2478543497300546e-8
515 2.2478543497300546e-8
516 2.2478543497300546e-8
517 2.2478543497300546e-8
518 2.2478543497300546e-8
519 2.2478543497300546e-8
520 2.2790967451205042e-8
521 2.2790967451205042e-8
522 2.2790967451205042e-8
523 2.29832293802233e-8
524 2.29832293802233e-8
525 2.29832293802233e-8
526 2.29832293802233e-8
527 2.29832293802233e-8
528 2.342222604576333e-8
529 2.342222604576333e-8
530 2.342222604576333e-8
531 2.342222604576333e-8
532 2.448126550716431e-8
533 2.448126550716431e-8
534 2.448126550716431e-8
535 2.5216663993599705e-8
536 2.6383048995843385e-8
537 2.714248037620153e-8
538 2.714248037620153e-8
539 2.714248037620153e-8
540 2.714248037620153e-8
541 2.714248037620153e-8
542 2.714248037620153e-8
543 2.714248037620153e-8
544 2.714248037620153e-8
545 2.714248037620153e-8
546 2.714248037620153e-8
547 2.714248037620153e-8
548 2.714248037620153e-8
549 2.836654322373243e-8
550 2.836654322373243e-8
551 2.836654322373243e-8
552 2.836654322373243e-8
553 2.836654322373243e-8
554 2.836654322373243e-8
555 2.836654322373243e-8
556 2.836654322373243e-8
557 2.836654322373243e-8
558 2.9215696715396054e-8
559 2.9215696715396054e-8
560 2.9215696715396054e-8
561 2.9215696715396054e-8
562 2.9215696715396054e-8
563 2.9215696715396054e-8
564 2.9215696715396054e-8
565 2.9215696715396054e-8
566 2.9215696715396054e-8
567 2.9215696715396054e-8
568 2.9215696715396054e-8
569 2.9215696715396054e-8
570 2.9215696715396054e-8
571 2.9215696715396054e-8
572 2.9215696715396054e-8
573 2.9215696715396054e-8
574 2.9215696715396054e-8
575 2.9215696715396054e-8
576 2.9215696715396054e-8
577 2.990303124753159e-8
578 2.990303124753159e-8
579 2.990303124753159e-8
580 2.990303124753159e-8
581 2.990303124753159e-8
582 2.990303124753159e-8
583 2.990303124753159e-8
584 3.072014108435884e-8
585 3.072014108435884e-8
586 3.072014108435884e-8
587 3.072014108435884e-8
588 3.072014108435884e-8
589 3.072014108435884e-8
590 3.072014108435884e-8
591 3.072014108435884e-8
592 3.0753786646905184e-8
593 3.0753786646905184e-8
594 3.0753786646905184e-8
595 3.0753786646905184e-8
596 3.101013466323243e-8
597 3.101013466323243e-8
598 3.101013466323243e-8
599 3.101013466323243e-8
600 3.101013466323243e-8
601 3.27388827825042e-8
602 3.27388827825042e-8
603 3.27388827825042e-8
604 3.2540213222646055e-8
605 3.2540213222646055e-8
606 3.2540213222646055e-8
607 3.2540213222646055e-8
608 3.276451819531881e-8
609 3.276451819531881e-8
610 3.276451819531881e-8
611 3.353676789326614e-8
612 3.353676789326614e-8
613 3.353676789326614e-8
614 3.3711404559201536e-8
615 3.3711404559201536e-8
616 3.3711404559201536e-8
617 3.3711404559201536e-8
618 3.3711404559201536e-8
619 3.3711404559201536e-8
620 3.3711404559201536e-8
621 3.431222079545153e-8
622 3.431222079545153e-8
623 3.431222079545153e-8
624 3.431222079545153e-8
625 3.431222079545153e-8
626 3.431222079545153e-8
627 3.431222079545153e-8
628 3.431222079545153e-8
629 3.4743206088896057e-8
630 3.536645331135884e-8
631 3.536645331135884e-8
632 3.536645331135884e-8
633 3.536645331135884e-8
634 3.536645331135884e-8
635 3.536645331135884e-8
636 3.536645331135884e-8
637 3.536645331135884e-8
638 3.5432142528741565e-8
639 3.5432142528741565e-8
640 3.5432142528741565e-8
641 3.5432142528741565e-8
642 3.5432142528741565e-8
643 3.5432142528741565e-8
644 3.5432142528741565e-8
645 3.5432142528741565e-8
646 3.5432142528741565e-8
647 3.5432142528741565e-8
648 3.5432142528741565e-8
649 3.5432142528741565e-8
650 3.5432142528741565e-8
651 3.5432142528741565e-8
652 3.5432142528741565e-8
653 3.5432142528741565e-8
654 3.5432142528741565e-8
655 3.5432142528741565e-8
656 3.5432142528741565e-8
657 3.5432142528741565e-8
658 3.5432142528741565e-8
659 3.5432142528741565e-8
660 3.604737899029072e-8
661 3.604737899029072e-8
662 3.604737899029072e-8
663 3.629251181910252e-8
664 3.629251181910252e-8
665 3.6342179514657996e-8
666 3.6342179514657996e-8
667 3.67507350442535e-8
668 3.67507350442535e-8
669 3.67507350442535e-8
670 3.67507350442535e-8
671 3.67507350442535e-8
672 3.731630381024718e-8
673 3.731630381024718e-8
674 3.731630381024718e-8
675 3.731630381024718e-8
676 3.731630381024718e-8
677 3.731630381024718e-8
678 3.731630381024718e-8
679 3.731630381024718e-8
680 3.731630381024718e-8
681 3.731630381024718e-8
682 3.731630381024718e-8
683 3.731630381024718e-8
684 3.731630381024718e-8
685 3.731630381024718e-8
686 3.731630381024718e-8
687 3.731630381024718e-8
688 3.731630381024718e-8
689 3.731630381024718e-8
690 3.731630381024718e-8
691 3.731630381024718e-8
692 3.7724858117478927e-8
693 3.7724858117478927e-8
694 3.7724858117478927e-8
695 3.7724858117478927e-8
696 3.7724858117478927e-8
697 3.780977328329073e-8
698 3.780977328329073e-8
699 3.780977328329073e-8
700 3.780977328329073e-8
701 3.858843000089607e-8
702 3.858843000089607e-8
703 3.858843000089607e-8
704 3.858843000089607e-8
705 3.858843000089607e-8
706 3.858843000089607e-8
707 3.858843000089607e-8
708 3.858843000089607e-8
709 3.858843000089607e-8
710 3.858843000089607e-8
711 3.858843000089607e-8
712 3.858843000089607e-8
713 3.858843000089607e-8
714 3.858843000089607e-8
715 3.886400396565239e-8
716 3.886400396565239e-8
717 3.886400396565239e-8
718 3.886400396565239e-8
719 3.886400396565239e-8
720 3.9633049236997894e-8
721 3.9633049236997894e-8
722 3.9633049236997894e-8
723 3.9633049236997894e-8
724 3.9633049236997894e-8
725 3.9633049236997894e-8
726 3.9633049236997894e-8
727 3.9633049236997894e-8
728 3.9633049236997894e-8
729 3.9633049236997894e-8
730 3.9633049236997894e-8
731 3.9633049236997894e-8
732 3.9633049236997894e-8
733 3.9633049236997894e-8
734 3.9633049236997894e-8
735 3.9633049236997894e-8
736 3.9633049236997894e-8
737 3.9633049236997894e-8
738 3.9633049236997894e-8
739 3.9633049236997894e-8
740 3.9633049236997894e-8
741 3.9633049236997894e-8
742 3.9633049236997894e-8
743 3.9633049236997894e-8
744 3.9633049236997894e-8
745 3.9633049236997894e-8
746 3.9633049236997894e-8
747 3.9633049236997894e-8
748 3.9633049236997894e-8
749 3.9633049236997894e-8
750 3.9633049236997894e-8
751 3.9633049236997894e-8
752 3.9633049236997894e-8
753 3.9633049236997894e-8
754 3.9633049236997894e-8
755 3.9633049236997894e-8
756 3.9633049236997894e-8
757 3.9633049236997894e-8
758 3.9633049236997894e-8
759 3.9633049236997894e-8
760 3.9633049236997894e-8
761 3.9633049236997894e-8
762 3.9633049236997894e-8
763 3.9633049236997894e-8
764 3.9633049236997894e-8
765 3.9633049236997894e-8
766 3.9633049236997894e-8
767 3.9633049236997894e-8
768 3.9633049236997894e-8
769 3.9633049236997894e-8
770 3.9633049236997894e-8
771 3.9633049236997894e-8
772 3.9633049236997894e-8
773 3.9633049236997894e-8
774 3.9633049236997894e-8
775 3.9633049236997894e-8
776 3.9633049236997894e-8
777 3.9633049236997894e-8
778 4.016977816357514e-8
779 4.016977816357514e-8
780 4.016977816357514e-8
781 4.0256295237096914e-8
782 4.0256295237096914e-8
783 4.0256295237096914e-8
784 4.0658441302306884e-8
785 4.0658441302306884e-8
786 4.0658441302306884e-8
787 4.0658441302306884e-8
788 4.1281688524769666e-8
789 4.1281688524769666e-8
790 4.1632564986714186e-8
791 4.1632564986714186e-8
792 4.1632564986714186e-8
793 4.1632564986714186e-8
794 4.1632564986714186e-8
795 4.1632564986714186e-8
796 4.1632564986714186e-8
797 4.1632564986714186e-8
798 4.1632564986714186e-8
799 4.1632564986714186e-8
800 4.1632564986714186e-8
801 4.1632564986714186e-8
802 4.1632564986714186e-8
803 4.1632564986714186e-8
804 4.1632564986714186e-8
805 4.1632564986714186e-8
806 4.1632564986714186e-8
807 4.1632564986714186e-8
808 4.267718422281601e-8
809 4.2826186087118684e-8
810 4.2826186087118684e-8
811 4.2826186087118684e-8
812 4.2826186087118684e-8
813 4.2826186087118684e-8
814 4.2826186087118684e-8
815 4.2826186087118684e-8
816 4.2826186087118684e-8
817 4.2826186087118684e-8
818 4.2826186087118684e-8
819 4.2826186087118684e-8
820 4.2826186087118684e-8
821 4.2826186087118684e-8
822 4.3543961144016856e-8
823 4.4522891162735956e-8
824 4.4522891162735956e-8
825 4.4522891162735956e-8
826 4.4522891162735956e-8
827 4.471034614626053e-8
828 4.471034614626053e-8
829 4.471034614626053e-8
830 4.471034614626053e-8
831 4.471034614626053e-8
832 4.471034614626053e-8
833 4.471034614626053e-8
834 4.471034614626053e-8
835 4.471034614626053e-8
836 4.471034614626053e-8
837 4.471034614626053e-8
838 4.471034614626053e-8
839 4.471034614626053e-8
840 4.471034614626053e-8
841 4.471034614626053e-8
842 4.471034614626053e-8
843 4.471034614626053e-8
844 4.471034614626053e-8
845 4.471034614626053e-8
846 4.471034614626053e-8
847 4.471034614626053e-8
848 4.471034614626053e-8
849 4.471034614626053e-8
850 4.471034614626053e-8
851 4.5364034504667834e-8
852 4.5364034504667834e-8
853 4.56684476976587e-8
854 4.56684476976587e-8
855 4.56684476976587e-8
856 4.56684476976587e-8
857 4.56684476976587e-8
858 4.56684476976587e-8
859 4.56684476976587e-8
860 4.56684476976587e-8
861 4.6309318349658705e-8
862 4.6309318349658705e-8
863 4.6309318349658705e-8
864 4.6309318349658705e-8
865 4.6309318349658705e-8
866 4.6309318349658705e-8
867 4.6309318349658705e-8
868 4.6309318349658705e-8
869 4.675312134951053e-8
870 4.675312134951053e-8
871 4.705913706139325e-8
872 4.705913706139325e-8
873 4.705913706139325e-8
874 4.705913706139325e-8
875 4.705913706139325e-8
876 4.705913706139325e-8
877 4.7427637564056875e-8
878 4.7427637564056875e-8
879 4.7427637564056875e-8
880 4.7427637564056875e-8
881 4.7427637564056875e-8
882 4.7427637564056875e-8
883 4.7427637564056875e-8
884 4.7427637564056875e-8
885 4.7427637564056875e-8
886 4.7427637564056875e-8
887 4.7427637564056875e-8
888 4.7427637564056875e-8
889 4.7427637564056875e-8
890 4.7427637564056875e-8
891 4.7427637564056875e-8
892 4.7427637564056875e-8
893 4.7427637564056875e-8
894 4.7427637564056875e-8
895 4.7427637564056875e-8
896 4.7427637564056875e-8
897 4.832325493585603e-8
898 4.832325493585603e-8
899 4.832325493585603e-8
900 4.832325493585603e-8
901 4.832325493585603e-8
902 4.832325493585603e-8
903 4.832325493585603e-8
904 4.832325493585603e-8
905 4.832325493585603e-8
906 4.832325493585603e-8
907 4.832325493585603e-8
908 4.832325493585603e-8
909 4.832325493585603e-8
910 4.832325493585603e-8
911 4.873982122636516e-8
912 4.873982122636516e-8
913 4.873982122636516e-8
914 4.873982122636516e-8
915 4.873982122636516e-8
916 4.873982122636516e-8
917 4.873982122636516e-8
918 4.873982122636516e-8
919 4.873982122636516e-8
920 4.873982122636516e-8
921 4.873982122636516e-8
922 4.939671340019241e-8
923 4.939671340019241e-8
924 4.939671340019241e-8
925 4.939671340019241e-8
926 5.003117519898876e-8
927 5.003117519898876e-8
928 5.003117519898876e-8
929 5.003117519898876e-8
930 5.0599948391584264e-8
931 5.0599948391584264e-8
932 5.0599948391584264e-8
933 5.0599948391584264e-8
934 5.0599948391584264e-8
935 5.0599948391584264e-8
936 5.0910770437778786e-8
937 5.0910770437778786e-8
938 5.158208283690519e-8
939 5.158208283690519e-8
940 5.158208283690519e-8
941 5.158208283690519e-8
942 5.158208283690519e-8
943 5.158208283690519e-8
944 5.158208283690519e-8
945 5.158208283690519e-8
946 5.158208283690519e-8
947 5.158208283690519e-8
948 5.158208283690519e-8
949 5.158208283690519e-8
950 5.158208283690519e-8
951 5.158208283690519e-8
952 5.158208283690519e-8
953 5.158208283690519e-8
954 5.158208283690519e-8
955 5.158208283690519e-8
956 5.158208283690519e-8
957 5.158208283690519e-8
958 5.158208283690519e-8
959 5.158208283690519e-8
960 5.158208283690519e-8
961 5.158208283690519e-8
962 5.2093177573031595e-8
963 5.2093177573031595e-8
964 5.2093177573031595e-8
965 5.2232566768710665e-8
966 5.287343742071067e-8
967 5.287343742071067e-8
968 5.287343742071067e-8
969 5.287343742071067e-8
970 5.287343742071067e-8
971 5.332685431154985e-8
972 5.332685431154985e-8
973 5.332685431154985e-8
974 5.332685431154985e-8
975 5.332685431154985e-8
976 5.332685431154985e-8
977 5.332685431154985e-8
978 5.363607506121629e-8
979 5.363607506121629e-8
980 5.400938189819171e-8
981 5.400938189819171e-8
982 5.400938189819171e-8
983 5.400938189819171e-8
984 5.416479261569803e-8
985 5.416479261569803e-8
986 5.416479261569803e-8
987 5.416479261569803e-8
988 5.416479261569803e-8
989 5.416479261569803e-8
990 5.416479261569803e-8
991 5.416479261569803e-8
992 5.416479261569803e-8
993 5.448042099620435e-8
994 5.448042099620435e-8
995 5.448042099620435e-8
996 5.448042099620435e-8
997 5.448042099620435e-8
998 5.448042099620435e-8
999 5.448042099620435e-8
1000 5.448042099620435e-8
1001 5.448042099620435e-8
1002 5.448042099620435e-8
1003 5.448042099620435e-8
1004 5.448042099620435e-8
1005 5.448042099620435e-8
1006 5.448042099620435e-8
1007 5.448042099620435e-8
1008 5.448042099620435e-8
1009 5.448042099620435e-8
1010 5.448042099620435e-8
1011 5.448042099620435e-8
1012 5.448042099620435e-8
1013 5.448042099620435e-8
1014 5.448042099620435e-8
1015 5.448042099620435e-8
1016 5.448042099620435e-8
1017 5.448042099620435e-8
1018 5.448042099620435e-8
1019 5.448042099620435e-8
1020 5.448042099620435e-8
1021 5.448042099620435e-8
1022 5.448042099620435e-8
1023 5.448042099620435e-8
1024 5.448042099620435e-8
1025 5.448042099620435e-8
1026 5.448042099620435e-8
1027 5.448042099620435e-8
1028 5.448042099620435e-8
1029 5.448042099620435e-8
1030 5.448042099620435e-8
1031 5.448042099620435e-8
1032 5.448042099620435e-8
1033 5.448042099620435e-8
1034 5.448042099620435e-8
1035 5.448042099620435e-8
1036 5.448042099620435e-8
1037 5.448042099620435e-8
1038 5.448042099620435e-8
1039 5.448042099620435e-8
1040 5.448042099620435e-8
1041 5.448042099620435e-8
1042 5.448042099620435e-8
1043 5.448042099620435e-8
1044 5.448042099620435e-8
1045 5.448042099620435e-8
1046 5.448042099620435e-8
1047 5.448042099620435e-8
1048 5.448042099620435e-8
1049 5.448042099620435e-8
1050 5.448042099620435e-8
1051 5.448042099620435e-8
1052 5.448042099620435e-8
1053 5.6861255566173446e-8
1054 5.6861255566173446e-8
1055 5.6861255566173446e-8
1056 5.6861255566173446e-8
1057 5.6861255566173446e-8
1058 5.6861255566173446e-8
1059 5.6861255566173446e-8
1060 5.6861255566173446e-8
1061 5.6861255566173446e-8
1062 5.6861255566173446e-8
1063 5.6861255566173446e-8
1064 5.6861255566173446e-8
1065 5.6861255566173446e-8
1066 5.6861255566173446e-8
1067 5.6861255566173446e-8
1068 5.6861255566173446e-8
1069 5.6861255566173446e-8
1070 5.6861255566173446e-8
1071 5.6861255566173446e-8
1072 5.6861255566173446e-8
1073 5.6861255566173446e-8
1074 5.6861255566173446e-8
1075 5.6861255566173446e-8
1076 5.6861255566173446e-8
1077 5.6861255566173446e-8
1078 5.6861255566173446e-8
1079 5.6861255566173446e-8
1080 5.736594083791432e-8
1081 5.736594083791432e-8
1082 5.753897498495786e-8
1083 5.753897498495786e-8
1084 5.753897498495786e-8
1085 5.753897498495786e-8
1086 5.753897498495786e-8
1087 5.753897498495786e-8
1088 5.798437989251966e-8
1089 5.798437989251966e-8
1090 5.798437989251966e-8
1091 5.798437989251966e-8
1092 5.798437989251966e-8
1093 5.798437989251966e-8
1094 5.798437989251966e-8
1095 5.798437989251966e-8
1096 5.798437989251966e-8
1097 5.798437989251966e-8
1098 5.8926460533272464e-8
1099 5.8926460533272464e-8
1100 5.8926460533272464e-8
1101 5.8926460533272464e-8
1102 5.8926460533272464e-8
1103 5.8926460533272464e-8
1104 5.962180521513975e-8
1105 5.962180521513975e-8
1106 5.962180521513975e-8
1107 6.01441151387816e-8
1108 6.01441151387816e-8
1109 6.01441151387816e-8
1110 6.01441151387816e-8
1111 6.01441151387816e-8
1112 6.102691480417345e-8
1113 6.102691480417345e-8
1114 6.102691480417345e-8
1115 6.102691480417345e-8
1116 6.102691480417345e-8
1117 6.102691480417345e-8
1118 6.102691480417345e-8
1119 6.102691480417345e-8
1120 6.168540888571067e-8
1121 6.168540888571067e-8
1122 6.168540888571067e-8
1123 6.168540888571067e-8
1124 6.168540888571067e-8
1125 6.168540888571067e-8
1126 6.168540888571067e-8
1127 6.168540888571067e-8
1128 6.168540888571067e-8
1129 6.168540888571067e-8
1130 6.168540888571067e-8
1131 6.168540888571067e-8
1132 6.168540888571067e-8
1133 6.168540888571067e-8
1134 6.168540888571067e-8
1135 6.168540888571067e-8
1136 6.168540888571067e-8
1137 6.168540888571067e-8
1138 6.168540888571067e-8
1139 6.168540888571067e-8
1140 6.213882516536797e-8
1141 6.213882516536797e-8
1142 6.280212619239888e-8
1143 6.280212619239888e-8
1144 6.280212619239888e-8
1145 6.280212619239888e-8
1146 6.280212619239888e-8
1147 6.280212619239888e-8
1148 6.280212619239888e-8
1149 6.280212619239888e-8
1150 6.280212619239888e-8
1151 6.280212619239888e-8
1152 6.280212619239888e-8
1153 6.280212619239888e-8
1154 6.280212619239888e-8
1155 6.280212619239888e-8
1156 6.280212619239888e-8
1157 6.280212619239888e-8
1158 6.280212619239888e-8
1159 6.280212619239888e-8
1160 6.280212619239888e-8
1161 6.280212619239888e-8
1162 6.280212619239888e-8
1163 6.280212619239888e-8
1164 6.280212619239888e-8
1165 6.280212619239888e-8
1166 6.280212619239888e-8
1167 6.280212619239888e-8
1168 6.280212619239888e-8
1169 6.280212619239888e-8
1170 6.280212619239888e-8
1171 6.280212619239888e-8
1172 6.280212619239888e-8
1173 6.333244687695435e-8
1174 6.333244687695435e-8
1175 6.333244687695435e-8
1176 6.333244687695435e-8
1177 6.333244687695435e-8
1178 6.333244687695435e-8
1179 6.333244687695435e-8
1180 6.333244687695435e-8
1181 6.333244687695435e-8
1182 6.333244687695435e-8
1183 6.333244687695435e-8
1184 6.333244687695435e-8
1185 6.333244687695435e-8
1186 6.333244687695435e-8
1187 6.333244687695435e-8
1188 6.333244687695435e-8
1189 6.333244687695435e-8
1190 6.333244687695435e-8
1191 6.333244687695435e-8
1192 6.333244687695435e-8
1193 6.333244687695435e-8
1194 6.333244687695435e-8
1195 6.333244687695435e-8
1196 6.333244687695435e-8
1197 6.333244687695435e-8
1198 6.333244687695435e-8
1199 6.333244687695435e-8
1200 6.333244687695435e-8
1201 6.333244687695435e-8
1202 6.333244687695435e-8
1203 6.333244687695435e-8
1204 6.333244687695435e-8
1205 6.333244687695435e-8
1206 6.333244687695435e-8
1207 6.333244687695435e-8
1208 6.333244687695435e-8
1209 6.333244687695435e-8
1210 6.425209714267626e-8
1211 6.425209714267626e-8
1212 6.425209714267626e-8
1213 6.425209714267626e-8
1214 6.425209714267626e-8
1215 6.425209714267626e-8
1216 6.425209714267626e-8
1217 6.425209714267626e-8
1218 6.425209714267626e-8
1219 6.425209714267626e-8
1220 6.425209714267626e-8
1221 6.425209714267626e-8
1222 6.425209714267626e-8
1223 6.425209714267626e-8
1224 6.425209714267626e-8
1225 6.425209714267626e-8
1226 6.425209714267626e-8
1227 6.425209714267626e-8
1228 6.425209714267626e-8
1229 6.459336154717906e-8
1230 6.459336154717906e-8
1231 6.459336154717906e-8
1232 6.459336154717906e-8
1233 6.459336154717906e-8
1234 6.459336154717906e-8
1235 6.459336154717906e-8
1236 6.459336154717906e-8
1237 6.459336154717906e-8
1238 6.459336154717906e-8
1239 6.459336154717906e-8
1240 6.459336154717906e-8
1241 6.459336154717906e-8
1242 6.459336154717906e-8
1243 6.459336154717906e-8
1244 6.459336154717906e-8
1245 6.459336154717906e-8
1246 6.459336154717906e-8
1247 6.459336154717906e-8
1248 6.459336154717906e-8
1249 6.459336154717906e-8
1250 6.459336154717906e-8
1251 6.459336154717906e-8
1252 6.459336154717906e-8
1253 6.459336154717906e-8
1254 6.459336154717906e-8
1255 6.459336154717906e-8
1256 6.459336154717906e-8
1257 6.459336154717906e-8
1258 6.459336154717906e-8
1259 6.459336154717906e-8
1260 6.459336154717906e-8
1261 6.459336154717906e-8
1262 6.459336154717906e-8
1263 6.519097274564536e-8
1264 6.519097274564536e-8
1265 6.519097274564536e-8
1266 6.519097274564536e-8
1267 6.519097274564536e-8
1268 6.527588791145716e-8
1269 6.527588791145716e-8
1270 6.527588791145716e-8
1271 6.527588791145716e-8
1272 6.527588791145716e-8
1273 6.527588791145716e-8
1274 6.543450366674719e-8
1275 6.543450366674719e-8
1276 6.597283572339817e-8
1277 6.597283572339817e-8
1278 6.597283572339817e-8
1279 6.597283572339817e-8
1280 6.597283572339817e-8
1281 6.597283572339817e-8
1282 6.597283572339817e-8
1283 6.597283572339817e-8
1284 6.597283572339817e-8
1285 6.597283572339817e-8
1286 6.597283572339817e-8
1287 6.597283572339817e-8
1288 6.597283572339817e-8
1289 6.597283572339817e-8
1290 6.636697102769451e-8
1291 6.636697102769451e-8
1292 6.636697102769451e-8
1293 6.636697102769451e-8
1294 6.636697102769451e-8
1295 6.636697102769451e-8
1296 6.636697102769451e-8
1297 6.668900887258637e-8
1298 6.668900887258637e-8
1299 6.668900887258637e-8
1300 6.668900887258637e-8
1301 6.668900887258637e-8
1302 6.668900887258637e-8
1303 6.668900887258637e-8
1304 6.668900887258637e-8
1305 6.668900887258637e-8
1306 6.73250725790927e-8
1307 6.73250725790927e-8
1308 6.73250725790927e-8
1309 6.73250725790927e-8
1310 6.73250725790927e-8
1311 6.73250725790927e-8
1312 6.780252114149087e-8
1313 6.780252114149087e-8
1314 6.780252114149087e-8
1315 6.798837299494171e-8
1316 6.798837299494171e-8
1317 6.798837299494171e-8
1318 6.798837299494171e-8
1319 6.798837299494171e-8
1320 6.858758732348174e-8
1321 6.858758732348174e-8
1322 6.858758732348174e-8
1323 6.858758732348174e-8
1324 6.858758732348174e-8
1325 6.858758732348174e-8
1326 6.858758732348174e-8
1327 6.858758732348174e-8
1328 6.858758732348174e-8
1329 6.858758732348174e-8
1330 6.858758732348174e-8
1331 6.858758732348174e-8
1332 6.858758732348174e-8
1333 6.858758732348174e-8
1334 6.858758732348174e-8
1335 6.858758732348174e-8
1336 6.858758732348174e-8
1337 6.858758732348174e-8
1338 6.858758732348174e-8
1339 6.858758732348174e-8
1340 6.858758732348174e-8
1341 6.858758732348174e-8
1342 6.858758732348174e-8
1343 6.858758732348174e-8
1344 6.858758732348174e-8
1345 6.909868144842627e-8
1346 6.909868144842627e-8
1347 6.909868144842627e-8
1348 6.909868144842627e-8
1349 6.909868144842627e-8
1350 6.909868144842627e-8
1351 6.909868144842627e-8
1352 6.909868144842627e-8
1353 6.909868144842627e-8
1354 6.909868144842627e-8
1355 6.909868144842627e-8
1356 7.024744240995084e-8
1357 7.024744240995084e-8
1358 7.024744240995084e-8
1359 7.056146949392906e-8
1360 7.056146949392906e-8
1361 7.056146949392906e-8
1362 7.056146949392906e-8
1363 7.056146949392906e-8
1364 7.056146949392906e-8
1365 7.056146949392906e-8
1366 7.056146949392906e-8
1367 7.06447827520309e-8
1368 7.06447827520309e-8
1369 7.084665673849087e-8
1370 7.084665673849087e-8
1371 7.084665673849087e-8
1372 7.084665673849087e-8
1373 7.170702541766994e-8
1374 7.170702541766994e-8
1375 7.224535686313904e-8
1376 7.224535686313904e-8
1377 7.224535686313904e-8
1378 7.224535686313904e-8
1379 7.224535686313904e-8
1380 7.224535686313904e-8
1381 7.224535686313904e-8
1382 7.224535686313904e-8
1383 7.224535686313904e-8
1384 7.224535686313904e-8
1385 7.224535686313904e-8
1386 7.224535686313904e-8
1387 7.224535686313904e-8
1388 7.224535686313904e-8
1389 7.224535686313904e-8
1390 7.224535686313904e-8
1391 7.224535686313904e-8
1392 7.224535686313904e-8
1393 7.224535686313904e-8
1394 7.224535686313904e-8
1395 7.224535686313904e-8
1396 7.224535686313904e-8
1397 7.224535686313904e-8
1398 7.224535686313904e-8
1399 7.284457119167908e-8
1400 7.284457119167908e-8
1401 7.284457119167908e-8
1402 7.284457119167908e-8
1403 7.284457119167908e-8
1404 7.284457119167908e-8
1405 7.284457119167908e-8
1406 7.284457119167908e-8
1407 7.284457119167908e-8
1408 7.284457119167908e-8
1409 7.284457119167908e-8
1410 7.284457119167908e-8
1411 7.315218942245365e-8
1412 7.315218942245365e-8
1413 7.315218942245365e-8
1414 7.315218942245365e-8
1415 7.315218942245365e-8
1416 7.315218942245365e-8
1417 7.315218942245365e-8
1418 7.315218942245365e-8
1419 7.315218942245365e-8
1420 7.354312030014817e-8
1421 7.354312030014817e-8
1422 7.354312030014817e-8
1423 7.354312030014817e-8
1424 7.354312030014817e-8
1425 7.354312030014817e-8
1426 7.354312030014817e-8
1427 7.354312030014817e-8
1428 7.354312030014817e-8
1429 7.354312030014817e-8
1430 7.354312030014817e-8
1431 7.354312030014817e-8
1432 7.354312030014817e-8
1433 7.354312030014817e-8
1434 7.354312030014817e-8
1435 7.354312030014817e-8
1436 7.354312030014817e-8
1437 7.354312030014817e-8
1438 7.354312030014817e-8
1439 7.354312030014817e-8
1440 7.354312030014817e-8
1441 7.354312030014817e-8
1442 7.354312030014817e-8
1443 7.354312030014817e-8
1444 7.354312030014817e-8
1445 7.354312030014817e-8
1446 7.354312030014817e-8
1447 7.354312030014817e-8
1448 7.354312030014817e-8
1449 7.354312030014817e-8
1450 7.354312030014817e-8
1451 7.354312030014817e-8
1452 7.354312030014817e-8
1453 7.354312030014817e-8
1454 7.354312030014817e-8
1455 7.354312030014817e-8
1456 7.354312030014817e-8
1457 7.354312030014817e-8
1458 7.354312030014817e-8
1459 7.354312030014817e-8
1460 7.354312030014817e-8
1461 7.354312030014817e-8
1462 7.40862574687472e-8
1463 7.40862574687472e-8
1464 7.40862574687472e-8
1465 7.437785356651264e-8
1466 7.437785356651264e-8
1467 7.437785356651264e-8
1468 7.470149393029636e-8
1469 7.470149393029636e-8
1470 7.470149393029636e-8
1471 7.470149393029636e-8
1472 7.470149393029636e-8
1473 7.470149393029636e-8
1474 7.52830836069354e-8
1475 7.52830836069354e-8
1476 7.52830836069354e-8
1477 7.564036953326546e-8
1478 7.564036953326546e-8
1479 7.564036953326546e-8
1480 7.564036953326546e-8
1481 7.564036953326546e-8
1482 7.564036953326546e-8
1483 7.564036953326546e-8
1484 7.564036953326546e-8
1485 7.564036953326546e-8
1486 7.564036953326546e-8
1487 7.564036953326546e-8
1488 7.564036953326546e-8
1489 7.564036953326546e-8
1490 7.564036953326546e-8
1491 7.564036953326546e-8
1492 7.564036953326546e-8
1493 7.564036953326546e-8
1494 7.587108335914187e-8
1495 7.587108335914187e-8
1496 7.604251620965731e-8
1497 7.604251620965731e-8
1498 7.604251620965731e-8
1499 7.604251620965731e-8
1500 7.604251620965731e-8
1501 7.604251620965731e-8
1502 7.604251620965731e-8
1503 7.604251620965731e-8
1504 7.604251620965731e-8
1505 7.604251620965731e-8
1506 7.724575120104916e-8
1507 7.724575120104916e-8
1508 7.724575120104916e-8
1509 7.724575120104916e-8
1510 7.724575120104916e-8
1511 7.724575120104916e-8
1512 7.724575120104916e-8
1513 7.724575120104916e-8
1514 7.724575120104916e-8
1515 7.724575120104916e-8
1516 7.724575120104916e-8
1517 7.724575120104916e-8
1518 7.724575120104916e-8
1519 7.724575120104916e-8
1520 7.724575120104916e-8
1521 7.724575120104916e-8
1522 7.724575120104916e-8
1523 7.724575120104916e-8
1524 7.724575120104916e-8
1525 7.724575120104916e-8
1526 7.724575120104916e-8
1527 7.724575120104916e-8
1528 7.724575120104916e-8
1529 7.724575120104916e-8
1530 7.724575120104916e-8
1531 7.724575120104916e-8
1532 7.724575120104916e-8
1533 7.724575120104916e-8
1534 7.724575120104916e-8
1535 7.724575120104916e-8
1536 7.724575120104916e-8
1537 7.724575120104916e-8
1538 7.724575120104916e-8
1539 7.724575120104916e-8
1540 7.724575120104916e-8
1541 7.724575120104916e-8
1542 7.724575120104916e-8
1543 7.724575120104916e-8
1544 7.724575120104916e-8
1545 7.724575120104916e-8
1546 7.724575120104916e-8
1547 7.724575120104916e-8
1548 7.724575120104916e-8
1549 7.724575120104916e-8
1550 7.724575120104916e-8
1551 7.792667565761727e-8
1552 7.792667565761727e-8
1553 7.792667565761727e-8
1554 7.792667565761727e-8
1555 7.792667565761727e-8
1556 7.792667565761727e-8
1557 7.792667565761727e-8
1558 7.846500710308638e-8
1559 7.846500710308638e-8
1560 7.846500710308638e-8
1561 7.846500710308638e-8
1562 7.846500710308638e-8
1563 7.846500710308638e-8
1564 7.846500710308638e-8
1565 7.846500710308638e-8
1566 7.846500710308638e-8
1567 7.846500710308638e-8
1568 7.846500710308638e-8
1569 7.846500710308638e-8
1570 7.846500710308638e-8
1571 7.880146395091363e-8
1572 7.880146395091363e-8
1573 7.880146395091363e-8
1574 7.880146395091363e-8
1575 7.880146395091363e-8
1576 7.939907514937993e-8
1577 7.939907514937993e-8
1578 7.939907514937993e-8
1579 7.939907514937993e-8
1580 7.939907514937993e-8
1581 7.939907514937993e-8
1582 7.939907514937993e-8
1583 7.939907514937993e-8
1584 7.939907514937993e-8
1585 7.939907514937993e-8
1586 7.939907514937993e-8
1587 7.939907514937993e-8
1588 7.939907514937993e-8
1589 7.939907514937993e-8
1590 7.939907514937993e-8
1591 7.939907514937993e-8
1592 7.939907514937993e-8
1593 7.939907514937993e-8
1594 7.939907514937993e-8
1595 7.939907514937993e-8
1596 7.939907514937993e-8
1597 7.939907514937993e-8
1598 7.939907514937993e-8
1599 7.939907514937993e-8
1600 7.939907514937993e-8
1601 7.939907514937993e-8
1602 7.939907514937993e-8
1603 7.939907514937993e-8
1604 7.939907514937993e-8
1605 7.939907514937993e-8
1606 7.939907514937993e-8
1607 7.939907514937993e-8
1608 7.939907514937993e-8
1609 7.939907514937993e-8
1610 7.939907514937993e-8
1611 7.939907514937993e-8
1612 7.939907514937993e-8
1613 7.939907514937993e-8
1614 7.939907514937993e-8
1615 7.939907514937993e-8
1616 7.939907514937993e-8
1617 7.939907514937993e-8
1618 7.939907514937993e-8
1619 8.173184515386728e-8
1620 8.173184515386728e-8
1621 8.173184515386728e-8
1622 8.173184515386728e-8
1623 8.173184515386728e-8
1624 8.173184515386728e-8
1625 8.173184515386728e-8
1626 8.173184515386728e-8
1627 8.173184515386728e-8
1628 8.173184515386728e-8
1629 8.173184515386728e-8
1630 8.173184515386728e-8
1631 8.173184515386728e-8
1632 8.173184515386728e-8
1633 8.173184515386728e-8
1634 8.173184515386728e-8
1635 8.173184515386728e-8
1636 8.173184515386728e-8
1637 8.173184515386728e-8
1638 8.173184515386728e-8
1639 8.265149541958919e-8
1640 8.265149541958919e-8
1641 8.265149541958919e-8
1642 8.265149541958919e-8
1643 8.322667624302459e-8
1644 8.322667624302459e-8
1645 8.322667624302459e-8
1646 8.322667624302459e-8
1647 8.322667624302459e-8
1648 8.322667624302459e-8
1649 8.322667624302459e-8
1650 8.322667624302459e-8
1651 8.322667624302459e-8
1652 8.322667624302459e-8
1653 8.322667624302459e-8
1654 8.322667624302459e-8
1655 8.322667624302459e-8
1656 8.322667624302459e-8
1657 8.322667624302459e-8
1658 8.322667624302459e-8
1659 8.322667624302459e-8
1660 8.322667624302459e-8
1661 8.322667624302459e-8
1662 8.322667624302459e-8
1663 8.322667624302459e-8
1664 8.322667624302459e-8
1665 8.322667624302459e-8
1666 8.322667624302459e-8
1667 8.322667624302459e-8
1668 8.322667624302459e-8
1669 8.322667624302459e-8
1670 8.322667624302459e-8
1671 8.322667624302459e-8
1672 8.322667624302459e-8
1673 8.322667624302459e-8
1674 8.322667624302459e-8
1675 8.322667624302459e-8
1676 8.322667624302459e-8
1677 8.322667624302459e-8
1678 8.322667624302459e-8
1679 8.322667624302459e-8
1680 8.322667624302459e-8
1681 8.322667624302459e-8
1682 8.322667624302459e-8
1683 8.322667624302459e-8
1684 8.322667624302459e-8
1685 8.322667624302459e-8
1686 8.322667624302459e-8
1687 8.322667624302459e-8
1688 8.322667624302459e-8
1689 8.322667624302459e-8
1690 8.322667624302459e-8
1691 8.322667624302459e-8
1692 8.322667624302459e-8
1693 8.322667624302459e-8
1694 8.322667624302459e-8
1695 8.322667624302459e-8
1696 8.322667624302459e-8
1697 8.424405754741996e-8
1698 8.424405754741996e-8
1699 8.424405754741996e-8
1700 8.424405754741996e-8
1701 8.424405754741996e-8
1702 8.424405754741996e-8
1703 8.424405754741996e-8
1704 8.424405754741996e-8
1705 8.424405754741996e-8
1706 8.424405754741996e-8
1707 8.424405754741996e-8
1708 8.424405754741996e-8
1709 8.424405754741996e-8
1710 8.424405754741996e-8
1711 8.424405754741996e-8
1712 8.424405754741996e-8
1713 8.424405754741996e-8
1714 8.424405754741996e-8
1715 8.424405754741996e-8
1716 8.424405754741996e-8
1717 8.424405754741996e-8
1718 8.424405754741996e-8
1719 8.424405754741996e-8
1720 8.424405754741996e-8
1721 8.424405754741996e-8
1722 8.424405754741996e-8
1723 8.424405754741996e-8
1724 8.424405754741996e-8
1725 8.424405754741996e-8
1726 8.424405754741996e-8
1727 8.424405754741996e-8
1728 8.514127682692909e-8
1729 8.514127682692909e-8
1730 8.514127682692909e-8
1731 8.514127682692909e-8
1732 8.514127682692909e-8
1733 8.514127682692909e-8
1734 8.514127682692909e-8
1735 8.645025545145367e-8
1736 8.645025545145367e-8
1737 8.645025545145367e-8
1738 8.645025545145367e-8
1739 8.645025545145367e-8
1740 8.645025545145367e-8
1741 8.645025545145367e-8
1742 8.645025545145367e-8
1743 8.645025545145367e-8
1744 8.645025545145367e-8
1745 8.645025545145367e-8
1746 8.645025545145367e-8
1747 8.645025545145367e-8
1748 8.645025545145367e-8
1749 8.645025545145367e-8
1750 8.645025545145367e-8
1751 8.645025545145367e-8
1752 8.645025545145367e-8
1753 8.645025545145367e-8
1754 8.645025545145367e-8
1755 8.645025545145367e-8
1756 8.645025545145367e-8
1757 8.645025545145367e-8
1758 8.645025545145367e-8
1759 8.645025545145367e-8
1760 8.645025545145367e-8
1761 8.645025545145367e-8
1762 8.645025545145367e-8
1763 8.645025545145367e-8
1764 8.645025545145367e-8
1765 8.743879813879637e-8
1766 8.743879813879637e-8
1767 8.743879813879637e-8
1768 8.743879813879637e-8
1769 8.743879813879637e-8
1770 8.743879813879637e-8
1771 8.743879813879637e-8
1772 8.743879813879637e-8
1773 8.743879813879637e-8
1774 8.743879813879637e-8
1775 8.743879813879637e-8
1776 8.743879813879637e-8
1777 8.743879813879637e-8
1778 8.743879813879637e-8
1779 8.743879813879637e-8
1780 8.743879813879637e-8
1781 8.743879813879637e-8
1782 8.743879813879637e-8
1783 8.743879813879637e-8
1784 8.743879813879637e-8
1785 8.743879813879637e-8
1786 8.743879813879637e-8
1787 8.743879813879637e-8
1788 8.743879813879637e-8
1789 8.743879813879637e-8
1790 8.743879813879637e-8
1791 8.743879813879637e-8
1792 8.743879813879637e-8
1793 8.743879813879637e-8
1794 8.743879813879637e-8
1795 8.743879813879637e-8
1796 8.743879813879637e-8
1797 8.743879813879637e-8
1798 8.743879813879637e-8
1799 8.743879813879637e-8
1800 8.743879813879637e-8
1801 8.743879813879637e-8
1802 8.743879813879637e-8
1803 8.743879813879637e-8
1804 8.743879813879637e-8
1805 8.743879813879637e-8
1806 8.743879813879637e-8
1807 8.776243728021631e-8
1808 8.776243728021631e-8
1809 8.776243728021631e-8
1810 8.806364665778724e-8
1811 8.806364665778724e-8
1812 8.806364665778724e-8
1813 8.909865261408359e-8
1814 8.909865261408359e-8
1815 8.909865261408359e-8
1816 8.909865261408359e-8
1817 8.909865261408359e-8
1818 8.909865261408359e-8
1819 8.909865261408359e-8
1820 8.909865261408359e-8
1821 8.909865261408359e-8
1822 8.993338649162994e-8
1823 8.993338649162994e-8
1824 8.993338649162994e-8
1825 8.993338649162994e-8
1826 8.993338649162994e-8
1827 8.993338649162994e-8
1828 9.053099891246e-8
1829 9.053099891246e-8
1830 9.053099891246e-8
1831 9.053099891246e-8
1832 9.053099891246e-8
1833 9.124076381962642e-8
1834 9.124076381962642e-8
1835 9.170219024901547e-8
1836 9.170219024901547e-8
1837 9.170219024901547e-8
1838 9.170219024901547e-8
1839 9.170219024901547e-8
1840 9.170219024901547e-8
1841 9.184959020560817e-8
1842 9.184959020560817e-8
1843 9.184959020560817e-8
1844 9.184959020560817e-8
1845 9.184959020560817e-8
1846 9.184959020560817e-8
1847 9.184959020560817e-8
1848 9.184959020560817e-8
1849 9.184959020560817e-8
1850 9.184959020560817e-8
1851 9.184959020560817e-8
1852 9.24039437840864e-8
1853 9.24039437840864e-8
1854 9.24039437840864e-8
1855 9.24039437840864e-8
1856 9.24039437840864e-8
1857 9.24039437840864e-8
1858 9.24039437840864e-8
1859 9.24039437840864e-8
1860 9.24039437840864e-8
1861 9.24039437840864e-8
1862 9.24039437840864e-8
1863 9.24039437840864e-8
1864 9.276763734125635e-8
1865 9.276763734125635e-8
1866 9.276763734125635e-8
1867 9.276763734125635e-8
1868 9.276763734125635e-8
1869 9.276763734125635e-8
1870 9.276763734125635e-8
1871 9.276763734125635e-8
1872 9.276763734125635e-8
1873 9.276763734125635e-8
1874 9.276763734125635e-8
1875 9.276763734125635e-8
1876 9.276763734125635e-8
1877 9.276763734125635e-8
1878 9.276763734125635e-8
1879 9.383949328670087e-8
1880 9.383949328670087e-8
1881 9.383949328670087e-8
1882 9.383949328670087e-8
1883 9.383949328670087e-8
1884 9.383949328670087e-8
1885 9.383949328670087e-8
1886 9.383949328670087e-8
1887 9.383949328670087e-8
1888 9.383949328670087e-8
1889 9.383949328670087e-8
1890 9.383949328670087e-8
1891 9.383949328670087e-8
1892 9.383949328670087e-8
1893 9.383949328670087e-8
1894 9.383949328670087e-8
1895 9.383949328670087e-8
1896 9.383949328670087e-8
1897 9.383949328670087e-8
1898 9.383949328670087e-8
1899 9.383949328670087e-8
1900 9.383949328670087e-8
1901 9.383949328670087e-8
1902 9.383949328670087e-8
1903 9.479118659607727e-8
1904 9.479118659607727e-8
1905 9.479118659607727e-8
1906 9.479118659607727e-8
1907 9.479118659607727e-8
1908 9.479118659607727e-8
1909 9.479118659607727e-8
1910 9.479118659607727e-8
1911 9.479118659607727e-8
1912 9.663529162828725e-8
1913 9.663529162828725e-8
1914 9.696373893756463e-8
1915 9.696373893756463e-8
1916 9.696373893756463e-8
1917 9.696373893756463e-8
1918 9.696373893756463e-8
1919 9.696373893756463e-8
1920 9.696373893756463e-8
1921 9.696373893756463e-8
1922 9.696373893756463e-8
1923 9.696373893756463e-8
1924 9.757256593472826e-8
1925 9.757256593472826e-8
1926 9.757256593472826e-8
1927 9.757256593472826e-8
1928 9.757256593472826e-8
1929 9.805161640483641e-8
1930 9.805161640483641e-8
1931 9.929650710850635e-8
1932 9.929650710850635e-8
1933 9.929650710850635e-8
1934 9.929650710850635e-8
1935 9.929650710850635e-8
1936 9.929650710850635e-8
1937 9.929650710850635e-8
1938 9.929650710850635e-8
1939 9.929650710850635e-8
1940 9.929650710850635e-8
1941 9.929650710850635e-8
1942 9.929650710850635e-8
1943 9.929650710850635e-8
1944 9.929650710850635e-8
1945 9.929650710850635e-8
1946 9.929650710850635e-8
1947 9.929650710850635e-8
1948 9.929650710850635e-8
1949 9.929650710850635e-8
1950 9.929650710850635e-8
1951 9.929650710850635e-8
1952 9.929650710850635e-8
1953 9.929650710850635e-8
1954 9.929650710850635e-8
1955 9.929650710850635e-8
1956 9.929650710850635e-8
1957 9.929650710850635e-8
1958 9.929650710850635e-8
1959 9.929650710850635e-8
1960 9.929650710850635e-8
1961 9.929650710850635e-8
1962 9.929650710850635e-8
1963 9.958169435306815e-8
1964 9.958169435306815e-8
1965 9.958169435306815e-8
1966 9.958169435306815e-8
1967 9.958169435306815e-8
1968 1.004388586056454e-7
1969 1.004388586056454e-7
1970 1.004388586056454e-7
1971 1.004388586056454e-7
1972 1.004388586056454e-7
1973 1.004388586056454e-7
1974 1.004388586056454e-7
1975 1.004388586056454e-7
1976 1.004388586056454e-7
1977 1.004388586056454e-7
1978 1.004388586056454e-7
1979 1.004388586056454e-7
1980 1.004388586056454e-7
1981 1.004388586056454e-7
1982 1.004388586056454e-7
1983 1.004388586056454e-7
1984 1.004388586056454e-7
1985 1.004388586056454e-7
1986 1.004388586056454e-7
1987 1.004388586056454e-7
1988 1.004388586056454e-7
1989 1.004388586056454e-7
1990 1.004388586056454e-7
1991 1.004388586056454e-7
1992 1.004388586056454e-7
1993 1.004388586056454e-7
1994 1.004388586056454e-7
1995 1.004388586056454e-7
1996 1.004388586056454e-7
1997 1.004388586056454e-7
1998 1.004388586056454e-7
1999 1.004388586056454e-7
2000 1.004388586056454e-7
2001 1.004388586056454e-7
2002 1.004388586056454e-7
2003 1.004388586056454e-7
2004 1.004388586056454e-7
2005 1.004388586056454e-7
2006 1.004388586056454e-7
2007 1.004388586056454e-7
2008 1.004388586056454e-7
2009 1.004388586056454e-7
2010 1.0064553953759905e-7
2011 1.0064553953759905e-7
2012 1.0064553953759905e-7
2013 1.0064553953759905e-7
2014 1.0092111350235537e-7
2015 1.0092111350235537e-7
2016 1.0092111350235537e-7
2017 1.0092111350235537e-7
2018 1.0092111350235537e-7
2019 1.0092111350235537e-7
2020 1.0092111350235537e-7
2021 1.0092111350235537e-7
2022 1.0136972283651899e-7
2023 1.0136972283651899e-7
2024 1.0165651198879076e-7
2025 1.0165651198879076e-7
2026 1.0165651198879076e-7
2027 1.0165651198879076e-7
2028 1.0165651198879076e-7
2029 1.0165651198879076e-7
2030 1.0165651198879076e-7
2031 1.0165651198879076e-7
2032 1.0178148157035256e-7
2033 1.0178148157035256e-7
2034 1.0178148157035256e-7
2035 1.0178148157035256e-7
2036 1.0178148157035256e-7
2037 1.0178148157035256e-7
2038 1.0199617326321983e-7
2039 1.0199617326321983e-7
2040 1.0199617326321983e-7
2041 1.0199617326321983e-7
2042 1.0199617326321983e-7
2043 1.0199617326321983e-7
2044 1.0199617326321983e-7
2045 1.0229417760300705e-7
2046 1.0229417760300705e-7
2047 1.0229417760300705e-7
2048 1.0229417760300705e-7
2049 1.0251688005678795e-7
2050 1.0251688005678795e-7
2051 1.0251688005678795e-7
2052 1.0251688005678795e-7
2053 1.0251688005678795e-7
2054 1.0289659574696703e-7
2055 1.0289659574696703e-7
2056 1.0289659574696703e-7
2057 1.0289659574696703e-7
2058 1.0289659574696703e-7
2059 1.0289659574696703e-7
2060 1.0289659574696703e-7
2061 1.0289659574696703e-7
2062 1.0289659574696703e-7
2063 1.0289659574696703e-7
2064 1.0289659574696703e-7
2065 1.0289659574696703e-7
2066 1.0289659574696703e-7
2067 1.0289659574696703e-7
2068 1.0289659574696703e-7
2069 1.0289659574696703e-7
2070 1.0289659574696703e-7
2071 1.0302477036631254e-7
2072 1.0302477036631254e-7
2073 1.0302477036631254e-7
2074 1.0302477036631254e-7
2075 1.0302477036631254e-7
2076 1.0302477036631254e-7
2077 1.0302477036631254e-7
2078 1.0302477036631254e-7
2079 1.0302477036631254e-7
2080 1.0302477036631254e-7
2081 1.0302477036631254e-7
2082 1.0302477036631254e-7
2083 1.0302477036631254e-7
2084 1.0400850733052532e-7
2085 1.0400850733052532e-7
2086 1.0448275146632167e-7
2087 1.0448275146632167e-7
2088 1.0448275146632167e-7
2089 1.0448275146632167e-7
2090 1.0448275146632167e-7
2091 1.0448275146632167e-7
2092 1.0448275146632167e-7
2093 1.0448275146632167e-7
2094 1.0448275146632167e-7
2095 1.0448275146632167e-7
2096 1.0448275146632167e-7
2097 1.0448275146632167e-7
2098 1.0448275146632167e-7
2099 1.0448275146632167e-7
2100 1.0448275146632167e-7
2101 1.0448275146632167e-7
2102 1.0448275146632167e-7
2103 1.0448275146632167e-7
2104 1.0448275146632167e-7
2105 1.0448275146632167e-7
2106 1.0448275146632167e-7
2107 1.0448275146632167e-7
2108 1.0448275146632167e-7
2109 1.0448275146632167e-7
2110 1.0511240693080623e-7
2111 1.0511240693080623e-7
2112 1.0542322958818263e-7
2113 1.0542322958818263e-7
2114 1.0542322958818263e-7
2115 1.061490160171763e-7
2116 1.061490160171763e-7
2117 1.061490160171763e-7
2118 1.061490160171763e-7
2119 1.061490160171763e-7
2120 1.061490160171763e-7
2121 1.061490160171763e-7
2122 1.061490160171763e-7
2123 1.061490160171763e-7
2124 1.061490160171763e-7
2125 1.061490160171763e-7
2126 1.061490160171763e-7
2127 1.061490160171763e-7
2128 1.061490160171763e-7
2129 1.061490160171763e-7
2130 1.061490160171763e-7
2131 1.061490160171763e-7
2132 1.061490160171763e-7
2133 1.061490160171763e-7
2134 1.061490160171763e-7
2135 1.061490160171763e-7
2136 1.061490160171763e-7
2137 1.061490160171763e-7
2138 1.061490160171763e-7
2139 1.061490160171763e-7
2140 1.066520993812072e-7
2141 1.066520993812072e-7
2142 1.066520993812072e-7
2143 1.066520993812072e-7
2144 1.066520993812072e-7
2145 1.066520993812072e-7
2146 1.066520993812072e-7
2147 1.066520993812072e-7
2148 1.066520993812072e-7
2149 1.066520993812072e-7
2150 1.066520993812072e-7
2151 1.066520993812072e-7
2152 1.066520993812072e-7
2153 1.0698214798701267e-7
2154 1.0698214798701267e-7
2155 1.0698214798701267e-7
2156 1.0698214798701267e-7
2157 1.0698214798701267e-7
2158 1.0698214798701267e-7
2159 1.0722087196262082e-7
2160 1.0722087196262082e-7
2161 1.0722087196262082e-7
2162 1.0722087196262082e-7
2163 1.0722087196262082e-7
2164 1.0722087196262082e-7
2165 1.0722087196262082e-7
2166 1.0722087196262082e-7
2167 1.0722087196262082e-7
2168 1.0722087196262082e-7
2169 1.0722087196262082e-7
2170 1.0722087196262082e-7
2171 1.0722087196262082e-7
2172 1.0722087196262082e-7
2173 1.0738429344104077e-7
2174 1.0738429344104077e-7
2175 1.0738429344104077e-7
2176 1.0738429344104077e-7
2177 1.0738429344104077e-7
2178 1.0832797598950355e-7
2179 1.0832797598950355e-7
2180 1.0832797598950355e-7
2181 1.089303947446454e-7
2182 1.089303947446454e-7
2183 1.089303947446454e-7
2184 1.103851714180527e-7
2185 1.103851714180527e-7
2186 1.103851714180527e-7
2187 1.103851714180527e-7
2188 1.103851714180527e-7
2189 1.103851714180527e-7
2190 1.103851714180527e-7
2191 1.103851714180527e-7
2192 1.103851714180527e-7
2193 1.103851714180527e-7
2194 1.103851714180527e-7
2195 1.103851714180527e-7
2196 1.103851714180527e-7
2197 1.103851714180527e-7
2198 1.103851714180527e-7
2199 1.103851714180527e-7
2200 1.103851714180527e-7
2201 1.103851714180527e-7
2202 1.103851714180527e-7
2203 1.103851714180527e-7
2204 1.103851714180527e-7
2205 1.103851714180527e-7
2206 1.103851714180527e-7
2207 1.103851714180527e-7
2208 1.103851714180527e-7
2209 1.103851714180527e-7
2210 1.103851714180527e-7
2211 1.103851714180527e-7
2212 1.103851714180527e-7
2213 1.103851714180527e-7
2214 1.103851714180527e-7
2215 1.103851714180527e-7
2216 1.103851714180527e-7
2217 1.103851714180527e-7
2218 1.103851714180527e-7
2219 1.103851714180527e-7
2220 1.103851714180527e-7
2221 1.103851714180527e-7
2222 1.103851714180527e-7
2223 1.103851714180527e-7
2224 1.103851714180527e-7
2225 1.103851714180527e-7
2226 1.103851714180527e-7
2227 1.103851714180527e-7
2228 1.103851714180527e-7
2229 1.103851714180527e-7
2230 1.103851714180527e-7
2231 1.103851714180527e-7
2232 1.1075847886621e-7
2233 1.1075847886621e-7
2234 1.1075847886621e-7
2235 1.1084659906980551e-7
2236 1.1084659906980551e-7
2237 1.1084659906980551e-7
2238 1.1084659906980551e-7
2239 1.1084659906980551e-7
2240 1.1084659906980551e-7
2241 1.1084659906980551e-7
2242 1.1084659906980551e-7
2243 1.1084659906980551e-7
2244 1.1084659906980551e-7
2245 1.1084659906980551e-7
2246 1.1084659906980551e-7
2247 1.1084659906980551e-7
2248 1.1084659906980551e-7
2249 1.1084659906980551e-7
2250 1.1084659906980551e-7
2251 1.1084659906980551e-7
2252 1.1084659906980551e-7
2253 1.1138813433069455e-7
2254 1.1138813433069455e-7
2255 1.1138813433069455e-7
2256 1.1138813433069455e-7
2257 1.1138813433069455e-7
2258 1.1138813433069455e-7
2259 1.1138813433069455e-7
2260 1.1161243930336731e-7
2261 1.1161243930336731e-7
2262 1.1203060689040453e-7
2263 1.1203060689040453e-7
2264 1.1203060689040453e-7
2265 1.1203060689040453e-7
2266 1.1203060689040453e-7
2267 1.1203060689040453e-7
2268 1.1203060689040453e-7
2269 1.1203060689040453e-7
2270 1.1203060689040453e-7
2271 1.1203060689040453e-7
2272 1.1203060689040453e-7
2273 1.1203060689040453e-7
2274 1.1203060689040453e-7
2275 1.1203060689040453e-7
2276 1.1203060689040453e-7
2277 1.1203060689040453e-7
2278 1.1203060689040453e-7
2279 1.1203060689040453e-7
2280 1.1203060689040453e-7
2281 1.1203060689040453e-7
2282 1.1252407758581183e-7
2283 1.1252407758581183e-7
2284 1.1252407758581183e-7
2285 1.1252407758581183e-7
2286 1.1252407758581183e-7
2287 1.1252407758581183e-7
2288 1.1252407758581183e-7
2289 1.1252407758581183e-7
2290 1.1252407758581183e-7
2291 1.1252407758581183e-7
2292 1.1365040756112363e-7
2293 1.1365040756112363e-7
2294 1.1365040756112363e-7
2295 1.1365040756112363e-7
2296 1.1365040756112363e-7
2297 1.1365040756112363e-7
2298 1.1365040756112363e-7
2299 1.1365040756112363e-7
2300 1.1365040756112363e-7
2301 1.1414868397966085e-7
2302 1.1414868397966085e-7
2303 1.1414868397966085e-7
2304 1.1414868397966085e-7
2305 1.1414868397966085e-7
2306 1.1414868397966085e-7
2307 1.1414868397966085e-7
2308 1.1469022046291366e-7
2309 1.1469022046291366e-7
2310 1.1469022046291366e-7
2311 1.1469022046291366e-7
2312 1.1469022046291366e-7
2313 1.1522534748178093e-7
2314 1.1537915629157729e-7
2315 1.1557942837032729e-7
2316 1.1557942837032729e-7
2317 1.1557942837032729e-7
2318 1.1557942837032729e-7
2319 1.1557942837032729e-7
2320 1.1557942837032729e-7
2321 1.1557942837032729e-7
2322 1.1557942837032729e-7
2323 1.1557942837032729e-7
2324 1.1557942837032729e-7
2325 1.1557942837032729e-7
2326 1.1557942837032729e-7
2327 1.1557942837032729e-7
2328 1.1600881175606184e-7
2329 1.1600881175606184e-7
2330 1.1600881175606184e-7
2331 1.1600881175606184e-7
2332 1.1600881175606184e-7
2333 1.1600881175606184e-7
2334 1.1600881175606184e-7
2335 1.1600881175606184e-7
2336 1.1665769255779358e-7
2337 1.1665769255779358e-7
2338 1.1665769255779358e-7
2339 1.1665769255779358e-7
2340 1.1665769255779358e-7
2341 1.1665769255779358e-7
2342 1.1665769255779358e-7
2343 1.1665769255779358e-7
2344 1.1665769255779358e-7
2345 1.173017676363954e-7
2346 1.173017676363954e-7
2347 1.173017676363954e-7
2348 1.173017676363954e-7
2349 1.1783208893213277e-7
2350 1.1783208893213277e-7
2351 1.1783208893213277e-7
2352 1.1833517290734554e-7
2353 1.1833517290734554e-7
2354 1.1884947207007376e-7
2355 1.1884947207007376e-7
2356 1.1884947207007376e-7
2357 1.1921637066502742e-7
2358 1.1933813643116928e-7
2359 1.1933813643116928e-7
2360 1.1949354775985748e-7
2361 1.1949354775985748e-7
2362 1.1949354775985748e-7
2363 1.1949354775985748e-7
2364 1.1949354775985748e-7
2365 1.1949354775985748e-7
2366 1.1949354775985748e-7
2367 1.1949354775985748e-7
2368 1.1949354775985748e-7
2369 1.1949354775985748e-7
2370 1.1949354775985748e-7
2371 1.1949354775985748e-7
2372 1.1981558499356744e-7
2373 1.1981558499356744e-7
2374 1.1981558499356744e-7
2375 1.1981558499356744e-7
2376 1.1981558499356744e-7
2377 1.1981558499356744e-7
2378 1.1981558499356744e-7
2379 1.1981558499356744e-7
2380 1.1981558499356744e-7
2381 1.1981558499356744e-7
2382 1.1981558499356744e-7
2383 1.1981558499356744e-7
2384 1.1981558499356744e-7
2385 1.1981558499356744e-7
2386 1.1981558499356744e-7
2387 1.1981558499356744e-7
2388 1.1981558499356744e-7
2389 1.1981558499356744e-7
2390 1.1981558499356744e-7
2391 1.1981558499356744e-7
2392 1.1981558499356744e-7
2393 1.1981558499356744e-7
2394 1.1981558499356744e-7
2395 1.1998060899087923e-7
2396 1.1998060899087923e-7
2397 1.1998060899087923e-7
2398 1.2048689678151196e-7
2399 1.2048689678151196e-7
2400 1.2048689678151196e-7
2401 1.2048689678151196e-7
2402 1.2048689678151196e-7
2403 1.2048689678151196e-7
2404 1.2048689678151196e-7
2405 1.2048689678151196e-7
2406 1.2048689678151196e-7
2407 1.2048689678151196e-7
2408 1.2048689678151196e-7
2409 1.2084738652326196e-7
2410 1.2084738652326196e-7
2411 1.2084738652326196e-7
2412 1.2084738652326196e-7
2413 1.2084738652326196e-7
2414 1.2084738652326196e-7
2415 1.2084738652326196e-7
2416 1.2084738652326196e-7
2417 1.212062737461201e-7
2418 1.212062737461201e-7
2419 1.2169493688485184e-7
2420 1.2169493688485184e-7
2421 1.2169493688485184e-7
2422 1.2169493688485184e-7
2423 1.2169493688485184e-7
2424 1.221547620177128e-7
2425 1.221547620177128e-7
2426 1.2247679986260465e-7
2427 1.2258734921886728e-7
2428 1.2258734921886728e-7
2429 1.2258734921886728e-7
2430 1.2351661154203091e-7
2431 1.2351661154203091e-7
2432 1.2351661154203091e-7
2433 1.2351661154203091e-7
2434 1.2351661154203091e-7
2435 1.2351661154203091e-7
2436 1.2351661154203091e-7
2437 1.2351661154203091e-7
2438 1.2351661154203091e-7
2439 1.2351661154203091e-7
2440 1.2351661154203091e-7
2441 1.2351661154203091e-7
2442 1.2351661154203091e-7
2443 1.2351661154203091e-7
2444 1.2351661154203091e-7
2445 1.2351661154203091e-7
2446 1.2351661154203091e-7
2447 1.2351661154203091e-7
2448 1.2351661154203091e-7
2449 1.2351661154203091e-7
2450 1.2351661154203091e-7
2451 1.2351661154203091e-7
2452 1.2351661154203091e-7
2453 1.2351661154203091e-7
2454 1.2351661154203091e-7
2455 1.2351661154203091e-7
2456 1.2351661154203091e-7
2457 1.2351661154203091e-7
2458 1.2351661154203091e-7
2459 1.2351661154203091e-7
2460 1.2351661154203091e-7
2461 1.2351661154203091e-7
2462 1.2351661154203091e-7
2463 1.2387549876488906e-7
2464 1.2387549876488906e-7
2465 1.2387549876488906e-7
2466 1.247903420851173e-7
2467 1.247903420851173e-7
2468 1.247903420851173e-7
2469 1.247903420851173e-7
2470 1.247903420851173e-7
2471 1.247903420851173e-7
2472 1.247903420851173e-7
2473 1.247903420851173e-7
2474 1.247903420851173e-7
2475 1.247903420851173e-7
2476 1.247903420851173e-7
2477 1.252533710333982e-7
2478 1.252533710333982e-7
2479 1.252533710333982e-7
2480 1.252533710333982e-7
2481 1.252533710333982e-7
2482 1.252533710333982e-7
2483 1.252533710333982e-7
2484 1.265014655524881e-7
2485 1.265014655524881e-7
2486 1.265014655524881e-7
2487 1.2699333434018542e-7
2488 1.2699333434018542e-7
2489 1.2699333434018542e-7
2490 1.2699333434018542e-7
2491 1.2699333434018542e-7
2492 1.2699333434018542e-7
2493 1.2699333434018542e-7
2494 1.2699333434018542e-7
2495 1.2699333434018542e-7
2496 1.2699333434018542e-7
2497 1.2699333434018542e-7
2498 1.2699333434018542e-7
2499 1.2699333434018542e-7
2500 1.2699333434018542e-7
2501 1.2699333434018542e-7
2502 1.2699333434018542e-7
2503 1.2699333434018542e-7
2504 1.2826225793777812e-7
2505 1.2826225793777812e-7
2506 1.2826225793777812e-7
2507 1.2826225793777812e-7
2508 1.2826225793777812e-7
2509 1.2826225793777812e-7
2510 1.2826225793777812e-7
2511 1.2878616976912995e-7
2512 1.2878616976912995e-7
2513 1.2943665370093544e-7
2514 1.2943665370093544e-7
2515 1.2943665370093544e-7
2516 1.2978913207058993e-7
2517 1.2978913207058993e-7
2518 1.3010796487769807e-7
2519 1.3010796487769807e-7
2520 1.3010796487769807e-7
2521 1.3010796487769807e-7
2522 1.3010796487769807e-7
2523 1.3010796487769807e-7
2524 1.3010796487769807e-7
2525 1.3010796487769807e-7
2526 1.3010796487769807e-7
2527 1.3010796487769807e-7
2528 1.304620463774263e-7
2529 1.304620463774263e-7
2530 1.304620463774263e-7
2531 1.304620463774263e-7
2532 1.307969007063617e-7
2533 1.307969007063617e-7
2534 1.307969007063617e-7
2535 1.307969007063617e-7
2536 1.307969007063617e-7
2537 1.307969007063617e-7
2538 1.307969007063617e-7
2539 1.307969007063617e-7
2540 1.307969007063617e-7
2541 1.307969007063617e-7
2542 1.3171014211887995e-7
2543 1.3171014211887995e-7
2544 1.3171014211887995e-7
2545 1.3171014211887995e-7
2546 1.3171014211887995e-7
2547 1.3171014211887995e-7
2548 1.3171014211887995e-7
2549 1.321843862546763e-7
2550 1.321843862546763e-7
2551 1.321843862546763e-7
2552 1.321843862546763e-7
2553 1.321843862546763e-7
2554 1.3237825009140452e-7
2555 1.3237825009140452e-7
2556 1.3237825009140452e-7
2557 1.3237825009140452e-7
2558 1.3237825009140452e-7
2559 1.3391633941173176e-7
2560 1.3418710765335818e-7
2561 1.3418710765335818e-7
2562 1.3418710765335818e-7
2563 1.3468858849849722e-7
2564 1.3468858849849722e-7
2565 1.3468858849849722e-7
2566 1.3468858849849722e-7
2567 1.3468858849849722e-7
2568 1.3468858849849722e-7
2569 1.3468858849849722e-7
2570 1.3468858849849722e-7
2571 1.3468858849849722e-7
2572 1.3468858849849722e-7
2573 1.3468858849849722e-7
2574 1.3508272319161168e-7
2575 1.3508272319161168e-7
2576 1.3508272319161168e-7
2577 1.3508272319161168e-7
2578 1.3508272319161168e-7
2579 1.3508272319161168e-7
2580 1.3508272319161168e-7
2581 1.3508272319161168e-7
2582 1.3508272319161168e-7
2583 1.3508272319161168e-7
2584 1.3508272319161168e-7
2585 1.3508272319161168e-7
2586 1.3508272319161168e-7
2587 1.3508272319161168e-7
2588 1.3508272319161168e-7
2589 1.3508272319161168e-7
2590 1.3508272319161168e-7
2591 1.3508272319161168e-7
2592 1.3508272319161168e-7
2593 1.3592546905243542e-7
2594 1.3592546905243542e-7
2595 1.3592546905243542e-7
2596 1.3592546905243542e-7
2597 1.3592546905243542e-7
2598 1.3592546905243542e-7
2599 1.3592546905243542e-7
2600 1.3592546905243542e-7
2601 1.3592546905243542e-7
2602 1.3592546905243542e-7
2603 1.3592546905243542e-7
2604 1.3669291180488907e-7
2605 1.3669291180488907e-7
2606 1.3669291180488907e-7
2607 1.3669291180488907e-7
2608 1.3669291180488907e-7
2609 1.3669291180488907e-7
2610 1.3669291180488907e-7
2611 1.3669291180488907e-7
2612 1.3669291180488907e-7
2613 1.3669291180488907e-7
2614 1.3669291180488907e-7
2615 1.3669291180488907e-7
2616 1.3669291180488907e-7
2617 1.375420652965527e-7
2618 1.375420652965527e-7
2619 1.3819575365496e-7
2620 1.3819575365496e-7
2621 1.3819575365496e-7
2622 1.3819575365496e-7
2623 1.3819575365496e-7
2624 1.3819575365496e-7
2625 1.3819575365496e-7
2626 1.3819575365496e-7
2627 1.3819575365496e-7
2628 1.3819575365496e-7
2629 1.3819575365496e-7
2630 1.3819575365496e-7
2631 1.3819575365496e-7
2632 1.3819575365496e-7
2633 1.3819575365496e-7
2634 1.3819575365496e-7
2635 1.3819575365496e-7
2636 1.3819575365496e-7
2637 1.3819575365496e-7
2638 1.3819575365496e-7
2639 1.3819575365496e-7
2640 1.3819575365496e-7
2641 1.3819575365496e-7
2642 1.3819575365496e-7
2643 1.3819575365496e-7
2644 1.3819575365496e-7
2645 1.3819575365496e-7
2646 1.3819575365496e-7
2647 1.3884303254898178e-7
2648 1.3884303254898178e-7
2649 1.3884303254898178e-7
2650 1.3884303254898178e-7
2651 1.3884303254898178e-7
2652 1.3884303254898178e-7
2653 1.3884303254898178e-7
2654 1.3884303254898178e-7
2655 1.3884303254898178e-7
2656 1.3884303254898178e-7
2657 1.3884303254898178e-7
2658 1.3884303254898178e-7
2659 1.3950793609490452e-7
2660 1.3950793609490452e-7
2661 1.3950793609490452e-7
2662 1.3950793609490452e-7
2663 1.3950793609490452e-7
2664 1.3950793609490452e-7
2665 1.3950793609490452e-7
2666 1.3950793609490452e-7
2667 1.3950793609490452e-7
2668 1.3950793609490452e-7
2669 1.3950793609490452e-7
2670 1.3950793609490452e-7
2671 1.396024645405218e-7
2672 1.396024645405218e-7
2673 1.401664313988055e-7
2674 1.401664313988055e-7
2675 1.401664313988055e-7
2676 1.401664313988055e-7
2677 1.401664313988055e-7
2678 1.401664313988055e-7
2679 1.401664313988055e-7
2680 1.401664313988055e-7
2681 1.401664313988055e-7
2682 1.401664313988055e-7
2683 1.401664313988055e-7
2684 1.401664313988055e-7
2685 1.401664313988055e-7
2686 1.401664313988055e-7
2687 1.401664313988055e-7
2688 1.401664313988055e-7
2689 1.401664313988055e-7
2690 1.401664313988055e-7
2691 1.401664313988055e-7
2692 1.401664313988055e-7
2693 1.401664313988055e-7
2694 1.4025455038003723e-7
2695 1.4025455038003723e-7
2696 1.4025455038003723e-7
2697 1.4025455038003723e-7
2698 1.414802151352781e-7
2699 1.414802151352781e-7
2700 1.414802151352781e-7
2701 1.414802151352781e-7
2702 1.414802151352781e-7
2703 1.4215312944211447e-7
2704 1.4215312944211447e-7
2705 1.4215312944211447e-7
2706 1.4215312944211447e-7
2707 1.4215312944211447e-7
2708 1.4225566925982724e-7
2709 1.4225566925982724e-7
2710 1.4225566925982724e-7
2711 1.430599613902472e-7
2712 1.430599613902472e-7
2713 1.430599613902472e-7
2714 1.430599613902472e-7
2715 1.430599613902472e-7
2716 1.430599613902472e-7
2717 1.4356945360748174e-7
2718 1.4356945360748174e-7
2719 1.4356945360748174e-7
2720 1.4356945360748174e-7
2721 1.441414306154972e-7
2722 1.441414306154972e-7
2723 1.441414306154972e-7
2724 1.441414306154972e-7
2725 1.441414306154972e-7
2726 1.441414306154972e-7
2727 1.4451473867483639e-7
2728 1.4451473867483639e-7
2729 1.4451473867483639e-7
2730 1.4451473867483639e-7
2731 1.4451473867483639e-7
2732 1.4451473867483639e-7
2733 1.4451473867483639e-7
2734 1.4451473867483639e-7
2735 1.4451473867483639e-7
2736 1.4451473867483639e-7
2737 1.4451473867483639e-7
2738 1.4451473867483639e-7
2739 1.4451473867483639e-7
2740 1.4451473867483639e-7
2741 1.4451473867483639e-7
2742 1.4451473867483639e-7
2743 1.4451473867483639e-7
2744 1.4451473867483639e-7
2745 1.4451473867483639e-7
2746 1.4512997391402178e-7
2747 1.4512997391402178e-7
2748 1.4512997391402178e-7
2749 1.4512997391402178e-7
2750 1.4512997391402178e-7
2751 1.4512997391402178e-7
2752 1.4512997391402178e-7
2753 1.4512997391402178e-7
2754 1.4512997391402178e-7
2755 1.4512997391402178e-7
2756 1.4512997391402178e-7
2757 1.4512997391402178e-7
2758 1.4512997391402178e-7
2759 1.4512997391402178e-7
2760 1.4512997391402178e-7
2761 1.4512997391402178e-7
2762 1.4512997391402178e-7
2763 1.4512997391402178e-7
2764 1.4512997391402178e-7
2765 1.4512997391402178e-7
2766 1.4512997391402178e-7
2767 1.4512997391402178e-7
2768 1.4512997391402178e-7
2769 1.4512997391402178e-7
2770 1.4512997391402178e-7
2771 1.4512997391402178e-7
2772 1.4512997391402178e-7
2773 1.458813945334663e-7
2774 1.458813945334663e-7
2775 1.458813945334663e-7
2776 1.458813945334663e-7
2777 1.458813945334663e-7
2778 1.458813945334663e-7
2779 1.458813945334663e-7
2780 1.458813945334663e-7
2781 1.458813945334663e-7
2782 1.4651585633226264e-7
2783 1.4651585633226264e-7
2784 1.4651585633226264e-7
2785 1.4651585633226264e-7
2786 1.4651585633226264e-7
2787 1.4651585633226264e-7
2788 1.4651585633226264e-7
2789 1.4651585633226264e-7
2790 1.4651585633226264e-7
2791 1.4651585633226264e-7
2792 1.4651585633226264e-7
2793 1.4651585633226264e-7
2794 1.4651585633226264e-7
2795 1.4651585633226264e-7
2796 1.4651585633226264e-7
2797 1.4651585633226264e-7
2798 1.4651585633226264e-7
2799 1.4651585633226264e-7
2800 1.4651585633226264e-7
2801 1.4651585633226264e-7
2802 1.4651585633226264e-7
2803 1.4651585633226264e-7
2804 1.474483224708462e-7
2805 1.474483224708462e-7
2806 1.4786168372357161e-7
2807 1.4786168372357161e-7
2808 1.4786168372357161e-7
2809 1.4786168372357161e-7
2810 1.4786168372357161e-7
2811 1.4786168372357161e-7
2812 1.4786168372357161e-7
2813 1.4786168372357161e-7
2814 1.4786168372357161e-7
2815 1.4786168372357161e-7
2816 1.4786168372357161e-7
2817 1.4786168372357161e-7
2818 1.4786168372357161e-7
2819 1.4786168372357161e-7
2820 1.4786168372357161e-7
2821 1.4786168372357161e-7
2822 1.4855061955223524e-7
2823 1.4855061955223524e-7
2824 1.4855061955223524e-7
2825 1.4855061955223524e-7
2826 1.4905210100855617e-7
2827 1.4905210100855617e-7
2828 1.4905210100855617e-7
2829 1.4905210100855617e-7
2830 1.4905210100855617e-7
2831 1.4905210100855617e-7
2832 1.4905210100855617e-7
2833 1.4905210100855617e-7
2834 1.4905210100855617e-7
2835 1.4905210100855617e-7
2836 1.492235344702535e-7
2837 1.492235344702535e-7
2838 1.492235344702535e-7
2839 1.492235344702535e-7
2840 1.492235344702535e-7
2841 1.492235344702535e-7
2842 1.492235344702535e-7
2843 1.492235344702535e-7
2844 1.492235344702535e-7
2845 1.4970578936696345e-7
2846 1.4970578936696345e-7
2847 1.4970578936696345e-7
2848 1.4994611586146346e-7
2849 1.4994611586146346e-7
2850 1.4994611586146346e-7
2851 1.4994611586146346e-7
2852 1.4994611586146346e-7
2853 1.4994611586146346e-7
2854 1.4994611586146346e-7
2855 1.4994611586146346e-7
2856 1.4994611586146346e-7
2857 1.4994611586146346e-7
2858 1.4994611586146346e-7
2859 1.4994611586146346e-7
2860 1.4994611586146346e-7
2861 1.4994611586146346e-7
2862 1.4994611586146346e-7
2863 1.4994611586146346e-7
2864 1.4994611586146346e-7
2865 1.4994611586146346e-7
2866 1.4994611586146346e-7
2867 1.5023450753262708e-7
2868 1.5023450753262708e-7
2869 1.5023450753262708e-7
2870 1.5023450753262708e-7
2871 1.5023450753262708e-7
2872 1.5023450753262708e-7
2873 1.5023450753262708e-7
2874 1.5023450753262708e-7
2875 1.5023450753262708e-7
2876 1.5023450753262708e-7
2877 1.5023450753262708e-7
2878 1.5023450753262708e-7
2879 1.5023450753262708e-7
2880 1.5023450753262708e-7
2881 1.5023450753262708e-7
2882 1.5023450753262708e-7
2883 1.5023450753262708e-7
2884 1.5023450753262708e-7
2885 1.5023450753262708e-7
2886 1.5023450753262708e-7
2887 1.506478687853525e-7
2888 1.506478687853525e-7
2889 1.506478687853525e-7
2890 1.506478687853525e-7
2891 1.51279126157547e-7
2892 1.51279126157547e-7
2893 1.51279126157547e-7
2894 1.51279126157547e-7
2895 1.51279126157547e-7
2896 1.51279126157547e-7
2897 1.51279126157547e-7
2898 1.51279126157547e-7
2899 1.51279126157547e-7
2900 1.51279126157547e-7
2901 1.51279126157547e-7
2902 1.51279126157547e-7
2903 1.51279126157547e-7
2904 1.51279126157547e-7
2905 1.51279126157547e-7
2906 1.51279126157547e-7
2907 1.51279126157547e-7
2908 1.51279126157547e-7
2909 1.51279126157547e-7
2910 1.51279126157547e-7
2911 1.51279126157547e-7
2912 1.51279126157547e-7
2913 1.51279126157547e-7
2914 1.51279126157547e-7
2915 1.51279126157547e-7
2916 1.51279126157547e-7
2917 1.51279126157547e-7
2918 1.51279126157547e-7
2919 1.51279126157547e-7
2920 1.51279126157547e-7
2921 1.51279126157547e-7
2922 1.51279126157547e-7
2923 1.51279126157547e-7
2924 1.51279126157547e-7
2925 1.51279126157547e-7
2926 1.51279126157547e-7
2927 1.51279126157547e-7
2928 1.51279126157547e-7
2929 1.51279126157547e-7
2930 1.51279126157547e-7
2931 1.51279126157547e-7
2932 1.51279126157547e-7
2933 1.51279126157547e-7
2934 1.51279126157547e-7
2935 1.51279126157547e-7
2936 1.51279126157547e-7
2937 1.51279126157547e-7
2938 1.51279126157547e-7
2939 1.51279126157547e-7
2940 1.51279126157547e-7
2941 1.51279126157547e-7
2942 1.51279126157547e-7
2943 1.51279126157547e-7
2944 1.51279126157547e-7
2945 1.51279126157547e-7
2946 1.51279126157547e-7
2947 1.51279126157547e-7
2948 1.51279126157547e-7
2949 1.51279126157547e-7
2950 1.51279126157547e-7
2951 1.51279126157547e-7
2952 1.51279126157547e-7
2953 1.51279126157547e-7
2954 1.51279126157547e-7
2955 1.51279126157547e-7
2956 1.51279126157547e-7
2957 1.5139288055159336e-7
2958 1.5139288055159336e-7
2959 1.5139288055159336e-7
2960 1.5139288055159336e-7
2961 1.5139288055159336e-7
2962 1.5139288055159336e-7
2963 1.5139288055159336e-7
2964 1.5139288055159336e-7
2965 1.5139288055159336e-7
2966 1.5139288055159336e-7
2967 1.5139288055159336e-7
2968 1.5139288055159336e-7
2969 1.5139288055159336e-7
2970 1.5139288055159336e-7
2971 1.5139288055159336e-7
2972 1.5139288055159336e-7
2973 1.5139288055159336e-7
2974 1.5139288055159336e-7
2975 1.5139288055159336e-7
2976 1.5139288055159336e-7
2977 1.5139288055159336e-7
2978 1.5139288055159336e-7
2979 1.5139288055159336e-7
2980 1.5139288055159336e-7
2981 1.5139288055159336e-7
2982 1.5139288055159336e-7
2983 1.5139288055159336e-7
2984 1.5139288055159336e-7
2985 1.5139288055159336e-7
2986 1.5139288055159336e-7
2987 1.5145216091577242e-7
2988 1.5145216091577242e-7
2989 1.5145216091577242e-7
2990 1.5145216091577242e-7
2991 1.5145216091577242e-7
2992 1.5145216091577242e-7
2993 1.5145216091577242e-7
2994 1.5145216091577242e-7
2995 1.5145216091577242e-7
2996 1.5145216091577242e-7
2997 1.5189916895340795e-7
2998 1.5189916895340795e-7
2999 1.5189916895340795e-7
3000 1.5189916895340795e-7
3001 1.5189916895340795e-7
3002 1.5189916895340795e-7
3003 1.5189916895340795e-7
3004 1.5189916895340795e-7
3005 1.5189916895340795e-7
3006 1.5189916895340795e-7
3007 1.5189916895340795e-7
3008 1.5189916895340795e-7
3009 1.5189916895340795e-7
3010 1.5189916895340795e-7
3011 1.5189916895340795e-7
3012 1.5189916895340795e-7
3013 1.5189916895340795e-7
3014 1.5189916895340795e-7
3015 1.520177296817661e-7
3016 1.520177296817661e-7
3017 1.520177296817661e-7
3018 1.5247434977684334e-7
3019 1.5247434977684334e-7
3020 1.529566046735533e-7
3021 1.529566046735533e-7
3022 1.5339560072791143e-7
3023 1.5339560072791143e-7
3024 1.5339560072791143e-7
3025 1.5339560072791143e-7
3026 1.5339560072791143e-7
3027 1.5339560072791143e-7
3028 1.5339560072791143e-7
3029 1.5339560072791143e-7
3030 1.5339560072791143e-7
3031 1.5339560072791143e-7
3032 1.5339560072791143e-7
3033 1.5339560072791143e-7
3034 1.5339560072791143e-7
3035 1.5339560072791143e-7
3036 1.5339560072791143e-7
3037 1.5339560072791143e-7
3038 1.5339560072791143e-7
3039 1.5339560072791143e-7
3040 1.5339560072791143e-7
3041 1.5339560072791143e-7
3042 1.5339560072791143e-7
3043 1.5339560072791143e-7
3044 1.5339560072791143e-7
3045 1.5339560072791143e-7
3046 1.5339560072791143e-7
3047 1.5339560072791143e-7
3048 1.5339560072791143e-7
3049 1.5339560072791143e-7
3050 1.5339560072791143e-7
3051 1.5339560072791143e-7
3052 1.5339560072791143e-7
3053 1.5394995369520778e-7
3054 1.5394995369520778e-7
3055 1.5419188209741777e-7
3056 1.5419188209741777e-7
3057 1.5437613204315864e-7
3058 1.5485678503215865e-7
3059 1.5485678503215865e-7
3060 1.5485678503215865e-7
3061 1.5485678503215865e-7
3062 1.5485678503215865e-7
3063 1.5485678503215865e-7
3064 1.5485678503215865e-7
3065 1.5485678503215865e-7
3066 1.5485678503215865e-7
3067 1.5485678503215865e-7
3068 1.5485678503215865e-7
3069 1.5485678503215865e-7
3070 1.5485678503215865e-7
3071 1.5485678503215865e-7
3072 1.5485678503215865e-7
3073 1.5485678503215865e-7
3074 1.5485678503215865e-7
3075 1.5485678503215865e-7
3076 1.5485678503215865e-7
3077 1.5485678503215865e-7
3078 1.5485678503215865e-7
3079 1.5485678503215865e-7
3080 1.5485678503215865e-7
3081 1.5485678503215865e-7
3082 1.5485678503215865e-7
3083 1.5485678503215865e-7
3084 1.5485678503215865e-7
3085 1.5485678503215865e-7
3086 1.5485678503215865e-7
3087 1.5485678503215865e-7
3088 1.5485678503215865e-7
3089 1.5485678503215865e-7
3090 1.5485678503215865e-7
3091 1.5485678503215865e-7
3092 1.5485678503215865e-7
3093 1.5485678503215865e-7
3094 1.5537108419488688e-7
3095 1.5537108419488688e-7
3096 1.5537108419488688e-7
3097 1.5537108419488688e-7
3098 1.5537108419488688e-7
3099 1.5537108419488688e-7
3100 1.5537108419488688e-7
3101 1.5537108419488688e-7
3102 1.5537108419488688e-7
3103 1.5537108419488688e-7
3104 1.5537108419488688e-7
3105 1.5537108419488688e-7
3106 1.5609366558609685e-7
3107 1.5609366558609685e-7
3108 1.5612090290662144e-7
3109 1.5612090290662144e-7
3110 1.5612090290662144e-7
3111 1.5612090290662144e-7
3112 1.5612090290662144e-7
3113 1.5612090290662144e-7
3114 1.5612090290662144e-7
3115 1.5673453623809685e-7
3116 1.5716872656932508e-7
3117 1.5716872656932508e-7
3118 1.5716872656932508e-7
3119 1.5716872656932508e-7
3120 1.5716872656932508e-7
3121 1.5716872656932508e-7
3122 1.5716872656932508e-7
3123 1.5716872656932508e-7
3124 1.5716872656932508e-7
3125 1.5716872656932508e-7
3126 1.5716872656932508e-7
3127 1.5716872656932508e-7
3128 1.5716872656932508e-7
3129 1.5716872656932508e-7
3130 1.5716872656932508e-7
3131 1.5716872656932508e-7
3132 1.5806914966425414e-7
3133 1.5806914966425414e-7
3134 1.5806914966425414e-7
3135 1.5845046787332505e-7
3136 1.5845046787332505e-7
3137 1.5845046787332505e-7
3138 1.5845046787332505e-7
3139 1.5881736646827871e-7
3140 1.5881736646827871e-7
3141 1.5881736646827871e-7
3142 1.5927558969342968e-7
3143 1.5927558969342968e-7
3144 1.595591750302815e-7
3145 1.595591750302815e-7
3146 1.595591750302815e-7
3147 1.595591750302815e-7
3148 1.595591750302815e-7
3149 1.595591750302815e-7
3150 1.595591750302815e-7
3151 1.595591750302815e-7
3152 1.595591750302815e-7
3153 1.595591750302815e-7
3154 1.595591750302815e-7
3155 1.595591750302815e-7
3156 1.595591750302815e-7
3157 1.595591750302815e-7
3158 1.595591750302815e-7
3159 1.595591750302815e-7
3160 1.595591750302815e-7
3161 1.6067749424467968e-7
3162 1.6067749424467968e-7
3163 1.6067749424467968e-7
3164 1.6067749424467968e-7
3165 1.6067749424467968e-7
3166 1.6067749424467968e-7
3167 1.6067749424467968e-7
3168 1.6067749424467968e-7
3169 1.615570900946516e-7
3170 1.615570900946516e-7
3171 1.615570900946516e-7
3172 1.615570900946516e-7
3173 1.615570900946516e-7
3174 1.615570900946516e-7
3175 1.615570900946516e-7
3176 1.615570900946516e-7
3177 1.615570900946516e-7
3178 1.617429431704662e-7
3179 1.617429431704662e-7
3180 1.617429431704662e-7
3181 1.617429431704662e-7
3182 1.617429431704662e-7
3183 1.617429431704662e-7
3184 1.617429431704662e-7
3185 1.617429431704662e-7
3186 1.617429431704662e-7
3187 1.617429431704662e-7
3188 1.617429431704662e-7
3189 1.617429431704662e-7
3190 1.6243187961031172e-7
3191 1.6243187961031172e-7
3192 1.6243187961031172e-7
3193 1.6243187961031172e-7
3194 1.6201050759667266e-7
3195 1.6284524147421902e-7
3196 1.6284524147421902e-7
3197 1.630246850856481e-7
3198 1.630246850856481e-7
3199 1.630246850856481e-7
3200 1.630246850856481e-7
3201 1.630246850856481e-7
3202 1.630246850856481e-7
3203 1.630246850856481e-7
3204 1.630246850856481e-7
3205 1.630246850856481e-7
3206 1.630246850856481e-7
3207 1.630246850856481e-7
3208 1.630246850856481e-7
3209 1.630246850856481e-7
3210 1.630246850856481e-7
3211 1.630246850856481e-7
3212 1.630246850856481e-7
3213 1.630246850856481e-7
3214 1.630246850856481e-7
3215 1.630246850856481e-7
3216 1.630246850856481e-7
3217 1.630246850856481e-7
3218 1.630246850856481e-7
3219 1.630246850856481e-7
3220 1.630246850856481e-7
3221 1.630246850856481e-7
3222 1.630246850856481e-7
3223 1.630246850856481e-7
3224 1.630246850856481e-7
3225 1.630246850856481e-7
3226 1.630246850856481e-7
3227 1.630246850856481e-7
3228 1.630246850856481e-7
3229 1.630246850856481e-7
3230 1.630246850856481e-7
3231 1.630246850856481e-7
3232 1.630246850856481e-7
3233 1.630246850856481e-7
3234 1.630246850856481e-7
3235 1.630246850856481e-7
3236 1.630246850856481e-7
3237 1.630246850856481e-7
3238 1.630246850856481e-7
3239 1.630246850856481e-7
3240 1.6357583301516074e-7
3241 1.6357583301516074e-7
3242 1.6357583301516074e-7
3243 1.6357583301516074e-7
3244 1.6357583301516074e-7
3245 1.6357583301516074e-7
3246 1.6357583301516074e-7
3247 1.6357583301516074e-7
3248 1.6357583301516074e-7
3249 1.6357583301516074e-7
3250 1.6357583301516074e-7
3251 1.6357583301516074e-7
3252 1.6357583301516074e-7
3253 1.6357583301516074e-7
3254 1.6357583301516074e-7
3255 1.6357583301516074e-7
3256 1.6357583301516074e-7
3257 1.6357583301516074e-7
3258 1.6357583301516074e-7
3259 1.6357583301516074e-7
3260 1.6357583301516074e-7
3261 1.6357583301516074e-7
3262 1.6357583301516074e-7
3263 1.6357583301516074e-7
3264 1.6357583301516074e-7
3265 1.6413178789016707e-7
3266 1.6413178789016707e-7
3267 1.6413178789016707e-7
3268 1.6413178789016707e-7
3269 1.6413178789016707e-7
3270 1.6413178789016707e-7
3271 1.6413178789016707e-7
3272 1.6413178789016707e-7
3273 1.6413178789016707e-7
3274 1.6473420603412704e-7
3275 1.6473420603412704e-7
3276 1.6473420603412704e-7
3277 1.6473420603412704e-7
3278 1.6473420603412704e-7
3279 1.6473420603412704e-7
3280 1.6473420603412704e-7
3281 1.6521325711541707e-7
3282 1.6556092915075976e-7
3283 1.6556092915075976e-7
3284 1.6556092915075976e-7
3285 1.6556092915075976e-7
3286 1.6556092915075976e-7
3287 1.6556092915075976e-7
3288 1.6556092915075976e-7
3289 1.6556092915075976e-7
3290 1.6556092915075976e-7
3291 1.6556092915075976e-7
3292 1.6556092915075976e-7
3293 1.6556092915075976e-7
3294 1.656666727838925e-7
3295 1.656666727838925e-7
3296 1.656666727838925e-7
3297 1.656666727838925e-7
3298 1.656666727838925e-7
3299 1.6579004045774432e-7
3300 1.6579004045774432e-7
3301 1.6579004045774432e-7
3302 1.6579004045774432e-7
3303 1.6588136447675977e-7
3304 1.6588136447675977e-7
3305 1.6588136447675977e-7
3306 1.6588136447675977e-7
3307 1.6588136447675977e-7
3308 1.6588136447675977e-7
3309 1.6588136447675977e-7
3310 1.6609124983531526e-7
3311 1.6609124983531526e-7
3312 1.661777681312008e-7
3313 1.665686996200772e-7
3314 1.665686996200772e-7
3315 1.665686996200772e-7
3316 1.665686996200772e-7
3317 1.665686996200772e-7
3318 1.665686996200772e-7
3319 1.6674974513921625e-7
3320 1.6674974513921625e-7
3321 1.6696283431319167e-7
3322 1.6696283431319167e-7
3323 1.6696283431319167e-7
3324 1.6758127397897888e-7
3325 1.6758127397897888e-7
3326 1.6758127397897888e-7
3327 1.6758127397897888e-7
3328 1.6758127397897888e-7
3329 1.6758127397897888e-7
3330 1.679946352317043e-7
3331 1.679946352317043e-7
3332 1.679946352317043e-7
3333 1.679946352317043e-7
3334 1.6804590483496973e-7
3335 1.6804590483496973e-7
3336 1.6804590483496973e-7
3337 1.6804590483496973e-7
3338 1.6804590483496973e-7
3339 1.6804590483496973e-7
3340 1.6804590483496973e-7
3341 1.6804590483496973e-7
3342 1.6804590483496973e-7
3343 1.6804590483496973e-7
3344 1.6804590483496973e-7
3345 1.6804590483496973e-7
3346 1.6829744712816706e-7
3347 1.6829744712816706e-7
3348 1.6829744712816706e-7
3349 1.6829744712816706e-7
3350 1.6829744712816706e-7
3351 1.6829744712816706e-7
3352 1.6829744712816706e-7
3353 1.6829744712816706e-7
3354 1.6829744712816706e-7
3355 1.6829744712816706e-7
3356 1.6829744712816706e-7
3357 1.6829744712816706e-7
3358 1.6829744712816706e-7
3359 1.6865953877762704e-7
3360 1.6865953877762704e-7
3361 1.6865953877762704e-7
3362 1.6865953877762704e-7
3363 1.6865953877762704e-7
3364 1.6865953877762704e-7
3365 1.6865953877762704e-7
3366 1.6865953877762704e-7
3367 1.6865953877762704e-7
3368 1.6865953877762704e-7
3369 1.6865953877762704e-7
3370 1.6865953877762704e-7
3371 1.6865953877762704e-7
3372 1.6865953877762704e-7
3373 1.6865953877762704e-7
3374 1.6865953877762704e-7
3375 1.6865953877762704e-7
3376 1.6865953877762704e-7
3377 1.6865953877762704e-7
3378 1.6865953877762704e-7
3379 1.6865953877762704e-7
3380 1.6865953877762704e-7
3381 1.6865953877762704e-7
3382 1.6865953877762704e-7
3383 1.6888384313911791e-7
3384 1.6888384313911791e-7
3385 1.6891748870166425e-7
3386 1.6891748870166425e-7
3387 1.6910334116629697e-7
3388 1.6910334116629697e-7
3389 1.6910334116629697e-7
3390 1.6910334116629697e-7
3391 1.6910334116629697e-7
3392 1.6910334116629697e-7
3393 1.6910334116629697e-7
3394 1.6910334116629697e-7
3395 1.6910334116629697e-7
3396 1.6910334116629697e-7
3397 1.6910334116629697e-7
3398 1.6910334116629697e-7
3399 1.6910334116629697e-7
3400 1.6910334116629697e-7
3401 1.6910334116629697e-7
3402 1.6910334116629697e-7
3403 1.6910334116629697e-7
3404 1.6910334116629697e-7
3405 1.6910334116629697e-7
3406 1.6910334116629697e-7
3407 1.6910334116629697e-7
3408 1.6910334116629697e-7
3409 1.6910334116629697e-7
3410 1.6910334116629697e-7
3411 1.6910334116629697e-7
3412 1.6910334116629697e-7
3413 1.6910334116629697e-7
3414 1.6910334116629697e-7
3415 1.6910334116629697e-7
3416 1.6910334116629697e-7
3417 1.6910334116629697e-7
3418 1.6910334116629697e-7
3419 1.6910334116629697e-7
3420 1.6910334116629697e-7
3421 1.6910334116629697e-7
3422 1.6910334116629697e-7
3423 1.6910334116629697e-7
3424 1.6910334116629697e-7
3425 1.6910334116629697e-7
3426 1.6910334116629697e-7
3427 1.6910334116629697e-7
3428 1.6910334116629697e-7
3429 1.6910334116629697e-7
3430 1.6910334116629697e-7
3431 1.6935328032942057e-7
3432 1.6935328032942057e-7
3433 1.7014315345690513e-7
3434 1.7014315345690513e-7
3435 1.7014315345690513e-7
3436 1.7014315345690513e-7
3437 1.7014315345690513e-7
3438 1.7014315345690513e-7
3439 1.7014315345690513e-7
3440 1.7014315345690513e-7
3441 1.7014315345690513e-7
3442 1.7014315345690513e-7
3443 1.7014315345690513e-7
3444 1.7014315345690513e-7
3445 1.7014315345690513e-7
3446 1.7014315345690513e-7
3447 1.7014315345690513e-7
3448 1.7014315345690513e-7
3449 1.7014315345690513e-7
3450 1.7080164753844234e-7
3451 1.7080164753844234e-7
3452 1.7080164753844234e-7
3453 1.7125987015241145e-7
3454 1.7125987015241145e-7
3455 1.7125987015241145e-7
3456 1.7125987015241145e-7
3457 1.7125987015241145e-7
3458 1.7125987015241145e-7
3459 1.7125987015241145e-7
3460 1.7125987015241145e-7
3461 1.7125987015241145e-7
3462 1.717597497010224e-7
3463 1.717597497010224e-7
3464 1.717597497010224e-7
3465 1.717597497010224e-7
3466 1.717597497010224e-7
3467 1.717597497010224e-7
3468 1.717597497010224e-7
3469 1.717597497010224e-7
3470 1.717597497010224e-7
3471 1.717597497010224e-7
3472 1.717597497010224e-7
3473 1.7215869195081242e-7
3474 1.7215869195081242e-7
3475 1.7215869195081242e-7
3476 1.7215869195081242e-7
3477 1.7215869195081242e-7
3478 1.7215869195081242e-7
3479 1.7215869195081242e-7
3480 1.7215869195081242e-7
3481 1.7245028804857787e-7
3482 1.7245028804857787e-7
3483 1.7293094164875974e-7
3484 1.7293094164875974e-7
3485 1.7293094164875974e-7
3486 1.7293094164875974e-7
3487 1.7293094164875974e-7
3488 1.7293094164875974e-7
3489 1.7293094164875974e-7
3490 1.7293094164875974e-7
3491 1.7293094164875974e-7
3492 1.7293094164875974e-7
3493 1.7293094164875974e-7
3494 1.7293094164875974e-7
3495 1.7293094164875974e-7
3496 1.7293094164875974e-7
3497 1.7293094164875974e-7
3498 1.7293094164875974e-7
3499 1.7293094164875974e-7
3500 1.7293094164875974e-7
3501 1.7293094164875974e-7
3502 1.7293094164875974e-7
3503 1.7293094164875974e-7
3504 1.7293094164875974e-7
3505 1.7293094164875974e-7
3506 1.7293094164875974e-7
3507 1.7293094164875974e-7
3508 1.7293094164875974e-7
3509 1.7293094164875974e-7
3510 1.7293094164875974e-7
3511 1.7293094164875974e-7
3512 1.7293094164875974e-7
3513 1.7293094164875974e-7
3514 1.7293094164875974e-7
3515 1.7293094164875974e-7
3516 1.7293094164875974e-7
3517 1.7293094164875974e-7
3518 1.7293094164875974e-7
3519 1.7293094164875974e-7
3520 1.7293094164875974e-7
3521 1.7293094164875974e-7
3522 1.7293094164875974e-7
3523 1.7293094164875974e-7
3524 1.7293094164875974e-7
3525 1.7293094164875974e-7
3526 1.7293094164875974e-7
3527 1.7293094164875974e-7
3528 1.7372722424062983e-7
3529 1.7372722424062983e-7
3530 1.7372722424062983e-7
3531 1.7372722424062983e-7
3532 1.7391788303957434e-7
3533 1.7391788303957434e-7
3534 1.7391788303957434e-7
3535 1.7391788303957434e-7
3536 1.7391788303957434e-7
3537 1.7391788303957434e-7
3538 1.7391788303957434e-7
3539 1.7391788303957434e-7
3540 1.7391788303957434e-7
3541 1.7391788303957434e-7
3542 1.7391788303957434e-7
3543 1.7391788303957434e-7
3544 1.7391788303957434e-7
3545 1.7391788303957434e-7
3546 1.7423831836557433e-7
3547 1.7423831836557433e-7
3548 1.7423831836557433e-7
3549 1.7492244847110805e-7
3550 1.7492244847110805e-7
3551 1.7492244847110805e-7
3552 1.7492244847110805e-7
3553 1.7492244847110805e-7
3554 1.7492244847110805e-7
3555 1.7492244847110805e-7
3556 1.7492244847110805e-7
3557 1.7492244847110805e-7
3558 1.7492244847110805e-7
3559 1.7492244847110805e-7
3560 1.7492244847110805e-7
3561 1.7492244847110805e-7
3562 1.7492244847110805e-7
3563 1.7492244847110805e-7
3564 1.7492244847110805e-7
3565 1.7492244847110805e-7
3566 1.7492244847110805e-7
3567 1.7516437687331803e-7
3568 1.7516437687331803e-7
3569 1.7516437687331803e-7
3570 1.7516437687331803e-7
3571 1.7516437687331803e-7
3572 1.7516437687331803e-7
3573 1.7516437687331803e-7
3574 1.7516437687331803e-7
3575 1.7516437687331803e-7
3576 1.7527492684076256e-7
3577 1.7527492684076256e-7
3578 1.7527492684076256e-7
3579 1.7527492684076256e-7
3580 1.7527492684076256e-7
3581 1.7577320387048167e-7
3582 1.7577320387048167e-7
3583 1.7577320387048167e-7
3584 1.7577320387048167e-7
3585 1.7605518729962352e-7
3586 1.7605518729962352e-7
3587 1.7605518729962352e-7
3588 1.7685467431809543e-7
3589 1.7685467431809543e-7
3590 1.7685467431809543e-7
3591 1.7685467431809543e-7
3592 1.7685467431809543e-7
3593 1.7685467431809543e-7
3594 1.7685467431809543e-7
3595 1.7685467431809543e-7
3596 1.7685467431809543e-7
3597 1.7685467431809543e-7
3598 1.7685467431809543e-7
3599 1.7685467431809543e-7
3600 1.7685467431809543e-7
3601 1.7685467431809543e-7
3602 1.7685467431809543e-7
3603 1.7685467431809543e-7
3604 1.7685467431809543e-7
3605 1.7685467431809543e-7
3606 1.7685467431809543e-7
3607 1.7685467431809543e-7
3608 1.7685467431809543e-7
3609 1.7685467431809543e-7
3610 1.7685467431809543e-7
3611 1.7685467431809543e-7
3612 1.7685467431809543e-7
3613 1.7685467431809543e-7
3614 1.7685467431809543e-7
3615 1.7685467431809543e-7
3616 1.7685467431809543e-7
3617 1.7685467431809543e-7
3618 1.7685467431809543e-7
3619 1.7685467431809543e-7
3620 1.7685467431809543e-7
3621 1.7700527870128996e-7
3622 1.7700527870128996e-7
3623 1.7710942042671272e-7
3624 1.7710942042671272e-7
3625 1.7710942042671272e-7
3626 1.772696380897127e-7
3627 1.772696380897127e-7
3628 1.772696380897127e-7
3629 1.772696380897127e-7
3630 1.772696380897127e-7
3631 1.772696380897127e-7
3632 1.772696380897127e-7
3633 1.772696380897127e-7
3634 1.772696380897127e-7
3635 1.772696380897127e-7
3636 1.772696380897127e-7
3637 1.772696380897127e-7
3638 1.772696380897127e-7
3639 1.772696380897127e-7
3640 1.772696380897127e-7
3641 1.772696380897127e-7
3642 1.772696380897127e-7
3643 1.772696380897127e-7
3644 1.772696380897127e-7
3645 1.772696380897127e-7
3646 1.772696380897127e-7
3647 1.772696380897127e-7
3648 1.772696380897127e-7
3649 1.772696380897127e-7
3650 1.772696380897127e-7
3651 1.772696380897127e-7
3652 1.772696380897127e-7
3653 1.777102366629627e-7
3654 1.777102366629627e-7
3655 1.779105087417127e-7
3656 1.779105087417127e-7
3657 1.779105087417127e-7
3658 1.779105087417127e-7
3659 1.779105087417127e-7
3660 1.779105087417127e-7
3661 1.779105087417127e-7
3662 1.779105087417127e-7
3663 1.779105087417127e-7
3664 1.779105087417127e-7
3665 1.779105087417127e-7
3666 1.779105087417127e-7
3667 1.779105087417127e-7
3668 1.7852734772215372e-7
3669 1.7852734772215372e-7
3670 1.7852734772215372e-7
3671 1.7852734772215372e-7
3672 1.7852734772215372e-7
3673 1.7852734772215372e-7
3674 1.7852734772215372e-7
3675 1.7852734772215372e-7
3676 1.7852734772215372e-7
3677 1.7852734772215372e-7
3678 1.7852734772215372e-7
3679 1.7852734772215372e-7
3680 1.7852734772215372e-7
3681 1.7852734772215372e-7
3682 1.7852734772215372e-7
3683 1.7852734772215372e-7
3684 1.7852734772215372e-7
3685 1.7852734772215372e-7
3686 1.7852734772215372e-7
3687 1.7852734772215372e-7
3688 1.7865231669253365e-7
3689 1.7865231669253365e-7
3690 1.7865231669253365e-7
3691 1.7865231669253365e-7
3692 1.7865231669253365e-7
3693 1.7931081138525275e-7
3694 1.7931081138525275e-7
3695 1.7942136135269728e-7
3696 1.7942136135269728e-7
3697 1.7942136135269728e-7
3698 1.798603580182373e-7
3699 1.798603580182373e-7
3700 1.798603580182373e-7
3701 1.798603580182373e-7
3702 1.798603580182373e-7
3703 1.798603580182373e-7
3704 1.798603580182373e-7
3705 1.798603580182373e-7
3706 1.798603580182373e-7
3707 1.798603580182373e-7
3708 1.798603580182373e-7
3709 1.798603580182373e-7
3710 1.798603580182373e-7
3711 1.798603580182373e-7
3712 1.798603580182373e-7
3713 1.798603580182373e-7
3714 1.798603580182373e-7
3715 1.798603580182373e-7
3716 1.798603580182373e-7
3717 1.798603580182373e-7
3718 1.798603580182373e-7
3719 1.798603580182373e-7
3720 1.798603580182373e-7
3721 1.798603580182373e-7
3722 1.798603580182373e-7
3723 1.801151041268546e-7
3724 1.801151041268546e-7
3725 1.801151041268546e-7
3726 1.805156482843546e-7
3727 1.805156482843546e-7
3728 1.805156482843546e-7
3729 1.805156482843546e-7
3730 1.805156482843546e-7
3731 1.805156482843546e-7
3732 1.805156482843546e-7
3733 1.805156482843546e-7
3734 1.805156482843546e-7
3735 1.805156482843546e-7
3736 1.805156482843546e-7
3737 1.805156482843546e-7
3738 1.805156482843546e-7
3739 1.805156482843546e-7
3740 1.8090818106975908e-7
3741 1.8090818106975908e-7
3742 1.8090818106975908e-7
3743 1.8090818106975908e-7
3744 1.8090818106975908e-7
3745 1.8166280611580543e-7
3746 1.8166280611580543e-7
3747 1.8166280611580543e-7
3748 1.820697585153272e-7
3749 1.820697585153272e-7
3750 1.826978114609199e-7
3751 1.826978114609199e-7
3752 1.826978114609199e-7
3753 1.826978114609199e-7
3754 1.826978114609199e-7
3755 1.826978114609199e-7
3756 1.826978114609199e-7
3757 1.826978114609199e-7
3758 1.826978114609199e-7
3759 1.826978114609199e-7
3760 1.826978114609199e-7
3761 1.826978114609199e-7
3762 1.826978114609199e-7
3763 1.826978114609199e-7
3764 1.826978114609199e-7
3765 1.826978114609199e-7
3766 1.8346525421337356e-7
3767 1.8346525421337356e-7
3768 1.8346525421337356e-7
3769 1.8346525421337356e-7
3770 1.8346525421337356e-7
3771 1.8346525421337356e-7
3772 1.8346525421337356e-7
3773 1.8346525421337356e-7
3774 1.8346525421337356e-7
3775 1.8346525421337356e-7
3776 1.8346525421337356e-7
3777 1.8346525421337356e-7
3778 1.8428717099569448e-7
3779 1.8428717099569448e-7
3780 1.8428717099569448e-7
3781 1.8428717099569448e-7
3782 1.8428717099569448e-7
3783 1.8428717099569448e-7
3784 1.8428717099569448e-7
3785 1.8428717099569448e-7
3786 1.8428717099569448e-7
3787 1.8428717099569448e-7
3788 1.8428717099569448e-7
3789 1.8461721899031806e-7
3790 1.8461721899031806e-7
3791 1.8461721899031806e-7
3792 1.8461721899031806e-7
3793 1.8461721899031806e-7
3794 1.8517477638421623e-7
3795 1.8517477638421623e-7
3796 1.8517477638421623e-7
3797 1.8517477638421623e-7
3798 1.8517477638421623e-7
3799 1.8517477638421623e-7
3800 1.8517477638421623e-7
3801 1.8517477638421623e-7
3802 1.8517477638421623e-7
3803 1.8517477638421623e-7
3804 1.8517477638421623e-7
3805 1.8517477638421623e-7
3806 1.8517477638421623e-7
3807 1.8517477638421623e-7
3808 1.8517477638421623e-7
3809 1.8712622695726892e-7
3810 1.8712622695726892e-7
3811 1.8712622695726892e-7
3812 1.8712622695726892e-7
3813 1.8712622695726892e-7
3814 1.8712622695726892e-7
3815 1.8712622695726892e-7
3816 1.8712622695726892e-7
3817 1.8712622695726892e-7
3818 1.8819167466069166e-7
3819 1.8819167466069166e-7
3820 1.8819167466069166e-7
3821 1.8819167466069166e-7
3822 1.8852492769309895e-7
3823 1.8852492769309895e-7
3824 1.8852492769309895e-7
3825 1.8852492769309895e-7
3826 1.8921386291058069e-7
3827 1.8921386291058069e-7
3828 1.8921386291058069e-7
3829 1.8921386291058069e-7
3830 1.8921386291058069e-7
3831 1.8921386291058069e-7
3832 1.8921386291058069e-7
3833 1.8921386291058069e-7
3834 1.8921386291058069e-7
3835 1.8921386291058069e-7
3836 1.8921386291058069e-7
3837 1.8921386291058069e-7
3838 1.8921386291058069e-7
3839 1.8921386291058069e-7
3840 1.8921386291058069e-7
3841 1.8921386291058069e-7
3842 1.8921386291058069e-7
3843 1.8921386291058069e-7
3844 1.8921386291058069e-7
3845 1.8921386291058069e-7
3846 1.8921386291058069e-7
3847 1.8921386291058069e-7
3848 1.8921386291058069e-7
3849 1.8921386291058069e-7
3850 1.8921386291058069e-7
3851 1.8921386291058069e-7
3852 1.8921386291058069e-7
3853 1.8921386291058069e-7
3854 1.8921386291058069e-7
3855 1.8921386291058069e-7
3856 1.8995406834250975e-7
3857 1.8995406834250975e-7
3858 1.8995406834250975e-7
3859 1.8995406834250975e-7
3860 1.8995406834250975e-7
3861 1.8995406834250975e-7
3862 1.8995406834250975e-7
3863 1.8995406834250975e-7
3864 1.8995406834250975e-7
3865 1.8995406834250975e-7
3866 1.8995406834250975e-7
3867 1.8995406834250975e-7
3868 1.8995406834250975e-7
3869 1.906734453071179e-7
3870 1.906734453071179e-7
3871 1.906734453071179e-7
3872 1.906734453071179e-7
3873 1.906734453071179e-7
3874 1.906734453071179e-7
3875 1.906734453071179e-7
3876 1.906734453071179e-7
3877 1.906734453071179e-7
3878 1.906734453071179e-7
3879 1.906734453071179e-7
3880 1.906734453071179e-7
3881 1.906734453071179e-7
3882 1.906734453071179e-7
3883 1.906734453071179e-7
3884 1.906734453071179e-7
3885 1.906734453071179e-7
3886 1.906734453071179e-7
3887 1.909634388859915e-7
3888 1.909634388859915e-7
3889 1.909634388859915e-7
3890 1.909634388859915e-7
3891 1.91171722336837e-7
3892 1.91171722336837e-7
3893 1.91171722336837e-7
3894 1.91171722336837e-7
3895 1.91171722336837e-7
3896 1.91171722336837e-7
3897 1.913816076953925e-7
3898 1.913816076953925e-7
3899 1.913816076953925e-7
3900 1.913816076953925e-7
3901 1.913816076953925e-7
3902 1.913816076953925e-7
3903 1.913816076953925e-7
3904 1.913816076953925e-7
3905 1.913816076953925e-7
3906 1.913816076953925e-7
3907 1.913816076953925e-7
3908 1.913816076953925e-7
3909 1.913816076953925e-7
3910 1.913816076953925e-7
3911 1.913816076953925e-7
3912 1.929998070695835e-7
3913 1.929998070695835e-7
3914 1.929998070695835e-7
3915 1.929998070695835e-7
3916 1.929998070695835e-7
3917 1.929998070695835e-7
3918 1.929998070695835e-7
3919 1.929998070695835e-7
3920 1.929998070695835e-7
3921 1.929998070695835e-7
3922 1.929998070695835e-7
3923 1.929998070695835e-7
3924 1.929998070695835e-7
3925 1.929998070695835e-7
3926 1.929998070695835e-7
3927 1.929998070695835e-7
3928 1.929998070695835e-7
3929 1.929998070695835e-7
3930 1.929998070695835e-7
3931 1.929998070695835e-7
3932 1.929998070695835e-7
3933 1.929998070695835e-7
3934 1.929998070695835e-7
3935 1.929998070695835e-7
3936 1.9346924548224994e-7
3937 1.9346924548224994e-7
3938 1.9346924548224994e-7
3939 1.9346924548224994e-7
3940 1.9346924548224994e-7
3941 1.9346924548224994e-7
3942 1.9346924548224994e-7
3943 1.9346924548224994e-7
3944 1.9346924548224994e-7
3945 1.9346924548224994e-7
3946 1.9346924548224994e-7
3947 1.9346924548224994e-7
3948 1.9346924548224994e-7
3949 1.9388741306928715e-7
3950 1.9388741306928715e-7
3951 1.9388741306928715e-7
3952 1.9388741306928715e-7
3953 1.9388741306928715e-7
3954 1.9388741306928715e-7
3955 1.945795533245526e-7
3956 1.945795533245526e-7
3957 1.945795533245526e-7
3958 1.945795533245526e-7
3959 1.945795533245526e-7
3960 1.945795533245526e-7
3961 1.945795533245526e-7
3962 1.945795533245526e-7
3963 1.945795533245526e-7
3964 1.945795533245526e-7
3965 1.945795533245526e-7
3966 1.945795533245526e-7
3967 1.945795533245526e-7
3968 1.945795533245526e-7
3969 1.945795533245526e-7
3970 1.945795533245526e-7
3971 1.945795533245526e-7
3972 1.945795533245526e-7
3973 1.945795533245526e-7
3974 1.945795533245526e-7
3975 1.945795533245526e-7
3976 1.945795533245526e-7
3977 1.945795533245526e-7
3978 1.945795533245526e-7
3979 1.945795533245526e-7
3980 1.945795533245526e-7
3981 1.945795533245526e-7
3982 1.945795533245526e-7
3983 1.945795533245526e-7
3984 1.945795533245526e-7
3985 1.945795533245526e-7
3986 1.945795533245526e-7
3987 1.945795533245526e-7
3988 1.945795533245526e-7
3989 1.945795533245526e-7
3990 1.945795533245526e-7
3991 1.945795533245526e-7
3992 1.945795533245526e-7
3993 1.945795533245526e-7
3994 1.945795533245526e-7
3995 1.945795533245526e-7
3996 1.945795533245526e-7
3997 1.9534699607700625e-7
3998 1.9534699607700625e-7
3999 1.9534699607700625e-7
4000 1.9534699607700625e-7
4001 1.9534699607700625e-7
4002 1.9534699607700625e-7
4003 1.9534699607700625e-7
4004 1.9534699607700625e-7
4005 1.9534699607700625e-7
4006 1.9534699607700625e-7
4007 1.9534699607700625e-7
4008 1.9534699607700625e-7
4009 1.9534699607700625e-7
4010 1.9534699607700625e-7
4011 1.9534699607700625e-7
4012 1.9534699607700625e-7
4013 1.9534699607700625e-7
4014 1.9534699607700625e-7
4015 1.9534699607700625e-7
4016 1.9534699607700625e-7
4017 1.9534699607700625e-7
4018 1.9534699607700625e-7
4019 1.9534699607700625e-7
4020 1.9534699607700625e-7
4021 1.9534699607700625e-7
4022 1.9534699607700625e-7
4023 1.9534699607700625e-7
4024 1.9534699607700625e-7
4025 1.9534699607700625e-7
4026 1.9534699607700625e-7
4027 1.9534699607700625e-7
4028 1.9534699607700625e-7
4029 1.9534699607700625e-7
4030 1.9534699607700625e-7
4031 1.9534699607700625e-7
4032 1.9534699607700625e-7
4033 1.9534699607700625e-7
4034 1.9614327805769445e-7
4035 1.9614327805769445e-7
4036 1.9614327805769445e-7
4037 1.9614327805769445e-7
4038 1.9614327805769445e-7
4039 1.9614327805769445e-7
4040 1.9614327805769445e-7
4041 1.9614327805769445e-7
4042 1.9614327805769445e-7
4043 1.9614327805769445e-7
4044 1.9614327805769445e-7
4045 1.9614327805769445e-7
4046 1.9614327805769445e-7
4047 1.9614327805769445e-7
4048 1.9614327805769445e-7
4049 1.9614327805769445e-7
4050 1.9614327805769445e-7
4051 1.9614327805769445e-7
4052 1.9690911890243812e-7
4053 1.9690911890243812e-7
4054 1.9690911890243812e-7
4055 1.9690911890243812e-7
4056 1.9690911890243812e-7
4057 1.9690911890243812e-7
4058 1.9690911890243812e-7
4059 1.9690911890243812e-7
4060 1.9690911890243812e-7
4061 1.9690911890243812e-7
4062 1.9690911890243812e-7
4063 1.9690911890243812e-7
4064 1.9712220807641354e-7
4065 1.9712220807641354e-7
4066 1.9759965602762984e-7
4067 1.9759965602762984e-7
4068 1.9759965602762984e-7
4069 1.9759965602762984e-7
4070 1.9759965602762984e-7
4071 1.9759965602762984e-7
4072 1.9759965602762984e-7
4073 1.9759965602762984e-7
4074 1.9759965602762984e-7
4075 1.9759965602762984e-7
4076 1.9759965602762984e-7
4077 1.9759965602762984e-7
4078 1.9759965602762984e-7
4079 1.9759965602762984e-7
4080 1.9759965602762984e-7
4081 1.9759965602762984e-7
4082 1.9759965602762984e-7
4083 1.9759965602762984e-7
4084 1.9817323616571902e-7
4085 1.9817323616571902e-7
4086 1.9903520675260806e-7
4087 1.9903520675260806e-7
4088 1.9903520675260806e-7
4089 1.9903520675260806e-7
4090 1.9903520675260806e-7
4091 1.9903520675260806e-7
4092 1.9903520675260806e-7
4093 1.9903520675260806e-7
4094 1.9903520675260806e-7
4095 1.9903520675260806e-7
4096 1.9903520675260806e-7
4097 1.9903520675260806e-7
4098 1.9903520675260806e-7
4099 1.9903520675260806e-7
4100 1.9903520675260806e-7
4101 1.9903520675260806e-7
4102 1.9903520675260806e-7
4103 1.9903520675260806e-7
4104 1.9903520675260806e-7
4105 1.9903520675260806e-7
4106 1.9903520675260806e-7
4107 1.9903520675260806e-7
4108 1.9903520675260806e-7
4109 1.9903520675260806e-7
4110 1.9903520675260806e-7
4111 1.9903520675260806e-7
4112 1.9903520675260806e-7
4113 1.9903520675260806e-7
4114 1.9903520675260806e-7
4115 1.9903520675260806e-7
4116 1.9903520675260806e-7
4117 1.999676735023735e-7
4118 1.999676735023735e-7
4119 1.999676735023735e-7
4120 1.999676735023735e-7
4121 1.999676735023735e-7
4122 1.999676735023735e-7
4123 1.999676735023735e-7
4124 1.999676735023735e-7
4125 1.999676735023735e-7
4126 1.999676735023735e-7
4127 1.999676735023735e-7
4128 2.0026407593445075e-7
4129 2.0026407593445075e-7
4130 2.0069826626567898e-7
4131 2.0069826626567898e-7
4132 2.0112764965141352e-7
4133 2.0112764965141352e-7
4134 2.0112764965141352e-7
4135 2.0220271002345986e-7
4136 2.0220271002345986e-7
4137 2.0220271002345986e-7
4138 2.0220271002345986e-7
4139 2.0220271002345986e-7
4140 2.0220271002345986e-7
4141 2.0220271002345986e-7
4142 2.0220271002345986e-7
4143 2.0220271002345986e-7
4144 2.0220271002345986e-7
4145 2.0220271002345986e-7
4146 2.0220271002345986e-7
4147 2.0220271002345986e-7
4148 2.0220271002345986e-7
4149 2.0220271002345986e-7
4150 2.0220271002345986e-7
4151 2.0220271002345986e-7
4152 2.0220271002345986e-7
4153 2.0220271002345986e-7
4154 2.0220271002345986e-7
4155 2.0220271002345986e-7
4156 2.0220271002345986e-7
4157 2.0220271002345986e-7
4158 2.0220271002345986e-7
4159 2.0220271002345986e-7
4160 2.0220271002345986e-7
4161 2.0220271002345986e-7
4162 2.0220271002345986e-7
4163 2.0265292187651534e-7
4164 2.0265292187651534e-7
4165 2.0265292187651534e-7
4166 2.0265292187651534e-7
4167 2.0265292187651534e-7
4168 2.03780854370719e-7
4169 2.03780854370719e-7
4170 2.0408366626718177e-7
4171 2.0408366626718177e-7
4172 2.0408366626718177e-7
4173 2.0408366626718177e-7
4174 2.0408366626718177e-7
4175 2.0408366626718177e-7
4176 2.0408366626718177e-7
4177 2.0408366626718177e-7
4178 2.0408366626718177e-7
4179 2.0464923503317545e-7
4180 2.0464923503317545e-7
4181 2.0464923503317545e-7
4182 2.0464923503317545e-7
4183 2.0464923503317545e-7
4184 2.0464923503317545e-7
4185 2.0464923503317545e-7
4186 2.0464923503317545e-7
4187 2.0464923503317545e-7
4188 2.0464923503317545e-7
4189 2.0464923503317545e-7
4190 2.0501773553583909e-7
4191 2.0501773553583909e-7
4192 2.0501773553583909e-7
4193 2.0501773553583909e-7
4194 2.0562976695960455e-7
4195 2.0562976695960455e-7
4196 2.0562976695960455e-7
4197 2.0562976695960455e-7
4198 2.0562976695960455e-7
4199 2.0620174396762e-7
4200 2.0620174396762e-7
4201 2.0646930778264457e-7
4202 2.0646930778264457e-7
4203 2.0646930778264457e-7
4204 2.0646930778264457e-7
4205 2.0646930778264457e-7
4206 2.0646930778264457e-7
4207 2.0646930778264457e-7
4208 2.0646930778264457e-7
4209 2.0646930778264457e-7
4210 2.0646930778264457e-7
4211 2.0646930778264457e-7
4212 2.0646930778264457e-7
4213 2.0646930778264457e-7
4214 2.0646930778264457e-7
4215 2.0646930778264457e-7
4216 2.0709255439392547e-7
4217 2.0709255439392547e-7
4218 2.0709255439392547e-7
4219 2.072992353258791e-7
4220 2.072992353258791e-7
4221 2.072992353258791e-7
4222 2.072992353258791e-7
4223 2.0758602447815086e-7
4224 2.0758602447815086e-7
4225 2.0758602447815086e-7
4226 2.0758602447815086e-7
4227 2.0758602447815086e-7
4228 2.0758602447815086e-7
4229 2.0840954316818176e-7
4230 2.0840954316818176e-7
4231 2.0840954316818176e-7
4232 2.0840954316818176e-7
4233 2.0889179806489172e-7
4234 2.094589681274135e-7
4235 2.094589681274135e-7
4236 2.094589681274135e-7
4237 2.094589681274135e-7
4238 2.094589681274135e-7
4239 2.094589681274135e-7
4240 2.094589681274135e-7
4241 2.094589681274135e-7
4242 2.094589681274135e-7
4243 2.094589681274135e-7
4244 2.094589681274135e-7
4245 2.094589681274135e-7
4246 2.094589681274135e-7
4247 2.094589681274135e-7
4248 2.094589681274135e-7
4249 2.1024563621711434e-7
4250 2.1024563621711434e-7
4251 2.106445778557225e-7
4252 2.106445778557225e-7
4253 2.106445778557225e-7
4254 2.1180455400476253e-7
4255 2.1180455400476253e-7
4256 2.1216504313533066e-7
4257 2.1216504313533066e-7
4258 2.1216504313533066e-7
4259 2.1216504313533066e-7
4260 2.1216504313533066e-7
4261 2.1245824175198797e-7
4262 2.1245824175198797e-7
4263 2.1245824175198797e-7
4264 2.1245824175198797e-7
4265 2.1245824175198797e-7
4266 2.1245824175198797e-7
4267 2.1245824175198797e-7
4268 2.1245824175198797e-7
4269 2.1245824175198797e-7
4270 2.1245824175198797e-7
4271 2.1245824175198797e-7
4272 2.1245824175198797e-7
4273 2.1245824175198797e-7
4274 2.1390340453440793e-7
4275 2.143135619717134e-7
4276 2.143135619717134e-7
4277 2.143135619717134e-7
4278 2.143135619717134e-7
4279 2.143135619717134e-7
4280 2.143135619717134e-7
4281 2.143135619717134e-7
4282 2.143135619717134e-7
4283 2.1508420915076889e-7
4284 2.1508420915076889e-7
4285 2.1508420915076889e-7
4286 2.1508420915076889e-7
4287 2.1508420915076889e-7
4288 2.1508420915076889e-7
4289 2.1566419691969796e-7
4290 2.1566419691969796e-7
4291 2.1566419691969796e-7
4292 2.1566419691969796e-7
4293 2.1566419691969796e-7
4294 2.1566419691969796e-7
4295 2.1566419691969796e-7
4296 2.1566419691969796e-7
4297 2.1566419691969796e-7
4298 2.1566419691969796e-7
4299 2.1566419691969796e-7
4300 2.1566419691969796e-7
4301 2.1566419691969796e-7
4302 2.1566419691969796e-7
4303 2.1566419691969796e-7
4304 2.1566419691969796e-7
4305 2.1566419691969796e-7
4306 2.1566419691969796e-7
4307 2.1566419691969796e-7
4308 2.1566419691969796e-7
4309 2.1566419691969796e-7
4310 2.1566419691969796e-7
4311 2.1566419691969796e-7
4312 2.1566419691969796e-7
4313 2.1566419691969796e-7
4314 2.1566419691969796e-7
4315 2.1566419691969796e-7
4316 2.1620252775398519e-7
4317 2.1620252775398519e-7
4318 2.1620252775398519e-7
4319 2.1620252775398519e-7
4320 2.1620252775398519e-7
4321 2.1620252775398519e-7
4322 2.1620252775398519e-7
4323 2.1620252775398519e-7
4324 2.1620252775398519e-7
4325 2.1620252775398519e-7
4326 2.1620252775398519e-7
4327 2.1620252775398519e-7
4328 2.1620252775398519e-7
4329 2.1638677831090795e-7
4330 2.1638677831090795e-7
4331 2.1638677831090795e-7
4332 2.1638677831090795e-7
4333 2.1638677831090795e-7
4334 2.1638677831090795e-7
4335 2.1638677831090795e-7
4336 2.1638677831090795e-7
4337 2.1638677831090795e-7
4338 2.1638677831090795e-7
4339 2.1703085338950977e-7
4340 2.1703085338950977e-7
4341 2.1703085338950977e-7
4342 2.1703085338950977e-7
4343 2.1703085338950977e-7
4344 2.1703085338950977e-7
4345 2.1703085338950977e-7
4346 2.1703085338950977e-7
4347 2.1703085338950977e-7
4348 2.1703085338950977e-7
4349 2.1703085338950977e-7
4350 2.1703085338950977e-7
4351 2.1730322353884614e-7
4352 2.1730322353884614e-7
4353 2.1730322353884614e-7
4354 2.1730322353884614e-7
4355 2.1730322353884614e-7
4356 2.1775663981850344e-7
4357 2.1775663981850344e-7
4358 2.1775663981850344e-7
4359 2.1775663981850344e-7
4360 2.1775663981850344e-7
4361 2.1775663981850344e-7
4362 2.1850485601134613e-7
4363 2.1850485601134613e-7
4364 2.1850485601134613e-7
4365 2.1850485601134613e-7
4366 2.1850485601134613e-7
4367 2.1871153694329977e-7
4368 2.1871153694329977e-7
4369 2.1871153694329977e-7
4370 2.1871153694329977e-7
4371 2.1871153694329977e-7
4372 2.1916014688864528e-7
4373 2.1916014688864528e-7
4374 2.1916014688864528e-7
4375 2.1916014688864528e-7
4376 2.1916014688864528e-7
4377 2.1916014688864528e-7
4378 2.1916014688864528e-7
4379 2.1916014688864528e-7
4380 2.1916014688864528e-7
4381 2.1916014688864528e-7
4382 2.1916014688864528e-7
4383 2.1916014688864528e-7
4384 2.1916014688864528e-7
4385 2.1916014688864528e-7
4386 2.1916014688864528e-7
4387 2.1916014688864528e-7
4388 2.1916014688864528e-7
4389 2.1916014688864528e-7
4390 2.1916014688864528e-7
4391 2.1916014688864528e-7
4392 2.1916014688864528e-7
4393 2.1916014688864528e-7
4394 2.1916014688864528e-7
4395 2.1916014688864528e-7
4396 2.1916014688864528e-7
4397 2.1916014688864528e-7
4398 2.1970969352162983e-7
4399 2.1970969352162983e-7
4400 2.1970969352162983e-7
4401 2.1970969352162983e-7
4402 2.2034736035820988e-7
4403 2.2034736035820988e-7
4404 2.2034736035820988e-7
4405 2.2034736035820988e-7
4406 2.2034736035820988e-7
4407 2.2034736035820988e-7
4408 2.2034736035820988e-7
4409 2.206229349341481e-7
4410 2.206229349341481e-7
4411 2.206229349341481e-7
4412 2.206229349341481e-7
4413 2.206229349341481e-7
4414 2.206229349341481e-7
4415 2.206229349341481e-7
4416 2.206229349341481e-7
4417 2.206229349341481e-7
4418 2.206229349341481e-7
4419 2.206229349341481e-7
4420 2.206229349341481e-7
4421 2.206229349341481e-7
4422 2.206229349341481e-7
4423 2.206229349341481e-7
4424 2.206229349341481e-7
4425 2.206229349341481e-7
4426 2.206229349341481e-7
4427 2.206229349341481e-7
4428 2.206229349341481e-7
4429 2.206229349341481e-7
4430 2.206229349341481e-7
4431 2.206229349341481e-7
4432 2.206229349341481e-7
4433 2.206229349341481e-7
4434 2.206229349341481e-7
4435 2.206229349341481e-7
4436 2.206229349341481e-7
4437 2.206229349341481e-7
4438 2.206229349341481e-7
4439 2.206229349341481e-7
4440 2.206229349341481e-7
4441 2.206229349341481e-7
4442 2.206229349341481e-7
4443 2.206229349341481e-7
4444 2.206229349341481e-7
4445 2.206229349341481e-7
4446 2.2245742790891636e-7
4447 2.2245742790891636e-7
4448 2.2245742790891636e-7
4449 2.2245742790891636e-7
4450 2.2284515436000905e-7
4451 2.2284515436000905e-7
4452 2.2284515436000905e-7
4453 2.2284515436000905e-7
4454 2.2328575293325905e-7
4455 2.2328575293325905e-7
4456 2.2328575293325905e-7
4457 2.2328575293325905e-7
4458 2.2328575293325905e-7
4459 2.2328575293325905e-7
4460 2.2328575293325905e-7
4461 2.2328575293325905e-7
4462 2.2345398135717267e-7
4463 2.2345398135717267e-7
4464 2.2345398135717267e-7
4465 2.2345398135717267e-7
4466 2.2369911418598447e-7
4467 2.2369911418598447e-7
4468 2.2369911418598447e-7
4469 2.2369911418598447e-7
4470 2.2369911418598447e-7
4471 2.2369911418598447e-7
4472 2.2369911418598447e-7
4473 2.2369911418598447e-7
4474 2.2406441087322815e-7
4475 2.2406441087322815e-7
4476 2.2406441087322815e-7
4477 2.2406441087322815e-7
4478 2.2406441087322815e-7
4479 2.2406441087322815e-7
4480 2.2406441087322815e-7
4481 2.2406441087322815e-7
4482 2.2406441087322815e-7
4483 2.2406441087322815e-7
4484 2.2406441087322815e-7
4485 2.2406441087322815e-7
4486 2.2406441087322815e-7
4487 2.2406441087322815e-7
4488 2.2406441087322815e-7
4489 2.2406441087322815e-7
4490 2.2406441087322815e-7
4491 2.2406441087322815e-7
4492 2.2406441087322815e-7
4493 2.2406441087322815e-7
4494 2.2406441087322815e-7
4495 2.2406441087322815e-7
4496 2.2406441087322815e-7
4497 2.2406441087322815e-7
4498 2.2406441087322815e-7
4499 2.2406441087322815e-7
4500 2.2406441087322815e-7
4501 2.2425186585675273e-7
4502 2.2425186585675273e-7
4503 2.2425186585675273e-7
4504 2.2425186585675273e-7
4505 2.2425186585675273e-7
4506 2.2425186585675273e-7
4507 2.2425186585675273e-7
4508 2.2425186585675273e-7
4509 2.2425186585675273e-7
4510 2.2499046938097182e-7
4511 2.2499046938097182e-7
4512 2.2499046938097182e-7
4513 2.2499046938097182e-7
4514 2.2499046938097182e-7
4515 2.2499046938097182e-7
4516 2.2499046938097182e-7
4517 2.2499046938097182e-7
4518 2.2499046938097182e-7
4519 2.2554802738605188e-7
4520 2.2554802738605188e-7
4521 2.2554802738605188e-7
4522 2.2554802738605188e-7
4523 2.2554802738605188e-7
4524 2.2601586266864459e-7
4525 2.2601586266864459e-7
4526 2.2601586266864459e-7
4527 2.2601586266864459e-7
4528 2.2601586266864459e-7
4529 2.2601586266864459e-7
4530 2.2601586266864459e-7
4531 2.2601586266864459e-7
4532 2.2601586266864459e-7
4533 2.2601586266864459e-7
4534 2.2601586266864459e-7
4535 2.2622574802720007e-7
4536 2.2622574802720007e-7
4537 2.2622574802720007e-7
4538 2.2622574802720007e-7
4539 2.2622574802720007e-7
4540 2.2622574802720007e-7
4541 2.2622574802720007e-7
4542 2.2622574802720007e-7
4543 2.2622574802720007e-7
4544 2.2622574802720007e-7
4545 2.2622574802720007e-7
4546 2.2622574802720007e-7
4547 2.2622574802720007e-7
4548 2.2622574802720007e-7
4549 2.2622574802720007e-7
4550 2.2622574802720007e-7
4551 2.2622574802720007e-7
4552 2.2622574802720007e-7
4553 2.2622574802720007e-7
4554 2.2622574802720007e-7
4555 2.2622574802720007e-7
4556 2.2622574802720007e-7
4557 2.2622574802720007e-7
4558 2.2622574802720007e-7
4559 2.2622574802720007e-7
4560 2.2622574802720007e-7
4561 2.2622574802720007e-7
4562 2.2622574802720007e-7
4563 2.2622574802720007e-7
4564 2.2622574802720007e-7
4565 2.2622574802720007e-7
4566 2.2622574802720007e-7
4567 2.2622574802720007e-7
4568 2.2622574802720007e-7
4569 2.2622574802720007e-7
4570 2.2622574802720007e-7
4571 2.2622574802720007e-7
4572 2.2622574802720007e-7
4573 2.2622574802720007e-7
4574 2.2622574802720007e-7
4575 2.2622574802720007e-7
4576 2.2622574802720007e-7
4577 2.2622574802720007e-7
4578 2.2622574802720007e-7
4579 2.2670159529307014e-7
4580 2.2670159529307014e-7
4581 2.2670159529307014e-7
4582 2.2670159529307014e-7
4583 2.2747224247212562e-7
4584 2.2747224247212562e-7
4585 2.2747224247212562e-7
4586 2.2747224247212562e-7
4587 2.2747224247212562e-7
4588 2.2747224247212562e-7
4589 2.2747224247212562e-7
4590 2.2747224247212562e-7
4591 2.2747224247212562e-7
4592 2.2747224247212562e-7
4593 2.2747224247212562e-7
4594 2.2747224247212562e-7
4595 2.2747224247212562e-7
4596 2.2747224247212562e-7
4597 2.2747224247212562e-7
4598 2.2806825237406382e-7
4599 2.2806825237406382e-7
4600 2.2806825237406382e-7
4601 2.2806825237406382e-7
4602 2.287411666809002e-7
4603 2.287411666809002e-7
4604 2.287411666809002e-7
4605 2.2916574373232295e-7
4606 2.2916574373232295e-7
4607 2.2916574373232295e-7
4608 2.2916574373232295e-7
4609 2.2916574373232295e-7
4610 2.2916574373232295e-7
4611 2.2916574373232295e-7
4612 2.2916574373232295e-7
4613 2.2916574373232295e-7
4614 2.2916574373232295e-7
4615 2.2916574373232295e-7
4616 2.2916574373232295e-7
4617 2.2916574373232295e-7
4618 2.2916574373232295e-7
4619 2.2916574373232295e-7
4620 2.2916574373232295e-7
4621 2.2916574373232295e-7
4622 2.2916574373232295e-7
4623 2.2916574373232295e-7
4624 2.2916574373232295e-7
4625 2.2916574373232295e-7
4626 2.2916574373232295e-7
4627 2.2916574373232295e-7
4628 2.2916574373232295e-7
4629 2.2916574373232295e-7
4630 2.3029527813423658e-7
4631 2.3029527813423658e-7
4632 2.3029527813423658e-7
4633 2.3029527813423658e-7
4634 2.3029527813423658e-7
4635 2.3029527813423658e-7
4636 2.3029527813423658e-7
4637 2.305756590444866e-7
4638 2.305756590444866e-7
4639 2.3088007284865934e-7
4640 2.3088007284865934e-7
4641 2.3088007284865934e-7
4642 2.3088007284865934e-7
4643 2.3088007284865934e-7
4644 2.3088007284865934e-7
4645 2.3088007284865934e-7
4646 2.3088007284865934e-7
4647 2.3088007284865934e-7
4648 2.3088007284865934e-7
4649 2.3088007284865934e-7
4650 2.3088007284865934e-7
4651 2.314744802317057e-7
4652 2.314744802317057e-7
4653 2.314744802317057e-7
4654 2.314744802317057e-7
4655 2.314744802317057e-7
4656 2.314744802317057e-7
4657 2.314744802317057e-7
4658 2.314744802317057e-7
4659 2.314744802317057e-7
4660 2.314744802317057e-7
4661 2.314744802317057e-7
4662 2.314744802317057e-7
4663 2.314744802317057e-7
4664 2.314744802317057e-7
4665 2.314744802317057e-7
4666 2.314744802317057e-7
4667 2.314744802317057e-7
4668 2.314744802317057e-7
4669 2.3273699558727662e-7
4670 2.3273699558727662e-7
4671 2.3273699558727662e-7
4672 2.3273699558727662e-7
4673 2.3273699558727662e-7
4674 2.3273699558727662e-7
4675 2.3273699558727662e-7
4676 2.3273699558727662e-7
4677 2.3273699558727662e-7
4678 2.3273699558727662e-7
4679 2.3273699558727662e-7
4680 2.3273699558727662e-7
4681 2.3273699558727662e-7
4682 2.3273699558727662e-7
4683 2.3273699558727662e-7
4684 2.3304781763347115e-7
4685 2.3304781763347115e-7
4686 2.3304781763347115e-7
4687 2.3304781763347115e-7
4688 2.3304781763347115e-7
4689 2.3329295046228295e-7
4690 2.3329295046228295e-7
4691 2.3371111804932016e-7
4692 2.3371111804932016e-7
4693 2.3371111804932016e-7
4694 2.3371111804932016e-7
4695 2.3371111804932016e-7
4696 2.3371111804932016e-7
4697 2.3371111804932016e-7
4698 2.3371111804932016e-7
4699 2.3371111804932016e-7
4700 2.3371111804932016e-7
4701 2.3448336774726748e-7
4702 2.3448336774726748e-7
4703 2.3448336774726748e-7
4704 2.3448336774726748e-7
4705 2.3448336774726748e-7
4706 2.3448336774726748e-7
4707 2.3506655994279837e-7
4708 2.3506655994279837e-7
4709 2.3506655994279837e-7
4710 2.3506655994279837e-7
4711 2.366094562086193e-7
4712 2.366094562086193e-7
4713 2.366094562086193e-7
4714 2.366094562086193e-7
4715 2.366094562086193e-7
4716 2.366094562086193e-7
4717 2.366094562086193e-7
4718 2.366094562086193e-7
4719 2.366094562086193e-7
4720 2.366094562086193e-7
4721 2.366094562086193e-7
4722 2.366094562086193e-7
4723 2.366094562086193e-7
4724 2.366094562086193e-7
4725 2.366094562086193e-7
4726 2.366094562086193e-7
4727 2.366094562086193e-7
4728 2.366094562086193e-7
4729 2.366094562086193e-7
4730 2.366094562086193e-7
4731 2.366094562086193e-7
4732 2.366094562086193e-7
4733 2.366094562086193e-7
4734 2.366094562086193e-7
4735 2.366094562086193e-7
4736 2.366094562086193e-7
4737 2.366094562086193e-7
4738 2.366094562086193e-7
4739 2.366094562086193e-7
4740 2.366094562086193e-7
4741 2.366094562086193e-7
4742 2.366094562086193e-7
4743 2.366094562086193e-7
4744 2.366094562086193e-7
4745 2.366094562086193e-7
4746 2.368401700344957e-7
4747 2.368401700344957e-7
4748 2.368401700344957e-7
4749 2.368401700344957e-7
4750 2.368401700344957e-7
4751 2.368401700344957e-7
4752 2.368401700344957e-7
4753 2.368401700344957e-7
4754 2.368401700344957e-7
4755 2.368401700344957e-7
4756 2.368401700344957e-7
4757 2.368401700344957e-7
4758 2.368401700344957e-7
4759 2.368401700344957e-7
4760 2.368401700344957e-7
4761 2.368401700344957e-7
4762 2.368401700344957e-7
4763 2.368401700344957e-7
4764 2.368401700344957e-7
4765 2.368401700344957e-7
4766 2.368401700344957e-7
4767 2.368401700344957e-7
4768 2.368401700344957e-7
4769 2.3794567215366846e-7
4770 2.3794567215366846e-7
4771 2.3794567215366846e-7
4772 2.3794567215366846e-7
4773 2.3794567215366846e-7
4774 2.3794567215366846e-7
4775 2.3794567215366846e-7
4776 2.3794567215366846e-7
4777 2.3794567215366846e-7
4778 2.3794567215366846e-7
4779 2.3794567215366846e-7
4780 2.3794567215366846e-7
4781 2.3794567215366846e-7
4782 2.3794567215366846e-7
4783 2.3794567215366846e-7
4784 2.3794567215366846e-7
4785 2.3819561192797395e-7
4786 2.3819561192797395e-7
4787 2.3819561192797395e-7
4788 2.3819561192797395e-7
4789 2.390047116150695e-7
4790 2.390047116150695e-7
4791 2.390047116150695e-7
4792 2.390047116150695e-7
4793 2.390047116150695e-7
4794 2.390047116150695e-7
4795 2.3940365325367764e-7
4796 2.3940365325367764e-7
4797 2.3940365325367764e-7
4798 2.3940365325367764e-7
4799 2.3970966896556037e-7
4800 2.3970966896556037e-7
4801 2.3970966896556037e-7
4802 2.398987258567949e-7
4803 2.398987258567949e-7
4804 2.398987258567949e-7
4805 2.402864523078876e-7
4806 2.402864523078876e-7
4807 2.4077511605780124e-7
4808 2.4077511605780124e-7
4809 2.4077511605780124e-7
4810 2.4077511605780124e-7
4811 2.4077511605780124e-7
4812 2.4077511605780124e-7
4813 2.4077511605780124e-7
4814 2.4077511605780124e-7
4815 2.4077511605780124e-7
4816 2.4077511605780124e-7
4817 2.4077511605780124e-7
4818 2.4077511605780124e-7
4819 2.4077511605780124e-7
4820 2.4077511605780124e-7
4821 2.410763248241903e-7
4822 2.410763248241903e-7
4823 2.410763248241903e-7
4824 2.410763248241903e-7
4825 2.410763248241903e-7
4826 2.4133427474822756e-7
4827 2.4133427474822756e-7
4828 2.4133427474822756e-7
4829 2.4133427474822756e-7
4830 2.4183255177794664e-7
4831 2.4183255177794664e-7
4832 2.4221547189472756e-7
4833 2.4221547189472756e-7
4834 2.4221547189472756e-7
4835 2.424349705330885e-7
4836 2.424349705330885e-7
4837 2.424349705330885e-7
4838 2.424349705330885e-7
4839 2.424349705330885e-7
4840 2.426752970275885e-7
4841 2.426752970275885e-7
4842 2.426752970275885e-7
4843 2.426752970275885e-7
4844 2.426752970275885e-7
4845 2.4275220082130476e-7
4846 2.4275220082130476e-7
4847 2.4275220082130476e-7
4848 2.4275220082130476e-7
4849 2.4275220082130476e-7
4850 2.4275220082130476e-7
4851 2.4275220082130476e-7
4852 2.4275220082130476e-7
4853 2.4275220082130476e-7
4854 2.4275220082130476e-7
4855 2.4275220082130476e-7
4856 2.4275220082130476e-7
4857 2.4275220082130476e-7
4858 2.4275220082130476e-7
4859 2.4275220082130476e-7
4860 2.435965479786566e-7
4861 2.435965479786566e-7
4862 2.435965479786566e-7
4863 2.435965479786566e-7
4864 2.44931160793632e-7
4865 2.44931160793632e-7
4866 2.44931160793632e-7
4867 2.44931160793632e-7
4868 2.44931160793632e-7
4869 2.44931160793632e-7
4870 2.44931160793632e-7
4871 2.44931160793632e-7
4872 2.44931160793632e-7
4873 2.44931160793632e-7
4874 2.44931160793632e-7
4875 2.44931160793632e-7
4876 2.44931160793632e-7
4877 2.44931160793632e-7
4878 2.44931160793632e-7
4879 2.44931160793632e-7
4880 2.4562810738320927e-7
4881 2.4562810738320927e-7
4882 2.4562810738320927e-7
4883 2.4562810738320927e-7
4884 2.4562810738320927e-7
4885 2.4562810738320927e-7
4886 2.4562810738320927e-7
4887 2.4562810738320927e-7
4888 2.4562810738320927e-7
4889 2.4562810738320927e-7
4890 2.4562810738320927e-7
4891 2.4562810738320927e-7
4892 2.4562810738320927e-7
4893 2.4562810738320927e-7
4894 2.463026235977556e-7
4895 2.463026235977556e-7
4896 2.463026235977556e-7
4897 2.463026235977556e-7
4898 2.465653804672865e-7
4899 2.465653804672865e-7
4900 2.465653804672865e-7
4901 2.4761000031457023e-7
4902 2.4761000031457023e-7
4903 2.4761000031457023e-7
4904 2.4761000031457023e-7
4905 2.4761000031457023e-7
4906 2.4761000031457023e-7
4907 2.4761000031457023e-7
4908 2.4761000031457023e-7
4909 2.485216385970147e-7
4910 2.485216385970147e-7
4911 2.485216385970147e-7
4912 2.485216385970147e-7
4913 2.485216385970147e-7
4914 2.485216385970147e-7
4915 2.485216385970147e-7
4916 2.485216385970147e-7
4917 2.485216385970147e-7
4918 2.485216385970147e-7
4919 2.485216385970147e-7
4920 2.485216385970147e-7
4921 2.485216385970147e-7
4922 2.485216385970147e-7
4923 2.485216385970147e-7
4924 2.485216385970147e-7
4925 2.485216385970147e-7
4926 2.485216385970147e-7
4927 2.485216385970147e-7
4928 2.485216385970147e-7
4929 2.485216385970147e-7
4930 2.4907118584118117e-7
4931 2.4907118584118117e-7
4932 2.4907118584118117e-7
4933 2.4907118584118117e-7
4934 2.4907118584118117e-7
4935 2.4907118584118117e-7
4936 2.4907118584118117e-7
4937 2.4907118584118117e-7
4938 2.4907118584118117e-7
4939 2.4907118584118117e-7
4940 2.4907118584118117e-7
4941 2.4907118584118117e-7
4942 2.493707933110421e-7
4943 2.493707933110421e-7
4944 2.493707933110421e-7
4945 2.493707933110421e-7
4946 2.493707933110421e-7
4947 2.493707933110421e-7
4948 2.493707933110421e-7
4949 2.493707933110421e-7
4950 2.493707933110421e-7
4951 2.493707933110421e-7
4952 2.493707933110421e-7
4953 2.493707933110421e-7
4954 2.493707933110421e-7
4955 2.493707933110421e-7
4956 2.493707933110421e-7
4957 2.493707933110421e-7
4958 2.493707933110421e-7
4959 2.493707933110421e-7
4960 2.493707933110421e-7
4961 2.493707933110421e-7
4962 2.493707933110421e-7
4963 2.493707933110421e-7
4964 2.49492559077184e-7
4965 2.49492559077184e-7
4966 2.49492559077184e-7
4967 2.49492559077184e-7
4968 2.49492559077184e-7
4969 2.49492559077184e-7
4970 2.49492559077184e-7
4971 2.49492559077184e-7
4972 2.49492559077184e-7
4973 2.500485145633722e-7
4974 2.500485145633722e-7
4975 2.500485145633722e-7
4976 2.500485145633722e-7
4977 2.500485145633722e-7
4978 2.500485145633722e-7
4979 2.500485145633722e-7
4980 2.500485145633722e-7
4981 2.500485145633722e-7
4982 2.500485145633722e-7
4983 2.500485145633722e-7
4984 2.500485145633722e-7
4985 2.500485145633722e-7
4986 2.500485145633722e-7
4987 2.500485145633722e-7
4988 2.500485145633722e-7
4989 2.5070220231059765e-7
4990 2.5070220231059765e-7
4991 2.5070220231059765e-7
4992 2.5070220231059765e-7
4993 2.5070220231059765e-7
4994 2.5070220231059765e-7
4995 2.5070220231059765e-7
4996 2.5070220231059765e-7
4997 2.5070220231059765e-7
4998 2.5070220231059765e-7
4999 2.5070220231059765e-7
5000 2.5070220231059765e-7
5001 2.5070220231059765e-7
5002 2.5070220231059765e-7
5003 2.5070220231059765e-7
5004 2.514648387287395e-7
5005 2.514648387287395e-7
5006 2.514648387287395e-7
5007 2.514648387287395e-7
5008 2.514648387287395e-7
5009 2.514648387287395e-7
5010 2.514648387287395e-7
5011 2.514648387287395e-7
5012 2.5170035888892766e-7
5013 2.5170035888892766e-7
5014 2.5170035888892766e-7
5015 2.52272336508125e-7
5016 2.52272336508125e-7
5017 2.52272336508125e-7
5018 2.52272336508125e-7
5019 2.52272336508125e-7
5020 2.528282919943132e-7
5021 2.528282919943132e-7
5022 2.528282919943132e-7
5023 2.528282919943132e-7
5024 2.528282919943132e-7
5025 2.536261758827114e-7
5026 2.536261758827114e-7
5027 2.536261758827114e-7
5028 2.536261758827114e-7
5029 2.536261758827114e-7
5030 2.536261758827114e-7
5031 2.536261758827114e-7
5032 2.536261758827114e-7
5033 2.536261758827114e-7
5034 2.536261758827114e-7
5035 2.536261758827114e-7
5036 2.536261758827114e-7
5037 2.536261758827114e-7
5038 2.5452499706993046e-7
5039 2.5452499706993046e-7
5040 2.5452499706993046e-7
5041 2.5452499706993046e-7
5042 2.5452499706993046e-7
5043 2.5452499706993046e-7
5044 2.5452499706993046e-7
5045 2.5452499706993046e-7
5046 2.5452499706993046e-7
5047 2.5452499706993046e-7
5048 2.5452499706993046e-7
5049 2.5452499706993046e-7
5050 2.55356526520875e-7
5051 2.55356526520875e-7
5052 2.55356526520875e-7
5053 2.55356526520875e-7
5054 2.55356526520875e-7
5055 2.55356526520875e-7
5056 2.55356526520875e-7
5057 2.55356526520875e-7
5058 2.55356526520875e-7
5059 2.55356526520875e-7
5060 2.55356526520875e-7
5061 2.55356526520875e-7
5062 2.55356526520875e-7
5063 2.55356526520875e-7
5064 2.55356526520875e-7
5065 2.55356526520875e-7
5066 2.5595894466483495e-7
5067 2.5595894466483495e-7
5068 2.567760551128441e-7
5069 2.567760551128441e-7
5070 2.567760551128441e-7
5071 2.567760551128441e-7
5072 2.567760551128441e-7
5073 2.567760551128441e-7
5074 2.567760551128441e-7
5075 2.567760551128441e-7
5076 2.567760551128441e-7
5077 2.567760551128441e-7
5078 2.567760551128441e-7
5079 2.567760551128441e-7
5080 2.567760551128441e-7
5081 2.567760551128441e-7
5082 2.567760551128441e-7
5083 2.567760551128441e-7
5084 2.567760551128441e-7
5085 2.567760551128441e-7
5086 2.567760551128441e-7
5087 2.567760551128441e-7
5088 2.567760551128441e-7
5089 2.567760551128441e-7
5090 2.567760551128441e-7
5091 2.567760551128441e-7
5092 2.567760551128441e-7
5093 2.567760551128441e-7
5094 2.567760551128441e-7
5095 2.567760551128441e-7
5096 2.567760551128441e-7
5097 2.567760551128441e-7
5098 2.567760551128441e-7
5099 2.567760551128441e-7
5100 2.567760551128441e-7
5101 2.567760551128441e-7
5102 2.567760551128441e-7
5103 2.567760551128441e-7
5104 2.5780945977261237e-7
5105 2.5780945977261237e-7
5106 2.5780945977261237e-7
5107 2.5780945977261237e-7
5108 2.5780945977261237e-7
5109 2.5780945977261237e-7
5110 2.5780945977261237e-7
5111 2.5780945977261237e-7
5112 2.5780945977261237e-7
5113 2.5780945977261237e-7
5114 2.5780945977261237e-7
5115 2.5780945977261237e-7
5116 2.5780945977261237e-7
5117 2.5788476165861866e-7
5118 2.5788476165861866e-7
5119 2.582308311750695e-7
5120 2.582308311750695e-7
5121 2.582308311750695e-7
5122 2.582308311750695e-7
5123 2.582308311750695e-7
5124 2.582308311750695e-7
5125 2.582308311750695e-7
5126 2.582308311750695e-7
5127 2.582308311750695e-7
5128 2.582308311750695e-7
5129 2.582308311750695e-7
5130 2.582308311750695e-7
5131 2.582308311750695e-7
5132 2.582308311750695e-7
5133 2.582308311750695e-7
5134 2.582308311750695e-7
5135 2.582308311750695e-7
5136 2.582308311750695e-7
5137 2.582308311750695e-7
5138 2.582308311750695e-7
5139 2.582308311750695e-7
5140 2.582308311750695e-7
5141 2.582308311750695e-7
5142 2.582308311750695e-7
5143 2.582308311750695e-7
5144 2.582308311750695e-7
5145 2.582308311750695e-7
5146 2.582308311750695e-7
5147 2.582308311750695e-7
5148 2.582308311750695e-7
5149 2.582308311750695e-7
5150 2.582308311750695e-7
5151 2.582308311750695e-7
5152 2.582308311750695e-7
5153 2.582308311750695e-7
5154 2.582308311750695e-7
5155 2.582308311750695e-7
5156 2.582308311750695e-7
5157 2.582308311750695e-7
5158 2.582308311750695e-7
5159 2.582308311750695e-7
5160 2.582308311750695e-7
5161 2.582308311750695e-7
5162 2.582308311750695e-7
5163 2.582308311750695e-7
5164 2.582308311750695e-7
5165 2.582308311750695e-7
5166 2.582308311750695e-7
5167 2.582308311750695e-7
5168 2.582308311750695e-7
5169 2.582308311750695e-7
5170 2.582308311750695e-7
5171 2.582308311750695e-7
5172 2.5898545622111583e-7
5173 2.5898545622111583e-7
5174 2.596263268731158e-7
5175 2.596263268731158e-7
5176 2.596263268731158e-7
5177 2.596263268731158e-7
5178 2.596263268731158e-7
5179 2.596263268731158e-7
5180 2.596263268731158e-7
5181 2.596263268731158e-7
5182 2.596263268731158e-7
5183 2.596263268731158e-7
5184 2.596263268731158e-7
5185 2.596263268731158e-7
5186 2.596263268731158e-7
5187 2.596263268731158e-7
5188 2.596263268731158e-7
5189 2.596263268731158e-7
5190 2.596263268731158e-7
5191 2.596263268731158e-7
5192 2.596263268731158e-7
5193 2.596263268731158e-7
5194 2.596263268731158e-7
5195 2.596263268731158e-7
5196 2.596263268731158e-7
5197 2.60441835413415e-7
5198 2.60441835413415e-7
5199 2.60441835413415e-7
5200 2.60441835413415e-7
5201 2.60441835413415e-7
5202 2.60441835413415e-7
5203 2.60441835413415e-7
5204 2.60441835413415e-7
5205 2.60441835413415e-7
5206 2.60441835413415e-7
5207 2.60441835413415e-7
5208 2.60441835413415e-7
5209 2.60441835413415e-7
5210 2.60441835413415e-7
5211 2.60441835413415e-7
5212 2.60441835413415e-7
5213 2.60441835413415e-7
5214 2.60441835413415e-7
5215 2.6153291791847047e-7
5216 2.6153291791847047e-7
5217 2.6153291791847047e-7
5218 2.6153291791847047e-7
5219 2.6153291791847047e-7
5220 2.6153291791847047e-7
5221 2.6153291791847047e-7
5222 2.6153291791847047e-7
5223 2.6153291791847047e-7
5224 2.6153291791847047e-7
5225 2.6153291791847047e-7
5226 2.6153291791847047e-7
5227 2.6153291791847047e-7
5228 2.6153291791847047e-7
5229 2.6153291791847047e-7
5230 2.6153291791847047e-7
5231 2.6153291791847047e-7
5232 2.6153291791847047e-7
5233 2.6153291791847047e-7
5234 2.6153291791847047e-7
5235 2.6153291791847047e-7
5236 2.6153291791847047e-7
5237 2.6153291791847047e-7
5238 2.6153291791847047e-7
5239 2.6153291791847047e-7
5240 2.6153291791847047e-7
5241 2.6153291791847047e-7
5242 2.6153291791847047e-7
5243 2.6254068716542413e-7
5244 2.6254068716542413e-7
5245 2.6254068716542413e-7
5246 2.6254068716542413e-7
5247 2.6254068716542413e-7
5248 2.6254068716542413e-7
5249 2.6254068716542413e-7
5250 2.6254068716542413e-7
5251 2.6254068716542413e-7
5252 2.6254068716542413e-7
5253 2.6254068716542413e-7
5254 2.6254068716542413e-7
5255 2.6254068716542413e-7
5256 2.6254068716542413e-7
5257 2.6254068716542413e-7
5258 2.6254068716542413e-7
5259 2.6254068716542413e-7
5260 2.6254068716542413e-7
5261 2.6254068716542413e-7
5262 2.6254068716542413e-7
5263 2.6254068716542413e-7
5264 2.6254068716542413e-7
5265 2.6254068716542413e-7
5266 2.6254068716542413e-7
5267 2.6254068716542413e-7
5268 2.629123927058715e-7
5269 2.629123927058715e-7
5270 2.629123927058715e-7
5271 2.629123927058715e-7
5272 2.629123927058715e-7
5273 2.629123927058715e-7
5274 2.6389132272459057e-7
5275 2.6389132272459057e-7
5276 2.6389132272459057e-7
5277 2.6389132272459057e-7
5278 2.6389132272459057e-7
5279 2.6389132272459057e-7
5280 2.6389132272459057e-7
5281 2.6389132272459057e-7
5282 2.6389132272459057e-7
5283 2.6389132272459057e-7
5284 2.6389132272459057e-7
5285 2.6389132272459057e-7
5286 2.6389132272459057e-7
5287 2.6389132272459057e-7
5288 2.6389132272459057e-7
5289 2.6389132272459057e-7
5290 2.6389132272459057e-7
5291 2.6389132272459057e-7
5292 2.6389132272459057e-7
5293 2.6389132272459057e-7
5294 2.6389132272459057e-7
5295 2.6389132272459057e-7
5296 2.6389132272459057e-7
5297 2.6389132272459057e-7
5298 2.6389132272459057e-7
5299 2.6389132272459057e-7
5300 2.6389132272459057e-7
5301 2.6389132272459057e-7
5302 2.6389132272459057e-7
5303 2.6389132272459057e-7
5304 2.6389132272459057e-7
5305 2.6389132272459057e-7
5306 2.641172296049733e-7
5307 2.641172296049733e-7
5308 2.641172296049733e-7
5309 2.641172296049733e-7
5310 2.641172296049733e-7
5311 2.641172296049733e-7
5312 2.641172296049733e-7
5313 2.641172296049733e-7
5314 2.641172296049733e-7
5315 2.641172296049733e-7
5316 2.641172296049733e-7
5317 2.641172296049733e-7
5318 2.641172296049733e-7
5319 2.641172296049733e-7
5320 2.641172296049733e-7
5321 2.641172296049733e-7
5322 2.641172296049733e-7
5323 2.641172296049733e-7
5324 2.641172296049733e-7
5325 2.641172296049733e-7
5326 2.641172296049733e-7
5327 2.641172296049733e-7
5328 2.641172296049733e-7
5329 2.6450335414835603e-7
5330 2.6450335414835603e-7
5331 2.6450335414835603e-7
5332 2.6450335414835603e-7
5333 2.6450335414835603e-7
5334 2.6450335414835603e-7
5335 2.65325270930677e-7
5336 2.65325270930677e-7
5337 2.6550151011550423e-7
5338 2.6550151011550423e-7
5339 2.660542605639087e-7
5340 2.660542605639087e-7
5341 2.660542605639087e-7
5342 2.660542605639087e-7
5343 2.66131164357625e-7
5344 2.66131164357625e-7
5345 2.66131164357625e-7
5346 2.66131164357625e-7
5347 2.66131164357625e-7
5348 2.66131164357625e-7
5349 2.670412013435414e-7
5350 2.670412013435414e-7
5351 2.6737926071026054e-7
5352 2.6737926071026054e-7
5353 2.6737926071026054e-7
5354 2.6737926071026054e-7
5355 2.6737926071026054e-7
5356 2.6737926071026054e-7
5357 2.6737926071026054e-7
5358 2.6737926071026054e-7
5359 2.6737926071026054e-7
5360 2.6737926071026054e-7
5361 2.6737926071026054e-7
5362 2.6737926071026054e-7
5363 2.6737926071026054e-7
5364 2.6737926071026054e-7
5365 2.6737926071026054e-7
5366 2.6737926071026054e-7
5367 2.6737926071026054e-7
5368 2.6737926071026054e-7
5369 2.6737926071026054e-7
5370 2.6737926071026054e-7
5371 2.6737926071026054e-7
5372 2.6737926071026054e-7
5373 2.6737926071026054e-7
5374 2.6737926071026054e-7
5375 2.6737926071026054e-7
5376 2.6737926071026054e-7
5377 2.6737926071026054e-7
5378 2.6832454516643327e-7
5379 2.6832454516643327e-7
5380 2.6832454516643327e-7
5381 2.6832454516643327e-7
5382 2.6832454516643327e-7
5383 2.6832454516643327e-7
5384 2.6832454516643327e-7
5385 2.6832454516643327e-7
5386 2.6832454516643327e-7
5387 2.6832454516643327e-7
5388 2.6832454516643327e-7
5389 2.6832454516643327e-7
5390 2.6832454516643327e-7
5391 2.6832454516643327e-7
5392 2.6832454516643327e-7
5393 2.6832454516643327e-7
5394 2.6832454516643327e-7
5395 2.6832454516643327e-7
5396 2.6832454516643327e-7
5397 2.6832454516643327e-7
5398 2.6832454516643327e-7
5399 2.6832454516643327e-7
5400 2.6832454516643327e-7
5401 2.6832454516643327e-7
5402 2.6832454516643327e-7
5403 2.6832454516643327e-7
5404 2.6832454516643327e-7
5405 2.6832454516643327e-7
5406 2.6832454516643327e-7
5407 2.6832454516643327e-7
5408 2.6832454516643327e-7
5409 2.6832454516643327e-7
5410 2.6832454516643327e-7
5411 2.6854724762021417e-7
5412 2.6854724762021417e-7
5413 2.6854724762021417e-7
5414 2.6854724762021417e-7
5415 2.6854724762021417e-7
5416 2.6854724762021417e-7
5417 2.6854724762021417e-7
5418 2.6854724762021417e-7
5419 2.6854724762021417e-7
5420 2.6854724762021417e-7
5421 2.6854724762021417e-7
5422 2.6854724762021417e-7
5423 2.6854724762021417e-7
5424 2.6854724762021417e-7
5425 2.6854724762021417e-7
5426 2.6854724762021417e-7
5427 2.6854724762021417e-7
5428 2.688788981337296e-7
5429 2.688788981337296e-7
5430 2.688788981337296e-7
5431 2.688788981337296e-7
5432 2.688788981337296e-7
5433 2.688788981337296e-7
5434 2.688788981337296e-7
5435 2.688788981337296e-7
5436 2.688788981337296e-7
5437 2.688788981337296e-7
5438 2.688788981337296e-7
5439 2.688788981337296e-7
5440 2.688788981337296e-7
5441 2.688788981337296e-7
5442 2.688788981337296e-7
5443 2.688788981337296e-7
5444 2.688788981337296e-7
5445 2.688788981337296e-7
5446 2.688788981337296e-7
5447 2.688788981337296e-7
5448 2.688788981337296e-7
5449 2.688788981337296e-7
5450 2.688788981337296e-7
5451 2.6962390928878857e-7
5452 2.6962390928878857e-7
5453 2.6962390928878857e-7
5454 2.6962390928878857e-7
5455 2.6962390928878857e-7
5456 2.6962390928878857e-7
5457 2.6962390928878857e-7
5458 2.6962390928878857e-7
5459 2.6962390928878857e-7
5460 2.6962390928878857e-7
5461 2.6962390928878857e-7
5462 2.6962390928878857e-7
5463 2.6962390928878857e-7
5464 2.6962390928878857e-7
5465 2.6962390928878857e-7
5466 2.6962390928878857e-7
5467 2.6962390928878857e-7
5468 2.6962390928878857e-7
5469 2.6962390928878857e-7
5470 2.6962390928878857e-7
5471 2.7032566221267764e-7
5472 2.7032566221267764e-7
5473 2.7032566221267764e-7
5474 2.7032566221267764e-7
5475 2.7032566221267764e-7
5476 2.7032566221267764e-7
5477 2.7032566221267764e-7
5478 2.7089443479409127e-7
5479 2.7089443479409127e-7
5480 2.7089443479409127e-7
5481 2.7130138719361305e-7
5482 2.7130138719361305e-7
5483 2.7130138719361305e-7
5484 2.7130138719361305e-7
5485 2.7130138719361305e-7
5486 2.7208485207907583e-7
5487 2.7291478023349226e-7
5488 2.7291478023349226e-7
5489 2.7333775476602313e-7
5490 2.7333775476602313e-7
5491 2.736854274125477e-7
5492 2.736854274125477e-7
5493 2.736854274125477e-7
5494 2.736854274125477e-7
5495 2.736854274125477e-7
5496 2.736854274125477e-7
5497 2.736854274125477e-7
5498 2.736854274125477e-7
5499 2.736854274125477e-7
5500 2.736854274125477e-7
5501 2.736854274125477e-7
5502 2.736854274125477e-7
5503 2.736854274125477e-7
5504 2.736854274125477e-7
5505 2.736854274125477e-7
5506 2.736854274125477e-7
5507 2.736854274125477e-7
5508 2.736854274125477e-7
5509 2.736854274125477e-7
5510 2.736854274125477e-7
5511 2.736854274125477e-7
5512 2.736854274125477e-7
5513 2.736854274125477e-7
5514 2.736854274125477e-7
5515 2.736854274125477e-7
5516 2.736854274125477e-7
5517 2.736854274125477e-7
5518 2.736854274125477e-7
5519 2.736854274125477e-7
5520 2.736854274125477e-7
5521 2.736854274125477e-7
5522 2.736854274125477e-7
5523 2.736854274125477e-7
5524 2.744913232842233e-7
5525 2.744913232842233e-7
5526 2.744913232842233e-7
5527 2.744913232842233e-7
5528 2.744913232842233e-7
5529 2.744913232842233e-7
5530 2.744913232842233e-7
5531 2.744913232842233e-7
5532 2.744913232842233e-7
5533 2.744913232842233e-7
5534 2.744913232842233e-7
5535 2.7510175280027876e-7
5536 2.7510175280027876e-7
5537 2.7510175280027876e-7
5538 2.7510175280027876e-7
5539 2.7580831205847963e-7
5540 2.7580831205847963e-7
5541 2.7580831205847963e-7
5542 2.7580831205847963e-7
5543 2.7607587526232233e-7
5544 2.7607587526232233e-7
5545 2.7607587526232233e-7
5546 2.7607587526232233e-7
5547 2.7607587526232233e-7
5548 2.7607587526232233e-7
5549 2.7607587526232233e-7
5550 2.7607587526232233e-7
5551 2.7607587526232233e-7
5552 2.7607587526232233e-7
5553 2.7607587526232233e-7
5554 2.7607587526232233e-7
5555 2.767279611018378e-7
5556 2.767279611018378e-7
5557 2.767279611018378e-7
5558 2.767279611018378e-7
5559 2.767279611018378e-7
5560 2.767279611018378e-7
5561 2.767279611018378e-7
5562 2.767279611018378e-7
5563 2.767279611018378e-7
5564 2.767279611018378e-7
5565 2.767279611018378e-7
5566 2.776379962542086e-7
5567 2.776379962542086e-7
5568 2.776379962542086e-7
5569 2.776379962542086e-7
5570 2.776379962542086e-7
5571 2.776379962542086e-7
5572 2.776379962542086e-7
5573 2.776379962542086e-7
5574 2.776379962542086e-7
5575 2.776379962542086e-7
5576 2.785624522430604e-7
5577 2.785624522430604e-7
5578 2.785624522430604e-7
5579 2.785624522430604e-7
5580 2.785624522430604e-7
5581 2.785624522430604e-7
5582 2.785624522430604e-7
5583 2.785624522430604e-7
5584 2.7913763306649583e-7
5585 2.7913763306649583e-7
5586 2.7913763306649583e-7
5587 2.7913763306649583e-7
5588 2.7913763306649583e-7
5589 2.7913763306649583e-7
5590 2.7913763306649583e-7
5591 2.7913763306649583e-7
5592 2.7913763306649583e-7
5593 2.7913763306649583e-7
5594 2.7945326144700216e-7
5595 2.7945326144700216e-7
5596 2.7945326144700216e-7
5597 2.7945326144700216e-7
5598 2.7945326144700216e-7
5599 2.7945326144700216e-7
5600 2.7945326144700216e-7
5601 2.7945326144700216e-7
5602 2.7945326144700216e-7
5603 2.796327056696131e-7
5604 2.796327056696131e-7
5605 2.796327056696131e-7
5606 2.796327056696131e-7
5607 2.803216421094586e-7
5608 2.803216421094586e-7
5609 2.803216421094586e-7
5610 2.803216421094586e-7
5611 2.803216421094586e-7
5612 2.803216421094586e-7
5613 2.803216421094586e-7
5614 2.803216421094586e-7
5615 2.803216421094586e-7
5616 2.803216421094586e-7
5617 2.803216421094586e-7
5618 2.803216421094586e-7
5619 2.803216421094586e-7
5620 2.803216421094586e-7
5621 2.803216421094586e-7
5622 2.803216421094586e-7
5623 2.8080549952506044e-7
5624 2.8080549952506044e-7
5625 2.8080549952506044e-7
5626 2.808503608863041e-7
5627 2.808503608863041e-7
5628 2.808503608863041e-7
5629 2.808503608863041e-7
5630 2.810698589134832e-7
5631 2.810698589134832e-7
5632 2.810698589134832e-7
5633 2.810698589134832e-7
5634 2.810698589134832e-7
5635 2.810698589134832e-7
5636 2.814111220956222e-7
5637 2.814111220956222e-7
5638 2.814111220956222e-7
5639 2.814111220956222e-7
5640 2.814111220956222e-7
5641 2.814111220956222e-7
5642 2.814111220956222e-7
5643 2.814111220956222e-7
5644 2.814111220956222e-7
5645 2.814111220956222e-7
5646 2.814111220956222e-7
5647 2.814111220956222e-7
5648 2.814111220956222e-7
5649 2.814111220956222e-7
5650 2.814111220956222e-7
5651 2.814111220956222e-7
5652 2.814111220956222e-7
5653 2.814111220956222e-7
5654 2.814111220956222e-7
5655 2.814111220956222e-7
5656 2.814111220956222e-7
5657 2.814111220956222e-7
5658 2.814111220956222e-7
5659 2.814111220956222e-7
5660 2.814111220956222e-7
5661 2.814111220956222e-7
5662 2.814111220956222e-7
5663 2.814111220956222e-7
5664 2.814111220956222e-7
5665 2.814111220956222e-7
5666 2.814111220956222e-7
5667 2.814111220956222e-7
5668 2.814111220956222e-7
5669 2.814111220956222e-7
5670 2.814111220956222e-7
5671 2.814111220956222e-7
5672 2.814111220956222e-7
5673 2.814111220956222e-7
5674 2.816466416446285e-7
5675 2.816466416446285e-7
5676 2.820439813755267e-7
5677 2.820439813755267e-7
5678 2.820439813755267e-7
5679 2.820439813755267e-7
5680 2.823451913642795e-7
5681 2.823451913642795e-7
5682 2.823451913642795e-7
5683 2.823451913642795e-7
5684 2.823451913642795e-7
5685 2.823451913642795e-7
5686 2.823451913642795e-7
5687 2.825054096384614e-7
5688 2.825054096384614e-7
5689 2.8310782778242133e-7
5690 2.8310782778242133e-7
5691 2.8310782778242133e-7
5692 2.837679243828504e-7
5693 2.837679243828504e-7
5694 2.837679243828504e-7
5695 2.837679243828504e-7
5696 2.837679243828504e-7
5697 2.837679243828504e-7
5698 2.837679243828504e-7
5699 2.837679243828504e-7
5700 2.837679243828504e-7
5701 2.837679243828504e-7
5702 2.837679243828504e-7
5703 2.837679243828504e-7
5704 2.837679243828504e-7
5705 2.837679243828504e-7
5706 2.837679243828504e-7
5707 2.837679243828504e-7
5708 2.837679243828504e-7
5709 2.837679243828504e-7
5710 2.837679243828504e-7
5711 2.837679243828504e-7
5712 2.837679243828504e-7
5713 2.837679243828504e-7
5714 2.837679243828504e-7
5715 2.837679243828504e-7
5716 2.837679243828504e-7
5717 2.8465553038255406e-7
5718 2.8465553038255406e-7
5719 2.8465553038255406e-7
5720 2.8465553038255406e-7
5721 2.8465553038255406e-7
5722 2.8465553038255406e-7
5723 2.8465553038255406e-7
5724 2.8465553038255406e-7
5725 2.8465553038255406e-7
5726 2.8465553038255406e-7
5727 2.8465553038255406e-7
5728 2.8465553038255406e-7
5729 2.8465553038255406e-7
5730 2.8465553038255406e-7
5731 2.8465553038255406e-7
5732 2.8465553038255406e-7
5733 2.8465553038255406e-7
5734 2.8465553038255406e-7
5735 2.8465553038255406e-7
5736 2.8465553038255406e-7
5737 2.8465553038255406e-7
5738 2.8465553038255406e-7
5739 2.851890542713476e-7
5740 2.851890542713476e-7
5741 2.851890542713476e-7
5742 2.851890542713476e-7
5743 2.851890542713476e-7
5744 2.851890542713476e-7
5745 2.851890542713476e-7
5746 2.851890542713476e-7
5747 2.851890542713476e-7
5748 2.851890542713476e-7
5749 2.8566009398054217e-7
5750 2.8566009398054217e-7
5751 2.8566009398054217e-7
5752 2.8566009398054217e-7
5753 2.8566009398054217e-7
5754 2.8566009398054217e-7
5755 2.8566009398054217e-7
5756 2.8566009398054217e-7
5757 2.8566009398054217e-7
5758 2.8566009398054217e-7
5759 2.872606687028322e-7
5760 2.872606687028322e-7
5761 2.872606687028322e-7
5762 2.872606687028322e-7
5763 2.872606687028322e-7
5764 2.872606687028322e-7
5765 2.872606687028322e-7
5766 2.88088993115993e-7
5767 2.88088993115993e-7
5768 2.88088993115993e-7
5769 2.88088993115993e-7
5770 2.88088993115993e-7
5771 2.88088993115993e-7
5772 2.88088993115993e-7
5773 2.88088993115993e-7
5774 2.88088993115993e-7
5775 2.88088993115993e-7
5776 2.88088993115993e-7
5777 2.88088993115993e-7
5778 2.88088993115993e-7
5779 2.88088993115993e-7
5780 2.88088993115993e-7
5781 2.8940918631685116e-7
5782 2.8968796531939116e-7
5783 2.8968796531939116e-7
5784 2.8968796531939116e-7
5785 2.8968796531939116e-7
5786 2.8968796531939116e-7
5787 2.8968796531939116e-7
5788 2.8968796531939116e-7
5789 2.8968796531939116e-7
5790 2.8968796531939116e-7
5791 2.8968796531939116e-7
5792 2.9023911386008567e-7
5793 2.9023911386008567e-7
5794 2.9023911386008567e-7
5795 2.9023911386008567e-7
5796 2.9023911386008567e-7
5797 2.903608796262275e-7
5798 2.903608796262275e-7
5799 2.903608796262275e-7
5800 2.903608796262275e-7
5801 2.903608796262275e-7
5802 2.903608796262275e-7
5803 2.903608796262275e-7
5804 2.907261763134712e-7
5805 2.907261763134712e-7
5806 2.907261763134712e-7
5807 2.907261763134712e-7
5808 2.907261763134712e-7
5809 2.907261763134712e-7
5810 2.907261763134712e-7
5811 2.907261763134712e-7
5812 2.907261763134712e-7
5813 2.907261763134712e-7
5814 2.907261763134712e-7
5815 2.907261763134712e-7
5816 2.907261763134712e-7
5817 2.907261763134712e-7
5818 2.907261763134712e-7
5819 2.907261763134712e-7
5820 2.907261763134712e-7
5821 2.907261763134712e-7
5822 2.907261763134712e-7
5823 2.907261763134712e-7
5824 2.907261763134712e-7
5825 2.907261763134712e-7
5826 2.907261763134712e-7
5827 2.907261763134712e-7
5828 2.916346107804958e-7
5829 2.916346107804958e-7
5830 2.916346107804958e-7
5831 2.916346107804958e-7
5832 2.916346107804958e-7
5833 2.916346107804958e-7
5834 2.920031112831594e-7
5835 2.920031112831594e-7
5836 2.920031112831594e-7
5837 2.920031112831594e-7
5838 2.9375749420406386e-7
5839 2.943519021982921e-7
5840 2.943519021982921e-7
5841 2.943519021982921e-7
5842 2.9470277866023664e-7
5843 2.9470277866023664e-7
5844 2.9470277866023664e-7
5845 2.9470277866023664e-7
5846 2.9470277866023664e-7
5847 2.9470277866023664e-7
5848 2.9470277866023664e-7
5849 2.9470277866023664e-7
5850 2.9470277866023664e-7
5851 2.9470277866023664e-7
5852 2.9470277866023664e-7
5853 2.9470277866023664e-7
5854 2.9470277866023664e-7
5855 2.9470277866023664e-7
5856 2.9470277866023664e-7
5857 2.9470277866023664e-7
5858 2.9470277866023664e-7
5859 2.9470277866023664e-7
5860 2.9470277866023664e-7
5861 2.9470277866023664e-7
5862 2.9470277866023664e-7
5863 2.9470277866023664e-7
5864 2.9470277866023664e-7
5865 2.9470277866023664e-7
5866 2.9470277866023664e-7
5867 2.9470277866023664e-7
5868 2.9470277866023664e-7
5869 2.953933163966102e-7
5870 2.953933163966102e-7
5871 2.953933163966102e-7
5872 2.953933163966102e-7
5873 2.953933163966102e-7
5874 2.953933163966102e-7
5875 2.953933163966102e-7
5876 2.953933163966102e-7
5877 2.953933163966102e-7
5878 2.953933163966102e-7
5879 2.953933163966102e-7
5880 2.953933163966102e-7
5881 2.953933163966102e-7
5882 2.953933163966102e-7
5883 2.953933163966102e-7
5884 2.953933163966102e-7
5885 2.953933163966102e-7
5886 2.9683527536361024e-7
5887 2.9683527536361024e-7
5888 2.9683527536361024e-7
5889 2.9683527536361024e-7
5890 2.9683527536361024e-7
5891 2.9683527536361024e-7
5892 2.9683527536361024e-7
5893 2.9683527536361024e-7
5894 2.9683527536361024e-7
5895 2.9683527536361024e-7
5896 2.9683527536361024e-7
5897 2.9683527536361024e-7
5898 2.9683527536361024e-7
5899 2.9683527536361024e-7
5900 2.9683527536361024e-7
5901 2.9683527536361024e-7
5902 2.9683527536361024e-7
5903 2.9683527536361024e-7
5904 2.9683527536361024e-7
5905 2.9683527536361024e-7
5906 2.9683527536361024e-7
5907 2.9683527536361024e-7
5908 2.9683527536361024e-7
5909 2.9683527536361024e-7
5910 2.9683527536361024e-7
5911 2.9683527536361024e-7
5912 2.9683527536361024e-7
5913 2.9683527536361024e-7
5914 2.9683527536361024e-7
5915 2.9683527536361024e-7
5916 2.9683527536361024e-7
5917 2.9683527536361024e-7
5918 2.9683527536361024e-7
5919 2.9683527536361024e-7
5920 2.9683527536361024e-7
5921 2.9683527536361024e-7
5922 2.9683527536361024e-7
5923 2.9683527536361024e-7
5924 2.9683527536361024e-7
5925 2.9683527536361024e-7
5926 2.9683527536361024e-7
5927 2.9683527536361024e-7
5928 2.9683527536361024e-7
5929 2.9683527536361024e-7
5930 2.9683527536361024e-7
5931 2.9683527536361024e-7
5932 2.9683527536361024e-7
5933 2.9683527536361024e-7
5934 2.9683527536361024e-7
5935 2.9683527536361024e-7
5936 2.9683527536361024e-7
5937 2.9683527536361024e-7
5938 2.9683527536361024e-7
5939 2.9683527536361024e-7
5940 2.9683527536361024e-7
5941 2.9683527536361024e-7
5942 2.9683527536361024e-7
5943 2.9683527536361024e-7
5944 2.9683527536361024e-7
5945 2.9683527536361024e-7
5946 2.9683527536361024e-7
5947 2.9683527536361024e-7
5948 2.9683527536361024e-7
5949 2.9683527536361024e-7
5950 2.9683527536361024e-7
5951 2.9683527536361024e-7
5952 2.9683527536361024e-7
5953 2.9683527536361024e-7
5954 2.9683527536361024e-7
5955 2.9683527536361024e-7
5956 2.9683527536361024e-7
5957 2.9683527536361024e-7
5958 2.9683527536361024e-7
5959 2.969650525018476e-7
5960 2.969650525018476e-7
5961 2.969650525018476e-7
5962 2.969650525018476e-7
5963 2.969650525018476e-7
5964 2.969650525018476e-7
5965 2.99357102870514e-7
5966 2.99357102870514e-7
5967 2.99357102870514e-7
5968 2.99357102870514e-7
5969 2.99357102870514e-7
5970 2.99357102870514e-7
5971 2.99357102870514e-7
5972 2.99357102870514e-7
5973 2.99357102870514e-7
5974 2.99357102870514e-7
5975 2.99357102870514e-7
5976 2.99357102870514e-7
5977 2.99357102870514e-7
5978 2.99357102870514e-7
5979 2.99357102870514e-7
5980 2.99357102870514e-7
5981 2.99357102870514e-7
5982 2.99357102870514e-7
5983 2.99357102870514e-7
5984 2.99357102870514e-7
5985 2.99357102870514e-7
5986 2.99357102870514e-7
5987 2.9983615334062216e-7
5988 2.9983615334062216e-7
5989 2.9983615334062216e-7
5990 2.9983615334062216e-7
5991 2.9983615334062216e-7
5992 2.9983615334062216e-7
5993 2.9983615334062216e-7
5994 2.9983615334062216e-7
5995 2.9983615334062216e-7
5996 2.9983615334062216e-7
5997 2.9983615334062216e-7
5998 2.9983615334062216e-7
5999 2.9983615334062216e-7
6000 2.999547140689803e-7
6001 2.999547140689803e-7
6002 2.999547140689803e-7
6003 2.999547140689803e-7
6004 2.999547140689803e-7
6005 2.999547140689803e-7
6006 2.999547140689803e-7
6007 2.999547140689803e-7
6008 2.999547140689803e-7
6009 2.999547140689803e-7
6010 2.999547140689803e-7
6011 2.999547140689803e-7
6012 2.999547140689803e-7
6013 2.999547140689803e-7
6014 2.999547140689803e-7
6015 2.999547140689803e-7
6016 2.999547140689803e-7
6017 2.999547140689803e-7
6018 2.999547140689803e-7
6019 2.999547140689803e-7
6020 2.999547140689803e-7
6021 2.999547140689803e-7
6022 2.999547140689803e-7
6023 2.999547140689803e-7
6024 2.999547140689803e-7
6025 2.999547140689803e-7
6026 2.999547140689803e-7
6027 2.999547140689803e-7
6028 2.999547140689803e-7
6029 2.999547140689803e-7
6030 3.001373621070112e-7
6031 3.001373621070112e-7
6032 3.001373621070112e-7
6033 3.001373621070112e-7
6034 3.001373621070112e-7
6035 3.001373621070112e-7
6036 3.001373621070112e-7
6037 3.0029117030562564e-7
6038 3.0029117030562564e-7
6039 3.0029117030562564e-7
6040 3.0029117030562564e-7
6041 3.0029117030562564e-7
6042 3.0029117030562564e-7
6043 3.0029117030562564e-7
6044 3.0029117030562564e-7
6045 3.0029117030562564e-7
6046 3.0029117030562564e-7
6047 3.0029117030562564e-7
6048 3.0029117030562564e-7
6049 3.0029117030562564e-7
6050 3.0029117030562564e-7
6051 3.0029117030562564e-7
6052 3.0029117030562564e-7
6053 3.0029117030562564e-7
6054 3.0029117030562564e-7
6055 3.0029117030562564e-7
6056 3.0029117030562564e-7
6057 3.0029117030562564e-7
6058 3.0029117030562564e-7
6059 3.0029117030562564e-7
6060 3.0029117030562564e-7
6061 3.0029117030562564e-7
6062 3.0029117030562564e-7
6063 3.0029117030562564e-7
6064 3.0029117030562564e-7
6065 3.005779600690793e-7
6066 3.005779600690793e-7
6067 3.005779600690793e-7
6068 3.005779600690793e-7
6069 3.012829174195702e-7
6070 3.012829174195702e-7
6071 3.012829174195702e-7
6072 3.012829174195702e-7
6073 3.012829174195702e-7
6074 3.012829174195702e-7
6075 3.012829174195702e-7
6076 3.012829174195702e-7
6077 3.012829174195702e-7
6078 3.012829174195702e-7
6079 3.012829174195702e-7
6080 3.012829174195702e-7
6081 3.012829174195702e-7
6082 3.012829174195702e-7
6083 3.012829174195702e-7
6084 3.012829174195702e-7
6085 3.012829174195702e-7
6086 3.012829174195702e-7
6087 3.012829174195702e-7
6088 3.012829174195702e-7
6089 3.012829174195702e-7
6090 3.012829174195702e-7
6091 3.012829174195702e-7
6092 3.012829174195702e-7
6093 3.012829174195702e-7
6094 3.012829174195702e-7
6095 3.012829174195702e-7
6096 3.012829174195702e-7
6097 3.012829174195702e-7
6098 3.012829174195702e-7
6099 3.012829174195702e-7
6100 3.012829174195702e-7
6101 3.012829174195702e-7
6102 3.012829174195702e-7
6103 3.012829174195702e-7
6104 3.012829174195702e-7
6105 3.012829174195702e-7
6106 3.012829174195702e-7
6107 3.012829174195702e-7
6108 3.012829174195702e-7
6109 3.012829174195702e-7
6110 3.012829174195702e-7
6111 3.012829174195702e-7
6112 3.012829174195702e-7
6113 3.012829174195702e-7
6114 3.012829174195702e-7
6115 3.012829174195702e-7
6116 3.012829174195702e-7
6117 3.012829174195702e-7
6118 3.012829174195702e-7
6119 3.012829174195702e-7
6120 3.012829174195702e-7
6121 3.012829174195702e-7
6122 3.012829174195702e-7
6123 3.012829174195702e-7
6124 3.012829174195702e-7
6125 3.012829174195702e-7
6126 3.012829174195702e-7
6127 3.012829174195702e-7
6128 3.012829174195702e-7
6129 3.026063150470302e-7
6130 3.026063150470302e-7
6131 3.026063150470302e-7
6132 3.026063150470302e-7
6133 3.026063150470302e-7
6134 3.026063150470302e-7
6135 3.026063150470302e-7
6136 3.026063150470302e-7
6137 3.026063150470302e-7
6138 3.026063150470302e-7
6139 3.0276493080232023e-7
6140 3.0276493080232023e-7
6141 3.0276493080232023e-7
6142 3.0276493080232023e-7
6143 3.0276493080232023e-7
6144 3.0276493080232023e-7
6145 3.0276493080232023e-7
6146 3.0423092266324297e-7
6147 3.0423092266324297e-7
6148 3.0423092266324297e-7
6149 3.0423092266324297e-7
6150 3.0423092266324297e-7
6151 3.0423092266324297e-7
6152 3.0423092266324297e-7
6153 3.0423092266324297e-7
6154 3.0423092266324297e-7
6155 3.0485897622001753e-7
6156 3.0485897622001753e-7
6157 3.0485897622001753e-7
6158 3.0485897622001753e-7
6159 3.0485897622001753e-7
6160 3.0485897622001753e-7
6161 3.0485897622001753e-7
6162 3.0485897622001753e-7
6163 3.0485897622001753e-7
6164 3.0485897622001753e-7
6165 3.0485897622001753e-7
6166 3.0485897622001753e-7
6167 3.0485897622001753e-7
6168 3.0485897622001753e-7
6169 3.0485897622001753e-7
6170 3.0485897622001753e-7
6171 3.0485897622001753e-7
6172 3.0521786405405755e-7
6173 3.0521786405405755e-7
6174 3.0521786405405755e-7
6175 3.0521786405405755e-7
6176 3.0521786405405755e-7
6177 3.0521786405405755e-7
6178 3.054758152004585e-7
6179 3.054758152004585e-7
6180 3.054758152004585e-7
6181 3.054758152004585e-7
6182 3.054758152004585e-7
6183 3.054758152004585e-7
6184 3.0551426770849855e-7
6185 3.0551426770849855e-7
6186 3.0551426770849855e-7
6187 3.0551426770849855e-7
6188 3.0551426770849855e-7
6189 3.0551426770849855e-7
6190 3.0551426770849855e-7
6191 3.0551426770849855e-7
6192 3.0551426770849855e-7
6193 3.0551426770849855e-7
6194 3.065588869446004e-7
6195 3.065588869446004e-7
6196 3.065588869446004e-7
6197 3.065588869446004e-7
6198 3.065588869446004e-7
6199 3.065588869446004e-7
6200 3.065588869446004e-7
6201 3.065588869446004e-7
6202 3.065588869446004e-7
6203 3.065588869446004e-7
6204 3.0811460030564674e-7
6205 3.0811460030564674e-7
6206 3.0811460030564674e-7
6207 3.0811460030564674e-7
6208 3.0844464891145224e-7
6209 3.0844464891145224e-7
6210 3.0844464891145224e-7
6211 3.0844464891145224e-7
6212 3.0844464891145224e-7
6213 3.0862088870746136e-7
6214 3.0862088870746136e-7
6215 3.0862088870746136e-7
6216 3.0862088870746136e-7
6217 3.0862088870746136e-7
6218 3.0862088870746136e-7
6219 3.0862088870746136e-7
6220 3.0862088870746136e-7
6221 3.088772373349705e-7
6222 3.088772373349705e-7
6223 3.088772373349705e-7
6224 3.088772373349705e-7
6225 3.088772373349705e-7
6226 3.088772373349705e-7
6227 3.088772373349705e-7
6228 3.088772373349705e-7
6229 3.088772373349705e-7
6230 3.088772373349705e-7
6231 3.088772373349705e-7
6232 3.096062275793841e-7
6233 3.096062275793841e-7
6234 3.096062275793841e-7
6235 3.096062275793841e-7
6236 3.096062275793841e-7
6237 3.096062275793841e-7
6238 3.096062275793841e-7
6239 3.096062275793841e-7
6240 3.096062275793841e-7
6241 3.096062275793841e-7
6242 3.096062275793841e-7
6243 3.096062275793841e-7
6244 3.096062275793841e-7
6245 3.096062275793841e-7
6246 3.096062275793841e-7
6247 3.096062275793841e-7
6248 3.105547158509768e-7
6249 3.105547158509768e-7
6250 3.105547158509768e-7
6251 3.105547158509768e-7
6252 3.105547158509768e-7
6253 3.105547158509768e-7
6254 3.105547158509768e-7
6255 3.105547158509768e-7
6256 3.105547158509768e-7
6257 3.105547158509768e-7
6258 3.105547158509768e-7
6259 3.105547158509768e-7
6260 3.105547158509768e-7
6261 3.105547158509768e-7
6262 3.105547158509768e-7
6263 3.105547158509768e-7
6264 3.105547158509768e-7
6265 3.105547158509768e-7
6266 3.105547158509768e-7
6267 3.105547158509768e-7
6268 3.105547158509768e-7
6269 3.105547158509768e-7
6270 3.105547158509768e-7
6271 3.105547158509768e-7
6272 3.105547158509768e-7
6273 3.105547158509768e-7
6274 3.105547158509768e-7
6275 3.105547158509768e-7
6276 3.105547158509768e-7
6277 3.105547158509768e-7
6278 3.105547158509768e-7
6279 3.105547158509768e-7
6280 3.105547158509768e-7
6281 3.105547158509768e-7
6282 3.105547158509768e-7
6283 3.105547158509768e-7
6284 3.105547158509768e-7
6285 3.105547158509768e-7
6286 3.105547158509768e-7
6287 3.105547158509768e-7
6288 3.105547158509768e-7
6289 3.105547158509768e-7
6290 3.105547158509768e-7
6291 3.105547158509768e-7
6292 3.105547158509768e-7
6293 3.105547158509768e-7
6294 3.105547158509768e-7
6295 3.105547158509768e-7
6296 3.105547158509768e-7
6297 3.105547158509768e-7
6298 3.105547158509768e-7
6299 3.105547158509768e-7
6300 3.105547158509768e-7
6301 3.105547158509768e-7
6302 3.105547158509768e-7
6303 3.105547158509768e-7
6304 3.105547158509768e-7
6305 3.1076780624731594e-7
6306 3.1076780624731594e-7
6307 3.1076780624731594e-7
6308 3.1076780624731594e-7
6309 3.1076780624731594e-7
6310 3.1076780624731594e-7
6311 3.1076780624731594e-7
6312 3.1076780624731594e-7
6313 3.1076780624731594e-7
6314 3.1076780624731594e-7
6315 3.117339191708096e-7
6316 3.117339191708096e-7
6317 3.117339191708096e-7
6318 3.1181402800230963e-7
6319 3.1181402800230963e-7
6320 3.1181402800230963e-7
6321 3.1181402800230963e-7
6322 3.1181402800230963e-7
6323 3.1181402800230963e-7
6324 3.1181402800230963e-7
6325 3.1181402800230963e-7
6326 3.1181402800230963e-7
6327 3.1181402800230963e-7
6328 3.1181402800230963e-7
6329 3.1181402800230963e-7
6330 3.1181402800230963e-7
6331 3.1181402800230963e-7
6332 3.1181402800230963e-7
6333 3.1235396196667056e-7
6334 3.1235396196667056e-7
6335 3.1235396196667056e-7
6336 3.1235396196667056e-7
6337 3.129099174528588e-7
6338 3.129099174528588e-7
6339 3.129099174528588e-7
6340 3.137222209553742e-7
6341 3.137222209553742e-7
6342 3.137222209553742e-7
6343 3.137222209553742e-7
6344 3.137222209553742e-7
6345 3.137222209553742e-7
6346 3.137222209553742e-7
6347 3.137222209553742e-7
6348 3.137222209553742e-7
6349 3.137222209553742e-7
6350 3.137222209553742e-7
6351 3.137222209553742e-7
6352 3.137222209553742e-7
6353 3.137222209553742e-7
6354 3.137222209553742e-7
6355 3.137222209553742e-7
6356 3.137222209553742e-7
6357 3.137222209553742e-7
6358 3.137222209553742e-7
6359 3.137222209553742e-7
6360 3.137222209553742e-7
6361 3.137222209553742e-7
6362 3.137222209553742e-7
6363 3.137222209553742e-7
6364 3.137222209553742e-7
6365 3.139881828626888e-7
6366 3.139881828626888e-7
6367 3.139881828626888e-7
6368 3.139881828626888e-7
6369 3.139881828626888e-7
6370 3.139881828626888e-7
6371 3.139881828626888e-7
6372 3.139881828626888e-7
6373 3.139881828626888e-7
6374 3.139881828626888e-7
6375 3.139881828626888e-7
6376 3.139881828626888e-7
6377 3.139881828626888e-7
6378 3.142525416399297e-7
6379 3.142525416399297e-7
6380 3.142525416399297e-7
6381 3.142525416399297e-7
6382 3.142525416399297e-7
6383 3.142525416399297e-7
6384 3.142525416399297e-7
6385 3.142525416399297e-7
6386 3.142525416399297e-7
6387 3.142525416399297e-7
6388 3.142525416399297e-7
6389 3.142525416399297e-7
6390 3.142525416399297e-7
6391 3.142525416399297e-7
6392 3.142525416399297e-7
6393 3.142525416399297e-7
6394 3.142525416399297e-7
6395 3.142525416399297e-7
6396 3.142525416399297e-7
6397 3.142525416399297e-7
6398 3.142525416399297e-7
6399 3.142525416399297e-7
6400 3.142525416399297e-7
6401 3.142525416399297e-7
6402 3.142525416399297e-7
6403 3.142525416399297e-7
6404 3.142525416399297e-7
6405 3.1472838768343604e-7
6406 3.1472838768343604e-7
6407 3.1472838768343604e-7
6408 3.1472838768343604e-7
6409 3.1472838768343604e-7
6410 3.1472838768343604e-7
6411 3.1472838768343604e-7
6412 3.1472838768343604e-7
6413 3.1472838768343604e-7
6414 3.1472838768343604e-7
6415 3.1472838768343604e-7
6416 3.1472838768343604e-7
6417 3.1472838768343604e-7
6418 3.1472838768343604e-7
6419 3.1472838768343604e-7
6420 3.1472838768343604e-7
6421 3.1472838768343604e-7
6422 3.1472838768343604e-7
6423 3.1472838768343604e-7
6424 3.1686569072112143e-7
6425 3.1686569072112143e-7
6426 3.1686569072112143e-7
6427 3.1686569072112143e-7
6428 3.1686569072112143e-7
6429 3.1686569072112143e-7
6430 3.1686569072112143e-7
6431 3.1686569072112143e-7
6432 3.1686569072112143e-7
6433 3.1686569072112143e-7
6434 3.1686569072112143e-7
6435 3.1686569072112143e-7
6436 3.1686569072112143e-7
6437 3.1686569072112143e-7
6438 3.1686569072112143e-7
6439 3.1686569072112143e-7
6440 3.1686569072112143e-7
6441 3.1686569072112143e-7
6442 3.1686569072112143e-7
6443 3.1686569072112143e-7
6444 3.171236406451587e-7
6445 3.171236406451587e-7
6446 3.171236406451587e-7
6447 3.171236406451587e-7
6448 3.171236406451587e-7
6449 3.171236406451587e-7
6450 3.171236406451587e-7
6451 3.171236406451587e-7
6452 3.171236406451587e-7
6453 3.171236406451587e-7
6454 3.171236406451587e-7
6455 3.171236406451587e-7
6456 3.171236406451587e-7
6457 3.171236406451587e-7
6458 3.171236406451587e-7
6459 3.171236406451587e-7
6460 3.171236406451587e-7
6461 3.171236406451587e-7
6462 3.171236406451587e-7
6463 3.171236406451587e-7
6464 3.179151156803532e-7
6465 3.179151156803532e-7
6466 3.179151156803532e-7
6467 3.179151156803532e-7
6468 3.179151156803532e-7
6469 3.179151156803532e-7
6470 3.180080422182605e-7
6471 3.180080422182605e-7
6472 3.180080422182605e-7
6473 3.180080422182605e-7
6474 3.180080422182605e-7
6475 3.180080422182605e-7
6476 3.180080422182605e-7
6477 3.180080422182605e-7
6478 3.180080422182605e-7
6479 3.186232780686278e-7
6480 3.186232780686278e-7
6481 3.186232780686278e-7
6482 3.186232780686278e-7
6483 3.186232780686278e-7
6484 3.186232780686278e-7
6485 3.186232780686278e-7
6486 3.1921768606285603e-7
6487 3.1921768606285603e-7
6488 3.1921768606285603e-7
6489 3.194596150762479e-7
6490 3.194596150762479e-7
6491 3.194596150762479e-7
6492 3.194596150762479e-7
6493 3.194596150762479e-7
6494 3.194596150762479e-7
6495 3.194596150762479e-7
6496 3.194596150762479e-7
6497 3.194596150762479e-7
6498 3.194596150762479e-7
6499 3.194596150762479e-7
6500 3.194596150762479e-7
6501 3.194596150762479e-7
6502 3.194596150762479e-7
6503 3.194596150762479e-7
6504 3.194596150762479e-7
6505 3.194596150762479e-7
6506 3.2044495455935255e-7
6507 3.2044495455935255e-7
6508 3.2044495455935255e-7
6509 3.208615202386798e-7
6510 3.208615202386798e-7
6511 3.210585872796461e-7
6512 3.210585872796461e-7
6513 3.210585872796461e-7
6514 3.210585872796461e-7
6515 3.210585872796461e-7
6516 3.210585872796461e-7
6517 3.210585872796461e-7
6518 3.210585872796461e-7
6519 3.210585872796461e-7
6520 3.2228265073835886e-7
6521 3.2228265073835886e-7
6522 3.224893316703125e-7
6523 3.224893316703125e-7
6524 3.224893316703125e-7
6525 3.224893316703125e-7
6526 3.224893316703125e-7
6527 3.2274728220553163e-7
6528 3.2274728220553163e-7
6529 3.2274728220553163e-7
6530 3.229715871782044e-7
6531 3.236412970584389e-7
6532 3.236412970584389e-7
6533 3.236412970584389e-7
6534 3.236412970584389e-7
6535 3.236412970584389e-7
6536 3.236412970584389e-7
6537 3.236412970584389e-7
6538 3.236412970584389e-7
6539 3.236412970584389e-7
6540 3.236412970584389e-7
6541 3.236412970584389e-7
6542 3.236412970584389e-7
6543 3.236412970584389e-7
6544 3.236412970584389e-7
6545 3.2529634519941433e-7
6546 3.2529634519941433e-7
6547 3.2529634519941433e-7
6548 3.2529634519941433e-7
6549 3.2529634519941433e-7
6550 3.2529634519941433e-7
6551 3.2529634519941433e-7
6552 3.2529634519941433e-7
6553 3.2529634519941433e-7
6554 3.257786007073062e-7
6555 3.257786007073062e-7
6556 3.257786007073062e-7
6557 3.257786007073062e-7
6558 3.257786007073062e-7
6559 3.257786007073062e-7
6560 3.257786007073062e-7
6561 3.2624002774787713e-7
6562 3.2624002774787713e-7
6563 3.2624002774787713e-7
6564 3.2624002774787713e-7
6565 3.2644831119872264e-7
6566 3.2644831119872264e-7
6567 3.2749933867684626e-7
6568 3.2749933867684626e-7
6569 3.2749933867684626e-7
6570 3.2749933867684626e-7
6571 3.275826519349481e-7
6572 3.275826519349481e-7
6573 3.282331358667536e-7
6574 3.282331358667536e-7
6575 3.282331358667536e-7
6576 3.282331358667536e-7
6577 3.282331358667536e-7
6578 3.282331358667536e-7
6579 3.282331358667536e-7
6580 3.282331358667536e-7
6581 3.282331358667536e-7
6582 3.282331358667536e-7
6583 3.282331358667536e-7
6584 3.282331358667536e-7
6585 3.282331358667536e-7
6586 3.282331358667536e-7
6587 3.282331358667536e-7
6588 3.282331358667536e-7
6589 3.282331358667536e-7
6590 3.282331358667536e-7
6591 3.282331358667536e-7
6592 3.282331358667536e-7
6593 3.282331358667536e-7
6594 3.282331358667536e-7
6595 3.282331358667536e-7
6596 3.282331358667536e-7
6597 3.282331358667536e-7
6598 3.282331358667536e-7
6599 3.282331358667536e-7
6600 3.282331358667536e-7
6601 3.282331358667536e-7
6602 3.282331358667536e-7
6603 3.282331358667536e-7
6604 3.287346179342564e-7
6605 3.287346179342564e-7
6606 3.287346179342564e-7
6607 3.287346179342564e-7
6608 3.287346179342564e-7
6609 3.287346179342564e-7
6610 3.287346179342564e-7
6611 3.287346179342564e-7
6612 3.287346179342564e-7
6613 3.287346179342564e-7
6614 3.287346179342564e-7
6615 3.287346179342564e-7
6616 3.287346179342564e-7
6617 3.287346179342564e-7
6618 3.287346179342564e-7
6619 3.287346179342564e-7
6620 3.287346179342564e-7
6621 3.287346179342564e-7
6622 3.287346179342564e-7
6623 3.287346179342564e-7
6624 3.287346179342564e-7
6625 3.287346179342564e-7
6626 3.287346179342564e-7
6627 3.287346179342564e-7
6628 3.287346179342564e-7
6629 3.293146057031855e-7
6630 3.293146057031855e-7
6631 3.293146057031855e-7
6632 3.293146057031855e-7
6633 3.293146057031855e-7
6634 3.293146057031855e-7
6635 3.293146057031855e-7
6636 3.293146057031855e-7
6637 3.293146057031855e-7
6638 3.293146057031855e-7
6639 3.293146057031855e-7
6640 3.293146057031855e-7
6641 3.293146057031855e-7
6642 3.293146057031855e-7
6643 3.293146057031855e-7
6644 3.307101014012318e-7
6645 3.307101014012318e-7
6646 3.307101014012318e-7
6647 3.307101014012318e-7
6648 3.307101014012318e-7
6649 3.3150478086302816e-7
6650 3.3150478086302816e-7
6651 3.318844965532072e-7
6652 3.318844965532072e-7
6653 3.318844965532072e-7
6654 3.318844965532072e-7
6655 3.322930514716208e-7
6656 3.322930514716208e-7
6657 3.322930514716208e-7
6658 3.322930514716208e-7
6659 3.322930514716208e-7
6660 3.322930514716208e-7
6661 3.327288443217409e-7
6662 3.327288443217409e-7
6663 3.327288443217409e-7
6664 3.327288443217409e-7
6665 3.327288443217409e-7
6666 3.327288443217409e-7
6667 3.327288443217409e-7
6668 3.327288443217409e-7
6669 3.327288443217409e-7
6670 3.327288443217409e-7
6671 3.3336651115832096e-7
6672 3.3336651115832096e-7
6673 3.3336651115832096e-7
6674 3.3336651115832096e-7
6675 3.3336651115832096e-7
6676 3.3336651115832096e-7
6677 3.3336651115832096e-7
6678 3.3336651115832096e-7
6679 3.3336651115832096e-7
6680 3.3647954101048736e-7
6681 3.3647954101048736e-7
6682 3.3647954101048736e-7
6683 3.3647954101048736e-7
6684 3.3647954101048736e-7
6685 3.3647954101048736e-7
6686 3.3647954101048736e-7
6687 3.3688008516798736e-7
6688 3.3688008516798736e-7
6689 3.37867026558802e-7
6690 3.37867026558802e-7
6691 3.37867026558802e-7
6692 3.3808332015937925e-7
6693 3.3808332015937925e-7
6694 3.3808332015937925e-7
6695 3.3852071430602743e-7
6696 3.3852071430602743e-7
6697 3.3852071430602743e-7
6698 3.3852071430602743e-7
6699 3.3852071430602743e-7
6700 3.3852071430602743e-7
6701 3.3852071430602743e-7
6702 3.3852071430602743e-7
6703 3.3852071430602743e-7
6704 3.3852071430602743e-7
6705 3.3852071430602743e-7
6706 3.3852071430602743e-7
6707 3.3852071430602743e-7
6708 3.3852071430602743e-7
6709 3.3852071430602743e-7
6710 3.3852071430602743e-7
6711 3.3852071430602743e-7
6712 3.392352849363238e-7
6713 3.392352849363238e-7
6714 3.392352849363238e-7
6715 3.392352849363238e-7
6716 3.392352849363238e-7
6717 3.392352849363238e-7
6718 3.392352849363238e-7
6719 3.392352849363238e-7
6720 3.392352849363238e-7
6721 3.392352849363238e-7
6722 3.392352849363238e-7
6723 3.392352849363238e-7
6724 3.392352849363238e-7
6725 3.400972555232128e-7
6726 3.400972555232128e-7
6727 3.400972555232128e-7
6728 3.400972555232128e-7
6729 3.400972555232128e-7
6730 3.400972555232128e-7
6731 3.400972555232128e-7
6732 3.404449275585555e-7
6733 3.404449275585555e-7
6734 3.404449275585555e-7
6735 3.404449275585555e-7
6736 3.404449275585555e-7
6737 3.4098325839284275e-7
6738 3.4098325839284275e-7
6739 3.4173467962346915e-7
6740 3.4173467962346915e-7
6741 3.4173467962346915e-7
6742 3.4173467962346915e-7
6743 3.4173467962346915e-7
6744 3.4173467962346915e-7
6745 3.4173467962346915e-7
6746 3.4173467962346915e-7
6747 3.4173467962346915e-7
6748 3.4173467962346915e-7
6749 3.4173467962346915e-7
6750 3.4264151218278376e-7
6751 3.4264151218278376e-7
6752 3.4264151218278376e-7
6753 3.4264151218278376e-7
6754 3.4264151218278376e-7
6755 3.4264151218278376e-7
6756 3.4264151218278376e-7
6757 3.4264151218278376e-7
6758 3.434137612695492e-7
6759 3.434137612695492e-7
6760 3.434137612695492e-7
6761 3.434137612695492e-7
6762 3.434137612695492e-7
6763 3.434137612695492e-7
6764 3.434137612695492e-7
6765 3.434137612695492e-7
6766 3.434137612695492e-7
6767 3.434137612695492e-7
6768 3.434137612695492e-7
6769 3.434137612695492e-7
6770 3.439761249977592e-7
6771 3.439761249977592e-7
6772 3.439761249977592e-7
6773 3.441699882233055e-7
6774 3.441699882233055e-7
6775 3.441699882233055e-7
6776 3.441699882233055e-7
6777 3.441699882233055e-7
6778 3.441699882233055e-7
6779 3.441699882233055e-7
6780 3.441699882233055e-7
6781 3.441699882233055e-7
6782 3.443750672475492e-7
6783 3.443750672475492e-7
6784 3.443750672475492e-7
6785 3.446570506766911e-7
6786 3.446570506766911e-7
6787 3.446570506766911e-7
6788 3.446570506766911e-7
6789 3.457337129564474e-7
6790 3.477588641189783e-7
6791 3.477588641189783e-7
6792 3.477588641189783e-7
6793 3.477588641189783e-7
6794 3.477588641189783e-7
6795 3.477588641189783e-7
6796 3.477588641189783e-7
6797 3.477588641189783e-7
6798 3.477588641189783e-7
6799 3.477588641189783e-7
6800 3.477588641189783e-7
6801 3.483901221023547e-7
6802 3.483901221023547e-7
6803 3.483901221023547e-7
6804 3.483901221023547e-7
6805 3.483901221023547e-7
6806 3.483901221023547e-7
6807 3.483901221023547e-7
6808 3.483901221023547e-7
6809 3.483901221023547e-7
6810 3.483901221023547e-7
6811 3.483901221023547e-7
6812 3.483901221023547e-7
6813 3.483901221023547e-7
6814 3.483901221023547e-7
6815 3.483901221023547e-7
6816 3.483901221023547e-7
6817 3.483901221023547e-7
6818 3.483901221023547e-7
6819 3.483901221023547e-7
6820 3.483901221023547e-7
6821 3.483901221023547e-7
6822 3.483901221023547e-7
6823 3.483901221023547e-7
6824 3.483901221023547e-7
6825 3.483901221023547e-7
6826 3.483901221023547e-7
6827 3.483901221023547e-7
6828 3.483901221023547e-7
6829 3.483901221023547e-7
6830 3.483901221023547e-7
6831 3.483901221023547e-7
6832 3.483901221023547e-7
6833 3.483901221023547e-7
6834 3.483901221023547e-7
6835 3.483901221023547e-7
6836 3.4892044278691017e-7
6837 3.4892044278691017e-7
6838 3.4892044278691017e-7
6839 3.4892044278691017e-7
6840 3.4892044278691017e-7
6841 3.4892044278691017e-7
6842 3.4892044278691017e-7
6843 3.4892044278691017e-7
6844 3.4988335067262016e-7
6845 3.4988335067262016e-7
6846 3.5011887144399026e-7
6847 3.5011887144399026e-7
6848 3.5011887144399026e-7
6849 3.5011887144399026e-7
6850 3.5011887144399026e-7
6851 3.5011887144399026e-7
6852 3.5035439160417844e-7
6853 3.5035439160417844e-7
6854 3.5035439160417844e-7
6855 3.505386415499193e-7
6856 3.505386415499193e-7
6857 3.505386415499193e-7
6858 3.505386415499193e-7
6859 3.505386415499193e-7
6860 3.505386415499193e-7
6861 3.505386415499193e-7
6862 3.505386415499193e-7
6863 3.505386415499193e-7
6864 3.505386415499193e-7
6865 3.505386415499193e-7
6866 3.505386415499193e-7
6867 3.505386415499193e-7
6868 3.505386415499193e-7
6869 3.505386415499193e-7
6870 3.505386415499193e-7
6871 3.505386415499193e-7
6872 3.505386415499193e-7
6873 3.515303886638638e-7
6874 3.515303886638638e-7
6875 3.515303886638638e-7
6876 3.515303886638638e-7
6877 3.515303886638638e-7
6878 3.515303886638638e-7
6879 3.515303886638638e-7
6880 3.515303886638638e-7
6881 3.515303886638638e-7
6882 3.515303886638638e-7
6883 3.515303886638638e-7
6884 3.515303886638638e-7
6885 3.515303886638638e-7
6886 3.515303886638638e-7
6887 3.515303886638638e-7
6888 3.515303886638638e-7
6889 3.515303886638638e-7
6890 3.515303886638638e-7
6891 3.515303886638638e-7
6892 3.522369491444284e-7
6893 3.522369491444284e-7
6894 3.522369491444284e-7
6895 3.522369491444284e-7
6896 3.522369491444284e-7
6897 3.5263268635643475e-7
6898 3.5263268635643475e-7
6899 3.5263268635643475e-7
6900 3.5263268635643475e-7
6901 3.5263268635643475e-7
6902 3.5263268635643475e-7
6903 3.5263268635643475e-7
6904 3.5263268635643475e-7
6905 3.530220153264193e-7
6906 3.530220153264193e-7
6907 3.530220153264193e-7
6908 3.530220153264193e-7
6909 3.530220153264193e-7
6910 3.530220153264193e-7
6911 3.530220153264193e-7
6912 3.530220153264193e-7
6913 3.530220153264193e-7
6914 3.530220153264193e-7
6915 3.530220153264193e-7
6916 3.530220153264193e-7
6917 3.530220153264193e-7
6918 3.530220153264193e-7
6919 3.530220153264193e-7
6920 3.530220153264193e-7
6921 3.530220153264193e-7
6922 3.530220153264193e-7
6923 3.53669294831623e-7
6924 3.53669294831623e-7
6925 3.53669294831623e-7
6926 3.53669294831623e-7
6927 3.53669294831623e-7
6928 3.53669294831623e-7
6929 3.53669294831623e-7
6930 3.53669294831623e-7
6931 3.53669294831623e-7
6932 3.53669294831623e-7
6933 3.53669294831623e-7
6934 3.53669294831623e-7
6935 3.53669294831623e-7
6936 3.53669294831623e-7
6937 3.542268522255212e-7
6938 3.542268522255212e-7
6939 3.542268522255212e-7
6940 3.542268522255212e-7
6941 3.542268522255212e-7
6942 3.542268522255212e-7
6943 3.542268522255212e-7
6944 3.542268522255212e-7
6945 3.542268522255212e-7
6946 3.542268522255212e-7
6947 3.542268522255212e-7
6948 3.542268522255212e-7
6949 3.549157880541848e-7
6950 3.549157880541848e-7
6951 3.5504716648895023e-7
6952 3.5504716648895023e-7
6953 3.5504716648895023e-7
6954 3.5504716648895023e-7
6955 3.5504716648895023e-7
6956 3.5504716648895023e-7
6957 3.5504716648895023e-7
6958 3.5504716648895023e-7
6959 3.5504716648895023e-7
6960 3.5504716648895023e-7
6961 3.5504716648895023e-7
6962 3.5504716648895023e-7
6963 3.5504716648895023e-7
6964 3.553371606790057e-7
6965 3.553371606790057e-7
6966 3.553371606790057e-7
6967 3.553371606790057e-7
6968 3.553371606790057e-7
6969 3.553371606790057e-7
6970 3.553371606790057e-7
6971 3.553371606790057e-7
6972 3.553371606790057e-7
6973 3.553371606790057e-7
6974 3.5575372696951487e-7
6975 3.5575372696951487e-7
6976 3.5575372696951487e-7
6977 3.56091786336234e-7
6978 3.56091786336234e-7
6979 3.56091786336234e-7
6980 3.56091786336234e-7
6981 3.56091786336234e-7
6982 3.56091786336234e-7
6983 3.56091786336234e-7
6984 3.56091786336234e-7
6985 3.56091786336234e-7
6986 3.56091786336234e-7
6987 3.56091786336234e-7
6988 3.56091786336234e-7
6989 3.56091786336234e-7
6990 3.56091786336234e-7
6991 3.56091786336234e-7
6992 3.56091786336234e-7
6993 3.56091786336234e-7
6994 3.56091786336234e-7
6995 3.56091786336234e-7
6996 3.5753534782212586e-7
6997 3.5753534782212586e-7
6998 3.5753534782212586e-7
6999 3.5753534782212586e-7
7000 3.5753534782212586e-7
7001 3.5753534782212586e-7
7002 3.5753534782212586e-7
7003 3.5753534782212586e-7
7004 3.5753534782212586e-7
7005 3.5753534782212586e-7
7006 3.5753534782212586e-7
7007 3.5753534782212586e-7
7008 3.5753534782212586e-7
7009 3.5753534782212586e-7
7010 3.5753534782212586e-7
7011 3.5753534782212586e-7
7012 3.5753534782212586e-7
7013 3.5753534782212586e-7
7014 3.5753534782212586e-7
7015 3.5753534782212586e-7
7016 3.5753534782212586e-7
7017 3.5753534782212586e-7
7018 3.5753534782212586e-7
7019 3.5753534782212586e-7
7020 3.5753534782212586e-7
7021 3.5753534782212586e-7
7022 3.5753534782212586e-7
7023 3.5838930825928314e-7
7024 3.5838930825928314e-7
7025 3.5838930825928314e-7
7026 3.5838930825928314e-7
7027 3.5838930825928314e-7
7028 3.5838930825928314e-7
7029 3.587770353215577e-7
7030 3.587770353215577e-7
7031 3.587770353215577e-7
7032 3.587770353215577e-7
7033 3.5992259185648047e-7
7034 3.5992259185648047e-7
7035 3.5992259185648047e-7
7036 3.5992259185648047e-7
7037 3.5992259185648047e-7
7038 3.5938746544879507e-7
7039 3.5938746544879507e-7
7040 3.5938746544879507e-7
7041 3.5938746544879507e-7
7042 3.5938746544879507e-7
7043 3.5938746544879507e-7
7044 3.5938746544879507e-7
7045 3.5938746544879507e-7
7046 3.5938746544879507e-7
7047 3.5938746544879507e-7
7048 3.5938746544879507e-7
7049 3.5961016790257597e-7
7050 3.5961016790257597e-7
7051 3.5961016790257597e-7
7052 3.600267335819032e-7
7053 3.600267335819032e-7
7054 3.600267335819032e-7
7055 3.600267335819032e-7
7056 3.600267335819032e-7
7057 3.600267335819032e-7
7058 3.600267335819032e-7
7059 3.600267335819032e-7
7060 3.600267335819032e-7
7061 3.6111781669814056e-7
7062 3.6111781669814056e-7
7063 3.6162570639648324e-7
7064 3.6162570639648324e-7
7065 3.6162570639648324e-7
7066 3.6162570639648324e-7
7067 3.6162570639648324e-7
7068 3.6162570639648324e-7
7069 3.6162570639648324e-7
7070 3.6162570639648324e-7
7071 3.6162570639648324e-7
7072 3.6162570639648324e-7
7073 3.6162570639648324e-7
7074 3.6162570639648324e-7
7075 3.6162570639648324e-7
7076 3.6284816672512226e-7
7077 3.6284816672512226e-7
7078 3.6284816672512226e-7
7079 3.6284816672512226e-7
7080 3.6284816672512226e-7
7081 3.6284816672512226e-7
7082 3.6284816672512226e-7
7083 3.6284816672512226e-7
7084 3.6284816672512226e-7
7085 3.6284816672512226e-7
7086 3.6284816672512226e-7
7087 3.6284816672512226e-7
7088 3.638639461218077e-7
7089 3.638639461218077e-7
7090 3.638639461218077e-7
7091 3.638639461218077e-7
7092 3.638639461218077e-7
7093 3.638639461218077e-7
7094 3.638639461218077e-7
7095 3.638639461218077e-7
7096 3.638639461218077e-7
7097 3.638639461218077e-7
7098 3.638639461218077e-7
7099 3.638639461218077e-7
7100 3.638639461218077e-7
7101 3.638639461218077e-7
7102 3.638639461218077e-7
7103 3.638639461218077e-7
7104 3.638639461218077e-7
7105 3.638639461218077e-7
7106 3.638639461218077e-7
7107 3.638639461218077e-7
7108 3.638639461218077e-7
7109 3.638639461218077e-7
7110 3.652001620668568e-7
7111 3.652001620668568e-7
7112 3.652001620668568e-7
7113 3.652001620668568e-7
7114 3.661726838435541e-7
7115 3.661726838435541e-7
7116 3.661726838435541e-7
7117 3.661726838435541e-7
7118 3.661726838435541e-7
7119 3.661726838435541e-7
7120 3.661726838435541e-7
7121 3.661726838435541e-7
7122 3.6653637862308785e-7
7123 3.6653637862308785e-7
7124 3.6653637862308785e-7
7125 3.6653637862308785e-7
7126 3.6653637862308785e-7
7127 3.6653637862308785e-7
7128 3.6653637862308785e-7
7129 3.6653637862308785e-7
7130 3.6653637862308785e-7
7131 3.6653637862308785e-7
7132 3.6653637862308785e-7
7133 3.6653637862308785e-7
7134 3.6653637862308785e-7
7135 3.6653637862308785e-7
7136 3.6653637862308785e-7
7137 3.66792727250597e-7
7138 3.66792727250597e-7
7139 3.66792727250597e-7
7140 3.66792727250597e-7
7141 3.66792727250597e-7
7142 3.66792727250597e-7
7143 3.66792727250597e-7
7144 3.66792727250597e-7
7145 3.66792727250597e-7
7146 3.66792727250597e-7
7147 3.66792727250597e-7
7148 3.66792727250597e-7
7149 3.66792727250597e-7
7150 3.66792727250597e-7
7151 3.66792727250597e-7
7152 3.66792727250597e-7
7153 3.66792727250597e-7
7154 3.66792727250597e-7
7155 3.6734707960671145e-7
7156 3.6734707960671145e-7
7157 3.6734707960671145e-7
7158 3.6780209718289684e-7
7159 3.6780209718289684e-7
7160 3.6780209718289684e-7
7161 3.6780209718289684e-7
7162 3.6780209718289684e-7
7163 3.6780209718289684e-7
7164 3.6780209718289684e-7
7165 3.6780209718289684e-7
7166 3.6780209718289684e-7
7167 3.6780209718289684e-7
7168 3.6780209718289684e-7
7169 3.6780209718289684e-7
7170 3.6780209718289684e-7
7171 3.6780209718289684e-7
7172 3.6780209718289684e-7
7173 3.6780209718289684e-7
7174 3.6780209718289684e-7
7175 3.6780209718289684e-7
7176 3.6780209718289684e-7
7177 3.6780209718289684e-7
7178 3.6848302163946496e-7
7179 3.6848302163946496e-7
7180 3.6848302163946496e-7
7181 3.6928571186217493e-7
7182 3.6928571186217493e-7
7183 3.6928571186217493e-7
7184 3.6928571186217493e-7
7185 3.6928571186217493e-7
7186 3.6928571186217493e-7
7187 3.6928571186217493e-7
7188 3.6928571186217493e-7
7189 3.6958852314745584e-7
7190 3.6958852314745584e-7
7191 3.699025496202522e-7
7192 3.699025496202522e-7
7193 3.699025496202522e-7
7194 3.7051137661741583e-7
7195 3.7051137661741583e-7
7196 3.7051137661741583e-7
7197 3.7051137661741583e-7
7198 3.7051137661741583e-7
7199 3.7105932134269043e-7
7200 3.7105932134269043e-7
7201 3.7105932134269043e-7
7202 3.71831569818274e-7
7203 3.71831569818274e-7
7204 3.71831569818274e-7
7205 3.71831569818274e-7
7206 3.71831569818274e-7
7207 3.71831569818274e-7
7208 3.71831569818274e-7
7209 3.71831569818274e-7
7210 3.71831569818274e-7
7211 3.71831569818274e-7
7212 3.7191488307637583e-7
7213 3.723586866874095e-7
7214 3.7271757391026766e-7
7215 3.7271757391026766e-7
7216 3.7271757391026766e-7
7217 3.7271757391026766e-7
7218 3.7271757391026766e-7
7219 3.7271757391026766e-7
7220 3.7271757391026766e-7
7221 3.7271757391026766e-7
7222 3.7271757391026766e-7
7223 3.7271757391026766e-7
7224 3.7271757391026766e-7
7225 3.7271757391026766e-7
7226 3.735987704455858e-7
7227 3.738487089975275e-7
7228 3.738487089975275e-7
7229 3.738487089975275e-7
7230 3.738487089975275e-7
7231 3.738487089975275e-7
7232 3.7405218489169744e-7
7233 3.7405218489169744e-7
7234 3.7405218489169744e-7
7235 3.742492531550275e-7
7236 3.742492531550275e-7
7237 3.742492531550275e-7
7238 3.742492531550275e-7
7239 3.742492531550275e-7
7240 3.746850460051476e-7
7241 3.746850460051476e-7
7242 3.746850460051476e-7
7243 3.746850460051476e-7
7244 3.746850460051476e-7
7245 3.746850460051476e-7
7246 3.746850460051476e-7
7247 3.746850460051476e-7
7248 3.746850460051476e-7
7249 3.750407294125858e-7
7250 3.750407294125858e-7
7251 3.750407294125858e-7
7252 3.750407294125858e-7
7253 3.7541243373066934e-7
7254 3.7541243373066934e-7
7255 3.7541243373066934e-7
7256 3.758001607929439e-7
7257 3.758001607929439e-7
7258 3.758001607929439e-7
7259 3.7625678211038495e-7
7260 3.7625678211038495e-7
7261 3.7625678211038495e-7
7262 3.7625678211038495e-7
7263 3.7625678211038495e-7
7264 3.7625678211038495e-7
7265 3.7625678211038495e-7
7266 3.7625678211038495e-7
7267 3.7625678211038495e-7
7268 3.7625678211038495e-7
7269 3.7625678211038495e-7
7270 3.7625678211038495e-7
7271 3.7625678211038495e-7
7272 3.7625678211038495e-7
7273 3.7625678211038495e-7
7274 3.7625678211038495e-7
7275 3.7625678211038495e-7
7276 3.7625678211038495e-7
7277 3.7625678211038495e-7
7278 3.7625678211038495e-7
7279 3.7625678211038495e-7
7280 3.7625678211038495e-7
7281 3.7625678211038495e-7
7282 3.7625678211038495e-7
7283 3.7625678211038495e-7
7284 3.7625678211038495e-7
7285 3.7625678211038495e-7
7286 3.7625678211038495e-7
7287 3.7625678211038495e-7
7288 3.7625678211038495e-7
7289 3.7625678211038495e-7
7290 3.7686400781102047e-7
7291 3.7686400781102047e-7
7292 3.774984696098168e-7
7293 3.774984696098168e-7
7294 3.774984696098168e-7
7295 3.774984696098168e-7
7296 3.774984696098168e-7
7297 3.774984696098168e-7
7298 3.774984696098168e-7
7299 3.7947074987255417e-7
7300 3.7947074987255417e-7
7301 3.7947074987255417e-7
7302 3.7947074987255417e-7
7303 3.7947074987255417e-7
7304 3.7947074987255417e-7
7305 3.7947074987255417e-7
7306 3.7947074987255417e-7
7307 3.7947074987255417e-7
7308 3.7947074987255417e-7
7309 3.7947074987255417e-7
7310 3.7947074987255417e-7
7311 3.7947074987255417e-7
7312 3.7947074987255417e-7
7313 3.7947074987255417e-7
7314 3.7947074987255417e-7
7315 3.7947074987255417e-7
7316 3.806884044780633e-7
7317 3.806884044780633e-7
7318 3.806884044780633e-7
7319 3.813420928364706e-7
7320 3.813420928364706e-7
7321 3.813420928364706e-7
7322 3.813420928364706e-7
7323 3.813420928364706e-7
7324 3.813420928364706e-7
7325 3.813420928364706e-7
7326 3.813420928364706e-7
7327 3.813420928364706e-7
7328 3.813420928364706e-7
7329 3.813420928364706e-7
7330 3.82413949393097e-7
7331 3.82413949393097e-7
7332 3.8314614467529435e-7
7333 3.8314614467529435e-7
7334 3.8314614467529435e-7
7335 3.8314614467529435e-7
7336 3.8314614467529435e-7
7337 3.8314614467529435e-7
7338 3.8314614467529435e-7
7339 3.8314614467529435e-7
7340 3.8314614467529435e-7
7341 3.8314614467529435e-7
7342 3.8314614467529435e-7
7343 3.8314614467529435e-7
7344 3.8314614467529435e-7
7345 3.8314614467529435e-7
7346 3.8314614467529435e-7
7347 3.8314614467529435e-7
7348 3.8314614467529435e-7
7349 3.8314614467529435e-7
7350 3.8314614467529435e-7
7351 3.8314614467529435e-7
7352 3.8314614467529435e-7
7353 3.8314614467529435e-7
7354 3.8314614467529435e-7
7355 3.8314614467529435e-7
7356 3.8314614467529435e-7
7357 3.8314614467529435e-7
7358 3.8314614467529435e-7
7359 3.8314614467529435e-7
7360 3.8314614467529435e-7
7361 3.8314614467529435e-7
7362 3.8314614467529435e-7
7363 3.8314614467529435e-7
7364 3.8314614467529435e-7
7365 3.8314614467529435e-7
7366 3.8314614467529435e-7
7367 3.8314614467529435e-7
7368 3.8314614467529435e-7
7369 3.8314614467529435e-7
7370 3.8314614467529435e-7
7371 3.838286722619362e-7
7372 3.838286722619362e-7
7373 3.84112257598788e-7
7374 3.84112257598788e-7
7375 3.8549012925611527e-7
7376 3.8549012925611527e-7
7377 3.8549012925611527e-7
7378 3.8549012925611527e-7
7379 3.8549012925611527e-7
7380 3.8549012925611527e-7
7381 3.8549012925611527e-7
7382 3.8549012925611527e-7
7383 3.8549012925611527e-7
7384 3.8549012925611527e-7
7385 3.8549012925611527e-7
7386 3.8549012925611527e-7
7387 3.8549012925611527e-7
7388 3.8549012925611527e-7
7389 3.8549012925611527e-7
7390 3.8593873920146076e-7
7391 3.8593873920146076e-7
7392 3.8593873920146076e-7
7393 3.8593873920146076e-7
7394 3.8619668973667986e-7
7395 3.8619668973667986e-7
7396 3.8619668973667986e-7
7397 3.8619668973667986e-7
7398 3.8619668973667986e-7
7399 3.8619668973667986e-7
7400 3.8619668973667986e-7
7401 3.871964482227199e-7
7402 3.871964482227199e-7
7403 3.871964482227199e-7
7404 3.871964482227199e-7
7405 3.871964482227199e-7
7406 3.871964482227199e-7
7407 3.871964482227199e-7
7408 3.871964482227199e-7
7409 3.871964482227199e-7
7410 3.871964482227199e-7
7411 3.871964482227199e-7
7412 3.871964482227199e-7
7413 3.871964482227199e-7
7414 3.871964482227199e-7
7415 3.8743357029061807e-7
7416 3.8743357029061807e-7
7417 3.8743357029061807e-7
7418 3.875168835487199e-7
7419 3.875168835487199e-7
7420 3.875168835487199e-7
7421 3.875168835487199e-7
7422 3.875168835487199e-7
7423 3.875168835487199e-7
7424 3.875168835487199e-7
7425 3.875168835487199e-7
7426 3.875168835487199e-7
7427 3.875168835487199e-7
7428 3.875168835487199e-7
7429 3.875168835487199e-7
7430 3.882010136542536e-7
7431 3.882010136542536e-7
7432 3.882010136542536e-7
7433 3.882010136542536e-7
7434 3.882010136542536e-7
7435 3.882010136542536e-7
7436 3.882010136542536e-7
7437 3.882010136542536e-7
7438 3.882010136542536e-7
7439 3.882010136542536e-7
7440 3.8900050006154363e-7
7441 3.8900050006154363e-7
7442 3.8900050006154363e-7
7443 3.8900050006154363e-7
7444 3.8900050006154363e-7
7445 3.8900050006154363e-7
7446 3.8900050006154363e-7
7447 3.8900050006154363e-7
7448 3.8920878229002536e-7
7449 3.8920878229002536e-7
7450 3.8920878229002536e-7
7451 3.8920878229002536e-7
7452 3.8920878229002536e-7
7453 3.8920878229002536e-7
7454 3.8920878229002536e-7
7455 3.8920878229002536e-7
7456 3.8920878229002536e-7
7457 3.8920878229002536e-7
7458 3.8920878229002536e-7
7459 3.8920878229002536e-7
7460 3.8920878229002536e-7
7461 3.8920878229002536e-7
7462 3.8920878229002536e-7
7463 3.8920878229002536e-7
7464 3.8920878229002536e-7
7465 3.8920878229002536e-7
7466 3.8920878229002536e-7
7467 3.8920878229002536e-7
7468 3.8934336515139263e-7
7469 3.8934336515139263e-7
7470 3.8934336515139263e-7
7471 3.8934336515139263e-7
7472 3.8934336515139263e-7
7473 3.8934336515139263e-7
7474 3.8934336515139263e-7
7475 3.8934336515139263e-7
7476 3.8934336515139263e-7
7477 3.8934336515139263e-7
7478 3.8934336515139263e-7
7479 3.8934336515139263e-7
7480 3.8934336515139263e-7
7481 3.897583295341918e-7
7482 3.897583295341918e-7
7483 3.897583295341918e-7
7484 3.9040560903939547e-7
7485 3.9040560903939547e-7
7486 3.907100228435682e-7
7487 3.907100228435682e-7
7488 3.907100228435682e-7
7489 3.907100228435682e-7
7490 3.907100228435682e-7
7491 3.907100228435682e-7
7492 3.907100228435682e-7
7493 3.907100228435682e-7
7494 3.907100228435682e-7
7495 3.907100228435682e-7
7496 3.907100228435682e-7
7497 3.907100228435682e-7
7498 3.907100228435682e-7
7499 3.907100228435682e-7
7500 3.907100228435682e-7
7501 3.907100228435682e-7
7502 3.907100228435682e-7
7503 3.907100228435682e-7
7504 3.907100228435682e-7
7505 3.907100228435682e-7
7506 3.907100228435682e-7
7507 3.907100228435682e-7
7508 3.907100228435682e-7
7509 3.907100228435682e-7
7510 3.907100228435682e-7
7511 3.907100228435682e-7
7512 3.907100228435682e-7
7513 3.907100228435682e-7
7514 3.912771922949081e-7
7515 3.912771922949081e-7
7516 3.912771922949081e-7
7517 3.912771922949081e-7
7518 3.912771922949081e-7
7519 3.912771922949081e-7
7520 3.912771922949081e-7
7521 3.9233462862623536e-7
7522 3.9233462862623536e-7
7523 3.9233462862623536e-7
7524 3.9233462862623536e-7
7525 3.9233462862623536e-7
7526 3.9233462862623536e-7
7527 3.9233462862623536e-7
7528 3.9233462862623536e-7
7529 3.929082075419608e-7
7530 3.929082075419608e-7
7531 3.929082075419608e-7
7532 3.929082075419608e-7
7533 3.929082075419608e-7
7534 3.929082075419608e-7
7535 3.929082075419608e-7
7536 3.929082075419608e-7
7537 3.929082075419608e-7
7538 3.929082075419608e-7
7539 3.929082075419608e-7
7540 3.929082075419608e-7
7541 3.929082075419608e-7
7542 3.929082075419608e-7
7543 3.929082075419608e-7
7544 3.929082075419608e-7
7545 3.929082075419608e-7
7546 3.929082075419608e-7
7547 3.929082075419608e-7
7548 3.938070287291799e-7
7549 3.938070287291799e-7
7550 3.938070287291799e-7
7551 3.9493015488907175e-7
7552 3.9493015488907175e-7
7553 3.9493015488907175e-7
7554 3.9493015488907175e-7
7555 3.9493015488907175e-7
7556 3.9493015488907175e-7
7557 3.9493015488907175e-7
7558 3.9493015488907175e-7
7559 3.9493015488907175e-7
7560 3.9493015488907175e-7
7561 3.9493015488907175e-7
7562 3.9521854656023535e-7
7563 3.9521854656023535e-7
7564 3.9521854656023535e-7
7565 3.9521854656023535e-7
7566 3.9521854656023535e-7
7567 3.9521854656023535e-7
7568 3.9521854656023535e-7
7569 3.9521854656023535e-7
7570 3.9521854656023535e-7
7571 3.9521854656023535e-7
7572 3.9521854656023535e-7
7573 3.9521854656023535e-7
7574 3.9521854656023535e-7
7575 3.9521854656023535e-7
7576 3.9521854656023535e-7
7577 3.9521854656023535e-7
7578 3.9521854656023535e-7
7579 3.9521854656023535e-7
7580 3.9521854656023535e-7
7581 3.9521854656023535e-7
7582 3.9521854656023535e-7
7583 3.9521854656023535e-7
7584 3.9521854656023535e-7
7585 3.9521854656023535e-7
7586 3.9521854656023535e-7
7587 3.9521854656023535e-7
7588 3.9521854656023535e-7
7589 3.9521854656023535e-7
7590 3.9521854656023535e-7
7591 3.9521854656023535e-7
7592 3.9521854656023535e-7
7593 3.9521854656023535e-7
7594 3.9521854656023535e-7
7595 3.9521854656023535e-7
7596 3.9521854656023535e-7
7597 3.9521854656023535e-7
7598 3.9521854656023535e-7
7599 3.9521854656023535e-7
7600 3.9521854656023535e-7
7601 3.9730618251354715e-7
7602 3.964474169644418e-7
7603 3.964474169644418e-7
7604 3.964474169644418e-7
7605 3.964474169644418e-7
7606 3.964474169644418e-7
7607 3.964474169644418e-7
7608 3.964474169644418e-7
7609 3.964474169644418e-7
7610 3.967406155810991e-7
7611 3.967406155810991e-7
7612 3.967406155810991e-7
7613 3.967406155810991e-7
7614 3.967406155810991e-7
7615 3.967406155810991e-7
7616 3.967406155810991e-7
7617 3.967406155810991e-7
7618 3.967406155810991e-7
7619 3.967406155810991e-7
7620 3.967406155810991e-7
7621 3.967406155810991e-7
7622 3.967406155810991e-7
7623 3.967406155810991e-7
7624 3.967406155810991e-7
7625 3.967406155810991e-7
7626 3.9719723567617636e-7
7627 3.9719723567617636e-7
7628 3.9719723567617636e-7
7629 3.9719723567617636e-7
7630 3.9719723567617636e-7
7631 3.9719723567617636e-7
7632 3.9719723567617636e-7
7633 3.9719723567617636e-7
7634 3.9719723567617636e-7
7635 3.9719723567617636e-7
7636 3.9719723567617636e-7
7637 3.9719723567617636e-7
7638 3.9719723567617636e-7
7639 3.9719723567617636e-7
7640 3.9719723567617636e-7
7641 3.9719723567617636e-7
7642 3.978557297577136e-7
7643 3.978557297577136e-7
7644 3.978557297577136e-7
7645 3.978557297577136e-7
7646 3.978557297577136e-7
7647 3.978557297577136e-7
7648 3.978557297577136e-7
7649 3.978557297577136e-7
7650 3.978557297577136e-7
7651 3.978557297577136e-7
7652 3.978557297577136e-7
7653 3.978557297577136e-7
7654 3.978557297577136e-7
7655 3.978557297577136e-7
7656 3.978557297577136e-7
7657 3.9874493705394536e-7
7658 3.9874493705394536e-7
7659 3.9874493705394536e-7
7660 3.9874493705394536e-7
7661 3.9874493705394536e-7
7662 3.9874493705394536e-7
7663 3.9874493705394536e-7
7664 3.9874493705394536e-7
7665 3.9874493705394536e-7
7666 3.9874493705394536e-7
7667 3.9874493705394536e-7
7668 3.9874493705394536e-7
7669 3.9874493705394536e-7
7670 3.9874493705394536e-7
7671 3.9874493705394536e-7
7672 3.9921277233653803e-7
7673 3.9921277233653803e-7
7674 3.9921277233653803e-7
7675 3.9921277233653803e-7
7676 3.9921277233653803e-7
7677 3.9921277233653803e-7
7678 3.9921277233653803e-7
7679 3.9921277233653803e-7
7680 3.9921277233653803e-7
7681 3.9921277233653803e-7
7682 3.9921277233653803e-7
7683 3.9921277233653803e-7
7684 3.9921277233653803e-7
7685 3.9921277233653803e-7
7686 3.9921277233653803e-7
7687 3.9921277233653803e-7
7688 3.9921277233653803e-7
7689 3.9921277233653803e-7
7690 3.9921277233653803e-7
7691 3.9921277233653803e-7
7692 3.9921277233653803e-7
7693 3.9921277233653803e-7
7694 3.9921277233653803e-7
7695 3.9921277233653803e-7
7696 3.9921277233653803e-7
7697 3.9921277233653803e-7
7698 3.9921277233653803e-7
7699 3.9921277233653803e-7
7700 3.9921277233653803e-7
7701 3.9921277233653803e-7
7702 3.9921277233653803e-7
7703 3.9921277233653803e-7
7704 3.9921277233653803e-7
7705 3.9921277233653803e-7
7706 3.9921277233653803e-7
7707 3.9921277233653803e-7
7708 3.9921277233653803e-7
7709 3.9921277233653803e-7
7710 3.9921277233653803e-7
7711 3.9921277233653803e-7
7712 3.9921277233653803e-7
7713 3.9921277233653803e-7
7714 3.9921277233653803e-7
7715 3.9921277233653803e-7
7716 3.9921277233653803e-7
7717 3.9921277233653803e-7
7718 3.9921277233653803e-7
7719 3.9921277233653803e-7
7720 3.9921277233653803e-7
7721 3.9921277233653803e-7
7722 3.9946111020313354e-7
7723 3.9946111020313354e-7
7724 3.9946111020313354e-7
7725 3.9946111020313354e-7
7726 3.9946111020313354e-7
7727 3.9946111020313354e-7
7728 3.9946111020313354e-7
7729 3.9946111020313354e-7
7730 3.9946111020313354e-7
7731 3.9946111020313354e-7
7732 3.9946111020313354e-7
7733 3.9946111020313354e-7
7734 3.9946111020313354e-7
7735 3.999657960860563e-7
7736 3.999657960860563e-7
7737 4.0025899348034986e-7
7738 4.0025899348034986e-7
7739 4.003182738445289e-7
7740 4.003182738445289e-7
7741 4.003182738445289e-7
7742 4.003182738445289e-7
7743 4.003182738445289e-7
7744 4.003182738445289e-7
7745 4.003182738445289e-7
7746 4.003182738445289e-7
7747 4.003182738445289e-7
7748 4.003182738445289e-7
7749 4.003182738445289e-7
7750 4.003182738445289e-7
7751 4.003182738445289e-7
7752 4.003182738445289e-7
7753 4.003182738445289e-7
7754 4.003182738445289e-7
7755 4.003182738445289e-7
7756 4.003182738445289e-7
7757 4.003182738445289e-7
7758 4.003182738445289e-7
7759 4.003182738445289e-7
7760 4.003182738445289e-7
7761 4.003182738445289e-7
7762 4.003182738445289e-7
7763 4.003182738445289e-7
7764 4.003182738445289e-7
7765 4.003182738445289e-7
7766 4.003182738445289e-7
7767 4.003182738445289e-7
7768 4.003182738445289e-7
7769 4.003182738445289e-7
7770 4.003182738445289e-7
7771 4.003182738445289e-7
7772 4.003182738445289e-7
7773 4.003182738445289e-7
7774 4.003182738445289e-7
7775 4.003182738445289e-7
7776 4.003182738445289e-7
7777 4.003182738445289e-7
7778 4.003182738445289e-7
7779 4.003182738445289e-7
7780 4.003182738445289e-7
7781 4.003182738445289e-7
7782 4.003182738445289e-7
7783 4.003182738445289e-7
7784 4.003182738445289e-7
7785 4.003182738445289e-7
7786 4.003182738445289e-7
7787 4.003182738445289e-7
7788 4.003182738445289e-7
7789 4.003182738445289e-7
7790 4.003182738445289e-7
7791 4.003182738445289e-7
7792 4.003182738445289e-7
7793 4.003182738445289e-7
7794 4.003182738445289e-7
7795 4.003182738445289e-7
7796 4.003182738445289e-7
7797 4.003182738445289e-7
7798 4.003182738445289e-7
7799 4.003182738445289e-7
7800 4.003182738445289e-7
7801 4.003182738445289e-7
7802 4.003182738445289e-7
7803 4.003182738445289e-7
7804 4.003182738445289e-7
7805 4.003182738445289e-7
7806 4.003182738445289e-7
7807 4.003182738445289e-7
7808 4.003182738445289e-7
7809 4.003182738445289e-7
7810 4.003182738445289e-7
7811 4.003182738445289e-7
7812 4.003182738445289e-7
7813 4.003182738445289e-7
7814 4.003182738445289e-7
7815 4.003182738445289e-7
7816 4.003182738445289e-7
7817 4.003182738445289e-7
7818 4.003182738445289e-7
7819 4.003182738445289e-7
7820 4.0128118234142077e-7
7821 4.0128118234142077e-7
7822 4.0128118234142077e-7
7823 4.0128118234142077e-7
7824 4.0128118234142077e-7
7825 4.0128118234142077e-7
7826 4.0128118234142077e-7
7827 4.0128118234142077e-7
7828 4.0128118234142077e-7
7829 4.0128118234142077e-7
7830 4.0128118234142077e-7
7831 4.0128118234142077e-7
7832 4.0128118234142077e-7
7833 4.0128118234142077e-7
7834 4.0128118234142077e-7
7835 4.0217519719432806e-7
7836 4.0217519719432806e-7
7837 4.0217519719432806e-7
7838 4.0217519719432806e-7
7839 4.0217519719432806e-7
7840 4.0217519719432806e-7
7841 4.0217519719432806e-7
7842 4.0217519719432806e-7
7843 4.02739162830248e-7
7844 4.02739162830248e-7
7845 4.02739162830248e-7
7846 4.02739162830248e-7
7847 4.02739162830248e-7
7848 4.0304037159663705e-7
7849 4.0304037159663705e-7
7850 4.0304037159663705e-7
7851 4.0304037159663705e-7
7852 4.0417471294404436e-7
7853 4.0417471294404436e-7
7854 4.0417471294404436e-7
7855 4.0417471294404436e-7
7856 4.0417471294404436e-7
7857 4.0417471294404436e-7
7858 4.0417471294404436e-7
7859 4.0417471294404436e-7
7860 4.0417471294404436e-7
7861 4.0417471294404436e-7
7862 4.049565746994334e-7
7863 4.049565746994334e-7
7864 4.049565746994334e-7
7865 4.049565746994334e-7
7866 4.0558302512613424e-7
7867 4.0558302512613424e-7
7868 4.0558302512613424e-7
7869 4.0558302512613424e-7
7870 4.0558302512613424e-7
7871 4.0558302512613424e-7
7872 4.0558302512613424e-7
7873 4.0558302512613424e-7
7874 4.0558302512613424e-7
7875 4.0558302512613424e-7
7876 4.0558302512613424e-7
7877 4.0558302512613424e-7
7878 4.0558302512613424e-7
7879 4.0558302512613424e-7
7880 4.0558302512613424e-7
7881 4.0558302512613424e-7
7882 4.0558302512613424e-7
7883 4.0558302512613424e-7
7884 4.0558302512613424e-7
7885 4.0558302512613424e-7
7886 4.0558302512613424e-7
7887 4.0558302512613424e-7
7888 4.0558302512613424e-7
7889 4.0558302512613424e-7
7890 4.0558302512613424e-7
7891 4.0558302512613424e-7
7892 4.0589384778351063e-7
7893 4.0589384778351063e-7
7894 4.0589384778351063e-7
7895 4.065347184355106e-7
7896 4.065347184355106e-7
7897 4.065347184355106e-7
7898 4.065347184355106e-7
7899 4.065347184355106e-7
7900 4.065347184355106e-7
7901 4.065347184355106e-7
7902 4.065347184355106e-7
7903 4.065347184355106e-7
7904 4.065347184355106e-7
7905 4.065347184355106e-7
7906 4.065347184355106e-7
7907 4.065347184355106e-7
7908 4.065347184355106e-7
7909 4.065347184355106e-7
7910 4.065347184355106e-7
7911 4.065347184355106e-7
7912 4.065347184355106e-7
7913 4.065347184355106e-7
7914 4.065347184355106e-7
7915 4.079910970166279e-7
7916 4.079910970166279e-7
7917 4.079910970166279e-7
7918 4.0828749944870516e-7
7919 4.0828749944870516e-7
7920 4.0828749944870516e-7
7921 4.0828749944870516e-7
7922 4.0828749944870516e-7
7923 4.0828749944870516e-7
7924 4.0828749944870516e-7
7925 4.0828749944870516e-7
7926 4.0828749944870516e-7
7927 4.0828749944870516e-7
7928 4.0828749944870516e-7
7929 4.0828749944870516e-7
7930 4.0828749944870516e-7
7931 4.0828749944870516e-7
7932 4.0828749944870516e-7
7933 4.0828749944870516e-7
7934 4.0828749944870516e-7
7935 4.0828749944870516e-7
7936 4.0828749944870516e-7
7937 4.0828749944870516e-7
7938 4.0828749944870516e-7
7939 4.0828749944870516e-7
7940 4.0828749944870516e-7
7941 4.0828749944870516e-7
7942 4.0828749944870516e-7
7943 4.0828749944870516e-7
7944 4.0828749944870516e-7
7945 4.0828749944870516e-7
7946 4.0828749944870516e-7
7947 4.0828749944870516e-7
7948 4.0828749944870516e-7
7949 4.0828749944870516e-7
7950 4.0828749944870516e-7
7951 4.0828749944870516e-7
7952 4.0828749944870516e-7
7953 4.0828749944870516e-7
7954 4.0828749944870516e-7
7955 4.0828749944870516e-7
7956 4.0828749944870516e-7
7957 4.0828749944870516e-7
7958 4.0828749944870516e-7
7959 4.0877776510632876e-7
7960 4.0877776510632876e-7
7961 4.0877776510632876e-7
7962 4.0877776510632876e-7
7963 4.0877776510632876e-7
7964 4.0877776510632876e-7
7965 4.0877776510632876e-7
7966 4.0877776510632876e-7
7967 4.0877776510632876e-7
7968 4.0877776510632876e-7
7969 4.08893122019267e-7
7970 4.08893122019267e-7
7971 4.08893122019267e-7
7972 4.08893122019267e-7
7973 4.095500148042761e-7
7974 4.095500148042761e-7
7975 4.095500148042761e-7
7976 4.095500148042761e-7
7977 4.095500148042761e-7
7978 4.095500148042761e-7
7979 4.095500148042761e-7
7980 4.095500148042761e-7
7981 4.095500148042761e-7
7982 4.095500148042761e-7
7983 4.095500148042761e-7
7984 4.095500148042761e-7
7985 4.095500148042761e-7
7986 4.095500148042761e-7
7987 4.095500148042761e-7
7988 4.095500148042761e-7
7989 4.095500148042761e-7
7990 4.095500148042761e-7
7991 4.095500148042761e-7
7992 4.095500148042761e-7
7993 4.095500148042761e-7
7994 4.095500148042761e-7
7995 4.095500148042761e-7
7996 4.095500148042761e-7
7997 4.095500148042761e-7
7998 4.095500148042761e-7
7999 4.095500148042761e-7
8000 4.095500148042761e-7
8001 4.0994895705406613e-7
8002 4.0994895705406613e-7
8003 4.0994895705406613e-7
8004 4.0994895705406613e-7
8005 4.0994895705406613e-7
8006 4.0994895705406613e-7
8007 4.0994895705406613e-7
8008 4.0994895705406613e-7
8009 4.0994895705406613e-7
8010 4.0994895705406613e-7
8011 4.0994895705406613e-7
8012 4.0994895705406613e-7
8013 4.0994895705406613e-7
8014 4.0994895705406613e-7
8015 4.0994895705406613e-7
8016 4.0994895705406613e-7
8017 4.0994895705406613e-7
8018 4.0994895705406613e-7
8019 4.1034309296954435e-7
8020 4.1034309296954435e-7
8021 4.1034309296954435e-7
8022 4.1034309296954435e-7
8023 4.1034309296954435e-7
8024 4.1034309296954435e-7
8025 4.1034309296954435e-7
8026 4.1034309296954435e-7
8027 4.1034309296954435e-7
8028 4.1034309296954435e-7
8029 4.1034309296954435e-7
8030 4.1034309296954435e-7
8031 4.1034309296954435e-7
8032 4.1034309296954435e-7
8033 4.1034309296954435e-7
8034 4.1034309296954435e-7
8035 4.1034309296954435e-7
8036 4.108397674803716e-7
8037 4.108397674803716e-7
8038 4.108397674803716e-7
8039 4.108397674803716e-7
8040 4.108397674803716e-7
8041 4.108397674803716e-7
8042 4.108397674803716e-7
8043 4.108397674803716e-7
8044 4.108397674803716e-7
8045 4.108397674803716e-7
8046 4.108397674803716e-7
8047 4.108397674803716e-7
8048 4.108397674803716e-7
8049 4.108397674803716e-7
8050 4.108397674803716e-7
8051 4.108397674803716e-7
8052 4.108397674803716e-7
8053 4.108397674803716e-7
8054 4.108397674803716e-7
8055 4.108397674803716e-7
8056 4.108397674803716e-7
8057 4.108397674803716e-7
8058 4.108397674803716e-7
8059 4.118267088711862e-7
8060 4.118267088711862e-7
8061 4.118267088711862e-7
8062 4.118267088711862e-7
8063 4.118267088711862e-7
8064 4.1203979804516166e-7
8065 4.1203979804516166e-7
8066 4.1203979804516166e-7
8067 4.1203979804516166e-7
8068 4.1203979804516166e-7
8069 4.1203979804516166e-7
8070 4.1203979804516166e-7
8071 4.1203979804516166e-7
8072 4.1203979804516166e-7
8073 4.1212631511868345e-7
8074 4.1212631511868345e-7
8075 4.1212631511868345e-7
8076 4.1212631511868345e-7
8077 4.1212631511868345e-7
8078 4.1212631511868345e-7
8079 4.1212631511868345e-7
8080 4.1212631511868345e-7
8081 4.1212631511868345e-7
8082 4.1212631511868345e-7
8083 4.1212631511868345e-7
8084 4.139079353601125e-7
8085 4.139079353601125e-7
8086 4.139079353601125e-7
8087 4.139079353601125e-7
8088 4.139079353601125e-7
8089 4.139079353601125e-7
8090 4.144414592489061e-7
8091 4.144414592489061e-7
8092 4.144414592489061e-7
8093 4.144414592489061e-7
8094 4.144414592489061e-7
8095 4.144414592489061e-7
8096 4.144414592489061e-7
8097 4.144414592489061e-7
8098 4.144414592489061e-7
8099 4.144414592489061e-7
8100 4.144414592489061e-7
8101 4.144414592489061e-7
8102 4.144414592489061e-7
8103 4.144414592489061e-7
8104 4.144414592489061e-7
8105 4.144414592489061e-7
8106 4.144414592489061e-7
8107 4.144414592489061e-7
8108 4.144414592489061e-7
8109 4.144414592489061e-7
8110 4.144414592489061e-7
8111 4.144414592489061e-7
8112 4.144414592489061e-7
8113 4.144414592489061e-7
8114 4.144414592489061e-7
8115 4.144414592489061e-7
8116 4.144414592489061e-7
8117 4.144414592489061e-7
8118 4.144414592489061e-7
8119 4.144414592489061e-7
8120 4.144414592489061e-7
8121 4.144414592489061e-7
8122 4.144414592489061e-7
8123 4.144414592489061e-7
8124 4.144414592489061e-7
8125 4.1508393241979795e-7
8126 4.159026447755171e-7
8127 4.159026447755171e-7
8128 4.159026447755171e-7
8129 4.159026447755171e-7
8130 4.159026447755171e-7
8131 4.159026447755171e-7
8132 4.159026447755171e-7
8133 4.159026447755171e-7
8134 4.159026447755171e-7
8135 4.159026447755171e-7
8136 4.159026447755171e-7
8137 4.159026447755171e-7
8138 4.159026447755171e-7
8139 4.159026447755171e-7
8140 4.159026447755171e-7
8141 4.159026447755171e-7
8142 4.159026447755171e-7
8143 4.159026447755171e-7
8144 4.159026447755171e-7
8145 4.159026447755171e-7
8146 4.159026447755171e-7
8147 4.1666367867476707e-7
8148 4.1666367867476707e-7
8149 4.1666367867476707e-7
8150 4.1666367867476707e-7
8151 4.1666367867476707e-7
8152 4.1666367867476707e-7
8153 4.1666367867476707e-7
8154 4.1666367867476707e-7
8155 4.1666367867476707e-7
8156 4.1666367867476707e-7
8157 4.1666367867476707e-7
8158 4.170097488023998e-7
8159 4.170097488023998e-7
8160 4.170097488023998e-7
8161 4.170097488023998e-7
8162 4.170097488023998e-7
8163 4.170097488023998e-7
8164 4.170097488023998e-7
8165 4.1728372085944615e-7
8166 4.1728372085944615e-7
8167 4.1739266891918067e-7
8168 4.1739266891918067e-7
8169 4.1739266891918067e-7
8170 4.1739266891918067e-7
8171 4.1739266891918067e-7
8172 4.1739266891918067e-7
8173 4.1739266891918067e-7
8174 4.1739266891918067e-7
8175 4.1739266891918067e-7
8176 4.1739266891918067e-7
8177 4.183699964190079e-7
8178 4.183699964190079e-7
8179 4.183699964190079e-7
8180 4.183699964190079e-7
8181 4.183699964190079e-7
8182 4.183699964190079e-7
8183 4.183699964190079e-7
8184 4.183699964190079e-7
8185 4.183699964190079e-7
8186 4.183699964190079e-7
8187 4.1864076404945244e-7
8188 4.1864076404945244e-7
8189 4.1864076404945244e-7
8190 4.1864076404945244e-7
8191 4.191951176279307e-7
8192 4.191951176279307e-7
8193 4.191951176279307e-7
8194 4.191951176279307e-7
8195 4.197574825785044e-7
8196 4.197574825785044e-7
8197 4.197574825785044e-7
8198 4.197574825785044e-7
8199 4.197574825785044e-7
8200 4.197574825785044e-7
8201 4.197574825785044e-7
8202 4.200170350214335e-7
8203 4.200170350214335e-7
8204 4.200170350214335e-7
8205 4.200170350214335e-7
8206 4.200170350214335e-7
8207 4.200170350214335e-7
8208 4.200170350214335e-7
8209 4.200170350214335e-7
8210 4.200170350214335e-7
8211 4.200170350214335e-7
8212 4.200170350214335e-7
8213 4.200170350214335e-7
8214 4.200170350214335e-7
8215 4.200170350214335e-7
8216 4.200170350214335e-7
8217 4.200170350214335e-7
8218 4.200170350214335e-7
8219 4.200170350214335e-7
8220 4.200170350214335e-7
8221 4.200170350214335e-7
8222 4.2061464683108165e-7
8223 4.2061464683108165e-7
8224 4.2061464683108165e-7
8225 4.2061464683108165e-7
8226 4.2153589778214974e-7
8227 4.2153589778214974e-7
8228 4.221671545431624e-7
8229 4.23514585675727e-7
8230 4.23514585675727e-7
8231 4.23514585675727e-7
8232 4.239183348710107e-7
8233 4.239183348710107e-7
8234 4.239183348710107e-7
8235 4.24213135395378e-7
8236 4.24213135395378e-7
8237 4.24213135395378e-7
8238 4.24213135395378e-7
8239 4.24213135395378e-7
8240 4.24213135395378e-7
8241 4.24213135395378e-7
8242 4.24213135395378e-7
8243 4.24213135395378e-7
8244 4.24213135395378e-7
8245 4.24213135395378e-7
8246 4.24213135395378e-7
8247 4.24213135395378e-7
8248 4.24213135395378e-7
8249 4.24213135395378e-7
8250 4.24213135395378e-7
8251 4.24213135395378e-7
8252 4.24213135395378e-7
8253 4.24213135395378e-7
8254 4.24213135395378e-7
8255 4.2559100705270524e-7
8256 4.264834193867207e-7
8257 4.264834193867207e-7
8258 4.264834193867207e-7
8259 4.264834193867207e-7
8260 4.264834193867207e-7
8261 4.264834193867207e-7
8262 4.264834193867207e-7
8263 4.264834193867207e-7
8264 4.264834193867207e-7
8265 4.2750560763660973e-7
8266 4.2750560763660973e-7
8267 4.2750560763660973e-7
8268 4.2750560763660973e-7
8269 4.2750560763660973e-7
8270 4.2750560763660973e-7
8271 4.2750560763660973e-7
8272 4.2750560763660973e-7
8273 4.283307282343506e-7
8274 4.283307282343506e-7
8275 4.285534306881315e-7
8276 4.285534306881315e-7
8277 4.285534306881315e-7
8278 4.285534306881315e-7
8279 4.285534306881315e-7
8280 4.289972336879833e-7
8281 4.289972336879833e-7
8282 4.289972336879833e-7
8283 4.289972336879833e-7
8284 4.289972336879833e-7
8285 4.292615936875879e-7
8286 4.292615936875879e-7
8287 4.301475977795816e-7
8288 4.301475977795816e-7
8289 4.301475977795816e-7
8290 4.301475977795816e-7
8291 4.301475977795816e-7
8292 4.301475977795816e-7
8293 4.301475977795816e-7
8294 4.301475977795816e-7
8295 4.323986564336771e-7
8296 4.323986564336771e-7
8297 4.323986564336771e-7
8298 4.323986564336771e-7
8299 4.3284886828673255e-7
8300 4.3284886828673255e-7
8301 4.3284886828673255e-7
8302 4.3284886828673255e-7
8303 4.3284886828673255e-7
8304 4.3284886828673255e-7
8305 4.3284886828673255e-7
8306 4.3284886828673255e-7
8307 4.3284886828673255e-7
8308 4.3284886828673255e-7
8309 4.3284886828673255e-7
8310 4.3284886828673255e-7
8311 4.3284886828673255e-7
8312 4.3284886828673255e-7
8313 4.3284886828673255e-7
8314 4.3284886828673255e-7
8315 4.3284886828673255e-7
8316 4.3284886828673255e-7
8317 4.3284886828673255e-7
8318 4.3284886828673255e-7
8319 4.3284886828673255e-7
8320 4.3284886828673255e-7
8321 4.3284886828673255e-7
8322 4.3284886828673255e-7
8323 4.3284886828673255e-7
8324 4.3284886828673255e-7
8325 4.3284886828673255e-7
8326 4.3284886828673255e-7
8327 4.3284886828673255e-7
8328 4.3284886828673255e-7
8329 4.3284886828673255e-7
8330 4.3284886828673255e-7
8331 4.3284886828673255e-7
8332 4.3284886828673255e-7
8333 4.3284886828673255e-7
8334 4.3284886828673255e-7
8335 4.3284886828673255e-7
8336 4.3284886828673255e-7
8337 4.3284886828673255e-7
8338 4.3284886828673255e-7
8339 4.3284886828673255e-7
8340 4.3284886828673255e-7
8341 4.3284886828673255e-7
8342 4.3284886828673255e-7
8343 4.3284886828673255e-7
8344 4.3284886828673255e-7
8345 4.3284886828673255e-7
8346 4.3284886828673255e-7
8347 4.3284886828673255e-7
8348 4.3284886828673255e-7
8349 4.3284886828673255e-7
8350 4.3284886828673255e-7
8351 4.334945452730443e-7
8352 4.334945452730443e-7
8353 4.334945452730443e-7
8354 4.334945452730443e-7
8355 4.334945452730443e-7
8356 4.334945452730443e-7
8357 4.334945452730443e-7
8358 4.334945452730443e-7
8359 4.334945452730443e-7
8360 4.334945452730443e-7
8361 4.334945452730443e-7
8362 4.334945452730443e-7
8363 4.334945452730443e-7
8364 4.334945452730443e-7
8365 4.334945452730443e-7
8366 4.334945452730443e-7
8367 4.334945452730443e-7
8368 4.334945452730443e-7
8369 4.334945452730443e-7
8370 4.334945452730443e-7
8371 4.334945452730443e-7
8372 4.334945452730443e-7
8373 4.334945452730443e-7
8374 4.334945452730443e-7
8375 4.334945452730443e-7
8376 4.334945452730443e-7
8377 4.334945452730443e-7
8378 4.334945452730443e-7
8379 4.3449910948221425e-7
8380 4.3449910948221425e-7
8381 4.3449910948221425e-7
8382 4.3449910948221425e-7
8383 4.3449910948221425e-7
8384 4.3449910948221425e-7
8385 4.3449910948221425e-7
8386 4.3449910948221425e-7
8387 4.3449910948221425e-7
8388 4.3449910948221425e-7
8389 4.3449910948221425e-7
8390 4.3449910948221425e-7
8391 4.3449910948221425e-7
8392 4.3449910948221425e-7
8393 4.3449910948221425e-7
8394 4.3449910948221425e-7
8395 4.3449910948221425e-7
8396 4.3449910948221425e-7
8397 4.3449910948221425e-7
8398 4.3499258017762153e-7
8399 4.3499258017762153e-7
8400 4.3499258017762153e-7
8401 4.3698568829649793e-7
8402 4.3698568829649793e-7
8403 4.3698568829649793e-7
8404 4.375208153153652e-7
8405 4.375208153153652e-7
8406 4.375208153153652e-7
8407 4.375208153153652e-7
8408 4.375208153153652e-7
8409 4.375208153153652e-7
8410 4.375208153153652e-7
8411 4.375208153153652e-7
8412 4.375208153153652e-7
8413 4.375208153153652e-7
8414 4.375208153153652e-7
8415 4.375208153153652e-7
8416 4.375208153153652e-7
8417 4.375208153153652e-7
8418 4.375208153153652e-7
8419 4.375208153153652e-7
8420 4.375208153153652e-7
8421 4.375208153153652e-7
8422 4.375208153153652e-7
8423 4.375208153153652e-7
8424 4.375208153153652e-7
8425 4.375208153153652e-7
8426 4.375208153153652e-7
8427 4.375208153153652e-7
8428 4.375208153153652e-7
8429 4.375208153153652e-7
8430 4.377355063970506e-7
8431 4.377355063970506e-7
8432 4.377355063970506e-7
8433 4.377355063970506e-7
8434 4.377355063970506e-7
8435 4.377355063970506e-7
8436 4.377355063970506e-7
8437 4.377355063970506e-7
8438 4.377355063970506e-7
8439 4.382129549594488e-7
8440 4.382129549594488e-7
8441 4.382129549594488e-7
8442 4.382129549594488e-7
8443 4.382129549594488e-7
8444 4.382129549594488e-7
8445 4.382129549594488e-7
8446 4.3869681237505063e-7
8447 4.3869681237505063e-7
8448 4.392239286330043e-7
8449 4.392239286330043e-7
8450 4.392239286330043e-7
8451 4.392239286330043e-7
8452 4.392239286330043e-7
8453 4.392239286330043e-7
8454 4.395651918151433e-7
8455 4.395651918151433e-7
8456 4.395651918151433e-7
8457 4.395651918151433e-7
8458 4.395651918151433e-7
8459 4.4007468464355974e-7
8460 4.4007468464355974e-7
8461 4.403230218989734e-7
8462 4.403230218989734e-7
8463 4.403230218989734e-7
8464 4.403230218989734e-7
8465 4.403230218989734e-7
8466 4.405264977931433e-7
8467 4.405264977931433e-7
8468 4.405264977931433e-7
8469 4.405264977931433e-7
8470 4.405264977931433e-7
8471 4.41149745626788e-7
8472 4.41149745626788e-7
8473 4.41149745626788e-7
8474 4.41149745626788e-7
8475 4.41149745626788e-7
8476 4.41149745626788e-7
8477 4.41149745626788e-7
8478 4.41149745626788e-7
8479 4.41149745626788e-7
8480 4.41149745626788e-7
8481 4.41149745626788e-7
8482 4.41149745626788e-7
8483 4.41149745626788e-7
8484 4.41149745626788e-7
8485 4.41149745626788e-7
8486 4.41149745626788e-7
8487 4.414349334825317e-7
8488 4.414349334825317e-7
8489 4.414349334825317e-7
8490 4.414349334825317e-7
8491 4.414349334825317e-7
8492 4.414349334825317e-7
8493 4.4207420222682175e-7
8494 4.4207420222682175e-7
8495 4.4207420222682175e-7
8496 4.4207420222682175e-7
8497 4.423081204793e-7
8498 4.423081204793e-7
8499 4.423081204793e-7
8500 4.423081204793e-7
8501 4.423081204793e-7
8502 4.423081204793e-7
8503 4.423081204793e-7
8504 4.423081204793e-7
8505 4.423081204793e-7
8506 4.423081204793e-7
8507 4.423081204793e-7
8508 4.423081204793e-7
8509 4.423081204793e-7
8510 4.423081204793e-7
8511 4.423081204793e-7
8512 4.4276954751987096e-7
8513 4.4276954751987096e-7
8514 4.4276954751987096e-7
8515 4.4276954751987096e-7
8516 4.4276954751987096e-7
8517 4.4276954751987096e-7
8518 4.4276954751987096e-7
8519 4.4276954751987096e-7
8520 4.4276954751987096e-7
8521 4.4276954751987096e-7
8522 4.4276954751987096e-7
8523 4.4276954751987096e-7
8524 4.4276954751987096e-7
8525 4.4276954751987096e-7
8526 4.4276954751987096e-7
8527 4.4276954751987096e-7
8528 4.4276954751987096e-7
8529 4.4276954751987096e-7
8530 4.4276954751987096e-7
8531 4.4365074466637096e-7
8532 4.4365074466637096e-7
8533 4.4365074466637096e-7
8534 4.4365074466637096e-7
8535 4.4365074466637096e-7
8536 4.4365074466637096e-7
8537 4.4365074466637096e-7
8538 4.4365074466637096e-7
8539 4.4365074466637096e-7
8540 4.4365074466637096e-7
8541 4.4365074466637096e-7
8542 4.4365074466637096e-7
8543 4.4365074466637096e-7
8544 4.4365074466637096e-7
8545 4.4365074466637096e-7
8546 4.4386703948931195e-7
8547 4.4386703948931195e-7
8548 4.4386703948931195e-7
8549 4.4386703948931195e-7
8550 4.4386703948931195e-7
8551 4.4386703948931195e-7
8552 4.4423553999197556e-7
8553 4.4423553999197556e-7
8554 4.4423553999197556e-7
8555 4.4423553999197556e-7
8556 4.4423553999197556e-7
8557 4.4423553999197556e-7
8558 4.4423553999197556e-7
8559 4.452705459482719e-7
8560 4.452705459482719e-7
8561 4.452705459482719e-7
8562 4.452705459482719e-7
8563 4.452705459482719e-7
8564 4.452705459482719e-7
8565 4.452705459482719e-7
8566 4.452705459482719e-7
8567 4.452705459482719e-7
8568 4.452705459482719e-7
8569 4.452705459482719e-7
8570 4.4556534708382105e-7
8571 4.4556534708382105e-7
8572 4.4556534708382105e-7
8573 4.4556534708382105e-7
8574 4.4556534708382105e-7
8575 4.4556534708382105e-7
8576 4.4556534708382105e-7
8577 4.4556534708382105e-7
8578 4.4556534708382105e-7
8579 4.4556534708382105e-7
8580 4.4556534708382105e-7
8581 4.4556534708382105e-7
8582 4.4556534708382105e-7
8583 4.4556534708382105e-7
8584 4.4556534708382105e-7
8585 4.4556534708382105e-7
8586 4.4556534708382105e-7
8587 4.4556534708382105e-7
8588 4.4556534708382105e-7
8589 4.4556534708382105e-7
8590 4.4556534708382105e-7
8591 4.4556534708382105e-7
8592 4.4589058874413284e-7
8593 4.4589058874413284e-7
8594 4.4589058874413284e-7
8595 4.4589058874413284e-7
8596 4.4589058874413284e-7
8597 4.4589058874413284e-7
8598 4.4589058874413284e-7
8599 4.4589058874413284e-7
8600 4.4589058874413284e-7
8601 4.4589058874413284e-7
8602 4.4589058874413284e-7
8603 4.4605401144491654e-7
8604 4.4605401144491654e-7
8605 4.4605401144491654e-7
8606 4.4605401144491654e-7
8607 4.4617417469216656e-7
8608 4.4617417469216656e-7
8609 4.4617417469216656e-7
8610 4.4617417469216656e-7
8611 4.4617417469216656e-7
8612 4.4617417469216656e-7
8613 4.4617417469216656e-7
8614 4.4617417469216656e-7
8615 4.4617417469216656e-7
8616 4.467349365126666e-7
8617 4.467349365126666e-7
8618 4.467349365126666e-7
8619 4.469784680449503e-7
8620 4.469784680449503e-7
8621 4.469784680449503e-7
8622 4.469784680449503e-7
8623 4.469784680449503e-7
8624 4.469784680449503e-7
8625 4.469784680449503e-7
8626 4.469784680449503e-7
8627 4.469784680449503e-7
8628 4.469784680449503e-7
8629 4.469784680449503e-7
8630 4.477507171317157e-7
8631 4.477507171317157e-7
8632 4.477507171317157e-7
8633 4.477507171317157e-7
8634 4.477507171317157e-7
8635 4.477507171317157e-7
8636 4.477507171317157e-7
8637 4.477507171317157e-7
8638 4.477507171317157e-7
8639 4.477507171317157e-7
8640 4.477507171317157e-7
8641 4.477507171317157e-7
8642 4.477507171317157e-7
8643 4.477507171317157e-7
8644 4.477507171317157e-7
8645 4.477507171317157e-7
8646 4.477507171317157e-7
8647 4.477507171317157e-7
8648 4.483931903026076e-7
8649 4.483931903026076e-7
8650 4.483931903026076e-7
8651 4.483931903026076e-7
8652 4.483931903026076e-7
8653 4.483931903026076e-7
8654 4.483931903026076e-7
8655 4.483931903026076e-7
8656 4.483931903026076e-7
8657 4.483931903026076e-7
8658 4.483931903026076e-7
8659 4.483931903026076e-7
8660 4.483931903026076e-7
8661 4.483931903026076e-7
8662 4.483931903026076e-7
8663 4.483931903026076e-7
8664 4.483931903026076e-7
8665 4.483931903026076e-7
8666 4.483931903026076e-7
8667 4.483931903026076e-7
8668 4.483931903026076e-7
8669 4.483931903026076e-7
8670 4.483931903026076e-7
8671 4.483931903026076e-7
8672 4.483931903026076e-7
8673 4.483931903026076e-7
8674 4.483931903026076e-7
8675 4.483931903026076e-7
8676 4.483931903026076e-7
8677 4.502116611443667e-7
8678 4.502116611443667e-7
8679 4.502116611443667e-7
8680 4.502116611443667e-7
8681 4.502116611443667e-7
8682 4.502116611443667e-7
8683 4.502116611443667e-7
8684 4.502116611443667e-7
8685 4.507740248725767e-7
8686 4.507740248725767e-7
8687 4.5140368033706124e-7
8688 4.5140368033706124e-7
8689 4.5140368033706124e-7
8690 4.5140368033706124e-7
8691 4.5165682453796855e-7
8692 4.5165682453796855e-7
8693 4.5165682453796855e-7
8694 4.5165682453796855e-7
8695 4.5165682453796855e-7
8696 4.5165682453796855e-7
8697 4.5181543968207667e-7
8698 4.5181543968207667e-7
8699 4.5181543968207667e-7
8700 4.5181543968207667e-7
8701 4.5181543968207667e-7
8702 4.5181543968207667e-7
8703 4.5181543968207667e-7
8704 4.5227526420375573e-7
8705 4.5227526420375573e-7
8706 4.5227526420375573e-7
8707 4.5227526420375573e-7
8708 4.5227526420375573e-7
8709 4.5227526420375573e-7
8710 4.5227526420375573e-7
8711 4.5227526420375573e-7
8712 4.5227526420375573e-7
8713 4.5227526420375573e-7
8714 4.5227526420375573e-7
8715 4.5227526420375573e-7
8716 4.5227526420375573e-7
8717 4.530971809860767e-7
8718 4.530971809860767e-7
8719 4.530971809860767e-7
8720 4.530971809860767e-7
8721 4.530971809860767e-7
8722 4.530971809860767e-7
8723 4.530971809860767e-7
8724 4.530971809860767e-7
8725 4.5323657018175575e-7
8726 4.5323657018175575e-7
8727 4.5323657018175575e-7
8728 4.5323657018175575e-7
8729 4.540648964284622e-7
8730 4.540648964284622e-7
8731 4.540648964284622e-7
8732 4.5442698868910403e-7
8733 4.5442698868910403e-7
8734 4.5442698868910403e-7
8735 4.569215782643014e-7
8736 4.569215782643014e-7
8737 4.569215782643014e-7
8738 4.569215782643014e-7
8739 4.569215782643014e-7
8740 4.569215782643014e-7
8741 4.569215782643014e-7
8742 4.569215782643014e-7
8743 4.569215782643014e-7
8744 4.569215782643014e-7
8745 4.569215782643014e-7
8746 4.569215782643014e-7
8747 4.569215782643014e-7
8748 4.569215782643014e-7
8749 4.569215782643014e-7
8750 4.569215782643014e-7
8751 4.569215782643014e-7
8752 4.569215782643014e-7
8753 4.569215782643014e-7
8754 4.569215782643014e-7
8755 4.569215782643014e-7
8756 4.569215782643014e-7
8757 4.569215782643014e-7
8758 4.569215782643014e-7
8759 4.569215782643014e-7
8760 4.569215782643014e-7
8761 4.569215782643014e-7
8762 4.569215782643014e-7
8763 4.569215782643014e-7
8764 4.569215782643014e-7
8765 4.569215782643014e-7
8766 4.569215782643014e-7
8767 4.569215782643014e-7
8768 4.569215782643014e-7
8769 4.569215782643014e-7
8770 4.569215782643014e-7
8771 4.569215782643014e-7
8772 4.5817127652464686e-7
8773 4.5817127652464686e-7
8774 4.5817127652464686e-7
8775 4.5817127652464686e-7
8776 4.5817127652464686e-7
8777 4.5817127652464686e-7
8778 4.5817127652464686e-7
8779 4.5817127652464686e-7
8780 4.5858944472286594e-7
8781 4.5858944472286594e-7
8782 4.5858944472286594e-7
8783 4.594418026411314e-7
8784 4.594418026411314e-7
8785 4.594418026411314e-7
8786 4.594418026411314e-7
8787 4.594418026411314e-7
8788 4.594418026411314e-7
8789 4.594418026411314e-7
8790 4.594418026411314e-7
8791 4.594418026411314e-7
8792 4.594418026411314e-7
8793 4.594418026411314e-7
8794 4.594418026411314e-7
8795 4.594418026411314e-7
8796 4.594418026411314e-7
8797 4.594418026411314e-7
8798 4.599609081381714e-7
8799 4.602813440753533e-7
8800 4.602813440753533e-7
8801 4.602813440753533e-7
8802 4.602813440753533e-7
8803 4.602813440753533e-7
8804 4.602813440753533e-7
8805 4.605344882762606e-7
8806 4.605344882762606e-7
8807 4.605344882762606e-7
8808 4.605344882762606e-7
8809 4.605344882762606e-7
8810 4.605344882762606e-7
8811 4.605344882762606e-7
8812 4.605344882762606e-7
8813 4.605344882762606e-7
8814 4.605344882762606e-7
8815 4.605344882762606e-7
8816 4.605344882762606e-7
8817 4.605344882762606e-7
8818 4.605344882762606e-7
8819 4.605344882762606e-7
8820 4.605344882762606e-7
8821 4.605344882762606e-7
8822 4.605344882762606e-7
8823 4.605344882762606e-7
8824 4.605344882762606e-7
8825 4.605344882762606e-7
8826 4.605344882762606e-7
8827 4.605344882762606e-7
8828 4.605344882762606e-7
8829 4.605344882762606e-7
8830 4.605344882762606e-7
8831 4.605344882762606e-7
8832 4.605344882762606e-7
8833 4.605344882762606e-7
8834 4.605344882762606e-7
8835 4.605344882762606e-7
8836 4.605344882762606e-7
8837 4.6166882962366794e-7
8838 4.6166882962366794e-7
8839 4.6166882962366794e-7
8840 4.620805889686834e-7
8841 4.620805889686834e-7
8842 4.620805889686834e-7
8843 4.620805889686834e-7
8844 4.620805889686834e-7
8845 4.620805889686834e-7
8846 4.620805889686834e-7
8847 4.620805889686834e-7
8848 4.620805889686834e-7
8849 4.6250997235441794e-7
8850 4.6250997235441794e-7
8851 4.6250997235441794e-7
8852 4.6250997235441794e-7
8853 4.6250997235441794e-7
8854 4.6250997235441794e-7
8855 4.6250997235441794e-7
8856 4.6250997235441794e-7
8857 4.6250997235441794e-7
8858 4.6250997235441794e-7
8859 4.630627240251862e-7
8860 4.630627240251862e-7
8861 4.630627240251862e-7
8862 4.630627240251862e-7
8863 4.630627240251862e-7
8864 4.630627240251862e-7
8865 4.630627240251862e-7
8866 4.630627240251862e-7
8867 4.630627240251862e-7
8868 4.630627240251862e-7
8869 4.630627240251862e-7
8870 4.630627240251862e-7
8871 4.630627240251862e-7
8872 4.630627240251862e-7
8873 4.630627240251862e-7
8874 4.638093389215008e-7
8875 4.638093389215008e-7
8876 4.638093389215008e-7
8877 4.638093389215008e-7
8878 4.649068308909418e-7
8879 4.649068308909418e-7
8880 4.649068308909418e-7
8881 4.649068308909418e-7
8882 4.649068308909418e-7
8883 4.6516478203734277e-7
8884 4.6516478203734277e-7
8885 4.6516478203734277e-7
8886 4.6516478203734277e-7
8887 4.6516478203734277e-7
8888 4.6516478203734277e-7
8889 4.6516478203734277e-7
8890 4.6516478203734277e-7
8891 4.6516478203734277e-7
8892 4.6516478203734277e-7
8893 4.6516478203734277e-7
8894 4.6516478203734277e-7
8895 4.6516478203734277e-7
8896 4.6516478203734277e-7
8897 4.6516478203734277e-7
8898 4.6516478203734277e-7
8899 4.6516478203734277e-7
8900 4.6516478203734277e-7
8901 4.6516478203734277e-7
8902 4.6516478203734277e-7
8903 4.6516478203734277e-7
8904 4.6516478203734277e-7
8905 4.6516478203734277e-7
8906 4.6516478203734277e-7
8907 4.6516478203734277e-7
8908 4.6516478203734277e-7
8909 4.6516478203734277e-7
8910 4.6516478203734277e-7
8911 4.6516478203734277e-7
8912 4.6516478203734277e-7
8913 4.6516478203734277e-7
8914 4.6516478203734277e-7
8915 4.6516478203734277e-7
8916 4.6516478203734277e-7
8917 4.6516478203734277e-7
8918 4.6516478203734277e-7
8919 4.6516478203734277e-7
8920 4.6516478203734277e-7
8921 4.6516478203734277e-7
8922 4.6516478203734277e-7
8923 4.6516478203734277e-7
8924 4.6516478203734277e-7
8925 4.6516478203734277e-7
8926 4.6516478203734277e-7
8927 4.6516478203734277e-7
8928 4.6516478203734277e-7
8929 4.6516478203734277e-7
8930 4.6516478203734277e-7
8931 4.6516478203734277e-7
8932 4.6516478203734277e-7
8933 4.6516478203734277e-7
8934 4.6516478203734277e-7
8935 4.6516478203734277e-7
8936 4.6647536256957734e-7
8937 4.6647536256957734e-7
8938 4.6647536256957734e-7
8939 4.6647536256957734e-7
8940 4.6647536256957734e-7
8941 4.6678458331924376e-7
8942 4.6678458331924376e-7
8943 4.6678458331924376e-7
8944 4.6678458331924376e-7
8945 4.6678458331924376e-7
8946 4.6678458331924376e-7
8947 4.6678458331924376e-7
8948 4.6678458331924376e-7
8949 4.6678458331924376e-7
8950 4.6678458331924376e-7
8951 4.6678458331924376e-7
8952 4.6678458331924376e-7
8953 4.6678458331924376e-7
8954 4.6678458331924376e-7
8955 4.6678458331924376e-7
8956 4.6773787792514824e-7
8957 4.6773787792514824e-7
8958 4.6773787792514824e-7
8959 4.6773787792514824e-7
8960 4.6773787792514824e-7
8961 4.6773787792514824e-7
8962 4.6773787792514824e-7
8963 4.683963720066855e-7
8964 4.683963720066855e-7
8965 4.683963720066855e-7
8966 4.6904365090070723e-7
8967 4.6904365090070723e-7
8968 4.6904365090070723e-7
8969 4.6904365090070723e-7
8970 4.6904365090070723e-7
8971 4.6904365090070723e-7
8972 4.6904365090070723e-7
8973 4.6904365090070723e-7
8974 4.6904365090070723e-7
8975 4.6904365090070723e-7
8976 4.6904365090070723e-7
8977 4.6908851165076903e-7
8978 4.6908851165076903e-7
8979 4.6908851165076903e-7
8980 4.697085538354481e-7
8981 4.697085538354481e-7
8982 4.697085538354481e-7
8983 4.697085538354481e-7
8984 4.697085538354481e-7
8985 4.697085538354481e-7
8986 4.697085538354481e-7
8987 4.697085538354481e-7
8988 4.697085538354481e-7
8989 4.697085538354481e-7
8990 4.697085538354481e-7
8991 4.697085538354481e-7
8992 4.697085538354481e-7
8993 4.697085538354481e-7
8994 4.697085538354481e-7
8995 4.697085538354481e-7
8996 4.697085538354481e-7
8997 4.697085538354481e-7
8998 4.697085538354481e-7
8999 4.697085538354481e-7
9000 4.697085538354481e-7
9001 4.697085538354481e-7
9002 4.697085538354481e-7
9003 4.697085538354481e-7
9004 4.697085538354481e-7
9005 4.697085538354481e-7
9006 4.697085538354481e-7
9007 4.697085538354481e-7
9008 4.697085538354481e-7
9009 4.697085538354481e-7
9010 4.697085538354481e-7
9011 4.697085538354481e-7
9012 4.697085538354481e-7
9013 4.70612181356979e-7
9014 4.70612181356979e-7
9015 4.70612181356979e-7
9016 4.7086692685441436e-7
9017 4.7086692685441436e-7
9018 4.7086692685441436e-7
9019 4.7086692685441436e-7
9020 4.7103675779721984e-7
9021 4.7103675779721984e-7
9022 4.7103675779721984e-7
9023 4.7103675779721984e-7
9024 4.7103675779721984e-7
9025 4.7103675779721984e-7
9026 4.7103675779721984e-7
9027 4.7103675779721984e-7
9028 4.7103675779721984e-7
9029 4.7103675779721984e-7
9030 4.7103675779721984e-7
9031 4.7103675779721984e-7
9032 4.7151901269392983e-7
9033 4.7203010681887433e-7
9034 4.7203010681887433e-7
9035 4.721727004411552e-7
9036 4.7275909706328793e-7
9037 4.7275909706328793e-7
9038 4.7275909706328793e-7
9039 4.7275909706328793e-7
9040 4.7275909706328793e-7
9041 4.7275909706328793e-7
9042 4.7275909706328793e-7
9043 4.7275909706328793e-7
9044 4.7275909706328793e-7
9045 4.7275909706328793e-7
9046 4.7275909706328793e-7
9047 4.7275909706328793e-7
9048 4.7275909706328793e-7
9049 4.7275909706328793e-7
9050 4.7275909706328793e-7
9051 4.7275909706328793e-7
9052 4.7275909706328793e-7
9053 4.7275909706328793e-7
9054 4.7275909706328793e-7
9055 4.7275909706328793e-7
9056 4.7275909706328793e-7
9057 4.7275909706328793e-7
9058 4.7275909706328793e-7
9059 4.7275909706328793e-7
9060 4.731644481662816e-7
9061 4.749172304018399e-7
9062 4.749172304018399e-7
9063 4.749172304018399e-7
9064 4.7545235680952533e-7
9065 4.7575356679827813e-7
9066 4.780254539196945e-7
9067 4.780254539196945e-7
9068 4.783346734469972e-7
9069 4.783346734469972e-7
9070 4.783346734469972e-7
9071 4.803165663783581e-7
9072 4.803165663783581e-7
9073 4.803165663783581e-7
9074 4.803165663783581e-7
9075 4.803165663783581e-7
9076 4.808532959161173e-7
9077 4.808532959161173e-7
9078 4.808532959161173e-7
9079 4.808532959161173e-7
9080 4.808532959161173e-7
9081 4.808532959161173e-7
9082 4.808532959161173e-7
9083 4.808532959161173e-7
9084 4.808532959161173e-7
9085 4.808532959161173e-7
9086 4.808532959161173e-7
9087 4.808532959161173e-7
9088 4.808532959161173e-7
9089 4.808532959161173e-7
9090 4.808532959161173e-7
9091 4.808532959161173e-7
9092 4.808532959161173e-7
9093 4.808532959161173e-7
9094 4.808532959161173e-7
9095 4.808532959161173e-7
9096 4.808532959161173e-7
9097 4.808532959161173e-7
9098 4.808532959161173e-7
9099 4.808532959161173e-7
9100 4.8136118561446e-7
9101 4.8136118561446e-7
9102 4.8136118561446e-7
9103 4.8136118561446e-7
9104 4.8136118561446e-7
9105 4.8136118561446e-7
9106 4.8136118561446e-7
9107 4.821045954729909e-7
9108 4.821045954729909e-7
9109 4.821045954729909e-7
9110 4.821045954729909e-7
9111 4.821045954729909e-7
9112 4.821045954729909e-7
9113 4.824987307772872e-7
9114 4.824987307772872e-7
9115 4.824987307772872e-7
9116 4.824987307772872e-7
9117 4.824987307772872e-7
9118 4.824987307772872e-7
9119 4.824987307772872e-7
9120 4.824987307772872e-7
9121 4.824987307772872e-7
9122 4.824987307772872e-7
9123 4.824987307772872e-7
9124 4.824987307772872e-7
9125 4.824987307772872e-7
9126 4.824987307772872e-7
9127 4.824987307772872e-7
9128 4.824987307772872e-7
9129 4.824987307772872e-7
9130 4.824987307772872e-7
9131 4.824987307772872e-7
9132 4.824987307772872e-7
9133 4.824987307772872e-7
9134 4.824987307772872e-7
9135 4.824987307772872e-7
9136 4.824987307772872e-7
9137 4.824987307772872e-7
9138 4.824987307772872e-7
9139 4.824987307772872e-7
9140 4.824987307772872e-7
9141 4.824987307772872e-7
9142 4.824987307772872e-7
9143 4.824987307772872e-7
9144 4.824987307772872e-7
9145 4.824987307772872e-7
9146 4.824987307772872e-7
9147 4.824987307772872e-7
9148 4.824987307772872e-7
9149 4.83963120119318e-7
9150 4.83963120119318e-7
9151 4.83963120119318e-7
9152 4.83963120119318e-7
9153 4.83963120119318e-7
9154 4.83963120119318e-7
9155 4.83963120119318e-7
9156 4.83963120119318e-7
9157 4.83963120119318e-7
9158 4.83963120119318e-7
9159 4.83963120119318e-7
9160 4.83963120119318e-7
9161 4.83963120119318e-7
9162 4.83963120119318e-7
9163 4.83963120119318e-7
9164 4.83963120119318e-7
9165 4.83963120119318e-7
9166 4.83963120119318e-7
9167 4.850365785836544e-7
9168 4.850365785836544e-7
9169 4.850365785836544e-7
9170 4.850365785836544e-7
9171 4.850365785836544e-7
9172 4.850365785836544e-7
9173 4.850365785836544e-7
9174 4.850365785836544e-7
9175 4.850365785836544e-7
9176 4.850365785836544e-7
9177 4.850365785836544e-7
9178 4.850365785836544e-7
9179 4.850365785836544e-7
9180 4.850365785836544e-7
9181 4.856966757952654e-7
9182 4.856966757952654e-7
9183 4.856966757952654e-7
9184 4.856966757952654e-7
9185 4.856966757952654e-7
9186 4.856966757952654e-7
9187 4.856966757952654e-7
9188 4.856966757952654e-7
9189 4.856966757952654e-7
9190 4.859562288493764e-7
9191 4.859562288493764e-7
9192 4.859562288493764e-7
9193 4.859562288493764e-7
9194 4.859562288493764e-7
9195 4.859562288493764e-7
9196 4.859562288493764e-7
9197 4.859562288493764e-7
9198 4.859562288493764e-7
9199 4.859562288493764e-7
9200 4.859562288493764e-7
9201 4.859562288493764e-7
9202 4.859562288493764e-7
9203 4.859562288493764e-7
9204 4.859562288493764e-7
9205 4.859562288493764e-7
9206 4.859562288493764e-7
9207 4.859562288493764e-7
9208 4.859562288493764e-7
9209 4.859562288493764e-7
9210 4.859562288493764e-7
9211 4.859562288493764e-7
9212 4.859562288493764e-7
9213 4.859562288493764e-7
9214 4.859562288493764e-7
9215 4.859562288493764e-7
9216 4.859562288493764e-7
9217 4.859562288493764e-7
9218 4.859562288493764e-7
9219 4.859562288493764e-7
9220 4.859562288493764e-7
9221 4.859562288493764e-7
9222 4.859562288493764e-7
9223 4.859562288493764e-7
9224 4.859562288493764e-7
9225 4.865041729634691e-7
9226 4.865041729634691e-7
9227 4.865041729634691e-7
9228 4.865041729634691e-7
9229 4.865041729634691e-7
9230 4.865041729634691e-7
9231 4.865041729634691e-7
9232 4.865041729634691e-7
9233 4.865041729634691e-7
9234 4.865041729634691e-7
9235 4.868550494254136e-7
9236 4.868550494254136e-7
9237 4.868550494254136e-7
9238 4.868550494254136e-7
9239 4.868550494254136e-7
9240 4.868550494254136e-7
9241 4.868550494254136e-7
9242 4.868550494254136e-7
9243 4.873260897457899e-7
9244 4.873260897457899e-7
9245 4.873260897457899e-7
9246 4.873260897457899e-7
9247 4.877730971722436e-7
9248 4.877730971722436e-7
9249 4.877730971722436e-7
9250 4.877730971722436e-7
9251 4.877730971722436e-7
9252 4.877730971722436e-7
9253 4.877730971722436e-7
9254 4.877730971722436e-7
9255 4.877730971722436e-7
9256 4.877730971722436e-7
9257 4.877730971722436e-7
9258 4.877730971722436e-7
9259 4.877730971722436e-7
9260 4.877730971722436e-7
9261 4.877730971722436e-7
9262 4.877730971722436e-7
9263 4.877730971722436e-7
9264 4.877730971722436e-7
9265 4.877730971722436e-7
9266 4.877730971722436e-7
9267 4.888385448756663e-7
9268 4.888385448756663e-7
9269 4.888385448756663e-7
9270 4.888385448756663e-7
9271 4.888385448756663e-7
9272 4.888385448756663e-7
9273 4.888385448756663e-7
9274 4.888385448756663e-7
9275 4.888385448756663e-7
9276 4.888385448756663e-7
9277 4.888385448756663e-7
9278 4.888385448756663e-7
9279 4.888385448756663e-7
9280 4.888385448756663e-7
9281 4.888385448756663e-7
9282 4.888385448756663e-7
9283 4.888385448756663e-7
9284 4.888385448756663e-7
9285 4.888385448756663e-7
9286 4.888385448756663e-7
9287 4.888385448756663e-7
9288 4.888385448756663e-7
9289 4.888385448756663e-7
9290 4.888385448756663e-7
9291 4.888385448756663e-7
9292 4.888385448756663e-7
9293 4.888385448756663e-7
9294 4.888385448756663e-7
9295 4.888385448756663e-7
9296 4.888385448756663e-7
9297 4.888385448756663e-7
9298 4.888385448756663e-7
9299 4.888385448756663e-7
9300 4.891253340279381e-7
9301 4.891253340279381e-7
9302 4.891253340279381e-7
9303 4.891253340279381e-7
9304 4.891253340279381e-7
9305 4.891253340279381e-7
9306 4.891253340279381e-7
9307 4.891253340279381e-7
9308 4.891253340279381e-7
9309 4.891253340279381e-7
9310 4.891253340279381e-7
9311 4.891253340279381e-7
9312 4.891253340279381e-7
9313 4.891253340279381e-7
9314 4.901186830495926e-7
9315 4.901186830495926e-7
9316 4.901186830495926e-7
9317 4.901186830495926e-7
9318 4.901186830495926e-7
9319 4.901186830495926e-7
9320 4.901186830495926e-7
9321 4.901186830495926e-7
9322 4.901186830495926e-7
9323 4.901186830495926e-7
9324 4.901186830495926e-7
9325 4.901186830495926e-7
9326 4.901186830495926e-7
9327 4.901186830495926e-7
9328 4.901186830495926e-7
9329 4.901186830495926e-7
9330 4.901186830495926e-7
9331 4.901186830495926e-7
9332 4.901186830495926e-7
9333 4.901186830495926e-7
9334 4.901186830495926e-7
9335 4.901186830495926e-7
9336 4.901186830495926e-7
9337 4.901186830495926e-7
9338 4.90791597356429e-7
9339 4.90791597356429e-7
9340 4.90791597356429e-7
9341 4.90791597356429e-7
9342 4.90791597356429e-7
9343 4.90791597356429e-7
9344 4.90791597356429e-7
9345 4.90791597356429e-7
9346 4.90791597356429e-7
9347 4.90791597356429e-7
9348 4.90791597356429e-7
9349 4.90791597356429e-7
9350 4.913779945897436e-7
9351 4.913779945897436e-7
9352 4.913779945897436e-7
9353 4.917577108911045e-7
9354 4.917577108911045e-7
9355 4.917577108911045e-7
9356 4.917577108911045e-7
9357 4.917577108911045e-7
9358 4.917577108911045e-7
9359 4.917577108911045e-7
9360 4.917577108911045e-7
9361 4.917577108911045e-7
9362 4.917577108911045e-7
9363 4.917577108911045e-7
9364 4.917577108911045e-7
9365 4.918682608585491e-7
9366 4.918682608585491e-7
9367 4.918682608585491e-7
9368 4.918682608585491e-7
9369 4.918682608585491e-7
9370 4.918682608585491e-7
9371 4.918682608585491e-7
9372 4.918682608585491e-7
9373 4.918682608585491e-7
9374 4.918682608585491e-7
9375 4.918682608585491e-7
9376 4.918682608585491e-7
9377 4.925139378448608e-7
9378 4.925139378448608e-7
9379 4.925139378448608e-7
9380 4.925139378448608e-7
9381 4.925139378448608e-7
9382 4.925139378448608e-7
9383 4.925139378448608e-7
9384 4.925139378448608e-7
9385 4.925139378448608e-7
9386 4.925139378448608e-7
9387 4.925139378448608e-7
9388 4.925139378448608e-7
9389 4.925139378448608e-7
9390 4.925139378448608e-7
9391 4.925139378448608e-7
9392 4.925139378448608e-7
9393 4.927270270188363e-7
9394 4.927270270188363e-7
9395 4.927270270188363e-7
9396 4.927270270188363e-7
9397 4.927270270188363e-7
9398 4.927270270188363e-7
9399 4.931323781218299e-7
9400 4.931323781218299e-7
9401 4.931323781218299e-7
9402 4.931323781218299e-7
9403 4.931323781218299e-7
9404 4.931323781218299e-7
9405 4.938117006706881e-7
9406 4.938117006706881e-7
9407 4.938117006706881e-7
9408 4.938117006706881e-7
9409 4.938117006706881e-7
9410 4.938117006706881e-7
9411 4.938117006706881e-7
9412 4.938117006706881e-7
9413 4.938117006706881e-7
9414 4.938117006706881e-7
9415 4.938117006706881e-7
9416 4.943243967033427e-7
9417 4.943243967033427e-7
9418 4.943243967033427e-7
9419 4.952472507844846e-7
9420 4.952472507844846e-7
9421 4.952472507844846e-7
9422 4.952472507844846e-7
9423 4.952472507844846e-7
9424 4.952472507844846e-7
9425 4.952472507844846e-7
9426 4.952472507844846e-7
9427 4.952472507844846e-7
9428 4.952472507844846e-7
9429 4.952472507844846e-7
9430 4.952472507844846e-7
9431 4.952472507844846e-7
9432 4.952472507844846e-7
9433 4.952472507844846e-7
9434 4.952472507844846e-7
9435 4.957983999363609e-7
9436 4.957983999363609e-7
9437 4.963030858192837e-7
9438 4.963030858192837e-7
9439 4.963030858192837e-7
9440 4.963030858192837e-7
9441 4.963030858192837e-7
9442 4.963030858192837e-7
9443 4.963030858192837e-7
9444 4.963030858192837e-7
9445 4.963030858192837e-7
9446 4.963030858192837e-7
9447 4.963030858192837e-7
9448 4.963030858192837e-7
9449 4.963030858192837e-7
9450 4.963030858192837e-7
9451 4.963030858192837e-7
9452 4.963030858192837e-7
9453 4.963030858192837e-7
9454 4.963030858192837e-7
9455 4.963030858192837e-7
9456 4.963030858192837e-7
9457 4.963030858192837e-7
9458 4.963030858192837e-7
9459 4.963030858192837e-7
9460 4.963030858192837e-7
9461 4.963030858192837e-7
9462 4.963030858192837e-7
9463 4.963030858192837e-7
9464 4.963030858192837e-7
9465 4.963030858192837e-7
9466 4.963030858192837e-7
9467 4.963030858192837e-7
9468 4.963030858192837e-7
9469 4.963030858192837e-7
9470 4.963030858192837e-7
9471 4.963030858192837e-7
9472 4.963030858192837e-7
9473 4.965626382622127e-7
9474 4.965626382622127e-7
9475 4.965626382622127e-7
9476 4.965626382622127e-7
9477 4.97155444348731e-7
9478 4.97155444348731e-7
9479 4.97155444348731e-7
9480 4.97155444348731e-7
9481 4.97155444348731e-7
9482 4.97155444348731e-7
9483 4.97155444348731e-7
9484 4.97155444348731e-7
9485 4.97155444348731e-7
9486 4.97155444348731e-7
9487 4.975351600389101e-7
9488 4.975351600389101e-7
9489 4.975351600389101e-7
9490 4.975351600389101e-7
9491 4.97797916908441e-7
9492 4.97797916908441e-7
9493 4.97797916908441e-7
9494 4.97797916908441e-7
9495 4.97797916908441e-7
9496 4.97797916908441e-7
9497 4.97797916908441e-7
9498 4.989370645901601e-7
9499 4.989370645901601e-7
9500 4.989370645901601e-7
9501 4.99262306250472e-7
9502 4.99262306250472e-7
9503 4.99262306250472e-7
9504 4.99262306250472e-7
9505 4.99262306250472e-7
9506 4.99262306250472e-7
9507 4.99262306250472e-7
9508 5.005504570188575e-7
9509 5.005504570188575e-7
9510 5.005504570188575e-7
9511 5.005504570188575e-7
9512 5.005504570188575e-7
9513 5.005504570188575e-7
9514 5.005504570188575e-7
9515 5.005504570188575e-7
9516 5.005504570188575e-7
9517 5.005504570188575e-7
9518 5.005504570188575e-7
9519 5.005504570188575e-7
9520 5.005504570188575e-7
9521 5.005504570188575e-7
9522 5.005504570188575e-7
9523 5.005504570188575e-7
9524 5.005504570188575e-7
9525 5.005504570188575e-7
9526 5.005504570188575e-7
9527 5.005504570188575e-7
9528 5.005504570188575e-7
9529 5.005504570188575e-7
9530 5.01662367380052e-7
9531 5.01662367380052e-7
9532 5.01662367380052e-7
9533 5.01662367380052e-7
9534 5.01662367380052e-7
9535 5.01662367380052e-7
9536 5.01662367380052e-7
9537 5.01662367380052e-7
9538 5.01662367380052e-7
9539 5.01662367380052e-7
9540 5.01662367380052e-7
9541 5.01662367380052e-7
9542 5.01662367380052e-7
9543 5.01662367380052e-7
9544 5.01662367380052e-7
9545 5.022888190291166e-7
9546 5.022888190291166e-7
9547 5.022888190291166e-7
9548 5.022888190291166e-7
9549 5.022888190291166e-7
9550 5.022888190291166e-7
9551 5.022888190291166e-7
9552 5.022888190291166e-7
9553 5.022888190291166e-7
9554 5.022888190291166e-7
9555 5.022888190291166e-7
9556 5.025659955127648e-7
9557 5.025659955127648e-7
9558 5.025659955127648e-7
9559 5.025659955127648e-7
9560 5.025659955127648e-7
9561 5.025659955127648e-7
9562 5.025659955127648e-7
9563 5.025659955127648e-7
9564 5.025659955127648e-7
9565 5.025659955127648e-7
9566 5.025659955127648e-7
9567 5.025659955127648e-7
9568 5.025659955127648e-7
9569 5.025659955127648e-7
9570 5.025659955127648e-7
9571 5.025659955127648e-7
9572 5.025659955127648e-7
9573 5.025659955127648e-7
9574 5.025659955127648e-7
9575 5.025659955127648e-7
9576 5.025659955127648e-7
9577 5.025659955127648e-7
9578 5.025659955127648e-7
9579 5.025659955127648e-7
9580 5.025659955127648e-7
9581 5.025659955127648e-7
9582 5.025659955127648e-7
9583 5.025659955127648e-7
9584 5.025659955127648e-7
9585 5.025659955127648e-7
9586 5.025659955127648e-7
9587 5.025659955127648e-7
9588 5.025659955127648e-7
9589 5.025659955127648e-7
9590 5.025659955127648e-7
9591 5.025659955127648e-7
9592 5.025659955127648e-7
9593 5.025659955127648e-7
9594 5.025659955127648e-7
9595 5.025659955127648e-7
9596 5.025659955127648e-7
9597 5.025659955127648e-7
9598 5.025659955127648e-7
9599 5.029889700452957e-7
9600 5.029889700452957e-7
9601 5.029889700452957e-7
9602 5.029889700452957e-7
9603 5.029889700452957e-7
9604 5.029889700452957e-7
9605 5.029889700452957e-7
9606 5.029889700452957e-7
9607 5.029889700452957e-7
9608 5.029889700452957e-7
9609 5.029889700452957e-7
9610 5.029889700452957e-7
9611 5.029889700452957e-7
9612 5.029889700452957e-7
9613 5.029889700452957e-7
9614 5.029889700452957e-7
9615 5.029889700452957e-7
9616 5.029889700452957e-7
9617 5.029889700452957e-7
9618 5.029889700452957e-7
9619 5.029889700452957e-7
9620 5.029889700452957e-7
9621 5.029889700452957e-7
9622 5.029889700452957e-7
9623 5.029889700452957e-7
9624 5.029889700452957e-7
9625 5.029889700452957e-7
9626 5.031684136567247e-7
9627 5.031684136567247e-7
9628 5.031684136567247e-7
9629 5.031684136567247e-7
9630 5.031684136567247e-7
9631 5.031684136567247e-7
9632 5.031684136567247e-7
9633 5.031684136567247e-7
9634 5.031684136567247e-7
9635 5.031684136567247e-7
9636 5.039919323467556e-7
9637 5.039919323467556e-7
9638 5.043107651538638e-7
9639 5.043107651538638e-7
9640 5.043107651538638e-7
9641 5.043107651538638e-7
9642 5.043107651538638e-7
9643 5.043107651538638e-7
9644 5.043107651538638e-7
9645 5.043107651538638e-7
9646 5.052224034363084e-7
9647 5.052224034363084e-7
9648 5.052224034363084e-7
9649 5.052224034363084e-7
9650 5.052224034363084e-7
9651 5.052224034363084e-7
9652 5.052224034363084e-7
9653 5.052224034363084e-7
9654 5.052224034363084e-7
9655 5.055732798982528e-7
9656 5.055732798982528e-7
9657 5.060475240340492e-7
9658 5.060475240340492e-7
9659 5.060475240340492e-7
9660 5.060475240340492e-7
9661 5.060475240340492e-7
9662 5.060475240340492e-7
9663 5.060475240340492e-7
9664 5.060475240340492e-7
9665 5.060475240340492e-7
9666 5.060475240340492e-7
9667 5.060475240340492e-7
9668 5.060475240340492e-7
9669 5.060475240340492e-7
9670 5.060475240340492e-7
9671 5.060475240340492e-7
9672 5.060475240340492e-7
9673 5.064704985665801e-7
9674 5.064704985665801e-7
9675 5.065377903028546e-7
9676 5.065377903028546e-7
9677 5.065377903028546e-7
9678 5.065377903028546e-7
9679 5.065377903028546e-7
9680 5.065377903028546e-7
9681 5.065377903028546e-7
9682 5.065377903028546e-7
9683 5.065377903028546e-7
9684 5.065377903028546e-7
9685 5.065377903028546e-7
9686 5.065377903028546e-7
9687 5.065377903028546e-7
9688 5.065377903028546e-7
9689 5.065377903028546e-7
9690 5.065377903028546e-7
9691 5.065377903028546e-7
9692 5.065377903028546e-7
9693 5.065377903028546e-7
9694 5.065377903028546e-7
9695 5.065377903028546e-7
9696 5.065377903028546e-7
9697 5.066787820174255e-7
9698 5.066787820174255e-7
9699 5.070424767969592e-7
9700 5.070424767969592e-7
9701 5.070424767969592e-7
9702 5.070424767969592e-7
9703 5.070424767969592e-7
9704 5.070424767969592e-7
9705 5.070424767969592e-7
9706 5.070424767969592e-7
9707 5.070424767969592e-7
9708 5.070424767969592e-7
9709 5.070424767969592e-7
9710 5.070424767969592e-7
9711 5.074013640198174e-7
9712 5.074013640198174e-7
9713 5.074013640198174e-7
9714 5.074013640198174e-7
9715 5.074013640198174e-7
9716 5.074013640198174e-7
9717 5.074013640198174e-7
9718 5.074013640198174e-7
9719 5.074013640198174e-7
9720 5.074013640198174e-7
9721 5.07890027769731e-7
9722 5.07890027769731e-7
9723 5.07890027769731e-7
9724 5.07890027769731e-7
9725 5.07890027769731e-7
9726 5.07890027769731e-7
9727 5.07890027769731e-7
9728 5.07890027769731e-7
9729 5.07890027769731e-7
9730 5.07890027769731e-7
9731 5.07890027769731e-7
9732 5.07890027769731e-7
9733 5.082585288835765e-7
9734 5.082585288835765e-7
9735 5.082585288835765e-7
9736 5.082585288835765e-7
9737 5.082585288835765e-7
9738 5.082585288835765e-7
9739 5.082585288835765e-7
9740 5.082585288835765e-7
9741 5.082585288835765e-7
9742 5.082585288835765e-7
9743 5.082585288835765e-7
9744 5.082585288835765e-7
9745 5.082585288835765e-7
9746 5.09168565258311e-7
9747 5.09168565258311e-7
9748 5.09168565258311e-7
9749 5.09168565258311e-7
9750 5.097757903477647e-7
9751 5.097757903477647e-7
9752 5.097757903477647e-7
9753 5.097757903477647e-7
9754 5.097757903477647e-7
9755 5.097757903477647e-7
9756 5.097757903477647e-7
9757 5.097757903477647e-7
9758 5.097757903477647e-7
9759 5.097757903477647e-7
9760 5.103766065840147e-7
9761 5.103766065840147e-7
9762 5.103766065840147e-7
9763 5.103766065840147e-7
9764 5.103766065840147e-7
9765 5.106137286519128e-7
9766 5.106137286519128e-7
9767 5.106137286519128e-7
9768 5.106137286519128e-7
9769 5.106137286519128e-7
9770 5.106137286519128e-7
9771 5.106137286519128e-7
9772 5.114052036871073e-7
9773 5.114052036871073e-7
9774 5.114052036871073e-7
9775 5.116166909533727e-7
9776 5.116166909533727e-7
9777 5.116166909533727e-7
9778 5.116166909533727e-7
9779 5.116166909533727e-7
9780 5.116166909533727e-7
9781 5.1186983515428e-7
9782 5.1186983515428e-7
9783 5.1186983515428e-7
9784 5.1186983515428e-7
9785 5.1186983515428e-7
9786 5.1186983515428e-7
9787 5.1186983515428e-7
9788 5.1186983515428e-7
9789 5.1186983515428e-7
9790 5.1186983515428e-7
9791 5.1186983515428e-7
9792 5.1186983515428e-7
9793 5.1186983515428e-7
9794 5.1186983515428e-7
9795 5.1186983515428e-7
9796 5.1186983515428e-7
9797 5.1186983515428e-7
9798 5.1186983515428e-7
9799 5.127750651947028e-7
9800 5.127750651947028e-7
9801 5.127750651947028e-7
9802 5.127750651947028e-7
9803 5.127750651947028e-7
9804 5.127750651947028e-7
9805 5.127750651947028e-7
9806 5.127750651947028e-7
9807 5.127750651947028e-7
9808 5.127750651947028e-7
9809 5.127750651947028e-7
9810 5.127750651947028e-7
9811 5.127750651947028e-7
9812 5.127750651947028e-7
9813 5.127750651947028e-7
9814 5.132621276480883e-7
9815 5.132621276480883e-7
9816 5.133438383872982e-7
9817 5.133438383872982e-7
9818 5.133438383872982e-7
9819 5.133438383872982e-7
9820 5.133438383872982e-7
9821 5.133438383872982e-7
9822 5.133438383872982e-7
9823 5.133438383872982e-7
9824 5.133438383872982e-7
9825 5.133438383872982e-7
9826 5.136498540991809e-7
9827 5.136498540991809e-7
9828 5.136498540991809e-7
9829 5.136498540991809e-7
9830 5.1382929771061e-7
9831 5.146912689086809e-7
9832 5.146912689086809e-7
9833 5.146912689086809e-7
9834 5.146912689086809e-7
9835 5.146912689086809e-7
9836 5.146912689086809e-7
9837 5.146912689086809e-7
9838 5.154939597425727e-7
9839 5.154939597425727e-7
9840 5.154939597425727e-7
9841 5.154939597425727e-7
9842 5.154939597425727e-7
9843 5.154939597425727e-7
9844 5.154939597425727e-7
9845 5.154939597425727e-7
9846 5.154939597425727e-7
9847 5.154939597425727e-7
9848 5.154939597425727e-7
9849 5.154939597425727e-7
9850 5.154939597425727e-7
9851 5.154939597425727e-7
9852 5.154939597425727e-7
9853 5.154939597425727e-7
9854 5.154939597425727e-7
9855 5.154939597425727e-7
9856 5.154939597425727e-7
9857 5.154939597425727e-7
9858 5.154939597425727e-7
9859 5.154939597425727e-7
9860 5.154939597425727e-7
9861 5.154939597425727e-7
9862 5.154939597425727e-7
9863 5.154939597425727e-7
9864 5.154939597425727e-7
9865 5.154939597425727e-7
9866 5.154939597425727e-7
9867 5.154939597425727e-7
9868 5.154939597425727e-7
9869 5.154939597425727e-7
9870 5.154939597425727e-7
9871 5.154939597425727e-7
9872 5.154939597425727e-7
9873 5.154939597425727e-7
9874 5.154939597425727e-7
9875 5.154939597425727e-7
9876 5.154939597425727e-7
9877 5.154939597425727e-7
9878 5.154939597425727e-7
9879 5.154939597425727e-7
9880 5.154939597425727e-7
9881 5.154939597425727e-7
9882 5.154939597425727e-7
9883 5.157262748649771e-7
9884 5.157262748649771e-7
9885 5.157262748649771e-7
9886 5.157262748649771e-7
9887 5.157262748649771e-7
9888 5.157262748649771e-7
9889 5.157262748649771e-7
9890 5.157262748649771e-7
9891 5.157262748649771e-7
9892 5.157262748649771e-7
9893 5.157262748649771e-7
9894 5.157262748649771e-7
9895 5.161492493975081e-7
9896 5.161492493975081e-7
9897 5.161492493975081e-7
9898 5.161492493975081e-7
9899 5.161492493975081e-7
9900 5.161492493975081e-7
9901 5.161492493975081e-7
9902 5.161492493975081e-7
9903 5.172130951932209e-7
9904 5.172130951932209e-7
9905 5.172130951932209e-7
9906 5.172130951932209e-7
9907 5.172130951932209e-7
9908 5.172130951932209e-7
9909 5.172130951932209e-7
9910 5.180974967663227e-7
9911 5.180974967663227e-7
9912 5.180974967663227e-7
9913 5.180974967663227e-7
9914 5.180974967663227e-7
9915 5.180974967663227e-7
9916 5.180974967663227e-7
9917 5.180974967663227e-7
9918 5.180974967663227e-7
9919 5.180974967663227e-7
9920 5.180974967663227e-7
9921 5.180974967663227e-7
9922 5.180974967663227e-7
9923 5.180974967663227e-7
9924 5.180974967663227e-7
9925 5.180974967663227e-7
9926 5.180974967663227e-7
9927 5.180974967663227e-7
9928 5.180974967663227e-7
9929 5.180974967663227e-7
9930 5.180974967663227e-7
9931 5.180974967663227e-7
9932 5.180974967663227e-7
9933 5.180974967663227e-7
9934 5.180974967663227e-7
9935 5.187768193151808e-7
9936 5.187768193151808e-7
9937 5.195410570298507e-7
9938 5.195410570298507e-7
9939 5.195410570298507e-7
9940 5.195410570298507e-7
9941 5.195410570298507e-7
9942 5.195410570298507e-7
9943 5.195410570298507e-7
9944 5.195410570298507e-7
9945 5.195410570298507e-7
9946 5.195410570298507e-7
9947 5.195410570298507e-7
9948 5.195410570298507e-7
9949 5.195410570298507e-7
9950 5.195410570298507e-7
9951 5.195410570298507e-7
9952 5.195410570298507e-7
9953 5.195410570298507e-7
9954 5.195410570298507e-7
9955 5.195410570298507e-7
9956 5.195410570298507e-7
9957 5.195410570298507e-7
9958 5.195410570298507e-7
9959 5.195410570298507e-7
9960 5.195410570298507e-7
9961 5.195410570298507e-7
9962 5.195410570298507e-7
9963 5.195410570298507e-7
9964 5.195410570298507e-7
9965 5.195410570298507e-7
9966 5.195410570298507e-7
9967 5.195410570298507e-7
9968 5.195410570298507e-7
9969 5.195410570298507e-7
9970 5.195410570298507e-7
9971 5.195410570298507e-7
9972 5.195410570298507e-7
9973 5.195410570298507e-7
9974 5.195410570298507e-7
9975 5.195410570298507e-7
9976 5.195410570298507e-7
9977 5.202924776492953e-7
9978 5.202924776492953e-7
9979 5.202924776492953e-7
9980 5.202924776492953e-7
9981 5.202924776492953e-7
9982 5.206834085269898e-7
9983 5.206834085269898e-7
9984 5.206834085269898e-7
9985 5.206834085269898e-7
9986 5.208468312277735e-7
9987 5.208468312277735e-7
9988 5.208468312277735e-7
9989 5.208468312277735e-7
9990 5.208468312277735e-7
9991 5.208468312277735e-7
9992 5.208468312277735e-7
9993 5.208468312277735e-7
9994 5.208468312277735e-7
9995 5.214588632627209e-7
9996 5.214588632627209e-7
9997 5.214588632627209e-7
9998 5.214588632627209e-7
9999 5.214588632627209e-7
10000 5.220276358441345e-7
10001 5.220276358441345e-7
