1 8.268833685219099e-9
2 7.999667962484549e-9
3 8.227177361759128e-9
4 8.784734755657301e-9
5 7.81701992445365e-9
6 8.151875475752806e-9
7 8.07977679398455e-9
8 7.975635679743678e-9
9 8.110218541110954e-9
10 8.481923470376404e-9
11 8.603689236518258e-9
12 8.497945603385533e-9
13 8.534794981351826e-9
14 8.40021211998455e-9
15 8.413029826391853e-9
16 8.0909919815e-9
17 8.057346418953651e-9
18 8.02209894869733e-9
19 8.489934231290027e-9
20 8.145466011367274e-9
21 8.105411595617274e-9
22 8.1262400629382e-9
23 8.1262400629382e-9
24 8.358555796524577e-9
25 8.547612687759127e-9
26 8.300877951237357e-9
27 8.300877951237357e-9
28 8.300877951237357e-9
29 8.529989258221907e-9
30 8.395406396854631e-9
31 8.544408872339181e-9
32 8.695012644351823e-9
33 8.695012644351823e-9
34 8.695012644351823e-9
35 9.332679480931878e-9
36 9.060309331595501e-9
37 9.01384606264185e-9
38 9.773277442999996e-9
39 9.69477113039185e-9
40 9.728416692938199e-9
41 9.640297100524574e-9
42 9.821343230845501e-9
43 9.27019469015098e-9
44 9.752448975679071e-9
45 9.576210402033705e-9
46 9.609855964580053e-9
47 9.864601462015447e-9
48 1.024912470887008e-8
49 1.0130562758148173e-8
50 1.0261941804095503e-8
51 1.027155508390098e-8
52 1.034044811670365e-8
53 9.915871676462779e-9
54 9.258979502635532e-9
55 9.25257003825e-9
56 9.625877486407302e-9
57 9.625877486407302e-9
58 9.95592670339466e-9
59 9.715600208894659e-9
60 9.859796350067411e-9
61 9.880624206206457e-9
62 1.0119348181814604e-8
63 1.0136972222533705e-8
64 1.0136972222533705e-8
65 1.0136972222533705e-8
66 1.0136972222533705e-8
67 1.0136972222533705e-8
68 1.0136972222533705e-8
69 1.0136972222533705e-8
70 1.0136972222533705e-8
71 1.0136972222533705e-8
72 1.0136972222533705e-8
73 1.0136972222533705e-8
74 1.0136972222533705e-8
75 1.0136972222533705e-8
76 1.0136972222533705e-8
77 1.1338604695033705e-8
78 1.1338604695033705e-8
79 1.1338604695033705e-8
80 1.1338604695033705e-8
81 1.1338604695033705e-8
82 1.1338604695033705e-8
83 1.1338604695033705e-8
84 1.1338604695033705e-8
85 1.1338604695033705e-8
86 1.1338604695033705e-8
87 1.1338604695033705e-8
88 1.1338604695033705e-8
89 1.1338604695033705e-8
90 1.1338604695033705e-8
91 1.1338604695033705e-8
92 1.1338604695033705e-8
93 1.1338604695033705e-8
94 1.1338604695033705e-8
95 1.1338604695033705e-8
96 1.1338604695033705e-8
97 1.1338604695033705e-8
98 1.1338604695033705e-8
99 1.1338604695033705e-8
100 1.1338604695033705e-8
101 1.1338604695033705e-8
102 1.1338604695033705e-8
103 1.1338604695033705e-8
104 1.1338604695033705e-8
105 1.1338604695033705e-8
106 1.1338604695033705e-8
107 1.1338604695033705e-8
108 1.1338604695033705e-8
109 1.1338604695033705e-8
110 1.1338604695033705e-8
111 1.2232619547941007e-8
112 1.2396041026360951e-8
113 1.2338363181073731e-8
114 1.1941023450175557e-8
115 1.2203780319706456e-8
116 1.2067594939447328e-8
117 1.1977873439323732e-8
118 1.2025938615987356e-8
119 1.3136247680653788e-8
120 1.3507952609919238e-8
121 1.3483919715996486e-8
122 1.364093234121278e-8
123 1.3552813359981037e-8
124 1.3280443210644661e-8
125 1.3330110906200139e-8
126 1.3426241259527386e-8
127 1.4044681536496486e-8
128 1.3684191794746487e-8
129 1.3918109436042835e-8
130 1.3889270207808283e-8
131 1.3865237925067412e-8
132 1.3945346756567413e-8
133 1.4028659403487357e-8
134 1.3515963370832862e-8
135 1.3922915770354632e-8
136 1.3948551183169238e-8
137 1.360087853664466e-8
138 1.349193047691011e-8
139 1.350314566442556e-8
140 1.3753084827549156e-8
141 1.404147710989466e-8
142 1.4076725191332862e-8
143 1.4046283444206457e-8
144 1.4035068256691008e-8
145 1.4152027077339182e-8
146 1.4102359381783704e-8
147 1.4147221354209265e-8
148 1.4502904150465586e-8
149 1.4078327099042833e-8
150 1.4869802745419237e-8
151 1.4454838362620081e-8
152 1.4118381514792833e-8
153 1.4091144805450136e-8
154 1.4188877677669237e-8
155 1.4504506669357438e-8
156 1.4381138384323732e-8
157 1.440837570484831e-8
158 1.4417988984653788e-8
159 1.4070316949311091e-8
160 1.3759494291934688e-8
161 1.4190479585379211e-8
162 1.4720799658752806e-8
163 1.441318203916011e-8
164 1.4198490346292835e-8
165 1.4160038449434689e-8
166 1.383960312343469e-8
167 1.3501543756715588e-8
168 1.3501543756715588e-8
169 1.3501543756715588e-8
170 1.3501543756715588e-8
171 1.3501543756715588e-8
172 1.3501543756715588e-8
173 1.3501543756715588e-8
174 1.4192082104271065e-8
175 1.4192082104271065e-8
176 1.4192082104271065e-8
177 1.4562184514644661e-8
178 1.4562184514644661e-8
179 1.4562184514644661e-8
180 1.4562184514644661e-8
181 1.4562184514644661e-8
182 1.4562184514644661e-8
183 1.4562184514644661e-8
184 1.4562184514644661e-8
185 1.5422553805005616e-8
186 1.560840565845646e-8
187 1.5672493579311093e-8
188 1.5810280867280195e-8
189 1.565807396519382e-8
190 1.562603031035744e-8
191 1.5634041071271066e-8
192 1.5166205177496486e-8
193 1.4957922949014744e-8
194 1.5177420976193817e-8
195 1.5142172894755617e-8
196 1.5387305723567415e-8
197 1.5356865198804773e-8
198 1.533283169370014e-8
199 1.5260733623113764e-8
200 1.5017202702011936e-8
201 1.5017202702011936e-8
202 1.5321615895002808e-8
203 1.5558738574082863e-8
204 1.531680956069101e-8
205 1.5943259987391854e-8
206 1.5943259987391854e-8
207 1.5730170813416434e-8
208 1.556194238950281e-8
209 1.564205122100281e-8
210 1.563724488669101e-8
211 1.563724488669101e-8
212 1.6526453405286515e-8
213 1.6143532677323734e-8
214 1.6539270500511937e-8
215 1.6851694454416433e-8
216 1.771366504130548e-8
217 1.759830812836728e-8
218 1.767681566333919e-8
219 1.779217257627739e-8
220 1.7830625084317417e-8
221 1.7556653027271068e-8
222 1.7819409896801966e-8
223 1.7200969619832866e-8
224 1.7063182331863764e-8
225 1.705036462545646e-8
226 1.705036462545646e-8
227 1.705036462545646e-8
228 1.705036462545646e-8
229 1.705036462545646e-8
230 1.705036462545646e-8
231 1.705036462545646e-8
232 1.705036462545646e-8
233 1.705036462545646e-8
234 1.765598719601826e-8
235 1.765598719601826e-8
236 1.765598719601826e-8
237 1.8328902114036516e-8
238 1.8151060410317415e-8
239 1.8357741342271067e-8
240 1.8333708448348313e-8
241 1.8788726635715587e-8
242 1.892651392368469e-8
243 1.8899276603160113e-8
244 1.8872039893817417e-8
245 1.9737214907308287e-8
246 1.979649649385112e-8
247 1.9911852795607442e-8
248 2.0110521744283708e-8
249 1.9942294542733848e-8
250 1.980450725476475e-8
251 2.0592777252175565e-8
252 2.091641761595927e-8
253 2.0616810146098315e-8
254 2.049985193663202e-8
255 2.0318805195129212e-8
256 2.1087849855292834e-8
257 2.1001332781771064e-8
258 2.089719105634831e-8
259 2.0813878409428368e-8
260 2.0802662610731037e-8
261 2.104619353183286e-8
262 2.0820286651450137e-8
263 2.0379688078200137e-8
264 2.0487034841406598e-8
265 2.0727360724724715e-8
266 2.0918020134851118e-8
267 2.032200962173104e-8
268 1.9743624371693817e-8
269 1.9743624371693817e-8
270 2.0227481787295642e-8
271 2.0563939246304772e-8
272 2.1278509876601118e-8
273 2.1119894732492972e-8
274 2.0977301110212072e-8
275 2.1155142202749292e-8
276 2.10606143683139e-8
277 2.1211218751508423e-8
278 2.091161128164747e-8
279 2.096929034929845e-8
280 2.0765813843946626e-8
281 2.0858739770672048e-8
282 2.1778389425212075e-8
283 2.1675850218681173e-8
284 2.180081980024297e-8
285 2.1757560957891144e-8
286 2.158773062626755e-8
287 2.1781593240632017e-8
288 2.1941810292450137e-8
289 2.1882529928271063e-8
290 2.2156501985317413e-8
291 2.2289482938974714e-8
292 2.2127663368264743e-8
293 2.188573435487289e-8
294 2.210363047434199e-8
295 2.151402942560744e-8
296 2.2175727933746485e-8
297 2.184087299362921e-8
298 2.227506332485744e-8
299 2.2226998148193818e-8
300 2.215970702310112e-8
301 2.2183739305841993e-8
302 2.2345558876551965e-8
303 2.1924186251731037e-8
304 2.1618170539848313e-8
305 2.1991478599187495e-8
306 2.1991478599187495e-8
307 2.242887335701755e-8
308 2.242887335701755e-8
309 2.242887335701755e-8
310 2.242887335701755e-8
311 2.304731363398665e-8
312 2.3194713590579347e-8
313 2.3194713590579347e-8
314 2.4075910737079347e-8
315 2.4075910737079347e-8
316 2.4075910737079347e-8
317 2.4075910737079347e-8
318 2.4075910737079347e-8
319 2.4075910737079347e-8
320 2.4075910737079347e-8
321 2.4075910737079347e-8
322 2.4407561861776676e-8
323 2.4407561861776676e-8
324 2.4407561861776676e-8
325 2.4407561861776676e-8
326 2.4407561861776676e-8
327 2.4407561861776676e-8
328 2.4407561861776676e-8
329 2.4407561861776676e-8
330 2.4407561861776676e-8
331 2.5466601323177656e-8
332 2.53672659320667e-8
333 2.590559676635392e-8
334 2.5445772855856726e-8
335 2.5771014516168525e-8
336 2.5559526638721195e-8
337 2.5295167250298444e-8
338 2.62660871192858e-8
339 2.6198795383011222e-8
340 2.550665451656389e-8
341 2.5553118396699422e-8
342 2.5509859554347597e-8
343 2.5112519823449423e-8
344 2.4960312921363046e-8
345 2.4937881935150268e-8
346 2.486418195685392e-8
347 2.486418195685392e-8
348 2.486418195685392e-8
349 2.486418195685392e-8
350 2.486418195685392e-8
351 2.486418195685392e-8
352 2.486418195685392e-8
353 2.486418195685392e-8
354 2.486418195685392e-8
355 2.486418195685392e-8
356 2.486418195685392e-8
357 2.486418195685392e-8
358 2.486418195685392e-8
359 2.486418195685392e-8
360 2.486418195685392e-8
361 2.486418195685392e-8
362 2.486418195685392e-8
363 2.486418195685392e-8
364 2.486418195685392e-8
365 2.486418195685392e-8
366 2.486418195685392e-8
367 2.486418195685392e-8
368 2.486418195685392e-8
369 2.550505260885392e-8
370 2.587195120380757e-8
371 2.633978770876403e-8
372 2.5923221418254904e-8
373 2.5985706209035804e-8
374 2.5742175287933977e-8
375 2.6317356111369372e-8
376 2.5992115062239454e-8
377 2.6112278309489453e-8
378 2.6384648458825828e-8
379 2.623244094555757e-8
380 2.5977695448122177e-8
381 2.5932834698060377e-8
382 2.6001727730863046e-8
383 2.6219623850332145e-8
384 2.6197193475301247e-8
385 2.624525926314675e-8
386 2.619879538301122e-8
387 2.5614001279770348e-8
388 2.5455386135662202e-8
389 2.5455386135662202e-8
390 2.5455386135662202e-8
391 2.5455386135662202e-8
392 2.5455386135662202e-8
393 2.5455386135662202e-8
394 2.5455386135662202e-8
395 2.5455386135662202e-8
396 2.5455386135662202e-8
397 2.5455386135662202e-8
398 2.5455386135662202e-8
399 2.5455386135662202e-8
400 2.5455386135662202e-8
401 2.5455386135662202e-8
402 2.562040952179212e-8
403 2.562040952179212e-8
404 2.562040952179212e-8
405 2.639906746176122e-8
406 2.6533650934310377e-8
407 2.6749943923705744e-8
408 2.660414587482302e-8
409 2.706717482310392e-8
410 2.668425470632302e-8
411 2.6432713024307573e-8
412 2.6495197815088473e-8
413 2.6016147344980327e-8
414 2.6174763100270356e-8
415 2.620199980961305e-8
416 2.6504811094893952e-8
417 2.6407078833856732e-8
418 2.6500005371764035e-8
419 2.6306140923853925e-8
420 2.6488788961884823e-8
421 2.6511220559279482e-8
422 2.6503209187183978e-8
423 2.6317356111369372e-8
424 2.624045231765308e-8
425 2.6669835703387628e-8
426 2.6721105306653077e-8
427 2.6799611619261222e-8
428 2.6613759154628497e-8
429 2.6767568575606725e-8
430 2.6963033097681165e-8
431 2.6740330643900265e-8
432 2.6647405328356723e-8
433 2.655287688273945e-8
434 2.6889333119384814e-8
435 2.6546468029535796e-8
436 2.6775579336520346e-8
437 2.673712682848032e-8
438 2.636542189921487e-8
439 2.6496800333980318e-8
440 2.6270893453597595e-8
441 2.6355809230591273e-8
442 2.5698915834400265e-8
443 2.5958468888511218e-8
444 2.6317356111369365e-8
445 2.6450337065026667e-8
446 2.6387852274245767e-8
447 2.6698674320440288e-8
448 2.6317356111369362e-8
449 2.6310948480529474e-8
450 2.6386250366535795e-8
451 2.642950920888762e-8
452 2.6517628190119364e-8
453 2.6488788961884813e-8
454 2.668585722521487e-8
455 2.6745138200575824e-8
456 2.6709889507955742e-8
457 2.6684254706323018e-8
458 2.6785192616325825e-8
459 2.6823644513183972e-8
460 2.698866851049577e-8
461 2.6721105306653074e-8
462 2.673071797527667e-8
463 2.6684254706323018e-8
464 2.6580113592082145e-8
465 2.6443928211823017e-8
466 2.6418294021372173e-8
467 2.613631059223032e-8
468 2.6134708684520347e-8
469 2.6487187054174842e-8
470 2.6498402241690293e-8
471 2.6392658608557568e-8
472 2.6482380719863044e-8
473 2.6516026282409393e-8
474 2.6530445896526667e-8
475 2.6913366624489448e-8
476 2.6689061040634815e-8
477 2.6115482124909395e-8
478 2.6435917450909396e-8
479 2.6456745918230323e-8
480 2.667303951880757e-8
481 2.646155225254212e-8
482 2.6442326304113046e-8
483 2.6711492638029478e-8
484 2.6740330643900268e-8
485 2.695342104023945e-8
486 2.6809224899066698e-8
487 2.682044008658215e-8
488 2.685088122252667e-8
489 2.6682652798613046e-8
490 2.6528843377634818e-8
491 2.6061008095042123e-8
492 2.58078645053167e-8
493 2.5928027141384818e-8
494 2.5753390475449424e-8
495 2.5753390475449424e-8
496 2.5753390475449424e-8
497 2.5753390475449424e-8
498 2.5753390475449424e-8
499 2.5753390475449424e-8
500 2.5753390475449424e-8
501 2.5753390475449424e-8
502 2.5753390475449424e-8
503 2.5753390475449424e-8
504 2.5753390475449424e-8
505 2.5753390475449424e-8
506 2.5753390475449424e-8
507 2.5753390475449424e-8
508 2.5753390475449424e-8
509 2.5753390475449424e-8
510 2.5753390475449424e-8
511 2.5753390475449424e-8
512 2.5753390475449424e-8
513 2.5753390475449424e-8
514 2.5753390475449424e-8
515 2.5753390475449424e-8
516 2.5753390475449424e-8
517 2.5753390475449424e-8
518 2.5753390475449424e-8
519 2.5753390475449424e-8
520 2.5753390475449424e-8
521 2.5753390475449424e-8
522 2.5753390475449424e-8
523 2.5753390475449424e-8
524 2.5753390475449424e-8
525 2.5753390475449424e-8
526 2.5753390475449424e-8
527 2.5753390475449424e-8
528 2.5753390475449424e-8
529 2.5753390475449424e-8
530 2.5753390475449424e-8
531 2.5753390475449424e-8
532 2.5753390475449424e-8
533 2.642470226339395e-8
534 2.642470226339395e-8
535 2.662978128763763e-8
536 2.661856610012218e-8
537 2.707198237977948e-8
538 2.69742488963785e-8
539 2.682684832860392e-8
540 2.6793202766057572e-8
541 2.7376396183952233e-8
542 2.7438880974733133e-8
543 2.714087541258215e-8
544 2.7602302453153076e-8
545 2.7744896686615857e-8
546 2.742766456485392e-8
547 2.654486612182583e-8
548 2.654486612182583e-8
549 2.654486612182583e-8
550 2.654486612182583e-8
551 2.705275643135041e-8
552 2.7446892346828638e-8
553 2.7892297254390435e-8
554 2.7555839795381305e-8
555 2.7198554480233132e-8
556 2.7198554480233132e-8
557 2.7198554480233132e-8
558 2.7198554480233132e-8
559 2.7198554480233132e-8
560 2.7198554480233132e-8
561 2.7198554480233132e-8
562 2.7198554480233132e-8
563 2.7198554480233132e-8
564 2.7198554480233132e-8
565 2.7198554480233132e-8
566 2.7198554480233132e-8
567 2.7198554480233132e-8
568 2.7198554480233132e-8
569 2.7760918819624986e-8
570 2.8153451605029482e-8
571 2.8709407091217683e-8
572 2.8706202664615856e-8
573 2.8268808517967683e-8
574 2.807814971902316e-8
575 2.8499522343844088e-8
576 2.8799128591341282e-8
577 2.884398934140308e-8
578 2.8440241368483138e-8
579 2.861808307220224e-8
580 2.8312067360319515e-8
581 2.872863303964676e-8
582 2.9153210091069512e-8
583 2.8723826705334963e-8
584 2.8794322868211368e-8
585 2.8312067360319515e-8
586 2.8414607178032294e-8
587 2.9103542395514038e-8
588 2.8871227273109542e-8
589 2.884078552598314e-8
590 2.8924098784084965e-8
591 2.8768687455396763e-8
592 2.818229144444592e-8
593 2.839377871071137e-8
594 2.826079775705407e-8
595 2.7974007993600417e-8
596 2.850272615926404e-8
597 2.879432286821137e-8
598 2.851874829227317e-8
599 2.8773494400890444e-8
600 2.8848796898078647e-8
601 2.8770289363106737e-8
602 2.8763881121084968e-8
603 2.8166269311436795e-8
604 2.7982019365695925e-8
605 2.8264001572474015e-8
606 2.8515543865671347e-8
607 2.8600459031483145e-8
608 2.8571620414430474e-8
609 2.8853602621208564e-8
610 2.8595652697171344e-8
611 2.8292841411890443e-8
612 2.7772134007140443e-8
613 2.7868264360467692e-8
614 2.801566492824227e-8
615 2.846747868900772e-8
616 2.7744896686615867e-8
617 2.800284783301685e-8
618 2.832969140103862e-8
619 2.8464273651224014e-8
620 2.8541178667304068e-8
621 2.8541178667304068e-8
622 2.9106746822115867e-8
623 2.9020229137412217e-8
624 2.9020229137412217e-8
625 2.9020229137412217e-8
626 2.9020229137412217e-8
627 3.016097872684129e-8
628 3.024749702272682e-8
629 3.060638424558497e-8
630 3.060638424558497e-8
631 3.103576763131952e-8
632 3.081306517753862e-8
633 3.081306517753862e-8
634 3.096366956073314e-8
635 3.1292115647646765e-8
636 3.1703874992662214e-8
637 3.1445925068624996e-8
638 3.127128718032584e-8
639 3.130493274287219e-8
640 3.1434709881109546e-8
641 3.110946760961587e-8
642 3.110946760961587e-8
643 3.160133578613132e-8
644 3.229828298689045e-8
645 3.229828298689045e-8
646 3.229828298689045e-8
647 3.229828298689045e-8
648 3.229828298689045e-8
649 3.280937772301685e-8
650 3.333008512776685e-8
651 3.3467871804554074e-8
652 3.374344638049228e-8
653 3.358162680978231e-8
654 3.3352515502797753e-8
655 3.32211370680323e-8
656 3.3033682084507724e-8
657 3.2980810573532303e-8
658 3.3062521923924156e-8
659 3.2841421377853226e-8
660 3.329003010083497e-8
661 3.3325278793455054e-8
662 3.375305966029775e-8
663 3.3607261000233144e-8
664 3.36713483099059e-8
665 3.353195911422683e-8
666 3.348229141867135e-8
667 3.344544142952318e-8
668 3.353035720651686e-8
669 3.3472678750047755e-8
670 3.3772285608726826e-8
671 3.378029636964045e-8
672 3.3770683701016855e-8
673 3.364731541598315e-8
674 3.403023553276405e-8
675 3.382836154630408e-8
676 3.3796317891467706e-8
677 3.3978966540680485e-8
678 3.3514335684689616e-8
679 3.353996987514046e-8
680 3.3663338160174166e-8
681 3.362007931782234e-8
682 3.382675963859411e-8
683 3.3298041472930484e-8
684 3.3652122972658715e-8
685 3.381554445107866e-8
686 3.378189888853231e-8
687 3.359925085050141e-8
688 3.380432926356321e-8
689 3.396454692656321e-8
690 3.384598558702318e-8
691 3.3889244429375e-8
692 3.38187482664986e-8
693 3.3852395051408714e-8
694 3.356880910337501e-8
695 3.3499915459390455e-8
696 3.382515711970225e-8
697 3.4182442434850426e-8
698 3.406708552191222e-8
699 3.358643253291222e-8
700 3.348549584527318e-8
701 3.31426295330604e-8
702 3.330925604926405e-8
703 3.380913498669313e-8
704 3.354637872834411e-8
705 3.353356041075493e-8
706 3.3890846337084986e-8
707 3.430901453530409e-8
708 3.436188604627951e-8
709 3.415039878001406e-8
710 3.418724876916223e-8
711 3.408470956263133e-8
712 3.388924381819313e-8
713 3.424973355994313e-8
714 3.433144491033498e-8
715 3.387482481525774e-8
716 3.3773886905254933e-8
717 3.400139691571139e-8
718 3.399018172819594e-8
719 3.396454631538134e-8
720 3.404145133146139e-8
721 3.4417961983856755e-8
722 3.401421401093681e-8
723 3.446923219830408e-8
724 3.41664203018413e-8
725 3.405587033439678e-8
726 3.3698585019248605e-8
727 3.395333112786588e-8
728 3.3935707087146776e-8
729 3.393410456825492e-8
730 3.4222496850600425e-8
731 3.4222496850600425e-8
732 3.42144860896868e-8
733 3.397415898400492e-8
734 3.4161613967529496e-8
735 3.408951589694312e-8
736 3.3596045201535816e-8
737 3.375786599460955e-8
738 3.340538640259129e-8
739 3.390045900570856e-8
740 3.414078550020856e-8
741 3.413597916589676e-8
742 3.4041451331461365e-8
743 3.414559183452036e-8
744 3.4134376647004906e-8
745 3.359444329382583e-8
746 3.317787822568046e-8
747 3.317787822568046e-8
748 3.432503666831319e-8
749 3.4525308747063186e-8
750 3.4582987814714165e-8
751 3.463265489908776e-8
752 3.484414216535321e-8
753 3.474640929313411e-8
754 3.490662695613411e-8
755 3.466950488823593e-8
756 3.464547260549506e-8
757 3.4650278939806856e-8
758 3.439873725779141e-8
759 3.457177262719871e-8
760 3.48441421653532e-8
761 3.5153362915019637e-8
762 3.5082866752143235e-8
763 3.518700847756599e-8
764 3.4796076988689586e-8
765 3.5143749635214164e-8
766 3.489861680640237e-8
767 3.4946681371884114e-8
768 3.482010988261234e-8
769 3.468873144784689e-8
770 3.470154854307231e-8
771 3.4921047181433263e-8
772 3.467431122254773e-8
773 3.46134283394768e-8
774 3.516778191795503e-8
775 3.5169383825665e-8
776 3.48217117903223e-8
777 3.415040000237778e-8
778 3.410874367891781e-8
779 3.4711161822877785e-8
780 3.4292993624658684e-8
781 3.4292993624658684e-8
782 3.4292993624658684e-8
783 3.4292993624658684e-8
784 3.4292993624658684e-8
785 3.4292993624658684e-8
786 3.468552702124506e-8
787 3.446282456746416e-8
788 3.4634256806797724e-8
789 3.5058834469402356e-8
790 3.537926918422047e-8
791 3.524308441514322e-8
792 3.5026790814565975e-8
793 3.5478603964149545e-8
794 3.5289547684096874e-8
795 3.516778191795502e-8
796 3.51629761948251e-8
797 3.5337612860760496e-8
798 3.554269188500418e-8
799 3.561639186330053e-8
800 3.522385785553227e-8
801 3.480889469509688e-8
802 3.5396893836121454e-8
803 3.4986736398815977e-8
804 3.509888827397047e-8
805 3.5491421670556844e-8
806 3.551865837989954e-8
807 3.541451665447679e-8
808 3.5446560309313164e-8
809 3.5376065368800524e-8
810 3.530877363252595e-8
811 3.535683880918957e-8
812 3.54802064830414e-8
813 3.566926337427595e-8
814 3.536805399670502e-8
815 3.443558663575769e-8
816 3.443558663575769e-8
817 3.443558663575769e-8
818 3.443558663575769e-8
819 3.443558663575769e-8
820 3.443558663575769e-8
821 3.443558663575769e-8
822 3.443558663575769e-8
823 3.443558663575769e-8
824 3.443558663575769e-8
825 3.443558663575769e-8
826 3.443558663575769e-8
827 3.443558663575769e-8
828 3.443558663575769e-8
829 3.443558663575769e-8
830 3.443558663575769e-8
831 3.443558663575769e-8
832 3.443558663575769e-8
833 3.443558663575769e-8
834 3.443558663575769e-8
835 3.443558663575769e-8
836 3.443558663575769e-8
837 3.443558663575769e-8
838 3.443558663575769e-8
839 3.443558663575769e-8
840 3.443558663575769e-8
841 3.443558663575769e-8
842 3.492905733116499e-8
843 3.5526668529631283e-8
844 3.560357354571134e-8
845 3.570130641793044e-8
846 3.613389423026682e-8
847 3.5766995635313165e-8
848 3.617555055372679e-8
849 3.625726190411864e-8
850 3.572373740414322e-8
851 3.631013341509406e-8
852 3.690614331703226e-8
853 3.760949937099504e-8
854 3.741723744197678e-8
855 3.733392418387495e-8
856 3.737878554511863e-8
857 3.741082919995501e-8
858 3.698144581422046e-8
859 3.7607897463285066e-8
860 3.7385195009504166e-8
861 3.694459643625416e-8
862 3.7047135031603184e-8
863 3.781297648752874e-8
864 3.787225624052593e-8
865 3.802286184608421e-8
866 3.8402577536263286e-8
867 3.883356344088969e-8
868 3.963144732928786e-8
869 3.996470036169517e-8
870 4.07465627282661e-8
871 4.121600052975065e-8
872 4.094523228812425e-8
873 4.0934017100608797e-8
874 4.068407732630332e-8
875 4.0913188633287866e-8
876 4.130572202987425e-8
877 4.059115078839602e-8
878 4.0405298323763295e-8
879 4.034281414416428e-8
880 4.0406901453837034e-8
881 4.049021410075698e-8
882 4.054148370402243e-8
883 4.0075250329139705e-8
884 3.9782051712482404e-8
885 4.0783412106232405e-8
886 4.053187042421696e-8
887 4.0977275942960635e-8
888 4.097407212754069e-8
889 4.087313421753788e-8
890 4.116312901877524e-8
891 4.1273678375037886e-8
892 4.1017330969892524e-8
893 4.0881145589633396e-8
894 4.1533230817966965e-8
895 4.151080044293606e-8
896 4.1522015630451514e-8
897 4.157809156802876e-8
898 4.1398647956599685e-8
899 4.148356312241149e-8
900 4.139544414117974e-8
901 4.108622400269519e-8
902 4.110224552452244e-8
903 4.099169555707792e-8
904 4.12015809156334e-8
905 4.057833308198874e-8
906 4.0765788065513314e-8
907 4.083948865499154e-8
908 4.082186461427244e-8
909 4.0772197529898845e-8
910 4.1461132747380585e-8
911 4.141306818189884e-8
912 4.1461132747380585e-8
913 4.134417392673241e-8
914 4.1198375877849687e-8
915 4.1328153016087045e-8
916 4.143549855692974e-8
917 4.158450103241429e-8
918 4.151400486953789e-8
919 4.150278968202244e-8
920 4.1751127548617945e-8
921 4.131533469849786e-8
922 4.1270473948436066e-8
923 4.1429089703726095e-8
924 4.149477830992694e-8
925 4.150599349744239e-8
926 4.3318055485997864e-8
927 4.3308442206192385e-8
928 4.330043144527876e-8
929 4.328761435005334e-8
930 4.301524420071696e-8
931 4.321070994515516e-8
932 4.349589718971696e-8
933 4.3185074532340557e-8
934 4.318988147783424e-8
935 4.2885467673661486e-8
936 4.2891877138047016e-8
937 4.307132074947609e-8
938 4.327319473593606e-8
939 4.320430109195151e-8
940 4.273165886386513e-8
941 4.2412826056756986e-8
942 4.2412826056756986e-8
943 4.2412826056756986e-8
944 4.2412826056756986e-8
945 4.2412826056756986e-8
946 4.2412826056756986e-8
947 4.2412826056756986e-8
948 4.2412826056756986e-8
949 4.370898697487426e-8
950 4.415118806701611e-8
951 4.415118806701611e-8
952 4.494106119450066e-8
953 4.494106119450066e-8
954 4.494106119450066e-8
955 4.494106119450066e-8
956 4.494106119450066e-8
957 4.494106119450066e-8
958 4.494106119450066e-8
959 4.494106119450066e-8
960 4.494106119450066e-8
961 4.494106119450066e-8
962 4.494106119450066e-8
963 4.494106119450066e-8
964 4.494106119450066e-8
965 4.494106119450066e-8
966 4.494106119450066e-8
967 4.494106119450066e-8
968 4.494106119450066e-8
969 4.494106119450066e-8
970 4.6200372123469766e-8
971 4.6200372123469766e-8
972 4.6200372123469766e-8
973 4.6200372123469766e-8
974 4.6200372123469766e-8
975 4.6200372123469766e-8
976 4.6200372123469766e-8
977 4.6200372123469766e-8
978 4.6200372123469766e-8
979 4.6200372123469766e-8
980 4.6200372123469766e-8
981 4.6200372123469766e-8
982 4.6200372123469766e-8
983 4.6200372123469766e-8
984 4.6200372123469766e-8
985 4.6200372123469766e-8
986 4.6200372123469766e-8
987 4.6200372123469766e-8
988 4.6200372123469766e-8
989 4.6200372123469766e-8
990 4.6200372123469766e-8
991 4.6200372123469766e-8
992 4.6200372123469766e-8
993 4.6200372123469766e-8
994 4.6200372123469766e-8
995 4.6200372123469766e-8
996 4.6200372123469766e-8
997 4.6200372123469766e-8
998 4.6200372123469766e-8
999 4.6200372123469766e-8
1000 4.6200372123469766e-8
1001 4.6200372123469766e-8
1002 4.6200372123469766e-8
1003 4.6200372123469766e-8
1004 4.6200372123469766e-8
1005 4.6200372123469766e-8
1006 4.6200372123469766e-8
1007 4.6200372123469766e-8
1008 4.674190799554069e-8
1009 4.699825662304982e-8
1010 4.787785125065796e-8
1011 4.764713742478156e-8
1012 4.711361353598802e-8
1013 4.725941097368887e-8
1014 4.7347531177284374e-8
1015 4.7427639397602494e-8
1016 4.783779683490797e-8
1017 4.7570233631065274e-8
1018 4.753658806851893e-8
1019 4.761829941891078e-8
1020 4.73827786475407e-8
1021 4.752857669642342e-8
1022 4.7421231155580725e-8
1023 4.6740306087830724e-8
1024 4.734112232408072e-8
1025 4.734112232408072e-8
1026 4.734112232408072e-8
1027 4.7690397489497154e-8
1028 4.77913341771362e-8
1029 4.77913341771362e-8
1030 4.862446614697257e-8
1031 4.8936890100877066e-8
1032 4.89881603153244e-8
1033 4.897534260891709e-8
1034 4.890484644604069e-8
1035 4.868534841886162e-8
1036 4.8499496565410774e-8
1037 4.86901553643553e-8
1038 4.8626068054682545e-8
1039 4.83649137040435e-8
1040 4.838093522587075e-8
1041 4.857640097030895e-8
1042 4.87125857393862e-8
1043 4.8715789554806144e-8
1044 4.8743027486512604e-8
1045 4.8754242674028055e-8
1046 4.8605240198543505e-8
1047 4.868054208454983e-8
1048 4.857800287801893e-8
1049 4.8283202353651655e-8
1050 4.892407300565166e-8
1051 4.893048185885531e-8
1052 4.864689652200348e-8
1053 4.8486679470185365e-8
1054 4.823834160358986e-8
1055 4.811657583744801e-8
1056 4.7994810682488035e-8
1057 4.825276060652525e-8
1058 4.865330476402525e-8
1059 4.863568133448803e-8
1060 4.8803909758401655e-8
1061 4.8545959223182554e-8
1062 4.864849842971345e-8
1063 4.833767577233705e-8
1064 4.7975584734058954e-8
1065 4.78137645521671e-8
1066 4.78137645521671e-8
1067 4.826718022064252e-8
1068 4.8743026875330727e-8
1069 4.800282144340165e-8
1070 4.793232528052525e-8
1071 4.793232528052525e-8
1072 4.793232528052525e-8
1073 4.793232528052525e-8
1074 4.793232528052525e-8
1075 4.793232528052525e-8
1076 4.793232528052525e-8
1077 4.793232528052525e-8
1078 4.793232528052525e-8
1079 4.793232528052525e-8
1080 4.793232528052525e-8
1081 4.839375232109618e-8
1082 4.887120088349435e-8
1083 4.910992547028438e-8
1084 4.912594699211163e-8
1085 4.905865586701893e-8
1086 4.9034622361914296e-8
1087 4.9286164043929744e-8
1088 4.905384831034337e-8
1089 4.9074676777664294e-8
1090 4.962101898404702e-8
1091 4.957936266058705e-8
1092 4.941113423667343e-8
1093 4.940472599465166e-8
1094 4.929417541602525e-8
1095 4.9297379231445195e-8
1096 4.9430360185102496e-8
1097 4.892887872878157e-8
1098 4.901379389459337e-8
1099 4.9130753326423425e-8
1100 4.900097679936795e-8
1101 4.887921164440798e-8
1102 4.90298160276025e-8
1103 4.86997680329789e-8
1104 4.908909700296345e-8
1105 4.907307486995432e-8
1106 4.9081086242049825e-8
1107 4.9217271011127075e-8
1108 4.938069248954702e-8
1109 4.947361902745432e-8
1110 5.011609219834617e-8
1111 5.033238579892342e-8
1112 5.0380451586768925e-8
1113 5.015294279867623e-8
1114 4.997349857606527e-8
1115 4.9710741095352485e-8
1116 5.017537256252524e-8
1117 5.026829910043254e-8
1118 5.0201007975339843e-8
1119 5.005841374187707e-8
1120 5.02042117907598e-8
1121 5.022183522029702e-8
1122 5.001355299181527e-8
1123 4.962262150293887e-8
1124 5.007443526370432e-8
1125 5.007603717141429e-8
1126 5.0436527524346166e-8
1127 5.039166677428437e-8
1128 5.024747063311162e-8
1129 4.981007648646345e-8
1130 5.013531875795713e-8
1131 5.058232496204702e-8
1132 5.0311557331602495e-8
1133 5.0180178285655165e-8
1134 5.050702368722258e-8
1135 5.052945406225348e-8
1136 5.0037585274556146e-8
1137 4.974438726908073e-8
1138 4.992703591829351e-8
1139 4.96514613423553e-8
1140 4.996869224175348e-8
1141 4.95264917607935e-8
1142 4.9613008834315275e-8
1143 4.940152095686794e-8
1144 4.902340717439884e-8
1145 5.003918718226612e-8
1146 4.969632148123522e-8
1147 5.003758466337427e-8
1148 5.0226641554608817e-8
1149 5.020741560617974e-8
1150 5.032918137232159e-8
1151 5.023465292670432e-8
1152 4.990300180200699e-8
1153 4.990300180200699e-8
1154 4.990300180200699e-8
1155 4.990300180200699e-8
1156 5.081143565784969e-8
1157 5.1027729258426935e-8
1158 5.2218147765775246e-8
1159 5.23847742819789e-8
1160 5.225820218152525e-8
1161 5.194257318983705e-8
1162 5.170384860304702e-8
1163 5.171185997514252e-8
1164 5.2519356532164294e-8
1165 5.288785703482792e-8
1166 5.2801339961306145e-8
1167 5.2857416510065276e-8
1168 5.2692391901571594e-8
1169 5.243444136635249e-8
1170 5.259786345595432e-8
1171 5.2562615985697997e-8
1172 5.271802609202244e-8
1173 5.257703498863339e-8
1174 5.264432611372609e-8
1175 5.265393939353157e-8
1176 5.29006753524171e-8
1177 5.304326836351612e-8
1178 5.225820218152525e-8
1179 5.28221678174452e-8
1180 5.276929630646978e-8
1181 5.2395989469494356e-8
1182 5.200986431492975e-8
1183 5.2000251646306156e-8
1184 5.2000251646306156e-8
1185 5.2000251646306156e-8
1186 5.2000251646306156e-8
1187 5.2000251646306156e-8
1188 5.2000251646306156e-8
1189 5.242963503204071e-8
1190 5.294553610247891e-8
1191 5.347906060245433e-8
1192 5.3588008662188884e-8
1193 5.3475856175852506e-8
1194 5.3682537718988035e-8
1195 5.357999790127525e-8
1196 5.382833576787076e-8
1197 5.4018994566815284e-8
1198 5.394208955073523e-8
1199 5.3485469455657985e-8
1200 5.350950173839886e-8
1201 5.3346080259978915e-8
1202 5.3418178330565294e-8
1203 5.362646055904704e-8
1204 5.3416575811673446e-8
1205 5.31153670452844e-8
1206 5.297437533071347e-8
1207 5.26699621377226e-8
1208 5.26699621377226e-8
1209 5.26699621377226e-8
1210 5.26699621377226e-8
1211 5.26699621377226e-8
1212 5.26699621377226e-8
1213 5.26699621377226e-8
1214 5.26699621377226e-8
1215 5.26699621377226e-8
1216 5.26699621377226e-8
1217 5.26699621377226e-8
1218 5.26699621377226e-8
1219 5.26699621377226e-8
1220 5.26699621377226e-8
1221 5.26699621377226e-8
1222 5.26699621377226e-8
1223 5.26699621377226e-8
1224 5.26699621377226e-8
1225 5.26699621377226e-8
1226 5.26699621377226e-8
1227 5.341177008854353e-8
1228 5.3463040302990865e-8
1229 5.3596020034284405e-8
1230 5.3594418126574434e-8
1231 5.357839599356531e-8
1232 5.3869992091330755e-8
1233 5.367933329238623e-8
1234 5.424490205837991e-8
1235 5.377546425689536e-8
1236 5.377546425689536e-8
1237 5.377546425689536e-8
1238 5.377546425689536e-8
1239 5.377546425689536e-8
1240 5.377546425689536e-8
1241 5.377546425689536e-8
1242 5.427053686001263e-8
1243 5.5286317479061785e-8
1244 5.561476356597541e-8
1245 5.6608112587629904e-8
1246 5.663534990815448e-8
1247 5.738516861988903e-8
1248 5.738516861988903e-8
1249 5.738516861988903e-8
1250 5.8718180138336363e-8
1251 5.8718180138336363e-8
1252 5.8718180138336363e-8
1253 5.9197231219626393e-8
1254 5.9197231219626393e-8
1255 5.988136071397822e-8
1256 6.010726759436094e-8
1257 6.019218337135463e-8
1258 6.019218337135463e-8
1259 6.019218337135463e-8
1260 6.099968053955827e-8
1261 6.099968053955827e-8
1262 6.172706887626193e-8
1263 6.172706887626193e-8
1264 6.19593846098483e-8
1265 6.245125278636374e-8
1266 6.198662193037288e-8
1267 6.198662193037288e-8
1268 6.198662193037288e-8
1269 6.271240774818467e-8
1270 6.251694200374647e-8
1271 6.241440340839745e-8
1272 6.245125278636374e-8
1273 6.249290972100559e-8
1274 6.249290972100559e-8
1275 6.258102870223733e-8
1276 6.374741309329913e-8
1277 6.415276358511092e-8
1278 6.415276358511092e-8
1279 6.43802729843855e-8
1280 6.499711074246274e-8
1281 6.516694107408635e-8
1282 6.50660043864473e-8
1283 6.61699039867282e-8
1284 6.68860771359164e-8
1285 6.707353273062286e-8
1286 6.70511011332282e-8
1287 6.718728651348733e-8
1288 6.714082324453369e-8
1289 6.693574483147189e-8
1290 6.730744914955546e-8
1291 6.756860411137638e-8
1292 6.906183329282371e-8
1293 6.907304848033916e-8
1294 6.924768636863832e-8
1295 6.878946314348734e-8
1296 6.878946314348734e-8
1297 6.878946314348734e-8
1298 6.918840539327737e-8
1299 6.974596217599366e-8
1300 6.96145843524101e-8
1301 6.947038821123734e-8
1302 6.9076252906941e-8
1303 6.934061168418187e-8
1304 6.934061168418187e-8
1305 6.999109561598734e-8
1306 7.05454479721018e-8
1307 7.043169357805545e-8
1308 7.03932416811973e-8
1309 7.060953528177455e-8
1310 7.074892447745362e-8
1311 7.087389405901542e-8
1312 7.085947505608003e-8
1313 7.047655493929913e-8
1314 7.118952305070362e-8
1315 7.102930538770363e-8
1316 7.033876765133003e-8
1317 7.033876765133003e-8
1318 7.033876765133003e-8
1319 7.033876765133003e-8
1320 7.132570781978088e-8
1321 7.132570781978088e-8
1322 7.132570781978088e-8
1323 7.132570781978088e-8
1324 7.149714128147821e-8
1325 7.225176571634268e-8
1326 7.262827759110182e-8
1327 7.246485550149999e-8
1328 7.25930301208455e-8
1329 7.280291547940097e-8
1330 7.274043007743819e-8
1331 7.201464425962639e-8
1332 7.162691719735181e-8
1333 7.226778846053369e-8
1334 7.160769124892274e-8
1335 7.185763102322822e-8
1336 7.185763102322822e-8
1337 7.185763102322822e-8
1338 7.185763102322822e-8
1339 7.185763102322822e-8
1340 7.185763102322822e-8
1341 7.185763102322822e-8
1342 7.185763102322822e-8
1343 7.185763102322822e-8
1344 7.185763102322822e-8
1345 7.185763102322822e-8
1346 7.185763102322822e-8
1347 7.185763102322822e-8
1348 7.185763102322822e-8
1349 7.185763102322822e-8
1350 7.185763102322822e-8
1351 7.185763102322822e-8
1352 7.185763102322822e-8
1353 7.185763102322822e-8
1354 7.185763102322822e-8
1355 7.26090528650365e-8
1356 7.308169387075911e-8
1357 7.236391881386093e-8
1358 7.254176051758003e-8
1359 7.261866492247821e-8
1360 7.272761359339464e-8
1361 7.312975965860461e-8
1362 7.318263116958003e-8
1363 7.315859888683917e-8
1364 7.321627673212638e-8
1365 7.383471700909548e-8
1366 7.352870129721275e-8
1367 7.312975904742272e-8
1368 7.301119831906457e-8
1369 7.301119831906457e-8
1370 7.318583559618185e-8
1371 7.378344740583003e-8
1372 7.368251010700911e-8
1373 7.35174867208792e-8
1374 7.3962891628441e-8
1375 7.354632472674998e-8
1376 7.329157922931458e-8
1377 7.330119189793818e-8
1378 7.437304967692834e-8
1379 7.416156118829914e-8
1380 7.423045483228368e-8
1381 7.418559408222188e-8
1382 7.418559408222188e-8
1383 7.418559408222188e-8
1384 7.474475460619379e-8
1385 7.474475460619379e-8
1386 7.474475460619379e-8
1387 7.474475460619379e-8
1388 7.474475460619379e-8
1389 7.474475460619379e-8
1390 7.474475460619379e-8
1391 7.541927143192202e-8
1392 7.518214875284196e-8
1393 7.518214875284196e-8
1394 7.518214875284196e-8
1395 7.518214875284196e-8
1396 7.518214875284196e-8
1397 7.518214875284196e-8
1398 7.518214875284196e-8
1399 7.518214875284196e-8
1400 7.518214875284196e-8
1401 7.518214875284196e-8
1402 7.518214875284196e-8
1403 7.518214875284196e-8
1404 7.518214875284196e-8
1405 7.598964653222748e-8
1406 7.592075288824294e-8
1407 7.62652204969838e-8
1408 7.625720973607018e-8
1409 7.640621221155474e-8
1410 7.627162935018747e-8
1411 7.643184701318746e-8
1412 7.632289956463479e-8
1413 7.664814122494659e-8
1414 7.807728248553928e-8
1415 7.874859488466568e-8
1416 7.874859488466568e-8
1417 7.874859488466568e-8
1418 7.874859488466568e-8
1419 7.874859488466568e-8
1420 7.908825615909475e-8
1421 7.95929420420175e-8
1422 7.935421806640935e-8
1423 7.926769977052382e-8
1424 7.895527581661933e-8
1425 7.895527581661933e-8
1426 7.895527581661933e-8
1427 7.895527581661933e-8
1428 7.895527581661933e-8
1429 7.895527581661933e-8
1430 7.895527581661933e-8
1431 7.895527581661933e-8
1432 7.956089838718112e-8
1433 7.956089838718112e-8
1434 7.956089838718112e-8
1435 7.956089838718112e-8
1436 7.956089838718112e-8
1437 7.956089838718112e-8
1438 7.956089838718112e-8
1439 7.956089838718112e-8
1440 7.956089838718112e-8
1441 8.026265131107016e-8
1442 8.062474357171201e-8
1443 8.058148534054206e-8
1444 8.019055385166566e-8
1445 8.019055385166566e-8
1446 8.019055385166566e-8
1447 8.080418718314109e-8
1448 8.111981556364741e-8
1449 8.078496123471202e-8
1450 8.098042697915022e-8
1451 8.092114600378927e-8
1452 8.090512448196202e-8
1453 8.096120041953927e-8
1454 8.067761508268744e-8
1455 8.086827388163197e-8
1456 8.123837751436933e-8
1457 8.15780387887984e-8
1458 8.162450144657016e-8
1459 8.152356475893112e-8
1460 8.143544455533562e-8
1461 8.181195643009475e-8
1462 8.256658147614109e-8
1463 8.317701099219655e-8
1464 8.323468883748377e-8
1465 8.274922951417198e-8
1466 8.359998552472745e-8
1467 8.3989314494712e-8
1468 8.366727664982014e-8
1469 8.361120071224289e-8
1470 8.347020960885384e-8
1471 8.372976205178292e-8
1472 8.300878256828292e-8
1473 8.286779024253011e-8
1474 8.305043950292478e-8
1475 8.320905464703293e-8
1476 8.350225326369023e-8
1477 8.367368611420568e-8
1478 8.31706021389929e-8
1479 8.338529383186017e-8
1480 8.352468363872112e-8
1481 8.343015519310384e-8
1482 8.289983389736647e-8
1483 8.26226574137183e-8
1484 8.293027564449287e-8
1485 8.260182955757925e-8
1486 8.26675181637801e-8
1487 8.26082384107829e-8
1488 8.26082384107829e-8
1489 8.26082384107829e-8
1490 8.26082384107829e-8
1491 8.26082384107829e-8
1492 8.300718066057294e-8
1493 8.300718066057294e-8
1494 8.300718066057294e-8
1495 8.300718066057294e-8
1496 8.300718066057294e-8
1497 8.300718066057294e-8
1498 8.468465856539739e-8
1499 8.473753129873656e-8
1500 8.478239204879837e-8
1501 8.487371606781381e-8
1502 8.540243423347743e-8
1503 8.557386708399288e-8
1504 8.576292397522742e-8
1505 8.53944234725638e-8
1506 8.523580771727377e-8
1507 8.60336928280357e-8
1508 8.597120742607292e-8
1509 8.604811244215297e-8
1510 8.613142386670916e-8
1511 8.623075986900199e-8
1512 8.576452649411927e-8
1513 8.576452649411927e-8
1514 8.609777952652657e-8
1515 8.637655791788471e-8
1516 8.694052477616842e-8
1517 8.732024046634749e-8
1518 8.748846889026111e-8
1519 8.748846889026111e-8
1520 8.775923713188751e-8
1521 8.803481170782571e-8
1522 8.768393524588119e-8
1523 8.768393524588119e-8
1524 8.806204902835029e-8
1525 8.856993933787487e-8
1526 8.955527759861574e-8
1527 9.125839152743667e-8
1528 9.133850035893666e-8
1529 9.100044160339945e-8
1530 9.137535034808485e-8
1531 9.112701309267123e-8
1532 9.146987818252025e-8
1533 9.156601036939314e-8
1534 9.122154214947039e-8
1535 9.130805922299216e-8
1536 9.26058220488194e-8
1537 9.27836637525385e-8
1538 9.266830683960029e-8
1539 9.2431185382884e-8
1540 9.213478295080675e-8
1541 9.180473373381939e-8
1542 9.216362156785942e-8
1543 9.211876081779761e-8
1544 9.163810721761573e-8
1545 9.210594372257219e-8
1546 9.150833130174213e-8
1547 9.150833130174213e-8
1548 9.150833130174213e-8
1549 9.150833130174213e-8
1550 9.261062838313118e-8
1551 9.211715891008764e-8
1552 9.211715891008764e-8
1553 9.211715891008764e-8
1554 9.211715891008764e-8
1555 9.261543593980673e-8
1556 9.285896624972668e-8
1557 9.28301282438559e-8
1558 9.280769786882499e-8
1559 9.253532710830674e-8
1560 9.268272767608132e-8
1561 9.275963208097949e-8
1562 9.287178456731586e-8
1563 9.281570801855673e-8
1564 9.302238895051039e-8
1565 9.297752820044858e-8
1566 9.328674833893313e-8
1567 9.354790268957218e-8
1568 9.322906988246404e-8
1569 9.31729933337049e-8
1570 9.370491653715223e-8
1571 9.378502475747035e-8
1572 9.368248616212133e-8
1573 9.435860428437765e-8
1574 9.670579390298229e-8
1575 9.670579390298229e-8
1576 9.670579390298229e-8
1577 9.670579390298229e-8
1578 9.670579390298229e-8
1579 9.670579390298229e-8
1580 9.670579390298229e-8
1581 9.670579390298229e-8
1582 9.670579390298229e-8
1583 9.670579390298229e-8
1584 9.670579390298229e-8
1585 9.670579390298229e-8
1586 9.670579390298229e-8
1587 9.670579390298229e-8
1588 9.670579390298229e-8
1589 9.670579390298229e-8
1590 9.670579390298229e-8
1591 9.670579390298229e-8
1592 9.670579390298229e-8
1593 9.670579390298229e-8
1594 9.670579390298229e-8
1595 9.688844194101318e-8
1596 9.688844194101318e-8
1597 9.688844194101318e-8
1598 9.688844194101318e-8
1599 9.688844194101318e-8
1600 9.688844194101318e-8
1601 9.814935538887414e-8
1602 9.781610235646683e-8
1603 9.817498957932499e-8
1604 9.817498957932499e-8
1605 9.817498957932499e-8
1606 9.817498957932499e-8
1607 9.817498957932499e-8
1608 9.817498957932499e-8
1609 9.817498957932499e-8
1610 9.817498957932499e-8
1611 9.817498957932499e-8
1612 9.817498957932499e-8
1613 9.845216667415504e-8
1614 9.845216667415504e-8
1615 9.845216667415504e-8
1616 9.845216667415504e-8
1617 9.845216667415504e-8
1618 9.845216667415504e-8
1619 9.845216667415504e-8
1620 9.909303732615504e-8
1621 9.912027464667962e-8
1622 9.969064913580322e-8
1623 9.927728788307779e-8
1624 9.927728788307779e-8
1625 9.927728788307779e-8
1626 9.927728788307779e-8
1627 1.005974823062997e-7
1628 1.0131045041770419e-7
1629 1.0066637595028425e-7
1630 1.010028327981115e-7
1631 1.0066317152368243e-7
1632 1.0121432006437694e-7
1633 1.009403480073306e-7
1634 1.015139275342379e-7
1635 1.0121592197208692e-7
1636 1.014434313713615e-7
1637 1.0151713134965784e-7
1638 1.0122233143647245e-7
1639 1.0056543804028145e-7
1640 1.0043245830898791e-7
1641 1.0036997290702512e-7
1642 1.006199126813306e-7
1643 1.0069040823302512e-7
1644 1.0086344360243242e-7
1645 1.0099482142601599e-7
1646 1.0148989464031514e-7
1647 1.0145785098547877e-7
1648 1.0148508830600334e-7
1649 1.0146586174639239e-7
1650 1.0078814171642609e-7
1651 1.0040361846957146e-7
1652 1.0040361846957146e-7
1653 1.0084742208060516e-7
1654 1.0084742208060516e-7
1655 1.0084742208060516e-7
1656 1.0188403055579336e-7
1657 1.0222208992251247e-7
1658 1.0178790020246612e-7
1659 1.0224131648212343e-7
1660 1.0202502165918241e-7
1661 1.0249926640616065e-7
1662 1.0176226478965152e-7
1663 1.0176226478965152e-7
1664 1.0199297800434604e-7
1665 1.0199297800434604e-7
1666 1.0199297800434604e-7
1667 1.0232462851786149e-7
1668 1.0264987017817329e-7
1669 1.0291422956659604e-7
1670 1.0326510663972243e-7
1671 1.030087580122133e-7
1672 1.027107530612442e-7
1673 1.0327632182723788e-7
1674 1.0267550559098789e-7
1675 1.0297671435737693e-7
1676 1.0297671435737693e-7
1677 1.0297671435737693e-7
1678 1.0297671435737693e-7
1679 1.0297671435737693e-7
1680 1.0297671435737693e-7
1681 1.0297671435737693e-7
1682 1.0457889098737693e-7
1683 1.0513164143578143e-7
1684 1.0525500910963325e-7
1685 1.0510440472643873e-7
1686 1.0514125410440503e-7
1687 1.0562671403889871e-7
1688 1.0553378811217328e-7
1689 1.0554340139197876e-7
1690 1.0496982186507146e-7
1691 1.0503070474814239e-7
1692 1.0503070474814239e-7
1693 1.0503070474814239e-7
1694 1.0544086218544786e-7
1695 1.0581577093013326e-7
1696 1.0584300825065783e-7
1697 1.054664963758987e-7
1698 1.0597919363091696e-7
1699 1.0582698672883059e-7
1700 1.0558826214204056e-7
1701 1.0558826214204056e-7
1702 1.0558826214204056e-7
1703 1.0576290003033971e-7
1704 1.0576450193804969e-7
1705 1.0666652755187062e-7
1706 1.0708629826898158e-7
1707 1.066633231252688e-7
1708 1.0659122566586431e-7
1709 1.06137809386207e-7
1710 1.060673132233306e-7
1711 1.0589588098399704e-7
1712 1.060945499326733e-7
1713 1.068908319133615e-7
1714 1.066056446687997e-7
1715 1.0682514330716066e-7
1716 1.0684116482898791e-7
1717 1.0671619524742611e-7
1718 1.0668254907369788e-7
1719 1.0575168484282429e-7
1720 1.0654956873122247e-7
1721 1.0656879529083342e-7
1722 1.0669696929899704e-7
1723 1.0644863143240155e-7
1724 1.0646625547312065e-7
1725 1.0644222319037978e-7
1726 1.0630123086462698e-7
1727 1.0597759111202516e-7
1728 1.0586543923687067e-7
1729 1.058237829134107e-7
1730 1.058237829134107e-7
1731 1.0644863143240157e-7
1732 1.0622753088633065e-7
1733 1.0637813526952517e-7
1734 1.0651592255749428e-7
1735 1.0660724657650972e-7
1736 1.0665050541886155e-7
1737 1.0672260348944793e-7
1738 1.07262536842627e-7
1739 1.0708629826898163e-7
1740 1.0724170837530607e-7
1741 1.0720806281275972e-7
1742 1.0714077168766703e-7
1743 1.072929785897534e-7
1744 1.0739872222288612e-7
1745 1.0730739820387068e-7
1746 1.0710712612512068e-7
1747 1.0718883686433065e-7
1748 1.0722889128008066e-7
1749 1.0704464133433978e-7
1750 1.0715519130178431e-7
1751 1.0696613441054977e-7
1752 1.0713916977995706e-7
1753 1.0691486480728431e-7
1754 1.0617465937535524e-7
1755 1.0617465937535524e-7
1756 1.0617465937535524e-7
1757 1.0617465937535524e-7
1758 1.0617465937535524e-7
1759 1.0617465937535524e-7
1760 1.0617465937535524e-7
1761 1.0617465937535524e-7
1762 1.0617465937535524e-7
1763 1.0619388532378431e-7
1764 1.0619388532378431e-7
1765 1.0619388532378431e-7
1766 1.0721927800027518e-7
1767 1.0713916916877519e-7
1768 1.0713916916877519e-7
1769 1.0713916916877519e-7
1770 1.076855119863398e-7
1771 1.080283776873707e-7
1772 1.0770473793476888e-7
1773 1.0804119539377801e-7
1774 1.07480433573278e-7
1775 1.07480433573278e-7
1776 1.07480433573278e-7
1777 1.0787296635868249e-7
1778 1.0901051152150974e-7
1779 1.087365394644634e-7
1780 1.0901051152150974e-7
1781 1.088599077494971e-7
1782 1.0815014284233067e-7
1783 1.0827030670076255e-7
1784 1.0844654588558979e-7
1785 1.0925404244261156e-7
1786 1.0929569937725341e-7
1787 1.0949436954829343e-7
1788 1.1125676384129343e-7
1789 1.1125676384129343e-7
1790 1.1125676384129343e-7
1791 1.1125676384129343e-7
1792 1.1125676384129343e-7
1793 1.1125676384129343e-7
1794 1.1125676384129343e-7
1795 1.1125676384129343e-7
1796 1.1125676384129343e-7
1797 1.1125676384129343e-7
1798 1.1125676384129343e-7
1799 1.1125676384129343e-7
1800 1.1125676384129343e-7
1801 1.1125676384129343e-7
1802 1.1125676384129343e-7
1803 1.1125676384129343e-7
1804 1.1125676384129343e-7
1805 1.1125676384129343e-7
1806 1.1125676384129343e-7
1807 1.1125676384129343e-7
1808 1.1125676384129343e-7
1809 1.1125676384129343e-7
1810 1.1125676384129343e-7
1811 1.1125676384129343e-7
1812 1.1125676384129343e-7
1813 1.1125676384129343e-7
1814 1.1176305163192616e-7
1815 1.1176946048512981e-7
1816 1.1176946048512981e-7
1817 1.1227414636805256e-7
1818 1.1227414636805256e-7
1819 1.1227414636805256e-7
1820 1.1275640126476253e-7
1821 1.1271634684901253e-7
1822 1.1271634684901253e-7
1823 1.1271634684901253e-7
1824 1.132514738678798e-7
1825 1.1323545173487067e-7
1826 1.1333638964487348e-7
1827 1.137721812726298e-7
1828 1.1297429738423162e-7
1829 1.1297429738423162e-7
1830 1.132114194521298e-7
1831 1.132114194521298e-7
1832 1.1425764059594159e-7
1833 1.1428487791646617e-7
1834 1.1412465964228428e-7
1835 1.1374494395210521e-7
1836 1.1384107552779622e-7
1837 1.1378019203354342e-7
1838 1.1464216384279622e-7
1839 1.146437657505062e-7
1840 1.1478796189167895e-7
1841 1.1586943172811084e-7
1842 1.1597837917666351e-7
1843 1.1574766596196899e-7
1844 1.1561628752720354e-7
1845 1.1522535603832714e-7
1846 1.1482320936193528e-7
1847 1.1509077378814174e-7
1848 1.1521253833191983e-7
1849 1.147943713560645e-7
1850 1.1486005996226535e-7
1851 1.1486005996226535e-7
1852 1.1486005996226535e-7
1853 1.1486005996226535e-7
1854 1.1486005996226535e-7
1855 1.1486005996226535e-7
1856 1.1486005996226535e-7
1857 1.1486005996226535e-7
1858 1.1486005996226535e-7
1859 1.1486005996226535e-7
1860 1.1486005996226535e-7
1861 1.1486005996226535e-7
1862 1.1486005996226535e-7
1863 1.1486005996226535e-7
1864 1.1486005996226535e-7
1865 1.1486005996226535e-7
1866 1.1544165025008628e-7
1867 1.1540640216864807e-7
1868 1.1560026539419441e-7
1869 1.1560026539419441e-7
1870 1.1560026539419441e-7
1871 1.1560026539419441e-7
1872 1.1560026539419441e-7
1873 1.1560026539419441e-7
1874 1.1560026539419441e-7
1875 1.1560026539419441e-7
1876 1.1560026539419441e-7
1877 1.1560026539419441e-7
1878 1.1560026539419441e-7
1879 1.1560026539419441e-7
1880 1.1560026539419441e-7
1881 1.1560026539419441e-7
1882 1.1560026539419441e-7
1883 1.1560026539419441e-7
1884 1.1560026539419441e-7
1885 1.1560026539419441e-7
1886 1.1560026539419441e-7
1887 1.1560026539419441e-7
1888 1.1635168601363893e-7
1889 1.1621229681795986e-7
1890 1.1609693990502166e-7
1891 1.1655356000009891e-7
1892 1.1639494424480888e-7
1893 1.1639494424480888e-7
1894 1.1701979276379976e-7
1895 1.1701979276379976e-7
1896 1.1738989517417336e-7
1897 1.1776640704893249e-7
1898 1.1779364314709331e-7
1899 1.1761580144337421e-7
1900 1.1749724071501607e-7
1901 1.1774878239703152e-7
1902 1.1774878239703152e-7
1903 1.1774878239703152e-7
1904 1.1774878239703152e-7
1905 1.1774878239703152e-7
1906 1.1774878239703152e-7
1907 1.1774878239703152e-7
1908 1.1774878239703152e-7
1909 1.1774878239703152e-7
1910 1.1886549909253784e-7
1911 1.1920195594036508e-7
1912 1.1961371528538054e-7
1913 1.204083947471769e-7
1914 1.2044524473632508e-7
1915 1.206439149073651e-7
1916 1.2095313565703152e-7
1917 1.2067435665449149e-7
1918 1.2099158755388965e-7
1919 1.2085219835821058e-7
1920 1.2043242764109964e-7
1921 1.1988448352700695e-7
1922 1.2103805082284333e-7
1923 1.206391085730533e-7
1924 1.210268356353279e-7
1925 1.2113578369506244e-7
1926 1.2108130905401329e-7
1927 1.2093871604291426e-7
1928 1.2093871604291426e-7
1929 1.2093871604291426e-7
1930 1.2093871604291426e-7
1931 1.2093871604291426e-7
1932 1.2140495002897887e-7
1933 1.215507480778616e-7
1934 1.2178947205346975e-7
1935 1.219464859010498e-7
1936 1.219609055151671e-7
1937 1.225344844308925e-7
1938 1.2239829905063336e-7
1939 1.2234702944736792e-7
1940 1.2271072422690162e-7
1941 1.2245597750710247e-7
1942 1.2251365596357158e-7
1943 1.2251846229788338e-7
1944 1.222669212270498e-7
1945 1.2255371037932156e-7
1946 1.228949735614606e-7
1947 1.2211791814038335e-7
1948 1.2201537893385244e-7
1949 1.2219322063757154e-7
1950 1.2219322063757154e-7
1951 1.2219322063757154e-7
1952 1.2219322063757154e-7
1953 1.2219322063757154e-7
1954 1.230936443436825e-7
1955 1.228837595963089e-7
1956 1.228837595963089e-7
1957 1.228837595963089e-7
1958 1.228837595963089e-7
1959 1.2290939439794162e-7
1960 1.2336761701191072e-7
1961 1.2359512580000342e-7
1962 1.2447792424303151e-7
1963 1.2469582036250062e-7
1964 1.2451156980557785e-7
1965 1.2451156980557785e-7
1966 1.2451156980557785e-7
1967 1.2451156980557785e-7
1968 1.2528221698463333e-7
1969 1.25351110017436e-7
1970 1.2499542660999782e-7
1971 1.2482880131615794e-7
1972 1.2482880131615794e-7
1973 1.2488968419922887e-7
1974 1.2488968419922887e-7
1975 1.2488968419922887e-7
1976 1.251236024517071e-7
1977 1.251107847452998e-7
1978 1.251107847452998e-7
1979 1.251107847452998e-7
1980 1.251107847452998e-7
1981 1.251107847452998e-7
1982 1.251107847452998e-7
1983 1.251107847452998e-7
1984 1.251107847452998e-7
1985 1.251107847452998e-7
1986 1.2668572344359333e-7
1987 1.2686837270398798e-7
1988 1.267930695956179e-7
1989 1.267610259407815e-7
1990 1.2678345631581241e-7
1991 1.2690041574764247e-7
1992 1.2683152210365793e-7
1993 1.2694848031312423e-7
1994 1.2700936380737705e-7
1995 1.2754929654937425e-7
1996 1.2782807616309615e-7
1997 1.294414679806116e-7
1998 1.2982919565406805e-7
1999 1.2972345202093532e-7
2000 1.2972345202093532e-7
2001 1.2972345202093532e-7
2002 1.299653804231453e-7
2003 1.299653804231453e-7
2004 1.299653804231453e-7
2005 1.299653804231453e-7
2006 1.299653804231453e-7
2007 1.299653804231453e-7
2008 1.299653804231453e-7
2009 1.299653804231453e-7
2010 1.3112695909107718e-7
2011 1.316076114688953e-7
2012 1.3105646292820077e-7
2013 1.3105646292820077e-7
2014 1.3105646292820077e-7
2015 1.3105646292820077e-7
2016 1.3209627644117268e-7
2017 1.3286211728591636e-7
2018 1.3368884101373097e-7
2019 1.3353503159275275e-7
2020 1.3379778846228365e-7
2021 1.3397563016600275e-7
2022 1.3346774046766004e-7
2023 1.3302393746780822e-7
2024 1.3355746196778365e-7
2025 1.3365038850569094e-7
2026 1.333219424187773e-7
2027 1.3322901588087002e-7
2028 1.334036531579873e-7
2029 1.3558902198351818e-7
2030 1.3535029739672815e-7
2031 1.358597902251446e-7
2032 1.363772925921109e-7
2033 1.363724862577991e-7
2034 1.3642055143446272e-7
2035 1.3611293381487e-7
2036 1.3649745583936088e-7
2037 1.3614337495081453e-7
2038 1.364061324315273e-7
2039 1.3636767992348727e-7
2040 1.3641894952675272e-7
2041 1.3624591415734542e-7
2042 1.3627154957016003e-7
2043 1.3612895533669725e-7
2044 1.3571719599168179e-7
2045 1.351388101304627e-7
2046 1.3521731705425272e-7
2047 1.3536311449195357e-7
2048 1.3544803088012913e-7
2049 1.3544803088012913e-7
2050 1.359382971489346e-7
2051 1.3593028638802098e-7
2052 1.3589023197227098e-7
2053 1.3614017174657647e-7
2054 1.3633884130643462e-7
2055 1.3661121206695288e-7
2056 1.3669933104818462e-7
2057 1.3695888410229557e-7
2058 1.3685634489576465e-7
2059 1.3688838793941915e-7
2060 1.368996031269346e-7
2061 1.3698772333053008e-7
2062 1.3663203992309188e-7
2063 1.3636127168146547e-7
2064 1.365631462791073e-7
2065 1.3652469438224918e-7
2066 1.3672015951550549e-7
2067 1.3704059545268736e-7
2068 1.369652923443173e-7
2069 1.3692043159425549e-7
2070 1.3689800121922458e-7
2071 1.3692684044745912e-7
2072 1.3650867224924002e-7
2073 1.3655994185250547e-7
2074 1.365935874150518e-7
2075 1.3665767472472455e-7
2076 1.3659679184165362e-7
2077 1.367217614232154e-7
2078 1.3670573990138818e-7
2079 1.3623630209990363e-7
2080 1.3632922863781092e-7
2081 1.365791684121164e-7
2082 1.3646701592578004e-7
2083 1.3639011152088188e-7
2084 1.3651668301015364e-7
2085 1.364958551540146e-7
2086 1.365150811024437e-7
2087 1.365134791947337e-7
2088 1.3633563749101461e-7
2089 1.3658557665413821e-7
2090 1.367361816485146e-7
2091 1.3662242725446826e-7
2092 1.3626994766245e-7
2093 1.3655353299930183e-7
2094 1.3638690648309817e-7
2095 1.362731527002337e-7
2096 1.3635806786604552e-7
2097 1.3642375708342824e-7
2098 1.366176196977927e-7
2099 1.3623470019219368e-7
2100 1.3656955513231095e-7
2101 1.3656154376021544e-7
2102 1.366785031920455e-7
2103 1.3671695508890364e-7
2104 1.3617702234690644e-7
2105 1.3578609024684814e-7
2106 1.3558581816809814e-7
2107 1.3607288062148368e-7
2108 1.3644778936616907e-7
2109 1.3646541340688817e-7
2110 1.3684352718935727e-7
2111 1.3651988743675543e-7
2112 1.3654872666498998e-7
2113 1.3673457974080458e-7
2114 1.3736423520528912e-7
2115 1.373706434473109e-7
2116 1.3734500803449628e-7
2117 1.373113630831318e-7
2118 1.371703713685609e-7
2119 1.366849120452491e-7
2120 1.366849120452491e-7
2121 1.3798748181657002e-7
2122 1.3802112737911636e-7
2123 1.3790577046617817e-7
2124 1.3790577046617817e-7
2125 1.3790577046617817e-7
2126 1.3790577046617817e-7
2127 1.3790577046617817e-7
2128 1.3790577046617817e-7
2129 1.3790577046617817e-7
2130 1.3790577046617817e-7
2131 1.3790577046617817e-7
2132 1.3810444002603632e-7
2133 1.3810444002603632e-7
2134 1.3810444002603632e-7
2135 1.3810444002603632e-7
2136 1.3810444002603632e-7
2137 1.3810444002603632e-7
2138 1.3810444002603632e-7
2139 1.3810444002603632e-7
2140 1.3810444002603632e-7
2141 1.3810444002603632e-7
2142 1.3810444002603632e-7
2143 1.3810444002603632e-7
2144 1.3810444002603632e-7
2145 1.3810444002603632e-7
2146 1.3810444002603632e-7
2147 1.3810444002603632e-7
2148 1.3810444002603632e-7
2149 1.3810444002603632e-7
2150 1.3810444002603632e-7
2151 1.3810444002603632e-7
2152 1.3810444002603632e-7
2153 1.3810444002603632e-7
2154 1.3810444002603632e-7
2155 1.3810444002603632e-7
2156 1.3810444002603632e-7
2157 1.3810444002603632e-7
2158 1.3810444002603632e-7
2159 1.3810444002603632e-7
2160 1.3810444002603632e-7
2161 1.3810444002603632e-7
2162 1.3810444002603632e-7
2163 1.3810444002603632e-7
2164 1.3810444002603632e-7
2165 1.3810444002603632e-7
2166 1.3810444002603632e-7
2167 1.3810444002603632e-7
2168 1.3810444002603632e-7
2169 1.3810444002603632e-7
2170 1.3810444002603632e-7
2171 1.3871807335751173e-7
2172 1.3939579399865992e-7
2173 1.388702802595981e-7
2174 1.3901127197416905e-7
2175 1.3838001460197453e-7
2176 1.3838001460197453e-7
2177 1.3916347948743732e-7
2178 1.3916347948743732e-7
2179 1.3916347948743732e-7
2180 1.393605471395855e-7
2181 1.393605471395855e-7
2182 1.393605471395855e-7
2183 1.398620292070883e-7
2184 1.404932865792828e-7
2185 1.4016484049236917e-7
2186 1.4001103168257282e-7
2187 1.3982197479133826e-7
2188 1.3957684196252646e-7
2189 1.3957684196252646e-7
2190 1.3957684196252646e-7
2191 1.4017605629106648e-7
2192 1.397162317693874e-7
2193 1.397162317693874e-7
2194 1.397162317693874e-7
2195 1.397162317693874e-7
2196 1.397162317693874e-7
2197 1.4059903021241548e-7
2198 1.4048207139176732e-7
2199 1.411629970706992e-7
2200 1.4121426667396463e-7
2201 1.4129918183977644e-7
2202 1.4137288242925467e-7
2203 1.4117741607363458e-7
2204 1.411453724187982e-7
2205 1.4095150980443372e-7
2206 1.416244241112701e-7
2207 1.4085377632103272e-7
2208 1.4085377632103272e-7
2209 1.4085377632103272e-7
2210 1.4085377632103272e-7
2211 1.4137288181807275e-7
2212 1.4126233185062823e-7
2213 1.4126233185062823e-7
2214 1.4126233185062823e-7
2215 1.4126233185062823e-7
2216 1.4126233185062823e-7
2217 1.4126233185062823e-7
2218 1.4126233185062823e-7
2219 1.4126233185062823e-7
2220 1.4126233185062823e-7
2221 1.4126233185062823e-7
2222 1.4210347397019634e-7
2223 1.417622107880573e-7
2224 1.417622107880573e-7
2225 1.417622107880573e-7
2226 1.417622107880573e-7
2227 1.417622107880573e-7
2228 1.417622107880573e-7
2229 1.417622107880573e-7
2230 1.417622107880573e-7
2231 1.417622107880573e-7
2232 1.417622107880573e-7
2233 1.417622107880573e-7
2234 1.417622107880573e-7
2235 1.417622107880573e-7
2236 1.417622107880573e-7
2237 1.417622107880573e-7
2238 1.417622107880573e-7
2239 1.417622107880573e-7
2240 1.417622107880573e-7
2241 1.417622107880573e-7
2242 1.417622107880573e-7
2243 1.417622107880573e-7
2244 1.417622107880573e-7
2245 1.417622107880573e-7
2246 1.417622107880573e-7
2247 1.417622107880573e-7
2248 1.417622107880573e-7
2249 1.417622107880573e-7
2250 1.4218678722829817e-7
2251 1.4218678722829817e-7
2252 1.4218678722829817e-7
2253 1.4218678722829817e-7
2254 1.4218678722829817e-7
2255 1.4218678722829817e-7
2256 1.4218678722829817e-7
2257 1.4218678722829817e-7
2258 1.4271390287506993e-7
2259 1.4325063241282907e-7
2260 1.4417669030939088e-7
2261 1.441270226138354e-7
2262 1.4401326821978906e-7
2263 1.4404370935573358e-7
2264 1.448431957630236e-7
2265 1.445676211870854e-7
2266 1.4454999714636628e-7
2267 1.444394465677399e-7
2268 1.4407575301056994e-7
2269 1.4422315296716263e-7
2270 1.4469419328753904e-7
2271 1.4453397501335716e-7
2272 1.4450193135852077e-7
2273 1.4413663589364084e-7
2274 1.4434652125219633e-7
2275 1.443000573720608e-7
2276 1.4439618833656993e-7
2277 1.442776269970299e-7
2278 1.4448430854016542e-7
2279 1.444234250459126e-7
2280 1.443128744672862e-7
2281 1.4445226488532903e-7
2282 1.4445707060845894e-7
2283 1.4448110350238168e-7
2284 1.4437696177695893e-7
2285 1.4490888498040627e-7
2286 1.4536870950208536e-7
2287 1.454776575618199e-7
2288 1.4700773551005164e-7
2289 1.4700773551005164e-7
2290 1.473073429799126e-7
2291 1.473073429799126e-7
2292 1.4797705286014714e-7
2293 1.4800108575406988e-7
2294 1.4801230094158532e-7
2295 1.4816771227027352e-7
2296 1.485730627620853e-7
2297 1.4878455002835075e-7
2298 1.4882780825952068e-7
2299 1.4885184115344343e-7
2300 1.4867560196861617e-7
2301 1.4841444700679524e-7
2302 1.4864836464809158e-7
2303 1.4864355892496167e-7
2304 1.4887106710187248e-7
2305 1.4872687157188161e-7
2306 1.4882780825952066e-7
2307 1.48877476566258e-7
2308 1.4888869175377345e-7
2309 1.4897360691958526e-7
2310 1.4895758539775802e-7
2311 1.488550461912271e-7
2312 1.4902006957735704e-7
2313 1.4902167270743077e-7
2314 1.4839041472405436e-7
2315 1.4855383620247431e-7
2316 1.4882300253639075e-7
2317 1.488037759767798e-7
2318 1.4878775384377068e-7
2319 1.4894957402566254e-7
2320 1.487428930937089e-7
2321 1.4826384262360076e-7
2322 1.4780241558302984e-7
2323 1.4809881862628897e-7
2324 1.4822859454216256e-7
2325 1.4822859454216256e-7
2326 1.4822859454216256e-7
2327 1.4822859454216256e-7
2328 1.4822859454216256e-7
2329 1.4822859454216256e-7
2330 1.4822859454216256e-7
2331 1.4822859454216256e-7
2332 1.4822859454216256e-7
2333 1.4822859454216256e-7
2334 1.4822859454216256e-7
2335 1.4822859454216256e-7
2336 1.4822859454216256e-7
2337 1.4822859454216256e-7
2338 1.4822859454216256e-7
2339 1.4822859454216256e-7
2340 1.4822859454216256e-7
2341 1.4822859454216256e-7
2342 1.4822859454216256e-7
2343 1.4822859454216256e-7
2344 1.4822859454216256e-7
2345 1.4956801491381353e-7
2346 1.4956801491381353e-7
2347 1.4956801491381353e-7
2348 1.4956801491381353e-7
2349 1.4956801491381353e-7
2350 1.4956801491381353e-7
2351 1.4956801491381353e-7
2352 1.4956801491381353e-7
2353 1.4956801491381353e-7
2354 1.4956801491381353e-7
2355 1.4956801491381353e-7
2356 1.4956801491381353e-7
2357 1.4956801491381353e-7
2358 1.4956801491381353e-7
2359 1.4956801491381353e-7
2360 1.4956801491381353e-7
2361 1.4956801491381353e-7
2362 1.4956801491381353e-7
2363 1.4956801491381353e-7
2364 1.4956801491381353e-7
2365 1.4956801491381353e-7
2366 1.4956801491381353e-7
2367 1.4956801491381353e-7
2368 1.4956801491381353e-7
2369 1.4956801491381353e-7
2370 1.4956801491381353e-7
2371 1.4956801491381353e-7
2372 1.4956801491381353e-7
2373 1.4956801491381353e-7
2374 1.4956801491381353e-7
2375 1.4956801491381353e-7
2376 1.4956801491381353e-7
2377 1.4956801491381353e-7
2378 1.4956801491381353e-7
2379 1.4956801491381353e-7
2380 1.4956801491381353e-7
2381 1.4956801491381353e-7
2382 1.4956801491381353e-7
2383 1.4956801491381353e-7
2384 1.4956801491381353e-7
2385 1.4956801491381353e-7
2386 1.4956801491381353e-7
2387 1.4956801491381353e-7
2388 1.4956801491381353e-7
2389 1.4956801491381353e-7
2390 1.4956801491381353e-7
2391 1.4956801491381353e-7
2392 1.4956801491381353e-7
2393 1.4956801491381353e-7
2394 1.4956801491381353e-7
2395 1.4956801491381353e-7
2396 1.4956801491381353e-7
2397 1.4956801491381353e-7
2398 1.4956801491381353e-7
2399 1.4956801491381353e-7
2400 1.4956801491381353e-7
2401 1.4956801491381353e-7
2402 1.501127552124863e-7
2403 1.501127552124863e-7
2404 1.501127552124863e-7
2405 1.501127552124863e-7
2406 1.501127552124863e-7
2407 1.5128234403014992e-7
2408 1.5168609261425174e-7
2409 1.5215072408142448e-7
2410 1.5331230213817447e-7
2411 1.5446106248851718e-7
2412 1.5446106248851718e-7
2413 1.5446106248851718e-7
2414 1.5446106248851718e-7
2415 1.5446106248851718e-7
2416 1.5446106248851718e-7
2417 1.5446106248851718e-7
2418 1.5446106248851718e-7
2419 1.5446106248851718e-7
2420 1.5446106248851718e-7
2421 1.551195565700544e-7
2422 1.5505386796385356e-7
2423 1.5668007687659443e-7
2424 1.5709824507481353e-7
2425 1.566239997166534e-7
2426 1.565663218713662e-7
2427 1.5626671501268713e-7
2428 1.5648461052097434e-7
2429 1.5642693267568712e-7
2430 1.5648300861326436e-7
2431 1.5647339533345888e-7
2432 1.5669770030613162e-7
2433 1.5711747163442445e-7
2434 1.5672654014554805e-7
2435 1.5677140089560985e-7
2436 1.5681145592254172e-7
2437 1.5689316666175168e-7
2438 1.564333421400726e-7
2439 1.5649101998535982e-7
2440 1.582309845145108e-7
2441 1.5794419475105714e-7
2442 1.5815407949843074e-7
2443 1.5870042170481345e-7
2444 1.589727918541498e-7
2445 1.5934449678341527e-7
2446 1.5927400062053885e-7
2447 1.589423507182053e-7
2448 1.591153854764307e-7
2449 1.597786871146435e-7
2450 1.5988122509881062e-7
2451 1.5979630993299882e-7
2452 1.6046762233212523e-7
2453 1.6037789960963787e-7
2454 1.6042756730519333e-7
2455 1.6045800905231974e-7
2456 1.6006387313684152e-7
2457 1.5989083776743422e-7
2458 1.5974183590313155e-7
2459 1.6027055406879519e-7
2460 1.6086496145184152e-7
2461 1.6065347418557608e-7
2462 1.6065347418557608e-7
2463 1.6065347418557608e-7
2464 1.6215311160904519e-7
2465 1.627939816498633e-7
2466 1.627539272341133e-7
2467 1.6292696321470248e-7
2468 1.6293337206790612e-7
2469 1.636815888719307e-7
2470 1.653286256408106e-7
2471 1.6693721173519612e-7
2472 1.6676257445807884e-7
2473 1.6761973932183797e-7
2474 1.6771907410176704e-7
2475 1.680491227075725e-7
2476 1.6835834284605706e-7
2477 1.6887584582420523e-7
2478 1.6813564039227616e-7
2479 1.6798984234339342e-7
2480 1.682317707456034e-7
2481 1.6842403206343979e-7
2482 1.6835834284605706e-7
2483 1.683743643678843e-7
2484 1.6865955222362797e-7
2485 1.6884220026165886e-7
2486 1.6907451599524525e-7
2487 1.7063663759831337e-7
2488 1.7063663759831337e-7
2489 1.7063663759831337e-7
2490 1.7063663759831337e-7
2491 1.7063663759831337e-7
2492 1.7085293119889063e-7
2493 1.7085293119889063e-7
2494 1.7085293119889063e-7
2495 1.7085293119889063e-7
2496 1.7170528911715607e-7
2497 1.7226765284536604e-7
2498 1.7204174596498332e-7
2499 1.717982144326996e-7
2500 1.7130955129396787e-7
2501 1.7111889188384147e-7
2502 1.7149380185089063e-7
2503 1.7149380185089063e-7
2504 1.7149380185089063e-7
2505 1.7149380185089063e-7
2506 1.7149380185089063e-7
2507 1.7149380185089063e-7
2508 1.7149380185089063e-7
2509 1.7149380185089063e-7
2510 1.7149380185089063e-7
2511 1.7149380185089063e-7
2512 1.7273869316574245e-7
2513 1.7296139561952335e-7
2514 1.7296139561952335e-7
2515 1.7296139561952335e-7
2516 1.7296139561952335e-7
2517 1.7438412863809427e-7
2518 1.7421590021418066e-7
2519 1.7497693411343065e-7
2520 1.7463406780121787e-7
2521 1.7467091840154792e-7
2522 1.7443379572246787e-7
2523 1.7450589379305423e-7
2524 1.744674418961961e-7
2525 1.7420147998888148e-7
2526 1.7434407422234426e-7
2527 1.7477666203468065e-7
2528 1.746629070294524e-7
2529 1.7474942471415606e-7
2530 1.7461964818710058e-7
2531 1.7470296205638428e-7
2532 1.7464688611880704e-7
2533 1.7502179486349242e-7
2534 1.7498654678205422e-7
2535 1.748792012412115e-7
2536 1.7518681886080421e-7
2537 1.7507466637446784e-7
2538 1.7495931007271152e-7
2539 1.7514356062963428e-7
2540 1.7498013792885058e-7
2541 1.7411656482306967e-7
2542 1.7425114768443695e-7
2543 1.7372883837197698e-7
2544 1.7377530164093063e-7
2545 1.7391308892889972e-7
2546 1.7404446675248328e-7
2547 1.7460683109187514e-7
2548 1.7422871730940604e-7
2549 1.7405087560568695e-7
2550 1.7395154082575788e-7
2551 1.7395154082575788e-7
2552 1.7395154082575788e-7
2553 1.7395154082575788e-7
2554 1.7395154082575788e-7
2555 1.7395154082575788e-7
2556 1.7395154082575788e-7
2557 1.7403325156496784e-7
2558 1.744962811244306e-7
2559 1.746581000839587e-7
2560 1.7450108684756052e-7
2561 1.7450108684756052e-7
2562 1.7540631627680138e-7
2563 1.7584210851573958e-7
2564 1.7582608699391235e-7
2565 1.7579404333907596e-7
2566 1.758597325564587e-7
2567 1.760904463823351e-7
2568 1.7642690323016234e-7
2569 1.7665921896374873e-7
2570 1.7813802791989691e-7
2571 1.7813802791989691e-7
2572 1.7813802791989691e-7
2573 1.7813802791989691e-7
2574 1.7813802791989691e-7
2575 1.7813802791989691e-7
2576 1.7813802791989691e-7
2577 1.7813802791989691e-7
2578 1.7813802791989691e-7
2579 1.7813802791989691e-7
2580 1.7813802791989691e-7
2581 1.7813802791989691e-7
2582 1.7813802791989691e-7
2583 1.7862508976210056e-7
2584 1.7862508976210056e-7
2585 1.7862508976210056e-7
2586 1.7862508976210056e-7
2587 1.7862508976210056e-7
2588 1.7924192813135968e-7
2589 1.7984434627531966e-7
2590 1.798811968756497e-7
2591 1.8034422521274872e-7
2592 1.815282342557115e-7
2593 1.826689832339587e-7
2594 1.826689832339587e-7
2595 1.826689832339587e-7
2596 1.826689832339587e-7
2597 1.826689832339587e-7
2598 1.826689832339587e-7
2599 1.826689832339587e-7
2600 1.826689832339587e-7
2601 1.826689832339587e-7
2602 1.8295737551630422e-7
2603 1.8295737551630422e-7
2604 1.8295737551630422e-7
2605 1.8357100945896152e-7
2606 1.841862453093288e-7
2607 1.8435447373324241e-7
2608 1.8466048944512512e-7
2609 1.8433684969252328e-7
2610 1.8539268472732243e-7
2611 1.8544074990398606e-7
2612 1.8499374247753239e-7
2613 1.8509307725746148e-7
2614 1.8518760509189688e-7
2615 1.8510589435268692e-7
2616 1.8481109382831965e-7
2617 1.8599350157475435e-7
2618 1.8583969215377613e-7
2619 1.862498495910816e-7
2620 1.8594223136030704e-7
2621 1.8594223136030704e-7
2622 1.8594223136030704e-7
2623 1.8594223136030704e-7
2624 1.8594223136030704e-7
2625 1.8594223136030704e-7
2626 1.8594223136030704e-7
2627 1.8594223136030704e-7
2628 1.8594223136030704e-7
2629 1.8594223136030704e-7
2630 1.8594223136030704e-7
2631 1.8594223136030704e-7
2632 1.8594223136030704e-7
2633 1.8594223136030704e-7
2634 1.8594223136030704e-7
2635 1.8594223136030704e-7
2636 1.8594223136030704e-7
2637 1.8594223136030704e-7
2638 1.8594223136030704e-7
2639 1.8594223136030704e-7
2640 1.8675133043622065e-7
2641 1.8674972852851067e-7
2642 1.8674972852851067e-7
2643 1.8674972852851067e-7
2644 1.8674972852851067e-7
2645 1.8674972852851067e-7
2646 1.8674972852851067e-7
2647 1.8674972852851067e-7
2648 1.8674972852851067e-7
2649 1.8674972852851067e-7
2650 1.8674972852851067e-7
2651 1.8674972852851067e-7
2652 1.870733682811125e-7
2653 1.8721275747679158e-7
2654 1.8763733391703246e-7
2655 1.877062281721989e-7
2656 1.8779274524572065e-7
2657 1.8790489712087516e-7
2658 1.8786804774290886e-7
2659 1.876661737564489e-7
2660 1.8767738894396433e-7
2661 1.8773506678925154e-7
2662 1.8752037570756615e-7
2663 1.8754120356370518e-7
2664 1.8801384579179155e-7
2665 1.8819809573753242e-7
2666 1.8778153005820516e-7
2667 1.8761169972658157e-7
2668 1.8767578703625432e-7
2669 1.8757645164514337e-7
2670 1.8747551495750432e-7
2671 1.876052908733779e-7
2672 1.8781838004735332e-7
2673 1.8757164531083154e-7
2674 1.874434713026679e-7
2675 1.8678657851765878e-7
2676 1.8716789611554783e-7
2677 1.8698845250411876e-7
2678 1.868570740693533e-7
2679 1.8699325944961245e-7
2680 1.8757805355285332e-7
2681 1.8777992815049516e-7
2682 1.879401452023133e-7
2683 1.871791119142452e-7
2684 1.8717270306104155e-7
2685 1.8695961449824802e-7
2686 1.8695961449824802e-7
2687 1.8730087829156896e-7
2688 1.8730087829156896e-7
2689 1.8730087829156896e-7
2690 1.8730087829156896e-7
2691 1.8730087829156896e-7
2692 1.8730087829156896e-7
2693 1.8768700283495168e-7
2694 1.8768700283495168e-7
2695 1.8768700283495168e-7
2696 1.8768700283495168e-7
2697 1.8873642901654718e-7
2698 1.8825096969323538e-7
2699 1.8825096969323538e-7
2700 1.8859543791315814e-7
2701 1.8884377455738987e-7
2702 1.8884377455738987e-7
2703 1.8884377455738987e-7
2704 1.8902321816881894e-7
2705 1.8953591420147345e-7
2706 1.8953591420147345e-7
2707 1.8953591420147345e-7
2708 1.8953591420147345e-7
2709 1.8953591420147345e-7
2710 1.8953591420147345e-7
2711 1.9025529177726348e-7
2712 1.9025529177726348e-7
2713 1.9025529177726348e-7
2714 1.9050202712496712e-7
2715 1.905164467390844e-7
2716 1.909842820216771e-7
2717 1.9063821189404437e-7
2718 1.9063821189404437e-7
2719 1.9123902813029437e-7
2720 1.912598559864334e-7
2721 1.9118615600813706e-7
2722 1.9126306041303522e-7
2723 1.9085290297572974e-7
2724 1.9120377943767427e-7
2725 1.9104356177467428e-7
2726 1.9125825346754156e-7
2727 1.9129029651119606e-7
2728 1.9118615600813706e-7
2729 1.9161393687497976e-7
2730 1.9208657910306612e-7
2731 1.9267778144832877e-7
2732 1.9249192898369605e-7
2733 1.9265214664669605e-7
2734 1.9174371279085334e-7
2735 1.9230127018475151e-7
2736 1.9190713549163705e-7
2737 1.923188948366525e-7
2738 1.929421414479334e-7
2739 1.9240381000246432e-7
2740 1.9242944419291515e-7
2741 1.9272264280957246e-7
2742 1.9242463785860335e-7
2743 1.9275468646440882e-7
2744 1.926970086191216e-7
2745 1.921330417608379e-7
2746 1.9245187456794605e-7
2747 1.9192155449457244e-7
2748 1.916603995327515e-7
2749 1.916603995327515e-7
2750 1.916603995327515e-7
2751 1.916603995327515e-7
2752 1.916603995327515e-7
2753 1.916603995327515e-7
2754 1.916603995327515e-7
2755 1.916603995327515e-7
2756 1.916603995327515e-7
2757 1.916603995327515e-7
2758 1.916603995327515e-7
2759 1.916603995327515e-7
2760 1.916603995327515e-7
2761 1.916603995327515e-7
2762 1.916603995327515e-7
2763 1.916603995327515e-7
2764 1.916603995327515e-7
2765 1.916603995327515e-7
2766 1.916603995327515e-7
2767 1.916603995327515e-7
2768 1.916603995327515e-7
2769 1.916603995327515e-7
2770 1.916603995327515e-7
2771 1.916603995327515e-7
2772 1.916603995327515e-7
2773 1.916603995327515e-7
2774 1.916603995327515e-7
2775 1.916603995327515e-7
2776 1.9258805994820516e-7
2777 1.925303808805542e-7
2778 1.9246789608977328e-7
2779 1.9246789608977328e-7
2780 1.9266496435310333e-7
2781 1.925688333885942e-7
2782 1.925688333885942e-7
2783 1.925688333885942e-7
2784 1.925688333885942e-7
2785 1.9325456540183786e-7
2786 1.9345323557287788e-7
2787 1.9339876093182873e-7
2788 1.9330423187502957e-7
2789 1.9328981287209418e-7
2790 1.9340997611934416e-7
2791 1.9470613642627956e-7
2792 1.9480066487189683e-7
2793 1.9483270852673322e-7
2794 1.9485033256745232e-7
2795 1.9383775698618686e-7
2796 1.936887545107023e-7
2797 1.9373681968736593e-7
2798 1.9415338597787505e-7
2799 1.9386499369552953e-7
2800 1.9386499369552953e-7
2801 1.9446901496956324e-7
2802 1.9482950471131323e-7
2803 1.9432962577388417e-7
2804 1.9470453451856956e-7
2805 1.947782344968659e-7
2806 1.947782344968659e-7
2807 1.947782344968659e-7
2808 1.947782344968659e-7
2809 1.947782344968659e-7
2810 1.947782344968659e-7
2811 1.947782344968659e-7
2812 1.947782344968659e-7
2813 1.947782344968659e-7
2814 1.947782344968659e-7
2815 1.956866683527086e-7
2816 1.9671206164038137e-7
2817 1.9686907426559765e-7
2818 1.9664156547750496e-7
2819 1.9661913510247405e-7
2820 1.9662874838227954e-7
2821 1.9656626359149863e-7
2822 1.96559854738295e-7
2823 1.9639803516758502e-7
2824 1.961368802057641e-7
2825 1.96239419412295e-7
2826 1.9568666835270863e-7
2827 1.9634836747202956e-7
2828 1.9598307078478588e-7
2829 1.9547357856755133e-7
2830 1.9547357856755133e-7
2831 1.9618334347471777e-7
2832 1.9576998161081046e-7
2833 1.9682902046102957e-7
2834 1.9670084645286593e-7
2835 1.9694117294736594e-7
2836 1.9732409306414683e-7
2837 1.981139661916314e-7
2838 1.9926112463426412e-7
2839 1.9926112463426412e-7
2840 1.9926112463426412e-7
2841 1.9926112463426412e-7
2842 1.9926112463426412e-7
2843 1.9926112463426412e-7
2844 2.006325880495696e-7
2845 2.004178963567023e-7
2846 2.005556836446714e-7
2847 2.013792023347023e-7
2848 2.0067744941081326e-7
2849 2.0072551458747688e-7
2850 2.0022883946546775e-7
2851 2.0100589549772687e-7
2852 2.0094501261465594e-7
2853 2.0132793273143683e-7
2854 2.0135677195967137e-7
2855 2.0087291454406955e-7
2856 2.003714336989305e-7
2857 2.0106677838079777e-7
2858 2.0096584108197686e-7
2859 2.0214344127173598e-7
2860 2.024542627067486e-7
2861 2.021562583669614e-7
2862 2.0184864074736868e-7
2863 2.0158428074776404e-7
2864 2.0158267884005407e-7
2865 2.0116451003065307e-7
2866 2.0171085284821767e-7
2867 2.0072711649518678e-7
2868 2.01081197994915e-7
2869 2.0112125179948311e-7
2870 2.0112926256039673e-7
2871 2.0116130621523312e-7
2872 2.0100749740543676e-7
2873 2.0107959486484127e-7
2874 2.0089694682681037e-7
2875 2.0089694682681037e-7
2876 2.0089694682681037e-7
2877 2.0089694682681037e-7
2878 2.0089694682681037e-7
2879 2.0089694682681037e-7
2880 2.0089694682681037e-7
2881 2.0089694682681037e-7
2882 2.0089694682681037e-7
2883 2.0089694682681037e-7
2884 2.0089694682681037e-7
2885 2.0089694682681037e-7
2886 2.0089694682681037e-7
2887 2.0089694682681037e-7
2888 2.0089694682681037e-7
2889 2.0089694682681037e-7
2890 2.0089694682681037e-7
2891 2.0089694682681037e-7
2892 2.0089694682681037e-7
2893 2.0089694682681037e-7
2894 2.0089694682681037e-7
2895 2.0089694682681037e-7
2896 2.0089694682681037e-7
2897 2.0089694682681037e-7
2898 2.0089694682681037e-7
2899 2.0089694682681037e-7
2900 2.0089694682681037e-7
2901 2.0089694682681037e-7
2902 2.0089694682681037e-7
2903 2.0089694682681037e-7
2904 2.0089694682681037e-7
2905 2.0089694682681037e-7
2906 2.0089694682681037e-7
2907 2.0089694682681037e-7
2908 2.0089694682681037e-7
2909 2.0089694682681037e-7
2910 2.0089694682681037e-7
2911 2.0089694682681037e-7
2912 2.0096744298968679e-7
2913 2.0097545313941854e-7
2914 2.0097545313941854e-7
2915 2.0097545313941854e-7
2916 2.015554415195295e-7
2917 2.0184863952500493e-7
2918 2.014769339845576e-7
2919 2.0206172869898037e-7
2920 2.0167880919338134e-7
2921 2.028564081607767e-7
2922 2.0290767776404214e-7
2923 2.0273304048692486e-7
2924 2.0246227285648034e-7
2925 2.02811546799533e-7
2926 2.029749695003167e-7
2927 2.0300060369076754e-7
2928 2.0302944353018397e-7
2929 2.0289325814992483e-7
2930 2.029797752234466e-7
2931 2.031480042585421e-7
2932 2.0307911061455755e-7
2933 2.022267526962921e-7
2934 2.0272663163372117e-7
2935 2.0297176446253297e-7
2936 2.0303104543789392e-7
2937 2.02849999307573e-7
2938 2.0258083358483846e-7
2939 2.0258083358483846e-7
2940 2.0268978103339112e-7
2941 2.0268978103339112e-7
2942 2.0268978103339112e-7
2943 2.0268978103339112e-7
2944 2.0268978103339112e-7
2945 2.0268978103339112e-7
2946 2.0268978103339112e-7
2947 2.0268978103339112e-7
2948 2.0268978103339112e-7
2949 2.0268978103339112e-7
2950 2.0268978103339112e-7
2951 2.0268978103339112e-7
2952 2.0268978103339112e-7
2953 2.0268978103339112e-7
2954 2.0378566926157652e-7
2955 2.0378566926157652e-7
2956 2.0378566926157652e-7
2957 2.0378566926157652e-7
2958 2.0378566926157652e-7
2959 2.0378566926157652e-7
2960 2.0378566926157652e-7
2961 2.0378566926157652e-7
2962 2.0378566926157652e-7
2963 2.0378566926157652e-7
2964 2.0489437519616922e-7
2965 2.0492321503558565e-7
2966 2.0523563898949016e-7
2967 2.0491039671799648e-7
2968 2.0503536691074016e-7
2969 2.0486713787564466e-7
2970 2.049953118838083e-7
2971 2.0492321503558568e-7
2972 2.0504658209825563e-7
2973 2.0508022827198385e-7
2974 2.0579640142117204e-7
2975 2.077174102470983e-7
2976 2.0801701771695924e-7
2977 2.0833264670864743e-7
2978 2.080859107497619e-7
2979 2.081483955405428e-7
2980 2.07863208295981e-7
2981 2.084864549072619e-7
2982 2.0884694526019378e-7
2983 2.090904761812956e-7
2984 2.0869313583921556e-7
2985 2.0884534274130194e-7
2986 2.0882291236627104e-7
2987 2.0899594773567834e-7
2988 2.0907124962168466e-7
2989 2.0892545157280192e-7
2990 2.0917378943939743e-7
2991 2.0911931479834828e-7
2992 2.0897511926835741e-7
2993 2.0910649709194098e-7
2994 2.0906644267619097e-7
2995 2.0905843252645922e-7
2996 2.090872711435119e-7
2997 2.085265093230119e-7
2998 2.0843358339628648e-7
2999 2.087091573610428e-7
3000 2.0876843833640375e-7
3001 2.0851689604320642e-7
3002 2.0851689604320642e-7
3003 2.0882611679287286e-7
3004 2.089190421084164e-7
3005 2.0870114660012918e-7
3006 2.090568293963855e-7
3007 2.098803486975983e-7
3008 2.0979062658629283e-7
3009 2.09667258912441e-7
3010 2.114328582432247e-7
3011 2.1307669058550277e-7
3012 2.1307669058550277e-7
3013 2.1307669058550277e-7
3014 2.1307669058550277e-7
3015 2.1307669058550277e-7
3016 2.1307669058550277e-7
3017 2.1307669058550277e-7
3018 2.1307669058550277e-7
3019 2.1307669058550277e-7
3020 2.1307669058550277e-7
3021 2.1307669058550277e-7
3022 2.1307669058550277e-7
3023 2.1307669058550277e-7
3024 2.1307669058550277e-7
3025 2.1307669058550277e-7
3026 2.1307669058550277e-7
3027 2.1307669058550277e-7
3028 2.1307669058550277e-7
3029 2.1307669058550277e-7
3030 2.1307669058550277e-7
3031 2.1307669058550277e-7
3032 2.1307669058550277e-7
3033 2.1307669058550277e-7
3034 2.1307669058550277e-7
3035 2.1307669058550277e-7
3036 2.1307669058550277e-7
3037 2.1307669058550277e-7
3038 2.1307669058550277e-7
3039 2.1307669058550277e-7
3040 2.1354773090587919e-7
3041 2.1360701065887638e-7
3042 2.1360701065887638e-7
3043 2.1360701065887638e-7
3044 2.1360701065887638e-7
3045 2.1360701065887638e-7
3046 2.1360701065887638e-7
3047 2.1360701065887638e-7
3048 2.1360701065887638e-7
3049 2.1360701065887638e-7
3050 2.1360701065887638e-7
3051 2.1360701065887638e-7
3052 2.1360701065887638e-7
3053 2.1360701065887638e-7
3054 2.1360701065887638e-7
3055 2.1360701065887638e-7
3056 2.1360701065887638e-7
3057 2.1360701065887638e-7
3058 2.1360701065887638e-7
3059 2.1360701065887638e-7
3060 2.1360701065887638e-7
3061 2.1360701065887638e-7
3062 2.1360701065887638e-7
3063 2.1421744017493186e-7
3064 2.1423025788133917e-7
3065 2.14033190229191e-7
3066 2.1415815981075278e-7
3067 2.1415815981075278e-7
3068 2.1498808735398734e-7
3069 2.1504576642163831e-7
3070 2.1482306396785741e-7
3071 2.1486632219902735e-7
3072 2.1490157028046556e-7
3073 2.1457632800897188e-7
3074 2.1457632800897188e-7
3075 2.1537741632397188e-7
3076 2.159894483589192e-7
3077 2.1593176929126823e-7
3078 2.156385706746109e-7
3079 2.1511465945444097e-7
3080 2.151306809762682e-7
3081 2.1570746492977732e-7
3082 2.159718237070182e-7
3083 2.1601988888368183e-7
3084 2.1601027682624012e-7
3085 2.1638358305203367e-7
3086 2.1632109826125276e-7
3087 2.161368483155119e-7
3088 2.169956144757991e-7
3089 2.1947257939909546e-7
3090 2.2025764558108633e-7
3091 2.2002372793979e-7
3092 2.2002372793979e-7
3093 2.2002372793979e-7
3094 2.2002372793979e-7
3095 2.2002372793979e-7
3096 2.2002372793979e-7
3097 2.2002372793979e-7
3098 2.2002372793979e-7
3099 2.2002372793979e-7
3100 2.2002372793979e-7
3101 2.2002372793979e-7
3102 2.2075111688767553e-7
3103 2.2075111688767553e-7
3104 2.2075111688767553e-7
3105 2.2075111688767553e-7
3106 2.2075111688767553e-7
3107 2.2075111688767553e-7
3108 2.2075111688767553e-7
3109 2.2099304590106738e-7
3110 2.2099304590106738e-7
3111 2.2110519777622189e-7
3112 2.2110519777622189e-7
3113 2.2110519777622189e-7
3114 2.2206169741991008e-7
3115 2.2264488961544097e-7
3116 2.2280510727844097e-7
3117 2.2276505347387285e-7
3118 2.2270256868309194e-7
3119 2.2276345034379912e-7
3120 2.2272179463152103e-7
3121 2.2252312507166287e-7
3122 2.219976107214192e-7
3123 2.223885415991137e-7
3124 2.2207611703402734e-7
3125 2.2192230883541287e-7
3126 2.2260483519969097e-7
3127 2.2244942448218463e-7
3128 2.224510263898946e-7
3129 2.2249428523224644e-7
3130 2.223629061862991e-7
3131 2.2206169741991005e-7
3132 2.2199440568363548e-7
3133 2.2230362643330192e-7
3134 2.2234368084905193e-7
3135 2.2247185485721556e-7
3136 2.225327377402865e-7
3137 2.2325211531607652e-7
3138 2.2333062162868467e-7
3139 2.2310311284059197e-7
3140 2.232360931830674e-7
3141 2.2360619620462288e-7
3142 2.2334824566940377e-7
3143 2.2363022909854562e-7
3144 2.2375519806892554e-7
3145 2.2297173440582652e-7
3146 2.2346360258234196e-7
3147 2.2299416478085742e-7
3148 2.2302941286229562e-7
3149 2.2336747222901472e-7
3150 2.240275682182619e-7
3151 2.2404198844356106e-7
3152 2.239730947995765e-7
3153 2.2404839668558283e-7
3154 2.2411088147636374e-7
3155 2.2423424915021557e-7
3156 2.2365586328899648e-7
3157 2.2318482357980196e-7
3158 2.228451623053729e-7
3159 2.228451623053729e-7
3160 2.228451623053729e-7
3161 2.228451623053729e-7
3162 2.240996669000302e-7
3163 2.2449860853863835e-7
3164 2.23944255571342e-7
3165 2.2361901329984832e-7
3166 2.2361901329984832e-7
3167 2.244841883133392e-7
3168 2.244841883133392e-7
3169 2.244841883133392e-7
3170 2.244841883133392e-7
3171 2.244841883133392e-7
3172 2.244841883133392e-7
3173 2.244841883133392e-7
3174 2.244841883133392e-7
3175 2.244841883133392e-7
3176 2.244841883133392e-7
3177 2.244841883133392e-7
3178 2.244841883133392e-7
3179 2.2595658841628372e-7
3180 2.2638757432091012e-7
3181 2.268794418862437e-7
3182 2.2712137089963555e-7
3183 2.27030047491802e-7
3184 2.26411606603651e-7
3185 2.26411606603651e-7
3186 2.26411606603651e-7
3187 2.26411606603651e-7
3188 2.269627557555274e-7
3189 2.268201621332465e-7
3190 2.267176229267156e-7
3191 2.279993636195337e-7
3192 2.285376956761847e-7
3193 2.2847681340429565e-7
3194 2.2864504182820926e-7
3195 2.2820604516266924e-7
3196 2.2810991358697824e-7
3197 2.2896707783955548e-7
3198 2.3074389235785464e-7
3199 2.3156901356677737e-7
3200 2.3159785279501192e-7
3201 2.3163790782194378e-7
3202 2.3138956995534827e-7
3203 2.3186701790656457e-7
3204 2.3153536800423098e-7
3205 2.316234875966446e-7
3206 2.3167635910762003e-7
3207 2.3128382632221554e-7
3208 2.311828890233946e-7
3209 2.3143122627880823e-7
3210 2.3156420662128366e-7
3211 2.3147128069455823e-7
3212 2.3105151058862915e-7
3213 2.3115725422176189e-7
3214 2.3105631692294095e-7
3215 2.3105631692294095e-7
3216 2.316683483467064e-7
3217 2.3175646793912004e-7
3218 2.3145846298815093e-7
3219 2.3124857762959544e-7
3220 2.3186381347996272e-7
3221 2.3170359581696273e-7
3222 2.3170359581696273e-7
3223 2.3235087532216637e-7
3224 2.3240054240653997e-7
3225 2.3249507085215724e-7
3226 2.327546239062682e-7
3227 2.3284755044417548e-7
3228 2.3291964851476184e-7
3229 2.326745144635863e-7
3230 2.322291095560245e-7
3231 2.3208811845263544e-7
3232 2.322194968874009e-7
3233 2.3201762228975905e-7
3234 2.3201762228975905e-7
3235 2.3264888027313546e-7
3236 2.325399322134009e-7
3237 2.326600954606509e-7
3238 2.3232043418622183e-7
3239 2.3240534935203363e-7
3240 2.3240534935203363e-7
3241 2.3288279852561369e-7
3242 2.3286998143038827e-7
3243 2.3286998143038827e-7
3244 2.337639950609318e-7
3245 2.3373034949838546e-7
3246 2.3330737496585456e-7
3247 2.3386813678635455e-7
3248 2.3373515644387912e-7
3249 2.3400111774001185e-7
3250 2.3377360834073726e-7
3251 2.3327693382991002e-7
3252 2.3387775006616001e-7
3253 2.3360537991682365e-7
3254 2.335236691776137e-7
3255 2.3366786470760456e-7
3256 2.3330897687356454e-7
3257 2.3334262243611088e-7
3258 2.33977085457271e-7
3259 2.340043221666137e-7
3260 2.337864260471446e-7
3261 2.3402995696824642e-7
3262 2.3419337905784823e-7
3263 2.3417895944373095e-7
3264 2.3409564618562912e-7
3265 2.3403957024805188e-7
3266 2.3399951583230187e-7
3267 2.3378802856603644e-7
3268 2.3326091230808278e-7
3269 2.3372394125636369e-7
3270 2.341549271609901e-7
3271 2.342542613297373e-7
3272 2.3379283490034826e-7
3273 2.3423823980791006e-7
3274 2.3445613592737916e-7
3275 2.3459552512305823e-7
3276 2.338585235065491e-7
3277 2.336886931749255e-7
3278 2.3369029508263548e-7
3279 2.3338107555533282e-7
3280 2.3318400729200278e-7
3281 2.3318400729200278e-7
3282 2.3318400729200278e-7
3283 2.3318400729200278e-7
3284 2.3318400729200278e-7
3285 2.3318400729200278e-7
3286 2.3318400729200278e-7
3287 2.3318400729200278e-7
3288 2.3318400729200278e-7
3289 2.3318400729200278e-7
3290 2.3377841467504914e-7
3291 2.34100452519941e-7
3292 2.3514026481054915e-7
3293 2.347637535469719e-7
3294 2.3467723525108636e-7
3295 2.3416453921843185e-7
3296 2.3465961182154912e-7
3297 2.3471568775912636e-7
3298 2.3504894079153365e-7
3299 2.3724232098916004e-7
3300 2.375387234212373e-7
3301 2.3802258083683912e-7
3302 2.3819080987193462e-7
3303 2.389181975974564e-7
3304 2.3894222988019723e-7
3305 2.388316793015708e-7
3306 2.38746764135759e-7
3307 2.385769338041354e-7
3308 2.385769338041354e-7
3309 2.385769338041354e-7
3310 2.3903355389921263e-7
3311 2.3903355389921263e-7
3312 2.3903355389921263e-7
3313 2.40267230026549e-7
3314 2.403473394692309e-7
3315 2.4049313690693173e-7
3316 2.407462804966572e-7
3317 2.406950115045736e-7
3318 2.410346727790027e-7
3319 2.40909702586259e-7
3320 2.4096898356162e-7
3321 2.411564379339627e-7
3322 2.4073025897482994e-7
3323 2.4078793682011716e-7
3324 2.408888741189381e-7
3325 2.405363957492836e-7
3326 2.4091130449396904e-7
3327 2.4091130449396904e-7
3328 2.4209210849914814e-7
3329 2.4221227113521624e-7
3330 2.4235646727638897e-7
3331 2.4225713310764177e-7
3332 2.422683482951572e-7
3333 2.420152040942499e-7
3334 2.417316187573981e-7
3335 2.417236079964845e-7
3336 2.4211293696646904e-7
3337 2.4257115896925625e-7
3338 2.425695570615463e-7
3339 2.4244939381429626e-7
3340 2.42795463941929e-7
3341 2.422891761512963e-7
3342 2.4224431479005263e-7
3343 2.4268811778990445e-7
3344 2.42215476173e-7
3345 2.413390847496299e-7
3346 2.413390847496299e-7
3347 2.413390847496299e-7
3348 2.413390847496299e-7
3349 2.413390847496299e-7
3350 2.413390847496299e-7
3351 2.413390847496299e-7
3352 2.413390847496299e-7
3353 2.413390847496299e-7
3354 2.426833108444108e-7
3355 2.428243025589817e-7
3356 2.4240773626847255e-7
3357 2.4263364376003713e-7
3358 2.423100033962534e-7
3359 2.424670172438335e-7
3360 2.422811641680189e-7
3361 2.424942539531762e-7
3362 2.4184697444797253e-7
3363 2.426817083255189e-7
3364 2.4274579563519167e-7
3365 2.4240613436076257e-7
3366 2.424942539531762e-7
3367 2.423917147466453e-7
3368 2.4252789951572257e-7
3369 2.424654147249417e-7
3370 2.4231480973056526e-7
3371 2.428675614013335e-7
3372 2.4301015441243255e-7
3373 2.4308065057530897e-7
3374 2.433594289666671e-7
3375 2.436622396407661e-7
3376 2.440019021375589e-7
3377 2.456136914361825e-7
3378 2.455560123685315e-7
3379 2.455560123685315e-7
3380 2.455560123685315e-7
3381 2.459902020885779e-7
3382 2.461199780044515e-7
3383 2.4630102352359054e-7
3384 2.459293185943251e-7
3385 2.459293185943251e-7
3386 2.459293185943251e-7
3387 2.459293185943251e-7
3388 2.459293185943251e-7
3389 2.459293185943251e-7
3390 2.465429525369824e-7
3391 2.465429525369824e-7
3392 2.472927706375351e-7
3393 2.4777662805313693e-7
3394 2.4759878634941783e-7
3395 2.47513871183606e-7
3396 2.4707968146355966e-7
3397 2.47353653520606e-7
3398 2.4711012321068607e-7
3399 2.476468521372633e-7
3400 2.479464602183062e-7
3401 2.4812430069966156e-7
3402 2.4789198557725706e-7
3403 2.4784552169712155e-7
3404 2.480121482133252e-7
3405 2.4845915563977886e-7
3406 2.486706429060443e-7
3407 2.488661092616644e-7
3408 2.487026865608807e-7
3409 2.488132371395071e-7
3410 2.487299232702234e-7
3411 2.4881644156610895e-7
3412 2.483261752973035e-7
3413 2.4834700315344256e-7
3414 2.4903433707439624e-7
3415 2.486930732810753e-7
3416 2.4885168903636534e-7
3417 2.4880202195199174e-7
3418 2.488292586613344e-7
3419 2.4874754731094256e-7
3420 2.490071003650535e-7
3421 2.49699240620319e-7
3422 2.5144881720691166e-7
3423 2.5144881720691166e-7
3424 2.523860902909889e-7
3425 2.5230437894059706e-7
3426 2.5230437894059706e-7
3427 2.5230437894059706e-7
3428 2.531150805354025e-7
3429 2.531150805354025e-7
3430 2.540347295787607e-7
3431 2.542702503501308e-7
3432 2.548454311735662e-7
3433 2.547957634780107e-7
3434 2.5494476656467717e-7
3435 2.546499660403099e-7
3436 2.5409401055412166e-7
3437 2.540347295787607e-7
3438 2.540347295787607e-7
3439 2.540347295787607e-7
3440 2.540347295787607e-7
3441 2.540347295787607e-7
3442 2.540347295787607e-7
3443 2.540347295787607e-7
3444 2.540347295787607e-7
3445 2.540347295787607e-7
3446 2.545810717851434e-7
3447 2.545810717851434e-7
3448 2.5499443364905066e-7
3449 2.552155341951216e-7
3450 2.5527161013269883e-7
3451 2.551530494043407e-7
3452 2.552187386217234e-7
3453 2.5498161594264333e-7
3454 2.5478454890167704e-7
3455 2.550104551708779e-7
3456 2.550104551708779e-7
3457 2.5536774048602607e-7
3458 2.554991189207915e-7
3459 2.5562248659464336e-7
3460 2.5562248659464336e-7
3461 2.550601222552515e-7
3462 2.550601222552515e-7
3463 2.550601222552515e-7
3464 2.550601222552515e-7
3465 2.550601222552515e-7
3466 2.550601222552515e-7
3467 2.550601222552515e-7
3468 2.550601222552515e-7
3469 2.550601222552515e-7
3470 2.550601222552515e-7
3471 2.550601222552515e-7
3472 2.550601222552515e-7
3473 2.550601222552515e-7
3474 2.550601222552515e-7
3475 2.550601222552515e-7
3476 2.550601222552515e-7
3477 2.550601222552515e-7
3478 2.550601222552515e-7
3479 2.550601222552515e-7
3480 2.550601222552515e-7
3481 2.550601222552515e-7
3482 2.550601222552515e-7
3483 2.550601222552515e-7
3484 2.550601222552515e-7
3485 2.550601222552515e-7
3486 2.550601222552515e-7
3487 2.550601222552515e-7
3488 2.550601222552515e-7
3489 2.550601222552515e-7
3490 2.550601222552515e-7
3491 2.550601222552515e-7
3492 2.550601222552515e-7
3493 2.5560005560843057e-7
3494 2.558083384480942e-7
3495 2.558083384480942e-7
3496 2.5685455959190604e-7
3497 2.5682091402935967e-7
3498 2.569474861298133e-7
3499 2.569667120782424e-7
3500 2.573496321950233e-7
3501 2.5731278159469325e-7
3502 2.573448258607115e-7
3503 2.571589733960788e-7
3504 2.5673760077125784e-7
3505 2.5702118610810964e-7
3506 2.5700356206739057e-7
3507 2.5704521839085055e-7
3508 2.569314639968042e-7
3509 2.572486948962024e-7
3510 2.5692505575478245e-7
3511 2.569362709422979e-7
3512 2.5717659743679787e-7
3513 2.569106355294833e-7
3514 2.569410766654278e-7
3515 2.569955506952951e-7
3516 2.5663666347243693e-7
3517 2.5606628837213146e-7
3518 2.5589645804050784e-7
3519 2.5589645804050784e-7
3520 2.5589645804050784e-7
3521 2.5589645804050784e-7
3522 2.5589645804050784e-7
3523 2.5694107788779155e-7
3524 2.571381455399397e-7
3525 2.5757233587116793e-7
3526 2.5814431349036525e-7
3527 2.582933159658498e-7
3528 2.582933159658498e-7
3529 2.5859292343571073e-7
3530 2.586618164685134e-7
3531 2.58927778375828e-7
3532 2.586121493841398e-7
3533 2.58886122052368e-7
3534 2.589838543134052e-7
3535 2.589325847101398e-7
3536 2.5888131510687433e-7
3537 2.5885407839753166e-7
3538 2.587947974221707e-7
3539 2.5967759708756253e-7
3540 2.603344892613898e-7
3541 2.598089749111461e-7
3542 2.598089749111461e-7
3543 2.598089749111461e-7
3544 2.6006211850087157e-7
3545 2.6006211850087157e-7
3546 2.6006211850087157e-7
3547 2.6006211850087157e-7
3548 2.6006211850087157e-7
3549 2.6006211850087157e-7
3550 2.6006211850087157e-7
3551 2.6006211850087157e-7
3552 2.6006211850087157e-7
3553 2.6006211850087157e-7
3554 2.607286233433224e-7
3555 2.609609390769088e-7
3556 2.610698871366433e-7
3557 2.6061486894927605e-7
3558 2.612220940387297e-7
3559 2.612461269326525e-7
3560 2.617428014434797e-7
3561 2.617892653236153e-7
3562 2.624397486442389e-7
3563 2.6398584994784353e-7
3564 2.6398584994784353e-7
3565 2.6398584994784353e-7
3566 2.6398584994784353e-7
3567 2.648414122927108e-7
3568 2.6479494902375714e-7
3569 2.6525317224890814e-7
3570 2.652483653034145e-7
3571 2.6526759125184353e-7
3572 2.6532526909713075e-7
3573 2.652868178114545e-7
3574 2.6509455649361815e-7
3575 2.651153843497572e-7
3576 2.6478854017055355e-7
3577 2.6433512389089627e-7
3578 2.640082803228745e-7
3579 2.6446009408363995e-7
3580 2.647036250047418e-7
3581 2.643030808472418e-7
3582 2.649936191947973e-7
3583 2.651266001484546e-7
3584 2.6465716173578815e-7
3585 2.640883891543745e-7
3586 2.6409960434188996e-7
3587 2.642133593471182e-7
3588 2.645209769667109e-7
3589 2.6457064466226637e-7
3590 2.647180452300409e-7
3591 2.645946769450072e-7
3592 2.644841275887446e-7
3593 2.6477572307532814e-7
3594 2.649695869120564e-7
3595 2.6583476192554724e-7
3596 2.671565570341154e-7
3597 2.6776698716135273e-7
3598 2.6776698716135273e-7
3599 2.6776698716135273e-7
3600 2.6776698716135273e-7
3601 2.681434978137481e-7
3602 2.681434978137481e-7
3603 2.681434978137481e-7
3604 2.681434978137481e-7
3605 2.681434978137481e-7
3606 2.681434978137481e-7
3607 2.681434978137481e-7
3608 2.681434978137481e-7
3609 2.681434978137481e-7
3610 2.681434978137481e-7
3611 2.681434978137481e-7
3612 2.681434978137481e-7
3613 2.681434978137481e-7
3614 2.681434978137481e-7
3615 2.681434978137481e-7
3616 2.681434978137481e-7
3617 2.681434978137481e-7
3618 2.681434978137481e-7
3619 2.681434978137481e-7
3620 2.681434978137481e-7
3621 2.6884845577542085e-7
3622 2.6884845577542085e-7
3623 2.691704936203127e-7
3624 2.691704936203127e-7
3625 2.691704936203127e-7
3626 2.691704936203127e-7
3627 2.691704936203127e-7
3628 2.691704936203127e-7
3629 2.691704936203127e-7
3630 2.691704936203127e-7
3631 2.691704936203127e-7
3632 2.691704936203127e-7
3633 2.691704936203127e-7
3634 2.691704936203127e-7
3635 2.691704936203127e-7
3636 2.691704936203127e-7
3637 2.691704936203127e-7
3638 2.691704936203127e-7
3639 2.691704936203127e-7
3640 2.691704936203127e-7
3641 2.691704936203127e-7
3642 2.691704936203127e-7
3643 2.691704936203127e-7
3644 2.691704936203127e-7
3645 2.691704936203127e-7
3646 2.6976810604114274e-7
3647 2.6984821487264275e-7
3648 2.699619692666891e-7
3649 2.699619692666891e-7
3650 2.699619692666891e-7
3651 2.699619692666891e-7
3652 2.699619692666891e-7
3653 2.699619692666891e-7
3654 2.699619692666891e-7
3655 2.699619692666891e-7
3656 2.699619692666891e-7
3657 2.699619692666891e-7
3658 2.699619692666891e-7
3659 2.699619692666891e-7
3660 2.712741510954517e-7
3661 2.714696174510718e-7
3662 2.714824345462972e-7
3663 2.712340979020655e-7
3664 2.71407132049109e-7
3665 2.7171635218759355e-7
3666 2.7140873456800085e-7
3667 2.714391757039454e-7
3668 2.715128762934236e-7
3669 2.718845806115072e-7
3670 2.715721566576027e-7
3671 2.711043207638281e-7
3672 2.709473075274299e-7
3673 2.7095211447292355e-7
3674 2.709953727040935e-7
3675 2.705948285465935e-7
3676 2.718765698505935e-7
3677 2.7210568115757806e-7
3678 2.7194065716026624e-7
3679 2.718236977284362e-7
3680 2.721345203858126e-7
3681 2.721345203858126e-7
3682 2.7231236208953167e-7
3683 2.7231236208953167e-7
3684 2.7231236208953167e-7
3685 2.7231236208953167e-7
3686 2.7231236208953167e-7
3687 2.7231236208953167e-7
3688 2.7231236208953167e-7
3689 2.730765998042016e-7
3690 2.728731232988498e-7
3691 2.7344510030686523e-7
3692 2.735973072089516e-7
3693 2.734707357196798e-7
3694 2.734306806927479e-7
3695 2.735941033935316e-7
3696 2.735588553120934e-7
3697 2.7352520974954705e-7
3698 2.7353962875248244e-7
3699 2.734386920648434e-7
3700 2.731855478639361e-7
3701 2.731182561276615e-7
3702 2.7341786359752245e-7
3703 2.7337780918177245e-7
3704 2.731406871138743e-7
3705 2.7367741604045154e-7
3706 2.735059831899361e-7
3707 2.7377034257835883e-7
3708 2.741901126842879e-7
3709 2.7464993781714885e-7
3710 2.7465634605917063e-7
3711 2.747012074204143e-7
3712 2.7484059661609337e-7
3713 2.748790491241334e-7
3714 2.74526570143297e-7
3715 2.7453778533081246e-7
3716 2.744961283961706e-7
3717 2.7469479856721066e-7
3718 2.746883891028251e-7
3719 2.7461789416231247e-7
3720 2.7444165436630335e-7
3721 2.746451308716552e-7
3722 2.7488385545844525e-7
3723 2.7494153452609624e-7
3724 2.750248477841981e-7
3725 2.749751800886426e-7
3726 2.7499120222165176e-7
3727 2.7508252562948535e-7
3728 2.759380879743526e-7
3729 2.7550870519979996e-7
3730 2.766270244141981e-7
3731 2.7679204780032807e-7
3732 2.763899017351181e-7
3733 2.7682569336287444e-7
3734 2.7698270659927264e-7
3735 2.770291698682263e-7
3736 2.776828582266336e-7
3737 2.7811544665015184e-7
3738 2.7757711398231897e-7
3739 2.776412019031736e-7
3740 2.777982145283899e-7
3741 2.7899984761207175e-7
3742 2.7947729556328807e-7
3743 2.8121565757354723e-7
3744 2.830853980185718e-7
3745 2.840755432248064e-7
3746 2.840755432248064e-7
3747 2.840755432248064e-7
3748 2.8482215689875724e-7
3749 2.8531883202076635e-7
3750 2.8532043392847633e-7
3751 2.8512657070293e-7
3752 2.851826472516891e-7
3753 2.855799863714054e-7
3754 2.854902648712818e-7
3755 2.859228526836182e-7
3756 2.860221868523654e-7
3757 2.8740646858526007e-7
3758 2.8740646858526007e-7
3759 2.8740646858526007e-7
3760 2.8740646858526007e-7
3761 2.8740646858526007e-7
3762 2.8740646858526007e-7
3763 2.8740646858526007e-7
3764 2.8740646858526007e-7
3765 2.8740646858526007e-7
3766 2.8740646858526007e-7
3767 2.8740646858526007e-7
3768 2.8740646858526007e-7
3769 2.8740646858526007e-7
3770 2.8740646858526007e-7
3771 2.8740646858526007e-7
3772 2.8740646858526007e-7
3773 2.8740646858526007e-7
3774 2.8740646858526007e-7
3775 2.8740646858526007e-7
3776 2.8803772656863644e-7
3777 2.8879555543010275e-7
3778 2.8889168639461186e-7
3779 2.8843506568835276e-7
3780 2.887939529112109e-7
3781 2.8900864521526006e-7
3782 2.889958275088528e-7
3783 2.88950966758791e-7
3784 2.8899262308225096e-7
3785 2.888227921394455e-7
3786 2.890422907778064e-7
3787 2.888420186990564e-7
3788 2.8880677122880005e-7
3789 2.89792108878359e-7
3790 2.9029519346475367e-7
3791 2.9050507943449107e-7
3792 2.918188631709637e-7
3793 2.9355562266233094e-7
3794 2.9343545941508093e-7
3795 2.933152961678309e-7
3796 2.934002113336427e-7
3797 2.936902049125163e-7
3798 2.9376710992859635e-7
3799 2.938600358553218e-7
3800 2.944095830994882e-7
3801 2.9573618515355003e-7
3802 2.9563845228133094e-7
3803 2.955967953466891e-7
3804 2.951818321862537e-7
3805 2.951241537297846e-7
3806 2.950007860559328e-7
3807 2.951818321862537e-7
3808 2.9510012083586185e-7
3809 2.954718263763092e-7
3810 2.9579065918341735e-7
3811 2.9548624599042646e-7
3812 2.9554552574342365e-7
3813 2.955375155936919e-7
3814 2.9555353711551914e-7
3815 2.9560160229218276e-7
3816 2.953997283057228e-7
3817 2.955951934389791e-7
3818 2.96396282365161e-7
3819 2.9703074477513923e-7
3820 2.9648760699535834e-7
3821 2.968993657291919e-7
3822 2.973031149244756e-7
3823 2.9705637896559006e-7
3824 2.9661097283566453e-7
3825 2.966702538110255e-7
3826 2.965500911749574e-7
3827 2.966974911315501e-7
3828 2.967615784412229e-7
3829 2.967599753111491e-7
3830 2.966990930392601e-7
3831 2.9668787785174464e-7
3832 2.9638987290077553e-7
3833 2.967583734034392e-7
3834 2.967583734034392e-7
3835 2.977501211285656e-7
3836 2.9786067048482826e-7
3837 2.9793597298201647e-7
3838 2.9794398435411195e-7
3839 2.977405078487601e-7
3840 2.9709803528905015e-7
3841 2.977853685988219e-7
3842 2.9808657797639284e-7
3843 2.9722781120492376e-7
3844 2.9722781120492376e-7
3845 2.982355804518774e-7
3846 2.985351873105565e-7
3847 2.9827723738651927e-7
3848 2.9800807105260286e-7
3849 2.978558647616984e-7
3850 2.9843425062291747e-7
3851 2.982371823595874e-7
3852 2.9831889370997925e-7
3853 2.983397221773002e-7
3854 2.9861850056865834e-7
3855 2.986297157561738e-7
3856 2.98584855006112e-7
3857 2.98642534073763e-7
3858 2.9866175941101017e-7
3859 2.988315909649975e-7
3860 2.9922412375040203e-7
3861 3.006180169295565e-7
3862 3.0149120392632476e-7
3863 3.0149120392632476e-7
3864 3.0149120392632476e-7
3865 3.0149120392632476e-7
3866 3.026431687032693e-7
3867 3.025181985105256e-7
3868 3.027953756053557e-7
3869 3.0325520012703475e-7
3870 3.028786882522756e-7
3871 3.031158109313557e-7
3872 3.029299578555411e-7
3873 3.032071349503712e-7
3874 3.031510584016121e-7
3875 3.026447706109794e-7
3876 3.027569230973158e-7
3877 3.019013607524485e-7
3878 3.020583746000286e-7
3879 3.0210483725780036e-7
3880 3.0210483725780036e-7
3881 3.0210483725780036e-7
3882 3.0210483725780036e-7
3883 3.0336414818676944e-7
3884 3.0336414818676944e-7
3885 3.0336414818676944e-7
3886 3.0336414818676944e-7
3887 3.0336414818676944e-7
3888 3.0336414818676944e-7
3889 3.0336414818676944e-7
3890 3.0336414818676944e-7
3891 3.0336414818676944e-7
3892 3.0336414818676944e-7
3893 3.0336414818676944e-7
3894 3.0336414818676944e-7
3895 3.0336414818676944e-7
3896 3.0336414818676944e-7
3897 3.0336414818676944e-7
3898 3.0336414818676944e-7
3899 3.0336414818676944e-7
3900 3.039297169527631e-7
3901 3.044199832215686e-7
3902 3.044199832215686e-7
3903 3.044199832215686e-7
3904 3.044199832215686e-7
3905 3.048685925557322e-7
3906 3.051938348272259e-7
3907 3.0496953046573503e-7
3908 3.0525311580258683e-7
3909 3.0525311580258683e-7
3910 3.0525311580258683e-7
3911 3.0551106633780594e-7
3912 3.057674143541332e-7
3913 3.057674143541332e-7
3914 3.057674143541332e-7
3915 3.057674143541332e-7
3916 3.057674143541332e-7
3917 3.057674143541332e-7
3918 3.057674143541332e-7
3919 3.0598370795471047e-7
3920 3.0598370795471047e-7
3921 3.0681523801683687e-7
3922 3.0721738408204685e-7
3923 3.07174125239695e-7
3924 3.07472130801846e-7
3925 3.072221910275405e-7
3926 3.075970997722259e-7
3927 3.0714208158485864e-7
3928 3.072350081227659e-7
3929 3.0754903520674414e-7
3930 3.0803930086436774e-7
3931 3.097392103665868e-7
3932 3.097392103665868e-7
3933 3.097392103665868e-7
3934 3.097392103665868e-7
3935 3.1029356394506506e-7
3936 3.104169316189169e-7
3937 3.104169316189169e-7
3938 3.107405719827006e-7
3939 3.107405719827006e-7
3940 3.107405719827006e-7
3941 3.107405719827006e-7
3942 3.107405719827006e-7
3943 3.107405719827006e-7
3944 3.107405719827006e-7
3945 3.107405719827006e-7
3946 3.107405719827006e-7
3947 3.107405719827006e-7
3948 3.107405719827006e-7
3949 3.107405719827006e-7
3950 3.107405719827006e-7
3951 3.107405719827006e-7
3952 3.107405719827006e-7
3953 3.1114432056680244e-7
3954 3.117243083357315e-7
3955 3.115592843384197e-7
3956 3.1221617651224696e-7
3957 3.1223059673754613e-7
3958 3.1187491333010794e-7
3959 3.121072290636943e-7
3960 3.121120353980061e-7
3961 3.1229147900943517e-7
3962 3.1257185991968515e-7
3963 3.121809290419906e-7
3964 3.1216330500127154e-7
3965 3.1232512457198154e-7
3966 3.122370049795679e-7
3967 3.127801433705307e-7
3968 3.13674158223438e-7
3969 3.14635464201438e-7
3970 3.14635464201438e-7
3971 3.14635464201438e-7
3972 3.14635464201438e-7
3973 3.14635464201438e-7
3974 3.14635464201438e-7
3975 3.14635464201438e-7
3976 3.14635464201438e-7
3977 3.14635464201438e-7
3978 3.14635464201438e-7
3979 3.14635464201438e-7
3980 3.1522826967677437e-7
3981 3.152763342422561e-7
3982 3.148501558943053e-7
3983 3.152635171470307e-7
3984 3.1501998622592886e-7
3985 3.1497993181017885e-7
3986 3.1544776770395345e-7
3987 3.1554069424186074e-7
3988 3.155807480464289e-7
3989 3.1516898870141344e-7
3990 3.158018485924998e-7
3991 3.1490623183188254e-7
3992 3.165052046464626e-7
3993 3.16479569233648e-7
3994 3.164699565650244e-7
3995 3.163369756113671e-7
3996 3.1638183636142893e-7
3997 3.1707397722787626e-7
3998 3.173255195210736e-7
3999 3.172325929831663e-7
4000 3.178253990696846e-7
4001 3.174408764340118e-7
4002 3.1745209162152725e-7
4003 3.171829258987927e-7
4004 3.173431435617927e-7
4005 3.170355259422e-7
4006 3.1715408667055814e-7
4007 3.172502170238854e-7
4008 3.1732391700218175e-7
4009 3.1756424410786365e-7
4010 3.173559618793819e-7
4011 3.176203206566228e-7
4012 3.1745850047473094e-7
4013 3.1676956464606734e-7
4014 3.169490088686783e-7
4015 3.170787847845519e-7
4016 3.1697945000462283e-7
4017 3.166029381298637e-7
4018 3.166029381298637e-7
4019 3.166029381298637e-7
4020 3.166029381298637e-7
4021 3.166029381298637e-7
4022 3.173239182245456e-7
4023 3.1754822258603646e-7
4024 3.1754822258603646e-7
4025 3.1761871813773096e-7
4026 3.179679926919655e-7
4027 3.181073818876446e-7
4028 3.182836216836537e-7
4029 3.185207443627338e-7
4030 3.184454412543637e-7
4031 3.179920255858883e-7
4032 3.181490388222865e-7
4033 3.185111310829283e-7
4034 3.183525153276383e-7
4035 3.1859764815645005e-7
4036 3.1861046586285733e-7
4037 3.186873696565736e-7
4038 3.186344981455982e-7
4039 3.188347702243482e-7
4040 3.186521221863173e-7
4041 3.1827561031155817e-7
4042 3.18014456572101e-7
4043 3.178974965290891e-7
4044 3.178974965290891e-7
4045 3.178974965290891e-7
4046 3.185511848874964e-7
4047 3.1885720059937914e-7
4048 3.1862007792029907e-7
4049 3.1879471519741634e-7
4050 3.1857201274363544e-7
4051 3.1854477603429277e-7
4052 3.1856240007501185e-7
4053 3.1867615446905817e-7
4054 3.1873863925983905e-7
4055 3.191936574472063e-7
4056 3.194564143167372e-7
4057 3.196679015830027e-7
4058 3.1935547762909817e-7
4059 3.1904946191721544e-7
4060 3.191039359470827e-7
4061 3.190462568794317e-7
4062 3.1908310747976175e-7
4063 3.192369162895581e-7
4064 3.191840441674008e-7
4065 3.1939713456373997e-7
4066 3.191520011237463e-7
4067 3.19099129001589e-7
4068 3.1869538102866904e-7
4069 3.1904625687943165e-7
4070 3.1917122707217533e-7
4071 3.1917122707217533e-7
4072 3.199114331152863e-7
4073 3.198713786995363e-7
4074 3.198217110039808e-7
4075 3.198489483245054e-7
4076 3.197335914115672e-7
4077 3.193314453463572e-7
4078 3.2040971014500537e-7
4079 3.2040971014500537e-7
4080 3.2137422116078907e-7
4081 3.215728907206472e-7
4082 3.2127328325078625e-7
4083 3.212524553946472e-7
4084 3.210185377533509e-7
4085 3.210057200469436e-7
4086 3.208711371855763e-7
4087 3.2138063001399276e-7
4088 3.2215608291617815e-7
4089 3.224076245981936e-7
4090 3.224717119078664e-7
4091 3.2333528501364727e-7
4092 3.2420526697263184e-7
4093 3.2420526697263184e-7
4094 3.2420526697263184e-7
4095 3.2420526697263184e-7
4096 3.2420526697263184e-7
4097 3.2420526697263184e-7
4098 3.2420526697263184e-7
4099 3.2420526697263184e-7
4100 3.2420526697263184e-7
4101 3.2420526697263184e-7
4102 3.2420526697263184e-7
4103 3.2420526697263184e-7
4104 3.2420526697263184e-7
4105 3.2420526697263184e-7
4106 3.2420526697263184e-7
4107 3.2420526697263184e-7
4108 3.2420526697263184e-7
4109 3.2420526697263184e-7
4110 3.2518259508364095e-7
4111 3.2518259508364095e-7
4112 3.2518259508364095e-7
4113 3.2518259508364095e-7
4114 3.2518259508364095e-7
4115 3.2518259508364095e-7
4116 3.2518259508364095e-7
4117 3.2518259508364095e-7
4118 3.2637140984973366e-7
4119 3.267735565261255e-7
4120 3.2647875539057635e-7
4121 3.259965011050483e-7
4122 3.2674311477899915e-7
4123 3.268953222922674e-7
4124 3.2725901584943736e-7
4125 3.2706034628957923e-7
4126 3.2700587164853005e-7
4127 3.274160290858355e-7
4128 3.272109506727737e-7
4129 3.272862531699619e-7
4130 3.2746890059681093e-7
4131 3.2734713605303286e-7
4132 3.2725581142283554e-7
4133 3.272173589147955e-7
4134 3.2692736533592194e-7
4135 3.271196266537583e-7
4136 3.2644190601261013e-7
4137 3.2635378580901464e-7
4138 3.263601946622183e-7
4139 3.26626155958351e-7
4140 3.262512472136656e-7
4141 3.262512472136656e-7
4142 3.262512472136656e-7
4143 3.262512472136656e-7
4144 3.262512472136656e-7
4145 3.262512472136656e-7
4146 3.262512472136656e-7
4147 3.262512472136656e-7
4148 3.262512472136656e-7
4149 3.262512472136656e-7
4150 3.262512472136656e-7
4151 3.262512472136656e-7
4152 3.262512472136656e-7
4153 3.262512472136656e-7
4154 3.2659411291469654e-7
4155 3.264563250155456e-7
4156 3.263778187029374e-7
4157 3.263778187029374e-7
4158 3.263778187029374e-7
4159 3.2675272805880466e-7
4160 3.2675272805880466e-7
4161 3.2675272805880466e-7
4162 3.2675272805880466e-7
4163 3.2675272805880466e-7
4164 3.2675272805880466e-7
4165 3.2675272805880466e-7
4166 3.2675272805880466e-7
4167 3.2675272805880466e-7
4168 3.2675272805880466e-7
4169 3.2675272805880466e-7
4170 3.2751376195805465e-7
4171 3.274913315830238e-7
4172 3.2726222027603924e-7
4173 3.2774287326503924e-7
4174 3.2844783000434827e-7
4175 3.288692026291692e-7
4176 3.2899257030302105e-7
4177 3.2970073208011376e-7
4178 3.298593478354038e-7
4179 3.296366453816229e-7
4180 3.29373888512092e-7
4181 3.2893969879204563e-7
4182 3.289621291670765e-7
4183 3.293578669902647e-7
4184 3.293001879226137e-7
4185 3.295228909875765e-7
4186 3.297696257240983e-7
4187 3.298641547808974e-7
4188 3.303448077698974e-7
4189 3.3109142144384823e-7
4190 3.305787254111937e-7
4191 3.30352818530811e-7
4192 3.307838038242555e-7
4193 3.3051463871270284e-7
4194 3.3063960768308274e-7
4195 3.305434773297555e-7
4196 3.30472981778061e-7
4197 3.304104969872801e-7
4198 3.30594746933021e-7
4199 3.304473469764283e-7
4200 3.3042812041681733e-7
4201 3.306588342426937e-7
4202 3.3038165775904555e-7
4203 3.304056900417864e-7
4204 3.306107690660301e-7
4205 3.3046336849825553e-7
4206 3.3043933560433276e-7
4207 3.3142467447625555e-7
4208 3.308414822807246e-7
4209 3.3101612016902375e-7
4210 3.308575044137337e-7
4211 3.310834112941164e-7
4212 3.3182361672604546e-7
4213 3.3284900940253634e-7
4214 3.3411953613020277e-7
4215 3.342044512960146e-7
4216 3.348132789043601e-7
4217 3.34675491616391e-7
4218 3.34675491616391e-7
4219 3.34675491616391e-7
4220 3.34675491616391e-7
4221 3.34675491616391e-7
4222 3.34675491616391e-7
4223 3.34675491616391e-7
4224 3.34675491616391e-7
4225 3.34675491616391e-7
4226 3.348405156137028e-7
4227 3.348405156137028e-7
4228 3.3543812742335096e-7
4229 3.354205033826319e-7
4230 3.354205033826319e-7
4231 3.361543005725392e-7
4232 3.364939612357864e-7
4233 3.368945053932864e-7
4234 3.3643307896389734e-7
4235 3.368512471621164e-7
4236 3.3695218384975546e-7
4237 3.3634656127919364e-7
4238 3.3624562398037273e-7
4239 3.362472258880827e-7
4240 3.3593960826849e-7
4241 3.361046322658018e-7
4242 3.3628407648841276e-7
4243 3.3640423912448085e-7
4244 3.3661252257532636e-7
4245 3.3686085983074e-7
4246 3.3656926373297454e-7
4247 3.3677754718382004e-7
4248 3.3674229849119997e-7
4249 3.367198681161691e-7
4250 3.3642346568409183e-7
4251 3.365115858876873e-7
4252 3.366766092738172e-7
4253 3.371700799692245e-7
4254 3.3769719622717816e-7
4255 3.3825955995538816e-7
4256 3.3956373224560095e-7
4257 3.3956373224560095e-7
4258 3.3956373224560095e-7
4259 3.3956373224560095e-7
4260 3.3956373224560095e-7
4261 3.3956373224560095e-7
4262 3.3956373224560095e-7
4263 3.3956373224560095e-7
4264 3.3956373224560095e-7
4265 3.3956373224560095e-7
4266 3.3956373224560095e-7
4267 3.3956373224560095e-7
4268 3.3956373224560095e-7
4269 3.3956373224560095e-7
4270 3.3956373224560095e-7
4271 3.3956373224560095e-7
4272 3.3956373224560095e-7
4273 3.4004438523460096e-7
4274 3.4004438523460096e-7
4275 3.4044492939210096e-7
4276 3.4044492939210096e-7
4277 3.4090155009836006e-7
4278 3.4146391321538814e-7
4279 3.4150717205773996e-7
4280 3.409752500766564e-7
4281 3.408086235604527e-7
4282 3.411707152099127e-7
4283 3.4081983874796815e-7
4284 3.4081983874796815e-7
4285 3.414478923047427e-7
4286 3.416994339867582e-7
4287 3.417170574162954e-7
4288 3.413709878998446e-7
4289 3.413709878998446e-7
4290 3.413709878998446e-7
4291 3.4143507520951735e-7
4292 3.4146231253004194e-7
4293 3.4146231253004194e-7
4294 3.4146231253004194e-7
4295 3.4146231253004194e-7
4296 3.41842028220221e-7
4297 3.4224737932321465e-7
4298 3.426559336304464e-7
4299 3.428770341765173e-7
4300 3.422858312200728e-7
4301 3.423611331060791e-7
4302 3.4215765660072726e-7
4303 3.42080752807011e-7
4304 3.4205671930190636e-7
4305 3.420503110598846e-7
4306 3.4252455519568095e-7
4307 3.423963817986992e-7
4308 3.4218168949465003e-7
4309 3.4224737932321465e-7
4310 3.4226660466046184e-7
4311 3.423563267717673e-7
4312 3.4233229448902646e-7
4313 3.422025173507891e-7
4314 3.4233710082333826e-7
4315 3.4239638179869923e-7
4316 3.427728924510946e-7
4317 3.4251654443476733e-7
4318 3.427696880244928e-7
4319 3.427712905433846e-7
4320 3.4344580675793096e-7
4321 3.454549363986346e-7
4322 3.454549363986346e-7
4323 3.454549363986346e-7
4324 3.454549363986346e-7
4325 3.454549363986346e-7
4326 3.454549363986346e-7
4327 3.454549363986346e-7
4328 3.454549363986346e-7
4329 3.454549363986346e-7
4330 3.454549363986346e-7
4331 3.454549363986346e-7
4332 3.454549363986346e-7
4333 3.454549363986346e-7
4334 3.454549363986346e-7
4335 3.454549363986346e-7
4336 3.454549363986346e-7
4337 3.454549363986346e-7
4338 3.454549363986346e-7
4339 3.454549363986346e-7
4340 3.454549363986346e-7
4341 3.454549363986346e-7
4342 3.454549363986346e-7
4343 3.454549363986346e-7
4344 3.454549363986346e-7
4345 3.454549363986346e-7
4346 3.454549363986346e-7
4347 3.454549363986346e-7
4348 3.454549363986346e-7
4349 3.454549363986346e-7
4350 3.454549363986346e-7
4351 3.454549363986346e-7
4352 3.454549363986346e-7
4353 3.454549363986346e-7
4354 3.454549363986346e-7
4355 3.454549363986346e-7
4356 3.454549363986346e-7
4357 3.454549363986346e-7
4358 3.454549363986346e-7
4359 3.454549363986346e-7
4360 3.454549363986346e-7
4361 3.454549363986346e-7
4362 3.454549363986346e-7
4363 3.454549363986346e-7
4364 3.454549363986346e-7
4365 3.454549363986346e-7
4366 3.454549363986346e-7
4367 3.454549363986346e-7
4368 3.454549363986346e-7
4369 3.454549363986346e-7
4370 3.454549363986346e-7
4371 3.454549363986346e-7
4372 3.454549363986346e-7
4373 3.454549363986346e-7
4374 3.454549363986346e-7
4375 3.454549363986346e-7
4376 3.4596442800468725e-7
4377 3.459307824421409e-7
4378 3.462432076184091e-7
4379 3.4624641143382907e-7
4380 3.4621596968670266e-7
4381 3.4606536591469e-7
4382 3.459644280046872e-7
4383 3.459644280046872e-7
4384 3.459644280046872e-7
4385 3.459644280046872e-7
4386 3.4624160509951727e-7
4387 3.469593807675973e-7
4388 3.4676071059655726e-7
4389 3.465636423332272e-7
4390 3.4738395720783815e-7
4391 3.4711639400399545e-7
4392 3.473022458574463e-7
4393 3.473423002731963e-7
4394 3.4736633377830094e-7
4395 3.473743439280327e-7
4396 3.468392169091654e-7
4397 3.462384006729154e-7
4398 3.46286465849579e-7
4399 3.4632812278422087e-7
4400 3.4630248859377004e-7
4401 3.464098341346127e-7
4402 3.4642104932212816e-7
4403 3.469193257406654e-7
4404 3.46246411433829e-7
4405 3.4672386060740907e-7
4406 3.4660529926786903e-7
4407 3.465572340912054e-7
4408 3.4671584984649545e-7
4409 3.4675750616995544e-7
4410 3.468167865341345e-7
4411 3.4676231250426723e-7
4412 3.4672386060740907e-7
4413 3.467703238763627e-7
4414 3.4682800172164993e-7
4415 3.468824763626991e-7
4416 3.4669662328688453e-7
4417 3.467382802215264e-7
4418 3.466485581102209e-7
4419 3.467959580668136e-7
4420 3.466757948195636e-7
4421 3.4664535368361904e-7
4422 3.4696899343622085e-7
4423 3.468792713249154e-7
4424 3.4710678072418994e-7
4425 3.4728302052019906e-7
4426 3.473839572078381e-7
4427 3.474656679470481e-7
4428 3.4744484009090906e-7
4429 3.473102566183599e-7
4430 3.4671745175420543e-7
4431 3.465876758383318e-7
4432 3.4639541390931355e-7
4433 3.4661811636309445e-7
4434 3.4662612773518993e-7
4435 3.473967743030635e-7
4436 3.476803596399153e-7
4437 3.4796875192226084e-7
4438 3.496766721853936e-7
4439 3.496766721853936e-7
4440 3.496766721853936e-7
4441 3.496766721853936e-7
4442 3.496766721853936e-7
4443 3.496766721853936e-7
4444 3.496766721853936e-7
4445 3.496766721853936e-7
4446 3.496766721853936e-7
4447 3.496766721853936e-7
4448 3.496766721853936e-7
4449 3.496766721853936e-7
4450 3.496766721853936e-7
4451 3.496766721853936e-7
4452 3.496766721853936e-7
4453 3.496766721853936e-7
4454 3.496766721853936e-7
4455 3.496766721853936e-7
4456 3.496766721853936e-7
4457 3.5010445366341817e-7
4458 3.504969864488227e-7
4459 3.502198105763564e-7
4460 3.5043289975033183e-7
4461 3.5043289975033183e-7
4462 3.5063637686686554e-7
4463 3.5098885523652005e-7
4464 3.512227728778164e-7
4465 3.5204148523353546e-7
4466 3.5219369152443995e-7
4467 3.522609826495326e-7
4468 3.5263749391310985e-7
4469 3.5297555327982897e-7
4470 3.524981047174308e-7
4471 3.524981047174308e-7
4472 3.524981047174308e-7
4473 3.524981047174308e-7
4474 3.524981047174308e-7
4475 3.524981047174308e-7
4476 3.524981047174308e-7
4477 3.524981047174308e-7
4478 3.524981047174308e-7
4479 3.524981047174308e-7
4480 3.524981047174308e-7
4481 3.524981047174308e-7
4482 3.524981047174308e-7
4483 3.524981047174308e-7
4484 3.524981047174308e-7
4485 3.524981047174308e-7
4486 3.524981047174308e-7
4487 3.524981047174308e-7
4488 3.524981047174308e-7
4489 3.524981047174308e-7
4490 3.524981047174308e-7
4491 3.524981047174308e-7
4492 3.531069311034125e-7
4493 3.53233503815048e-7
4494 3.5362283217385067e-7
4495 3.532142778666189e-7
4496 3.540826573067116e-7
4497 3.54194809793048e-7
4498 3.5451844893446793e-7
4499 3.5452966412198337e-7
4500 3.5440469454042156e-7
4501 3.5467706407857606e-7
4502 3.5536119357292786e-7
4503 3.5669100127595527e-7
4504 3.5669100127595527e-7
4505 3.5637376976537523e-7
4506 3.576987705229089e-7
4507 3.5736391497160976e-7
4508 3.5736391497160976e-7
4509 3.5736391497160976e-7
4510 3.5736391497160976e-7
4511 3.5736391497160976e-7
4512 3.5736391497160976e-7
4513 3.5736391497160976e-7
4514 3.5736391497160976e-7
4515 3.5736391497160976e-7
4516 3.5736391497160976e-7
4517 3.5736391497160976e-7
4518 3.5736391497160976e-7
4519 3.5736391497160976e-7
4520 3.58783442952397e-7
4521 3.5865046260992157e-7
4522 3.587786366180852e-7
4523 3.5875941066965614e-7
4524 3.5875941066965614e-7
4525 3.5875941066965614e-7
4526 3.5875941066965614e-7
4527 3.5875941066965614e-7
4528 3.5875941066965614e-7
4529 3.5875941066965614e-7
4530 3.5813616405837525e-7
4531 3.5826433867772074e-7
4532 3.5826433867772074e-7
4533 3.5826433867772074e-7
4534 3.5826433867772074e-7
4535 3.5885554163416525e-7
4536 3.5885554163416525e-7
4537 3.5981204127785347e-7
4538 3.600059045033998e-7
4539 3.600043025956898e-7
4540 3.600043025956898e-7
4541 3.600043025956898e-7
4542 3.6029750121234714e-7
4543 3.6029750121234714e-7
4544 3.60922349731338e-7
4545 3.6106814778022073e-7
4546 3.605250106116217e-7
4547 3.609447801063689e-7
4548 3.606595928618071e-7
4549 3.606595928618071e-7
4550 3.610425135897699e-7
4551 3.608646718860508e-7
4552 3.6129085084518354e-7
4553 3.6155040328811263e-7
4554 3.617330513261435e-7
4555 3.610184806958472e-7
4556 3.60782960535659e-7
4557 3.60782960535659e-7
4558 3.60782960535659e-7
4559 3.60782960535659e-7
4560 3.60782960535659e-7
4561 3.60782960535659e-7
4562 3.60782960535659e-7
4563 3.60782960535659e-7
4564 3.60782960535659e-7
4565 3.60782960535659e-7
4566 3.60782960535659e-7
4567 3.60782960535659e-7
4568 3.6163531845392444e-7
4569 3.6193011897829173e-7
4570 3.621880701246927e-7
4571 3.6259181809761266e-7
4572 3.6227138277161267e-7
4573 3.6204547589122995e-7
4574 3.620310562771127e-7
4575 3.6183238671725456e-7
4576 3.617106209511127e-7
4577 3.617106209511127e-7
4578 3.617106209511127e-7
4579 3.626222592335572e-7
4580 3.626527009806836e-7
4581 3.6303081476315273e-7
4582 3.632182697466773e-7
4583 3.6308368627412815e-7
4584 3.626478946463718e-7
4585 3.633160020077145e-7
4586 3.6337367985300173e-7
4587 3.632775494996745e-7
4588 3.6354671522240903e-7
4589 3.656567815507517e-7
4590 3.656567815507517e-7
4591 3.656567815507517e-7
4592 3.656567815507517e-7
4593 3.656567815507517e-7
4594 3.656567815507517e-7
4595 3.656567815507517e-7
4596 3.656567815507517e-7
4597 3.656567815507517e-7
4598 3.656567815507517e-7
4599 3.656567815507517e-7
4600 3.656567815507517e-7
4601 3.656567815507517e-7
4602 3.656567815507517e-7
4603 3.656567815507517e-7
4604 3.6644345025163444e-7
4605 3.6658924891169907e-7
4606 3.665812375396036e-7
4607 3.6668377674613447e-7
4608 3.6671742230868084e-7
4609 3.6682316655299546e-7
4610 3.6672703558848635e-7
4611 3.666325071428691e-7
4612 3.666725609474372e-7
4613 3.669176943874309e-7
4614 3.6696575956409454e-7
4615 3.6604130418642457e-7
4616 3.657689340370882e-7
4617 3.6598202321106365e-7
4618 3.6598202321106365e-7
4619 3.669016722544218e-7
4620 3.671644297351346e-7
4621 3.6747685430022096e-7
4622 3.6752331695799274e-7
4623 3.672541512352582e-7
4624 3.6734387334656366e-7
4625 3.675906080830854e-7
4626 3.686720773083354e-7
4627 3.700547546887926e-7
4628 3.7076932715263457e-7
4629 3.706764006147273e-7
4630 3.715271560141009e-7
4631 3.7162969522063176e-7
4632 3.7049054753891265e-7
4633 3.7100644860935086e-7
4634 3.712980453182982e-7
4635 3.7127401181319356e-7
4636 3.714182079543663e-7
4637 3.714005839136472e-7
4638 3.7135251934816546e-7
4639 3.713124643212336e-7
4640 3.7130445356032e-7
4641 3.712339580086255e-7
4642 3.7131246432123364e-7
4643 3.7164091040814725e-7
4644 3.7170499771782e-7
4645 3.7147428389194364e-7
4646 3.7138776681842186e-7
4647 3.713605301090792e-7
4648 3.714710800765237e-7
4649 3.717995261634373e-7
4650 3.718523976744127e-7
4651 3.7189565651676454e-7
4652 3.714694775576318e-7
4653 3.714566604624064e-7
4654 3.711650643646409e-7
4655 3.7130445356032e-7
4656 3.711570529925454e-7
4657 3.712643997557519e-7
4658 3.7144384336718096e-7
4659 3.7110257896267816e-7
4660 3.7111539666908544e-7
4661 3.7086225246817813e-7
4662 3.7086225246817813e-7
4663 3.712948402805145e-7
4664 3.715575977612273e-7
4665 3.714983167858663e-7
4666 3.7166654520977994e-7
4667 3.719789697748663e-7
4668 3.7241956773693445e-7
4669 3.722032747475391e-7
4670 3.722897918210609e-7
4671 3.724500094840609e-7
4672 3.7239553545419365e-7
4673 3.7230581395407005e-7
4674 3.7241636392151455e-7
4675 3.7235548103844365e-7
4676 3.723570835573355e-7
4677 3.724900638998109e-7
4678 3.725974094406536e-7
4679 3.7279928342711355e-7
4680 3.7426367399150823e-7
4681 3.755966848987737e-7
4682 3.755966848987737e-7
4683 3.755966848987737e-7
4684 3.755966848987737e-7
4685 3.755966848987737e-7
4686 3.755966848987737e-7
4687 3.755966848987737e-7
4688 3.755966848987737e-7
4689 3.762199315100546e-7
4690 3.762199315100546e-7
4691 3.762199315100546e-7
4692 3.762199315100546e-7
4693 3.762199315100546e-7
4694 3.762199315100546e-7
4695 3.762199315100546e-7
4696 3.762199315100546e-7
4697 3.762199315100546e-7
4698 3.762199315100546e-7
4699 3.762199315100546e-7
4700 3.7672942372728915e-7
4701 3.768736198684619e-7
4702 3.7694731984675826e-7
4703 3.767614667709437e-7
4704 3.769505236621782e-7
4705 3.775481360830083e-7
4706 3.7698897617021824e-7
4707 3.7730140012412275e-7
4708 3.7795508848253005e-7
4709 3.7792785116200546e-7
4710 3.783524282134282e-7
4711 3.781858023084064e-7
4712 3.7793426001520905e-7
4713 3.781457472814745e-7
4714 3.780608321156627e-7
4715 3.7791503406678e-7
4716 3.7770354680051453e-7
4717 3.775897917952863e-7
4718 3.7775641831148995e-7
4719 3.7723891533334176e-7
4720 3.7723891533334176e-7
4721 3.7723891533334176e-7
4722 3.7723891533334176e-7
4723 3.7723891533334176e-7
4724 3.7723891533334176e-7
4725 3.778877967462554e-7
4726 3.778877967462554e-7
4727 3.7798713213736633e-7
4728 3.7828994281146533e-7
4729 3.7856872242518725e-7
4730 3.7937782150110086e-7
4731 3.8097198737018724e-7
4732 3.822617400462827e-7
4733 3.822617400462827e-7
4734 3.822617400462827e-7
4735 3.822617400462827e-7
4736 3.822617400462827e-7
4737 3.822617400462827e-7
4738 3.822617400462827e-7
4739 3.822617400462827e-7
4740 3.831044846847427e-7
4741 3.836476218533417e-7
4742 3.8426766587156645e-7
4743 3.843718069858073e-7
4744 3.8451760564587194e-7
4745 3.838286692060264e-7
4746 3.837934211245882e-7
4747 3.835498908146683e-7
4748 3.8386551980635647e-7
4749 3.8433015066234733e-7
4750 3.840161235783691e-7
4751 3.839632520673937e-7
4752 3.8415551338523005e-7
4753 3.8497422635213104e-7
4754 3.8491494537677006e-7
4755 3.849389776595109e-7
4756 3.8486047134690275e-7
4757 3.849373763629828e-7
4758 3.8524980092806917e-7
4759 3.852081439934273e-7
4760 3.852257680341464e-7
4761 3.850687547977482e-7
4762 3.8525781168898274e-7
4763 3.8634889358285636e-7
4764 3.864706593489982e-7
4765 3.866485010527173e-7
4766 3.863072372593964e-7
4767 3.855910641102082e-7
4768 3.855910641102082e-7
4769 3.855910641102082e-7
4770 3.859050911941864e-7
4771 3.859451456099364e-7
4772 3.8618867653103826e-7
4773 3.862046986640474e-7
4774 3.866212637321928e-7
4775 3.867558472047419e-7
4776 3.865619839791956e-7
4777 3.8660363969147365e-7
4778 3.866260712888683e-7
4779 3.864802726288037e-7
4780 3.868119231423191e-7
4781 3.8671098645468006e-7
4782 3.870154002588528e-7
4783 3.875152785851e-7
4784 3.8908060583713374e-7
4785 3.8908060583713374e-7
4786 3.8908060583713374e-7
4787 3.8908060583713374e-7
4788 3.8908060583713374e-7
4789 3.8908060583713374e-7
4790 3.8963175437782824e-7
4791 3.8963175437782824e-7
4792 3.8963175437782824e-7
4793 3.9040880979890547e-7
4794 3.900899769917973e-7
4795 3.900899769917973e-7
4796 3.9071802932620816e-7
4797 3.9019251619832826e-7
4798 3.9019251619832826e-7
4799 3.9019251619832826e-7
4800 3.9019251619832826e-7
4801 3.9019251619832826e-7
4802 3.9019251619832826e-7
4803 3.90415219263291e-7
4804 3.90415219263291e-7
4805 3.90415219263291e-7
4806 3.9147425750232827e-7
4807 3.9142138599135284e-7
4808 3.9134608349416463e-7
4809 3.9124033986103193e-7
4810 3.915046992494547e-7
4811 3.916328732576183e-7
4812 3.911874683500565e-7
4813 3.9162005555121103e-7
4814 3.9163127073872647e-7
4815 3.9188761997741746e-7
4816 3.919917617028402e-7
4817 3.9170497132820465e-7
4818 3.915335384776892e-7
4819 3.915335384776892e-7
4820 3.9281688168939917e-7
4821 3.924419723335319e-7
4822 3.920910958715874e-7
4823 3.919965674259701e-7
4824 3.9281848359710915e-7
4825 3.9317897333885914e-7
4826 3.9310367145285285e-7
4827 3.9553577623726926e-7
4828 3.9501186379473557e-7
4829 3.9501186379473557e-7
4830 3.9501186379473557e-7
4831 3.9501186379473557e-7
4832 3.9501186379473557e-7
4833 3.9501186379473557e-7
4834 3.9501186379473557e-7
4835 3.9501186379473557e-7
4836 3.9501186379473557e-7
4837 3.9501186379473557e-7
4838 3.9501186379473557e-7
4839 3.9501186379473557e-7
4840 3.9501186379473557e-7
4841 3.9501186379473557e-7
4842 3.9501186379473557e-7
4843 3.9501186379473557e-7
4844 3.9501186379473557e-7
4845 3.9501186379473557e-7
4846 3.9501186379473557e-7
4847 3.9501186379473557e-7
4848 3.9501186379473557e-7
4849 3.9501186379473557e-7
4850 3.9501186379473557e-7
4851 3.9501186379473557e-7
4852 3.9518169473754105e-7
4853 3.9540439719132195e-7
4854 3.9613979628893924e-7
4855 3.9633686332990553e-7
4856 3.9623272221566467e-7
4857 3.959331147458037e-7
4858 3.96026041283711e-7
4859 3.9567997115607827e-7
4860 3.960308476180228e-7
4861 3.956927882513037e-7
4862 3.958562109520874e-7
4863 3.958562109520874e-7
4864 3.958562109520874e-7
4865 3.958562109520874e-7
4866 3.9623913168005017e-7
4867 3.9636890820710565e-7
4868 3.9664928911735563e-7
4869 3.9681911944897925e-7
4870 3.970530370902756e-7
4871 3.969809396308711e-7
4872 3.968928200384575e-7
4873 3.9667332140009654e-7
4874 3.9650188916076294e-7
4875 3.965323302967075e-7
4876 3.96485866416572e-7
4877 3.964698455059266e-7
4878 3.9642498414468294e-7
4879 3.9647785565565836e-7
4880 3.9633526264455934e-7
4881 3.9611256019077844e-7
4882 3.96043665935612e-7
4883 3.963689082071057e-7
4884 3.9635769301959026e-7
4885 3.963624987427202e-7
4886 3.9706265037008115e-7
4887 3.9712833958746385e-7
4888 3.972372876471984e-7
4889 3.968399479163002e-7
4890 3.9706905861210287e-7
4891 3.968175175412693e-7
4892 3.972244699407911e-7
4893 3.969617130712602e-7
4894 3.9702419786204107e-7
4895 3.9703701556844835e-7
4896 3.970209940466211e-7
4897 3.968367434896984e-7
4898 3.9668133277219207e-7
4899 3.971523718702047e-7
4900 3.9736546226654387e-7
4901 3.971283395874638e-7
4902 3.9704502632936197e-7
4903 3.970610484623711e-7
4904 3.9681751754126927e-7
4905 3.969857459651829e-7
4906 3.9708508074511197e-7
4907 3.9654194235414917e-7
4908 3.971972332314483e-7
4909 3.963000139519392e-7
4910 3.9644741451971376e-7
4911 3.965515556339546e-7
4912 3.965307271666337e-7
4913 3.9610454881868285e-7
4914 3.9631923990036827e-7
4915 3.966460840795719e-7
4916 3.9671337642702835e-7
4917 3.972420939815101e-7
4918 3.970482307559638e-7
4919 3.968335390630965e-7
4920 3.9686237829133107e-7
4921 3.967422144328992e-7
4922 3.9620388359861197e-7
4923 3.975272818372538e-7
4924 3.97243696500402e-7
4925 3.97243696500402e-7
4926 3.97243696500402e-7
4927 3.97243696500402e-7
4928 3.974087211088957e-7
4929 3.974087211088957e-7
4930 3.974087211088957e-7
4931 3.974087211088957e-7
4932 3.974087211088957e-7
4933 3.974087211088957e-7
4934 3.974087211088957e-7
4935 3.974087211088957e-7
4936 3.974087211088957e-7
4937 3.974087211088957e-7
4938 3.974087211088957e-7
4939 3.974087211088957e-7
4940 3.974087211088957e-7
4941 3.974087211088957e-7
4942 3.981953904209603e-7
4943 3.98182572714553e-7
4944 3.986055472470839e-7
4945 3.9811367907056845e-7
4946 3.9809605564103123e-7
4947 3.9803517275796033e-7
4948 3.9852543841558393e-7
4949 3.9880101238034026e-7
4950 4.0133085003697576e-7
4951 4.0133085003697576e-7
4952 4.010168235641794e-7
4953 4.010616843142412e-7
4954 4.010616843142412e-7
4955 4.0173620052878756e-7
4956 4.012411279256703e-7
4957 4.012411279256703e-7
4958 4.0183393340100664e-7
4959 4.020422162406703e-7
4960 4.0241712559653754e-7
4961 4.024908255748339e-7
4962 4.0281927227292943e-7
4963 4.037917934384449e-7
4964 4.052065156961022e-7
4965 4.052065156961022e-7
4966 4.052065156961022e-7
4967 4.052065156961022e-7
4968 4.052065156961022e-7
4969 4.052065156961022e-7
4970 4.052065156961022e-7
4971 4.052065156961022e-7
4972 4.052065156961022e-7
4973 4.052065156961022e-7
4974 4.052065156961022e-7
4975 4.052065156961022e-7
4976 4.052065156961022e-7
4977 4.052065156961022e-7
4978 4.052065156961022e-7
4979 4.052065156961022e-7
4980 4.052065156961022e-7
4981 4.052065156961022e-7
4982 4.052065156961022e-7
4983 4.052065156961022e-7
4984 4.052065156961022e-7
4985 4.052065156961022e-7
4986 4.052065156961022e-7
4987 4.052065156961022e-7
4988 4.052065156961022e-7
4989 4.052065156961022e-7
4990 4.056134674844421e-7
4991 4.056134674844421e-7
4992 4.0608290528592666e-7
4993 4.0603964644357484e-7
4994 4.056919744082321e-7
4995 4.058441806991366e-7
4996 4.0566473708770753e-7
4997 4.0566473708770753e-7
4998 4.0566473708770753e-7
4999 4.0566473708770753e-7
5000 4.0566473708770753e-7
5001 4.0566473708770753e-7
5002 4.0566473708770753e-7
5003 4.0586340664756566e-7
5004 4.062078748674884e-7
5005 4.062078748674884e-7
5006 4.062078748674884e-7
5007 4.074591750355439e-7
5008 4.0772834014709656e-7
5009 4.07877343233763e-7
5010 4.076786736739049e-7
5011 4.077139211441612e-7
5012 4.079702691604885e-7
5013 4.077555774676212e-7
5014 4.076177901796521e-7
5015 4.076177901796521e-7
5016 4.076177901796521e-7
5017 4.076177901796521e-7
5018 4.076177901796521e-7
5019 4.08202584282893e-7
5020 4.0794142932107205e-7
5021 4.084653411524239e-7
5022 4.087329055786303e-7
5023 4.0909339470919845e-7
5024 4.092327851272413e-7
5025 4.089459953637876e-7
5026 4.102069075892848e-7
5027 4.1017646645334027e-7
5028 4.1016525126582483e-7
5029 4.106298821218157e-7
5030 4.1104484650461486e-7
5031 4.124884079905067e-7
5032 4.124884079905067e-7
5033 4.124884079905067e-7
5034 4.124884079905067e-7
5035 4.124884079905067e-7
5036 4.124884079905067e-7
5037 4.124884079905067e-7
5038 4.124884079905067e-7
5039 4.124884079905067e-7
5040 4.124884079905067e-7
5041 4.124884079905067e-7
5042 4.124884079905067e-7
5043 4.124884079905067e-7
5044 4.124884079905067e-7
5045 4.124884079905067e-7
5046 4.124884079905067e-7
5047 4.124884079905067e-7
5048 4.124884079905067e-7
5049 4.124884079905067e-7
5050 4.124884079905067e-7
5051 4.1392075367770124e-7
5052 4.1448792374022303e-7
5053 4.1459687241113947e-7
5054 4.149733836747167e-7
5055 4.149189090336675e-7
5056 4.1461609835956853e-7
5057 4.146481420144049e-7
5058 4.1486123118838035e-7
5059 4.143533414900377e-7
5060 4.1399925999030946e-7
5061 4.143437282102322e-7
5062 4.1510155829406225e-7
5063 4.1503907289209945e-7
5064 4.1468499139237124e-7
5065 4.1497338367471675e-7
5066 4.151223861502013e-7
5067 4.1513199943000674e-7
5068 4.1641694516060857e-7
5069 4.188730822277659e-7
5070 4.1844369823084946e-7
5071 4.1844369823084946e-7
5072 4.1844369823084946e-7
5073 4.1905893408121674e-7
5074 4.1905893408121674e-7
5075 4.194210257306767e-7
5076 4.191502581002322e-7
5077 4.191502581002322e-7
5078 4.191502581002322e-7
5079 4.191502581002322e-7
5080 4.191502581002322e-7
5081 4.2026857792581227e-7
5082 4.20174049480195e-7
5083 4.20516914570044e-7
5084 4.2030542730377854e-7
5085 4.202125013770531e-7
5086 4.2088861949930943e-7
5087 4.215663407516395e-7
5088 4.22655821348985e-7
5089 4.22655821348985e-7
5090 4.22655821348985e-7
5091 4.22655821348985e-7
5092 4.22655821348985e-7
5093 4.22655821348985e-7
5094 4.22655821348985e-7
5095 4.22655821348985e-7
5096 4.22655821348985e-7
5097 4.22655821348985e-7
5098 4.22655821348985e-7
5099 4.233271337481114e-7
5100 4.235514381096023e-7
5101 4.235514381096023e-7
5102 4.235514381096023e-7
5103 4.235514381096023e-7
5104 4.235514381096023e-7
5105 4.235514381096023e-7
5106 4.235514381096023e-7
5107 4.235514381096023e-7
5108 4.235514381096023e-7
5109 4.235514381096023e-7
5110 4.2402888667200047e-7
5111 4.2408816642499767e-7
5112 4.2386546397121677e-7
5113 4.23979218976445e-7
5114 4.23979218976445e-7
5115 4.23979218976445e-7
5116 4.23979218976445e-7
5117 4.23979218976445e-7
5118 4.23979218976445e-7
5119 4.23979218976445e-7
5120 4.23979218976445e-7
5121 4.23979218976445e-7
5122 4.23979218976445e-7
5123 4.23979218976445e-7
5124 4.23979218976445e-7
5125 4.23979218976445e-7
5126 4.23979218976445e-7
5127 4.23979218976445e-7
5128 4.23979218976445e-7
5129 4.23979218976445e-7
5130 4.23979218976445e-7
5131 4.23979218976445e-7
5132 4.23979218976445e-7
5133 4.256198487256669e-7
5134 4.256599031414169e-7
5135 4.254836633454078e-7
5136 4.253314570545033e-7
5137 4.253314570545033e-7
5138 4.2543880259534597e-7
5139 4.2607967324734595e-7
5140 4.266852970402715e-7
5141 4.265827572225587e-7
5142 4.2656192875523775e-7
5143 4.263360224860369e-7
5144 4.267285552714414e-7
5145 4.2671253313843225e-7
5146 4.2675899701856776e-7
5147 4.2621105229329316e-7
5148 4.2616779345094133e-7
5149 4.2654110089909866e-7
5150 4.263536459155741e-7
5151 4.260796732473459e-7
5152 4.261101149944723e-7
5153 4.261950301602841e-7
5154 4.264674003096205e-7
5155 4.265635312741296e-7
5156 4.263536459155741e-7
5157 4.2643695917367593e-7
5158 4.262863547904814e-7
5159 4.263616566764877e-7
5160 4.2652027243177776e-7
5161 4.265587249398178e-7
5162 4.264385610813859e-7
5163 4.2645778702981497e-7
5164 4.2673496412464505e-7
5165 4.2674297488555866e-7
5166 4.26895181787645e-7
5167 4.2651065915197225e-7
5168 4.265266812849814e-7
5169 4.2664043629020964e-7
5170 4.264113243720432e-7
5171 4.2789654218139503e-7
5172 4.275120201569042e-7
5173 4.2721081077933326e-7
5174 4.2716274499148777e-7
5175 4.278084232001633e-7
5176 4.2963169976505237e-7
5177 4.2963169976505237e-7
5178 4.2963169976505237e-7
5179 4.2963169976505237e-7
5180 4.2963169976505237e-7
5181 4.2963169976505237e-7
5182 4.2963169976505237e-7
5183 4.2963169976505237e-7
5184 4.2963169976505237e-7
5185 4.2963169976505237e-7
5186 4.2963169976505237e-7
5187 4.2963169976505237e-7
5188 4.2963169976505237e-7
5189 4.2963169976505237e-7
5190 4.2963169976505237e-7
5191 4.2963169976505237e-7
5192 4.2963169976505237e-7
5193 4.2963169976505237e-7
5194 4.2963169976505237e-7
5195 4.2963169976505237e-7
5196 4.2963169976505237e-7
5197 4.2963169976505237e-7
5198 4.2963169976505237e-7
5199 4.2963169976505237e-7
5200 4.2963169976505237e-7
5201 4.2963169976505237e-7
5202 4.2963169976505237e-7
5203 4.303975406097961e-7
5204 4.303975406097961e-7
5205 4.3130597446563876e-7
5206 4.3130597446563876e-7
5207 4.3130597446563876e-7
5208 4.3130597446563876e-7
5209 4.3130597446563876e-7
5210 4.3130597446563876e-7
5211 4.3130597446563876e-7
5212 4.3130597446563876e-7
5213 4.3130597446563876e-7
5214 4.3130597446563876e-7
5215 4.3130597446563876e-7
5216 4.3130597446563876e-7
5217 4.3130597446563876e-7
5218 4.3130597446563876e-7
5219 4.3130597446563876e-7
5220 4.3130597446563876e-7
5221 4.3130597446563876e-7
5222 4.3130597446563876e-7
5223 4.3130597446563876e-7
5224 4.3130597446563876e-7
5225 4.3130597446563876e-7
5226 4.3130597446563876e-7
5227 4.3130597446563876e-7
5228 4.3130597446563876e-7
5229 4.3130597446563876e-7
5230 4.3130597446563876e-7
5231 4.3130597446563876e-7
5232 4.3130597446563876e-7
5233 4.3130597446563876e-7
5234 4.3130597446563876e-7
5235 4.3130597446563876e-7
5236 4.3130597446563876e-7
5237 4.3130597446563876e-7
5238 4.3130597446563876e-7
5239 4.3130597446563876e-7
5240 4.3130597446563876e-7
5241 4.3130597446563876e-7
5242 4.3130597446563876e-7
5243 4.3130597446563876e-7
5244 4.3274312648714507e-7
5245 4.3273511572623145e-7
5246 4.3277837456858327e-7
5247 4.3363393691345053e-7
5248 4.340040393238241e-7
5249 4.33625925541355e-7
5250 4.334544933020214e-7
5251 4.334064275141759e-7
5252 4.3278638532949684e-7
5253 4.3278638532949684e-7
5254 4.3278638532949684e-7
5255 4.3278638532949684e-7
5256 4.3278638532949684e-7
5257 4.3278638532949684e-7
5258 4.3278638532949684e-7
5259 4.3278638532949684e-7
5260 4.3278638532949684e-7
5261 4.3309560607916325e-7
5262 4.335666451771759e-7
5263 4.32903344150145e-7
5264 4.3328626487810776e-7
5265 4.331212402696141e-7
5266 4.332670383184968e-7
5267 4.3416746141342585e-7
5268 4.3422513986989494e-7
5269 4.337861438155368e-7
5270 4.3396558742696585e-7
5271 4.3377012229370954e-7
5272 4.338374134188022e-7
5273 4.339992329895122e-7
5274 4.3396238300036403e-7
5275 4.338117786171695e-7
5276 4.339896203208886e-7
5277 4.3389989820958315e-7
5278 4.339063070627868e-7
5279 4.3355703189737037e-7
5280 4.3349935405208315e-7
5281 4.337573039761204e-7
5282 4.3374769191867866e-7
5283 4.3331350097626857e-7
5284 4.333695781362096e-7
5285 4.3359067807109865e-7
5286 4.332494142777777e-7
5287 4.3325582313098136e-7
5288 4.3381338052487955e-7
5289 4.335762584569814e-7
5290 4.331789187260832e-7
5291 4.331885313947068e-7
5292 4.330859927993578e-7
5293 4.330859927993578e-7
5294 4.330859927993578e-7
5295 4.338197893780832e-7
5296 4.34161053782586e-7
5297 4.342683993234287e-7
5298 4.344286169864287e-7
5299 4.345135321522405e-7
5300 4.343933695161724e-7
5301 4.3453596252727143e-7
5302 4.3582251016558324e-7
5303 4.3513357433691964e-7
5304 4.3589621075506147e-7
5305 4.355757754290615e-7
5306 4.355517425351387e-7
5307 4.3543959065998423e-7
5308 4.3520727492639787e-7
5309 4.356190342714133e-7
5310 4.353130185595306e-7
5311 4.353963318176324e-7
5312 4.3535147045638874e-7
5313 4.3535147045638874e-7
5314 4.3535147045638874e-7
5315 4.3535147045638874e-7
5316 4.359394695974133e-7
5317 4.359394695974133e-7
5318 4.366700623607188e-7
5319 4.370577894229934e-7
5320 4.372148026593916e-7
5321 4.372548570751416e-7
5322 4.372372330344225e-7
5323 4.371395001622034e-7
5324 4.3715552168403065e-7
5325 4.3720358747187614e-7
5326 4.3730131973291336e-7
5327 4.372003830452743e-7
5328 4.3712668306697795e-7
5329 4.371362963467834e-7
5330 4.372148026593916e-7
5331 4.372356311267125e-7
5332 4.3701773439606156e-7
5333 4.3716834000161985e-7
5334 4.3717474763245976e-7
5335 4.3717474763245976e-7
5336 4.3766661519779334e-7
5337 4.374551279315279e-7
5338 4.3779959615145064e-7
5339 4.374903760129661e-7
5340 4.3766501329008336e-7
5341 4.3766501329008336e-7
5342 4.3766501329008336e-7
5343 4.3766501329008336e-7
5344 4.3766501329008336e-7
5345 4.3831389531417887e-7
5346 4.384564883252779e-7
5347 4.39034874186497e-7
5348 4.393681272189043e-7
5349 4.392960291483179e-7
5350 4.393601164579907e-7
5351 4.400538586209661e-7
5352 4.4006347190077155e-7
5353 4.4063544829760514e-7
5354 4.4034545471873157e-7
5355 4.4047843567238886e-7
5356 4.400666763273734e-7
5357 4.3999938520228075e-7
5358 4.402781635936389e-7
5359 4.403390464767098e-7
5360 4.403646806671606e-7
5361 4.4057776984113606e-7
5362 4.405393179442779e-7
5363 4.414253214250897e-7
5364 4.411064892291634e-7
5365 4.414317308894752e-7
5366 4.4201011613951244e-7
5367 4.423017122372779e-7
5368 4.423017122372779e-7
5369 4.423017122372779e-7
5370 4.423017122372779e-7
5371 4.423017122372779e-7
5372 4.423017122372779e-7
5373 4.4270546082137973e-7
5374 4.4270546082137973e-7
5375 4.4307235941633336e-7
5376 4.43181306864886e-7
5377 4.43181306864886e-7
5378 4.43181306864886e-7
5379 4.43181306864886e-7
5380 4.43181306864886e-7
5381 4.43181306864886e-7
5382 4.43181306864886e-7
5383 4.43181306864886e-7
5384 4.43181306864886e-7
5385 4.43181306864886e-7
5386 4.43181306864886e-7
5387 4.43181306864886e-7
5388 4.43181306864886e-7
5389 4.43181306864886e-7
5390 4.43181306864886e-7
5391 4.43181306864886e-7
5392 4.43181306864886e-7
5393 4.43181306864886e-7
5394 4.43181306864886e-7
5395 4.43181306864886e-7
5396 4.43181306864886e-7
5397 4.43181306864886e-7
5398 4.4375007944629966e-7
5399 4.4394073824524417e-7
5400 4.4394073824524417e-7
5401 4.4394073824524417e-7
5402 4.4394073824524417e-7
5403 4.4394073824524417e-7
5404 4.4394073824524417e-7
5405 4.4394073824524417e-7
5406 4.4394073824524417e-7
5407 4.4394073824524417e-7
5408 4.4442940260633966e-7
5409 4.444694564109078e-7
5410 4.444918873971206e-7
5411 4.444918873971206e-7
5412 4.444310045140497e-7
5413 4.444310045140497e-7
5414 4.446537069678306e-7
5415 4.445816088972442e-7
5416 4.445816088972442e-7
5417 4.445816088972442e-7
5418 4.445816088972442e-7
5419 4.445816088972442e-7
5420 4.445816088972442e-7
5421 4.445816088972442e-7
5422 4.445816088972442e-7
5423 4.445816088972442e-7
5424 4.445816088972442e-7
5425 4.445816088972442e-7
5426 4.445816088972442e-7
5427 4.445816088972442e-7
5428 4.4512154286160513e-7
5429 4.459610830734633e-7
5430 4.4566788567916975e-7
5431 4.4553170029891064e-7
5432 4.4537148202472876e-7
5433 4.458409204373952e-7
5434 4.4557656104897244e-7
5435 4.45485237029957e-7
5436 4.4504143403010517e-7
5437 4.450125948018706e-7
5438 4.454227516279942e-7
5439 4.4565186354616066e-7
5440 4.458345109730097e-7
5441 4.4583771601079337e-7
5442 4.46204614605747e-7
5443 4.458136831168706e-7
5444 4.459947298583734e-7
5445 4.4591782484229333e-7
5446 4.4608765517391694e-7
5447 4.46084451358497e-7
5448 4.4605881655686424e-7
5449 4.460860532662069e-7
5450 4.4587296409223147e-7
5451 4.457896502229478e-7
5452 4.458152856357624e-7
5453 4.4537789087793234e-7
5454 4.4537789087793234e-7
5455 4.4537789087793234e-7
5456 4.4537789087793234e-7
5457 4.4537789087793234e-7
5458 4.4537789087793234e-7
5459 4.4537789087793234e-7
5460 4.4537789087793234e-7
5461 4.4537789087793234e-7
5462 4.4537789087793234e-7
5463 4.4537789087793234e-7
5464 4.4537789087793234e-7
5465 4.4537789087793234e-7
5466 4.4537789087793234e-7
5467 4.4537789087793234e-7
5468 4.4537789087793234e-7
5469 4.4537789087793234e-7
5470 4.4537789087793234e-7
5471 4.4537789087793234e-7
5472 4.4537789087793234e-7
5473 4.4537789087793234e-7
5474 4.4537789087793234e-7
5475 4.4537789087793234e-7
5476 4.4537789087793234e-7
5477 4.4537789087793234e-7
5478 4.4537789087793234e-7
5479 4.4537789087793234e-7
5480 4.4537789087793234e-7
5481 4.4537789087793234e-7
5482 4.4537789087793234e-7
5483 4.458088761713769e-7
5484 4.458088761713769e-7
5485 4.4646416582631225e-7
5486 4.46768579630485e-7
5487 4.4709542380968863e-7
5488 4.4709542380968863e-7
5489 4.4709542380968863e-7
5490 4.4709542380968863e-7
5491 4.4709542380968863e-7
5492 4.4709542380968863e-7
5493 4.4709542380968863e-7
5494 4.4709542380968863e-7
5495 4.4709542380968863e-7
5496 4.477042508068523e-7
5497 4.480967848146205e-7
5498 4.477939735293396e-7
5499 4.4785165137462683e-7
5500 4.478852969371732e-7
5501 4.48011868426445e-7
5502 4.483899822089141e-7
5503 4.4831788474950963e-7
5504 4.4839799358100964e-7
5505 4.4855340490969786e-7
5506 4.4857583528472874e-7
5507 4.4931604071665783e-7
5508 4.5064905223510514e-7
5509 4.5064905223510514e-7
5510 4.5064905223510514e-7
5511 4.5064905223510514e-7
5512 4.5064905223510514e-7
5513 4.513908595747442e-7
5514 4.5190676064518243e-7
5515 4.51975654289167e-7
5516 4.51655218963167e-7
5517 4.513924620936361e-7
5518 4.5148378611265156e-7
5519 4.5155748609094793e-7
5520 4.531933082834943e-7
5521 4.5299784192787424e-7
5522 4.532541899442015e-7
5523 4.55026197517007e-7
5524 4.562134097642078e-7
5525 4.562134097642078e-7
5526 4.562134097642078e-7
5527 4.562134097642078e-7
5528 4.562134097642078e-7
5529 4.562134097642078e-7
5530 4.562134097642078e-7
5531 4.566588146717696e-7
5532 4.5703853036194865e-7
5533 4.5736697644886225e-7
5534 4.5715869299801675e-7
5535 4.573573631690568e-7
5536 4.575079675522513e-7
5537 4.579389534568777e-7
5538 4.57753100992245e-7
5539 4.5785243577217406e-7
5540 4.588137417501741e-7
5541 4.5952991489936226e-7
5542 4.591501985980013e-7
5543 4.592447264324367e-7
5544 4.593921263890294e-7
5545 4.593873212770814e-7
5546 4.59457816217594e-7
5547 4.5949947315223585e-7
5548 4.596452705899367e-7
5549 4.596452705899367e-7
5550 4.5999134071756944e-7
5551 4.606290069429676e-7
5552 4.604511652392485e-7
5553 4.6070911638564947e-7
5554 4.60939829600344e-7
5555 4.6037105701893035e-7
5556 4.5982311229365574e-7
5557 4.5982311229365574e-7
5558 4.5982311229365574e-7
5559 4.6010189190737767e-7
5560 4.603149810813531e-7
5561 4.603934873939613e-7
5562 4.6045757409245213e-7
5563 4.6045757409245213e-7
5564 4.609109903721094e-7
5565 4.609109903721094e-7
5566 4.609109903721094e-7
5567 4.609109903721094e-7
5568 4.614493218175785e-7
5569 4.614493218175785e-7
5570 4.614493218175785e-7
5571 4.623160999611431e-7
5572 4.623160999611431e-7
5573 4.623160999611431e-7
5574 4.623160999611431e-7
5575 4.623160999611431e-7
5576 4.623160999611431e-7
5577 4.623160999611431e-7
5578 4.623160999611431e-7
5579 4.623160999611431e-7
5580 4.623160999611431e-7
5581 4.6304348829784674e-7
5582 4.6304348829784674e-7
5583 4.639647404712786e-7
5584 4.639647404712786e-7
5585 4.639647404712786e-7
5586 4.644069409522386e-7
5587 4.644069409522386e-7
5588 4.644069409522386e-7
5589 4.644069409522386e-7
5590 4.644069409522386e-7
5591 4.644069409522386e-7
5592 4.644069409522386e-7
5593 4.644069409522386e-7
5594 4.644069409522386e-7
5595 4.644069409522386e-7
5596 4.644069409522386e-7
5597 4.644069409522386e-7
5598 4.644069409522386e-7
5599 4.644069409522386e-7
5600 4.644069409522386e-7
5601 4.644069409522386e-7
5602 4.644069409522386e-7
5603 4.644069409522386e-7
5604 4.6470654842209955e-7
5605 4.646616870608559e-7
5606 4.646616870608559e-7
5607 4.646616870608559e-7
5608 4.646616870608559e-7
5609 4.649532837698032e-7
5610 4.6471455918301317e-7
5611 4.6499494009326315e-7
5612 4.64998144519865e-7
5613 4.6520802987842046e-7
5614 4.654900126963804e-7
5615 4.6517919003900403e-7
5616 4.655140449791213e-7
5617 4.6555730382147315e-7
5618 4.655220563512168e-7
5619 4.6567105882670134e-7
5620 4.6553166963102227e-7
5621 4.655364753541522e-7
5622 4.655717234355904e-7
5623 4.652721165769113e-7
5624 4.6529614885965217e-7
5625 4.654675823213495e-7
5626 4.6519521217201313e-7
5627 4.651823950767877e-7
5628 4.6482991609595134e-7
5629 4.647257743705286e-7
5630 4.647401945958278e-7
5631 4.647401945958278e-7
5632 4.647401945958278e-7
5633 4.6515676088633693e-7
5634 4.6515676088633693e-7
5635 4.6515676088633693e-7
5636 4.6515676088633693e-7
5637 4.664625350842597e-7
5638 4.664625350842597e-7
5639 4.664625350842597e-7
5640 4.664625350842597e-7
5641 4.668758963369851e-7
5642 4.6679899193208693e-7
5643 4.670088772906424e-7
5644 4.6707777032344507e-7
5645 4.6670926982078146e-7
5646 4.666355698424851e-7
5647 4.666355698424851e-7
5648 4.666355698424851e-7
5649 4.666355698424851e-7
5650 4.666355698424851e-7
5651 4.666355698424851e-7
5652 4.666355698424851e-7
5653 4.666355698424851e-7
5654 4.666355698424851e-7
5655 4.666355698424851e-7
5656 4.666355698424851e-7
5657 4.666355698424851e-7
5658 4.666355698424851e-7
5659 4.666355698424851e-7
5660 4.666355698424851e-7
5661 4.666355698424851e-7
5662 4.666355698424851e-7
5663 4.666355698424851e-7
5664 4.666355698424851e-7
5665 4.666355698424851e-7
5666 4.666355698424851e-7
5667 4.666355698424851e-7
5668 4.666355698424851e-7
5669 4.666355698424851e-7
5670 4.666355698424851e-7
5671 4.666355698424851e-7
5672 4.666355698424851e-7
5673 4.666355698424851e-7
5674 4.666355698424851e-7
5675 4.666355698424851e-7
5676 4.666355698424851e-7
5677 4.666355698424851e-7
5678 4.666355698424851e-7
5679 4.6695280074188326e-7
5680 4.6695280074188326e-7
5681 4.6695280074188326e-7
5682 4.6695280074188326e-7
5683 4.6695280074188326e-7
5684 4.6695280074188326e-7
5685 4.6695280074188326e-7
5686 4.6810156109222597e-7
5687 4.680054307388987e-7
5688 4.680054307388987e-7
5689 4.691766220754542e-7
5690 4.6907888920323514e-7
5691 4.689827588499079e-7
5692 4.688978436840961e-7
5693 4.69022812654476e-7
5694 4.690003822794451e-7
5695 4.6878889501317964e-7
5696 4.6827780088823514e-7
5697 4.6841078123071057e-7
5698 4.693576675945933e-7
5699 4.691077284314697e-7
5700 4.688850259776888e-7
5701 4.6953551052067615e-7
5702 4.693800979696242e-7
5703 4.693800979696242e-7
5704 4.696268333173279e-7
5705 4.696268333173279e-7
5706 4.696268333173279e-7
5707 4.696268333173279e-7
5708 4.711088473112597e-7
5709 4.720941855720006e-7
5710 4.7216307921598516e-7
5711 4.724354493653215e-7
5712 4.7216948745800693e-7
5713 4.7210700266722605e-7
5714 4.722592095693124e-7
5715 4.7182501984926604e-7
5716 4.7174491101776603e-7
5717 4.71184149197266e-7
5718 4.709806720807323e-7
5719 4.709806720807323e-7
5720 4.709806720807323e-7
5721 4.709806720807323e-7
5722 4.709806720807323e-7
5723 4.709806720807323e-7
5724 4.709806720807323e-7
5725 4.709806720807323e-7
5726 4.709806720807323e-7
5727 4.7174330849887413e-7
5728 4.717977825287414e-7
5729 4.721054001483341e-7
5730 4.72326500694405e-7
5731 4.723953943383896e-7
5732 4.7215666975159955e-7
5733 4.7218390707212414e-7
5734 4.725011379715223e-7
5735 4.7251555758563956e-7
5736 4.7173049140364866e-7
5737 4.7129630046123857e-7
5738 4.713331510615686e-7
5739 4.714404966024113e-7
5740 4.715013800966641e-7
5741 4.7145331430881864e-7
5742 4.7145331430881864e-7
5743 4.716808237080932e-7
5744 4.716808237080932e-7
5745 4.716808237080932e-7
5746 4.716808237080932e-7
5747 4.716808237080932e-7
5748 4.716808237080932e-7
5749 4.716808237080932e-7
5750 4.716808237080932e-7
5751 4.716808237080932e-7
5752 4.716808237080932e-7
5753 4.716808237080932e-7
5754 4.716808237080932e-7
5755 4.716808237080932e-7
5756 4.716808237080932e-7
5757 4.716808237080932e-7
5758 4.716808237080932e-7
5759 4.716808237080932e-7
5760 4.716808237080932e-7
5761 4.716808237080932e-7
5762 4.716808237080932e-7
5763 4.716808237080932e-7
5764 4.716808237080932e-7
5765 4.716808237080932e-7
5766 4.716808237080932e-7
5767 4.716808237080932e-7
5768 4.716808237080932e-7
5769 4.716808237080932e-7
5770 4.716808237080932e-7
5771 4.716808237080932e-7
5772 4.716808237080932e-7
5773 4.716808237080932e-7
5774 4.716808237080932e-7
5775 4.716808237080932e-7
5776 4.716808237080932e-7
5777 4.716808237080932e-7
5778 4.716808237080932e-7
5779 4.716808237080932e-7
5780 4.716808237080932e-7
5781 4.716808237080932e-7
5782 4.716808237080932e-7
5783 4.716808237080932e-7
5784 4.716808237080932e-7
5785 4.716808237080932e-7
5786 4.716808237080932e-7
5787 4.716808237080932e-7
5788 4.716808237080932e-7
5789 4.716808237080932e-7
5790 4.716808237080932e-7
5791 4.716808237080932e-7
5792 4.716808237080932e-7
5793 4.716808237080932e-7
5794 4.716808237080932e-7
5795 4.716808237080932e-7
5796 4.716808237080932e-7
5797 4.716808237080932e-7
5798 4.728087574246606e-7
5799 4.728087574246606e-7
5800 4.728087574246606e-7
5801 4.7365630900861424e-7
5802 4.7356979193509246e-7
5803 4.7390945320952155e-7
5804 4.744926454050525e-7
5805 4.7402000256578425e-7
5806 4.737091811307716e-7
5807 4.7397354051919433e-7
5808 4.7397354051919433e-7
5809 4.7448783968192257e-7
5810 4.7430519164389167e-7
5811 4.7430519164389167e-7
5812 4.7430519164389167e-7
5813 4.7430519164389167e-7
5814 4.7430519164389167e-7
5815 4.7430519164389167e-7
5816 4.7430519164389167e-7
5817 4.7430519164389167e-7
5818 4.7430519164389167e-7
5819 4.7430519164389167e-7
5820 4.7430519164389167e-7
5821 4.7430519164389167e-7
5822 4.7430519164389167e-7
5823 4.7430519164389167e-7
5824 4.7430519164389167e-7
5825 4.7430519164389167e-7
5826 4.7430519164389167e-7
5827 4.7430519164389167e-7
5828 4.7430519164389167e-7
5829 4.7430519164389167e-7
5830 4.747858446328917e-7
5831 4.744942485351262e-7
5832 4.750085470866726e-7
5833 4.7581604486605813e-7
5834 4.7581604486605813e-7
5835 4.7559334180109537e-7
5836 4.7488518002400266e-7
5837 4.762534390127063e-7
5838 4.7666680148779546e-7
5839 4.7661713379224e-7
5840 4.7625664405049e-7
5841 4.773060702320855e-7
5842 4.776249030391937e-7
5843 4.773669531151565e-7
5844 4.773060702320856e-7
5845 4.77317285419601e-7
5846 4.779517472183974e-7
5847 4.779565541638911e-7
5848 4.79683700375453e-7
5849 4.797910453051137e-7
5850 4.801178900954992e-7
5851 4.805424677581039e-7
5852 4.80244461584771e-7
5853 4.802781077584992e-7
5854 4.798118737724347e-7
5855 4.793696732914747e-7
5856 4.79685302283163e-7
5857 4.795587301827094e-7
5858 4.797413782207403e-7
5859 4.798759610821076e-7
5860 4.792382954678913e-7
5861 4.792623277506322e-7
5862 4.792623277506322e-7
5863 4.792222733348822e-7
5864 4.799176180167495e-7
5865 4.79988113568444e-7
5866 4.80206009687913e-7
5867 4.798102718647247e-7
5868 4.797942503428975e-7
5869 4.797702174489748e-7
5870 4.79845519946163e-7
5871 4.798038630115211e-7
5872 4.798695522289038e-7
5873 4.799801028075302e-7
5874 4.801563426035393e-7
5875 4.80061814157922e-7
5876 4.802092141145148e-7
5877 4.805729082828666e-7
5878 4.801691596987648e-7
5879 4.798903806962248e-7
5880 4.801451274160239e-7
5881 4.801979989269993e-7
5882 4.795491175140857e-7
5883 4.790700670439776e-7
5884 4.794209428947402e-7
5885 4.79324812541413e-7
5886 4.79324812541413e-7
5887 4.79324812541413e-7
5888 4.79324812541413e-7
5889 4.79324812541413e-7
5890 4.79324812541413e-7
5891 4.79324812541413e-7
5892 4.797205491422374e-7
5893 4.797205491422374e-7
5894 4.797205491422374e-7
5895 4.797205491422374e-7
5896 4.797205491422374e-7
5897 4.799640800633392e-7
5898 4.804655615196601e-7
5899 4.805376595902465e-7
5900 4.803630223131292e-7
5901 4.824410449866356e-7
5902 4.823849696602402e-7
5903 4.82370550046123e-7
5904 4.822680108395921e-7
5905 4.824859069590612e-7
5906 4.827005992631104e-7
5907 4.828528061651967e-7
5908 4.826381144723294e-7
5909 4.828463973119931e-7
5910 4.828736346325177e-7
5911 4.828239669369622e-7
5912 4.828015365619313e-7
5913 4.827134163583358e-7
5914 4.827646859616013e-7
5915 4.826989967442186e-7
5916 4.823737550839068e-7
5917 4.821526545378359e-7
5918 4.821895039158021e-7
5919 4.826236948582122e-7
5920 4.829265055323113e-7
5921 4.826365119534377e-7
5922 4.825884467767741e-7
5923 4.825724252549468e-7
5924 4.824794987170395e-7
5925 4.826076727252032e-7
5926 4.826573404207586e-7
5927 4.826749638502959e-7
5928 4.826749638502959e-7
5929 4.83615441360975e-7
5930 4.840432228389995e-7
5931 4.83631463493984e-7
5932 4.83631463493984e-7
5933 4.845463068142122e-7
5934 4.840688576406321e-7
5935 4.842274727847403e-7
5936 4.846953086785149e-7
5937 4.849083978524904e-7
5938 4.841473645644222e-7
5939 4.847642017113176e-7
5940 4.849885066839904e-7
5941 4.849596680669377e-7
5942 4.849324307464131e-7
5943 4.84991711721774e-7
5944 4.847465788929622e-7
5945 4.850654117000704e-7
5946 4.850317661375241e-7
5947 4.845671340591695e-7
5948 4.843284100835613e-7
5949 4.84294764521015e-7
5950 4.839518982088021e-7
5951 4.840031684232494e-7
5952 4.840031684232494e-7
5953 4.840031684232494e-7
5954 4.843027758931103e-7
5955 4.853666216888232e-7
5956 4.857687677540331e-7
5957 4.855156235531258e-7
5958 4.859450075500423e-7
5959 4.858681025339623e-7
5960 4.859882657812122e-7
5961 4.85813628504095e-7
5962 4.858616936807586e-7
5963 4.863359384277368e-7
5964 4.861516872596322e-7
5965 4.858825221480796e-7
5966 4.857911981290641e-7
5967 4.856710348818142e-7
5968 4.858232417839005e-7
5969 4.850397775096196e-7
5970 4.85653410841095e-7
5971 4.856069469609595e-7
5972 4.858104240774931e-7
5973 4.858216392650086e-7
5974 4.858809196291876e-7
5975 4.854963976046967e-7
5976 4.854819779905794e-7
5977 4.846953092896967e-7
5978 4.846953092896967e-7
5979 4.846953092896967e-7
5980 4.846953092896967e-7
5981 4.846953092896967e-7
5982 4.846953092896967e-7
5983 4.846953092896967e-7
5984 4.846953092896967e-7
5985 4.846953092896967e-7
5986 4.846953092896967e-7
5987 4.846953092896967e-7
5988 4.846953092896967e-7
5989 4.846953092896967e-7
5990 4.846953092896967e-7
5991 4.852624799634003e-7
5992 4.851375097706567e-7
5993 4.862189796070885e-7
5994 4.862013555663695e-7
5995 4.859097588574221e-7
5996 4.860363309578757e-7
5997 4.858328544525239e-7
5998 4.858280481182121e-7
5999 4.858713069605639e-7
6000 4.855957329958075e-7
6001 4.859546202186657e-7
6002 4.853009324714403e-7
6003 4.853009324714403e-7
6004 4.85666228547502e-7
6005 4.861036226941502e-7
6006 4.861036226941502e-7
6007 4.861036226941502e-7
6008 4.864705212891038e-7
6009 4.86766923721181e-7
6010 4.864817364766192e-7
6011 4.868582483513784e-7
6012 4.868582483513784e-7
6013 4.868582483513784e-7
6014 4.868582483513784e-7
6015 4.868582483513784e-7
6016 4.868582483513784e-7
6017 4.868582483513784e-7
6018 4.868582483513784e-7
6019 4.868582483513784e-7
6020 4.868582483513784e-7
6021 4.868582483513784e-7
6022 4.868582483513784e-7
6023 4.868582483513784e-7
6024 4.868582483513784e-7
6025 4.874814949626593e-7
6026 4.874814949626593e-7
6027 4.874814949626593e-7
6028 4.874814949626593e-7
6029 4.874814949626593e-7
6030 4.874814949626593e-7
6031 4.883691009623629e-7
6032 4.883691009623629e-7
6033 4.883691009623629e-7
6034 4.883691009623629e-7
6035 4.883691009623629e-7
6036 4.883691009623629e-7
6037 4.890340045082857e-7
6038 4.893304069403629e-7
6039 4.893800740247365e-7
6040 4.89266320241872e-7
6041 4.891717917962547e-7
6042 4.892631152040882e-7
6043 4.894890226956528e-7
6044 4.894906246033628e-7
6045 4.894217309593782e-7
6046 4.895402922989182e-7
6047 4.896284118913318e-7
6048 4.891509633289336e-7
6049 4.892406848290572e-7
6050 4.891733937039645e-7
6051 4.896332182256436e-7
6052 4.895146574972855e-7
6053 4.895915612910018e-7
6054 4.896300137990418e-7
6055 4.88803291293591e-7
6056 4.88803291293591e-7
6057 4.88803291293591e-7
6058 4.88803291293591e-7
6059 4.88803291293591e-7
6060 4.88803291293591e-7
6061 4.88803291293591e-7
6062 4.88803291293591e-7
6063 4.88803291293591e-7
6064 4.88803291293591e-7
6065 4.88803291293591e-7
6066 4.88803291293591e-7
6067 4.88803291293591e-7
6068 4.88803291293591e-7
6069 4.896284118913319e-7
6070 4.891733943151465e-7
6071 4.892150506386065e-7
6072 4.893480315922638e-7
6073 4.89344827165662e-7
6074 4.89344827165662e-7
6075 4.89344827165662e-7
6076 4.900097307115848e-7
6077 4.904423185239211e-7
6078 4.903958552549674e-7
6079 4.904278989098038e-7
6080 4.90443920431631e-7
6081 4.905881165728038e-7
6082 4.904551356191465e-7
6083 4.90405467923591e-7
6084 4.901090654915138e-7
6085 4.905320400240447e-7
6086 4.906554076978965e-7
6087 4.90205195844841e-7
6088 4.899969136163593e-7
6089 4.895386903912083e-7
6090 4.895386903912083e-7
6091 4.895386903912083e-7
6092 4.895386903912083e-7
6093 4.895386903912083e-7
6094 4.895386903912083e-7
6095 4.895386903912083e-7
6096 4.895386903912083e-7
6097 4.895386903912083e-7
6098 4.895386903912083e-7
6099 4.895386903912083e-7
6100 4.895386903912083e-7
6101 4.895386903912083e-7
6102 4.895386903912083e-7
6103 4.895386903912083e-7
6104 4.895386903912083e-7
6105 4.895386903912083e-7
6106 4.895386903912083e-7
6107 4.895386903912083e-7
6108 4.895386903912083e-7
6109 4.895386903912083e-7
6110 4.895386903912083e-7
6111 4.90222820496742e-7
6112 4.907291076761929e-7
6113 4.90429500206332e-7
6114 4.90429500206332e-7
6115 4.906377836571775e-7
6116 4.909069487687301e-7
6117 4.909918639345419e-7
6118 4.90910153195332e-7
6119 4.909165620485356e-7
6120 4.910687689506219e-7
6121 4.916455516817673e-7
6122 4.916183155836065e-7
6123 4.917080370837301e-7
6124 4.914773232578536e-7
6125 4.908572816843564e-7
6126 4.905704913097209e-7
6127 4.905704913097209e-7
6128 4.914068270949772e-7
6129 4.912562233229646e-7
6130 4.919595787657455e-7
6131 4.921374204694646e-7
6132 4.9227200271965e-7
6133 4.930746935535418e-7
6134 4.933759023199309e-7
6135 4.932829763932055e-7
6136 4.932893852464091e-7
6137 4.9327015929798e-7
6138 4.932028681728873e-7
6139 4.93452806724829e-7
6140 4.93289385246409e-7
6141 4.932749656322917e-7
6142 4.942795310638255e-7
6143 4.947842169467482e-7
6144 4.947649903871373e-7
6145 4.948226682324245e-7
6146 4.948386909766155e-7
6147 4.946223961536745e-7
6148 4.945150506128318e-7
6149 4.945198569471436e-7
6150 4.943051658654582e-7
6151 4.943660481373473e-7
6152 4.944061031642792e-7
6153 4.942538956510109e-7
6154 4.944413506345355e-7
6155 4.937972755559337e-7
6156 4.946896885011309e-7
6157 4.952087939981709e-7
6158 4.947393561966864e-7
6159 4.951334915009827e-7
6160 4.950758124333317e-7
6161 4.9575032925906e-7
6162 4.965898713044637e-7
6163 4.973989697691954e-7
6164 4.973669261143591e-7
6165 4.966411402965473e-7
6166 4.972195261577664e-7
6167 4.969343389132046e-7
6168 4.96851025043921e-7
6169 4.9678854025314e-7
6170 4.969183173913774e-7
6171 4.969984256116955e-7
6172 4.9678854025314e-7
6173 4.969503604350319e-7
6174 4.967532927828837e-7
6175 4.969439515818282e-7
6176 4.968590364160164e-7
6177 4.967276573700691e-7
6178 4.967773250656246e-7
6179 4.973316786441028e-7
6180 4.973781425242383e-7
6181 4.975383595760564e-7
6182 4.976136620732446e-7
6183 4.980174100461645e-7
6184 4.984820421245192e-7
6185 4.97929290453751e-7
6186 4.980670777417201e-7
6187 4.979757537227047e-7
6188 4.978812258882693e-7
6189 4.982641453938683e-7
6190 4.980766904103437e-7
6191 4.98848940108291e-7
6192 4.99448154436831e-7
6193 5.015181669606056e-7
6194 5.017921396288338e-7
6195 5.021718553190129e-7
6196 5.021638439469175e-7
6197 5.016479434876612e-7
6198 5.017248472813775e-7
6199 5.018257851913803e-7
6200 5.018097624471893e-7
6201 5.018386022866057e-7
6202 5.014877258246613e-7
6203 5.016158998328249e-7
6204 5.017328586534731e-7
6205 5.014492733166212e-7
6206 5.012089462109394e-7
6207 5.017184390393558e-7
6208 5.015838561779885e-7
6209 5.018482155664112e-7
6210 5.016623624905967e-7
6211 5.018097624471894e-7
6212 5.017520846019022e-7
6213 5.01756890936214e-7
6214 5.01756890936214e-7
6215 5.020693155013004e-7
6216 5.018321934334022e-7
6217 5.024666558433804e-7
6218 5.028543822944731e-7
6219 5.026412925093159e-7
6220 5.027326171395132e-7
6221 5.027326171395132e-7
6222 5.027326171395132e-7
6223 5.027326171395132e-7
6224 5.027326171395132e-7
6225 5.027326171395132e-7
6226 5.027326171395132e-7
6227 5.027326171395132e-7
6228 5.027326171395132e-7
6229 5.027326171395132e-7
6230 5.027326171395132e-7
6231 5.027326171395132e-7
6232 5.027326171395132e-7
6233 5.027326171395132e-7
6234 5.027326171395132e-7
6235 5.027326171395132e-7
6236 5.027326171395132e-7
6237 5.027326171395132e-7
6238 5.027326171395132e-7
6239 5.027326171395132e-7
6240 5.027326171395132e-7
6241 5.027326171395132e-7
6242 5.027326171395132e-7
6243 5.027326171395132e-7
6244 5.027326171395132e-7
6245 5.027326171395132e-7
6246 5.027326171395132e-7
6247 5.027326171395132e-7
6248 5.027326171395132e-7
6249 5.027326171395132e-7
6250 5.027326171395132e-7
6251 5.027326171395132e-7
6252 5.027326171395132e-7
6253 5.027326171395132e-7
6254 5.027326171395132e-7
6255 5.027326171395132e-7
6256 5.027326171395132e-7
6257 5.027326171395132e-7
6258 5.027326171395132e-7
6259 5.027326171395132e-7
6260 5.027326171395132e-7
6261 5.027326171395132e-7
6262 5.027326171395132e-7
6263 5.027326171395132e-7
6264 5.027326171395132e-7
6265 5.027326171395132e-7
6266 5.027326171395132e-7
6267 5.027326171395132e-7
6268 5.027326171395132e-7
6269 5.027326171395132e-7
6270 5.027326171395132e-7
6271 5.027326171395132e-7
6272 5.027326171395132e-7
6273 5.027326171395132e-7
6274 5.043812570384669e-7
6275 5.04818651185115e-7
6276 5.04801027144396e-7
6277 5.046279923861706e-7
6278 5.045238512719297e-7
6279 5.045238512719297e-7
6280 5.045238512719297e-7
6281 5.045238512719297e-7
6282 5.045238512719297e-7
6283 5.045238512719297e-7
6284 5.05518802812476e-7
6285 5.057447096928587e-7
6286 5.059337665840933e-7
6287 5.059129387279542e-7
6288 5.056469768206396e-7
6289 5.056325572065223e-7
6290 5.052752718913741e-7
6291 5.052752718913741e-7
6292 5.052752718913741e-7
6293 5.052752718913741e-7
6294 5.052752718913741e-7
6295 5.056854287174977e-7
6296 5.062670190053187e-7
6297 5.064032043855778e-7
6298 5.065810460892969e-7
6299 5.069751813935932e-7
6300 5.06319890516294e-7
6301 5.064720980295622e-7
6302 5.063038696056487e-7
6303 5.063038696056487e-7
6304 5.063038696056487e-7
6305 5.063038696056487e-7
6306 5.063038696056487e-7
6307 5.063038696056487e-7
6308 5.063038696056487e-7
6309 5.063038696056487e-7
6310 5.063038696056487e-7
6311 5.063038696056487e-7
6312 5.063038696056487e-7
6313 5.063038696056487e-7
6314 5.063038696056487e-7
6315 5.063038696056487e-7
6316 5.063038696056487e-7
6317 5.063038696056487e-7
6318 5.063038696056487e-7
6319 5.063038696056487e-7
6320 5.063038696056487e-7
6321 5.073244559478277e-7
6322 5.07978144306235e-7
6323 5.080230050562967e-7
6324 5.080374240592321e-7
6325 5.080358221515222e-7
6326 5.080262088717167e-7
6327 5.07859582355513e-7
6328 5.078211304586549e-7
6329 5.07117775015874e-7
6330 5.07117775015874e-7
6331 5.07117775015874e-7
6332 5.07117775015874e-7
6333 5.07117775015874e-7
6334 5.07117775015874e-7
6335 5.074590388091949e-7
6336 5.074590388091949e-7
6337 5.074590388091949e-7
6338 5.074590388091949e-7
6339 5.074590388091949e-7
6340 5.074590388091949e-7
6341 5.074590388091949e-7
6342 5.074590388091949e-7
6343 5.074590388091949e-7
6344 5.074590388091949e-7
6345 5.074590388091949e-7
6346 5.074590388091949e-7
6347 5.085068618607166e-7
6348 5.08740779502013e-7
6349 5.082889669636113e-7
6350 5.08735973778883e-7
6351 5.086590693739849e-7
6352 5.08340235344513e-7
6353 5.088897831998613e-7
6354 5.09059613531485e-7
6355 5.088305022245004e-7
6356 5.09120495803374e-7
6357 5.089682895124694e-7
6358 5.090740325344203e-7
6359 5.089170192980221e-7
6360 5.089266325778276e-7
6361 5.087151453115622e-7
6362 5.086766928035222e-7
6363 5.091925938739604e-7
6364 5.09400876713624e-7
6365 5.095226424797658e-7
6366 5.09399274805914e-7
6367 5.090259679689385e-7
6368 5.090259679689385e-7
6369 5.090259679689385e-7
6370 5.090259679689385e-7
6371 5.090259679689385e-7
6372 5.090259679689385e-7
6373 5.090259679689385e-7
6374 5.090259679689385e-7
6375 5.090259679689385e-7
6376 5.090259679689385e-7
6377 5.090259679689385e-7
6378 5.090259679689385e-7
6379 5.090259679689385e-7
6380 5.090259679689385e-7
6381 5.090259679689385e-7
6382 5.090259679689385e-7
6383 5.090259679689385e-7
6384 5.090259679689385e-7
6385 5.090259679689385e-7
6386 5.090259679689385e-7
6387 5.090259679689385e-7
6388 5.090259679689385e-7
6389 5.090259679689385e-7
6390 5.093159627701759e-7
6391 5.099984903568177e-7
6392 5.096235803897686e-7
6393 5.097613676777378e-7
6394 5.099328005282532e-7
6395 5.099696505174014e-7
6396 5.101410833679169e-7
6397 5.098847353515896e-7
6398 5.10256440280855e-7
6399 5.099023593923087e-7
6400 5.098238524685187e-7
6401 5.101042333787687e-7
6402 5.102484289087595e-7
6403 5.095322563707533e-7
6404 5.095322563707533e-7
6405 5.095322563707533e-7
6406 5.095322563707533e-7
6407 5.095322563707533e-7
6408 5.095322563707533e-7
6409 5.095322563707533e-7
6410 5.095322563707533e-7
6411 5.095322563707533e-7
6412 5.095322563707533e-7
6413 5.095322563707533e-7
6414 5.095322563707533e-7
6415 5.095322563707533e-7
6416 5.095322563707533e-7
6417 5.095322563707533e-7
6418 5.095322563707533e-7
6419 5.095322563707533e-7
6420 5.095322563707533e-7
6421 5.095322563707533e-7
6422 5.095322563707533e-7
6423 5.095322563707533e-7
6424 5.095322563707533e-7
6425 5.102067725852997e-7
6426 5.103958294765342e-7
6427 5.10681016721096e-7
6428 5.106073167427996e-7
6429 5.105816819411669e-7
6430 5.107547166993922e-7
6431 5.106361559710341e-7
6432 5.105224015769878e-7
6433 5.11120012775454e-7
6434 5.110687431721885e-7
6435 5.111312279629695e-7
6436 5.106361559710341e-7
6437 5.112529937291114e-7
6438 5.112193475553832e-7
6439 5.108011799683459e-7
6440 5.108123951558614e-7
6441 5.108123951558614e-7
6442 5.112289608351887e-7
6443 5.112289608351887e-7
6444 5.112289608351887e-7
6445 5.112289608351887e-7
6446 5.118506055387596e-7
6447 5.114580721421733e-7
6448 5.114580721421733e-7
6449 5.122719775523987e-7
6450 5.128119109055778e-7
6451 5.129128482043988e-7
6452 5.128039001446643e-7
6453 5.124161736935716e-7
6454 5.124353990308188e-7
6455 5.129448918592352e-7
6456 5.128631805088433e-7
6457 5.128759976040688e-7
6458 5.128920203482598e-7
6459 5.127237913131643e-7
6460 5.125699825033679e-7
6461 5.121101579816888e-7
6462 5.121101579816888e-7
6463 5.121101579816888e-7
6464 5.121101579816888e-7
6465 5.125603698347443e-7
6466 5.132717360384388e-7
6467 5.127542324491087e-7
6468 5.12608434400226e-7
6469 5.131211310440623e-7
6470 5.131387556959633e-7
6471 5.13066657625377e-7
6472 5.133181993073925e-7
6473 5.132188639162815e-7
6474 5.133406296824233e-7
6475 5.132701335195469e-7
6476 5.132156601008616e-7
6477 5.132781448916425e-7
6478 5.130169899298216e-7
6479 5.127574374868926e-7
6480 5.131451639379853e-7
6481 5.127574374868926e-7
6482 5.127830722885254e-7
6483 5.126276609598371e-7
6484 5.124370021608926e-7
6485 5.130217968753154e-7
6486 5.126645109489853e-7
6487 5.127157811634326e-7
6488 5.123809262233154e-7
6489 5.12449819256118e-7
6490 5.127542324491089e-7
6491 5.129256665219881e-7
6492 5.130730664785808e-7
6493 5.130730664785808e-7
6494 5.130730664785808e-7
6495 5.130730664785808e-7
6496 5.130730664785808e-7
6497 5.130730664785808e-7
6498 5.130730664785808e-7
6499 5.130730664785808e-7
6500 5.130730664785808e-7
6501 5.130730664785808e-7
6502 5.130730664785808e-7
6503 5.138212826714235e-7
6504 5.138212826714235e-7
6505 5.140744262611489e-7
6506 5.140744262611489e-7
6507 5.140744262611489e-7
6508 5.140744262611489e-7
6509 5.140744262611489e-7
6510 5.146464032691643e-7
6511 5.152295954646952e-7
6512 5.152360043178989e-7
6513 5.146207684675317e-7
6514 5.146512096034762e-7
6515 5.150789910815007e-7
6516 5.148578905354298e-7
6517 5.14614359614328e-7
6518 5.146239728941335e-7
6519 5.148707076306553e-7
6520 5.148707076306553e-7
6521 5.148707076306553e-7
6522 5.148707076306553e-7
6523 5.148707076306553e-7
6524 5.148707076306553e-7
6525 5.148707076306553e-7
6526 5.148707076306553e-7
6527 5.148707076306553e-7
6528 5.148707076306553e-7
6529 5.148707076306553e-7
6530 5.148707076306553e-7
6531 5.148707076306553e-7
6532 5.15197551198677e-7
6533 5.158704661166953e-7
6534 5.154843409621307e-7
6535 5.154843409621307e-7
6536 5.154843409621307e-7
6537 5.154843409621307e-7
6538 5.154843409621307e-7
6539 5.161364268016461e-7
6540 5.161364268016461e-7
6541 5.161364268016461e-7
6542 5.161364268016461e-7
6543 5.161364268016461e-7
6544 5.161364268016461e-7
6545 5.161364268016461e-7
6546 5.161364268016461e-7
6547 5.161364268016461e-7
6548 5.161364268016461e-7
6549 5.165049273043097e-7
6550 5.170128170026525e-7
6551 5.170528714184024e-7
6552 5.174438029072788e-7
6553 5.175591598202169e-7
6554 5.177065597768097e-7
6555 5.177065597768097e-7
6556 5.177065597768097e-7
6557 5.177065597768097e-7
6558 5.177065597768097e-7
6559 5.177065597768097e-7
6560 5.177065597768097e-7
6561 5.177065597768097e-7
6562 5.177065597768097e-7
6563 5.188889656896987e-7
6564 5.191437117983159e-7
6565 5.190796250998251e-7
6566 5.190796250998251e-7
6567 5.19560278088825e-7
6568 5.19560278088825e-7
6569 5.19560278088825e-7
6570 5.199496070588095e-7
6571 5.202604284938222e-7
6572 5.202444069719949e-7
6573 5.203645702192449e-7
6574 5.20220374689254e-7
6575 5.19842260906785e-7
6576 5.19842260906785e-7
6577 5.19842260906785e-7
6578 5.19842260906785e-7
6579 5.19842260906785e-7
6580 5.19842260906785e-7
6581 5.205279923088468e-7
6582 5.202908708521305e-7
6583 5.209830104962141e-7
6584 5.210887553517106e-7
6585 5.21120798395365e-7
6586 5.210727326075195e-7
6587 5.215229450717568e-7
6588 5.21381952746004e-7
6589 5.214332223492695e-7
6590 5.214284160149577e-7
6591 5.213386939036523e-7
6592 5.21744045006646e-7
6593 5.217873038489978e-7
6594 5.217504538598496e-7
6595 5.216158716096642e-7
6596 5.211961008925533e-7
6597 5.21261790109936e-7
6598 5.20600090990615e-7
6599 5.21178477463016e-7
6600 5.221093423050715e-7
6601 5.22038846142195e-7
6602 5.22521101650087e-7
6603 5.222054726583987e-7
6604 5.220869113188587e-7
6605 5.222711612645995e-7
6606 5.218882417590004e-7
6607 5.21096766112624e-7
6608 5.208660528979294e-7
6609 5.210038395747166e-7
6610 5.210038395747166e-7
6611 5.21434825479343e-7
6612 5.214620615775039e-7
6613 5.21699184256584e-7
6614 5.214332235716331e-7
6615 5.218337677291332e-7
6616 5.215229450717567e-7
6617 5.212313489739913e-7
6618 5.22059673998334e-7
6619 5.221926549519913e-7
6620 5.222391176097631e-7
6621 5.222263005145376e-7
6622 5.222503327972785e-7
6623 5.222038701395068e-7
6624 5.222038701395068e-7
6625 5.219987911152631e-7
6626 5.217889057567076e-7
6627 5.22021221490294e-7
6628 5.221814397644758e-7
6629 5.223192270524449e-7
6630 5.223032049194358e-7
6631 5.22259946077084e-7
6632 5.219058651885376e-7
6633 5.219122740417412e-7
6634 5.218337677291331e-7
6635 5.221365784032321e-7
6636 5.221205568814049e-7
6637 5.214252121995376e-7
6638 5.216863671613585e-7
6639 5.214780843216949e-7
6640 5.215037185121457e-7
6641 5.220564701829139e-7
6642 5.221542024439511e-7
6643 5.220132113405621e-7
6644 5.22237515702053e-7
6645 5.22175030911272e-7
6646 5.220468569031084e-7
6647 5.220805024656547e-7
6648 5.220869113188584e-7
6649 5.22176632818982e-7
6650 5.222791726366948e-7
6651 5.221093416938893e-7
6652 5.220244265280775e-7
6653 5.223208289601547e-7
6654 5.221846435798956e-7
6655 5.223801099355157e-7
6656 5.223016030117257e-7
6657 5.223112156803493e-7
6658 5.223448612428957e-7
6659 5.222134834193121e-7
6660 5.220580720906238e-7
6661 5.221702245769602e-7
6662 5.219603392184048e-7
6663 5.222279024222475e-7
6664 5.219234892292566e-7
6665 5.222198916613338e-7
6666 5.221173524548029e-7
6667 5.218017240742966e-7
6668 5.21816143077232e-7
6669 5.217184108161948e-7
6670 5.219859740200375e-7
6671 5.218289601724574e-7
6672 5.223112156803493e-7
6673 5.22457014340414e-7
6674 5.226204358188339e-7
6675 5.232468874678985e-7
6676 5.248586767665221e-7
6677 5.248586767665221e-7
6678 5.248586767665221e-7
6679 5.248586767665221e-7
6680 5.248586767665221e-7
6681 5.248586767665221e-7
6682 5.248586767665221e-7
6683 5.248586767665221e-7
6684 5.248586767665221e-7
6685 5.248586767665221e-7
6686 5.248586767665221e-7
6687 5.248586767665221e-7
6688 5.248586767665221e-7
6689 5.248586767665221e-7
6690 5.248586767665221e-7
6691 5.248586767665221e-7
6692 5.248586767665221e-7
6693 5.25398610730883e-7
6694 5.254450739998367e-7
6695 5.257687137524386e-7
6696 5.265906305347595e-7
6697 5.264432305781668e-7
6698 5.267540520131794e-7
6699 5.284779944093213e-7
6700 5.284779944093213e-7
6701 5.284779944093213e-7
6702 5.284779944093213e-7
6703 5.284779944093213e-7
6704 5.284779944093213e-7
6705 5.284779944093213e-7
6706 5.284779944093213e-7
6707 5.284779944093213e-7
6708 5.284779944093213e-7
6709 5.284779944093213e-7
6710 5.284779944093213e-7
6711 5.284779944093213e-7
6712 5.284779944093213e-7
6713 5.284779944093213e-7
6714 5.288336778167595e-7
6715 5.288336778167595e-7
6716 5.292774808166113e-7
6717 5.297148755744414e-7
6718 5.297148755744414e-7
6719 5.305896638677378e-7
6720 5.310751231910495e-7
6721 5.317592526854013e-7
6722 5.316535090522685e-7
6723 5.316631223320741e-7
6724 5.314099781311667e-7
6725 5.311007586038641e-7
6726 5.309837997832159e-7
6727 5.311888775850958e-7
6728 5.311888775850958e-7
6729 5.311856737696759e-7
6730 5.313555041012995e-7
6731 5.312625781745741e-7
6732 5.311600383568613e-7
6733 5.315525723646296e-7
6734 5.313506983781696e-7
6735 5.312786003075833e-7
6736 5.311792649164723e-7
6737 5.313202566310432e-7
6738 5.315237331363951e-7
6739 5.313154496855496e-7
6740 5.314211933186824e-7
6741 5.312529648947688e-7
6742 5.313154496855497e-7
6743 5.312834066418953e-7
6744 5.311071668458861e-7
6745 5.312818041230033e-7
6746 5.304678987127779e-7
6747 5.304678987127779e-7
6748 5.310478870928889e-7
6749 5.315477666414998e-7
6750 5.317127900276297e-7
6751 5.314884856661389e-7
6752 5.314884856661389e-7
6753 5.321886366823179e-7
6754 5.320941082367006e-7
6755 5.323953176142715e-7
6756 5.328839813641851e-7
6757 5.326100093071388e-7
6758 5.324610068316542e-7
6759 5.32965692714577e-7
6760 5.332348578261296e-7
6761 5.33343806497046e-7
6762 5.332524818668487e-7
6763 5.331675667010369e-7
6764 5.332108249322068e-7
6765 5.336337988535559e-7
6766 5.336722519727778e-7
6767 5.331323192307806e-7
6768 5.334415387580833e-7
6769 5.338036310187252e-7
6770 5.334399368503733e-7
6771 5.335168412552714e-7
6772 5.334303235705678e-7
6773 5.330890597772469e-7
6774 5.326420529619752e-7
6775 5.326420529619752e-7
6776 5.326420529619752e-7
6777 5.326420529619752e-7
6778 5.326420529619752e-7
6779 5.326420529619752e-7
6780 5.334735830241015e-7
6781 5.34144895423228e-7
6782 5.339526334942097e-7
6783 5.340167208038825e-7
6784 5.336754570105616e-7
6785 5.336594354887344e-7
6786 5.340792055946635e-7
6787 5.340711948337498e-7
6788 5.340439575132252e-7
6789 5.34108044822898e-7
6790 5.341657232793671e-7
6791 5.343724036001389e-7
6792 5.340039030974752e-7
6793 5.337026943310862e-7
6794 5.333966786192035e-7
6795 5.333966786192035e-7
6796 5.333966786192035e-7
6797 5.333966786192035e-7
6798 5.333966786192035e-7
6799 5.333966786192035e-7
6800 5.337956208689935e-7
6801 5.339622473851972e-7
6802 5.339622473851972e-7
6803 5.339622473851972e-7
6804 5.350565330944907e-7
6805 5.348370356784935e-7
6806 5.348017875970554e-7
6807 5.346784193120216e-7
6808 5.343836200100181e-7
6809 5.343836200100181e-7
6810 5.343836200100181e-7
6811 5.343836200100181e-7
6812 5.350405127950272e-7
6813 5.353144854632555e-7
6814 5.356525442187927e-7
6815 5.352920550882246e-7
6816 5.356333182703637e-7
6817 5.358752466725736e-7
6818 5.360146358682527e-7
6819 5.362052946671972e-7
6820 5.3635109271608e-7
6821 5.3654976288712e-7
6822 5.380894541151573e-7
6823 5.383201679410337e-7
6824 5.383201679410337e-7
6825 5.383201679410337e-7
6826 5.383201679410337e-7
6827 5.383201679410337e-7
6828 5.383201679410337e-7
6829 5.383201679410337e-7
6830 5.383201679410337e-7
6831 5.383201679410337e-7
6832 5.389834689680645e-7
6833 5.3955704788379e-7
6834 5.392446233187036e-7
6835 5.3879441207683e-7
6836 5.3879441207683e-7
6837 5.391789347125027e-7
6838 5.390283297181263e-7
6839 5.392189891282527e-7
6840 5.392189891282527e-7
6841 5.392189891282527e-7
6842 5.392189891282527e-7
6843 5.392189891282527e-7
6844 5.392189891282527e-7
6845 5.392189891282527e-7
6846 5.39853450927049e-7
6847 5.398486445927372e-7
6848 5.40058528728929e-7
6849 5.394769396634718e-7
6850 5.392366131689717e-7
6851 5.398550540571228e-7
6852 5.399960445493299e-7
6853 5.396836193730617e-7
6854 5.394977669084289e-7
6855 5.397012440249625e-7
6856 5.399559901335798e-7
6857 5.401899077748762e-7
6858 5.40069745138808e-7
6859 5.400248831663824e-7
6860 5.402075318155952e-7
6861 5.399479793726662e-7
6862 5.394673257724843e-7
6863 5.398214072722126e-7
6864 5.399704097476972e-7
6865 5.398806882475736e-7
6866 5.400633356744226e-7
6867 5.396964370794689e-7
6868 5.39592295965228e-7
6869 5.39592295965228e-7
6870 5.39592295965228e-7
6871 5.401546609158017e-7
6872 5.4010980016574e-7
6873 5.401899083860581e-7
6874 5.40292447592589e-7
6875 5.399559907447617e-7
6876 5.40010464774629e-7
6877 5.407618860052554e-7
6878 5.405295696604871e-7
6879 5.405728291140209e-7
6880 5.40692991750089e-7
6881 5.405808392637526e-7
6882 5.40813154997339e-7
6883 5.408804467336135e-7
6884 5.407410575379345e-7
6885 5.406689594673481e-7
6886 5.410374599700118e-7
6887 5.409990074619718e-7
6888 5.424153310161572e-7
6889 5.436698368331783e-7
6890 5.436698368331783e-7
6891 5.436698368331783e-7
6892 5.436698368331783e-7
6893 5.436698368331783e-7
6894 5.436698368331783e-7
6895 5.436698368331783e-7
6896 5.436698368331783e-7
6897 5.436698368331783e-7
6898 5.436698368331783e-7
6899 5.436698368331783e-7
6900 5.436698368331783e-7
6901 5.436698368331783e-7
6902 5.436698368331783e-7
6903 5.436698368331783e-7
6904 5.436698368331783e-7
6905 5.436698368331783e-7
6906 5.436698368331783e-7
6907 5.436698368331783e-7
6908 5.436698368331783e-7
6909 5.436698368331783e-7
6910 5.436698368331783e-7
6911 5.436698368331783e-7
6912 5.436698368331783e-7
6913 5.444949574309192e-7
6914 5.450300844497865e-7
6915 5.452816267429838e-7
6916 5.452127324878174e-7
6917 5.453713482431074e-7
6918 5.452143350067092e-7
6919 5.455187481997001e-7
6920 5.456228899251229e-7
6921 5.456292987783265e-7
6922 5.455203501074101e-7
6923 5.456453203001537e-7
6924 5.452768197974901e-7
6925 5.454242197540828e-7
6926 5.45219141341021e-7
6927 5.450989780937711e-7
6928 5.450957736671692e-7
6929 5.446503687596074e-7
6930 5.447016389740547e-7
6931 5.442914815367493e-7
6932 5.446904225641755e-7
6933 5.451534515124564e-7
6934 5.451150002267801e-7
6935 5.447641225424718e-7
6936 5.454049938056537e-7
6937 5.452543894224592e-7
6938 5.455299633872156e-7
6939 5.451838932595829e-7
6940 5.454242197540829e-7
6941 5.451887002050766e-7
6942 5.453681438165056e-7
6943 5.444308707324283e-7
6944 5.447529073549564e-7
6945 5.451854951672927e-7
6946 5.450108585013573e-7
6947 5.454114026588573e-7
6948 5.452896368927155e-7
6949 5.45179086925271e-7
6950 5.454146070854592e-7
6951 5.454017893790519e-7
6952 5.452527869035674e-7
6953 5.45217539433311e-7
6954 5.452688084253946e-7
6955 5.45219141341021e-7
6956 5.452575932378791e-7
6957 5.453873703761165e-7
6958 5.449627927135119e-7
6959 5.446151206781691e-7
6960 5.453489178680764e-7
6961 5.455043291967646e-7
6962 5.453312932161754e-7
6963 5.452191413410209e-7
6964 5.4595934677295e-7
6965 5.459385183056291e-7
6966 5.459913904277864e-7
6967 5.4604265941987e-7
6968 5.463967403084163e-7
6969 5.467123686889227e-7
6970 5.464255795366509e-7
6971 5.466162383355954e-7
6972 5.472667228785828e-7
6973 5.468117040800337e-7
6974 5.469623090744101e-7
6975 5.476400291043764e-7
6976 5.474509722131418e-7
6977 5.476528461996018e-7
6978 5.474621874006573e-7
6979 5.474157247428855e-7
6980 5.480646055446172e-7
6981 5.478242796612991e-7
6982 5.472827437892281e-7
6983 5.4756632912608e-7
6984 5.479732821367837e-7
6985 5.477762138734537e-7
6986 5.475374898978455e-7
6987 5.476720727592128e-7
6988 5.474445639711201e-7
6989 5.471161172730246e-7
6990 5.471161172730246e-7
6991 5.471161172730246e-7
6992 5.471161172730246e-7
6993 5.471161172730246e-7
6994 5.471161172730246e-7
6995 5.471161172730246e-7
6996 5.471161172730246e-7
6997 5.471161172730246e-7
6998 5.471161172730246e-7
6999 5.471161172730246e-7
7000 5.471161172730246e-7
7001 5.481351017074937e-7
7002 5.484363110850647e-7
7003 5.48609346454472e-7
7004 5.487006704734874e-7
7005 5.483626111067683e-7
7006 5.48349793400361e-7
7007 5.484715591665028e-7
7008 5.482969212782037e-7
7009 5.482969212782037e-7
7010 5.482632757156574e-7
7011 5.484635477944074e-7
7012 5.481623390280183e-7
7013 5.482600719002374e-7
7014 5.486814439138765e-7
7015 5.494777258945647e-7
7016 5.508411785489565e-7
7017 5.508411785489565e-7
7018 5.508411785489565e-7
7019 5.508411785489565e-7
7020 5.508411785489565e-7
7021 5.508411785489565e-7
7022 5.508411785489565e-7
7023 5.508411785489565e-7
7024 5.508411785489565e-7
7025 5.508411785489565e-7
7026 5.508411785489565e-7
7027 5.508411785489565e-7
7028 5.508411785489565e-7
7029 5.508411785489565e-7
7030 5.514868555352683e-7
7031 5.514868555352683e-7
7032 5.514868555352683e-7
7033 5.514868555352683e-7
7034 5.514868555352683e-7
7035 5.521068977199473e-7
7036 5.523039653720955e-7
7037 5.524049032820983e-7
7038 5.526708639670491e-7
7039 5.526708639670491e-7
7040 5.52991299904231e-7
7041 5.531018498716756e-7
7042 5.533101327113392e-7
7043 5.530121283715519e-7
7044 5.540615533307837e-7
7045 5.549107074336293e-7
7046 5.566186270855801e-7
7047 5.566186270855801e-7
7048 5.566186270855801e-7
7049 5.566186270855801e-7
7050 5.566186270855801e-7
7051 5.566186270855801e-7
7052 5.566186270855801e-7
7053 5.5786191588154e-7
7054 5.5786191588154e-7
7055 5.582159973812683e-7
7056 5.582159973812683e-7
7057 5.582159973812683e-7
7058 5.582159973812683e-7
7059 5.582159973812683e-7
7060 5.582159973812683e-7
7061 5.582159973812683e-7
7062 5.582159973812683e-7
7063 5.582159973812683e-7
7064 5.582159973812683e-7
7065 5.582159973812683e-7
7066 5.582159973812683e-7
7067 5.582159973812683e-7
7068 5.582159973812683e-7
7069 5.582159973812683e-7
7070 5.582159973812683e-7
7071 5.582159973812683e-7
7072 5.582159973812683e-7
7073 5.582159973812683e-7
7074 5.582159973812683e-7
7075 5.582159973812683e-7
7076 5.582159973812683e-7
7077 5.582159973812683e-7
7078 5.582159973812683e-7
7079 5.582159973812683e-7
7080 5.582159973812683e-7
7081 5.582159973812683e-7
7082 5.586630054189038e-7
7083 5.593166931661293e-7
7084 5.587190813564811e-7
7085 5.587190813564811e-7
7086 5.591516691688175e-7
7087 5.600296624998975e-7
7088 5.599143055869594e-7
7089 5.599159074946693e-7
7090 5.602042991658329e-7
7091 5.59824582864472e-7
7092 5.597749163912803e-7
7093 5.598870682664348e-7
7094 5.602395466360893e-7
7095 5.599992195304074e-7
7096 5.599030891770802e-7
7097 5.610534520463147e-7
7098 5.609605255084075e-7
7099 5.603004282967966e-7
7100 5.607362205357348e-7
7101 5.608724059159939e-7
7102 5.604302042126702e-7
7103 5.609236749080775e-7
7104 5.609493097097102e-7
7105 5.605423573101884e-7
7106 5.604462263456793e-7
7107 5.604109788754229e-7
7108 5.604173871174446e-7
7109 5.602203188541146e-7
7110 5.595858570553183e-7
7111 5.594000052018674e-7
7112 5.597572899058338e-7
7113 5.597572899058338e-7
7114 5.597572899058338e-7
7115 5.597572899058338e-7
7116 5.597572899058338e-7
7117 5.597572899058338e-7
7118 5.603565036231919e-7
7119 5.603565036231919e-7
7120 5.603565036231919e-7
7121 5.603565036231919e-7
7122 5.608099192916674e-7
7123 5.608323508890621e-7
7124 5.614043278970775e-7
7125 5.61599792419152e-7
7126 5.615004582504048e-7
7127 5.617920543481702e-7
7128 5.618048720545775e-7
7129 5.616606759134047e-7
7130 5.617455910792165e-7
7131 5.618433239514356e-7
7132 5.616206208864728e-7
7133 5.615308993863492e-7
7134 5.616686866743183e-7
7135 5.619907245192102e-7
7136 5.616110088290311e-7
7137 5.617519999324201e-7
7138 5.615260924408555e-7
7139 5.615260924408555e-7
7140 5.615260924408555e-7
7141 5.619394536935809e-7
7142 5.619650884952136e-7
7143 5.622150282695192e-7
7144 5.626267876145347e-7
7145 5.633077120711028e-7
7146 5.637130631740965e-7
7147 5.632548405601274e-7
7148 5.632067753834638e-7
7149 5.633990367013002e-7
7150 5.633029063479729e-7
7151 5.634102518888156e-7
7152 5.62900759671581e-7
7153 5.630241279566148e-7
7154 5.63701847986581e-7
7155 5.639069263996428e-7
7156 5.639037225842228e-7
7157 5.641184136659082e-7
7158 5.641648769348619e-7
7159 5.662316850320346e-7
7160 5.662316850320346e-7
7161 5.66864544923121e-7
7162 5.673227669259083e-7
7163 5.674317155968247e-7
7164 5.670536018143557e-7
7165 5.673131536461029e-7
7166 5.672971327354576e-7
7167 5.675839218877294e-7
7168 5.676816547599485e-7
7169 5.677938072462849e-7
7170 5.67430113077933e-7
7171 5.682584393246394e-7
7172 5.679588318547785e-7
7173 5.67968445134584e-7
7174 5.677217097868803e-7
7175 5.680725868600067e-7
7176 5.680725868600067e-7
7177 5.680950172350376e-7
7178 5.681302647052939e-7
7179 5.678386692187103e-7
7180 5.679908755096149e-7
7181 5.678306578466149e-7
7182 5.679652407079821e-7
7183 5.681302647052939e-7
7184 5.676896667432259e-7
7185 5.683962266126085e-7
7186 5.676704401836148e-7
7187 5.673403915778094e-7
7188 5.679524230015748e-7
7189 5.679155724012447e-7
7190 5.678034205260903e-7
7191 5.678530876104638e-7
7192 5.677024832272693e-7
7193 5.679620356701983e-7
7194 5.679908748984329e-7
7195 5.676367940098865e-7
7196 5.676367940098865e-7
7197 5.676367940098865e-7
7198 5.676367940098865e-7
7199 5.676367940098865e-7
7200 5.676367940098865e-7
7201 5.676367940098865e-7
7202 5.676367940098865e-7
7203 5.682920842760038e-7
7204 5.686301436427229e-7
7205 5.687358866646737e-7
7206 5.685516373301147e-7
7207 5.691925079821147e-7
7208 5.692229491180593e-7
7209 5.689217397404883e-7
7210 5.687262739960501e-7
7211 5.693238858056983e-7
7212 5.702082873788001e-7
7213 5.702403310336365e-7
7214 5.706264555770192e-7
7215 5.713794781041737e-7
7216 5.721821689380655e-7
7217 5.721821689380655e-7
7218 5.721821689380655e-7
7219 5.721821689380655e-7
7220 5.721821689380655e-7
7221 5.721821689380655e-7
7222 5.721821689380655e-7
7223 5.721821689380655e-7
7224 5.721821689380655e-7
7225 5.728630946169973e-7
7226 5.728630946169973e-7
7227 5.728630946169973e-7
7228 5.728630946169973e-7
7229 5.738516379155219e-7
7230 5.738035721276764e-7
7231 5.739734030704818e-7
7232 5.740022422987163e-7
7233 5.743050535839972e-7
7234 5.740983726520436e-7
7235 5.739429625457192e-7
7236 5.739734030704818e-7
7237 5.736593765976854e-7
7238 5.738868853857781e-7
7239 5.7380677716546e-7
7240 5.739846182579972e-7
7241 5.741208030270744e-7
7242 5.740166625240154e-7
7243 5.740823511302162e-7
7244 5.752214988119354e-7
7245 5.762500971373918e-7
7246 5.762500971373918e-7
7247 5.762500971373918e-7
7248 5.762500971373918e-7
7249 5.762500971373918e-7
7250 5.762500971373918e-7
7251 5.762500971373918e-7
7252 5.762500971373918e-7
7253 5.762500971373918e-7
7254 5.762500971373918e-7
7255 5.762500971373918e-7
7256 5.762500971373918e-7
7257 5.762500971373918e-7
7258 5.762500971373918e-7
7259 5.762500971373918e-7
7260 5.762500971373918e-7
7261 5.762500971373918e-7
7262 5.762500971373918e-7
7263 5.762500971373918e-7
7264 5.762500971373918e-7
7265 5.762500971373918e-7
7266 5.762500971373918e-7
7267 5.762500971373918e-7
7268 5.762500971373918e-7
7269 5.764695951645709e-7
7270 5.774469232755801e-7
7271 5.775558713353146e-7
7272 5.775318390525737e-7
7273 5.777449282265491e-7
7274 5.786773955874965e-7
7275 5.799815672665274e-7
7276 5.799815672665274e-7
7277 5.799815672665274e-7
7278 5.80771440394012e-7
7279 5.811463491386973e-7
7280 5.812264585813793e-7
7281 5.811864035544474e-7
7282 5.814107085271202e-7
7283 5.809572922474629e-7
7284 5.806753100406848e-7
7285 5.804413911770247e-7
7286 5.809204428694966e-7
7287 5.810390035978548e-7
7288 5.807089556032311e-7
7289 5.807874619158393e-7
7290 5.806240404374193e-7
7291 5.803388525816756e-7
7292 5.807794517661075e-7
7293 5.810582301574657e-7
7294 5.808948080678639e-7
7295 5.807874619158393e-7
7296 5.81175188366932e-7
7297 5.81292147798762e-7
7298 5.812024262986384e-7
7299 5.812408775843147e-7
7300 5.808900011223702e-7
7301 5.802763677908948e-7
7302 5.802763677908948e-7
7303 5.802763677908948e-7
7304 5.802763677908948e-7
7305 5.802763677908948e-7
7306 5.802763677908948e-7
7307 5.802763677908948e-7
7308 5.812905452798702e-7
7309 5.810886712934102e-7
7310 5.819137931135149e-7
7311 5.822454430158484e-7
7312 5.820435690293884e-7
7313 5.821653335731665e-7
7314 5.821589259423266e-7
7315 5.822694752985892e-7
7316 5.82170141129842e-7
7317 5.820916335948701e-7
7318 5.823672087819902e-7
7319 5.82631567559231e-7
7320 5.83011283860592e-7
7321 5.838476190346664e-7
7322 5.849899717541692e-7
7323 5.849899717541692e-7
7324 5.849899717541692e-7
7325 5.849899717541692e-7
7326 5.870776083186628e-7
7327 5.871465019626474e-7
7328 5.868629160146137e-7
7329 5.868629160146137e-7
7330 5.868629160146137e-7
7331 5.873515803757093e-7
7332 5.878450498487528e-7
7333 5.876063258731446e-7
7334 5.879700194303146e-7
7335 5.879491915741755e-7
7336 5.881847117343638e-7
7337 5.883321123021383e-7
7338 5.883785749599101e-7
7339 5.876287562481756e-7
7340 5.877905758188855e-7
7341 5.883737686255983e-7
7342 5.883465313050737e-7
7343 5.879187498270492e-7
7344 5.880020630851509e-7
7345 5.879956548431292e-7
7346 5.879331700523483e-7
7347 5.877873720034656e-7
7348 5.880725592480274e-7
7349 5.881013984762619e-7
7350 5.873836234193637e-7
7351 5.8765759547641e-7
7352 5.875358297102682e-7
7353 5.879203529571228e-7
7354 5.885147597289873e-7
7355 5.884266407477555e-7
7356 5.883545426771692e-7
7357 5.882600142315519e-7
7358 5.885564166636291e-7
7359 5.885548147559192e-7
7360 5.884843185930427e-7
7361 5.884138224301663e-7
7362 5.885468033838237e-7
7363 5.883577464925891e-7
7364 5.881206250358729e-7
7365 5.882039370716109e-7
7366 5.883593484002992e-7
7367 5.881815066965801e-7
7368 5.883737686255983e-7
7369 5.883769730522002e-7
7370 5.885403945306201e-7
7371 5.884971356882683e-7
7372 5.883273053566447e-7
7373 5.89280600573731e-7
7374 5.909741006115646e-7
7375 5.909741006115646e-7
7376 5.909741006115646e-7
7377 5.909741006115646e-7
7378 5.909741006115646e-7
7379 5.909741006115646e-7
7380 5.909741006115646e-7
7381 5.909741006115646e-7
7382 5.909741006115646e-7
7383 5.909741006115646e-7
7384 5.909741006115646e-7
7385 5.909741006115646e-7
7386 5.909741006115646e-7
7387 5.909741006115646e-7
7388 5.909741006115646e-7
7389 5.909741006115646e-7
7390 5.909741006115646e-7
7391 5.909741006115646e-7
7392 5.909741006115646e-7
7393 5.909741006115646e-7
7394 5.909741006115646e-7
7395 5.909741006115646e-7
7396 5.909741006115646e-7
7397 5.909741006115646e-7
7398 5.909741006115646e-7
7399 5.909741006115646e-7
7400 5.909741006115646e-7
7401 5.912336536656755e-7
7402 5.922205944453083e-7
7403 5.923407576925582e-7
7404 5.919978913803454e-7
7405 5.921484963747218e-7
7406 5.922157874998146e-7
7407 5.925025772632682e-7
7408 5.925073842087619e-7
7409 5.92246229246941e-7
7410 5.921885501792901e-7
7411 5.923311444127528e-7
7412 5.922718634373919e-7
7413 5.923647899752991e-7
7414 5.922926919047128e-7
7415 5.931258244857311e-7
7416 5.932235573579502e-7
7417 5.933821725020584e-7
7418 5.93471894002182e-7
7419 5.933581402193175e-7
7420 5.929864346788701e-7
7421 5.930905764042928e-7
7422 5.932075346137591e-7
7423 5.934318401976137e-7
7424 5.926708056871819e-7
7425 5.927957752687436e-7
7426 5.928005828254192e-7
7427 5.928005828254192e-7
7428 5.928005828254192e-7
7429 5.928005828254192e-7
7430 5.933661515914128e-7
7431 5.936096825125146e-7
7432 5.936176938846101e-7
7433 5.940871310749128e-7
7434 5.942617683520302e-7
7435 5.940230437652402e-7
7436 5.940230437652402e-7
7437 5.940230437652402e-7
7438 5.940230437652402e-7
7439 5.954553900636165e-7
7440 5.954361635040056e-7
7441 5.959584734276475e-7
7442 5.966345921610857e-7
7443 5.969726515278048e-7
7444 5.971601059001475e-7
7445 5.988520040302711e-7
7446 5.988520040302711e-7
7447 6.000888851953912e-7
7448 6.000888851953912e-7
7449 6.000888851953912e-7
7450 6.000888851953912e-7
7451 6.000888851953912e-7
7452 6.000888851953912e-7
7453 6.000888851953912e-7
7454 6.000888851953912e-7
7455 6.000888851953912e-7
7456 6.000888851953912e-7
7457 6.000888851953912e-7
7458 6.000888851953912e-7
7459 6.000888851953912e-7
7460 6.000888851953912e-7
7461 6.000888851953912e-7
7462 6.000888851953912e-7
7463 6.000888851953912e-7
7464 6.000888851953912e-7
7465 6.000888851953912e-7
7466 6.000888851953912e-7
7467 6.000888851953912e-7
7468 6.011767632738448e-7
7469 6.014891878389312e-7
7470 6.014523372386011e-7
7471 6.015116182139621e-7
7472 6.018929358118511e-7
7473 6.019201725211938e-7
7474 6.015596827794438e-7
7475 6.015596827794438e-7
7476 6.015596827794438e-7
7477 6.015596827794438e-7
7478 6.015596827794438e-7
7479 6.015596827794438e-7
7480 6.015596827794438e-7
7481 6.022149730455611e-7
7482 6.022149730455611e-7
7483 6.022149730455611e-7
7484 6.022149730455611e-7
7485 6.022149730455611e-7
7486 6.022149730455611e-7
7487 6.022149730455611e-7
7488 6.022149730455611e-7
7489 6.022149730455611e-7
7490 6.022149730455611e-7
7491 6.022149730455611e-7
7492 6.022149730455611e-7
7493 6.025049666244347e-7
7494 6.036569314013791e-7
7495 6.03780299075231e-7
7496 6.036809649064838e-7
7497 6.035864358496846e-7
7498 6.035864358496846e-7
7499 6.034871004585737e-7
7500 6.037354383251692e-7
7501 6.036777598687001e-7
7502 6.029087145973546e-7
7503 6.028077779097155e-7
7504 6.030032436541537e-7
7505 6.031298151434255e-7
7506 6.032451720563637e-7
7507 6.035527902871382e-7
7508 6.034694776402183e-7
7509 6.035736181432773e-7
7510 6.034678745101445e-7
7511 6.031971068797e-7
7512 6.034005833850519e-7
7513 6.033701422491073e-7
7514 6.033861637709346e-7
7515 6.033429055397647e-7
7516 6.033653359147955e-7
7517 6.032275486268264e-7
7518 6.036681465888945e-7
7519 6.036008554638017e-7
7520 6.035575966214499e-7
7521 6.035239510589036e-7
7522 6.03498315646089e-7
7523 6.035063270181845e-7
7524 6.039020648413728e-7
7525 6.038411819583019e-7
7526 6.036953839094192e-7
7527 6.033172701269501e-7
7528 6.033717441568174e-7
7529 6.032643980047928e-7
7530 6.036617383468729e-7
7531 6.035223491511938e-7
7532 6.037146104690302e-7
7533 6.033845618632247e-7
7534 6.035175422057002e-7
7535 6.035527902871383e-7
7536 6.035175422057002e-7
7537 6.037322345097494e-7
7538 6.034278207055767e-7
7539 6.035383706730212e-7
7540 6.037354383251694e-7
7541 6.03280420748984e-7
7542 6.026075058309658e-7
7543 6.032211397736231e-7
7544 6.030144588416695e-7
7545 6.030961695808794e-7
7546 6.028718652193885e-7
7547 6.026908197002495e-7
7548 6.027100456486786e-7
7549 6.033300872221758e-7
7550 6.042176938330613e-7
7551 6.042737691594567e-7
7552 6.047191752893822e-7
7553 6.046022152463703e-7
7554 6.044868589446141e-7
7555 6.039501306292187e-7
7556 6.038171496755614e-7
7557 6.036905775751078e-7
7558 6.036152750779196e-7
7559 6.047800575612713e-7
7560 6.046150335639595e-7
7561 6.043314488382896e-7
7562 6.046246480661288e-7
7563 6.046534860719995e-7
7564 6.044275798027987e-7
7565 6.053632515903479e-7
7566 6.072073566225579e-7
7567 6.080613170597152e-7
7568 6.080613170597152e-7
7569 6.080613170597152e-7
7570 6.080613170597152e-7
7571 6.080613170597152e-7
7572 6.080613170597152e-7
7573 6.080613170597152e-7
7574 6.080613170597152e-7
7575 6.080613170597152e-7
7576 6.080613170597152e-7
7577 6.080613170597152e-7
7578 6.080613170597152e-7
7579 6.080613170597152e-7
7580 6.080613170597152e-7
7581 6.080613170597152e-7
7582 6.080613170597152e-7
7583 6.080613170597152e-7
7584 6.086429073475361e-7
7585 6.083465049154589e-7
7586 6.095897937114188e-7
7587 6.09629847515987e-7
7588 6.10007961298456e-7
7589 6.123839901452953e-7
7590 6.123839901452953e-7
7591 6.123839901452953e-7
7592 6.123839901452953e-7
7593 6.123839901452953e-7
7594 6.123839901452953e-7
7595 6.123839901452953e-7
7596 6.123839901452953e-7
7597 6.123839901452953e-7
7598 6.123839901452953e-7
7599 6.123839901452953e-7
7600 6.123839901452953e-7
7601 6.123839901452953e-7
7602 6.123839901452953e-7
7603 6.123839901452953e-7
7604 6.123839901452953e-7
7605 6.123839901452953e-7
7606 6.123839901452953e-7
7607 6.123839901452953e-7
7608 6.123839901452953e-7
7609 6.123839901452953e-7
7610 6.123839901452953e-7
7611 6.123839901452953e-7
7612 6.123839901452953e-7
7613 6.123839901452953e-7
7614 6.123839901452953e-7
7615 6.123839901452953e-7
7616 6.123839901452953e-7
7617 6.132523701965698e-7
7618 6.132523701965698e-7
7619 6.132523701965698e-7
7620 6.132523701965698e-7
7621 6.132523701965698e-7
7622 6.134141897672798e-7
7623 6.134141897672798e-7
7624 6.134141897672798e-7
7625 6.134141897672798e-7
7626 6.134141897672798e-7
7627 6.139220800768043e-7
7628 6.14031027525357e-7
7629 6.139765534954897e-7
7630 6.139765534954897e-7
7631 6.139765534954897e-7
7632 6.143963236014188e-7
7633 6.141992559492706e-7
7634 6.141399755850915e-7
7635 6.141399755850915e-7
7636 6.141399755850915e-7
7637 6.141399755850915e-7
7638 6.141399755850915e-7
7639 6.141399755850915e-7
7640 6.141399755850915e-7
7641 6.141399755850915e-7
7642 6.146895222180761e-7
7643 6.150019467831624e-7
7644 6.152438757965543e-7
7645 6.152438757965543e-7
7646 6.152438757965543e-7
7647 6.155963541662088e-7
7648 6.156460218617643e-7
7649 6.164631323097734e-7
7650 6.159472312393352e-7
7651 6.158783375953506e-7
7652 6.162420317637025e-7
7653 6.15753367402607e-7
7654 6.160946311959278e-7
7655 6.164423038424525e-7
7656 6.162644621387334e-7
7657 6.161555146901807e-7
7658 6.155659136414461e-7
7659 6.155659136414461e-7
7660 6.155659136414461e-7
7661 6.155659136414461e-7
7662 6.155659136414461e-7
7663 6.15945629942807e-7
7664 6.15945629942807e-7
7665 6.15945629942807e-7
7666 6.15945629942807e-7
7667 6.15945629942807e-7
7668 6.15945629942807e-7
7669 6.15945629942807e-7
7670 6.15945629942807e-7
7671 6.15945629942807e-7
7672 6.15945629942807e-7
7673 6.15945629942807e-7
7674 6.15945629942807e-7
7675 6.15945629942807e-7
7676 6.15945629942807e-7
7677 6.15945629942807e-7
7678 6.15945629942807e-7
7679 6.15945629942807e-7
7680 6.15945629942807e-7
7681 6.15945629942807e-7
7682 6.15945629942807e-7
7683 6.15945629942807e-7
7684 6.15945629942807e-7
7685 6.165560594588624e-7
7686 6.162228064264551e-7
7687 6.16187558345017e-7
7688 6.154313307800787e-7
7689 6.157790028154214e-7
7690 6.157934230407205e-7
7691 6.162981089236433e-7
7692 6.162981089236433e-7
7693 6.162981089236433e-7
7694 6.162981089236433e-7
7695 6.162981089236433e-7
7696 6.162981089236433e-7
7697 6.162981089236433e-7
7698 6.162981089236433e-7
7699 6.162981089236433e-7
7700 6.162981089236433e-7
7701 6.162981089236433e-7
7702 6.162981089236433e-7
7703 6.171344459312634e-7
7704 6.172690281814487e-7
7705 6.168780973037542e-7
7706 6.168780973037542e-7
7707 6.168780973037542e-7
7708 6.168780973037542e-7
7709 6.168780973037542e-7
7710 6.168780973037542e-7
7711 6.168780973037542e-7
7712 6.168780973037542e-7
7713 6.168780973037542e-7
7714 6.168780973037542e-7
7715 6.168780973037542e-7
7716 6.168780973037542e-7
7717 6.168780973037542e-7
7718 6.168780973037542e-7
7719 6.168780973037542e-7
7720 6.168780973037542e-7
7721 6.179098994446306e-7
7722 6.179098994446306e-7
7723 6.179098994446306e-7
7724 6.179098994446306e-7
7725 6.179098994446306e-7
7726 6.185059099577507e-7
7727 6.198949974137753e-7
7728 6.199815144872971e-7
7729 6.202955415712753e-7
7730 6.208354749244544e-7
7731 6.204701782372107e-7
7732 6.212183950412353e-7
7733 6.204878028891117e-7
7734 6.210565754705253e-7
7735 6.211559102504544e-7
7736 6.211334798754236e-7
7737 6.211094469815008e-7
7738 6.211655229190781e-7
7739 6.22666763472621e-7
7740 6.228157659481056e-7
7741 6.23293213899322e-7
7742 6.233941518093247e-7
7743 6.248345070350691e-7
7744 6.252622885130937e-7
7745 6.253792473337419e-7
7746 6.252654929396955e-7
7747 6.2545775364635e-7
7748 6.249178202931709e-7
7749 6.2481528108664e-7
7750 6.254096890808682e-7
7751 6.253103536897573e-7
7752 6.254433346434146e-7
7753 6.262027666349546e-7
7754 6.261114420047573e-7
7755 6.255843257468036e-7
7756 6.258022224774546e-7
7757 6.25997687610711e-7
7758 6.257028870863437e-7
7759 6.257028870863437e-7
7760 6.257028870863437e-7
7761 6.259816660888837e-7
7762 6.268933043713283e-7
7763 6.269686068685165e-7
7764 6.271208137706028e-7
7765 6.272698162460874e-7
7766 6.271512549065474e-7
7767 6.269654024419146e-7
7768 6.266049127001646e-7
7769 6.266049127001646e-7
7770 6.266049127001646e-7
7771 6.266049127001646e-7
7772 6.266049127001646e-7
7773 6.266049127001646e-7
7774 6.272666118194855e-7
7775 6.272666118194855e-7
7776 6.273146769961492e-7
7777 6.277312432866583e-7
7778 6.277312432866583e-7
7779 6.277312432866583e-7
7780 6.277312432866583e-7
7781 6.277312432866583e-7
7782 6.277312432866583e-7
7783 6.277312432866583e-7
7784 6.277312432866583e-7
7785 6.277312432866583e-7
7786 6.277312432866583e-7
7787 6.277312432866583e-7
7788 6.287261948272046e-7
7789 6.285739885363001e-7
7790 6.288527669276582e-7
7791 6.290049738297445e-7
7792 6.288415517401428e-7
7793 6.289440909466736e-7
7794 6.292613218460718e-7
7795 6.288079061775963e-7
7796 6.290674592317073e-7
7797 6.289745326938e-7
7798 6.291972351475809e-7
7799 6.290674592317073e-7
7800 6.2913795417222e-7
7801 6.287534321477291e-7
7802 6.2901298520184e-7
7803 6.292533110851581e-7
7804 6.290690611394173e-7
7805 6.29075469381439e-7
7806 6.289376820934699e-7
7807 6.288800042481827e-7
7808 6.286028277645345e-7
7809 6.288207232728217e-7
7810 6.291427611177136e-7
7811 6.292597199383618e-7
7812 6.292420958976427e-7
7813 6.293526464762691e-7
7814 6.288607776885718e-7
7815 6.2877426061505e-7
7816 6.290642541939236e-7
7817 6.296362318131209e-7
7818 6.301457234191736e-7
7819 6.313249255166427e-7
7820 6.313249255166427e-7
7821 6.313249255166427e-7
7822 6.313249255166427e-7
7823 6.313249255166427e-7
7824 6.313249255166427e-7
7825 6.313249255166427e-7
7826 6.313249255166427e-7
7827 6.313249255166427e-7
7828 6.313249255166427e-7
7829 6.313249255166427e-7
7830 6.313249255166427e-7
7831 6.313249255166427e-7
7832 6.313249255166427e-7
7833 6.313249255166427e-7
7834 6.313249255166427e-7
7835 6.313249255166427e-7
7836 6.313249255166427e-7
7837 6.313249255166427e-7
7838 6.313249255166427e-7
7839 6.313249255166427e-7
7840 6.317462975302817e-7
7841 6.317462975302817e-7
7842 6.317462975302817e-7
7843 6.317462975302817e-7
7844 6.317462975302817e-7
7845 6.317462975302817e-7
7846 6.317462975302817e-7
7847 6.317462975302817e-7
7848 6.317462975302817e-7
7849 6.317462975302817e-7
7850 6.317462975302817e-7
7851 6.317462975302817e-7
7852 6.317462975302817e-7
7853 6.317462975302817e-7
7854 6.317462975302817e-7
7855 6.317462975302817e-7
7856 6.317462975302817e-7
7857 6.317462975302817e-7
7858 6.317462975302817e-7
7859 6.317462975302817e-7
7860 6.317462975302817e-7
7861 6.317462975302817e-7
7862 6.317462975302817e-7
7863 6.317462975302817e-7
7864 6.317462975302817e-7
7865 6.317462975302817e-7
7866 6.317462975302817e-7
7867 6.317462975302817e-7
7868 6.317462975302817e-7
7869 6.317462975302817e-7
7870 6.317462975302817e-7
7871 6.317462975302817e-7
7872 6.317462975302817e-7
7873 6.317462975302817e-7
7874 6.317462975302817e-7
7875 6.317462975302817e-7
7876 6.317462975302817e-7
7877 6.317462975302817e-7
7878 6.317462975302817e-7
7879 6.330008015137572e-7
7880 6.332251058752481e-7
7881 6.339156448339854e-7
7882 6.337249848126771e-7
7883 6.364807287385136e-7
7884 6.364807287385136e-7
7885 6.364807287385136e-7
7886 6.364807287385136e-7
7887 6.364807287385136e-7
7888 6.364807287385136e-7
7889 6.364807287385136e-7
7890 6.364807287385136e-7
7891 6.364807287385136e-7
7892 6.364807287385136e-7
7893 6.364807287385136e-7
7894 6.364807287385136e-7
7895 6.364807287385136e-7
7896 6.364807287385136e-7
7897 6.364807287385136e-7
7898 6.364807287385136e-7
7899 6.364807287385136e-7
7900 6.364807287385136e-7
7901 6.364807287385136e-7
7902 6.364807287385136e-7
7903 6.364807287385136e-7
7904 6.364807287385136e-7
7905 6.364807287385136e-7
7906 6.364807287385136e-7
7907 6.364807287385136e-7
7908 6.364807287385136e-7
7909 6.364807287385136e-7
7910 6.364807287385136e-7
7911 6.364807287385136e-7
7912 6.376086606215353e-7
7913 6.376086606215353e-7
7914 6.383905235992881e-7
7915 6.381854445750444e-7
7916 6.381053357435444e-7
7917 6.387029475531926e-7
7918 6.384642229664026e-7
7919 6.384834495260135e-7
7920 6.391836011533744e-7
7921 6.39773202202109e-7
7922 6.39093879042069e-7
7923 6.396530383436772e-7
7924 6.398420952349117e-7
7925 6.398645256099426e-7
7926 6.40095239435819e-7
7927 6.401513159845781e-7
7928 6.399494413869363e-7
7929 6.3999590465589e-7
7930 6.398324819551063e-7
7931 6.395168535746e-7
7932 6.3975557816139e-7
7933 6.39935021772819e-7
7934 6.399590540555599e-7
7935 6.394383472619918e-7
7936 6.396786737564918e-7
7937 6.396306079686463e-7
7938 6.391771923001708e-7
7939 6.388551550664608e-7
7940 6.388551550664608e-7
7941 6.388551550664608e-7
7942 6.394367453542818e-7
7943 6.391179125471736e-7
7944 6.391179125471736e-7
7945 6.399254084930135e-7
7946 6.404493209355472e-7
7947 6.396995022238127e-7
7948 6.403900399601863e-7
7949 6.405262253404454e-7
7950 6.406111405062572e-7
7951 6.403628026396617e-7
7952 6.406383772156e-7
7953 6.409475973540846e-7
7954 6.408674885225846e-7
7955 6.417967508457482e-7
7956 6.415083585634028e-7
7957 6.417054268267328e-7
7958 6.408915214165073e-7
7959 6.410965992183873e-7
7960 6.41461895905631e-7
7961 6.416445439436619e-7
7962 6.412119561313255e-7
7963 6.414923376527574e-7
7964 6.410917934952574e-7
7965 6.406351721778164e-7
7966 6.406351721778164e-7
7967 6.406351721778164e-7
7968 6.406351721778164e-7
7969 6.406351721778164e-7
7970 6.406351721778164e-7
7971 6.406351721778164e-7
7972 6.406351721778164e-7
7973 6.406351721778164e-7
7974 6.406351721778164e-7
7975 6.406351721778164e-7
7976 6.406351721778164e-7
7977 6.406351721778164e-7
7978 6.406351721778164e-7
7979 6.410757707510664e-7
7980 6.412263751342609e-7
7981 6.412263751342609e-7
7982 6.412263751342609e-7
7983 6.418992894410973e-7
7984 6.421316051746836e-7
7985 6.425449664274091e-7
7986 6.427708733077918e-7
7987 6.42626677166619e-7
7988 6.422469614764399e-7
7989 6.424328145522545e-7
7990 6.422838114655881e-7
7991 6.424712658379308e-7
7992 6.423895557099027e-7
7993 6.429166713566744e-7
7994 6.428782194598163e-7
7995 6.427901004785845e-7
7996 6.423543076284644e-7
7997 6.425834195466308e-7
7998 6.428589935113872e-7
7999 6.4340052999464e-7
8000 6.432515275191555e-7
8001 6.43780245684819e-7
8002 6.442881359943437e-7
8003 6.443890732931645e-7
8004 6.446261947498808e-7
8005 6.442608992850009e-7
8006 6.444819998310718e-7
8007 6.4435863215722e-7
8008 6.442785221033562e-7
8009 6.437978703367199e-7
8010 6.443762549755752e-7
8011 6.443329967444053e-7
8012 6.443345986521153e-7
8013 6.440157658450071e-7
8014 6.44233662575658e-7
8015 6.432002579158898e-7
8016 6.430336313996861e-7
8017 6.430095991169452e-7
8018 6.435046717200625e-7
8019 6.431890427283742e-7
8020 6.431890427283742e-7
8021 6.431890427283742e-7
8022 6.434854463828153e-7
8023 6.438507418476951e-7
8024 6.440718423937661e-7
8025 6.443297935401671e-7
8026 6.44353825822908e-7
8027 6.437498051600562e-7
8028 6.44594152317408e-7
8029 6.442208448692508e-7
8030 6.443057600350626e-7
8031 6.442496840974853e-7
8032 6.442496840974853e-7
8033 6.442496840974853e-7
8034 6.442496840974853e-7
8035 6.442496840974853e-7
8036 6.442496840974853e-7
8037 6.445557004205499e-7
8038 6.452830887572535e-7
8039 6.455298234937753e-7
8040 6.451308812439853e-7
8041 6.444996238717907e-7
8042 6.452910989069852e-7
8043 6.450283420374543e-7
8044 6.446390130674698e-7
8045 6.455522538688062e-7
8046 6.457316974802352e-7
8047 6.456772240615498e-7
8048 6.457188803850098e-7
8049 6.456852342112816e-7
8050 6.45654793686519e-7
8051 6.458310322601643e-7
8052 6.456387709423279e-7
8053 6.459896480154543e-7
8054 6.464398592573279e-7
8055 6.46034509376698e-7
8056 6.463501371460225e-7
8057 6.461771023877971e-7
8058 6.465039465670008e-7
8059 6.467138319255563e-7
8060 6.46561624412288e-7
8061 6.473178519772261e-7
8062 6.473851431023188e-7
8063 6.469429420101769e-7
8064 6.469461470479606e-7
8065 6.469221141540379e-7
8066 6.469974160400442e-7
8067 6.469381356758651e-7
8068 6.466305180562725e-7
8069 6.467122287954824e-7
8070 6.469173078197261e-7
8071 6.465696351732015e-7
8072 6.465760434152232e-7
8073 6.460345081543341e-7
8074 6.464574826868651e-7
8075 6.468420053225378e-7
8076 6.46896479352405e-7
8077 6.467330572628032e-7
8078 6.467779186240469e-7
8079 6.468003489990778e-7
8080 6.470711160183404e-7
8081 6.469845989448187e-7
8082 6.466449376703897e-7
8083 6.468916724069114e-7
8084 6.468099622788833e-7
8085 6.468275850972386e-7
8086 6.464863219150996e-7
8087 6.464366542195441e-7
8088 6.463869865239886e-7
8089 6.462828460209296e-7
8090 6.468275850972386e-7
8091 6.468756502739023e-7
8092 6.474748639912604e-7
8093 6.468468104344858e-7
8094 6.464302453663405e-7
8095 6.463773732441831e-7
8096 6.463773732441831e-7
8097 6.463773732441831e-7
8098 6.46858026844365e-7
8099 6.47423594387995e-7
8100 6.47423594387995e-7
8101 6.477167930046522e-7
8102 6.478946347083713e-7
8103 6.485355053603713e-7
8104 6.485787642027231e-7
8105 6.478882258551677e-7
8106 6.479555175914422e-7
8107 6.487085401185967e-7
8108 6.48722959732714e-7
8109 6.47801708170464e-7
8110 6.480484429069858e-7
8111 6.481349612028713e-7
8112 6.487614122407541e-7
8113 6.484457832490659e-7
8114 6.488527362597696e-7
8115 6.489296406646677e-7
8116 6.490401912432941e-7
8117 6.484858376648158e-7
8118 6.484377718769703e-7
8119 6.487950578033003e-7
8120 6.485194832273621e-7
8121 6.48562742069714e-7
8122 6.485515268821985e-7
8123 6.476895556841276e-7
8124 6.483544592300504e-7
8125 6.481766181375132e-7
8126 6.48482633849396e-7
8127 6.480660675588869e-7
8128 6.480660675588869e-7
8129 6.480660675588869e-7
8130 6.480660675588869e-7
8131 6.480660675588869e-7
8132 6.480660675588869e-7
8133 6.480660675588869e-7
8134 6.480660675588869e-7
8135 6.480660675588869e-7
8136 6.480660675588869e-7
8137 6.489088128085288e-7
8138 6.495224467511861e-7
8139 6.494471436428159e-7
8140 6.494904030963497e-7
8141 6.514931244950316e-7
8142 6.519849920603652e-7
8143 6.52470451994859e-7
8144 6.539492609510072e-7
8145 6.540501976386462e-7
8146 6.547054891271272e-7
8147 6.545180341436026e-7
8148 6.545741100811799e-7
8149 6.546430043363463e-7
8150 6.54490796823078e-7
8151 6.545372607032135e-7
8152 6.54288922836618e-7
8153 6.545420664263434e-7
8154 6.545436689452352e-7
8155 6.545468739830189e-7
8156 6.545468739830189e-7
8157 6.545468739830189e-7
8158 6.545468739830189e-7
8159 6.549778598876453e-7
8160 6.549778598876453e-7
8161 6.549778598876453e-7
8162 6.549778598876453e-7
8163 6.549778598876453e-7
8164 6.549778598876453e-7
8165 6.549778598876453e-7
8166 6.549778598876453e-7
8167 6.549778598876453e-7
8168 6.549778598876453e-7
8169 6.549778598876453e-7
8170 6.549778598876453e-7
8171 6.549778598876453e-7
8172 6.549778598876453e-7
8173 6.549778598876453e-7
8174 6.564518625094817e-7
8175 6.564518625094817e-7
8176 6.571504110067689e-7
8177 6.576583019274754e-7
8178 6.576198494194353e-7
8179 6.576663120772071e-7
8180 6.576663120772071e-7
8181 6.576663120772071e-7
8182 6.576663120772071e-7
8183 6.585827579163273e-7
8184 6.588310951717409e-7
8185 6.588359015060527e-7
8186 6.593646196717163e-7
8187 6.598228422856853e-7
8188 6.601464826494691e-7
8189 6.602650433778272e-7
8190 6.604765306440926e-7
8191 6.606543723478117e-7
8192 6.609507747798889e-7
8193 6.627868690511853e-7
8194 6.627868690511853e-7
8195 6.627868690511853e-7
8196 6.627868690511853e-7
8197 6.627868690511853e-7
8198 6.64635781028889e-7
8199 6.645332418223581e-7
8200 6.645332418223581e-7
8201 6.645332418223581e-7
8202 6.645332418223581e-7
8203 6.645332418223581e-7
8204 6.645332418223581e-7
8205 6.65215768797818e-7
8206 6.648184290669199e-7
8207 6.655217845097008e-7
8208 6.65975200789358e-7
8209 6.666176727378861e-7
8210 6.666689423411516e-7
8211 6.668275580964416e-7
8212 6.67904220376198e-7
8213 6.696730235224016e-7
8214 6.696730235224016e-7
8215 6.696730235224016e-7
8216 6.696730235224016e-7
8217 6.696730235224016e-7
8218 6.696730235224016e-7
8219 6.696730235224016e-7
8220 6.696730235224016e-7
8221 6.696730235224016e-7
8222 6.696730235224016e-7
8223 6.696730235224016e-7
8224 6.696730235224016e-7
8225 6.696730235224016e-7
8226 6.696730235224016e-7
8227 6.696730235224016e-7
8228 6.706407383536053e-7
8229 6.712079090273089e-7
8230 6.709515610109816e-7
8231 6.719080600434879e-7
8232 6.716372924130435e-7
8233 6.71284813432207e-7
8234 6.71284813432207e-7
8235 6.71284813432207e-7
8236 6.71284813432207e-7
8237 6.71284813432207e-7
8238 6.71284813432207e-7
8239 6.71284813432207e-7
8240 6.71284813432207e-7
8241 6.716821531631052e-7
8242 6.716821531631052e-7
8243 6.729062160106361e-7
8244 6.725665547362071e-7
8245 6.726290389158061e-7
8246 6.728405274044354e-7
8247 6.730135615514789e-7
8248 6.731561557849417e-7
8249 6.727283743069171e-7
8250 6.726322439535899e-7
8251 6.731689728801671e-7
8252 6.732474791927753e-7
8253 6.733355993963708e-7
8254 6.734669778311362e-7
8255 6.73933211206019e-7
8256 6.735230537687135e-7
8257 6.735262588064972e-7
8258 6.73209027907099e-7
8259 6.731785861599727e-7
8260 6.731080906082782e-7
8261 6.732090279070991e-7
8262 6.734557626436209e-7
8263 6.736672499098863e-7
8264 6.735422803283245e-7
8265 6.730936709941608e-7
8266 6.739075764043863e-7
8267 6.732859323119973e-7
8268 6.734157082278708e-7
8269 6.736928841003371e-7
8270 6.740277396516363e-7
8271 6.741014396299326e-7
8272 6.738002308635436e-7
8273 6.732747171244818e-7
8274 6.729414640920745e-7
8275 6.728805805978217e-7
8276 6.731048861816763e-7
8277 6.728469350352753e-7
8278 6.731337247987289e-7
8279 6.73010357736059e-7
8280 6.731032830516025e-7
8281 6.735615062767535e-7
8282 6.739219960185035e-7
8283 6.736720562441981e-7
8284 6.733660405323153e-7
8285 6.734173101355808e-7
8286 6.728629577794663e-7
8287 6.729366577577627e-7
8288 6.730600248204326e-7
8289 6.728437312198554e-7
8290 6.728757748746918e-7
8291 6.733900734262382e-7
8292 6.730375944454017e-7
8293 6.731978121084018e-7
8294 6.733836645730345e-7
8295 6.7287257044809e-7
8296 6.729799159889327e-7
8297 6.729799159889327e-7
8298 6.729799159889327e-7
8299 6.738018327712537e-7
8300 6.738018327712537e-7
8301 6.738018327712537e-7
8302 6.738018327712537e-7
8303 6.738018327712537e-7
8304 6.738018327712537e-7
8305 6.740421592657537e-7
8306 6.741174617629419e-7
8307 6.738691238963464e-7
8308 6.738691238963464e-7
8309 6.738691238963464e-7
8310 6.738691238963464e-7
8311 6.738691238963464e-7
8312 6.746766204533681e-7
8313 6.749537975481981e-7
8314 6.749537975481981e-7
8315 6.75379975896149e-7
8316 6.75379975896149e-7
8317 6.758173700427971e-7
8318 6.756090872031335e-7
8319 6.759327269557353e-7
8320 6.760673092059207e-7
8321 6.762467534285316e-7
8322 6.762371401487261e-7
8323 6.759727807603033e-7
8324 6.762227205346088e-7
8325 6.755610214152879e-7
8326 6.758013485209697e-7
8327 6.758013485209697e-7
8328 6.758013485209697e-7
8329 6.758013485209697e-7
8330 6.761201813280779e-7
8331 6.764165837601551e-7
8332 6.764165837601551e-7
8333 6.764165837601551e-7
8334 6.764165837601551e-7
8335 6.767033729124269e-7
8336 6.76802707692356e-7
8337 6.76802707692356e-7
8338 6.76802707692356e-7
8339 6.76802707692356e-7
8340 6.76802707692356e-7
8341 6.78361626091186e-7
8342 6.78361626091186e-7
8343 6.789992923165842e-7
8344 6.789159796696643e-7
8345 6.78760568340976e-7
8346 6.786227810530069e-7
8347 6.789287967648896e-7
8348 6.788118379442414e-7
8349 6.787653746752877e-7
8350 6.794783433978742e-7
8351 6.794767414901642e-7
8352 6.794078472349978e-7
8353 6.792332099578806e-7
8354 6.791178530449425e-7
8355 6.793197282537662e-7
8356 6.79548838338387e-7
8357 6.799702109632078e-7
8358 6.794623212648651e-7
8359 6.794559130228434e-7
8360 6.794126535693096e-7
8361 6.793405561099051e-7
8362 6.796097218326397e-7
8363 6.796097218326397e-7
8364 6.805902537590688e-7
8365 6.805902537590688e-7
8366 6.805902537590688e-7
8367 6.815900122451088e-7
8368 6.814522249571397e-7
8369 6.81546753402757e-7
8370 6.810276485168988e-7
8371 6.808273764381489e-7
8372 6.807680954627879e-7
8373 6.807680954627879e-7
8374 6.819985671635224e-7
8375 6.819665228975041e-7
8376 6.820354171526705e-7
8377 6.818816077316923e-7
8378 6.81847962169146e-7
8379 6.822292809893988e-7
8380 6.822180658018833e-7
8381 6.816573039813834e-7
8382 6.816573039813834e-7
8383 6.816573039813834e-7
8384 6.816573039813834e-7
8385 6.816573039813834e-7
8386 6.816573039813834e-7
8387 6.816573039813834e-7
8388 6.823911011712906e-7
8389 6.826570624674233e-7
8390 6.83419699496747e-7
8391 6.833988710294261e-7
8392 6.839676436108397e-7
8393 6.856531328877596e-7
8394 6.856531328877596e-7
8395 6.859591485996424e-7
8396 6.859591485996424e-7
8397 6.859591485996424e-7
8398 6.859591485996424e-7
8399 6.859591485996424e-7
8400 6.859591485996424e-7
8401 6.859591485996424e-7
8402 6.859591485996424e-7
8403 6.859591485996424e-7
8404 6.859591485996424e-7
8405 6.859591485996424e-7
8406 6.868211191865315e-7
8407 6.873594506320006e-7
8408 6.873594506320006e-7
8409 6.873594506320006e-7
8410 6.873594506320006e-7
8411 6.882646806724233e-7
8412 6.882646806724233e-7
8413 6.882646806724233e-7
8414 6.888767120961887e-7
8415 6.892980847210096e-7
8416 6.888078190633861e-7
8417 6.889135626965188e-7
8418 6.887469361803152e-7
8419 6.887469361803152e-7
8420 6.896105086749142e-7
8421 6.897082421583152e-7
8422 6.899870205496733e-7
8423 6.900126553513061e-7
8424 6.902433691771825e-7
8425 6.913184295492289e-7
8426 6.929943067687071e-7
8427 6.929943067687071e-7
8428 6.929943067687071e-7
8429 6.929943067687071e-7
8430 6.929943067687071e-7
8431 6.929943067687071e-7
8432 6.929943067687071e-7
8433 6.929943067687071e-7
8434 6.929943067687071e-7
8435 6.929943067687071e-7
8436 6.929943067687071e-7
8437 6.929943067687071e-7
8438 6.929943067687071e-7
8439 6.929943067687071e-7
8440 6.929943067687071e-7
8441 6.929943067687071e-7
8442 6.936944577848862e-7
8443 6.936944577848862e-7
8444 6.936944577848862e-7
8445 6.936944577848862e-7
8446 6.936944577848862e-7
8447 6.936944577848862e-7
8448 6.936944577848862e-7
8449 6.936944577848862e-7
8450 6.936944577848862e-7
8451 6.936944577848862e-7
8452 6.936944577848862e-7
8453 6.936944577848862e-7
8454 6.936944577848862e-7
8455 6.936944577848862e-7
8456 6.936944577848862e-7
8457 6.936944577848862e-7
8458 6.953078496024016e-7
8459 6.953078496024016e-7
8460 6.953078496024016e-7
8461 6.953078496024016e-7
8462 6.953078496024016e-7
8463 6.953078496024016e-7
8464 6.953078496024016e-7
8465 6.953078496024016e-7
8466 6.953078496024016e-7
8467 6.953078496024016e-7
8468 6.953078496024016e-7
8469 6.953078496024016e-7
8470 6.953078496024016e-7
8471 6.961698214116544e-7
8472 6.960368404579971e-7
8473 6.961489929443335e-7
8474 6.96262746727198e-7
8475 6.964838472732689e-7
8476 6.966392586019571e-7
8477 6.966200320423462e-7
8478 6.965751712922845e-7
8479 6.966440655474508e-7
8480 6.966328503599354e-7
8481 6.961650138549789e-7
8482 6.962355100178553e-7
8483 6.965767731999944e-7
8484 6.966969370584263e-7
8485 6.966456674551608e-7
8486 6.965046757405899e-7
8487 6.960384423657071e-7
8488 6.963076080884416e-7
8489 6.966088168548307e-7
8490 6.968699718166515e-7
8491 6.96719367433457e-7
8492 6.96459814990528e-7
8493 6.966488718817625e-7
8494 6.969180376044971e-7
8495 6.967994756537751e-7
8496 6.974067013544107e-7
8497 6.98964016623167e-7
8498 6.98964016623167e-7
8499 6.98964016623167e-7
8500 6.98964016623167e-7
8501 6.98964016623167e-7
8502 6.98964016623167e-7
8503 6.98964016623167e-7
8504 6.98964016623167e-7
8505 6.98964016623167e-7
8506 6.98964016623167e-7
8507 6.98964016623167e-7
8508 6.991658912208088e-7
8509 6.991771064083243e-7
8510 6.991771064083243e-7
8511 6.991771064083243e-7
8512 6.991771064083243e-7
8513 6.991771064083243e-7
8514 6.991771064083243e-7
8515 6.991771064083243e-7
8516 6.991771064083243e-7
8517 6.991771064083243e-7
8518 6.991771064083243e-7
8519 6.991771064083243e-7
8520 6.991771064083243e-7
8521 6.991771064083243e-7
8522 6.991771064083243e-7
8523 6.991771064083243e-7
8524 6.991771064083243e-7
8525 6.991771064083243e-7
8526 6.991771064083243e-7
8527 6.991771064083243e-7
8528 6.991771064083243e-7
8529 6.991771064083243e-7
8530 6.991771064083243e-7
8531 6.991771064083243e-7
8532 6.991771064083243e-7
8533 6.991771064083243e-7
8534 6.991771064083243e-7
8535 6.991771064083243e-7
8536 6.991771064083243e-7
8537 6.991771064083243e-7
8538 6.991771064083243e-7
8539 6.991771064083243e-7
8540 6.991771064083243e-7
8541 6.991771064083243e-7
8542 6.995728442315125e-7
8543 6.997042226662779e-7
8544 7.001271971988089e-7
8545 6.999060972639199e-7
8546 6.998227833946362e-7
8547 6.998227833946362e-7
8548 6.998227833946362e-7
8549 6.998227833946362e-7
8550 6.998227833946362e-7
8551 6.998227833946362e-7
8552 7.003515015602997e-7
8553 7.004700635110217e-7
8554 7.000887446907688e-7
8555 7.007808849460343e-7
8556 7.007888963181298e-7
8557 7.00825745696096e-7
8558 7.010244158671361e-7
8559 7.007296153427688e-7
8560 7.007776811306143e-7
8561 7.003146521823335e-7
8562 7.010035873998153e-7
8563 7.01107729125238e-7
8564 7.006062482800989e-7
8565 7.007985089867534e-7
8566 7.007985089867534e-7
8567 7.011942461987597e-7
8568 7.011942461987597e-7
8569 7.011942461987597e-7
8570 7.020193667965006e-7
8571 7.022196388752506e-7
8572 7.023253825083833e-7
8573 7.023253825083833e-7
8574 7.027002918642506e-7
8575 7.025993545654297e-7
8576 7.025993545654297e-7
8577 7.025993545654297e-7
8578 7.025993545654297e-7
8579 7.025993545654297e-7
8580 7.025993545654297e-7
8581 7.025993545654297e-7
8582 7.025993545654297e-7
8583 7.025993545654297e-7
8584 7.025993545654297e-7
8585 7.025993545654297e-7
8586 7.025993545654297e-7
8587 7.025993545654297e-7
8588 7.025993545654297e-7
8589 7.025993545654297e-7
8590 7.025993545654297e-7
8591 7.025993545654297e-7
8592 7.025993545654297e-7
8593 7.025993545654297e-7
8594 7.025993545654297e-7
8595 7.025993545654297e-7
8596 7.025993545654297e-7
8597 7.025993545654297e-7
8598 7.025993545654297e-7
8599 7.025993545654297e-7
8600 7.025993545654297e-7
8601 7.035494453559143e-7
8602 7.035494453559143e-7
8603 7.039916464480561e-7
8604 7.039916464480561e-7
8605 7.039916464480561e-7
8606 7.039916464480561e-7
8607 7.039916464480561e-7
8608 7.039916464480561e-7
8609 7.048135632303771e-7
8610 7.048135632303771e-7
8611 7.048135632303771e-7
8612 7.048135632303771e-7
8613 7.048135632303771e-7
8614 7.048135632303771e-7
8615 7.055922211703462e-7
8616 7.057235996051116e-7
8617 7.06177015273587e-7
8618 7.055778009450471e-7
8619 7.058229337738589e-7
8620 7.055024990590408e-7
8621 7.056595122954389e-7
8622 7.054191858009389e-7
8623 7.053567010101579e-7
8624 7.053422813960406e-7
8625 7.06476622743448e-7
8626 7.071158908765561e-7
8627 7.07534059685957e-7
8628 7.075164362564198e-7
8629 7.072921306725652e-7
8630 7.075997489033397e-7
8631 7.075933400501361e-7
8632 7.073962723979879e-7
8633 7.073065508978643e-7
8634 7.07772784272747e-7
8635 7.080868107455434e-7
8636 7.077920102211761e-7
8637 7.081909524709662e-7
8638 7.078000209820897e-7
8639 7.074235097185125e-7
8640 7.079618411639816e-7
8641 7.078961519465989e-7
8642 7.073129591398861e-7
8643 7.075404685391607e-7
8644 7.079410126966607e-7
8645 7.073978743056979e-7
8646 7.079057640040406e-7
8647 7.077086969630744e-7
8648 7.079057640040406e-7
8649 7.079137753761361e-7
8650 7.075693077673953e-7
8651 7.075693077673953e-7
8652 7.075693077673953e-7
8653 7.075693077673953e-7
8654 7.080804018923398e-7
8655 7.081044353974444e-7
8656 7.08453709951679e-7
8657 7.084681289546144e-7
8658 7.085995080005617e-7
8659 7.089247496608735e-7
8660 7.080579715173089e-7
8661 7.080643809816945e-7
8662 7.080643809816945e-7
8663 7.080643809816945e-7
8664 7.080643809816945e-7
8665 7.080643809816945e-7
8666 7.085033776472345e-7
8667 7.089904388782563e-7
8668 7.088943085249291e-7
8669 7.087645326090555e-7
8670 7.088077914514073e-7
8671 7.095383836035309e-7
8672 7.094422532502037e-7
8673 7.095656209240555e-7
8674 7.09498329187781e-7
8675 7.090881717504755e-7
8676 7.090881717504755e-7
8677 7.090881717504755e-7
8678 7.090881717504755e-7
8679 7.090881717504755e-7
8680 7.102561586604291e-7
8681 7.098764423590682e-7
8682 7.105461528504846e-7
8683 7.106230572553828e-7
8684 7.106903483804755e-7
8685 7.109563102877901e-7
8686 7.108457597091637e-7
8687 7.096777727992101e-7
8688 7.098123556605774e-7
8689 7.098684315981547e-7
8690 7.097706993371175e-7
8691 7.097706993371175e-7
8692 7.104500224971575e-7
8693 7.100751125301084e-7
8694 7.100703068069785e-7
8695 7.101167694647503e-7
8696 7.098844537311639e-7
8697 7.099950043097903e-7
8698 7.105189155299603e-7
8699 7.107864793449849e-7
8700 7.110332140815066e-7
8701 7.10804102774522e-7
8702 7.113151975106485e-7
8703 7.107480268369449e-7
8704 7.103667092390558e-7
8705 7.103667092390558e-7
8706 7.103667092390558e-7
8707 7.103667092390558e-7
8708 7.103667092390558e-7
8709 7.103667092390558e-7
8710 7.103667092390558e-7
8711 7.103667092390558e-7
8712 7.103667092390558e-7
8713 7.103667092390558e-7
8714 7.103667092390558e-7
8715 7.108105128500895e-7
8716 7.106534996136914e-7
8717 7.106534996136914e-7
8718 7.114225448850369e-7
8719 7.114433727411759e-7
8720 7.114834265457441e-7
8721 7.110059779833459e-7
8722 7.112607240919631e-7
8723 7.112607240919631e-7
8724 7.112607240919631e-7
8725 7.112607240919631e-7
8726 7.112607240919631e-7
8727 7.112607240919631e-7
8728 7.112607240919631e-7
8729 7.112607240919631e-7
8730 7.112607240919631e-7
8731 7.112607240919631e-7
8732 7.112607240919631e-7
8733 7.11521879053784e-7
8734 7.114930398255495e-7
8735 7.116180094071112e-7
8736 7.116740853446885e-7
8737 7.120409839396422e-7
8738 7.120409839396422e-7
8739 7.128661045373831e-7
8740 7.123774413986514e-7
8741 7.131929487165867e-7
8742 7.130151082352314e-7
8743 7.133339410423396e-7
8744 7.13567858683636e-7
8745 7.13748904202775e-7
8746 7.132954885342995e-7
8747 7.132634448794632e-7
8748 7.131512923931268e-7
8749 7.134573081050095e-7
8750 7.135021694662532e-7
8751 7.135406213631113e-7
8752 7.132682518249568e-7
8753 7.131528949120186e-7
8754 7.131240556837841e-7
8755 7.133932207953367e-7
8756 7.132810689201822e-7
8757 7.135085777082749e-7
8758 7.133195208170403e-7
8759 7.139748110831576e-7
8760 7.140437041159603e-7
8761 7.140116610723058e-7
8762 7.137937655640186e-7
8763 7.136880219308858e-7
8764 7.129013532300031e-7
8765 7.129013532300031e-7
8766 7.132666499172468e-7
8767 7.132458214499259e-7
8768 7.130086999932097e-7
8769 7.130086999932097e-7
8770 7.136479687374997e-7
8771 7.135278048790678e-7
8772 7.133852118679688e-7
8773 7.141238153921879e-7
8774 7.142199457455151e-7
8775 7.141734818653796e-7
8776 7.14202321704796e-7
8777 7.143256893786479e-7
8778 7.142503868814597e-7
8779 7.14702201253407e-7
8780 7.145692202997497e-7
8781 7.145499937401387e-7
8782 7.145948544902005e-7
8783 7.14684576601506e-7
8784 7.146557373732715e-7
8785 7.143977874492343e-7
8786 7.140453078572161e-7
8787 7.143577330334844e-7
8788 7.138081864004998e-7
8789 7.134781371835125e-7
8790 7.13625537751287e-7
8791 7.13625537751287e-7
8792 7.138882946208179e-7
8793 7.142583976423734e-7
8794 7.137312813844198e-7
8795 7.137312813844198e-7
8796 7.137312813844198e-7
8797 7.137312813844198e-7
8798 7.137312813844198e-7
8799 7.137312813844198e-7
8800 7.137312813844198e-7
8801 7.137312813844198e-7
8802 7.137312813844198e-7
8803 7.137312813844198e-7
8804 7.137312813844198e-7
8805 7.137312813844198e-7
8806 7.137312813844198e-7
8807 7.137312813844198e-7
8808 7.137312813844198e-7
8809 7.137312813844198e-7
8810 7.137312813844198e-7
8811 7.137312813844198e-7
8812 7.146573398921634e-7
8813 7.144490570524998e-7
8814 7.145676183920398e-7
8815 7.145676183920398e-7
8816 7.151988757642344e-7
8817 7.153590934272344e-7
8818 7.152613611661973e-7
8819 7.155064939950091e-7
8820 7.155801939733055e-7
8821 7.155609674136945e-7
8822 7.162755386551728e-7
8823 7.161105140466792e-7
8824 7.161137190844629e-7
8825 7.161457621281173e-7
8826 7.160912874870681e-7
8827 7.165350910981018e-7
8828 7.158477571771482e-7
8829 7.158477571771482e-7
8830 7.158477571771482e-7
8831 7.160512330713181e-7
8832 7.163908943457471e-7
8833 7.163908943457471e-7
8834 7.163908943457471e-7
8835 7.174307072475371e-7
8836 7.174307072475371e-7
8837 7.174307072475371e-7
8838 7.174307072475371e-7
8839 7.182894740190063e-7
8840 7.182894740190063e-7
8841 7.182894740190063e-7
8842 7.182894740190063e-7
8843 7.182894740190063e-7
8844 7.18794159901929e-7
8845 7.189687965678645e-7
8846 7.192443717549846e-7
8847 7.193997818613089e-7
8848 7.19833972803719e-7
8849 7.19974963907108e-7
8850 7.202569473362499e-7
8851 7.204219713335617e-7
8852 7.201992688797808e-7
8853 7.204091542383363e-7
8854 7.199188879695308e-7
8855 7.203306479257281e-7
8856 7.207808591676017e-7
8857 7.229566159356909e-7
8858 7.229566159356909e-7
8859 7.229566159356909e-7
8860 7.239659864791726e-7
8861 7.241790762643299e-7
8862 7.241790762643299e-7
8863 7.253486656931753e-7
8864 7.253486656931753e-7
8865 7.253486656931753e-7
8866 7.253486656931753e-7
8867 7.253486656931753e-7
8868 7.253486656931753e-7
8869 7.253486656931753e-7
8870 7.253486656931753e-7
8871 7.253486656931753e-7
8872 7.253486656931753e-7
8873 7.253486656931753e-7
8874 7.255377225844099e-7
8875 7.258581579104099e-7
8876 7.259398686496198e-7
8877 7.258853946197526e-7
8878 7.259398686496198e-7
8879 7.262506906958144e-7
8880 7.265855456359316e-7
8881 7.262346691739871e-7
8882 7.261994217037308e-7
8883 7.262923476304562e-7
8884 7.26418919119728e-7
8885 7.263051653368634e-7
8886 7.263628431821507e-7
8887 7.263099716711752e-7
8888 7.266880854536443e-7
8889 7.26816259461808e-7
8890 7.263356070839898e-7
8891 7.263356070839898e-7
8892 7.263356070839898e-7
8893 7.263356070839898e-7
8894 7.263356070839898e-7
8895 7.263356070839898e-7
8896 7.263356070839898e-7
8897 7.263356070839898e-7
8898 7.263356070839898e-7
8899 7.263356070839898e-7
8900 7.263356070839898e-7
8901 7.263356070839898e-7
8902 7.263356070839898e-7
8903 7.263356070839898e-7
8904 7.263356070839898e-7
8905 7.265214601598044e-7
8906 7.265214601598044e-7
8907 7.265214601598044e-7
8908 7.265214601598044e-7
8909 7.265214601598044e-7
8910 7.265214601598044e-7
8911 7.265214601598044e-7
8912 7.265214601598044e-7
8913 7.265214601598044e-7
8914 7.265214601598044e-7
8915 7.265214601598044e-7
8916 7.265214601598044e-7
8917 7.265214601598044e-7
8918 7.265214601598044e-7
8919 7.265214601598044e-7
8920 7.265214601598044e-7
8921 7.265214601598044e-7
8922 7.265214601598044e-7
8923 7.26707313235619e-7
8924 7.26707313235619e-7
8925 7.269588549176344e-7
8926 7.269588549176344e-7
8927 7.269588549176344e-7
8928 7.271142662463227e-7
8929 7.272168060640355e-7
8930 7.275772951946035e-7
8931 7.276862432543381e-7
8932 7.279361830286435e-7
8933 7.280755722243226e-7
8934 7.282806512485663e-7
8935 7.281524772404026e-7
8936 7.280194962867453e-7
8937 7.281717025776498e-7
8938 7.283511461890788e-7
8939 7.282582208735353e-7
8940 7.276253609824489e-7
8941 7.271767510371034e-7
8942 7.273946477677543e-7
8943 7.276013274773442e-7
8944 7.275949198465043e-7
8945 7.273706142626497e-7
8946 7.282181664577852e-7
8947 7.281877247106589e-7
8948 7.281508741103288e-7
8949 7.282950702515015e-7
8950 7.284424708192761e-7
8951 7.283495442813688e-7
8952 7.282918664360816e-7
8953 7.274218838659152e-7
8954 7.282181664577853e-7
8955 7.282197683654952e-7
8956 7.282438006482361e-7
8957 7.302721568485508e-7
8958 7.305861833213472e-7
8959 7.305861833213472e-7
8960 7.305861833213472e-7
8961 7.305861833213472e-7
8962 7.305861833213472e-7
8963 7.305861833213472e-7
8964 7.305861833213472e-7
8965 7.305861833213472e-7
8966 7.305861833213472e-7
8967 7.305861833213472e-7
8968 7.305861833213472e-7
8969 7.305861833213472e-7
8970 7.305861833213472e-7
8971 7.305861833213472e-7
8972 7.305861833213472e-7
8973 7.305861833213472e-7
8974 7.305861833213472e-7
8975 7.305861833213472e-7
8976 7.305861833213472e-7
8977 7.305861833213472e-7
8978 7.312751185388289e-7
8979 7.313744539299399e-7
8980 7.313584324081126e-7
8981 7.313584324081126e-7
8982 7.313584324081126e-7
8983 7.313584324081126e-7
8984 7.313584324081126e-7
8985 7.313584324081126e-7
8986 7.313584324081126e-7
8987 7.313584324081126e-7
8988 7.313584324081126e-7
8989 7.313584324081126e-7
8990 7.313584324081126e-7
8991 7.313584324081126e-7
8992 7.313584324081126e-7
8993 7.313584324081126e-7
8994 7.313584324081126e-7
8995 7.313584324081126e-7
8996 7.313584324081126e-7
8997 7.313584324081126e-7
8998 7.313584324081126e-7
8999 7.313584324081126e-7
9000 7.313584324081126e-7
9001 7.313584324081126e-7
9002 7.313584324081126e-7
9003 7.313584324081126e-7
9004 7.313584324081126e-7
9005 7.313584324081126e-7
9006 7.313584324081126e-7
9007 7.313584324081126e-7
9008 7.313584324081126e-7
9009 7.313584324081126e-7
9010 7.313584324081126e-7
9011 7.313584324081126e-7
9012 7.313584324081126e-7
9013 7.313584324081126e-7
9014 7.313584324081126e-7
9015 7.313584324081126e-7
9016 7.313584324081126e-7
9017 7.313584324081126e-7
9018 7.313584324081126e-7
9019 7.313584324081126e-7
9020 7.313584324081126e-7
9021 7.313584324081126e-7
9022 7.313584324081126e-7
9023 7.313584324081126e-7
9024 7.313584324081126e-7
9025 7.313584324081126e-7
9026 7.313584324081126e-7
9027 7.313584324081126e-7
9028 7.313584324081126e-7
9029 7.313584324081126e-7
9030 7.313584324081126e-7
9031 7.313584324081126e-7
9032 7.313584324081126e-7
9033 7.313584324081126e-7
9034 7.313584324081126e-7
9035 7.313584324081126e-7
9036 7.313584324081126e-7
9037 7.313584324081126e-7
9038 7.313584324081126e-7
9039 7.313584324081126e-7
9040 7.313584324081126e-7
9041 7.313584324081126e-7
9042 7.313584324081126e-7
9043 7.313584324081126e-7
9044 7.313584324081126e-7
9045 7.313584324081126e-7
9046 7.313584324081126e-7
9047 7.313584324081126e-7
9048 7.313584324081126e-7
9049 7.313584324081126e-7
9050 7.313584324081126e-7
9051 7.313584324081126e-7
9052 7.313584324081126e-7
9053 7.313584324081126e-7
9054 7.313584324081126e-7
9055 7.313584324081126e-7
9056 7.313584324081126e-7
9057 7.313584324081126e-7
9058 7.313584324081126e-7
9059 7.313584324081126e-7
9060 7.313584324081126e-7
9061 7.313584324081126e-7
9062 7.313584324081126e-7
9063 7.313584324081126e-7
9064 7.313584324081126e-7
9065 7.313584324081126e-7
9066 7.313584324081126e-7
9067 7.313584324081126e-7
9068 7.313584324081126e-7
9069 7.324078585897081e-7
9070 7.328068002283162e-7
9071 7.327411116221154e-7
9072 7.327539287173408e-7
9073 7.326337648589089e-7
9074 7.32550452211989e-7
9075 7.326177433370817e-7
9076 7.325680756415262e-7
9077 7.324479130054581e-7
9078 7.325039889430354e-7
9079 7.324543212474799e-7
9080 7.326049262418563e-7
9081 7.325232148914645e-7
9082 7.329862444509273e-7
9083 7.327651439048564e-7
9084 7.32673819274659e-7
9085 7.323149320518009e-7
9086 7.325504522119891e-7
9087 7.3253603198669e-7
9088 7.326481850842082e-7
9089 7.325280212257763e-7
9090 7.325648718261064e-7
9091 7.329205552335446e-7
9092 7.328885115787082e-7
9093 7.330423203885046e-7
9094 7.333419278583655e-7
9095 7.337200416408346e-7
9096 7.335998777824027e-7
9097 7.336976100434398e-7
9098 7.338578283176217e-7
9099 7.338145694752699e-7
9100 7.338289890893872e-7
9101 7.335790493150817e-7
9102 7.343112439860971e-7
9103 7.345419572007917e-7
9104 7.344890856898162e-7
9105 7.35349455591359e-7
9106 7.359566800696309e-7
9107 7.35955077550739e-7
9108 7.359134212272792e-7
9109 7.357852478302973e-7
9110 7.356859112168226e-7
9111 7.3533343345835e-7
9112 7.352869708005782e-7
9113 7.353286271240382e-7
9114 7.3549685493677e-7
9115 7.357580098985908e-7
9116 7.361521458140691e-7
9117 7.361633610015845e-7
9118 7.361793825234117e-7
9119 7.359614864039427e-7
9120 7.357788383659118e-7
9121 7.366344000995972e-7
9122 7.366344000995972e-7
9123 7.366344000995972e-7
9124 7.366344000995972e-7
9125 7.366344000995972e-7
9126 7.366344000995972e-7
9127 7.366344000995972e-7
9128 7.366344000995972e-7
9129 7.366344000995972e-7
9130 7.366344000995972e-7
9131 7.366344000995972e-7
9132 7.366344000995972e-7
9133 7.366344000995972e-7
9134 7.366344000995972e-7
9135 7.366344000995972e-7
9136 7.366344000995972e-7
9137 7.366344000995972e-7
9138 7.366344000995972e-7
9139 7.366344000995972e-7
9140 7.366344000995972e-7
9141 7.366344000995972e-7
9142 7.366344000995972e-7
9143 7.371438923168318e-7
9144 7.37398639036631e-7
9145 7.372736694550692e-7
9146 7.373009055532301e-7
9147 7.378985179740601e-7
9148 7.380603375447701e-7
9149 7.381132090557455e-7
9150 7.379497875773255e-7
9151 7.380827685309829e-7
9152 7.380859729575847e-7
9153 7.382269640609737e-7
9154 7.384096127101865e-7
9155 7.381644792701929e-7
9156 7.380635425825539e-7
9157 7.381388444685602e-7
9158 7.379866375664738e-7
9159 7.384032032458011e-7
9160 7.385201626776311e-7
9161 7.384576772756684e-7
9162 7.383535361614274e-7
9163 7.383663532566529e-7
9164 7.380090685526866e-7
9165 7.381228223355511e-7
9166 7.378600654660202e-7
9167 7.381596729358811e-7
9168 7.382349748218874e-7
9169 7.379001198817702e-7
9170 7.381035969983038e-7
9171 7.382942557972484e-7
9172 7.380763596777793e-7
9173 7.379802287132702e-7
9174 7.379978527539892e-7
9175 7.379193464413811e-7
9176 7.383647513489429e-7
9177 7.383535361614274e-7
9178 7.383887842428656e-7
9179 7.380122723681064e-7
9180 7.377078591751156e-7
9181 7.380170787024182e-7
9182 7.380411122075229e-7
9183 7.379321635366064e-7
9184 7.379978527539891e-7
9185 7.380987900528101e-7
9186 7.381468552294737e-7
9187 7.380491223572546e-7
9188 7.381644792701928e-7
9189 7.379946483273874e-7
9190 7.38262212142412e-7
9191 7.382670184767238e-7
9192 7.377495154985756e-7
9193 7.384192247676283e-7
9194 7.380683483056838e-7
9195 7.384881190227948e-7
9196 7.379193464413812e-7
9197 7.376710085747857e-7
9198 7.379289591100048e-7
9199 7.373281428737548e-7
9200 7.373281428737548e-7
9201 7.373281428737548e-7
9202 7.374130580395666e-7
9203 7.374130580395666e-7
9204 7.374130580395666e-7
9205 7.374130580395666e-7
9206 7.377222775668692e-7
9207 7.376854275777211e-7
9208 7.376854275777211e-7
9209 7.376854275777211e-7
9210 7.38188510941752e-7
9211 7.383070716701101e-7
9212 7.386531424089247e-7
9213 7.38486516503903e-7
9214 7.38486516503903e-7
9215 7.38486516503903e-7
9216 7.387989410689893e-7
9217 7.388550170065666e-7
9218 7.392491529220449e-7
9219 7.396240616667302e-7
9220 7.395775990089585e-7
9221 7.394910819354367e-7
9222 7.39768257807903e-7
9223 7.396945578296067e-7
9224 7.399348843241067e-7
9225 7.399252716554831e-7
9226 7.398339470252857e-7
9227 7.39785882459804e-7
9228 7.397426236174522e-7
9229 7.397538388049676e-7
9230 7.390456770278749e-7
9231 7.388165657208903e-7
9232 7.388165657208903e-7
9233 7.388165657208903e-7
9234 7.388165657208903e-7
9235 7.390745162561094e-7
9236 7.390745162561094e-7
9237 7.393068319896958e-7
9238 7.396865476798749e-7
9239 7.394269958481277e-7
9240 7.399076482259458e-7
9241 7.400710703155476e-7
9242 7.404812277528531e-7
9243 7.402857620084149e-7
9244 7.405004543124641e-7
9245 7.401816202829922e-7
9246 7.400310158997977e-7
9247 7.396961609596804e-7
9248 7.39362908538455e-7
9249 7.394878787311987e-7
9250 7.40364268932205e-7
9251 7.405821644404922e-7
9252 7.404315600572977e-7
9253 7.402264816442359e-7
9254 7.401623949457451e-7
9255 7.401287487720169e-7
9256 7.40184825320776e-7
9257 7.40043833606205e-7
9258 7.40125544345415e-7
9259 7.401239424377051e-7
9260 7.401191354922113e-7
9261 7.403001822337141e-7
9262 7.401864272284859e-7
9263 7.401095234347696e-7
9264 7.40264933541094e-7
9265 7.399717349244367e-7
9266 7.403322258885504e-7
9267 7.400678665001277e-7
9268 7.396945590519704e-7
9269 7.398179267258222e-7
9270 7.398179267258222e-7
9271 7.398179267258222e-7
9272 7.398179267258222e-7
9273 7.398179267258222e-7
9274 7.398179267258222e-7
9275 7.398179267258222e-7
9276 7.40683102350495e-7
9277 7.408305023070877e-7
9278 7.409971288232914e-7
9279 7.403883018261278e-7
9280 7.403883018261278e-7
9281 7.40907406711986e-7
9282 7.406798979238933e-7
9283 7.406798979238933e-7
9284 7.406798979238933e-7
9285 7.406798979238933e-7
9286 7.406798979238933e-7
9287 7.406798979238933e-7
9288 7.416908715974488e-7
9289 7.422035682412852e-7
9290 7.420994265158624e-7
9291 7.417725829478407e-7
9292 7.417725829478407e-7
9293 7.421651157332451e-7
9294 7.421651157332451e-7
9295 7.421651157332451e-7
9296 7.421651157332451e-7
9297 7.421651157332451e-7
9298 7.421651157332451e-7
9299 7.421651157332451e-7
9300 7.421651157332451e-7
9301 7.421651157332451e-7
9302 7.421651157332451e-7
9303 7.421651157332451e-7
9304 7.421651157332451e-7
9305 7.421651157332451e-7
9306 7.421651157332451e-7
9307 7.421651157332451e-7
9308 7.421651157332451e-7
9309 7.421651157332451e-7
9310 7.421651157332451e-7
9311 7.42269256847486e-7
9312 7.42269256847486e-7
9313 7.426457674998815e-7
9314 7.425528415731561e-7
9315 7.425528415731561e-7
9316 7.425528415731561e-7
9317 7.428572553773288e-7
9318 7.428572553773288e-7
9319 7.428572553773288e-7
9320 7.437320436706252e-7
9321 7.434196191055388e-7
9322 7.434196191055388e-7
9323 7.434196191055388e-7
9324 7.435798367685388e-7
9325 7.435798367685388e-7
9326 7.443713118037333e-7
9327 7.443713118037333e-7
9328 7.443713118037333e-7
9329 7.443713118037333e-7
9330 7.443713118037333e-7
9331 7.443713118037333e-7
9332 7.443713118037333e-7
9333 7.452813487896497e-7
9334 7.454287493574243e-7
9335 7.455521164200942e-7
9336 7.455617290887178e-7
9337 7.457828296347887e-7
9338 7.457091296564923e-7
9339 7.451371526484769e-7
9340 7.453774797541588e-7
9341 7.453742753275569e-7
9342 7.449096432492023e-7
9343 7.449096432492023e-7
9344 7.458469163332796e-7
9345 7.459766922491531e-7
9346 7.459766922491531e-7
9347 7.459766922491531e-7
9348 7.459766922491531e-7
9349 7.466464015182058e-7
9350 7.469940741647304e-7
9351 7.46723306534286e-7
9352 7.470934095558415e-7
9353 7.465358521619433e-7
9354 7.465358521619433e-7
9355 7.465358521619433e-7
9356 7.468771153440824e-7
9357 7.468771153440824e-7
9358 7.468771153440824e-7
9359 7.468771153440824e-7
9360 7.473401442923632e-7
9361 7.472119702841996e-7
9362 7.476733973247705e-7
9363 7.47848033990706e-7
9364 7.47524394849286e-7
9365 7.474106404552396e-7
9366 7.475372125556932e-7
9367 7.472295943249187e-7
9368 7.472295943249187e-7
9369 7.472295943249187e-7
9370 7.472295943249187e-7
9371 7.472295943249187e-7
9372 7.472295943249187e-7
9373 7.472295943249187e-7
9374 7.472295943249187e-7
9375 7.472295943249187e-7
9376 7.472295943249187e-7
9377 7.472295943249187e-7
9378 7.472295943249187e-7
9379 7.472295943249187e-7
9380 7.472295943249187e-7
9381 7.472295943249187e-7
9382 7.472295943249187e-7
9383 7.472295943249187e-7
9384 7.472295943249187e-7
9385 7.472295943249187e-7
9386 7.472295943249187e-7
9387 7.472295943249187e-7
9388 7.472295943249187e-7
9389 7.472295943249187e-7
9390 7.472295943249187e-7
9391 7.472295943249187e-7
9392 7.472295943249187e-7
9393 7.472295943249187e-7
9394 7.472295943249187e-7
9395 7.472295943249187e-7
9396 7.481428351262551e-7
9397 7.476125144416995e-7
9398 7.481444376451469e-7
9399 7.483559249114123e-7
9400 7.484376356506223e-7
9401 7.482565895203013e-7
9402 7.482101262513476e-7
9403 7.482533850936994e-7
9404 7.475452233166067e-7
9405 7.475452233166067e-7
9406 7.475452233166067e-7
9407 7.475452233166067e-7
9408 7.475452233166067e-7
9409 7.485097331100267e-7
9410 7.485097331100267e-7
9411 7.485097331100267e-7
9412 7.492323151124185e-7
9413 7.493028112752949e-7
9414 7.496633010170449e-7
9415 7.498892072862457e-7
9416 7.488157500442731e-7
9417 7.488157500442731e-7
9418 7.488157500442731e-7
9419 7.488157500442731e-7
9420 7.488157500442731e-7
9421 7.488157500442731e-7
9422 7.488157500442731e-7
9423 7.488157500442731e-7
9424 7.488157500442731e-7
9425 7.488157500442731e-7
9426 7.488157500442731e-7
9427 7.488157500442731e-7
9428 7.488157500442731e-7
9429 7.488157500442731e-7
9430 7.488157500442731e-7
9431 7.488157500442731e-7
9432 7.488157500442731e-7
9433 7.488157500442731e-7
9434 7.488157500442731e-7
9435 7.488157500442731e-7
9436 7.488157500442731e-7
9437 7.488157500442731e-7
9438 7.488157500442731e-7
9439 7.488157500442731e-7
9440 7.488157500442731e-7
9441 7.488157500442731e-7
9442 7.488157500442731e-7
9443 7.488157500442731e-7
9444 7.488157500442731e-7
9445 7.488157500442731e-7
9446 7.488157500442731e-7
9447 7.488157500442731e-7
9448 7.488157500442731e-7
9449 7.488157500442731e-7
9450 7.493813181990849e-7
9451 7.493813181990849e-7
9452 7.493813181990849e-7
9453 7.493813181990849e-7
9454 7.493813181990849e-7
9455 7.497658408347576e-7
9456 7.497626357969739e-7
9457 7.500382103729121e-7
9458 7.504691962775385e-7
9459 7.506886943047176e-7
9460 7.517589489536341e-7
9461 7.519496077525786e-7
9462 7.520409317715941e-7
9463 7.516580110436313e-7
9464 7.514865788042977e-7
9465 7.513039301550849e-7
9466 7.510764213669923e-7
9467 7.517653571956559e-7
9468 7.525039613310569e-7
9469 7.52800364374316e-7
9470 7.528644510728069e-7
9471 7.528644510728069e-7
9472 7.528644510728069e-7
9473 7.53521343857816e-7
9474 7.53521343857816e-7
9475 7.539747601374733e-7
9476 7.544730365560105e-7
9477 7.544730365560105e-7
9478 7.544730365560105e-7
9479 7.544730365560105e-7
9480 7.544730365560105e-7
9481 7.55623399425245e-7
9482 7.551347350641495e-7
9483 7.549504845072268e-7
9484 7.552132419879396e-7
9485 7.551315306375477e-7
9486 7.549969477761805e-7
9487 7.549969477761805e-7
9488 7.549969477761805e-7
9489 7.549969477761805e-7
9490 7.549969477761805e-7
9491 7.549969477761805e-7
9492 7.554727950420505e-7
9493 7.558220695962851e-7
9494 7.55846101879026e-7
9495 7.569500020904888e-7
9496 7.573425354870751e-7
9497 7.571342520362297e-7
9498 7.57047734351526e-7
9499 7.565766946423316e-7
9500 7.569852489495633e-7
9501 7.566423844708962e-7
9502 7.566423844708962e-7
9503 7.573409341905472e-7
9504 7.576581650899454e-7
9505 7.575444100847172e-7
9506 7.574546885845936e-7
9507 7.57786339098109e-7
9508 7.583967680029827e-7
9509 7.583182616903745e-7
9510 7.595198941628745e-7
9511 7.614088599451463e-7
9512 7.614088599451463e-7
9513 7.620945913472082e-7
9514 7.618718888934273e-7
9515 7.628380018169211e-7
9516 7.629084979797975e-7
9517 7.62857228376532e-7
9518 7.629854023846956e-7
9519 7.628251847216956e-7
9520 7.626841923959428e-7
9521 7.628524214310383e-7
9522 7.626473430179765e-7
9523 7.624278443796155e-7
9524 7.62157076749171e-7
9525 7.62157076749171e-7
9526 7.62759494893131e-7
9527 7.626393322570628e-7
9528 7.624118228577883e-7
9529 7.625415987736618e-7
9530 7.624182317109919e-7
9531 7.624182317109919e-7
9532 7.626457417214484e-7
9533 7.63014242224112e-7
9534 7.63014242224112e-7
9535 7.63014242224112e-7
9536 7.63014242224112e-7
9537 7.63014242224112e-7
9538 7.63014242224112e-7
9539 7.63014242224112e-7
9540 7.63014242224112e-7
9541 7.63014242224112e-7
9542 7.63014242224112e-7
9543 7.63014242224112e-7
9544 7.63014242224112e-7
9545 7.63014242224112e-7
9546 7.63014242224112e-7
9547 7.634179914193958e-7
9548 7.63454841408544e-7
9549 7.634436262210285e-7
9550 7.633555066286149e-7
9551 7.633154516016831e-7
9552 7.640140007101522e-7
9553 7.63954720957155e-7
9554 7.63997979188325e-7
9555 7.640172045255721e-7
9556 7.641277551041985e-7
9557 7.640332272697631e-7
9558 7.63996376669433e-7
9559 7.642270898841275e-7
9560 7.640925076339422e-7
9561 7.641870360795595e-7
9562 7.643055968079176e-7
9563 7.638393640442168e-7
9564 7.641053247291676e-7
9565 7.647141523375131e-7
9566 7.643120056611212e-7
9567 7.641838310417757e-7
9568 7.644385771503929e-7
9569 7.646404523592167e-7
9570 7.644866429382385e-7
9571 7.643184145143249e-7
9572 7.644289650929513e-7
9573 7.640860987807384e-7
9574 7.631824706480256e-7
9575 7.63616660368072e-7
9576 7.63616660368072e-7
9577 7.63616660368072e-7
9578 7.63616660368072e-7
9579 7.63616660368072e-7
9580 7.63616660368072e-7
9581 7.63616660368072e-7
9582 7.63616660368072e-7
9583 7.640700766477293e-7
9584 7.647477966776955e-7
9585 7.649688972237664e-7
9586 7.642222835498156e-7
9587 7.646644846419575e-7
9588 7.646644846419575e-7
9589 7.649176282316829e-7
9590 7.649176282316829e-7
9591 7.661497024513093e-7
9592 7.662266062450256e-7
9593 7.662474347123465e-7
9594 7.66495772578942e-7
9595 7.663724049050902e-7
9596 7.664076529865284e-7
9597 7.658404823128248e-7
9598 7.659718607475902e-7
9599 7.65494412185192e-7
9600 7.655216495057166e-7
9601 7.655216495057166e-7
9602 7.655216495057166e-7
9603 7.666447750544265e-7
9604 7.663403612502538e-7
9605 7.663403612502538e-7
9606 7.663403612502538e-7
9607 7.663403612502538e-7
9608 7.663403612502538e-7
9609 7.663403612502538e-7
9610 7.663403612502538e-7
9611 7.663403612502538e-7
9612 7.663403612502538e-7
9613 7.663403612502538e-7
9614 7.665294181414884e-7
9615 7.664557175520102e-7
9616 7.664557175520102e-7
9617 7.664557175520102e-7
9618 7.664557175520102e-7
9619 7.664557175520102e-7
9620 7.664557175520102e-7
9621 7.664557175520102e-7
9622 7.664557175520102e-7
9623 7.664557175520102e-7
9624 7.664557175520102e-7
9625 7.664557175520102e-7
9626 7.664557175520102e-7
9627 7.664557175520102e-7
9628 7.664557175520102e-7
9629 7.664557175520102e-7
9630 7.664557175520102e-7
9631 7.664557175520102e-7
9632 7.664557175520102e-7
9633 7.664557175520102e-7
9634 7.664557175520102e-7
9635 7.664557175520102e-7
9636 7.664557175520102e-7
9637 7.664557175520102e-7
9638 7.664557175520102e-7
9639 7.664557175520102e-7
9640 7.664557175520102e-7
9641 7.664557175520102e-7
9642 7.664557175520102e-7
9643 7.664557175520102e-7
9644 7.664557175520102e-7
9645 7.664557175520102e-7
9646 7.664557175520102e-7
9647 7.664557175520102e-7
9648 7.664557175520102e-7
9649 7.664557175520102e-7
9650 7.664557175520102e-7
9651 7.664557175520102e-7
9652 7.664557175520102e-7
9653 7.664557175520102e-7
9654 7.664557175520102e-7
9655 7.664557175520102e-7
9656 7.664557175520102e-7
9657 7.664557175520102e-7
9658 7.664557175520102e-7
9659 7.666287523102356e-7
9660 7.666287523102356e-7
9661 7.666287523102356e-7
9662 7.676028753834609e-7
9663 7.676028753834609e-7
9664 7.676028753834609e-7
9665 7.676028753834609e-7
9666 7.676028753834609e-7
9667 7.676028753834609e-7
9668 7.686539040839483e-7
9669 7.690496406847727e-7
9670 7.690240064943219e-7
9671 7.690880938039947e-7
9672 7.68799702132831e-7
9673 7.692210747576519e-7
9674 7.692883658827446e-7
9675 7.694405721736492e-7
9676 7.694405721736492e-7
9677 7.694405721736492e-7
9678 7.694405721736492e-7
9679 7.694405721736492e-7
9680 7.694405721736492e-7
9681 7.694405721736492e-7
9682 7.694405721736492e-7
9683 7.694405721736492e-7
9684 7.694405721736492e-7
9685 7.696600695896463e-7
9686 7.696600695896463e-7
9687 7.696600695896463e-7
9688 7.704531477549146e-7
9689 7.7018398203218e-7
9690 7.711629120508991e-7
9691 7.710683829940999e-7
9692 7.708825305294671e-7
9693 7.710988241300443e-7
9694 7.709161760920134e-7
9695 7.706854628773189e-7
9696 7.708008191790753e-7
9697 7.708440780214271e-7
9698 7.704050819670689e-7
9699 7.703986731138653e-7
9700 7.703986731138653e-7
9701 7.703986731138653e-7
9702 7.703986731138653e-7
9703 7.703986731138653e-7
9704 7.703986731138653e-7
9705 7.712269975270261e-7
9706 7.713567746652635e-7
9707 7.709386058558626e-7
9708 7.709386058558626e-7
9709 7.709386058558626e-7
9710 7.709386058558626e-7
9711 7.709386058558626e-7
9712 7.709386058558626e-7
9713 7.709386058558626e-7
9714 7.709386058558626e-7
9715 7.709386058558626e-7
9716 7.709386058558626e-7
9717 7.709386058558626e-7
9718 7.709386058558626e-7
9719 7.719960427983718e-7
9720 7.722796281352236e-7
9721 7.723036604179645e-7
9722 7.723276927007054e-7
9723 7.717252745567455e-7
9724 7.717252745567455e-7
9725 7.717252745567455e-7
9726 7.72233165477452e-7
9727 7.72337305980511e-7
9728 7.726064723144274e-7
9729 7.729188968795138e-7
9730 7.724975242546929e-7
9731 7.722203471598629e-7
9732 7.720985820049029e-7
9733 7.727570766976219e-7
9734 7.721546579424801e-7
9735 7.721450452738565e-7
9736 7.724094040510973e-7
9737 7.7267536534723e-7
9738 7.728259703416064e-7
9739 7.727090115209582e-7
9740 7.741685939174954e-7
9741 7.739939566403782e-7
9742 7.757755768818072e-7
9743 7.756345851672363e-7
9744 7.7559773578927e-7
9745 7.755464661860045e-7
9746 7.757915990148164e-7
9747 7.756506079114274e-7
9748 7.756922636237054e-7
9749 7.759774514794491e-7
9750 7.7592137493069e-7
9751 7.759902685746746e-7
9752 7.759614293464401e-7
9753 7.769691985933937e-7
9754 7.77642113511412e-7
9755 7.7760686420761e-7
9756 7.782172943348473e-7
9757 7.782172943348473e-7
9758 7.782172943348473e-7
9759 7.782172943348473e-7
9760 7.782172943348473e-7
9761 7.782172943348473e-7
9762 7.782172943348473e-7
9763 7.782172943348473e-7
9764 7.787219802177701e-7
9765 7.789671130465819e-7
9766 7.792362781581346e-7
9767 7.791465560468292e-7
9768 7.787027530469773e-7
9769 7.7912893200611e-7
9770 7.789270574084682e-7
9771 7.791369427670236e-7
9772 7.791369427670236e-7
9773 7.792330731203509e-7
9774 7.801975835249527e-7
9775 7.801463139216872e-7
9776 7.807599472531626e-7
9777 7.807230966528325e-7
9778 7.811556850763507e-7
9779 7.810723718182489e-7
9780 7.811204369949126e-7
9781 7.825383636791717e-7
9782 7.821169916655326e-7
9783 7.827386363691036e-7
9784 7.830702862714372e-7
9785 7.832977956707117e-7
9786 7.832769672033908e-7
9787 7.830766951246408e-7
9788 7.831968583718908e-7
9789 7.832208912658135e-7
9790 7.832016653173844e-7
9791 7.827770888771435e-7
9792 7.824550510322517e-7
9793 7.819391499618134e-7
9794 7.820464955026561e-7
9795 7.820464955026561e-7
9796 7.823781460161716e-7
9797 7.823781460161716e-7
9798 7.824470396601562e-7
9799 7.824470396601562e-7
9800 7.833843133554153e-7
9801 7.833795064099216e-7
9802 7.840155707276097e-7
9803 7.848246704147053e-7
9804 7.83949882121409e-7
9805 7.835124879747608e-7
9806 7.835124879747608e-7
9807 7.835124879747608e-7
9808 7.835124879747608e-7
9809 7.835124879747608e-7
9810 7.835124879747608e-7
9811 7.835124879747608e-7
9812 7.835124879747608e-7
9813 7.835124879747608e-7
9814 7.835124879747608e-7
9815 7.835124879747608e-7
9816 7.835124879747608e-7
9817 7.835124879747608e-7
9818 7.835124879747608e-7
9819 7.835124879747608e-7
9820 7.835124879747608e-7
9821 7.835124879747608e-7
9822 7.835124879747608e-7
9823 7.835124879747608e-7
9824 7.835124879747608e-7
9825 7.835124879747608e-7
9826 7.835124879747608e-7
9827 7.835124879747608e-7
9828 7.835124879747608e-7
9829 7.835124879747608e-7
9830 7.835124879747608e-7
9831 7.835124879747608e-7
9832 7.835124879747608e-7
9833 7.835124879747608e-7
9834 7.843552332244027e-7
9835 7.845731293438718e-7
9836 7.846003666643964e-7
9837 7.8512748292235e-7
9838 7.844545686155137e-7
9839 7.844545686155137e-7
9840 7.844545686155137e-7
9841 7.846580451208655e-7
9842 7.846580451208655e-7
9843 7.846580451208655e-7
9844 7.846580451208655e-7
9845 7.846580451208655e-7
9846 7.846580451208655e-7
9847 7.846580451208655e-7
9848 7.852604632648255e-7
9849 7.85387035365279e-7
9850 7.852123980881618e-7
9851 7.852123980881618e-7
9852 7.852123980881618e-7
9853 7.864524830687019e-7
9854 7.864524830687019e-7
9855 7.864524830687019e-7
9856 7.876669326364273e-7
9857 7.878223439651155e-7
9858 7.879248837828283e-7
9859 7.886090132771801e-7
9860 7.886859176820783e-7
9861 7.885497323018192e-7
9862 7.890031479702946e-7
9863 7.890063523968965e-7
9864 7.892370662227729e-7
9865 7.89515845225313e-7
9866 7.893251858151866e-7
9867 7.895510933067513e-7
9868 7.892130339400321e-7
9869 7.88517688646983e-7
9870 7.885865822909676e-7
9871 7.881668121850385e-7
9872 7.881475862366094e-7
9873 7.887868543697175e-7
9874 7.887868543697175e-7
9875 7.887868543697175e-7
9876 7.893107668122512e-7
9877 7.895831369615876e-7
9878 7.893668427498285e-7
9879 7.891954098993131e-7
9880 7.897609780541248e-7
9881 7.901615222116249e-7
9882 7.898138495651002e-7
9883 7.901022418474457e-7
9884 7.90358589863773e-7
9885 7.90057381097384e-7
9886 7.901695329725384e-7
9887 7.898587109263439e-7
9888 7.896920844101403e-7
9889 7.903313531544303e-7
9890 7.898811413013748e-7
9891 7.897449565322976e-7
9892 7.897449565322976e-7
9893 7.907703498199704e-7
9894 7.907479188337576e-7
9895 7.90595712542853e-7
9896 7.906245517710876e-7
9897 7.907751561542821e-7
9898 7.907751561542821e-7
9899 7.907751561542821e-7
9900 7.907751561542821e-7
9901 7.907751561542821e-7
9902 7.907751561542821e-7
9903 7.907751561542821e-7
9904 7.907751561542821e-7
9905 7.907751561542821e-7
9906 7.911885174070075e-7
9907 7.911885174070075e-7
9908 7.911885174070075e-7
9909 7.911885174070075e-7
9910 7.911885174070075e-7
9911 7.911885174070075e-7
9912 7.911885174070075e-7
9913 7.922026948959829e-7
9914 7.920809291298411e-7
9915 7.926801434583811e-7
9916 7.926080447766129e-7
9917 7.927890915181156e-7
9918 7.926769390317792e-7
9919 7.926913586458965e-7
9920 7.92585614401582e-7
9921 7.919207114668411e-7
9922 7.91922313374551e-7
9923 7.918486133962546e-7
9924 7.915313824968565e-7
9925 7.919367335998501e-7
9926 7.915089521218256e-7
9927 7.915089521218256e-7
9928 7.919639703091929e-7
9929 7.919639703091929e-7
9930 7.928323497492856e-7
9931 7.925503669313256e-7
9932 7.925503669313256e-7
9933 7.925503669313256e-7
9934 7.928195320428783e-7
9935 7.931672046894029e-7
9936 7.931672046894029e-7
9937 7.935180805401656e-7
9938 7.937632133689774e-7
9939 7.940948644936747e-7
9940 7.944922048357548e-7
9941 7.944345257681038e-7
9942 7.946123674718229e-7
9943 7.943415992301965e-7
9944 7.942807175694894e-7
9945 7.943816542571284e-7
9946 7.94370439069613e-7
9947 7.945130333030757e-7
9948 7.942662973441902e-7
9949 7.943896650180421e-7
9950 7.943031479445203e-7
9951 7.941285100562212e-7
9952 7.940836493061595e-7
9953 7.942230385018385e-7
9954 7.942102214066131e-7
9955 7.942807175694895e-7
9956 7.942166302598167e-7
9957 7.93790451300684e-7
9958 7.937760316865667e-7
9959 7.932280869612921e-7
9960 7.932280869612921e-7
9961 7.932280869612921e-7
9962 7.940724341186439e-7
9963 7.943127606131439e-7
9964 7.941381239472085e-7
9965 7.943255777083693e-7
9966 7.937151488034957e-7
9967 7.93848129757153e-7
9968 7.93848129757153e-7
9969 7.946716484471839e-7
9970 7.944970111700667e-7
9971 7.945851313736622e-7
9972 7.945851313736622e-7
9973 7.945851313736622e-7
9974 7.95408650063693e-7
9975 7.955608563545976e-7
9976 7.953942304495758e-7
9977 7.951378818220668e-7
9978 7.951603121970976e-7
9979 7.951603121970976e-7
9980 7.962321681425422e-7
9981 7.959806252381629e-7
9982 7.961232200828075e-7
9983 7.965461940041565e-7
9984 7.968874584086593e-7
9985 7.963411155910946e-7
9986 7.960687454417582e-7
9987 7.966070774984092e-7
9988 7.963443206288783e-7
9989 7.964997319575665e-7
9990 7.96591055976582e-7
9991 7.970813222453874e-7
9992 7.972399380006774e-7
9993 7.972399380006774e-7
9994 7.978920238401928e-7
9995 7.977414194569983e-7
9996 7.977414194569983e-7
9997 7.977414194569983e-7
9998 7.985425077719983e-7
9999 7.986033906550692e-7
10000 7.986033906550692e-7
10001 7.986033906550692e-7
