1 -7.744921853867273e-9
2 -7.744921853867273e-9
3 -7.744921853867273e-9
4 -7.744921853867273e-9
5 -7.744921853867273e-9
6 -7.744921853867273e-9
7 -7.744921853867273e-9
8 -7.744921853867273e-9
9 -7.744921853867273e-9
10 -7.744921853867273e-9
11 -8.2239729351573e-9
12 -8.340931755805473e-9
13 -8.239994456984546e-9
14 -8.239994456984546e-9
15 -8.239994456984546e-9
16 -8.239994456984546e-9
17 -8.239994456984546e-9
18 -8.239994456984546e-9
19 -8.239994456984546e-9
20 -8.239994456984546e-9
21 -8.239994456984546e-9
22 -8.239994456984546e-9
23 -8.239994456984546e-9
24 -8.239994456984546e-9
25 -8.239994456984546e-9
26 -8.239994456984546e-9
27 -8.239994456984546e-9
28 -8.239994456984546e-9
29 -8.239994456984546e-9
30 -8.239994456984546e-9
31 -8.239994456984546e-9
32 -8.097400834703648e-9
33 -8.090991981499997e-9
34 -8.090991981499997e-9
35 -8.090991981499997e-9
36 -8.090991981499997e-9
37 -8.090991981499997e-9
38 -7.536639014203648e-9
39 -7.536639014203648e-9
40 -7.536639014203648e-9
41 -7.536639014203648e-9
42 -7.536639014203648e-9
43 -7.536639014203648e-9
44 -7.536639014203648e-9
45 -7.536639014203648e-9
46 -7.536639014203648e-9
47 -7.536639014203648e-9
48 -7.536639014203648e-9
49 -7.536639014203648e-9
50 -7.536639014203648e-9
51 -7.169739196886234e-9
52 -7.169739196886234e-9
53 -6.684279873574436e-9
54 -6.684279873574436e-9
55 -5.969709243278088e-9
56 -3.6930163987317396e-9
57 -3.369376646129914e-9
58 -3.3549570320126388e-9
59 -2.8406584804662902e-9
60 -2.8406584804662902e-9
61 -2.8406584804662902e-9
62 -2.8406584804662902e-9
63 -2.8406584804662902e-9
64 -2.8406584804662902e-9
65 -2.8406584804662902e-9
66 -2.8406584804662902e-9
67 -2.8406584804662902e-9
68 -2.8406584804662902e-9
69 -2.8406584804662902e-9
70 -2.8406584804662902e-9
71 -2.8406584804662902e-9
72 -2.8406584804662902e-9
73 -2.8406584804662902e-9
74 -2.8406584804662902e-9
75 -2.8406584804662902e-9
76 -2.8406584804662902e-9
77 -2.8406584804662902e-9
78 -2.8406584804662902e-9
79 -2.8406584804662902e-9
80 -2.8406584804662902e-9
81 -2.8406584804662902e-9
82 -2.8406584804662902e-9
83 -2.8406584804662902e-9
84 -2.8406584804662902e-9
85 -2.8406584804662902e-9
86 -2.8406584804662902e-9
87 -2.8406584804662902e-9
88 -2.8406584804662902e-9
89 -2.8406584804662902e-9
90 -2.8406584804662902e-9
91 -2.8406584804662902e-9
92 -2.8406584804662902e-9
93 -2.8406584804662902e-9
94 -2.8406584804662902e-9
95 -2.8406584804662902e-9
96 -2.8406584804662902e-9
97 -2.8406584804662902e-9
98 -2.8406584804662902e-9
99 -2.8406584804662902e-9
100 -2.8406584804662902e-9
101 -2.8406584804662902e-9
102 -2.8406584804662902e-9
103 -2.8406584804662902e-9
104 -2.8406584804662902e-9
105 -1.953052480762639e-9
106 -1.953052480762639e-9
107 -1.953052480762639e-9
108 -1.953052480762639e-9
109 -1.953052480762639e-9
110 -1.953052480762639e-9
111 -1.953052480762639e-9
112 -1.953052480762639e-9
113 -1.953052480762639e-9
114 -1.953052480762639e-9
115 -1.953052480762639e-9
116 -1.953052480762639e-9
117 -1.953052480762639e-9
118 -1.953052480762639e-9
119 -1.953052480762639e-9
120 -1.953052480762639e-9
121 -1.953052480762639e-9
122 -1.953052480762639e-9
123 -1.953052480762639e-9
124 -1.953052480762639e-9
125 -1.953052480762639e-9
126 6.536895807710674e-10
127 6.793237712219112e-10
128 2.2431597394663746e-11
129 2.2431597394663746e-11
130 -8.379370817844094e-10
131 -1.1759964485035103e-9
132 -1.1984268235344094e-9
133 -1.4659900273771066e-9
134 -1.022187027525281e-9
135 -1.022187027525281e-9
136 -1.022187027525281e-9
137 -4.806517666362353e-10
138 -4.806517666362353e-10
139 -4.806517666362353e-10
140 -4.806517666362353e-10
141 -4.806517666362353e-10
142 -4.806517666362353e-10
143 -4.806517666362353e-10
144 -4.806517666362353e-10
145 -4.806517666362353e-10
146 -4.806517666362353e-10
147 -4.806517666362353e-10
148 -4.806517666362353e-10
149 -4.806517666362353e-10
150 -4.806517666362353e-10
151 -4.806517666362353e-10
152 -4.806517666362353e-10
153 -4.806517666362353e-10
154 -4.806517666362353e-10
155 -4.806517666362353e-10
156 -4.806517666362353e-10
157 -4.806517666362353e-10
158 -4.806517666362353e-10
159 -4.806517666362353e-10
160 -4.806517666362353e-10
161 -4.806517666362353e-10
162 -4.806517666362353e-10
163 -4.806517666362353e-10
164 -4.806517666362353e-10
165 -4.806517666362353e-10
166 -4.806517666362353e-10
167 -4.806517666362353e-10
168 -4.806517666362353e-10
169 -4.806517666362353e-10
170 -4.806517666362353e-10
171 -4.806517666362353e-10
172 -4.806517666362353e-10
173 -4.806517666362353e-10
174 -4.806517666362353e-10
175 -4.806517666362353e-10
176 -4.806517666362353e-10
177 -4.806517666362353e-10
178 -4.806517666362353e-10
179 -4.806517666362353e-10
180 -4.806517666362353e-10
181 -4.806517666362353e-10
182 -4.806517666362353e-10
183 -4.806517666362353e-10
184 -4.806517666362353e-10
185 -4.806517666362353e-10
186 -4.806517666362353e-10
187 -4.806517666362353e-10
188 -4.806517666362353e-10
189 2.6756442620646166e-10
190 2.6756442620646166e-10
191 2.6756442620646166e-10
192 2.6756442620646166e-10
193 2.6756442620646166e-10
194 2.6756442620646166e-10
195 2.6756442620646166e-10
196 2.6756442620646166e-10
197 2.6756442620646166e-10
198 2.6756442620646166e-10
199 2.6756442620646166e-10
200 2.6756442620646166e-10
201 2.6756442620646166e-10
202 2.6756442620646166e-10
203 2.6756442620646166e-10
204 2.6756442620646166e-10
205 2.6756442620646166e-10
206 2.6756442620646166e-10
207 2.6756442620646166e-10
208 2.6756442620646166e-10
209 2.6756442620646166e-10
210 2.6756442620646166e-10
211 2.6756442620646166e-10
212 2.6756442620646166e-10
213 2.6756442620646166e-10
214 2.6756442620646166e-10
215 2.6756442620646166e-10
216 2.6756442620646166e-10
217 2.6756442620646166e-10
218 2.6756442620646166e-10
219 2.6756442620646166e-10
220 2.6756442620646166e-10
221 2.6756442620646166e-10
222 2.6756442620646166e-10
223 2.6756442620646166e-10
224 2.6756442620646166e-10
225 2.6756442620646166e-10
226 2.6756442620646166e-10
227 2.6756442620646166e-10
228 2.6756442620646166e-10
229 2.6756442620646166e-10
230 2.6756442620646166e-10
231 2.6756442620646166e-10
232 2.6756442620646166e-10
233 2.6756442620646166e-10
234 2.6756442620646166e-10
235 2.6756442620646166e-10
236 2.6756442620646166e-10
237 2.6756442620646166e-10
238 2.6756442620646166e-10
239 2.6756442620646166e-10
240 2.6756442620646166e-10
241 2.6756442620646166e-10
242 2.6756442620646166e-10
243 2.6756442620646166e-10
244 2.6756442620646166e-10
245 2.6756442620646166e-10
246 2.6756442620646166e-10
247 2.6756442620646166e-10
248 2.6756442620646166e-10
249 2.6756442620646166e-10
250 2.6756442620646166e-10
251 2.6756442620646166e-10
252 6.889364398455072e-10
253 1.4131209611292137e-9
254 3.164299455431883e-9
255 3.4607031098728924e-9
256 2.8999406781910114e-9
257 2.986458362894663e-9
258 2.991264697206461e-9
259 3.05374948798736e-9
260 3.0793842896200847e-9
261 2.960823561261938e-9
262 3.776331490379213e-9
263 3.785944159002809e-9
264 4.5854311774747175e-9
265 4.12881047121559e-9
266 4.252178145067416e-9
267 4.571011563357443e-9
268 5.689330777755617e-9
269 5.689330777755617e-9
270 5.689330777755617e-9
271 5.689330777755617e-9
272 5.689330777755617e-9
273 5.689330777755617e-9
274 5.689330777755617e-9
275 5.689330777755617e-9
276 5.689330777755617e-9
277 6.3590406579901675e-9
278 5.939269940879213e-9
279 5.904022470622892e-9
280 5.875183242388342e-9
281 6.01136801146559e-9
282 6.169983155573737e-9
283 7.140902413379214e-9
284 7.402057375200141e-9
285 7.775364212175563e-9
286 7.964421103410113e-9
287 7.743320557339185e-9
288 7.61354464146559e-9
289 8.35214755450281e-9
290 7.892323032823737e-9
291 7.892323032823737e-9
292 7.2834960356601134e-9
293 7.395647910814609e-9
294 7.395647910814609e-9
295 7.395647910814609e-9
296 7.395647910814609e-9
297 7.395647910814609e-9
298 7.395647910814609e-9
299 7.395647910814609e-9
300 7.395647910814609e-9
301 7.395647910814609e-9
302 7.395647910814609e-9
303 6.705109563259132e-9
304 6.705109563259132e-9
305 6.705109563259132e-9
306 6.705109563259132e-9
307 6.705109563259132e-9
308 6.705109563259132e-9
309 6.705109563259132e-9
310 6.705109563259132e-9
311 6.0289914410028106e-9
312 6.0289914410028106e-9
313 6.0289914410028106e-9
314 6.0289914410028106e-9
315 6.0289914410028106e-9
316 6.0289914410028106e-9
317 6.0289914410028106e-9
318 6.0289914410028106e-9
319 6.0289914410028106e-9
320 6.0289914410028106e-9
321 6.0289914410028106e-9
322 6.0289914410028106e-9
323 6.0289914410028106e-9
324 6.0289914410028106e-9
325 6.0289914410028106e-9
326 6.0289914410028106e-9
327 6.0289914410028106e-9
328 6.0289914410028106e-9
329 6.0289914410028106e-9
330 6.0289914410028106e-9
331 6.0289914410028106e-9
332 6.0289914410028106e-9
333 6.0289914410028106e-9
334 6.0289914410028106e-9
335 6.551300142280902e-9
336 6.551300142280902e-9
337 7.70646934582725e-9
338 9.076330242240874e-9
339 9.486487679546351e-9
340 1.0769831502438205e-8
341 1.0769831502438205e-8
342 1.0769831502438205e-8
343 1.0769831502438205e-8
344 1.0769831502438205e-8
345 1.0769831502438205e-8
346 1.0769831502438205e-8
347 1.0769831502438205e-8
348 1.0769831502438205e-8
349 1.0769831502438205e-8
350 1.0769831502438205e-8
351 1.0769831502438205e-8
352 1.0769831502438205e-8
353 1.0769831502438205e-8
354 1.0769831502438205e-8
355 1.0769831502438205e-8
356 1.0769831502438205e-8
357 1.0769831502438205e-8
358 1.0769831502438205e-8
359 1.0769831502438205e-8
360 1.0769831502438205e-8
361 1.0769831502438205e-8
362 1.0769831502438205e-8
363 1.0769831502438205e-8
364 1.0769831502438205e-8
365 1.0769831502438205e-8
366 1.1324185692098315e-8
367 1.1324185692098315e-8
368 1.1995498091224718e-8
369 1.1995498091224718e-8
370 1.2429687811271066e-8
371 1.2429687811271066e-8
372 1.2429687811271066e-8
373 1.2429687811271066e-8
374 1.2429687811271066e-8
375 1.2429687811271066e-8
376 1.2429687811271066e-8
377 1.2429687811271066e-8
378 1.2429687811271066e-8
379 1.2429687811271066e-8
380 1.2429687811271066e-8
381 1.2429687811271066e-8
382 1.2429687811271066e-8
383 1.2429687811271066e-8
384 1.3278842525298453e-8
385 1.3315691903264746e-8
386 1.3155474851446626e-8
387 1.546421073964747e-8
388 1.6406291380400278e-8
389 1.6406291380400278e-8
390 1.6406291380400278e-8
391 1.6406291380400278e-8
392 1.6406291380400278e-8
393 1.6406291380400278e-8
394 1.6406291380400278e-8
395 1.6406291380400278e-8
396 1.6406291380400278e-8
397 1.6406291380400278e-8
398 1.6406291380400278e-8
399 1.6896557038023875e-8
400 1.6896557038023875e-8
401 1.6896557038023875e-8
402 1.6896557038023875e-8
403 1.6896557038023875e-8
404 1.6896557038023875e-8
405 1.6896557038023875e-8
406 1.6896557038023875e-8
407 1.6896557038023875e-8
408 1.6896557038023875e-8
409 1.6896557038023875e-8
410 1.6896557038023875e-8
411 1.6896557038023875e-8
412 1.6896557038023875e-8
413 1.6896557038023875e-8
414 1.6896557038023875e-8
415 1.6896557038023875e-8
416 1.6896557038023875e-8
417 1.6896557038023875e-8
418 1.6896557038023875e-8
419 1.6896557038023875e-8
420 1.6896557038023875e-8
421 1.6896557038023875e-8
422 1.6896557038023875e-8
423 1.6896557038023875e-8
424 1.6896557038023875e-8
425 1.6896557038023875e-8
426 1.6896557038023875e-8
427 1.6896557038023875e-8
428 1.6896557038023875e-8
429 1.6896557038023875e-8
430 1.6896557038023875e-8
431 1.6896557038023875e-8
432 1.6896557038023875e-8
433 1.6896557038023875e-8
434 1.6896557038023875e-8
435 1.6896557038023875e-8
436 1.6896557038023875e-8
437 1.6896557038023875e-8
438 1.6896557038023875e-8
439 1.6896557038023875e-8
440 1.6896557038023875e-8
441 1.6896557038023875e-8
442 1.6896557038023875e-8
443 1.6896557038023875e-8
444 1.6896557038023875e-8
445 1.6896557038023875e-8
446 1.6896557038023875e-8
447 1.6896557038023875e-8
448 1.6896557038023875e-8
449 1.6896557038023875e-8
450 1.6896557038023875e-8
451 1.6896557038023875e-8
452 1.6896557038023875e-8
453 1.6896557038023875e-8
454 1.6896557038023875e-8
455 1.6896557038023875e-8
456 1.6896557038023875e-8
457 1.6896557038023875e-8
458 1.6896557038023875e-8
459 1.6896557038023875e-8
460 1.6896557038023875e-8
461 1.6896557038023875e-8
462 1.6896557038023875e-8
463 1.6896557038023875e-8
464 1.6896557038023875e-8
465 1.6896557038023875e-8
466 1.6896557038023875e-8
467 1.6896557038023875e-8
468 1.6896557038023875e-8
469 1.6896557038023875e-8
470 1.6896557038023875e-8
471 1.6896557038023875e-8
472 1.6896557038023875e-8
473 1.6896557038023875e-8
474 1.6896557038023875e-8
475 1.6896557038023875e-8
476 1.6896557038023875e-8
477 1.6896557038023875e-8
478 1.6896557038023875e-8
479 1.6896557038023875e-8
480 1.7555051730742977e-8
481 1.7851454162820225e-8
482 1.8759888629844804e-8
483 1.9367113108116573e-8
484 1.9448824458508425e-8
485 1.93831352411257e-8
486 1.943600675210112e-8
487 1.94536314040021e-8
488 2.004323184155477e-8
489 1.9855777469212072e-8
490 1.9815723053462074e-8
491 2.015057799357935e-8
492 1.9876605936533e-8
493 2.0084888165014742e-8
494 2.0543111390165722e-8
495 2.0543111390165722e-8
496 2.0543111390165722e-8
497 2.0543111390165722e-8
498 2.0543111390165722e-8
499 2.0543111390165722e-8
500 2.0543111390165722e-8
501 2.0543111390165722e-8
502 2.0543111390165722e-8
503 2.0543111390165722e-8
504 2.0543111390165722e-8
505 2.0543111390165722e-8
506 2.0543111390165722e-8
507 2.0543111390165722e-8
508 2.0543111390165722e-8
509 2.0543111390165722e-8
510 2.0543111390165722e-8
511 2.0543111390165722e-8
512 2.0543111390165722e-8
513 2.0543111390165722e-8
514 2.0543111390165722e-8
515 2.0543111390165722e-8
516 2.0543111390165722e-8
517 2.0543111390165722e-8
518 2.0543111390165722e-8
519 2.0543111390165722e-8
520 2.0543111390165722e-8
521 2.0543111390165722e-8
522 2.142911609334128e-8
523 2.142911609334128e-8
524 2.142911609334128e-8
525 2.204755637031038e-8
526 2.4205688486498583e-8
527 2.5221468494365858e-8
528 2.5221468494365858e-8
529 2.5221468494365858e-8
530 2.5221468494365858e-8
531 2.5221468494365858e-8
532 2.5221468494365858e-8
533 2.5221468494365858e-8
534 2.5221468494365858e-8
535 2.5221468494365858e-8
536 2.5221468494365858e-8
537 2.5221468494365858e-8
538 2.5221468494365858e-8
539 2.5221468494365858e-8
540 2.5221468494365858e-8
541 2.5221468494365858e-8
542 2.5221468494365858e-8
543 2.5221468494365858e-8
544 2.6906958382467683e-8
545 2.883437728396136e-8
546 2.906509049865588e-8
547 2.961944285477035e-8
548 3.016578444997119e-8
549 3.016578444997119e-8
550 3.016578444997119e-8
551 3.016578444997119e-8
552 3.016578444997119e-8
553 3.016578444997119e-8
554 3.016578444997119e-8
555 3.016578444997119e-8
556 3.038528308833214e-8
557 3.038528308833214e-8
558 3.038528308833214e-8
559 3.038528308833214e-8
560 3.038528308833214e-8
561 3.038528308833214e-8
562 3.038528308833214e-8
563 3.038528308833214e-8
564 3.038528308833214e-8
565 3.038528308833214e-8
566 3.038528308833214e-8
567 3.038528308833214e-8
568 3.038528308833214e-8
569 3.038528308833214e-8
570 3.038528308833214e-8
571 3.1114272721563886e-8
572 3.210762296558214e-8
573 3.297600240567484e-8
574 3.3477483861995765e-8
575 3.3357320003563886e-8
576 3.408470834026754e-8
577 3.4347465209798437e-8
578 3.4619835359134815e-8
579 3.529114775826122e-8
580 3.6785978236236644e-8
581 3.6832441505190296e-8
582 3.677316052982934e-8
583 3.703751991825209e-8
584 3.659211501069029e-8
585 3.705514395897119e-8
586 3.767839118143397e-8
587 3.740441912438762e-8
588 3.790109363521487e-8
589 3.755502350758215e-8
590 3.755502350758215e-8
591 3.713685530936305e-8
592 3.713685530936305e-8
593 3.713685530936305e-8
594 3.713685530936305e-8
595 3.713685530936305e-8
596 3.713685530936305e-8
597 3.713685530936305e-8
598 3.713685530936305e-8
599 3.713685530936305e-8
600 3.713685530936305e-8
601 3.713685530936305e-8
602 3.713685530936305e-8
603 3.713685530936305e-8
604 3.713685530936305e-8
605 3.713685530936305e-8
606 3.713685530936305e-8
607 3.713685530936305e-8
608 3.713685530936305e-8
609 3.713685530936305e-8
610 3.713685530936305e-8
611 3.713685530936305e-8
612 3.713685530936305e-8
613 3.713685530936305e-8
614 3.713685530936305e-8
615 3.713685530936305e-8
616 3.713685530936305e-8
617 3.713685530936305e-8
618 3.713685530936305e-8
619 3.713685530936305e-8
620 3.713685530936305e-8
621 3.713685530936305e-8
622 3.713685530936305e-8
623 3.713685530936305e-8
624 3.713685530936305e-8
625 3.713685530936305e-8
626 3.713685530936305e-8
627 3.713685530936305e-8
628 3.713685530936305e-8
629 3.7982804374424847e-8
630 3.7982804374424847e-8
631 3.7982804374424847e-8
632 3.7982804374424847e-8
633 3.7982804374424847e-8
634 3.7982804374424847e-8
635 3.7982804374424847e-8
636 3.7982804374424847e-8
637 3.7982804374424847e-8
638 3.7982804374424847e-8
639 3.7982804374424847e-8
640 3.7982804374424847e-8
641 3.7982804374424847e-8
642 3.7982804374424847e-8
643 3.7982804374424847e-8
644 3.7982804374424847e-8
645 3.7982804374424847e-8
646 3.7982804374424847e-8
647 3.7982804374424847e-8
648 3.7982804374424847e-8
649 3.7982804374424847e-8
650 3.7982804374424847e-8
651 3.7982804374424847e-8
652 3.7982804374424847e-8
653 3.7982804374424847e-8
654 3.856920038537569e-8
655 3.856920038537569e-8
656 3.856920038537569e-8
657 3.856920038537569e-8
658 3.856920038537569e-8
659 3.856920038537569e-8
660 3.911233816515659e-8
661 3.911233816515659e-8
662 3.911233816515659e-8
663 3.911233816515659e-8
664 3.911233816515659e-8
665 3.911233816515659e-8
666 3.911233816515659e-8
667 3.911233816515659e-8
668 3.911233816515659e-8
669 3.911233816515659e-8
670 3.911233816515659e-8
671 3.911233816515659e-8
672 3.911233816515659e-8
673 3.911233816515659e-8
674 3.911233816515659e-8
675 3.911233816515659e-8
676 3.911233816515659e-8
677 3.911233816515659e-8
678 3.911233816515659e-8
679 3.911233816515659e-8
680 3.911233816515659e-8
681 3.911233816515659e-8
682 3.911233816515659e-8
683 3.911233816515659e-8
684 3.911233816515659e-8
685 3.911233816515659e-8
686 3.911233816515659e-8
687 3.911233816515659e-8
688 3.911233816515659e-8
689 3.818788278748664e-8
690 3.7840210140962066e-8
691 3.777452031239746e-8
692 3.785943608939114e-8
693 3.8016449325789315e-8
694 3.787545761121839e-8
695 3.8149430279446616e-8
696 3.7929931641085665e-8
697 3.792672782566572e-8
698 3.798921261644662e-8
699 3.783380128775842e-8
700 3.783380128775842e-8
701 3.783380128775842e-8
702 3.783380128775842e-8
703 3.783380128775842e-8
704 3.783380128775842e-8
705 3.783380128775842e-8
706 3.783380128775842e-8
707 3.783380128775842e-8
708 3.783380128775842e-8
709 3.783380128775842e-8
710 3.783380128775842e-8
711 3.783380128775842e-8
712 3.783380128775842e-8
713 3.783380128775842e-8
714 3.783380128775842e-8
715 3.783380128775842e-8
716 3.783380128775842e-8
717 3.783380128775842e-8
718 3.783380128775842e-8
719 3.783380128775842e-8
720 3.783380128775842e-8
721 3.783380128775842e-8
722 3.783380128775842e-8
723 3.783380128775842e-8
724 3.783380128775842e-8
725 3.783380128775842e-8
726 3.783380128775842e-8
727 3.783380128775842e-8
728 3.783380128775842e-8
729 3.783380128775842e-8
730 3.783380128775842e-8
731 3.783380128775842e-8
732 3.828241001074016e-8
733 3.885438701875561e-8
734 4.051424210522471e-8
735 4.056871613509199e-8
736 4.091318435501474e-8
737 4.106058492278932e-8
738 4.151720501786656e-8
739 4.1046164697490156e-8
740 4.1251243721733836e-8
741 4.1251243721733836e-8
742 4.049341486026754e-8
743 4.087473306933847e-8
744 4.0748160968884824e-8
745 4.092600267260393e-8
746 4.092600267260393e-8
747 4.092600267260393e-8
748 4.092600267260393e-8
749 4.092600267260393e-8
750 4.092600267260393e-8
751 4.092600267260393e-8
752 4.092600267260393e-8
753 4.092600267260393e-8
754 4.092600267260393e-8
755 4.177996310976123e-8
756 4.18039953925021e-8
757 4.193537443844943e-8
758 4.4300186875409404e-8
759 4.4300186875409404e-8
760 4.4300186875409404e-8
761 4.4300186875409404e-8
762 4.4300186875409404e-8
763 4.4300186875409404e-8
764 4.4300186875409404e-8
765 4.4824098095579346e-8
766 4.63077139972212e-8
767 4.760547682304844e-8
768 4.744365725233847e-8
769 4.7486916094690296e-8
770 4.759265972782302e-8
771 4.8321649972236644e-8
772 4.8321649972236644e-8
773 4.8321649972236644e-8
774 4.8321649972236644e-8
775 4.8321649972236644e-8
776 4.8321649972236644e-8
777 4.8321649972236644e-8
778 4.8321649972236644e-8
779 4.8321649972236644e-8
780 4.8321649972236644e-8
781 4.8321649972236644e-8
782 4.8321649972236644e-8
783 4.8321649972236644e-8
784 4.8321649972236644e-8
785 4.8321649972236644e-8
786 4.8321649972236644e-8
787 4.8321649972236644e-8
788 4.902500663738131e-8
789 4.902500663738131e-8
790 4.902500663738131e-8
791 4.902500663738131e-8
792 4.902500663738131e-8
793 4.902500663738131e-8
794 4.902500663738131e-8
795 4.902500663738131e-8
796 4.902500663738131e-8
797 4.902500663738131e-8
798 4.902500663738131e-8
799 4.902500663738131e-8
800 4.902500663738131e-8
801 4.902500663738131e-8
802 4.902500663738131e-8
803 4.902500663738131e-8
804 4.902500663738131e-8
805 4.902500663738131e-8
806 4.902500663738131e-8
807 4.902500663738131e-8
808 4.902500663738131e-8
809 4.902500663738131e-8
810 4.902500663738131e-8
811 4.902500663738131e-8
812 4.902500663738131e-8
813 4.902500663738131e-8
814 4.902500663738131e-8
815 4.902500663738131e-8
816 4.902500663738131e-8
817 4.902500663738131e-8
818 4.902500663738131e-8
819 4.902500663738131e-8
820 4.902500663738131e-8
821 4.902500663738131e-8
822 4.902500663738131e-8
823 4.902500663738131e-8
824 4.902500663738131e-8
825 4.902500663738131e-8
826 4.902500663738131e-8
827 4.902500663738131e-8
828 4.902500663738131e-8
829 4.902500663738131e-8
830 4.902500663738131e-8
831 4.902500663738131e-8
832 4.902500663738131e-8
833 4.902500663738131e-8
834 4.930218373221136e-8
835 4.936947485730406e-8
836 4.936947485730406e-8
837 4.936947485730406e-8
838 4.936947485730406e-8
839 4.936947485730406e-8
840 4.936947485730406e-8
841 4.936947485730406e-8
842 4.936947485730406e-8
843 4.936947485730406e-8
844 4.936947485730406e-8
845 4.936947485730406e-8
846 4.936947485730406e-8
847 4.936947485730406e-8
848 5.0356415025754905e-8
849 5.0356415025754905e-8
850 5.0356415025754905e-8
851 4.98052658738785e-8
852 4.979405068636305e-8
853 4.9814879153683975e-8
854 4.9814879153683975e-8
855 4.978603931426754e-8
856 4.9797254501782994e-8
857 4.9797254501782994e-8
858 4.9902997523733835e-8
859 4.9358258447424846e-8
860 4.907947883370294e-8
861 4.953609892878018e-8
862 4.9637036838782987e-8
863 4.9637036838782987e-8
864 4.9637036838782987e-8
865 4.967388743911304e-8
866 4.9856535477143944e-8
867 4.952648687133847e-8
868 4.952648687133847e-8
869 4.940632423527035e-8
870 4.9305385714085664e-8
871 4.8880809273844794e-8
872 4.8880809273844794e-8
873 4.8880809273844794e-8
874 4.842098414098384e-8
875 4.836651011111656e-8
876 4.844021070059479e-8
877 4.9108318061937485e-8
878 4.9108318061937485e-8
879 4.9108318061937485e-8
880 4.9108318061937485e-8
881 4.9108318061937485e-8
882 4.9425549572517544e-8
883 4.938870019455125e-8
884 4.934383822212569e-8
885 4.934383822212569e-8
886 4.934383822212569e-8
887 4.948482932551474e-8
888 4.948482932551474e-8
889 4.9608196388184684e-8
890 4.959858371956109e-8
891 4.9681896366481035e-8
892 4.9596981200669233e-8
893 4.964184195073103e-8
894 4.964184195073103e-8
895 4.964184195073103e-8
896 4.9737972304058275e-8
897 4.9737972304058275e-8
898 4.9737972304058275e-8
899 4.9737972304058275e-8
900 4.995426590463552e-8
901 4.995426590463552e-8
902 4.995426590463552e-8
903 5.0152936686857434e-8
904 5.0152936686857434e-8
905 5.0152936686857434e-8
906 5.0152936686857434e-8
907 5.0152936686857434e-8
908 5.059674029789114e-8
909 5.059674029789114e-8
910 5.059674029789114e-8
911 5.059674029789114e-8
912 5.059674029789114e-8
913 5.059674029789114e-8
914 5.059674029789114e-8
915 5.059674029789114e-8
916 5.059674029789114e-8
917 5.059674029789114e-8
918 5.059674029789114e-8
919 5.059674029789114e-8
920 5.059674029789114e-8
921 5.059674029789114e-8
922 5.059674029789114e-8
923 5.059674029789114e-8
924 5.059674029789114e-8
925 5.059674029789114e-8
926 5.059674029789114e-8
927 5.059674029789114e-8
928 5.059674029789114e-8
929 5.059674029789114e-8
930 5.059674029789114e-8
931 5.059674029789114e-8
932 5.059674029789114e-8
933 5.059674029789114e-8
934 5.059674029789114e-8
935 5.059674029789114e-8
936 5.059674029789114e-8
937 5.059674029789114e-8
938 5.059674029789114e-8
939 5.059674029789114e-8
940 5.059674029789114e-8
941 5.059674029789114e-8
942 5.059674029789114e-8
943 5.059674029789114e-8
944 5.059674029789114e-8
945 5.059674029789114e-8
946 5.159649817274929e-8
947 5.159649817274929e-8
948 5.159649817274929e-8
949 5.159649817274929e-8
950 5.21508523624094e-8
951 5.21508523624094e-8
952 5.21508523624094e-8
953 5.21508523624094e-8
954 5.21508523624094e-8
955 5.21508523624094e-8
956 5.21508523624094e-8
957 5.21508523624094e-8
958 5.21508523624094e-8
959 5.21508523624094e-8
960 5.21508523624094e-8
961 5.21508523624094e-8
962 5.21508523624094e-8
963 5.21508523624094e-8
964 5.21508523624094e-8
965 5.21508523624094e-8
966 5.21508523624094e-8
967 5.21508523624094e-8
968 5.21508523624094e-8
969 5.21508523624094e-8
970 5.21508523624094e-8
971 5.21508523624094e-8
972 5.21508523624094e-8
973 5.269559266108215e-8
974 5.252255729167485e-8
975 5.252255729167485e-8
976 5.252255729167485e-8
977 5.252255729167485e-8
978 5.252255729167485e-8
979 5.252255729167485e-8
980 5.252255729167485e-8
981 5.252255729167485e-8
982 5.252255729167485e-8
983 5.252255729167485e-8
984 5.328359119092485e-8
985 5.5063608913462065e-8
986 5.519178292162569e-8
987 5.582464281271207e-8
988 5.6399824247329345e-8
989 5.6399824247329345e-8
990 5.6399824247329345e-8
991 5.6399824247329345e-8
992 5.6399824247329345e-8
993 5.6399824247329345e-8
994 5.6399824247329345e-8
995 5.6399824247329345e-8
996 5.6399824247329345e-8
997 5.6399824247329345e-8
998 5.6399824247329345e-8
999 5.6399824247329345e-8
1000 5.6399824247329345e-8
1001 5.6399824247329345e-8
1002 5.6399824247329345e-8
1003 5.6399824247329345e-8
1004 5.6399824247329345e-8
1005 5.6399824247329345e-8
1006 5.6399824247329345e-8
1007 5.6399824247329345e-8
1008 5.6399824247329345e-8
1009 5.6399824247329345e-8
1010 5.687887471743749e-8
1011 5.687887471743749e-8
1012 5.687887471743749e-8
1013 5.687887471743749e-8
1014 5.687887471743749e-8
1015 5.687887471743749e-8
1016 5.718008348382654e-8
1017 5.718008348382654e-8
1018 5.718008348382654e-8
1019 5.718008348382654e-8
1020 5.718008348382654e-8
1021 5.718008348382654e-8
1022 5.718008348382654e-8
1023 5.718008348382654e-8
1024 5.718008348382654e-8
1025 5.718008348382654e-8
1026 5.718008348382654e-8
1027 5.718008348382654e-8
1028 5.718008348382654e-8
1029 5.781614657915098e-8
1030 5.776167316046559e-8
1031 5.776167316046559e-8
1032 5.776167316046559e-8
1033 5.776167316046559e-8
1034 5.776167316046559e-8
1035 5.776167316046559e-8
1036 5.776167316046559e-8
1037 5.776167316046559e-8
1038 5.776167316046559e-8
1039 5.776167316046559e-8
1040 5.776167316046559e-8
1041 5.776167316046559e-8
1042 5.776167316046559e-8
1043 5.776167316046559e-8
1044 5.776167316046559e-8
1045 5.776167316046559e-8
1046 5.776167316046559e-8
1047 5.776167316046559e-8
1048 5.776167316046559e-8
1049 5.776167316046559e-8
1050 5.776167316046559e-8
1051 5.776167316046559e-8
1052 5.776167316046559e-8
1053 5.776167316046559e-8
1054 5.776167316046559e-8
1055 5.776167316046559e-8
1056 5.776167316046559e-8
1057 5.776167316046559e-8
1058 5.776167316046559e-8
1059 5.776167316046559e-8
1060 5.776167316046559e-8
1061 5.776167316046559e-8
1062 5.776167316046559e-8
1063 5.776167316046559e-8
1064 5.776167316046559e-8
1065 5.776167316046559e-8
1066 5.776167316046559e-8
1067 5.776167316046559e-8
1068 5.776167316046559e-8
1069 5.776167316046559e-8
1070 5.776167316046559e-8
1071 5.776167316046559e-8
1072 5.776167316046559e-8
1073 5.776167316046559e-8
1074 5.776167316046559e-8
1075 5.776167316046559e-8
1076 5.776167316046559e-8
1077 5.776167316046559e-8
1078 5.776167316046559e-8
1079 5.912031948054565e-8
1080 6.1437066740842e-8
1081 6.1437066740842e-8
1082 6.1437066740842e-8
1083 6.222373483054285e-8
1084 6.241439424066925e-8
1085 6.278289474333287e-8
1086 6.220130445551195e-8
1087 6.220130445551195e-8
1088 6.220130445551195e-8
1089 6.26354941755583e-8
1090 6.26354941755583e-8
1091 6.26354941755583e-8
1092 6.26354941755583e-8
1093 6.26354941755583e-8
1094 6.26354941755583e-8
1095 6.26354941755583e-8
1096 6.26354941755583e-8
1097 6.26354941755583e-8
1098 6.26354941755583e-8
1099 6.26354941755583e-8
1100 6.26354941755583e-8
1101 6.26354941755583e-8
1102 6.26354941755583e-8
1103 6.26354941755583e-8
1104 6.26354941755583e-8
1105 6.26354941755583e-8
1106 6.371536149309832e-8
1107 6.525825775891925e-8
1108 6.522300967748105e-8
1109 6.55802956038111e-8
1110 6.572128670720014e-8
1111 6.584625628876194e-8
1112 6.633171561207374e-8
1113 6.555466019099648e-8
1114 6.540405580780196e-8
1115 6.548576654701194e-8
1116 6.535919505774017e-8
1117 6.539604443570647e-8
1118 6.530311912016293e-8
1119 6.569885633216926e-8
1120 6.582062209831111e-8
1121 6.572929746811379e-8
1122 6.565880191641926e-8
1123 6.604813088640381e-8
1124 6.543129312832657e-8
1125 6.56123386474656e-8
1126 6.562996268818471e-8
1127 6.51717400742156e-8
1128 6.52790856150583e-8
1129 6.598885052222472e-8
1130 6.547134754407654e-8
1131 6.641342818482936e-8
1132 6.608498209791574e-8
1133 6.598084098367486e-8
1134 6.598084098367486e-8
1135 6.598084098367486e-8
1136 6.598084098367486e-8
1137 6.648392434770576e-8
1138 6.648392434770576e-8
1139 6.648392434770576e-8
1140 6.648392434770576e-8
1141 6.648392434770576e-8
1142 6.648392434770576e-8
1143 6.738594935034481e-8
1144 6.738594935034481e-8
1145 6.738594935034481e-8
1146 6.738594935034481e-8
1147 6.738594935034481e-8
1148 6.738594935034481e-8
1149 6.738594935034481e-8
1150 6.738594935034481e-8
1151 6.738594935034481e-8
1152 6.738594935034481e-8
1153 6.738594935034481e-8
1154 6.880708046120576e-8
1155 6.880708046120576e-8
1156 6.880708046120576e-8
1157 6.880708046120576e-8
1158 6.880708046120576e-8
1159 6.880708046120576e-8
1160 6.880708046120576e-8
1161 6.880708046120576e-8
1162 6.880708046120576e-8
1163 6.880708046120576e-8
1164 6.880708046120576e-8
1165 7.001031545259761e-8
1166 6.977319277351755e-8
1167 7.024423248271207e-8
1168 7.035638496904844e-8
1169 7.241838734309127e-8
1170 7.310091492973312e-8
1171 7.293428841352947e-8
1172 7.309931302202316e-8
1173 7.324190603312217e-8
1174 7.319063642985671e-8
1175 7.3605600201474e-8
1176 7.324671297861584e-8
1177 7.321947565809127e-8
1178 7.413752218255756e-8
1179 7.413752218255756e-8
1180 7.413752218255756e-8
1181 7.413752218255756e-8
1182 7.413752218255756e-8
1183 7.413752218255756e-8
1184 7.413752218255756e-8
1185 7.413752218255756e-8
1186 7.413752218255756e-8
1187 7.413752218255756e-8
1188 7.413752218255756e-8
1189 7.413752218255756e-8
1190 7.413752218255756e-8
1191 7.413752218255756e-8
1192 7.413752218255756e-8
1193 7.413752218255756e-8
1194 7.413752218255756e-8
1195 7.413752218255756e-8
1196 7.46422080654803e-8
1197 7.47591662749466e-8
1198 7.533915465505755e-8
1199 7.644786058965024e-8
1200 7.733066025504209e-8
1201 7.759662155117481e-8
1202 7.746844754301119e-8
1203 7.718005526066569e-8
1204 7.725055142354209e-8
1205 7.72633685187675e-8
1206 7.755816904313479e-8
1207 7.734027353484756e-8
1208 7.900173052902664e-8
1209 7.900173052902664e-8
1210 7.900173052902664e-8
1211 7.900173052902664e-8
1212 7.900173052902664e-8
1213 7.900173052902664e-8
1214 7.900173052902664e-8
1215 7.900173052902664e-8
1216 7.900173052902664e-8
1217 7.900173052902664e-8
1218 7.900173052902664e-8
1219 7.957050372162214e-8
1220 7.957050372162214e-8
1221 7.957050372162214e-8
1222 7.957050372162214e-8
1223 7.957050372162214e-8
1224 8.023700856407298e-8
1225 8.023700856407298e-8
1226 8.054302366477382e-8
1227 8.054302366477382e-8
1228 8.054302366477382e-8
1229 8.054302366477382e-8
1230 8.054302366477382e-8
1231 8.054302366477382e-8
1232 8.054302366477382e-8
1233 8.054302366477382e-8
1234 8.054302366477382e-8
1235 8.054302366477382e-8
1236 8.054302366477382e-8
1237 8.216602815091287e-8
1238 8.216763066980473e-8
1239 8.216763066980473e-8
1240 8.258099131134827e-8
1241 8.242558120502382e-8
1242 8.248325966149292e-8
1243 8.239994579220921e-8
1244 8.374096807157017e-8
1245 8.691487958444375e-8
1246 8.732023068743744e-8
1247 8.858915428503014e-8
1248 8.913389458370289e-8
1249 9.027143974653014e-8
1250 9.027143974653014e-8
1251 9.027143974653014e-8
1252 9.027143974653014e-8
1253 9.027143974653014e-8
1254 9.027143974653014e-8
1255 9.027143974653014e-8
1256 9.027143974653014e-8
1257 9.064794978774362e-8
1258 9.064794978774362e-8
1259 9.146986595888267e-8
1260 9.146986595888267e-8
1261 9.146986595888267e-8
1262 9.146986595888267e-8
1263 9.146986595888267e-8
1264 9.146986595888267e-8
1265 9.146986595888267e-8
1266 9.146986595888267e-8
1267 9.146986595888267e-8
1268 9.146986595888267e-8
1269 9.146986595888267e-8
1270 9.146986595888267e-8
1271 9.146986595888267e-8
1272 9.146986595888267e-8
1273 9.146986595888267e-8
1274 9.146986595888267e-8
1275 9.146986595888267e-8
1276 9.204344426342621e-8
1277 9.181914051311722e-8
1278 9.192648605395992e-8
1279 9.236548271949994e-8
1280 9.213156446702171e-8
1281 9.23013954098272e-8
1282 9.348380193389812e-8
1283 9.422560988471904e-8
1284 9.416793142824995e-8
1285 9.407660679805262e-8
1286 9.405738146080543e-8
1287 9.390677646642903e-8
1288 9.395003469759898e-8
1289 9.401732704505544e-8
1290 9.406218779511724e-8
1291 9.486007168351542e-8
1292 9.486007168351542e-8
1293 9.486007168351542e-8
1294 9.486007168351542e-8
1295 9.495459951795081e-8
1296 9.495459951795081e-8
1297 9.495459951795081e-8
1298 9.495459951795081e-8
1299 9.495459951795081e-8
1300 9.495459951795081e-8
1301 9.513885129723733e-8
1302 9.509399054717552e-8
1303 9.509399054717552e-8
1304 9.521575631331738e-8
1305 9.521575631331738e-8
1306 9.521575631331738e-8
1307 9.600883325622188e-8
1308 9.600883325622188e-8
1309 9.600883325622188e-8
1310 9.600883325622188e-8
1311 9.600883325622188e-8
1312 9.730980050865095e-8
1313 9.999344758626472e-8
1314 1.0001267231233003e-7
1315 1.0001267231233003e-7
1316 1.0001267231233003e-7
1317 1.0001267231233003e-7
1318 1.0001267231233003e-7
1319 1.0001267231233003e-7
1320 1.0001267231233003e-7
1321 1.0001267231233003e-7
1322 1.0001267231233003e-7
1323 1.0001267231233003e-7
1324 1.0001267231233003e-7
1325 1.0001267231233003e-7
1326 1.0001267231233003e-7
1327 1.0001267231233003e-7
1328 1.0001267231233003e-7
1329 1.0001267231233003e-7
1330 1.0001267231233003e-7
1331 1.0001267231233003e-7
1332 1.0001267231233003e-7
1333 1.0001267231233003e-7
1334 1.0001267231233003e-7
1335 1.0054299238570363e-7
1336 1.0062470373609548e-7
1337 1.0062470373609548e-7
1338 1.0118386303770363e-7
1339 1.0118386303770363e-7
1340 1.0162926794526543e-7
1341 1.0159081604840728e-7
1342 1.0159081604840728e-7
1343 1.0201859569288621e-7
1344 1.0201859569288621e-7
1345 1.0201859569288621e-7
1346 1.0201859569288621e-7
1347 1.0201859569288621e-7
1348 1.0201859569288621e-7
1349 1.0201859569288621e-7
1350 1.0201859569288621e-7
1351 1.0201859569288621e-7
1352 1.0201859569288621e-7
1353 1.0201859569288621e-7
1354 1.0201859569288621e-7
1355 1.0201859569288621e-7
1356 1.0201859569288621e-7
1357 1.0201859569288621e-7
1358 1.0201859569288621e-7
1359 1.0201859569288621e-7
1360 1.0201859569288621e-7
1361 1.0201859569288621e-7
1362 1.0206826277725981e-7
1363 1.0219964121202526e-7
1364 1.0219964121202526e-7
1365 1.0219964121202526e-7
1366 1.0219964121202526e-7
1367 1.0219964121202526e-7
1368 1.0219964121202526e-7
1369 1.0219964121202526e-7
1370 1.0219964121202526e-7
1371 1.0219964121202526e-7
1372 1.0219964121202526e-7
1373 1.0219964121202526e-7
1374 1.0219964121202526e-7
1375 1.0219964121202526e-7
1376 1.0219964121202526e-7
1377 1.0219964121202526e-7
1378 1.0167572938067344e-7
1379 1.0185196856550068e-7
1380 1.0185196856550068e-7
1381 1.0185196856550068e-7
1382 1.0185196856550068e-7
1383 1.0185196856550068e-7
1384 1.0185196856550068e-7
1385 1.0185196856550068e-7
1386 1.0185196856550068e-7
1387 1.0185196856550068e-7
1388 1.0185196856550068e-7
1389 1.0185196856550068e-7
1390 1.0319779717917344e-7
1391 1.0319779717917344e-7
1392 1.0377778555928439e-7
1393 1.0377778555928439e-7
1394 1.0377778555928439e-7
1395 1.0377778555928439e-7
1396 1.0377778555928439e-7
1397 1.0377778555928439e-7
1398 1.0377778555928439e-7
1399 1.0377778555928439e-7
1400 1.0389794880653439e-7
1401 1.0406617784162989e-7
1402 1.0406617784162989e-7
1403 1.0406617784162989e-7
1404 1.0406617784162989e-7
1405 1.0406617784162989e-7
1406 1.0406617784162989e-7
1407 1.0406617784162989e-7
1408 1.0406617784162989e-7
1409 1.0406617784162989e-7
1410 1.0406617784162989e-7
1411 1.0406617784162989e-7
1412 1.0406617784162989e-7
1413 1.0433534234200068e-7
1414 1.0469262826833073e-7
1415 1.0455644349925348e-7
1416 1.0463174599644168e-7
1417 1.0463174599644168e-7
1418 1.0484002822492342e-7
1419 1.0511560280086162e-7
1420 1.0500505344459898e-7
1421 1.0500505344459898e-7
1422 1.0500505344459898e-7
1423 1.056811715668553e-7
1424 1.0518609896373802e-7
1425 1.0518609896373802e-7
1426 1.0518609896373802e-7
1427 1.0559946205000908e-7
1428 1.0559946205000908e-7
1429 1.0559946205000908e-7
1430 1.0559946205000908e-7
1431 1.0618265546790374e-7
1432 1.0618265546790374e-7
1433 1.0618265546790374e-7
1434 1.0618265546790374e-7
1435 1.0618265546790374e-7
1436 1.0618265546790374e-7
1437 1.0618265546790374e-7
1438 1.0618265546790374e-7
1439 1.0618265546790374e-7
1440 1.0618265546790374e-7
1441 1.0618265546790374e-7
1442 1.0618265546790374e-7
1443 1.0618265546790374e-7
1444 1.0618265546790374e-7
1445 1.0618265546790374e-7
1446 1.0618265546790374e-7
1447 1.0618265546790374e-7
1448 1.0618265546790374e-7
1449 1.0618265546790374e-7
1450 1.0618265546790374e-7
1451 1.0618265546790374e-7
1452 1.0618265546790374e-7
1453 1.0618265546790374e-7
1454 1.0618265546790374e-7
1455 1.0618265546790374e-7
1456 1.0618265546790374e-7
1457 1.0618265546790374e-7
1458 1.0618265546790374e-7
1459 1.0618265546790374e-7
1460 1.0618265546790374e-7
1461 1.0618265546790374e-7
1462 1.0618265546790374e-7
1463 1.0618265546790374e-7
1464 1.0618265546790374e-7
1465 1.0618265546790374e-7
1466 1.0618265546790374e-7
1467 1.0618265546790374e-7
1468 1.0618265546790374e-7
1469 1.0618265546790374e-7
1470 1.0618265546790374e-7
1471 1.0618265546790374e-7
1472 1.0697573241080824e-7
1473 1.0706225009551189e-7
1474 1.0723528546491919e-7
1475 1.0976832632579279e-7
1476 1.1027140968982368e-7
1477 1.1151630039349362e-7
1478 1.1157237755343463e-7
1479 1.1211871914863547e-7
1480 1.137817786617064e-7
1481 1.1433132529469095e-7
1482 1.1433132529469095e-7
1483 1.1433132529469095e-7
1484 1.1433132529469095e-7
1485 1.1433132529469095e-7
1486 1.1433132529469095e-7
1487 1.1433132529469095e-7
1488 1.1433132529469095e-7
1489 1.1433132529469095e-7
1490 1.1433132529469095e-7
1491 1.1433132529469095e-7
1492 1.1433132529469095e-7
1493 1.1433132529469095e-7
1494 1.1433132529469095e-7
1495 1.1433132529469095e-7
1496 1.1433132529469095e-7
1497 1.1433132529469095e-7
1498 1.1433132529469095e-7
1499 1.1433132529469095e-7
1500 1.1433132529469095e-7
1501 1.1433132529469095e-7
1502 1.1433132529469095e-7
1503 1.1433132529469095e-7
1504 1.1433132529469095e-7
1505 1.1520771610687916e-7
1506 1.1520771610687916e-7
1507 1.1520771610687916e-7
1508 1.1520771610687916e-7
1509 1.1520771610687916e-7
1510 1.1520771610687916e-7
1511 1.1520771610687916e-7
1512 1.1520771610687916e-7
1513 1.1520771610687916e-7
1514 1.1520771610687916e-7
1515 1.1484402254970921e-7
1516 1.1490009848728646e-7
1517 1.1490009848728646e-7
1518 1.1490009848728646e-7
1519 1.1490009848728646e-7
1520 1.1558582988934825e-7
1521 1.1558582988934825e-7
1522 1.1558582988934825e-7
1523 1.1558582988934825e-7
1524 1.1558582988934825e-7
1525 1.1558582988934825e-7
1526 1.1558582988934825e-7
1527 1.1558582988934825e-7
1528 1.1558582988934825e-7
1529 1.1558582988934825e-7
1530 1.1558582988934825e-7
1531 1.1558582988934825e-7
1532 1.1558582988934825e-7
1533 1.1558582988934825e-7
1534 1.1558582988934825e-7
1535 1.1611294492493814e-7
1536 1.1611294492493814e-7
1537 1.1664967385151539e-7
1538 1.1622029046578083e-7
1539 1.1622029046578083e-7
1540 1.1651989793564179e-7
1541 1.1651989793564179e-7
1542 1.1687397882418814e-7
1543 1.1827267956001819e-7
1544 1.1915708113312002e-7
1545 1.1935895511957998e-7
1546 1.1986364100250273e-7
1547 1.1986364100250273e-7
1548 1.1986364100250273e-7
1549 1.1986364100250273e-7
1550 1.188318394728082e-7
1551 1.1925961972846903e-7
1552 1.1925961972846903e-7
1553 1.1925961972846903e-7
1554 1.1925961972846903e-7
1555 1.1925961972846903e-7
1556 1.1925961972846903e-7
1557 1.2060705086103362e-7
1558 1.222460780913637e-7
1559 1.2257772860487914e-7
1560 1.227667854961137e-7
1561 1.2262739568925274e-7
1562 1.2207784966745008e-7
1563 1.22379059045021e-7
1564 1.22379059045021e-7
1565 1.22379059045021e-7
1566 1.22379059045021e-7
1567 1.22379059045021e-7
1568 1.22379059045021e-7
1569 1.22379059045021e-7
1570 1.22379059045021e-7
1571 1.22379059045021e-7
1572 1.22379059045021e-7
1573 1.22379059045021e-7
1574 1.22379059045021e-7
1575 1.22379059045021e-7
1576 1.22379059045021e-7
1577 1.22379059045021e-7
1578 1.22379059045021e-7
1579 1.22379059045021e-7
1580 1.22379059045021e-7
1581 1.22379059045021e-7
1582 1.2298147780016287e-7
1583 1.2263220324592832e-7
1584 1.234877649796137e-7
1585 1.2494093974531104e-7
1586 1.2627875698688828e-7
1587 1.2627875698688828e-7
1588 1.2627875698688828e-7
1589 1.2627875698688828e-7
1590 1.2627875698688828e-7
1591 1.2627875698688828e-7
1592 1.2627875698688828e-7
1593 1.2627875698688828e-7
1594 1.2627875698688828e-7
1595 1.2627875698688828e-7
1596 1.2627875698688828e-7
1597 1.2627875698688828e-7
1598 1.2627875698688828e-7
1599 1.2627875698688828e-7
1600 1.2627875698688828e-7
1601 1.2627875698688828e-7
1602 1.2627875698688828e-7
1603 1.2627875698688828e-7
1604 1.2627875698688828e-7
1605 1.2627875698688828e-7
1606 1.2627875698688828e-7
1607 1.2627875698688828e-7
1608 1.2627875698688828e-7
1609 1.2627875698688828e-7
1610 1.2627875698688828e-7
1611 1.2665046191615374e-7
1612 1.2651427592471273e-7
1613 1.2654632019073098e-7
1614 1.2654632019073098e-7
1615 1.2654632019073098e-7
1616 1.2654632019073098e-7
1617 1.2701735928874362e-7
1618 1.2698371372619728e-7
1619 1.2698371372619728e-7
1620 1.2698371372619728e-7
1621 1.2698371372619728e-7
1622 1.2698371372619728e-7
1623 1.2698371372619728e-7
1624 1.2698371372619728e-7
1625 1.2698371372619728e-7
1626 1.2698371372619728e-7
1627 1.2698371372619728e-7
1628 1.2698371372619728e-7
1629 1.2698371372619728e-7
1630 1.2710067315802734e-7
1631 1.2710067315802734e-7
1632 1.2710067315802734e-7
1633 1.2710067315802734e-7
1634 1.2710067315802734e-7
1635 1.2710067315802734e-7
1636 1.2857627768757367e-7
1637 1.2857627768757367e-7
1638 1.2857627768757367e-7
1639 1.2857627768757367e-7
1640 1.2857627768757367e-7
1641 1.2857627768757367e-7
1642 1.2857627768757367e-7
1643 1.2857627768757367e-7
1644 1.2857627768757367e-7
1645 1.2857627768757367e-7
1646 1.2857627768757367e-7
1647 1.2857627768757367e-7
1648 1.2857627768757367e-7
1649 1.2857627768757367e-7
1650 1.2857627768757367e-7
1651 1.2857627768757367e-7
1652 1.2857627768757367e-7
1653 1.2857627768757367e-7
1654 1.2857627768757367e-7
1655 1.2857627768757367e-7
1656 1.2857627768757367e-7
1657 1.2857627768757367e-7
1658 1.2857627768757367e-7
1659 1.2857627768757367e-7
1660 1.2857627768757367e-7
1661 1.2857627768757367e-7
1662 1.2857627768757367e-7
1663 1.2857627768757367e-7
1664 1.2857627768757367e-7
1665 1.2857627768757367e-7
1666 1.2857627768757367e-7
1667 1.2857627768757367e-7
1668 1.2857627768757367e-7
1669 1.2857627768757367e-7
1670 1.2857627768757367e-7
1671 1.2857627768757367e-7
1672 1.2857627768757367e-7
1673 1.2857627768757367e-7
1674 1.2857627768757367e-7
1675 1.2857627768757367e-7
1676 1.2857627768757367e-7
1677 1.2857627768757367e-7
1678 1.2857627768757367e-7
1679 1.2857627768757367e-7
1680 1.2857627768757367e-7
1681 1.2857627768757367e-7
1682 1.2857627768757367e-7
1683 1.2857627768757367e-7
1684 1.2857627768757367e-7
1685 1.2857627768757367e-7
1686 1.2857627768757367e-7
1687 1.2857627768757367e-7
1688 1.2857627768757367e-7
1689 1.2857627768757367e-7
1690 1.2857627768757367e-7
1691 1.2857627768757367e-7
1692 1.2882141051638547e-7
1693 1.2931648311950274e-7
1694 1.289383699482155e-7
1695 1.2893196109501187e-7
1696 1.2893196109501187e-7
1697 1.2893196109501187e-7
1698 1.2893196109501187e-7
1699 1.2893196109501187e-7
1700 1.2893196109501187e-7
1701 1.2893196109501187e-7
1702 1.2893196109501187e-7
1703 1.2893196109501187e-7
1704 1.2893196109501187e-7
1705 1.2893196109501187e-7
1706 1.2893196109501187e-7
1707 1.2893196109501187e-7
1708 1.2950393810302732e-7
1709 1.2950393810302732e-7
1710 1.2950393810302732e-7
1711 1.2983558861654278e-7
1712 1.2983558861654278e-7
1713 1.2983558861654278e-7
1714 1.2983558861654278e-7
1715 1.2983558861654278e-7
1716 1.2983558861654278e-7
1717 1.2983558861654278e-7
1718 1.2983558861654278e-7
1719 1.2983558861654278e-7
1720 1.2983558861654278e-7
1721 1.3020248721149643e-7
1722 1.3020248721149643e-7
1723 1.3020248721149643e-7
1724 1.3020248721149643e-7
1725 1.3020248721149643e-7
1726 1.3020248721149643e-7
1727 1.3020248721149643e-7
1728 1.3020248721149643e-7
1729 1.3137047289908633e-7
1730 1.312374931677928e-7
1731 1.311974387520428e-7
1732 1.311974387520428e-7
1733 1.311974387520428e-7
1734 1.311974387520428e-7
1735 1.3166207021921554e-7
1736 1.3166207021921554e-7
1737 1.3166207021921554e-7
1738 1.3166207021921554e-7
1739 1.3166207021921554e-7
1740 1.3166207021921554e-7
1741 1.3166207021921554e-7
1742 1.3166207021921554e-7
1743 1.3166207021921554e-7
1744 1.3340043161829278e-7
1745 1.334484974061383e-7
1746 1.3548486375618464e-7
1747 1.3547204666095923e-7
1748 1.354031524057928e-7
1749 1.3595109713106737e-7
1750 1.366656683725456e-7
1751 1.366656683725456e-7
1752 1.366656683725456e-7
1753 1.366656683725456e-7
1754 1.366656683725456e-7
1755 1.366656683725456e-7
1756 1.366656683725456e-7
1757 1.366656683725456e-7
1758 1.366656683725456e-7
1759 1.376718351006074e-7
1760 1.376718351006074e-7
1761 1.3826464118712567e-7
1762 1.3904009408931108e-7
1763 1.3894236243945575e-7
1764 1.3879015614855126e-7
1765 1.3883982445528861e-7
1766 1.3904009653403861e-7
1767 1.387965650017549e-7
1768 1.3938937047709128e-7
1769 1.42314945956915e-7
1770 1.435037607230077e-7
1771 1.435037607230077e-7
1772 1.435037607230077e-7
1773 1.435037607230077e-7
1774 1.435037607230077e-7
1775 1.451812398501959e-7
1776 1.4695484933071135e-7
1777 1.4680264242862498e-7
1778 1.4781842182531036e-7
1779 1.4781842182531036e-7
1780 1.4781842182531036e-7
1781 1.4829907481431037e-7
1782 1.4866757470579212e-7
1783 1.4866757470579212e-7
1784 1.4886624426565027e-7
1785 1.4876050124369943e-7
1786 1.4905209734146488e-7
1787 1.4907933527317133e-7
1788 1.4907933527317133e-7
1789 1.4907933527317133e-7
1790 1.4925717697689043e-7
1791 1.4915303525146768e-7
1792 1.4915303525146768e-7
1793 1.4915303525146768e-7
1794 1.4915303525146768e-7
1795 1.4915303525146768e-7
1796 1.5017041716704493e-7
1797 1.5024091332992135e-7
1798 1.5218114932664046e-7
1799 1.539195107257177e-7
1800 1.539195107257177e-7
1801 1.539195107257177e-7
1802 1.539195107257177e-7
1803 1.5444021690810393e-7
1804 1.5453314344601122e-7
1805 1.5453314344601122e-7
1806 1.5453314344601122e-7
1807 1.5499617239429213e-7
1808 1.5526053178271487e-7
1809 1.5673453379336937e-7
1810 1.573994373392921e-7
1811 1.5795379030658846e-7
1812 1.5788009032829212e-7
1813 1.5788009032829212e-7
1814 1.5788009032829212e-7
1815 1.5788009032829212e-7
1816 1.5859145592080476e-7
1817 1.5859145592080476e-7
1818 1.5859145592080476e-7
1819 1.5859145592080476e-7
1820 1.5859145592080476e-7
1821 1.5859145592080476e-7
1822 1.5859145592080476e-7
1823 1.5905448486908566e-7
1824 1.5905448486908566e-7
1825 1.5905448486908566e-7
1826 1.5905448486908566e-7
1827 1.5905448486908566e-7
1828 1.5905448486908566e-7
1829 1.5905448486908566e-7
1830 1.5905448486908566e-7
1831 1.59568783420632e-7
1832 1.595335353391938e-7
1833 1.5979468968983284e-7
1834 1.5965850492075559e-7
1835 1.5975784031186654e-7
1836 1.5891028933909477e-7
1837 1.588205666166074e-7
1838 1.5889266529837566e-7
1839 1.5846648572806105e-7
1840 1.5865394071158564e-7
1841 1.5888785835288197e-7
1842 1.5865233697033e-7
1843 1.5864112239399644e-7
1844 1.5859305660615093e-7
1845 1.5855140089387283e-7
1846 1.5855140089387283e-7
1847 1.5845206550276188e-7
1848 1.5845206550276188e-7
1849 1.5845206550276188e-7
1850 1.5845206550276188e-7
1851 1.5845206550276188e-7
1852 1.5845206550276188e-7
1853 1.5845206550276188e-7
1854 1.5845206550276188e-7
1855 1.5845206550276188e-7
1856 1.5845206550276188e-7
1857 1.5845206550276188e-7
1858 1.5845206550276188e-7
1859 1.5845206550276188e-7
1860 1.5845206550276188e-7
1861 1.5889747041032368e-7
1862 1.5889747041032368e-7
1863 1.5889747041032368e-7
1864 1.5889747041032368e-7
1865 1.5889747041032368e-7
1866 1.5889747041032368e-7
1867 1.5889747041032368e-7
1868 1.5889747041032368e-7
1869 1.5889747041032368e-7
1870 1.5889747041032368e-7
1871 1.5889747041032368e-7
1872 1.5889747041032368e-7
1873 1.5924834748345008e-7
1874 1.5924834748345008e-7
1875 1.5924834748345008e-7
1876 1.5981071060047815e-7
1877 1.5981071060047815e-7
1878 1.604163319486762e-7
1879 1.604163319486762e-7
1880 1.604163319486762e-7
1881 1.609514583563616e-7
1882 1.606150002861706e-7
1883 1.6093543683453437e-7
1884 1.607640039840189e-7
1885 1.616371897584234e-7
1886 1.6282440261680614e-7
1887 1.6391868954846345e-7
1888 1.6391868954846345e-7
1889 1.6391868954846345e-7
1890 1.6391868954846345e-7
1891 1.6391868954846345e-7
1892 1.6391868954846345e-7
1893 1.6391868954846345e-7
1894 1.6391868954846345e-7
1895 1.6391868954846345e-7
1896 1.6391868954846345e-7
1897 1.6391868954846345e-7
1898 1.6391868954846345e-7
1899 1.6391868954846345e-7
1900 1.6391868954846345e-7
1901 1.6435127674961795e-7
1902 1.6435127674961795e-7
1903 1.649552968012879e-7
1904 1.6481911203221065e-7
1905 1.6496491069227525e-7
1906 1.651555688800379e-7
1907 1.65453573831007e-7
1908 1.6702691184395435e-7
1909 1.6736176678407162e-7
1910 1.6811799373782795e-7
1911 1.6784882862627527e-7
1912 1.6784882862627527e-7
1913 1.6784882862627527e-7
1914 1.6784882862627527e-7
1915 1.6842240815318257e-7
1916 1.6842240815318257e-7
1917 1.6842240815318257e-7
1918 1.6864190556917976e-7
1919 1.6863709923486796e-7
1920 1.6858102329729072e-7
1921 1.6858102329729072e-7
1922 1.688501877976615e-7
1923 1.687828966725688e-7
1924 1.687828966725688e-7
1925 1.687828966725688e-7
1926 1.687828966725688e-7
1927 1.687828966725688e-7
1928 1.687828966725688e-7
1929 1.6935807871836797e-7
1930 1.6935807871836797e-7
1931 1.6973459120430898e-7
1932 1.6973459120430898e-7
1933 1.7031778339983987e-7
1934 1.7029855684022893e-7
1935 1.6966729885685255e-7
1936 1.6968011656325986e-7
1937 1.7222277009275705e-7
1938 1.725351952690253e-7
1939 1.7176935442428163e-7
1940 1.7238779470125073e-7
1941 1.7235094471210255e-7
1942 1.7264093829097615e-7
1943 1.727098319349607e-7
1944 1.7289568378841155e-7
1945 1.7304308374500424e-7
1946 1.731552368425225e-7
1947 1.746372502252725e-7
1948 1.750826551328343e-7
1949 1.7580203209744244e-7
1950 1.7580203209744244e-7
1951 1.7580203209744244e-7
1952 1.7580203209744244e-7
1953 1.7580203209744244e-7
1954 1.7580203209744244e-7
1955 1.7580203209744244e-7
1956 1.7580203209744244e-7
1957 1.7624263067069245e-7
1958 1.7607760667338066e-7
1959 1.7480708055689612e-7
1960 1.7480708055689612e-7
1961 1.7480708055689612e-7
1962 1.7480708055689612e-7
1963 1.7468371349422617e-7
1964 1.7467570273331255e-7
1965 1.7467570273331255e-7
1966 1.7467570273331255e-7
1967 1.7518359243165526e-7
1968 1.7450907621710892e-7
1969 1.7452029140462436e-7
1970 1.7474299385840526e-7
1971 1.7474299385840526e-7
1972 1.7474299385840526e-7
1973 1.7474299385840526e-7
1974 1.7474299385840526e-7
1975 1.7474299385840526e-7
1976 1.7474299385840526e-7
1977 1.7474299385840526e-7
1978 1.7474299385840526e-7
1979 1.7474299385840526e-7
1980 1.7474299385840526e-7
1981 1.7474299385840526e-7
1982 1.7474299385840526e-7
1983 1.7474299385840526e-7
1984 1.7474299385840526e-7
1985 1.7474299385840526e-7
1986 1.7474299385840526e-7
1987 1.7474299385840526e-7
1988 1.7474299385840526e-7
1989 1.7474299385840526e-7
1990 1.7474299385840526e-7
1991 1.7474299385840526e-7
1992 1.7474299385840526e-7
1993 1.7537425184178166e-7
1994 1.7537425184178166e-7
1995 1.7537425184178166e-7
1996 1.7537425184178166e-7
1997 1.7537425184178166e-7
1998 1.7537425184178166e-7
1999 1.7659511087389263e-7
2000 1.7659511087389263e-7
2001 1.7659511087389263e-7
2002 1.7659511087389263e-7
2003 1.7659511087389263e-7
2004 1.7688991078707803e-7
2005 1.7688991078707803e-7
2006 1.7688991078707803e-7
2007 1.7724399045326063e-7
2008 1.7753238273560615e-7
2009 1.7799381038735896e-7
2010 1.7959598701735896e-7
2011 1.797321717864362e-7
2012 1.8022564187066163e-7
2013 1.8144009204956893e-7
2014 1.8144009204956893e-7
2015 1.8144009204956893e-7
2016 1.8144009204956893e-7
2017 1.8144009204956893e-7
2018 1.8144009204956893e-7
2019 1.8144009204956893e-7
2020 1.8144009204956893e-7
2021 1.8242222588370798e-7
2022 1.8275547891611527e-7
2023 1.836751285706553e-7
2024 1.8514272295046991e-7
2025 1.850850444940008e-7
2026 1.8602872704246358e-7
2027 1.8602872704246358e-7
2028 1.8602872704246358e-7
2029 1.86836225433031e-7
2030 1.8724958607457455e-7
2031 1.8724958607457455e-7
2032 1.8724958607457455e-7
2033 1.8724958607457455e-7
2034 1.8724958607457455e-7
2035 1.8724958607457455e-7
2036 1.8724958607457455e-7
2037 1.8724958607457455e-7
2038 1.8724958607457455e-7
2039 1.8724958607457455e-7
2040 1.8724958607457455e-7
2041 1.8724958607457455e-7
2042 1.8724958607457455e-7
2043 1.8724958607457455e-7
2044 1.8724958607457455e-7
2045 1.8724958607457455e-7
2046 1.8724958607457455e-7
2047 1.8724958607457455e-7
2048 1.8724958607457455e-7
2049 1.8724958607457455e-7
2050 1.8724958607457455e-7
2051 1.8724958607457455e-7
2052 1.8724958607457455e-7
2053 1.8724958607457455e-7
2054 1.8724958607457455e-7
2055 1.8724958607457455e-7
2056 1.8724958607457455e-7
2057 1.8724958607457455e-7
2058 1.8724958607457455e-7
2059 1.8724958607457455e-7
2060 1.8724958607457455e-7
2061 1.8724958607457455e-7
2062 1.8724958607457455e-7
2063 1.8724958607457455e-7
2064 1.8724958607457455e-7
2065 1.8790006939519814e-7
2066 1.8846403564229998e-7
2067 1.8821089205257456e-7
2068 1.880907275829608e-7
2069 1.8831022622132174e-7
2070 1.8831503316681543e-7
2071 1.8833265659635264e-7
2072 1.9019919322595727e-7
2073 1.9090415057644813e-7
2074 1.912790599323154e-7
2075 1.9161872304029012e-7
2076 1.9161872304029012e-7
2077 1.9200004186054293e-7
2078 1.9244865058352466e-7
2079 1.9244865058352466e-7
2080 1.9244865058352466e-7
2081 1.9244865058352466e-7
2082 1.9244865058352466e-7
2083 1.9244865058352466e-7
2084 1.9244865058352466e-7
2085 1.9298217569468195e-7
2086 1.930238326293238e-7
2087 1.930238326293238e-7
2088 1.930238326293238e-7
2089 1.9324012622990106e-7
2090 1.9324012622990106e-7
2091 1.9324012622990106e-7
2092 1.9324012622990106e-7
2093 1.9324012622990106e-7
2094 1.9324012622990106e-7
2095 1.9324012622990106e-7
2096 1.9324012622990106e-7
2097 1.9411651704208926e-7
2098 1.9470932251742564e-7
2099 1.9655182564192564e-7
2100 1.9637718836480836e-7
2101 1.9667519331577747e-7
2102 1.9494324138108576e-7
2103 1.950489850142185e-7
2104 1.9654061167677398e-7
2105 1.9654061167677398e-7
2106 1.9654061167677398e-7
2107 1.9654061167677398e-7
2108 1.9654061167677398e-7
2109 1.9654061167677398e-7
2110 1.9721993422563212e-7
2111 1.9732087091327116e-7
2112 1.9718949370086947e-7
2113 1.9843919135003308e-7
2114 2.000990458253203e-7
2115 1.9994844144212576e-7
2116 2.0012468123813488e-7
2117 2.0071748610228937e-7
2118 2.0071748610228937e-7
2119 2.0071748610228937e-7
2120 2.0071748610228937e-7
2121 2.0071748610228937e-7
2122 2.0071748610228937e-7
2123 2.0071748610228937e-7
2124 2.0071748610228937e-7
2125 2.0071748610228937e-7
2126 2.0071748610228937e-7
2127 2.0071748610228937e-7
2128 2.0071748610228937e-7
2129 2.0071748610228937e-7
2130 2.0071748610228937e-7
2131 2.0071748610228937e-7
2132 2.0071748610228937e-7
2133 2.0071748610228937e-7
2134 2.0071748610228937e-7
2135 2.0071748610228937e-7
2136 2.0071748610228937e-7
2137 2.0071748610228937e-7
2138 2.0071748610228937e-7
2139 2.0071748610228937e-7
2140 2.0071748610228937e-7
2141 2.0071748610228937e-7
2142 2.0071748610228937e-7
2143 2.0071748610228937e-7
2144 2.0071748610228937e-7
2145 2.0134874408566577e-7
2146 2.0134874408566577e-7
2147 2.0134874408566577e-7
2148 2.0134874408566577e-7
2149 2.0159387691447757e-7
2150 2.0159387691447757e-7
2151 2.0159387691447757e-7
2152 2.018598375994284e-7
2153 2.018598375994284e-7
2154 2.0223474756647758e-7
2155 2.0197519451236663e-7
2156 2.0206972356916578e-7
2157 2.0206972356916578e-7
2158 2.0206972356916578e-7
2159 2.0206972356916578e-7
2160 2.0206972356916578e-7
2161 2.0206972356916578e-7
2162 2.0248148291418125e-7
2163 2.0248148291418125e-7
2164 2.0248148291418125e-7
2165 2.0248148291418125e-7
2166 2.0248148291418125e-7
2167 2.0329538893558855e-7
2168 2.029589320877613e-7
2169 2.029589320877613e-7
2170 2.029589320877613e-7
2171 2.029589320877613e-7
2172 2.036398571555113e-7
2173 2.038769786122276e-7
2174 2.0394266844079222e-7
2175 2.0377283688680484e-7
2176 2.038529469406686e-7
2177 2.0606234866012226e-7
2178 2.0764209491509135e-7
2179 2.0764209491509135e-7
2180 2.0764209491509135e-7
2181 2.0764209491509135e-7
2182 2.0764209491509135e-7
2183 2.0764209491509135e-7
2184 2.0764209491509135e-7
2185 2.0764209491509135e-7
2186 2.0764209491509135e-7
2187 2.0764209491509135e-7
2188 2.0764209491509135e-7
2189 2.0764209491509135e-7
2190 2.0764209491509135e-7
2191 2.0764209491509135e-7
2192 2.0764209491509135e-7
2193 2.0764209491509135e-7
2194 2.0764209491509135e-7
2195 2.0764209491509135e-7
2196 2.0764209491509135e-7
2197 2.0764209491509135e-7
2198 2.0764209491509135e-7
2199 2.0764209491509135e-7
2200 2.0764209491509135e-7
2201 2.0764209491509135e-7
2202 2.0764209491509135e-7
2203 2.0764209491509135e-7
2204 2.0764209491509135e-7
2205 2.0764209491509135e-7
2206 2.0764209491509135e-7
2207 2.0764209491509135e-7
2208 2.0764209491509135e-7
2209 2.0764209491509135e-7
2210 2.0764209491509135e-7
2211 2.0764209491509135e-7
2212 2.0764209491509135e-7
2213 2.0764209491509135e-7
2214 2.0764209491509135e-7
2215 2.0764209491509135e-7
2216 2.0764209491509135e-7
2217 2.0764209491509135e-7
2218 2.0764209491509135e-7
2219 2.0764209491509135e-7
2220 2.0764209491509135e-7
2221 2.0764209491509135e-7
2222 2.0764209491509135e-7
2223 2.0764209491509135e-7
2224 2.0764209491509135e-7
2225 2.0764209491509135e-7
2226 2.0764209491509135e-7
2227 2.0764209491509135e-7
2228 2.0764209491509135e-7
2229 2.0764209491509135e-7
2230 2.0764209491509135e-7
2231 2.0764209491509135e-7
2232 2.0764209491509135e-7
2233 2.0764209491509135e-7
2234 2.0764209491509135e-7
2235 2.0764209491509135e-7
2236 2.0764209491509135e-7
2237 2.0764209491509135e-7
2238 2.0764209491509135e-7
2239 2.0764209491509135e-7
2240 2.0764209491509135e-7
2241 2.0764209491509135e-7
2242 2.0764209491509135e-7
2243 2.0764209491509135e-7
2244 2.0764209491509135e-7
2245 2.0764209491509135e-7
2246 2.0764209491509135e-7
2247 2.0764209491509135e-7
2248 2.0764209491509135e-7
2249 2.0764209491509135e-7
2250 2.0764209491509135e-7
2251 2.0764209491509135e-7
2252 2.0764209491509135e-7
2253 2.0764209491509135e-7
2254 2.0764209491509135e-7
2255 2.0764209491509135e-7
2256 2.0764209491509135e-7
2257 2.0764209491509135e-7
2258 2.0817081369193685e-7
2259 2.081019200479523e-7
2260 2.0805065044468686e-7
2261 2.0889820141745864e-7
2262 2.1055805711510963e-7
2263 2.1088169686771146e-7
2264 2.1065578937614685e-7
2265 2.1109158222626695e-7
2266 2.1082562031895233e-7
2267 2.114152213676869e-7
2268 2.114152213676869e-7
2269 2.114152213676869e-7
2270 2.114152213676869e-7
2271 2.105468419275942e-7
2272 2.105468419275942e-7
2273 2.105468419275942e-7
2274 2.105468419275942e-7
2275 2.105468419275942e-7
2276 2.105468419275942e-7
2277 2.105468419275942e-7
2278 2.105468419275942e-7
2279 2.105468419275942e-7
2280 2.105468419275942e-7
2281 2.0957912709639053e-7
2282 2.1054043307439052e-7
2283 2.1017673829485682e-7
2284 2.1017673829485682e-7
2285 2.1068302547430766e-7
2286 2.1068302547430766e-7
2287 2.1068302547430766e-7
2288 2.1068302547430766e-7
2289 2.110963861158512e-7
2290 2.1140881006975571e-7
2291 2.11101192450163e-7
2292 2.133698751449776e-7
2293 2.1367589085686034e-7
2294 2.141389204163231e-7
2295 2.141389204163231e-7
2296 2.141389204163231e-7
2297 2.141389204163231e-7
2298 2.141389204163231e-7
2299 2.141389204163231e-7
2300 2.141389204163231e-7
2301 2.141389204163231e-7
2302 2.141389204163231e-7
2303 2.141389204163231e-7
2304 2.141389204163231e-7
2305 2.141389204163231e-7
2306 2.141389204163231e-7
2307 2.141389204163231e-7
2308 2.141389204163231e-7
2309 2.141389204163231e-7
2310 2.141389204163231e-7
2311 2.141389204163231e-7
2312 2.141389204163231e-7
2313 2.141389204163231e-7
2314 2.141389204163231e-7
2315 2.141389204163231e-7
2316 2.141389204163231e-7
2317 2.141389204163231e-7
2318 2.141389204163231e-7
2319 2.141389204163231e-7
2320 2.141389204163231e-7
2321 2.141389204163231e-7
2322 2.141389204163231e-7
2323 2.1449300252723322e-7
2324 2.1449300252723322e-7
2325 2.1449300252723322e-7
2326 2.1449300252723322e-7
2327 2.1449300252723322e-7
2328 2.1476857710317143e-7
2329 2.150986263201588e-7
2330 2.150986263201588e-7
2331 2.150986263201588e-7
2332 2.150986263201588e-7
2333 2.1564657043425148e-7
2334 2.1552480466810962e-7
2335 2.1552480466810962e-7
2336 2.1552480466810962e-7
2337 2.156818172933259e-7
2338 2.1569303248084134e-7
2339 2.1573629193437506e-7
2340 2.15699441334045e-7
2341 2.15699441334045e-7
2342 2.15699441334045e-7
2343 2.15699441334045e-7
2344 2.15699441334045e-7
2345 2.15699441334045e-7
2346 2.15699441334045e-7
2347 2.15699441334045e-7
2348 2.15699441334045e-7
2349 2.15699441334045e-7
2350 2.15699441334045e-7
2351 2.15699441334045e-7
2352 2.15699441334045e-7
2353 2.15699441334045e-7
2354 2.15699441334045e-7
2355 2.1639318410820232e-7
2356 2.1639318410820232e-7
2357 2.1639318410820232e-7
2358 2.1704366865118967e-7
2359 2.173272533768596e-7
2360 2.168642244285787e-7
2361 2.168642244285787e-7
2362 2.168642244285787e-7
2363 2.168642244285787e-7
2364 2.168642244285787e-7
2365 2.168642244285787e-7
2366 2.168642244285787e-7
2367 2.168642244285787e-7
2368 2.168642244285787e-7
2369 2.168642244285787e-7
2370 2.168642244285787e-7
2371 2.168642244285787e-7
2372 2.168642244285787e-7
2373 2.168642244285787e-7
2374 2.168642244285787e-7
2375 2.168642244285787e-7
2376 2.168642244285787e-7
2377 2.168642244285787e-7
2378 2.168642244285787e-7
2379 2.168642244285787e-7
2380 2.168642244285787e-7
2381 2.168642244285787e-7
2382 2.168642244285787e-7
2383 2.168642244285787e-7
2384 2.168642244285787e-7
2385 2.168642244285787e-7
2386 2.168642244285787e-7
2387 2.168642244285787e-7
2388 2.168642244285787e-7
2389 2.172054888330815e-7
2390 2.172054888330815e-7
2391 2.172054888330815e-7
2392 2.172054888330815e-7
2393 2.172054888330815e-7
2394 2.172054888330815e-7
2395 2.172054888330815e-7
2396 2.172054888330815e-7
2397 2.172054888330815e-7
2398 2.172054888330815e-7
2399 2.172054888330815e-7
2400 2.172054888330815e-7
2401 2.172054888330815e-7
2402 2.172054888330815e-7
2403 2.172054888330815e-7
2404 2.172054888330815e-7
2405 2.172054888330815e-7
2406 2.172054888330815e-7
2407 2.172054888330815e-7
2408 2.172054888330815e-7
2409 2.172054888330815e-7
2410 2.172054888330815e-7
2411 2.172054888330815e-7
2412 2.181411593982669e-7
2413 2.181411593982669e-7
2414 2.1886374140065877e-7
2415 2.1886374140065877e-7
2416 2.1886374140065877e-7
2417 2.1886374140065877e-7
2418 2.1886374140065877e-7
2419 2.1886374140065877e-7
2420 2.1886374140065877e-7
2421 2.1886374140065877e-7
2422 2.1886374140065877e-7
2423 2.1886374140065877e-7
2424 2.1886374140065877e-7
2425 2.1886374140065877e-7
2426 2.1914252101438066e-7
2427 2.1914252101438066e-7
2428 2.1914252101438066e-7
2429 2.1914252101438066e-7
2430 2.1914252101438066e-7
2431 2.1914252101438066e-7
2432 2.1994841566369246e-7
2433 2.1947256900900425e-7
2434 2.1947256900900425e-7
2435 2.1973372335964328e-7
2436 2.1985388660689327e-7
2437 2.1985388660689327e-7
2438 2.1985388660689327e-7
2439 2.1985388660689327e-7
2440 2.1985388660689327e-7
2441 2.2092413942226406e-7
2442 2.2294929180715873e-7
2443 2.2243499203324863e-7
2444 2.2261764068246141e-7
2445 2.236910991467978e-7
2446 2.238945762633315e-7
2447 2.237968433911124e-7
2448 2.242999267551433e-7
2449 2.2408042872796423e-7
2450 2.2470527785813697e-7
2451 2.243976590161805e-7
2452 2.2433517483658149e-7
2453 2.2423103311115873e-7
2454 2.2457710384997333e-7
2455 2.243928526818687e-7
2456 2.2476455761113416e-7
2457 2.2529327638797966e-7
2458 2.2515709039653865e-7
2459 2.2509781064354145e-7
2460 2.2478858989387504e-7
2461 2.2485748353785961e-7
2462 2.2478057852177956e-7
2463 2.2478057852177956e-7
2464 2.2406120155717142e-7
2465 2.2384170291881047e-7
2466 2.2378562637005134e-7
2467 2.233466303156932e-7
2468 2.2375838966070867e-7
2469 2.231607778510605e-7
2470 2.2383369215789685e-7
2471 2.2383369215789685e-7
2472 2.2359817199770865e-7
2473 2.2620811848584416e-7
2474 2.2615845140147056e-7
2475 2.2693550682254781e-7
2476 2.260543096760478e-7
2477 2.260543096760478e-7
2478 2.2530929729862505e-7
2479 2.2507377774961874e-7
2480 2.2496322717099234e-7
2481 2.2513305811379782e-7
2482 2.2513305811379782e-7
2483 2.2513305811379782e-7
2484 2.2513305811379782e-7
2485 2.2513305811379782e-7
2486 2.2513305811379782e-7
2487 2.2576591861606607e-7
2488 2.2576591861606607e-7
2489 2.2576591861606607e-7
2490 2.2576591861606607e-7
2491 2.2576591861606607e-7
2492 2.2576591861606607e-7
2493 2.2576591861606607e-7
2494 2.2576591861606607e-7
2495 2.2576591861606607e-7
2496 2.2576591861606607e-7
2497 2.2669037521609977e-7
2498 2.2688744286824795e-7
2499 2.285761371829516e-7
2500 2.2951821721252252e-7
2501 2.2951821721252252e-7
2502 2.2951821721252252e-7
2503 2.2951821721252252e-7
2504 2.2951821721252252e-7
2505 2.2951821721252252e-7
2506 2.2951821721252252e-7
2507 2.2951821721252252e-7
2508 2.2951821721252252e-7
2509 2.2951821721252252e-7
2510 2.2951821721252252e-7
2511 2.2951821721252252e-7
2512 2.2951821721252252e-7
2513 2.2951821721252252e-7
2514 2.2951821721252252e-7
2515 2.2951821721252252e-7
2516 2.2951821721252252e-7
2517 2.309121116140408e-7
2518 2.3416292753181255e-7
2519 2.345923109175471e-7
2520 2.351482664037353e-7
2521 2.348855095342044e-7
2522 2.348855095342044e-7
2523 2.348855095342044e-7
2524 2.3498003859100356e-7
2525 2.3498003859100356e-7
2526 2.3498003859100356e-7
2527 2.3498003859100356e-7
2528 2.3498003859100356e-7
2529 2.3498003859100356e-7
2530 2.3498003859100356e-7
2531 2.3498003859100356e-7
2532 2.3498003859100356e-7
2533 2.3498003859100356e-7
2534 2.3599101165337715e-7
2535 2.3599101165337715e-7
2536 2.3599101165337715e-7
2537 2.3599101165337715e-7
2538 2.3599101165337715e-7
2539 2.3599101165337715e-7
2540 2.3599101165337715e-7
2541 2.3599101165337715e-7
2542 2.361624445038926e-7
2543 2.361624445038926e-7
2544 2.361624445038926e-7
2545 2.361624445038926e-7
2546 2.361624445038926e-7
2547 2.361624445038926e-7
2548 2.361624445038926e-7
2549 2.361624445038926e-7
2550 2.361624445038926e-7
2551 2.361624445038926e-7
2552 2.361624445038926e-7
2553 2.361624445038926e-7
2554 2.361624445038926e-7
2555 2.361624445038926e-7
2556 2.361624445038926e-7
2557 2.361624445038926e-7
2558 2.361624445038926e-7
2559 2.361624445038926e-7
2560 2.361624445038926e-7
2561 2.361624445038926e-7
2562 2.361624445038926e-7
2563 2.3671679747118896e-7
2564 2.3687861643071704e-7
2565 2.3692668221856256e-7
2566 2.3948696101114264e-7
2567 2.392578497041581e-7
2568 2.398234178589699e-7
2569 2.398234178589699e-7
2570 2.398234178589699e-7
2571 2.398234178589699e-7
2572 2.398234178589699e-7
2573 2.398234178589699e-7
2574 2.398234178589699e-7
2575 2.398234178589699e-7
2576 2.398234178589699e-7
2577 2.398234178589699e-7
2578 2.398234178589699e-7
2579 2.398234178589699e-7
2580 2.398234178589699e-7
2581 2.4041301890770444e-7
2582 2.406068821332508e-7
2583 2.4001087223131255e-7
2584 2.4001087223131255e-7
2585 2.4001087223131255e-7
2586 2.4001087223131255e-7
2587 2.4001087223131255e-7
2588 2.4001087223131255e-7
2589 2.4001087223131255e-7
2590 2.4001087223131255e-7
2591 2.4006374435346984e-7
2592 2.4006374435346984e-7
2593 2.4006374435346984e-7
2594 2.4006374435346984e-7
2595 2.4006374435346984e-7
2596 2.4006374435346984e-7
2597 2.4006374435346984e-7
2598 2.4006374435346984e-7
2599 2.4006374435346984e-7
2600 2.4006374435346984e-7
2601 2.4006374435346984e-7
2602 2.4006374435346984e-7
2603 2.4006374435346984e-7
2604 2.4006374435346984e-7
2605 2.4006374435346984e-7
2606 2.4006374435346984e-7
2607 2.4006374435346984e-7
2608 2.4006374435346984e-7
2609 2.408840592280808e-7
2610 2.420055828690808e-7
2611 2.4333699186863626e-7
2612 2.4456586166166084e-7
2613 2.4456586166166084e-7
2614 2.446892287243308e-7
2615 2.446892287243308e-7
2616 2.446892287243308e-7
2617 2.454502626235808e-7
2618 2.454502626235808e-7
2619 2.454502626235808e-7
2620 2.454502626235808e-7
2621 2.457979346589235e-7
2622 2.457979346589235e-7
2623 2.457979346589235e-7
2624 2.457979346589235e-7
2625 2.457979346589235e-7
2626 2.457979346589235e-7
2627 2.457979346589235e-7
2628 2.457979346589235e-7
2629 2.457979346589235e-7
2630 2.457979346589235e-7
2631 2.457979346589235e-7
2632 2.457979346589235e-7
2633 2.457979346589235e-7
2634 2.457979346589235e-7
2635 2.460350573380036e-7
2636 2.471934315793336e-7
2637 2.4855047538052184e-7
2638 2.4824445905745724e-7
2639 2.4864980954926904e-7
2640 2.489061575655963e-7
2641 2.491160429241518e-7
2642 2.5002447677999447e-7
2643 2.5002447677999447e-7
2644 2.5002447677999447e-7
2645 2.5002447677999447e-7
2646 2.5002447677999447e-7
2647 2.51118762489288e-7
2648 2.526632606628189e-7
2649 2.526504429564116e-7
2650 2.530493845950198e-7
2651 2.530493845950198e-7
2652 2.5326567941796077e-7
2653 2.559557335152325e-7
2654 2.5619445749084065e-7
2655 2.564299776510289e-7
2656 2.562937922707697e-7
2657 2.571028925690471e-7
2658 2.5701957992212715e-7
2659 2.56901019193769e-7
2660 2.569154381967044e-7
2661 2.5681289899017353e-7
2662 2.5681289899017353e-7
2663 2.5681289899017353e-7
2664 2.5681289899017353e-7
2665 2.5681289899017353e-7
2666 2.5681289899017353e-7
2667 2.5681289899017353e-7
2668 2.5733681143270723e-7
2669 2.5760117082113e-7
2670 2.59746484619729e-7
2671 2.602143205135036e-7
2672 2.602143205135036e-7
2673 2.602143205135036e-7
2674 2.602143205135036e-7
2675 2.6108269995359626e-7
2676 2.6087281520622264e-7
2677 2.6087281520622264e-7
2678 2.6146241625495717e-7
2679 2.6146241625495717e-7
2680 2.6166909596454706e-7
2681 2.6205041478479986e-7
2682 2.6190782116251897e-7
2683 2.61928649018658e-7
2684 2.618437338528462e-7
2685 2.6219781474139255e-7
2686 2.6203279074408073e-7
2687 2.6196870343440796e-7
2688 2.6169793519278157e-7
2689 2.6219140588818886e-7
2690 2.622779235728925e-7
2691 2.622779235728925e-7
2692 2.654037705202844e-7
2693 2.668585471936917e-7
2694 2.668585471936917e-7
2695 2.668585471936917e-7
2696 2.668585471936917e-7
2697 2.668585471936917e-7
2698 2.668585471936917e-7
2699 2.668585471936917e-7
2700 2.6772372281836445e-7
2701 2.6772372281836445e-7
2702 2.6772372281836445e-7
2703 2.6772372281836445e-7
2704 2.6772372281836445e-7
2705 2.6799128602220715e-7
2706 2.6799128602220715e-7
2707 2.6799128602220715e-7
2708 2.6799128602220715e-7
2709 2.6799128602220715e-7
2710 2.684382934486608e-7
2711 2.684382934486608e-7
2712 2.684382934486608e-7
2713 2.684382934486608e-7
2714 2.6878276044621977e-7
2715 2.6878276044621977e-7
2716 2.6878276044621977e-7
2717 2.6878276044621977e-7
2718 2.6878276044621977e-7
2719 2.6878276044621977e-7
2720 2.6878276044621977e-7
2721 2.6878276044621977e-7
2722 2.6878276044621977e-7
2723 2.698369917397633e-7
2724 2.698145613647324e-7
2725 2.709312792826025e-7
2726 2.727385349368462e-7
2727 2.7335537269492346e-7
2728 2.7335537269492346e-7
2729 2.7335537269492346e-7
2730 2.7270649067082795e-7
2731 2.7295162411082164e-7
2732 2.7295162411082164e-7
2733 2.7353642004760816e-7
2734 2.7353642004760816e-7
2735 2.7357807698225e-7
2736 2.7357807698225e-7
2737 2.7396259961792277e-7
2738 2.7396259961792277e-7
2739 2.7396259961792277e-7
2740 2.7396259961792277e-7
2741 2.7475407587548103e-7
2742 2.7475407587548103e-7
2743 2.7524914786741643e-7
2744 2.7524914786741643e-7
2745 2.759140514133392e-7
2746 2.759300729351664e-7
2747 2.7622647597842555e-7
2748 2.7861852634709196e-7
2749 2.7978971707246555e-7
2750 2.7978971707246555e-7
2751 2.7978971707246555e-7
2752 2.7978971707246555e-7
2753 2.7978971707246555e-7
2754 2.7978971707246555e-7
2755 2.7978971707246555e-7
2756 2.7978971707246555e-7
2757 2.7978971707246555e-7
2758 2.7978971707246555e-7
2759 2.7978971707246555e-7
2760 2.7978971707246555e-7
2761 2.7978971707246555e-7
2762 2.7978971707246555e-7
2763 2.7978971707246555e-7
2764 2.7978971707246555e-7
2765 2.7978971707246555e-7
2766 2.8042418009362566e-7
2767 2.8024633838990657e-7
2768 2.80281585248981e-7
2769 2.8008291568912286e-7
2770 2.8008291568912286e-7
2771 2.8008291568912286e-7
2772 2.8008291568912286e-7
2773 2.812028380335948e-7
2774 2.812028380335948e-7
2775 2.812028380335948e-7
2776 2.812028380335948e-7
2777 2.815248746561229e-7
2778 2.8153929488142206e-7
2779 2.825582780935274e-7
2780 2.8546783205152385e-7
2781 2.8546783205152385e-7
2782 2.8546783205152385e-7
2783 2.8546783205152385e-7
2784 2.8546783205152385e-7
2785 2.86107100184632e-7
2786 2.8617439130972466e-7
2787 2.8617439130972466e-7
2788 2.8617439130972466e-7
2789 2.8617439130972466e-7
2790 2.8617439130972466e-7
2791 2.8617439130972466e-7
2792 2.8617439130972466e-7
2793 2.8689537079322464e-7
2794 2.8689537079322464e-7
2795 2.875106072547738e-7
2796 2.8769005147738473e-7
2797 2.8789352737155466e-7
2798 2.875843072330701e-7
2799 2.8769806162711643e-7
2800 2.8769806162711643e-7
2801 2.8769806162711643e-7
2802 2.882812538226473e-7
2803 2.882812538226473e-7
2804 2.8852478535493104e-7
2805 2.8860970052074284e-7
2806 2.907037447160764e-7
2807 2.918236664493664e-7
2808 2.918236664493664e-7
2809 2.918236664493664e-7
2810 2.918236664493664e-7
2811 2.918236664493664e-7
2812 2.922033827507274e-7
2813 2.922033827507274e-7
2814 2.9304132166605743e-7
2815 2.9304132166605743e-7
2816 2.9312463553534113e-7
2817 2.9311662416324565e-7
2818 2.93751085962042e-7
2819 2.9586595923587837e-7
2820 2.9557436252693103e-7
2821 2.964972166080729e-7
2822 2.964972166080729e-7
2823 2.964972166080729e-7
2824 2.964972166080729e-7
2825 2.964972166080729e-7
2826 2.964972166080729e-7
2827 2.964972166080729e-7
2828 2.9686731901844647e-7
2829 2.9705957972510096e-7
2830 2.9705957972510096e-7
2831 2.9705957972510096e-7
2832 2.982291679315827e-7
2833 2.982291679315827e-7
2834 2.982291679315827e-7
2835 2.982291679315827e-7
2836 2.982291679315827e-7
2837 2.982291679315827e-7
2838 2.982291679315827e-7
2839 2.983092767630827e-7
2840 2.983092767630827e-7
2841 2.983092767630827e-7
2842 2.983092767630827e-7
2843 2.983092767630827e-7
2844 2.983092767630827e-7
2845 2.9835574125440014e-7
2846 2.984326450481164e-7
2847 2.984326450481164e-7
2848 2.984326450481164e-7
2849 2.984326450481164e-7
2850 2.984326450481164e-7
2851 2.984326450481164e-7
2852 2.984326450481164e-7
2853 2.984326450481164e-7
2854 2.984326450481164e-7
2855 2.984326450481164e-7
2856 2.979712186187274e-7
2857 2.9857844370818104e-7
2858 3.011531415036965e-7
2859 3.015264495630357e-7
2860 3.019221861638601e-7
2861 3.012348534652702e-7
2862 3.0167545142733834e-7
2863 3.0244609982875757e-7
2864 3.027392972230511e-7
2865 3.0334972735028845e-7
2866 3.0362370001851666e-7
2867 3.052290804639366e-7
2868 3.0523548992832216e-7
2869 3.054357620070722e-7
2870 3.053780835506031e-7
2871 3.050977026403531e-7
2872 3.0602856687122673e-7
2873 3.0602856687122673e-7
2874 3.0602856687122673e-7
2875 3.0602856687122673e-7
2876 3.0602856687122673e-7
2877 3.0602856687122673e-7
2878 3.0602856687122673e-7
2879 3.0602856687122673e-7
2880 3.0602856687122673e-7
2881 3.0602856687122673e-7
2882 3.0602856687122673e-7
2883 3.0602856687122673e-7
2884 3.0602856687122673e-7
2885 3.0602856687122673e-7
2886 3.0661977043885316e-7
2887 3.069482159145849e-7
2888 3.0697705514281947e-7
2889 3.0669507293604137e-7
2890 3.068905386804796e-7
2891 3.068905386804796e-7
2892 3.0776853078919587e-7
2893 3.0776853078919587e-7
2894 3.0776853078919587e-7
2895 3.079784167589332e-7
2896 3.079784167589332e-7
2897 3.079784167589332e-7
2898 3.079784167589332e-7
2899 3.079784167589332e-7
2900 3.084622747857169e-7
2901 3.084622747857169e-7
2902 3.084622747857169e-7
2903 3.084622747857169e-7
2904 3.084622747857169e-7
2905 3.084622747857169e-7
2906 3.084622747857169e-7
2907 3.090550808722352e-7
2908 3.091640289319697e-7
2909 3.091512112255624e-7
2910 3.0886442268447253e-7
2911 3.0886442268447253e-7
2912 3.0886442268447253e-7
2913 3.0886442268447253e-7
2914 3.0886442268447253e-7
2915 3.096751248904599e-7
2916 3.107437764093026e-7
2917 3.118028152595217e-7
2918 3.12336340370679e-7
2919 3.122642423000926e-7
2920 3.122642423000926e-7
2921 3.1170988872161436e-7
2922 3.1216490752016354e-7
2923 3.1216490752016354e-7
2924 3.1216490752016354e-7
2925 3.1216490752016354e-7
2926 3.128458313655498e-7
2927 3.126487643245835e-7
2928 3.125830744960189e-7
2929 3.125830744960189e-7
2930 3.131470401319388e-7
2931 3.1278174527824074e-7
2932 3.134770893489261e-7
2933 3.133441083952688e-7
2934 3.1320151477298793e-7
2935 3.1499755462853426e-7
2936 3.1509048116644155e-7
2937 3.1540450825041976e-7
2938 3.16021346008497e-7
2939 3.1699867350832427e-7
2940 3.1704353425838607e-7
2941 3.17504961298957e-7
2942 3.165805053101052e-7
2943 3.165805053101052e-7
2944 3.17202150624858e-7
2945 3.169954696929043e-7
2946 3.1722938733420065e-7
2947 3.1666542169828073e-7
2948 3.1666542169828073e-7
2949 3.1666542169828073e-7
2950 3.1666542169828073e-7
2951 3.1666542169828073e-7
2952 3.1666542169828073e-7
2953 3.1666542169828073e-7
2954 3.1666542169828073e-7
2955 3.1666542169828073e-7
2956 3.1666542169828073e-7
2957 3.1666542169828073e-7
2958 3.1698745954317256e-7
2959 3.169506101652063e-7
2960 3.1703712662754616e-7
2961 3.173767885131571e-7
2962 3.172662379345307e-7
2963 3.1719093665970627e-7
2964 3.170339228121262e-7
2965 3.171893341408144e-7
2966 3.171893341408144e-7
2967 3.171893341408144e-7
2968 3.176731921675981e-7
2969 3.1740082140707984e-7
2970 3.2053307720767534e-7
2971 3.2069329487067536e-7
2972 3.2138062879162904e-7
2973 3.2240441956040993e-7
2974 3.2240441956040993e-7
2975 3.218308406446845e-7
2976 3.218308406446845e-7
2977 3.217843773757308e-7
2978 3.217843773757308e-7
2979 3.217843773757308e-7
2980 3.217843773757308e-7
2981 3.217843773757308e-7
2982 3.217843773757308e-7
2983 3.217843773757308e-7
2984 3.217843773757308e-7
2985 3.217843773757308e-7
2986 3.217843773757308e-7
2987 3.217843773757308e-7
2988 3.217843773757308e-7
2989 3.217843773757308e-7
2990 3.217843773757308e-7
2991 3.217843773757308e-7
2992 3.217843773757308e-7
2993 3.2243325817746253e-7
2994 3.2254861509040075e-7
2995 3.2270883214221885e-7
2996 3.234698666526507e-7
2997 3.250239774948052e-7
2998 3.2513292616572165e-7
2999 3.248012750410243e-7
3000 3.2478525413037894e-7
3001 3.251120976984007e-7
3002 3.2557192222007976e-7
3003 3.2522745461133887e-7
3004 3.2522745461133887e-7
3005 3.2522745461133887e-7
3006 3.2522745461133887e-7
3007 3.2522745461133887e-7
3008 3.2522745461133887e-7
3009 3.2522745461133887e-7
3010 3.2522745461133887e-7
3011 3.2522745461133887e-7
3012 3.2522745461133887e-7
3013 3.2522745461133887e-7
3014 3.2522745461133887e-7
3015 3.252883368832279e-7
3016 3.252883368832279e-7
3017 3.2566164310902145e-7
3018 3.2566164310902145e-7
3019 3.2631052513311696e-7
3020 3.261038442011633e-7
3021 3.260830151226605e-7
3022 3.265941098587869e-7
3023 3.267286921089723e-7
3024 3.2703631095092874e-7
3025 3.289396963473178e-7
3026 3.3176433422272964e-7
3027 3.3318706724130056e-7
3028 3.3293712868935885e-7
3029 3.327672971353715e-7
3030 3.333248545292697e-7
3031 3.355294505255934e-7
3032 3.358354656262943e-7
3033 3.358354656262943e-7
3034 3.358354656262943e-7
3035 3.358354656262943e-7
3036 3.358354656262943e-7
3037 3.358354656262943e-7
3038 3.358354656262943e-7
3039 3.358354656262943e-7
3040 3.358354656262943e-7
3041 3.358354656262943e-7
3042 3.367759425257915e-7
3043 3.367759425257915e-7
3044 3.367759425257915e-7
3045 3.367759425257915e-7
3046 3.367759425257915e-7
3047 3.367759425257915e-7
3048 3.367759425257915e-7
3049 3.367759425257915e-7
3050 3.367759425257915e-7
3051 3.367759425257915e-7
3052 3.367759425257915e-7
3053 3.367759425257915e-7
3054 3.37344715718387e-7
3055 3.3758343969399513e-7
3056 3.3761868777543333e-7
3057 3.376555371533996e-7
3058 3.3770200042235325e-7
3059 3.3778371116156324e-7
3060 3.3990018695429146e-7
3061 3.402638811226433e-7
3062 3.4090635368235323e-7
3063 3.4193014445113413e-7
3064 3.4193014445113413e-7
3065 3.4252134679639677e-7
3066 3.426270910407114e-7
3067 3.427905137414951e-7
3068 3.426719517907732e-7
3069 3.431542066874832e-7
3070 3.4296514979624865e-7
3071 3.4463942449683503e-7
3072 3.450816255889769e-7
3073 3.4558951528731956e-7
3074 3.4558951528731956e-7
3075 3.4558951528731956e-7
3076 3.4558951528731956e-7
3077 3.4558951528731956e-7
3078 3.4558951528731956e-7
3079 3.4558951528731956e-7
3080 3.4558951528731956e-7
3081 3.4558951528731956e-7
3082 3.4558951528731956e-7
3083 3.4558951528731956e-7
3084 3.4558951528731956e-7
3085 3.4558951528731956e-7
3086 3.4558951528731956e-7
3087 3.4558951528731956e-7
3088 3.4558951528731956e-7
3089 3.4558951528731956e-7
3090 3.4558951528731956e-7
3091 3.4558951528731956e-7
3092 3.4558951528731956e-7
3093 3.4558951528731956e-7
3094 3.4558951528731956e-7
3095 3.4558951528731956e-7
3096 3.4558951528731956e-7
3097 3.4558951528731956e-7
3098 3.4558951528731956e-7
3099 3.4558951528731956e-7
3100 3.4558951528731956e-7
3101 3.4558951528731956e-7
3102 3.469850109853659e-7
3103 3.490678406043659e-7
3104 3.492232519330541e-7
3105 3.5020057943288136e-7
3106 3.5020057943288136e-7
3107 3.5020057943288136e-7
3108 3.5020057943288136e-7
3109 3.5020057943288136e-7
3110 3.5020057943288136e-7
3111 3.5020057943288136e-7
3112 3.5020057943288136e-7
3113 3.5020057943288136e-7
3114 3.5020057943288136e-7
3115 3.5020057943288136e-7
3116 3.5020057943288136e-7
3117 3.5020057943288136e-7
3118 3.504344970741777e-7
3119 3.504344970741777e-7
3120 3.504344970741777e-7
3121 3.5102569941944034e-7
3122 3.5117149807950497e-7
3123 3.5100647408219315e-7
3124 3.514182334272086e-7
3125 3.5136696382394314e-7
3126 3.513942005332858e-7
3127 3.522481609704431e-7
3128 3.538535426382268e-7
3129 3.5389199392390307e-7
3130 3.538823806440976e-7
3131 3.546706518638722e-7
3132 3.546706518638722e-7
3133 3.546706518638722e-7
3134 3.546706518638722e-7
3135 3.546706518638722e-7
3136 3.546706518638722e-7
3137 3.546706518638722e-7
3138 3.546706518638722e-7
3139 3.546706518638722e-7
3140 3.546706518638722e-7
3141 3.546706518638722e-7
3142 3.546706518638722e-7
3143 3.5492539736130756e-7
3144 3.5480523411405755e-7
3145 3.5480523411405755e-7
3146 3.5480523411405755e-7
3147 3.5480523411405755e-7
3148 3.5480523411405755e-7
3149 3.5565919455121483e-7
3150 3.5535958830371765e-7
3151 3.558450470158476e-7
3152 3.555598603824677e-7
3153 3.5547975032860394e-7
3154 3.5558068823860677e-7
3155 3.55596709760434e-7
3156 3.572966192626531e-7
3157 3.5789423168348315e-7
3158 3.5844538022417765e-7
3159 3.5844538022417765e-7
3160 3.5844538022417765e-7
3161 3.5844538022417765e-7
3162 3.5844538022417765e-7
3163 3.5844538022417765e-7
3164 3.5844538022417765e-7
3165 3.5844538022417765e-7
3166 3.5844538022417765e-7
3167 3.5844538022417765e-7
3168 3.5844538022417765e-7
3169 3.5844538022417765e-7
3170 3.5844538022417765e-7
3171 3.5844538022417765e-7
3172 3.5844538022417765e-7
3173 3.5844538022417765e-7
3174 3.5844538022417765e-7
3175 3.5879145096299225e-7
3176 3.5879145096299225e-7
3177 3.5879145096299225e-7
3178 3.5879145096299225e-7
3179 3.5879145096299225e-7
3180 3.5879145096299225e-7
3181 3.5879145096299225e-7
3182 3.5879145096299225e-7
3183 3.5879145096299225e-7
3184 3.5879145096299225e-7
3185 3.5879145096299225e-7
3186 3.5879145096299225e-7
3187 3.5957491523727317e-7
3188 3.5957491523727317e-7
3189 3.5957491523727317e-7
3190 3.588122794303132e-7
3191 3.585767598813069e-7
3192 3.5855272637620225e-7
3193 3.587850421097886e-7
3194 3.587690205879614e-7
3195 3.592897279927114e-7
3196 3.5928331852832583e-7
3197 3.594307184849185e-7
3198 3.595076228898167e-7
3199 3.595076228898167e-7
3200 3.595076228898167e-7
3201 3.5966784055281673e-7
3202 3.596758519249122e-7
3203 3.596758519249122e-7
3204 3.596758519249122e-7
3205 3.596758519249122e-7
3206 3.596758519249122e-7
3207 3.596758519249122e-7
3208 3.596758519249122e-7
3209 3.596758519249122e-7
3210 3.596758519249122e-7
3211 3.596758519249122e-7
3212 3.596758519249122e-7
3213 3.596758519249122e-7
3214 3.596758519249122e-7
3215 3.607300844408195e-7
3216 3.605922971528504e-7
3217 3.6065798698141504e-7
3218 3.607284819219277e-7
3219 3.607284819219277e-7
3220 3.607284819219277e-7
3221 3.607284819219277e-7
3222 3.607284819219277e-7
3223 3.607284819219277e-7
3224 3.607284819219277e-7
3225 3.607284819219277e-7
3226 3.61165875457394e-7
3227 3.6176829360135394e-7
3228 3.635803555899094e-7
3229 3.639200174755204e-7
3230 3.64288517978184e-7
3231 3.64288517978184e-7
3232 3.64288517978184e-7
3233 3.64288517978184e-7
3234 3.64288517978184e-7
3235 3.64288517978184e-7
3236 3.64288517978184e-7
3237 3.64288517978184e-7
3238 3.64288517978184e-7
3239 3.64288517978184e-7
3240 3.64288517978184e-7
3241 3.64288517978184e-7
3242 3.64288517978184e-7
3243 3.64288517978184e-7
3244 3.64288517978184e-7
3245 3.64288517978184e-7
3246 3.64288517978184e-7
3247 3.64288517978184e-7
3248 3.64288517978184e-7
3249 3.6528026448094663e-7
3250 3.6528026448094663e-7
3251 3.6528026448094663e-7
3252 3.6528026448094663e-7
3253 3.6528026448094663e-7
3254 3.6528026448094663e-7
3255 3.6528026448094663e-7
3256 3.6528026448094663e-7
3257 3.6528026448094663e-7
3258 3.6528026448094663e-7
3259 3.6528026448094663e-7
3260 3.6528026448094663e-7
3261 3.6528026448094663e-7
3262 3.6528026448094663e-7
3263 3.6528026448094663e-7
3264 3.6528026448094663e-7
3265 3.6528026448094663e-7
3266 3.6528026448094663e-7
3267 3.6528026448094663e-7
3268 3.6528026448094663e-7
3269 3.6528026448094663e-7
3270 3.6528026448094663e-7
3271 3.6528026448094663e-7
3272 3.6528026448094663e-7
3273 3.6528026448094663e-7
3274 3.6528026448094663e-7
3275 3.6528026448094663e-7
3276 3.6528026448094663e-7
3277 3.6528026448094663e-7
3278 3.6528026448094663e-7
3279 3.6528026448094663e-7
3280 3.6528026448094663e-7
3281 3.6528026448094663e-7
3282 3.6528026448094663e-7
3283 3.6528026448094663e-7
3284 3.6528026448094663e-7
3285 3.6535556697813485e-7
3286 3.6548854793179214e-7
3287 3.6558147446969943e-7
3288 3.6558147446969943e-7
3289 3.6558147446969943e-7
3290 3.6558147446969943e-7
3291 3.6558147446969943e-7
3292 3.6558147446969943e-7
3293 3.6558147446969943e-7
3294 3.6558147446969943e-7
3295 3.6558147446969943e-7
3296 3.6558147446969943e-7
3297 3.6558147446969943e-7
3298 3.6558147446969943e-7
3299 3.6558147446969943e-7
3300 3.6558147446969943e-7
3301 3.6558147446969943e-7
3302 3.6558147446969943e-7
3303 3.6558147446969943e-7
3304 3.6558147446969943e-7
3305 3.6558147446969943e-7
3306 3.6558147446969943e-7
3307 3.6558147446969943e-7
3308 3.6588909208929214e-7
3309 3.6588909208929214e-7
3310 3.6727016878440307e-7
3311 3.6795590018646485e-7
3312 3.6919598516700487e-7
3313 3.696029387888904e-7
3314 3.698240387237795e-7
3315 3.715191412805049e-7
3316 3.715191412805049e-7
3317 3.715191412805049e-7
3318 3.715191412805049e-7
3319 3.715191412805049e-7
3320 3.715191412805049e-7
3321 3.7145505397083213e-7
3322 3.7145505397083213e-7
3323 3.7120511358534477e-7
3324 3.7120511358534477e-7
3325 3.7120511358534477e-7
3326 3.7120511358534477e-7
3327 3.7106412187077386e-7
3328 3.7106412187077386e-7
3329 3.7076932134640657e-7
3330 3.7076932134640657e-7
3331 3.7037999237642206e-7
3332 3.7037999237642206e-7
3333 3.7127560974822124e-7
3334 3.7170339061506396e-7
3335 3.7490934639395584e-7
3336 3.7490934639395584e-7
3337 3.7490934639395584e-7
3338 3.7490934639395584e-7
3339 3.7490934639395584e-7
3340 3.7490934639395584e-7
3341 3.750359172720457e-7
3342 3.7529547032615666e-7
3343 3.7510641343492213e-7
3344 3.752442007228912e-7
3345 3.752442007228912e-7
3346 3.752442007228912e-7
3347 3.752442007228912e-7
3348 3.754749145487676e-7
3349 3.754749145487676e-7
3350 3.759155131220176e-7
3351 3.759155131220176e-7
3352 3.766220736025822e-7
3353 3.7674223562746843e-7
3354 3.767999153063013e-7
3355 3.764218015238322e-7
3356 3.764218015238322e-7
3357 3.764218015238322e-7
3358 3.764218015238322e-7
3359 3.764218015238322e-7
3360 3.764218015238322e-7
3361 3.764218015238322e-7
3362 3.764218015238322e-7
3363 3.764218015238322e-7
3364 3.7773238205606675e-7
3365 3.779310516159249e-7
3366 3.7820342176526124e-7
3367 3.802910583297549e-7
3368 3.804096202804768e-7
3369 3.799690198736812e-7
3370 3.8032630641119316e-7
3371 3.801436577619804e-7
3372 3.8076369933547756e-7
3373 3.834201090925668e-7
3374 3.84336554320505e-7
3375 3.8517289010576133e-7
3376 3.8450478274441863e-7
3377 3.8450478274441863e-7
3378 3.8450478274441863e-7
3379 3.8450478274441863e-7
3380 3.8450478274441863e-7
3381 3.8450478274441863e-7
3382 3.8450478274441863e-7
3383 3.850383078555759e-7
3384 3.8552216527117775e-7
3385 3.8649949215982314e-7
3386 3.873374310751532e-7
3387 3.8826028454511317e-7
3388 3.8826028454511317e-7
3389 3.8826028454511317e-7
3390 3.8826028454511317e-7
3391 3.8826028454511317e-7
3392 3.8876977676234775e-7
3393 3.9032549073457596e-7
3394 3.908894563704959e-7
3395 3.910352544193786e-7
3396 3.9149988588655136e-7
3397 3.9135568974537863e-7
3398 3.919949584896687e-7
3399 3.9175142756856683e-7
3400 3.9252688108193413e-7
3401 3.9375414896724873e-7
3402 3.9459368979028876e-7
3403 3.946289372605451e-7
3404 3.94971802961576e-7
3405 3.946994334234215e-7
3406 3.944238582363014e-7
3407 3.9451037653218693e-7
3408 3.9422038173094957e-7
3409 3.9444308418473047e-7
3410 3.9456004361656053e-7
3411 3.945856784181933e-7
3412 3.9476832645622417e-7
3413 3.9471705685295873e-7
3414 3.9476031569531055e-7
3415 3.95652728029326e-7
3416 3.95652728029326e-7
3417 3.95652728029326e-7
3418 3.95652728029326e-7
3419 3.9622470503734145e-7
3420 3.963032113499496e-7
3421 3.963032113499496e-7
3422 3.963032113499496e-7
3423 3.963032113499496e-7
3424 3.963032113499496e-7
3425 3.963032113499496e-7
3426 3.963032113499496e-7
3427 3.963032113499496e-7
3428 3.963032113499496e-7
3429 3.963032113499496e-7
3430 3.963032113499496e-7
3431 3.963032113499496e-7
3432 3.963032113499496e-7
3433 3.963032113499496e-7
3434 3.963032113499496e-7
3435 3.963032113499496e-7
3436 3.963032113499496e-7
3437 3.963032113499496e-7
3438 3.963032113499496e-7
3439 3.963032113499496e-7
3440 3.963032113499496e-7
3441 3.963032113499496e-7
3442 3.963032113499496e-7
3443 3.963032113499496e-7
3444 3.963032113499496e-7
3445 3.963032113499496e-7
3446 3.963032113499496e-7
3447 3.963032113499496e-7
3448 3.963032113499496e-7
3449 3.963032113499496e-7
3450 3.963032113499496e-7
3451 3.963032113499496e-7
3452 3.963032113499496e-7
3453 3.963032113499496e-7
3454 3.963032113499496e-7
3455 3.963032113499496e-7
3456 3.963032113499496e-7
3457 3.963032113499496e-7
3458 3.963032113499496e-7
3459 3.963032113499496e-7
3460 3.963032113499496e-7
3461 3.963032113499496e-7
3462 3.963032113499496e-7
3463 3.970834718088106e-7
3464 3.970834718088106e-7
3465 3.970834718088106e-7
3466 3.982802979469988e-7
3467 3.982258245283134e-7
3468 3.982258245283134e-7
3469 3.982258245283134e-7
3470 3.9838764348784146e-7
3471 3.984533333164061e-7
3472 3.9855106618862517e-7
3473 3.9836040677849874e-7
3474 3.986423902076406e-7
3475 3.985046029196715e-7
3476 3.982899118379861e-7
3477 3.983844396724215e-7
3478 3.982899118379861e-7
3479 3.983043308409215e-7
3480 3.988859211287424e-7
3481 4.020053592229306e-7
3482 4.020053592229306e-7
3483 4.020053592229306e-7
3484 4.020053592229306e-7
3485 4.020053592229306e-7
3486 4.0271992985322693e-7
3487 4.0271992985322693e-7
3488 4.0271992985322693e-7
3489 4.0271992985322693e-7
3490 4.0271992985322693e-7
3491 4.0271992985322693e-7
3492 4.0322621825504155e-7
3493 4.032630688553716e-7
3494 4.0329991823333787e-7
3495 4.0329991823333787e-7
3496 4.04259621692446e-7
3497 4.041747065266342e-7
3498 4.041747065266342e-7
3499 4.041747065266342e-7
3500 4.0458806839054146e-7
3501 4.0458806839054146e-7
3502 4.0458806839054146e-7
3503 4.0458806839054146e-7
3504 4.0458806839054146e-7
3505 4.0458806839054146e-7
3506 4.0458806839054146e-7
3507 4.0458806839054146e-7
3508 4.0458806839054146e-7
3509 4.0458806839054146e-7
3510 4.0458806839054146e-7
3511 4.0458806839054146e-7
3512 4.0458806839054146e-7
3513 4.0458806839054146e-7
3514 4.0458806839054146e-7
3515 4.0458806839054146e-7
3516 4.0458806839054146e-7
3517 4.0458806839054146e-7
3518 4.0458806839054146e-7
3519 4.0458806839054146e-7
3520 4.0458806839054146e-7
3521 4.0458806839054146e-7
3522 4.0458806839054146e-7
3523 4.0458806839054146e-7
3524 4.0458806839054146e-7
3525 4.0458806839054146e-7
3526 4.0458806839054146e-7
3527 4.0458806839054146e-7
3528 4.0458806839054146e-7
3529 4.0458806839054146e-7
3530 4.0458806839054146e-7
3531 4.0458806839054146e-7
3532 4.0458806839054146e-7
3533 4.0458806839054146e-7
3534 4.0458806839054146e-7
3535 4.0458806839054146e-7
3536 4.0458806839054146e-7
3537 4.0458806839054146e-7
3538 4.0458806839054146e-7
3539 4.0458806839054146e-7
3540 4.0458806839054146e-7
3541 4.0458806839054146e-7
3542 4.0458806839054146e-7
3543 4.0458806839054146e-7
3544 4.0458806839054146e-7
3545 4.052449605643687e-7
3546 4.061277596185787e-7
3547 4.0791899313981323e-7
3548 4.0842207711502603e-7
3549 4.0842207711502603e-7
3550 4.0842207711502603e-7
3551 4.0842207711502603e-7
3552 4.0842207711502603e-7
3553 4.0842207711502603e-7
3554 4.0842207711502603e-7
3555 4.080535766123624e-7
3556 4.080535766123624e-7
3557 4.080535766123624e-7
3558 4.080535766123624e-7
3559 4.080535766123624e-7
3560 4.076145799468224e-7
3561 4.076145799468224e-7
3562 4.0745596419153235e-7
3563 4.0690802007743967e-7
3564 4.072300579223315e-7
3565 4.072300579223315e-7
3566 4.072300579223315e-7
3567 4.072300579223315e-7
3568 4.072300579223315e-7
3569 4.072300579223315e-7
3570 4.066100157376524e-7
3571 4.0610693237362154e-7
3572 4.061405779361679e-7
3573 4.0610533046591156e-7
3574 4.0631040826779147e-7
3575 4.063536671101433e-7
3576 4.063536671101433e-7
3577 4.063536671101433e-7
3578 4.063536671101433e-7
3579 4.063536671101433e-7
3580 4.063536671101433e-7
3581 4.071403364222079e-7
3582 4.071403364222079e-7
3583 4.071403364222079e-7
3584 4.0749441731075425e-7
3585 4.0749441731075425e-7
3586 4.0749441731075425e-7
3587 4.0986563921209976e-7
3588 4.1037032509502254e-7
3589 4.1056098389396705e-7
3590 4.103911529511616e-7
3591 4.110304216954516e-7
3592 4.110304216954516e-7
3593 4.110304216954516e-7
3594 4.11926037844887e-7
3595 4.124659711980661e-7
3596 4.124659711980661e-7
3597 4.124659711980661e-7
3598 4.127335344019088e-7
3599 4.127335344019088e-7
3600 4.127335344019088e-7
3601 4.127335344019088e-7
3602 4.127335344019088e-7
3603 4.127335344019088e-7
3604 4.127335344019088e-7
3605 4.127335344019088e-7
3606 4.127335344019088e-7
3607 4.127335344019088e-7
3608 4.127335344019088e-7
3609 4.127335344019088e-7
3610 4.127335344019088e-7
3611 4.127335344019088e-7
3612 4.127335344019088e-7
3613 4.127335344019088e-7
3614 4.127335344019088e-7
3615 4.127335344019088e-7
3616 4.127335344019088e-7
3617 4.127335344019088e-7
3618 4.127335344019088e-7
3619 4.127335344019088e-7
3620 4.127335344019088e-7
3621 4.127335344019088e-7
3622 4.1342887969495795e-7
3623 4.1342887969495795e-7
3624 4.1342887969495795e-7
3625 4.1342887969495795e-7
3626 4.1342887969495795e-7
3627 4.1342887969495795e-7
3628 4.1342887969495795e-7
3629 4.1342887969495795e-7
3630 4.1342887969495795e-7
3631 4.1342887969495795e-7
3632 4.1342887969495795e-7
3633 4.1342887969495795e-7
3634 4.1342887969495795e-7
3635 4.1342887969495795e-7
3636 4.1342887969495795e-7
3637 4.1342887969495795e-7
3638 4.1342887969495795e-7
3639 4.1342887969495795e-7
3640 4.1342887969495795e-7
3641 4.1342887969495795e-7
3642 4.1342887969495795e-7
3643 4.1342887969495795e-7
3644 4.1342887969495795e-7
3645 4.1342887969495795e-7
3646 4.1342887969495795e-7
3647 4.1342887969495795e-7
3648 4.1342887969495795e-7
3649 4.1342887969495795e-7
3650 4.1342887969495795e-7
3651 4.1360992643646073e-7
3652 4.1399605036866155e-7
3653 4.140024592218652e-7
3654 4.1346573029528795e-7
3655 4.1346573029528795e-7
3656 4.1346573029528795e-7
3657 4.1346573029528795e-7
3658 4.1403129845009976e-7
3659 4.1403129845009976e-7
3660 4.1403129845009976e-7
3661 4.1403129845009976e-7
3662 4.150983474500506e-7
3663 4.150983474500506e-7
3664 4.150983474500506e-7
3665 4.154091688850633e-7
3666 4.156094409638133e-7
3667 4.1533546890676696e-7
3668 4.1533546890676696e-7
3669 4.1533546890676696e-7
3670 4.1533546890676696e-7
3671 4.1533546890676696e-7
3672 4.1533546890676696e-7
3673 4.156062359260296e-7
3674 4.1584495990163776e-7
3675 4.1584495990163776e-7
3676 4.1584495990163776e-7
3677 4.170337758900942e-7
3678 4.170337758900942e-7
3679 4.1734299602857875e-7
3680 4.1742150356355065e-7
3681 4.173894592975324e-7
3682 4.174102883760352e-7
3683 4.1739266433531613e-7
3684 4.1739266433531613e-7
3685 4.1739266433531613e-7
3686 4.1739266433531613e-7
3687 4.1739266433531613e-7
3688 4.1739266433531613e-7
3689 4.184949626390689e-7
3690 4.186215347395226e-7
3691 4.185782765083526e-7
3692 4.185782765083526e-7
3693 4.185782765083526e-7
3694 4.185782765083526e-7
3695 4.185782765083526e-7
3696 4.185782765083526e-7
3697 4.185782765083526e-7
3698 4.185782765083526e-7
3699 4.1933129903550713e-7
3700 4.1933129903550713e-7
3701 4.1933129903550713e-7
3702 4.1933129903550713e-7
3703 4.196949925926771e-7
3704 4.1975267104914616e-7
3705 4.2010354812227256e-7
3706 4.202140974785352e-7
3707 4.2033746515238703e-7
3708 4.205473505109425e-7
3709 4.2108407943751976e-7
3710 4.2102960601883437e-7
3711 4.2103441235314616e-7
3712 4.2084535546191163e-7
3713 4.20798892192958e-7
3714 4.2116258575012793e-7
3715 4.211497686549025e-7
3716 4.212154578722852e-7
3717 4.2100877755151347e-7
3718 4.210280034999425e-7
3719 4.210728642500043e-7
3720 4.2124109328509983e-7
3721 4.21037616779748e-7
3722 4.210151857935352e-7
3723 4.209318731466152e-7
3724 4.2110170347823884e-7
3725 4.2139009514940244e-7
3726 4.213532445490724e-7
3727 4.2121065153797337e-7
3728 4.211577794158161e-7
3729 4.2152147297298603e-7
3730 4.211129180545724e-7
3731 4.211978338315661e-7
3732 4.212731363287543e-7
3733 4.2130037303809697e-7
3734 4.214589881822051e-7
3735 4.2144937490239964e-7
3736 4.220437828966279e-7
3737 4.2210786959511874e-7
3738 4.2388468289105415e-7
3739 4.243557238226124e-7
3740 4.2519206021905063e-7
3741 4.258473504851679e-7
3742 4.2596270739810613e-7
3743 4.2602839661548883e-7
3744 4.2541476267283153e-7
3745 4.252849867569579e-7
3746 4.253699019227697e-7
3747 4.251407906157852e-7
3748 4.2516802732512786e-7
3749 4.252785779037543e-7
3750 4.2509913368114334e-7
3751 4.250975323846152e-7
3752 4.250975323846152e-7
3753 4.250975323846152e-7
3754 4.250975323846152e-7
3755 4.250975323846152e-7
3756 4.250975323846152e-7
3757 4.2551089302615877e-7
3758 4.2528658927584976e-7
3759 4.2528658927584976e-7
3760 4.2528658927584976e-7
3761 4.2528658927584976e-7
3762 4.256358638300843e-7
3763 4.255413347732852e-7
3764 4.255413347732852e-7
3765 4.255413347732852e-7
3766 4.255413347732852e-7
3767 4.255413347732852e-7
3768 4.255413347732852e-7
3769 4.255413347732852e-7
3770 4.255413347732852e-7
3771 4.255413347732852e-7
3772 4.255413347732852e-7
3773 4.255413347732852e-7
3774 4.255413347732852e-7
3775 4.255413347732852e-7
3776 4.255413347732852e-7
3777 4.255413347732852e-7
3778 4.2585536124608153e-7
3779 4.2585536124608153e-7
3780 4.2585536124608153e-7
3781 4.261549674935787e-7
3782 4.2719157719113066e-7
3783 4.285662438106742e-7
3784 4.2884502342439615e-7
3785 4.2875209688648886e-7
3786 4.297534572802389e-7
3787 4.297534572802389e-7
3788 4.297534572802389e-7
3789 4.297534572802389e-7
3790 4.297534572802389e-7
3791 4.297534572802389e-7
3792 4.297534572802389e-7
3793 4.297534572802389e-7
3794 4.297534572802389e-7
3795 4.297534572802389e-7
3796 4.297534572802389e-7
3797 4.297534572802389e-7
3798 4.297534572802389e-7
3799 4.297534572802389e-7
3800 4.297534572802389e-7
3801 4.297534572802389e-7
3802 4.303590798508007e-7
3803 4.304039418232263e-7
3804 4.308397328398007e-7
3805 4.3089420686966797e-7
3806 4.3101917706241165e-7
3807 4.3084614169300435e-7
3808 4.309374657120198e-7
3809 4.3087818534784074e-7
3810 4.309695087556743e-7
3811 4.3129795545376984e-7
3812 4.3157032499192434e-7
3813 4.3139248451056897e-7
3814 4.3137165665442994e-7
3815 4.3168407999715253e-7
3816 4.318827501681926e-7
3817 4.3168407999715253e-7
3818 4.317113173176771e-7
3819 4.313924838993871e-7
3820 4.3177860844276985e-7
3821 4.316071755922544e-7
3822 4.316023692579426e-7
3823 4.31655240768918e-7
3824 4.3237141330692434e-7
3825 4.3230572531190537e-7
3826 4.3261975117351985e-7
3827 4.3248677021986255e-7
3828 4.324242854290817e-7
3829 4.3242588733679165e-7
3830 4.324755550323471e-7
3831 4.3248837212757253e-7
3832 4.3277836631762803e-7
3833 4.332029433690508e-7
3834 4.3473462383617437e-7
3835 4.342091107082945e-7
3836 4.35261740094128e-7
3837 4.349284876729026e-7
3838 4.349284876729026e-7
3839 4.349284876729026e-7
3840 4.349284876729026e-7
3841 4.349284876729026e-7
3842 4.3553250772457255e-7
3843 4.3586095381148615e-7
3844 4.356430583031989e-7
3845 4.367405490502762e-7
3846 4.378700834521898e-7
3847 4.386070850686989e-7
3848 4.393200531801034e-7
3849 4.391165772859335e-7
3850 4.385958692700016e-7
3851 4.388041514984834e-7
3852 4.408533367773008e-7
3853 4.4157271374190896e-7
3854 4.4262374244239636e-7
3855 4.426718070078781e-7
3856 4.4271827027683176e-7
3857 4.4242507166017445e-7
3858 4.425115893448781e-7
3859 4.426637956357826e-7
3860 4.43014672708909e-7
3861 4.444358038197699e-7
3862 4.450077808277854e-7
3863 4.4479949737693987e-7
3864 4.45158384599798e-7
3865 4.45518874341548e-7
3866 4.45518874341548e-7
3867 4.45518874341548e-7
3868 4.45518874341548e-7
3869 4.45518874341548e-7
3870 4.45518874341548e-7
3871 4.45518874341548e-7
3872 4.45518874341548e-7
3873 4.45518874341548e-7
3874 4.45518874341548e-7
3875 4.45518874341548e-7
3876 4.45518874341548e-7
3877 4.45518874341548e-7
3878 4.45518874341548e-7
3879 4.45518874341548e-7
3880 4.45518874341548e-7
3881 4.45518874341548e-7
3882 4.45518874341548e-7
3883 4.45518874341548e-7
3884 4.45518874341548e-7
3885 4.45518874341548e-7
3886 4.45518874341548e-7
3887 4.45518874341548e-7
3888 4.45518874341548e-7
3889 4.45518874341548e-7
3890 4.45518874341548e-7
3891 4.45518874341548e-7
3892 4.45518874341548e-7
3893 4.45518874341548e-7
3894 4.45518874341548e-7
3895 4.45518874341548e-7
3896 4.4602516274336263e-7
3897 4.477314804876035e-7
3898 4.4903725468552626e-7
3899 4.4903725468552626e-7
3900 4.4903725468552626e-7
3901 4.4903725468552626e-7
3902 4.4903725468552626e-7
3903 4.4903725468552626e-7
3904 4.4903725468552626e-7
3905 4.4903725468552626e-7
3906 4.5012513276397993e-7
3907 4.5012513276397993e-7
3908 4.5012513276397993e-7
3909 4.5012513276397993e-7
3910 4.502773390548844e-7
3911 4.502773390548844e-7
3912 4.502773390548844e-7
3913 4.502773390548844e-7
3914 4.502773390548844e-7
3915 4.5075799082152064e-7
3916 4.5087655277224254e-7
3917 4.5087655277224254e-7
3918 4.5087655277224254e-7
3919 4.5087655277224254e-7
3920 4.5087655277224254e-7
3921 4.5087655277224254e-7
3922 4.5087655277224254e-7
3923 4.5087655277224254e-7
3924 4.5087655277224254e-7
3925 4.5087655277224254e-7
3926 4.5087655277224254e-7
3927 4.5087655277224254e-7
3928 4.5087655277224254e-7
3929 4.5087655277224254e-7
3930 4.5087655277224254e-7
3931 4.5087655277224254e-7
3932 4.5087655277224254e-7
3933 4.5087655277224254e-7
3934 4.5087655277224254e-7
3935 4.516311778182889e-7
3936 4.516311778182889e-7
3937 4.516311778182889e-7
3938 4.516311778182889e-7
3939 4.516311778182889e-7
3940 4.5205415235081977e-7
3941 4.5205415235081977e-7
3942 4.5205415235081977e-7
3943 4.5205415235081977e-7
3944 4.5205415235081977e-7
3945 4.5225602694846163e-7
3946 4.5225602694846163e-7
3947 4.5225602694846163e-7
3948 4.5225602694846163e-7
3949 4.5225602694846163e-7
3950 4.5225602694846163e-7
3951 4.5225602694846163e-7
3952 4.5225602694846163e-7
3953 4.5225602694846163e-7
3954 4.5225602694846163e-7
3955 4.5225602694846163e-7
3956 4.5225602694846163e-7
3957 4.5225602694846163e-7
3958 4.5225602694846163e-7
3959 4.5225602694846163e-7
3960 4.5228646869558804e-7
3961 4.5228646869558804e-7
3962 4.5228646869558804e-7
3963 4.5228646869558804e-7
3964 4.5228646869558804e-7
3965 4.5228646869558804e-7
3966 4.5228646869558804e-7
3967 4.5228646869558804e-7
3968 4.5228646869558804e-7
3969 4.531115899045108e-7
3970 4.531115899045108e-7
3971 4.531115899045108e-7
3972 4.5399599086643077e-7
3973 4.546208399966035e-7
3974 4.546208399966035e-7
3975 4.553033675832454e-7
3976 4.5517198914847993e-7
3977 4.553882827490572e-7
3978 4.553882827490572e-7
3979 4.553882827490572e-7
3980 4.553882827490572e-7
3981 4.553882827490572e-7
3982 4.553882827490572e-7
3983 4.553882827490572e-7
3984 4.553882827490572e-7
3985 4.560916381918381e-7
3986 4.5818568299835354e-7
3987 4.5888743653342447e-7
3988 4.600922734325263e-7
3989 4.600922734325263e-7
3990 4.600922734325263e-7
3991 4.600922734325263e-7
3992 4.600922734325263e-7
3993 4.6091579273373907e-7
3994 4.6076679025825454e-7
3995 4.6130512170372363e-7
3996 4.6255001301857545e-7
3997 4.6236416055394273e-7
3998 4.624138282494982e-7
3999 4.626301224612573e-7
4000 4.6254841111086547e-7
4001 4.634055753634427e-7
4002 4.6379971066773907e-7
4003 4.639102612463655e-7
4004 4.642659440426218e-7
4005 4.663407629007082e-7
4006 4.6666440265331e-7
4007 4.6718831448466184e-7
4008 4.6718831448466184e-7
4009 4.6718831448466184e-7
4010 4.6718831448466184e-7
4011 4.6718831448466184e-7
4012 4.6862867093276997e-7
4013 4.7052885251373907e-7
4014 4.705416696089645e-7
4015 4.711200554701836e-7
4016 4.711200554701836e-7
4017 4.711200554701836e-7
4018 4.711200554701836e-7
4019 4.711200554701836e-7
4020 4.711200554701836e-7
4021 4.711200554701836e-7
4022 4.711200554701836e-7
4023 4.711200554701836e-7
4024 4.711200554701836e-7
4025 4.711200554701836e-7
4026 4.711200554701836e-7
4027 4.711200554701836e-7
4028 4.711200554701836e-7
4029 4.711200554701836e-7
4030 4.711200554701836e-7
4031 4.711200554701836e-7
4032 4.711200554701836e-7
4033 4.711200554701836e-7
4034 4.711200554701836e-7
4035 4.711200554701836e-7
4036 4.711200554701836e-7
4037 4.711200554701836e-7
4038 4.7136518829899536e-7
4039 4.7136518829899536e-7
4040 4.720749538173437e-7
4041 4.733983514448036e-7
4042 4.7558692408575446e-7
4043 4.7623900992526987e-7
4044 4.792350809567882e-7
4045 4.792350809567882e-7
4046 4.813179105757882e-7
4047 4.833879230995628e-7
4048 4.834183648466892e-7
4049 4.837932735913746e-7
4050 4.836683033986309e-7
4051 4.836683033986309e-7
4052 4.836683033986309e-7
4053 4.835753774719055e-7
4054 4.834504072791618e-7
4055 4.834504072791618e-7
4056 4.834504072791618e-7
4057 4.834504072791618e-7
4058 4.834504072791618e-7
4059 4.834504072791618e-7
4060 4.834504072791618e-7
4061 4.834504072791618e-7
4062 4.839631045341801e-7
4063 4.848122574146618e-7
4064 4.862846581287882e-7
4065 4.865602320935446e-7
4066 4.868229895742574e-7
4067 4.871626514598684e-7
4068 4.871626514598684e-7
4069 4.87109779948893e-7
4070 4.874846899159421e-7
4071 4.870729305709266e-7
4072 4.878435771388002e-7
4073 4.899424288908093e-7
4074 4.899135890513929e-7
4075 4.897966308419266e-7
4076 4.899264067578002e-7
4077 4.905015881924175e-7
4078 4.905015881924175e-7
4079 4.905015881924175e-7
4080 4.905015881924175e-7
4081 4.905015881924175e-7
4082 4.909373792089919e-7
4083 4.909373792089919e-7
4084 4.914292473855074e-7
4085 4.914292473855074e-7
4086 4.924946938665664e-7
4087 4.927558494395692e-7
4088 4.928551842194984e-7
4089 4.932493201349766e-7
4090 4.935088719667238e-7
4091 4.950037030558811e-7
4092 4.950357467107175e-7
4093 4.955901002891957e-7
4094 4.955901002891957e-7
4095 4.955901002891957e-7
4096 4.955901002891957e-7
4097 4.955901002891957e-7
4098 4.955901002891957e-7
4099 4.955901002891957e-7
4100 4.955901002891957e-7
4101 4.955901002891957e-7
4102 4.957759521426466e-7
4103 4.977258014191712e-7
4104 4.992622888317885e-7
4105 4.992622888317885e-7
4106 4.992622888317885e-7
4107 4.992622888317885e-7
4108 4.992622888317885e-7
4109 4.992622888317885e-7
4110 4.986598706878286e-7
4111 4.986598706878286e-7
4112 4.986598706878286e-7
4113 4.986598706878286e-7
4114 4.986598706878286e-7
4115 4.986598706878286e-7
4116 4.986598706878286e-7
4117 4.986598706878286e-7
4118 4.986598706878286e-7
4119 4.986598706878286e-7
4120 4.986598706878286e-7
4121 4.986598706878286e-7
4122 4.986598706878286e-7
4123 4.986598706878286e-7
4124 4.986598706878286e-7
4125 4.986598706878286e-7
4126 4.986598706878286e-7
4127 4.999416119918285e-7
4128 5.016639518690785e-7
4129 5.016879847630012e-7
4130 5.018129543445629e-7
4131 5.026332692191738e-7
4132 5.026332692191738e-7
4133 5.026332692191738e-7
4134 5.020468725970411e-7
4135 5.024698471295721e-7
4136 5.024698471295721e-7
4137 5.024698471295721e-7
4138 5.024698471295721e-7
4139 5.024698471295721e-7
4140 5.024698471295721e-7
4141 5.024698471295721e-7
4142 5.024698471295721e-7
4143 5.024698471295721e-7
4144 5.024698471295721e-7
4145 5.024698471295721e-7
4146 5.024698471295721e-7
4147 5.024698471295721e-7
4148 5.024698471295721e-7
4149 5.024698471295721e-7
4150 5.024698471295721e-7
4151 5.024698471295721e-7
4152 5.024698471295721e-7
4153 5.024698471295721e-7
4154 5.024698471295721e-7
4155 5.024698471295721e-7
4156 5.024698471295721e-7
4157 5.024698471295721e-7
4158 5.024698471295721e-7
4159 5.024698471295721e-7
4160 5.036234150365903e-7
4161 5.053922181827939e-7
4162 5.060362926502139e-7
4163 5.060362926502139e-7
4164 5.060362926502139e-7
4165 5.060362926502139e-7
4166 5.060362926502139e-7
4167 5.060362926502139e-7
4168 5.060362926502139e-7
4169 5.060362926502139e-7
4170 5.060362926502139e-7
4171 5.060362926502139e-7
4172 5.060362926502139e-7
4173 5.067604759491338e-7
4174 5.070104151122574e-7
4175 5.072459352724457e-7
4176 5.072619574054548e-7
4177 5.09122083959492e-7
4178 5.096876527254857e-7
4179 5.098430640541739e-7
4180 5.109613832685721e-7
4181 5.109613832685721e-7
4182 5.109613832685721e-7
4183 5.109613832685721e-7
4184 5.109613832685721e-7
4185 5.109613832685721e-7
4186 5.109613832685721e-7
4187 5.109613832685721e-7
4188 5.109613832685721e-7
4189 5.109613832685721e-7
4190 5.109613832685721e-7
4191 5.109613832685721e-7
4192 5.109613832685721e-7
4193 5.109613832685721e-7
4194 5.109613832685721e-7
4195 5.109613832685721e-7
4196 5.109613832685721e-7
4197 5.123088131787729e-7
4198 5.137091164334948e-7
4199 5.154795214874084e-7
4200 5.163014382697293e-7
4201 5.171457848158992e-7
4202 5.171666126720383e-7
4203 5.173236265196183e-7
4204 5.189193949075966e-7
4205 5.193503795898593e-7
4206 5.194721453560011e-7
4207 5.195826953234457e-7
4208 5.206160987608502e-7
4209 5.210663112250875e-7
4210 5.228335118523993e-7
4211 5.234006825261029e-7
4212 5.253505318026276e-7
4213 5.253505318026276e-7
4214 5.253505318026276e-7
4215 5.253505318026276e-7
4216 5.253505318026276e-7
4217 5.253505318026276e-7
4218 5.253505318026276e-7
4219 5.253505318026276e-7
4220 5.253505318026276e-7
4221 5.253505318026276e-7
4222 5.253505318026276e-7
4223 5.261099631829857e-7
4224 5.260859315114267e-7
4225 5.262493529898466e-7
4226 5.262493529898466e-7
4227 5.266819414133649e-7
4228 5.264448187342848e-7
4229 5.264287972124576e-7
4230 5.266466933319266e-7
4231 5.288288577308557e-7
4232 5.290179146220902e-7
4233 5.297420979210102e-7
4234 5.29445695488933e-7
4235 5.29445695488933e-7
4236 5.29445695488933e-7
4237 5.29445695488933e-7
4238 5.29445695488933e-7
4239 5.29445695488933e-7
4240 5.29445695488933e-7
4241 5.29445695488933e-7
4242 5.29445695488933e-7
4243 5.29445695488933e-7
4244 5.29445695488933e-7
4245 5.29445695488933e-7
4246 5.29445695488933e-7
4247 5.29445695488933e-7
4248 5.29445695488933e-7
4249 5.29445695488933e-7
4250 5.29445695488933e-7
4251 5.29445695488933e-7
4252 5.29445695488933e-7
4253 5.29445695488933e-7
4254 5.29445695488933e-7
4255 5.29445695488933e-7
4256 5.29445695488933e-7
4257 5.29445695488933e-7
4258 5.29445695488933e-7
4259 5.29445695488933e-7
4260 5.29445695488933e-7
4261 5.29445695488933e-7
4262 5.29466523345072e-7
4263 5.297453029587939e-7
4264 5.297068510619357e-7
4265 5.297068510619357e-7
4266 5.308540088933866e-7
4267 5.33050592906433e-7
4268 5.334126851670748e-7
4269 5.334126851670748e-7
4270 5.334126851670748e-7
4271 5.334126851670748e-7
4272 5.334126851670748e-7
4273 5.334126851670748e-7
4274 5.334126851670748e-7
4275 5.334126851670748e-7
4276 5.334126851670748e-7
4277 5.334126851670748e-7
4278 5.334126851670748e-7
4279 5.334126851670748e-7
4280 5.334126851670748e-7
4281 5.336722382211858e-7
4282 5.336722382211858e-7
4283 5.337347230119667e-7
4284 5.337347230119667e-7
4285 5.337347230119667e-7
4286 5.337347230119667e-7
4287 5.345374138458585e-7
4288 5.344060341887293e-7
4289 5.344060341887293e-7
4290 5.344060341887293e-7
4291 5.352087250226211e-7
4292 5.35114195965822e-7
4293 5.35114195965822e-7
4294 5.353288882698712e-7
4295 5.35392975579544e-7
4296 5.353881680228685e-7
4297 5.353833616885567e-7
4298 5.362805809680658e-7
4299 5.369839370220286e-7
4300 5.385332415298713e-7
4301 5.381631391194977e-7
4302 5.381631391194977e-7
4303 5.381631391194977e-7
4304 5.381631391194977e-7
4305 5.39158090660044e-7
4306 5.403661319857477e-7
4307 5.409845716515349e-7
4308 5.418289194200687e-7
4309 5.415581511784423e-7
4310 5.426860836726459e-7
4311 5.426860836726459e-7
4312 5.426860836726459e-7
4313 5.426860836726459e-7
4314 5.426860836726459e-7
4315 5.426860836726459e-7
4316 5.426860836726459e-7
4317 5.426860836726459e-7
4318 5.426860836726459e-7
4319 5.426860836726459e-7
4320 5.426860836726459e-7
4321 5.426860836726459e-7
4322 5.426860836726459e-7
4323 5.426860836726459e-7
4324 5.426860836726459e-7
4325 5.426860836726459e-7
4326 5.436714225445687e-7
4327 5.436858427698678e-7
4328 5.436073352348959e-7
4329 5.447849348134731e-7
4330 5.468613568016333e-7
4331 5.482808853936024e-7
4332 5.482808853936024e-7
4333 5.485292232601979e-7
4334 5.485292232601979e-7
4335 5.493607527111424e-7
4336 5.489233585644943e-7
4337 5.492229660343552e-7
4338 5.498013512843924e-7
4339 5.511551906589788e-7
4340 5.529656507398244e-7
4341 5.529656507398244e-7
4342 5.529656507398244e-7
4343 5.529656507398244e-7
4344 5.529656507398244e-7
4345 5.529656507398244e-7
4346 5.529656507398244e-7
4347 5.529656507398244e-7
4348 5.542249616687934e-7
4349 5.544252337475434e-7
4350 5.547008077122998e-7
4351 5.568925853910344e-7
4352 5.583649854939789e-7
4353 5.583649854939789e-7
4354 5.583649854939789e-7
4355 5.583649854939789e-7
4356 5.583649854939789e-7
4357 5.583649854939789e-7
4358 5.583649854939789e-7
4359 5.583649854939789e-7
4360 5.583649854939789e-7
4361 5.583649854939789e-7
4362 5.583649854939789e-7
4363 5.583649854939789e-7
4364 5.583649854939789e-7
4365 5.583649854939789e-7
4366 5.583649854939789e-7
4367 5.583649854939789e-7
4368 5.583649854939789e-7
4369 5.583649854939789e-7
4370 5.588696713769017e-7
4371 5.595954578058954e-7
4372 5.616190070607162e-7
4373 5.618449145522809e-7
4374 5.631715159951608e-7
4375 5.631715159951608e-7
4376 5.631715159951608e-7
4377 5.631715159951608e-7
4378 5.631715159951608e-7
4379 5.631715159951608e-7
4380 5.631715159951608e-7
4381 5.631715159951608e-7
4382 5.631715159951608e-7
4383 5.631715159951608e-7
4384 5.639453676008181e-7
4385 5.636361474623335e-7
4386 5.636361474623335e-7
4387 5.636361474623335e-7
4388 5.636361474623335e-7
4389 5.636361474623335e-7
4390 5.636361474623335e-7
4391 5.636361474623335e-7
4392 5.636361474623335e-7
4393 5.636361474623335e-7
4394 5.644468484459571e-7
4395 5.652719702660617e-7
4396 5.668421032412253e-7
4397 5.676463953716453e-7
4398 5.676463953716453e-7
4399 5.676463953716453e-7
4400 5.676463953716453e-7
4401 5.676463953716453e-7
4402 5.676463953716453e-7
4403 5.676463953716453e-7
4404 5.676463953716453e-7
4405 5.676463953716453e-7
4406 5.676463953716453e-7
4407 5.676463953716453e-7
4408 5.676463953716453e-7
4409 5.676463953716453e-7
4410 5.676463953716453e-7
4411 5.676463953716453e-7
4412 5.676463953716453e-7
4413 5.68598087458658e-7
4414 5.70437386767738e-7
4415 5.70578377871127e-7
4416 5.710269878164725e-7
4417 5.70837930925238e-7
4418 5.709180391455561e-7
4419 5.709180391455561e-7
4420 5.71562113612976e-7
4421 5.71562113612976e-7
4422 5.71562113612976e-7
4423 5.71562113612976e-7
4424 5.71562113612976e-7
4425 5.71562113612976e-7
4426 5.710702448252787e-7
4427 5.710526213957414e-7
4428 5.706873253196796e-7
4429 5.704261697466768e-7
4430 5.709500821892105e-7
4431 5.710093631645715e-7
4432 5.710093631645715e-7
4433 5.710093631645715e-7
4434 5.710093631645715e-7
4435 5.710093631645715e-7
4436 5.710093631645715e-7
4437 5.710093631645715e-7
4438 5.710093631645715e-7
4439 5.710093631645715e-7
4440 5.710093631645715e-7
4441 5.710093631645715e-7
4442 5.710093631645715e-7
4443 5.710093631645715e-7
4444 5.710093631645715e-7
4445 5.710093631645715e-7
4446 5.710093631645715e-7
4447 5.710093631645715e-7
4448 5.723632031503397e-7
4449 5.733084876065125e-7
4450 5.730681611120125e-7
4451 5.731354522371052e-7
4452 5.731354522371052e-7
4453 5.731354522371052e-7
4454 5.732203686252807e-7
4455 5.732203686252807e-7
4456 5.732203686252807e-7
4457 5.732203686252807e-7
4458 5.732203686252807e-7
4459 5.732203686252807e-7
4460 5.73457490081997e-7
4461 5.737010216142807e-7
4462 5.74276203048898e-7
4463 5.760321890998761e-7
4464 5.762452782738516e-7
4465 5.763237851976416e-7
4466 5.765048319391443e-7
4467 5.766009622924716e-7
4468 5.766041661078915e-7
4469 5.766041661078915e-7
4470 5.766874799771752e-7
4471 5.769550431810179e-7
4472 5.771024431376107e-7
4473 5.768444926023916e-7
4474 5.787398678490488e-7
4475 5.79854983248027e-7
4476 5.79854983248027e-7
4477 5.79854983248027e-7
4478 5.79854983248027e-7
4479 5.79854983248027e-7
4480 5.79854983248027e-7
4481 5.79854983248027e-7
4482 5.79854983248027e-7
4483 5.79854983248027e-7
4484 5.79854983248027e-7
4485 5.79854983248027e-7
4486 5.79854983248027e-7
4487 5.79854983248027e-7
4488 5.79854983248027e-7
4489 5.79854983248027e-7
4490 5.79854983248027e-7
4491 5.79854983248027e-7
4492 5.79854983248027e-7
4493 5.806720930848543e-7
4494 5.807025348319806e-7
4495 5.807025348319806e-7
4496 5.807025348319806e-7
4497 5.798710053810361e-7
4498 5.793871479654343e-7
4499 5.79452837182817e-7
4500 5.796290763676442e-7
4501 5.796290763676442e-7
4502 5.796290763676442e-7
4503 5.796290763676442e-7
4504 5.803019912856625e-7
4505 5.804061330110852e-7
4506 5.803324330327889e-7
4507 5.801481812535024e-7
4508 5.801481812535024e-7
4509 5.801481812535024e-7
4510 5.81038991068626e-7
4511 5.810325822154223e-7
4512 5.809733024624252e-7
4513 5.81058217628237e-7
4514 5.808483316584996e-7
4515 5.808483316584996e-7
4516 5.808483316584996e-7
4517 5.808483316584996e-7
4518 5.808483316584996e-7
4519 5.808483316584996e-7
4520 5.808483316584996e-7
4521 5.808483316584996e-7
4522 5.808483316584996e-7
4523 5.808483316584996e-7
4524 5.808483316584996e-7
4525 5.808483316584996e-7
4526 5.808483316584996e-7
4527 5.808483316584996e-7
4528 5.808483316584996e-7
4529 5.808483316584996e-7
4530 5.815260529108297e-7
4531 5.813113606067805e-7
4532 5.809492695685024e-7
4533 5.809492695685024e-7
4534 5.82440895619876e-7
4535 5.82440895619876e-7
4536 5.82440895619876e-7
4537 5.82440895619876e-7
4538 5.82440895619876e-7
4539 5.82440895619876e-7
4540 5.82440895619876e-7
4541 5.82440895619876e-7
4542 5.82440895619876e-7
4543 5.82440895619876e-7
4544 5.82440895619876e-7
4545 5.82440895619876e-7
4546 5.82440895619876e-7
4547 5.82440895619876e-7
4548 5.82440895619876e-7
4549 5.82440895619876e-7
4550 5.82440895619876e-7
4551 5.82440895619876e-7
4552 5.82440895619876e-7
4553 5.82440895619876e-7
4554 5.82440895619876e-7
4555 5.82440895619876e-7
4556 5.82440895619876e-7
4557 5.82440895619876e-7
4558 5.82440895619876e-7
4559 5.82440895619876e-7
4560 5.82440895619876e-7
4561 5.82440895619876e-7
4562 5.82440895619876e-7
4563 5.82440895619876e-7
4564 5.82440895619876e-7
4565 5.82440895619876e-7
4566 5.828029878805178e-7
4567 5.832259624130488e-7
4568 5.831330358751415e-7
4569 5.832820383506261e-7
4570 5.831538649536443e-7
4571 5.83865230546157e-7
4572 5.851325528472216e-7
4573 5.853728787305397e-7
4574 5.853712768228298e-7
4575 5.854321597059007e-7
4576 5.857525956430825e-7
4577 5.863598195101724e-7
4578 5.853872989558389e-7
4579 5.85446578708836e-7
4580 5.855891729422988e-7
4581 5.855891729422988e-7
4582 5.855891729422988e-7
4583 5.855891729422988e-7
4584 5.855891729422988e-7
4585 5.855891729422988e-7
4586 5.855891729422988e-7
4587 5.86548876401407e-7
4588 5.86548876401407e-7
4589 5.86548876401407e-7
4590 5.86548876401407e-7
4591 5.86548876401407e-7
4592 5.87208973613018e-7
4593 5.87208973613018e-7
4594 5.87208973613018e-7
4595 5.880260834498452e-7
4596 5.880260834498452e-7
4597 5.880260834498452e-7
4598 5.880260834498452e-7
4599 5.893366639820798e-7
4600 5.891267792347062e-7
4601 5.893462778730672e-7
4602 5.893462778730672e-7
4603 5.893462778730672e-7
4604 5.893462778730672e-7
4605 5.893462778730672e-7
4606 5.893462778730672e-7
4607 5.893462778730672e-7
4608 5.898765991688045e-7
4609 5.898765991688045e-7
4610 5.901361522229155e-7
4611 5.910558018774555e-7
4612 5.92670795602681e-7
4613 5.930873618931901e-7
4614 5.9365132752911e-7
4615 5.9365132752911e-7
4616 5.9365132752911e-7
4617 5.9365132752911e-7
4618 5.9365132752911e-7
4619 5.9365132752911e-7
4620 5.9365132752911e-7
4621 5.941447982245173e-7
4622 5.948978213628537e-7
4623 5.958142665907919e-7
4624 5.966265700933073e-7
4625 5.963894480254092e-7
4626 5.970783838540728e-7
4627 5.9693258580519e-7
4628 5.973347318704e-7
4629 5.976455545277765e-7
4630 5.973315274437983e-7
4631 5.973315274437983e-7
4632 5.96576902397752e-7
4633 5.96576902397752e-7
4634 5.96576902397752e-7
4635 5.96576902397752e-7
4636 5.96576902397752e-7
4637 5.96576902397752e-7
4638 5.96576902397752e-7
4639 5.975670476039865e-7
4640 5.981005727151438e-7
4641 5.981053790494556e-7
4642 5.979627854271746e-7
4643 5.979627854271746e-7
4644 5.983905675163811e-7
4645 5.980204638836438e-7
4646 5.981262081279583e-7
4647 5.985267522854584e-7
4648 5.998421391520048e-7
4649 6.001097023558475e-7
4650 6.003916857849893e-7
4651 6.018512687927083e-7
4652 6.02899092455412e-7
4653 6.037498484659675e-7
4654 6.045140861806373e-7
4655 6.054753927698193e-7
4656 6.054753927698193e-7
4657 6.054753927698193e-7
4658 6.054753927698193e-7
4659 6.054753927698193e-7
4660 6.054753927698193e-7
4661 6.054753927698193e-7
4662 6.054753927698193e-7
4663 6.062091887373628e-7
4664 6.06423881041412e-7
4665 6.065216139136311e-7
4666 6.064943759819246e-7
4667 6.0754540407123e-7
4668 6.084810752475973e-7
4669 6.086909606061528e-7
4670 6.089136630599336e-7
4671 6.089168674865355e-7
4672 6.089633307554892e-7
4673 6.084426227395573e-7
4674 6.087582517312455e-7
4675 6.096250298748101e-7
4676 6.096250298748101e-7
4677 6.096250298748101e-7
4678 6.096250298748101e-7
4679 6.096250298748101e-7
4680 6.096250298748101e-7
4681 6.096250298748101e-7
4682 6.096250298748101e-7
4683 6.096250298748101e-7
4684 6.096250298748101e-7
4685 6.096250298748101e-7
4686 6.096250298748101e-7
4687 6.096250298748101e-7
4688 6.096250298748101e-7
4689 6.096250298748101e-7
4690 6.096250298748101e-7
4691 6.096250298748101e-7
4692 6.099102171193719e-7
4693 6.100736385977919e-7
4694 6.099630892415292e-7
4695 6.102739106765419e-7
4696 6.102739106765419e-7
4697 6.102739106765419e-7
4698 6.102739106765419e-7
4699 6.102739106765419e-7
4700 6.102739106765419e-7
4701 6.109612445974955e-7
4702 6.109612445974955e-7
4703 6.113361545645446e-7
4704 6.115236089368873e-7
4705 6.115236089368873e-7
4706 6.139989719524737e-7
4707 6.140294130884182e-7
4708 6.147215539548655e-7
4709 6.152983366860109e-7
4710 6.152983366860109e-7
4711 6.152983366860109e-7
4712 6.152983366860109e-7
4713 6.159087668132482e-7
4714 6.159087668132482e-7
4715 6.159087668132482e-7
4716 6.159087668132482e-7
4717 6.159087668132482e-7
4718 6.159087668132482e-7
4719 6.159087668132482e-7
4720 6.159087668132482e-7
4721 6.159087668132482e-7
4722 6.160641781419365e-7
4723 6.159904781636401e-7
4724 6.16232407177032e-7
4725 6.165592513562356e-7
4726 6.16389421024612e-7
4727 6.16389421024612e-7
4728 6.166890272721092e-7
4729 6.166890272721092e-7
4730 6.166890272721092e-7
4731 6.166890272721092e-7
4732 6.166890272721092e-7
4733 6.166890272721092e-7
4734 6.166890272721092e-7
4735 6.166890272721092e-7
4736 6.171488524049701e-7
4737 6.171792929297327e-7
4738 6.172033258236555e-7
4739 6.172033258236555e-7
4740 6.172033258236555e-7
4741 6.172033258236555e-7
4742 6.172033258236555e-7
4743 6.172033258236555e-7
4744 6.173571346334518e-7
4745 6.173571346334518e-7
4746 6.173571346334518e-7
4747 6.177432597880165e-7
4748 6.177208294129856e-7
4749 6.180364584046739e-7
4750 6.179355204946711e-7
4751 6.177849167226585e-7
4752 6.188151163446431e-7
4753 6.196995179177449e-7
4754 6.20180170295563e-7
4755 6.202763006488903e-7
4756 6.200840399422358e-7
4757 6.202362462331403e-7
4758 6.203852493198067e-7
4759 6.202682898879767e-7
4760 6.202458595129458e-7
4761 6.209732478496494e-7
4762 6.209732478496494e-7
4763 6.209732478496494e-7
4764 6.209732478496494e-7
4765 6.209732478496494e-7
4766 6.209732478496494e-7
4767 6.209732478496494e-7
4768 6.209732478496494e-7
4769 6.209732478496494e-7
4770 6.209732478496494e-7
4771 6.209732478496494e-7
4772 6.209732478496494e-7
4773 6.209732478496494e-7
4774 6.209732478496494e-7
4775 6.209732478496494e-7
4776 6.209732478496494e-7
4777 6.209732478496494e-7
4778 6.209732478496494e-7
4779 6.209732478496494e-7
4780 6.209732478496494e-7
4781 6.209732478496494e-7
4782 6.209732478496494e-7
4783 6.224648739010231e-7
4784 6.221732778032576e-7
4785 6.22487304276054e-7
4786 6.22487304276054e-7
4787 6.22487304276054e-7
4788 6.22487304276054e-7
4789 6.22487304276054e-7
4790 6.22487304276054e-7
4791 6.22487304276054e-7
4792 6.22487304276054e-7
4793 6.22487304276054e-7
4794 6.22487304276054e-7
4795 6.22487304276054e-7
4796 6.22487304276054e-7
4797 6.22487304276054e-7
4798 6.22487304276054e-7
4799 6.22487304276054e-7
4800 6.22487304276054e-7
4801 6.22487304276054e-7
4802 6.22487304276054e-7
4803 6.22487304276054e-7
4804 6.22487304276054e-7
4805 6.22487304276054e-7
4806 6.22487304276054e-7
4807 6.22487304276054e-7
4808 6.22487304276054e-7
4809 6.22487304276054e-7
4810 6.22487304276054e-7
4811 6.22487304276054e-7
4812 6.230544749497576e-7
4813 6.230913243277239e-7
4814 6.230897218088321e-7
4815 6.232162939092857e-7
4816 6.232162939092857e-7
4817 6.232162939092857e-7
4818 6.232162939092857e-7
4819 6.232162939092857e-7
4820 6.232162939092857e-7
4821 6.232162939092857e-7
4822 6.232162939092857e-7
4823 6.232162939092857e-7
4824 6.232162939092857e-7
4825 6.232162939092857e-7
4826 6.232162939092857e-7
4827 6.232162939092857e-7
4828 6.232162939092857e-7
4829 6.232162939092857e-7
4830 6.232162939092857e-7
4831 6.232162939092857e-7
4832 6.232162939092857e-7
4833 6.232162939092857e-7
4834 6.232162939092857e-7
4835 6.232162939092857e-7
4836 6.232162939092857e-7
4837 6.232162939092857e-7
4838 6.232162939092857e-7
4839 6.232162939092857e-7
4840 6.232162939092857e-7
4841 6.232162939092857e-7
4842 6.232162939092857e-7
4843 6.232162939092857e-7
4844 6.241920201125848e-7
4845 6.241920201125848e-7
4846 6.261210403106066e-7
4847 6.276703454296311e-7
4848 6.276703454296311e-7
4849 6.276703454296311e-7
4850 6.276703454296311e-7
4851 6.276703454296311e-7
4852 6.276703454296311e-7
4853 6.276703454296311e-7
4854 6.276703454296311e-7
4855 6.276703454296311e-7
4856 6.276703454296311e-7
4857 6.276703454296311e-7
4858 6.276703454296311e-7
4859 6.282391186222267e-7
4860 6.282391186222267e-7
4861 6.282391186222267e-7
4862 6.282391186222267e-7
4863 6.282391186222267e-7
4864 6.282391186222267e-7
4865 6.282391186222267e-7
4866 6.282391186222267e-7
4867 6.282391186222267e-7
4868 6.282391186222267e-7
4869 6.282391186222267e-7
4870 6.282391186222267e-7
4871 6.282391186222267e-7
4872 6.282391186222267e-7
4873 6.282391186222267e-7
4874 6.28352873016273e-7
4875 6.28352873016273e-7
4876 6.28352873016273e-7
4877 6.28352873016273e-7
4878 6.28352873016273e-7
4879 6.28352873016273e-7
4880 6.28352873016273e-7
4881 6.28352873016273e-7
4882 6.28352873016273e-7
4883 6.28352873016273e-7
4884 6.28352873016273e-7
4885 6.300511799996003e-7
4886 6.311630909719767e-7
4887 6.315636351294767e-7
4888 6.323022386536958e-7
4889 6.317302604233166e-7
4890 6.317510895018193e-7
4891 6.317510895018193e-7
4892 6.317510895018193e-7
4893 6.317510895018193e-7
4894 6.317510895018193e-7
4895 6.317510895018193e-7
4896 6.317510895018193e-7
4897 6.317510895018193e-7
4898 6.317510895018193e-7
4899 6.317510895018193e-7
4900 6.317510895018193e-7
4901 6.317510895018193e-7
4902 6.317510895018193e-7
4903 6.317510895018193e-7
4904 6.317510895018193e-7
4905 6.317510895018193e-7
4906 6.317510895018193e-7
4907 6.317510895018193e-7
4908 6.317510895018193e-7
4909 6.317510895018193e-7
4910 6.317510895018193e-7
4911 6.317510895018193e-7
4912 6.317510895018193e-7
4913 6.32098761537162e-7
4914 6.319930185152112e-7
4915 6.321243969499766e-7
4916 6.326050499389766e-7
4917 6.324864879882546e-7
4918 6.336849166453347e-7
4919 6.34381863234912e-7
4920 6.347311377891465e-7
4921 6.353575888270293e-7
4922 6.353575888270293e-7
4923 6.350371541122112e-7
4924 6.350371541122112e-7
4925 6.358078006800848e-7
4926 6.362740334437856e-7
4927 6.353688034033629e-7
4928 6.353688034033629e-7
4929 6.358798981394893e-7
4930 6.358798981394893e-7
4931 6.360945904435385e-7
4932 6.360945904435385e-7
4933 6.360945904435385e-7
4934 6.360945904435385e-7
4935 6.360945904435385e-7
4936 6.36685794011165e-7
4937 6.372129096579367e-7
4938 6.368604306771003e-7
4939 6.390586172090385e-7
4940 6.400583756950785e-7
4941 6.400583756950785e-7
4942 6.400583756950785e-7
4943 6.400583756950785e-7
4944 6.400583756950785e-7
4945 6.400583756950785e-7
4946 6.400583756950785e-7
4947 6.400583756950785e-7
4948 6.400583756950785e-7
4949 6.403211337869732e-7
4950 6.403211337869732e-7
4951 6.409876398517878e-7
4952 6.410773613519114e-7
4953 6.410613398300842e-7
4954 6.412487942024269e-7
4955 6.41625306077186e-7
4956 6.433123984841797e-7
4957 6.438138799405006e-7
4958 6.439756995112106e-7
4959 6.439756995112106e-7
4960 6.439756995112106e-7
4961 6.439756995112106e-7
4962 6.439756995112106e-7
4963 6.445813208594086e-7
4964 6.447046891444423e-7
4965 6.459656032034852e-7
4966 6.462139404588987e-7
4967 6.478834088251734e-7
4968 6.493846487675343e-7
4969 6.494343158519079e-7
4970 6.492628830013924e-7
4971 6.492628830013924e-7
4972 6.492628830013924e-7
4973 6.492628830013924e-7
4974 6.492628830013924e-7
4975 6.492628830013924e-7
4976 6.492628830013924e-7
4977 6.492628830013924e-7
4978 6.492628830013924e-7
4979 6.492628830013924e-7
4980 6.492628830013924e-7
4981 6.504789356991916e-7
4982 6.503267294082871e-7
4983 6.503267294082871e-7
4984 6.503267294082871e-7
4985 6.512351632641297e-7
4986 6.528982221660188e-7
4987 6.529655145134753e-7
4988 6.543882469208643e-7
4989 6.543882469208643e-7
4990 6.543882469208643e-7
4991 6.543882469208643e-7
4992 6.543882469208643e-7
4993 6.543882469208643e-7
4994 6.543882469208643e-7
4995 6.543882469208643e-7
4996 6.543882469208643e-7
4997 6.543882469208643e-7
4998 6.555466211621944e-7
4999 6.565816271184907e-7
5000 6.583936884958643e-7
5001 6.591835616233489e-7
5002 6.583488277458026e-7
5003 6.583488277458026e-7
5004 6.583488277458026e-7
5005 6.583488277458026e-7
5006 6.583488277458026e-7
5007 6.591467122453826e-7
5008 6.591467122453826e-7
5009 6.608049654241417e-7
5010 6.633972872603762e-7
5011 6.633972872603762e-7
5012 6.633972872603762e-7
5013 6.633972872603762e-7
5014 6.633972872603762e-7
5015 6.633972872603762e-7
5016 6.633972872603762e-7
5017 6.633972872603762e-7
5018 6.633972872603762e-7
5019 6.633972872603762e-7
5020 6.644242830669408e-7
5021 6.644242830669408e-7
5022 6.644242830669408e-7
5023 6.644242830669408e-7
5024 6.644242830669408e-7
5025 6.644242830669408e-7
5026 6.651821131507709e-7
5027 6.650891866128636e-7
5028 6.65379181414101e-7
5029 6.651548752190644e-7
5030 6.651548752190644e-7
5031 6.651548752190644e-7
5032 6.651548752190644e-7
5033 6.651548752190644e-7
5034 6.66242753297518e-7
5035 6.661273963845799e-7
5036 6.661273963845799e-7
5037 6.661273963845799e-7
5038 6.661273963845799e-7
5039 6.661273963845799e-7
5040 6.661273963845799e-7
5041 6.661273963845799e-7
5042 6.661273963845799e-7
5043 6.661273963845799e-7
5044 6.661273963845799e-7
5045 6.661273963845799e-7
5046 6.661273963845799e-7
5047 6.661273963845799e-7
5048 6.661273963845799e-7
5049 6.661273963845799e-7
5050 6.662860115286881e-7
5051 6.661738584311698e-7
5052 6.661738584311698e-7
5053 6.666016405203763e-7
5054 6.668323531238889e-7
5055 6.676158173981698e-7
5056 6.686860720470863e-7
5057 6.693045117128735e-7
5058 6.695448382073735e-7
5059 6.695448382073735e-7
5060 6.695448382073735e-7
5061 6.695448382073735e-7
5062 6.695448382073735e-7
5063 6.695448382073735e-7
5064 6.695448382073735e-7
5065 6.697322938020799e-7
5066 6.702802379161726e-7
5067 6.703186892018489e-7
5068 6.703186892018489e-7
5069 6.703186892018489e-7
5070 6.703186892018489e-7
5071 6.703186892018489e-7
5072 6.703186892018489e-7
5073 6.703186892018489e-7
5074 6.703186892018489e-7
5075 6.703186892018489e-7
5076 6.706247055249135e-7
5077 6.706247055249135e-7
5078 6.708858598755526e-7
5079 6.710877344731944e-7
5080 6.710877344731944e-7
5081 6.710877344731944e-7
5082 6.710877344731944e-7
5083 6.710877344731944e-7
5084 6.716629152966298e-7
5085 6.717189912342071e-7
5086 6.716965608591762e-7
5087 6.731112831168335e-7
5088 6.753927822956917e-7
5089 6.753927822956917e-7
5090 6.753927822956917e-7
5091 6.753927822956917e-7
5092 6.753927822956917e-7
5093 6.753927822956917e-7
5094 6.753927822956917e-7
5095 6.753927822956917e-7
5096 6.753927822956917e-7
5097 6.765431451649262e-7
5098 6.7686678552871e-7
5099 6.7686678552871e-7
5100 6.7686678552871e-7
5101 6.7686678552871e-7
5102 6.772913625801327e-7
5103 6.772913625801327e-7
5104 6.772913625801327e-7
5105 6.783087444957099e-7
5106 6.784865849770653e-7
5107 6.782670875610681e-7
5108 6.783247660175373e-7
5109 6.78488188718321e-7
5110 6.785314469494909e-7
5111 6.801624628077254e-7
5112 6.809283030412872e-7
5113 6.811958668563118e-7
5114 6.821667861141174e-7
5115 6.828509149972874e-7
5116 6.827451719753365e-7
5117 6.838298456271884e-7
5118 6.854560545399293e-7
5119 6.854528507245093e-7
5120 6.877231347158521e-7
5121 6.877231347158521e-7
5122 6.877231347158521e-7
5123 6.877231347158521e-7
5124 6.877231347158521e-7
5125 6.877231347158521e-7
5126 6.877231347158521e-7
5127 6.877231347158521e-7
5128 6.877231347158521e-7
5129 6.877231347158521e-7
5130 6.877231347158521e-7
5131 6.877231347158521e-7
5132 6.877231347158521e-7
5133 6.877231347158521e-7
5134 6.877231347158521e-7
5135 6.877231347158521e-7
5136 6.877231347158521e-7
5137 6.877231347158521e-7
5138 6.877231347158521e-7
5139 6.877231347158521e-7
5140 6.877231347158521e-7
5141 6.877231347158521e-7
5142 6.877231347158521e-7
5143 6.877231347158521e-7
5144 6.877231347158521e-7
5145 6.877231347158521e-7
5146 6.877231347158521e-7
5147 6.877231347158521e-7
5148 6.877231347158521e-7
5149 6.877231347158521e-7
5150 6.877231347158521e-7
5151 6.877231347158521e-7
5152 6.880371599662846e-7
5153 6.881829586263493e-7
5154 6.881829586263493e-7
5155 6.881829586263493e-7
5156 6.888606786563155e-7
5157 6.888606786563155e-7
5158 6.888606786563155e-7
5159 6.888606786563155e-7
5160 6.888606786563155e-7
5161 6.888606786563155e-7
5162 6.888606786563155e-7
5163 6.888606786563155e-7
5164 6.888606786563155e-7
5165 6.888606786563155e-7
5166 6.888606786563155e-7
5167 6.894967429740037e-7
5168 6.9001104152555e-7
5169 6.919769123239019e-7
5170 6.919865256037074e-7
5171 6.926017608428928e-7
5172 6.926017608428928e-7
5173 6.926017608428928e-7
5174 6.926017608428928e-7
5175 6.926017608428928e-7
5176 6.926017608428928e-7
5177 6.926017608428928e-7
5178 6.926017608428928e-7
5179 6.926017608428928e-7
5180 6.926017608428928e-7
5181 6.926017608428928e-7
5182 6.926017608428928e-7
5183 6.926017608428928e-7
5184 6.926017608428928e-7
5185 6.926017608428928e-7
5186 6.926017608428928e-7
5187 6.933547833700473e-7
5188 6.937889743124574e-7
5189 6.935470452990655e-7
5190 6.935470452990655e-7
5191 6.935470452990655e-7
5192 6.940325046223773e-7
5193 6.940405159944727e-7
5194 6.940405159944727e-7
5195 6.940405159944727e-7
5196 6.940405159944727e-7
5197 6.940405159944727e-7
5198 6.940405159944727e-7
5199 6.94633322080991e-7
5200 6.959743455827158e-7
5201 6.960720772325711e-7
5202 6.961105291294292e-7
5203 6.963604695149166e-7
5204 6.984689333243675e-7
5205 6.991098051987313e-7
5206 7.000054207369848e-7
5207 6.998644296335958e-7
5208 6.999669700624904e-7
5209 6.997634929459567e-7
5210 6.999124954214413e-7
5211 6.999477435028795e-7
5212 6.998500106306604e-7
5213 6.999974105872531e-7
5214 6.998067511771267e-7
5215 6.999317207586885e-7
5216 7.000134321090804e-7
5217 6.999541511337194e-7
5218 6.99999013106145e-7
5219 6.99999013106145e-7
5220 7.004700534265213e-7
5221 7.006142495676941e-7
5222 7.00556571111225e-7
5223 7.006094420110185e-7
5224 7.002633724945676e-7
5225 7.002633724945676e-7
5226 7.002633724945676e-7
5227 7.002633724945676e-7
5228 7.002633724945676e-7
5229 7.007424229646757e-7
5230 7.003995584860085e-7
5231 7.003995584860085e-7
5232 7.003995584860085e-7
5233 7.003995584860085e-7
5234 7.007904887525212e-7
5235 7.006462938337122e-7
5236 7.007408216681476e-7
5237 7.005613786679004e-7
5238 7.005613786679004e-7
5239 7.005613786679004e-7
5240 7.015290922767403e-7
5241 7.032802719934067e-7
5242 7.047991353653049e-7
5243 7.047991353653049e-7
5244 7.047991353653049e-7
5245 7.064990442563422e-7
5246 7.064990442563422e-7
5247 7.06923621307765e-7
5248 7.068371036230613e-7
5249 7.068371036230613e-7
5250 7.070662149300459e-7
5251 7.074988033535642e-7
5252 7.074988033535642e-7
5253 7.074988033535642e-7
5254 7.074988033535642e-7
5255 7.074988033535642e-7
5256 7.074988033535642e-7
5257 7.074988033535642e-7
5258 7.074988033535642e-7
5259 7.074988033535642e-7
5260 7.074988033535642e-7
5261 7.080835968456231e-7
5262 7.080755866958914e-7
5263 7.080755866958914e-7
5264 7.080755866958914e-7
5265 7.080755866958914e-7
5266 7.080755866958914e-7
5267 7.080755866958914e-7
5268 7.080755866958914e-7
5269 7.093493178501597e-7
5270 7.100062106351688e-7
5271 7.11062045058786e-7
5272 7.118695416158077e-7
5273 7.118695416158077e-7
5274 7.118695416158077e-7
5275 7.122764946265114e-7
5276 7.122764946265114e-7
5277 7.122764946265114e-7
5278 7.122764946265114e-7
5279 7.122764946265114e-7
5280 7.122764946265114e-7
5281 7.122764946265114e-7
5282 7.124303034363078e-7
5283 7.127747716562306e-7
5284 7.128644931563542e-7
5285 7.127795779905424e-7
5286 7.138706604955979e-7
5287 7.154215669111505e-7
5288 7.149184835471196e-7
5289 7.164085083019651e-7
5290 7.176742280841378e-7
5291 7.175492591137579e-7
5292 7.170926384074987e-7
5293 7.170926384074987e-7
5294 7.170926384074987e-7
5295 7.179113507632178e-7
5296 7.17629367334076e-7
5297 7.175700875810788e-7
5298 7.175700875810788e-7
5299 7.182702392084398e-7
5300 7.182702392084398e-7
5301 7.182702392084398e-7
5302 7.182702392084398e-7
5303 7.187460858631279e-7
5304 7.187460858631279e-7
5305 7.19007240213767e-7
5306 7.19007240213767e-7
5307 7.19007240213767e-7
5308 7.19007240213767e-7
5309 7.19007240213767e-7
5310 7.19007240213767e-7
5311 7.19007240213767e-7
5312 7.19007240213767e-7
5313 7.193853539962361e-7
5314 7.19508721058906e-7
5315 7.193789451430324e-7
5316 7.193789451430324e-7
5317 7.193789451430324e-7
5318 7.193789451430324e-7
5319 7.193789451430324e-7
5320 7.193789451430324e-7
5321 7.193789451430324e-7
5322 7.193789451430324e-7
5323 7.194959045748624e-7
5324 7.194959045748624e-7
5325 7.194959045748624e-7
5326 7.194959045748624e-7
5327 7.194959045748624e-7
5328 7.194959045748624e-7
5329 7.198147386043344e-7
5330 7.198147386043344e-7
5331 7.200742916584453e-7
5332 7.200742916584453e-7
5333 7.200742916584453e-7
5334 7.208096901448807e-7
5335 7.208096901448807e-7
5336 7.208096901448807e-7
5337 7.208096901448807e-7
5338 7.208096901448807e-7
5339 7.208096901448807e-7
5340 7.208096901448807e-7
5341 7.208096901448807e-7
5342 7.208096901448807e-7
5343 7.208096901448807e-7
5344 7.208096901448807e-7
5345 7.208096901448807e-7
5346 7.208096901448807e-7
5347 7.208096901448807e-7
5348 7.208096901448807e-7
5349 7.208096901448807e-7
5350 7.217838126069243e-7
5351 7.223525857995198e-7
5352 7.22350983280628e-7
5353 7.218030391665353e-7
5354 7.220786137424735e-7
5355 7.219360201201925e-7
5356 7.223397680931124e-7
5357 7.224118667748807e-7
5358 7.221298833457389e-7
5359 7.220673985549579e-7
5360 7.219792789625444e-7
5361 7.218126524463407e-7
5362 7.218254695415662e-7
5363 7.216412195958253e-7
5364 7.218270714492762e-7
5365 7.220001074298654e-7
5366 7.223525857995199e-7
5367 7.235558201797299e-7
5368 7.240508927828472e-7
5369 7.246869571005353e-7
5370 7.247959051602699e-7
5371 7.247654634131435e-7
5372 7.247654634131435e-7
5373 7.247654634131435e-7
5374 7.247654634131435e-7
5375 7.247654634131435e-7
5376 7.247654634131435e-7
5377 7.247654634131435e-7
5378 7.247654634131435e-7
5379 7.247654634131435e-7
5380 7.25177222758159e-7
5381 7.2515639490202e-7
5382 7.2515639490202e-7
5383 7.253823011712208e-7
5384 7.253823011712208e-7
5385 7.253823011712208e-7
5386 7.253823011712208e-7
5387 7.253823011712208e-7
5388 7.253823011712208e-7
5389 7.253823011712208e-7
5390 7.253823011712208e-7
5391 7.253823011712208e-7
5392 7.253823011712208e-7
5393 7.253823011712208e-7
5394 7.253823011712208e-7
5395 7.253823011712208e-7
5396 7.253823011712208e-7
5397 7.253823011712208e-7
5398 7.261657666678654e-7
5399 7.264189108687727e-7
5400 7.258741705701e-7
5401 7.260472047171436e-7
5402 7.260472047171436e-7
5403 7.260472047171436e-7
5404 7.260472047171436e-7
5405 7.260472047171436e-7
5406 7.260472047171436e-7
5407 7.260472047171436e-7
5408 7.260472047171436e-7
5409 7.260472047171436e-7
5410 7.260472047171436e-7
5411 7.260472047171436e-7
5412 7.264525539865916e-7
5413 7.264285223150326e-7
5414 7.265470830433907e-7
5415 7.266864716278879e-7
5416 7.266864716278879e-7
5417 7.271751359889834e-7
5418 7.271318777578135e-7
5419 7.270886183042797e-7
5420 7.27240825817548e-7
5421 7.27240825817548e-7
5422 7.27240825817548e-7
5423 7.27240825817548e-7
5424 7.27240825817548e-7
5425 7.27240825817548e-7
5426 7.27240825817548e-7
5427 7.279810318606589e-7
5428 7.279810318606589e-7
5429 7.281156153332081e-7
5430 7.281989292024918e-7
5431 7.289151017404981e-7
5432 7.305140733327144e-7
5433 7.309114130636126e-7
5434 7.308313048432945e-7
5435 7.312975382181772e-7
5436 7.312975382181772e-7
5437 7.312975382181772e-7
5438 7.312975382181772e-7
5439 7.312975382181772e-7
5440 7.314817875527362e-7
5441 7.314817875527362e-7
5442 7.317317279382236e-7
5443 7.317317279382236e-7
5444 7.317317279382236e-7
5445 7.317317279382236e-7
5446 7.323517695117208e-7
5447 7.328308205930108e-7
5448 7.324527074217236e-7
5449 7.325520415904708e-7
5450 7.323565758460326e-7
5451 7.322187885580634e-7
5452 7.325696656311898e-7
5453 7.327218731444581e-7
5454 7.327218731444581e-7
5455 7.330166742800072e-7
5456 7.333002590056772e-7
5457 7.333002590056772e-7
5458 7.333002590056772e-7
5459 7.333002590056772e-7
5460 7.333002590056772e-7
5461 7.333002590056772e-7
5462 7.333002590056772e-7
5463 7.333002590056772e-7
5464 7.333002590056772e-7
5465 7.333002590056772e-7
5466 7.334748968939763e-7
5467 7.334748968939763e-7
5468 7.336992018666491e-7
5469 7.336992018666491e-7
5470 7.343032219183191e-7
5471 7.343032219183191e-7
5472 7.343032219183191e-7
5473 7.343032219183191e-7
5474 7.349793394293935e-7
5475 7.349697267607699e-7
5476 7.347582394945045e-7
5477 7.347662508666e-7
5478 7.347662508666e-7
5479 7.347662508666e-7
5480 7.347662508666e-7
5481 7.357115353227727e-7
5482 7.357115353227727e-7
5483 7.357115353227727e-7
5484 7.363475996404609e-7
5485 7.360415833173963e-7
5486 7.362867161462081e-7
5487 7.362867161462081e-7
5488 7.362867161462081e-7
5489 7.362867161462081e-7
5490 7.362867161462081e-7
5491 7.362867161462081e-7
5492 7.367032818255354e-7
5493 7.368634994885354e-7
5494 7.368634994885354e-7
5495 7.377254700754245e-7
5496 7.398291287729273e-7
5497 7.400662508408255e-7
5498 7.405645284817264e-7
5499 7.405645284817264e-7
5500 7.405645284817264e-7
5501 7.405645284817264e-7
5502 7.405645284817264e-7
5503 7.405645284817264e-7
5504 7.405645284817264e-7
5505 7.405645284817264e-7
5506 7.412198181366618e-7
5507 7.412198181366618e-7
5508 7.414537357779582e-7
5509 7.413768319842418e-7
5510 7.413768319842418e-7
5511 7.413768319842418e-7
5512 7.413768319842418e-7
5513 7.415514686501772e-7
5514 7.419664330329764e-7
5515 7.419664330329764e-7
5516 7.423237177369427e-7
5517 7.423237177369427e-7
5518 7.425079670715017e-7
5519 7.424310632777854e-7
5520 7.424310632777854e-7
5521 7.424310632777854e-7
5522 7.424310632777854e-7
5523 7.424310632777854e-7
5524 7.424310632777854e-7
5525 7.424310632777854e-7
5526 7.424310632777854e-7
5527 7.427755314977082e-7
5528 7.427755314977082e-7
5529 7.427755314977082e-7
5530 7.427755314977082e-7
5531 7.427755314977082e-7
5532 7.427755314977082e-7
5533 7.427755314977082e-7
5534 7.430719339297854e-7
5535 7.430719339297854e-7
5536 7.430719339297854e-7
5537 7.430719339297854e-7
5538 7.430719339297854e-7
5539 7.430719339297854e-7
5540 7.435557919565691e-7
5541 7.437480526632236e-7
5542 7.446853263584827e-7
5543 7.441854461986898e-7
5544 7.442367170243191e-7
5545 7.443152233369272e-7
5546 7.448759857686091e-7
5547 7.448118990701183e-7
5548 7.466079383144827e-7
5549 7.468755015183254e-7
5550 7.472568203385782e-7
5551 7.472568203385782e-7
5552 7.472568203385782e-7
5553 7.472568203385782e-7
5554 7.472568203385782e-7
5555 7.472568203385782e-7
5556 7.472568203385782e-7
5557 7.472568203385782e-7
5558 7.478672492434518e-7
5559 7.481235972597791e-7
5560 7.483927623713317e-7
5561 7.498731738463717e-7
5562 7.503954837700136e-7
5563 7.505524976175937e-7
5564 7.505124432018437e-7
5565 7.510267417533901e-7
5566 7.517365060493746e-7
5567 7.517365060493746e-7
5568 7.515971162425136e-7
5569 7.515971162425136e-7
5570 7.515971162425136e-7
5571 7.515971162425136e-7
5572 7.515971162425136e-7
5573 7.515971162425136e-7
5574 7.515971162425136e-7
5575 7.515971162425136e-7
5576 7.515971162425136e-7
5577 7.515971162425136e-7
5578 7.515971162425136e-7
5579 7.515971162425136e-7
5580 7.515971162425136e-7
5581 7.515971162425136e-7
5582 7.515971162425136e-7
5583 7.515971162425136e-7
5584 7.515971162425136e-7
5585 7.515971162425136e-7
5586 7.515971162425136e-7
5587 7.515971162425136e-7
5588 7.515971162425136e-7
5589 7.515971162425136e-7
5590 7.515971162425136e-7
5591 7.515971162425136e-7
5592 7.515971162425136e-7
5593 7.515971162425136e-7
5594 7.515971162425136e-7
5595 7.515971162425136e-7
5596 7.515971162425136e-7
5597 7.515971162425136e-7
5598 7.515971162425136e-7
5599 7.523036767230782e-7
5600 7.52731457589921e-7
5601 7.552180364042046e-7
5602 7.560944272163928e-7
5603 7.563619904202355e-7
5604 7.563619904202355e-7
5605 7.563619904202355e-7
5606 7.563619904202355e-7
5607 7.563619904202355e-7
5608 7.571550685855038e-7
5609 7.571550685855038e-7
5610 7.571550685855038e-7
5611 7.571550685855038e-7
5612 7.571550685855038e-7
5613 7.571550685855038e-7
5614 7.571550685855038e-7
5615 7.571550685855038e-7
5616 7.571550685855038e-7
5617 7.571550685855038e-7
5618 7.571550685855038e-7
5619 7.571550685855038e-7
5620 7.573777710392846e-7
5621 7.592010482153555e-7
5622 7.598691561878801e-7
5623 7.601223003887874e-7
5624 7.602008067013956e-7
5625 7.604459395302074e-7
5626 7.604459395302074e-7
5627 7.604459395302074e-7
5628 7.604459395302074e-7
5629 7.604459395302074e-7
5630 7.618766820873282e-7
5631 7.620433086035319e-7
5632 7.619856301470627e-7
5633 7.618318213372664e-7
5634 7.618846934594237e-7
5635 7.631504126304146e-7
5636 7.639931578800565e-7
5637 7.646452437195719e-7
5638 7.655793129882293e-7
5639 7.655793129882293e-7
5640 7.655793129882293e-7
5641 7.655793129882293e-7
5642 7.660487507897138e-7
5643 7.660487507897138e-7
5644 7.660487507897138e-7
5645 7.660487507897138e-7
5646 7.660487507897138e-7
5647 7.660487507897138e-7
5648 7.660487507897138e-7
5649 7.660487507897138e-7
5650 7.660487507897138e-7
5651 7.660487507897138e-7
5652 7.660487507897138e-7
5653 7.660487507897138e-7
5654 7.660487507897138e-7
5655 7.670196700475193e-7
5656 7.697401671142812e-7
5657 7.697401671142812e-7
5658 7.697401671142812e-7
5659 7.697401671142812e-7
5660 7.697401671142812e-7
5661 7.697401671142812e-7
5662 7.697401671142812e-7
5663 7.697401671142812e-7
5664 7.697401671142812e-7
5665 7.697401671142812e-7
5666 7.697401671142812e-7
5667 7.697401671142812e-7
5668 7.697401671142812e-7
5669 7.697401671142812e-7
5670 7.697401671142812e-7
5671 7.697401671142812e-7
5672 7.697401671142812e-7
5673 7.697401671142812e-7
5674 7.697401671142812e-7
5675 7.697401671142812e-7
5676 7.697401671142812e-7
5677 7.697401671142812e-7
5678 7.697401671142812e-7
5679 7.697401671142812e-7
5680 7.697401671142812e-7
5681 7.697401671142812e-7
5682 7.697401671142812e-7
5683 7.697401671142812e-7
5684 7.710603603151394e-7
5685 7.725840306325312e-7
5686 7.739042238333893e-7
5687 7.739042238333893e-7
5688 7.739042238333893e-7
5689 7.739042238333893e-7
5690 7.739042238333893e-7
5691 7.739042238333893e-7
5692 7.739042238333893e-7
5693 7.739042238333893e-7
5694 7.739042238333893e-7
5695 7.739042238333893e-7
5696 7.742791325780747e-7
5697 7.742791325780747e-7
5698 7.742791325780747e-7
5699 7.742791325780747e-7
5700 7.742791325780747e-7
5701 7.742791325780747e-7
5702 7.742791325780747e-7
5703 7.742791325780747e-7
5704 7.742791325780747e-7
5705 7.742791325780747e-7
5706 7.742791325780747e-7
5707 7.744153173471519e-7
5708 7.744153173471519e-7
5709 7.744153173471519e-7
5710 7.744153173471519e-7
5711 7.739971491489328e-7
5712 7.739971491489328e-7
5713 7.739971491489328e-7
5714 7.733995379504665e-7
5715 7.733995379504665e-7
5716 7.733995379504665e-7
5717 7.733995379504665e-7
5718 7.733995379504665e-7
5719 7.733995379504665e-7
5720 7.733995379504665e-7
5721 7.733995379504665e-7
5722 7.733995379504665e-7
5723 7.733995379504665e-7
5724 7.733995379504665e-7
5725 7.733995379504665e-7
5726 7.733995379504665e-7
5727 7.742118414529819e-7
5728 7.752228151265374e-7
5729 7.764645026259693e-7
5730 7.775860256557874e-7
5731 7.786386556528029e-7
5732 7.786386556528029e-7
5733 7.786386556528029e-7
5734 7.786386556528029e-7
5735 7.786386556528029e-7
5736 7.786386556528029e-7
5737 7.790648352231175e-7
5738 7.790648352231175e-7
5739 7.790648352231175e-7
5740 7.790648352231175e-7
5741 7.790648352231175e-7
5742 7.790648352231175e-7
5743 7.790648352231175e-7
5744 7.796592426061639e-7
5745 7.796592426061639e-7
5746 7.796592426061639e-7
5747 7.796592426061639e-7
5748 7.796592426061639e-7
5749 7.796592426061639e-7
5750 7.796592426061639e-7
5751 7.796592426061639e-7
5752 7.796592426061639e-7
5753 7.796592426061639e-7
5754 7.796592426061639e-7
5755 7.796592426061639e-7
5756 7.796592426061639e-7
5757 7.796592426061639e-7
5758 7.796592426061639e-7
5759 7.796592426061639e-7
5760 7.796592426061639e-7
5761 7.796592426061639e-7
5762 7.796592426061639e-7
5763 7.796592426061639e-7
5764 7.796592426061639e-7
5765 7.796592426061639e-7
5766 7.796592426061639e-7
5767 7.796592426061639e-7
5768 7.802312208365431e-7
5769 7.801815525298057e-7
5770 7.801815525298057e-7
5771 7.801815525298057e-7
5772 7.801815525298057e-7
5773 7.801815525298057e-7
5774 7.801815525298057e-7
5775 7.801815525298057e-7
5776 7.808496598911484e-7
5777 7.805532574590712e-7
5778 7.805532574590712e-7
5779 7.805532574590712e-7
5780 7.805532574590712e-7
5781 7.805532574590712e-7
5782 7.805532574590712e-7
5783 7.812213660427776e-7
5784 7.812213660427776e-7
5785 7.812213660427776e-7
5786 7.812213660427776e-7
5787 7.818237835755558e-7
5788 7.818237835755558e-7
5789 7.826985730912159e-7
5790 7.826985730912159e-7
5791 7.826985730912159e-7
5792 7.833442500775276e-7
5793 7.841020801613577e-7
5794 7.83897001137114e-7
5795 7.848518988730922e-7
5796 7.860343047859812e-7
5797 7.861208230818668e-7
5798 7.861913186335613e-7
5799 7.865421957066877e-7
5800 7.865421957066877e-7
5801 7.865421957066877e-7
5802 7.877133864320613e-7
5803 7.877133864320613e-7
5804 7.877133864320613e-7
5805 7.877133864320613e-7
5806 7.877133864320613e-7
5807 7.877133864320613e-7
5808 7.877133864320613e-7
5809 7.877133864320613e-7
5810 7.877133864320613e-7
5811 7.887884468041076e-7
5812 7.887884468041076e-7
5813 7.887884468041076e-7
5814 7.887884468041076e-7
5815 7.887884468041076e-7
5816 7.887884468041076e-7
5817 7.887884468041076e-7
5818 7.887884468041076e-7
5819 7.887884468041076e-7
5820 7.887884468041076e-7
5821 7.887884468041076e-7
5822 7.887884468041076e-7
5823 7.887884468041076e-7
5824 7.887884468041076e-7
5825 7.887884468041076e-7
5826 7.887884468041076e-7
5827 7.887884468041076e-7
5828 7.887884468041076e-7
5829 7.887884468041076e-7
5830 7.886522614238485e-7
5831 7.886522614238485e-7
5832 7.878736034838794e-7
5833 7.877662573318548e-7
5834 7.877662573318548e-7
5835 7.877662573318548e-7
5836 7.877662573318548e-7
5837 7.877662573318548e-7
5838 7.877662573318548e-7
5839 7.877662573318548e-7
5840 7.877662573318548e-7
5841 7.877662573318548e-7
5842 7.877662573318548e-7
5843 7.877662573318548e-7
5844 7.877662573318548e-7
5845 7.877662573318548e-7
5846 7.877662573318548e-7
5847 7.884151381335865e-7
5848 7.885336988619446e-7
5849 7.899740565324165e-7
5850 7.911917111379256e-7
5851 7.90723875244151e-7
5852 7.907975752224474e-7
5853 7.909145340430956e-7
5854 7.916002660563392e-7
5855 7.916002660563392e-7
5856 7.916002660563392e-7
5857 7.917973343196692e-7
5858 7.923020195914101e-7
5859 7.922171044255983e-7
5860 7.922203088522002e-7
5861 7.938945829416047e-7
5862 7.942326423083238e-7
5863 7.945114219220457e-7
5864 7.94546669392302e-7
5865 7.941525340880057e-7
5866 7.945963370878576e-7
5867 7.958300126040121e-7
5868 7.958300126040121e-7
5869 7.958300126040121e-7
5870 7.950209129169166e-7
5871 7.94652412414253e-7
5872 7.948270496913702e-7
5873 7.95051354664043e-7
5874 7.952612394114165e-7
5875 7.952612394114165e-7
5876 7.952612394114165e-7
5877 7.952612394114165e-7
5878 7.952612394114165e-7
5879 7.954791355308856e-7
5880 7.954791355308856e-7
5881 7.954791355308856e-7
5882 7.954791355308856e-7
5883 7.954791355308856e-7
5884 7.965093351528702e-7
5885 7.965093351528702e-7
5886 7.965093351528702e-7
5887 7.973264449896974e-7
5888 7.987299514486574e-7
5889 7.99933187051231e-7
5890 8.006621772956447e-7
5891 8.006621772956447e-7
5892 8.006621772956447e-7
5893 8.006621772956447e-7
5894 8.006621772956447e-7
5895 8.006621772956447e-7
5896 8.01379951741361e-7
5897 8.016859680644257e-7
5898 8.010226670373947e-7
5899 8.030766574281601e-7
5900 8.035252661511419e-7
5901 8.032753263768365e-7
5902 8.034659863981447e-7
5903 8.039786824307993e-7
5904 8.039786824307993e-7
5905 8.029837315014348e-7
5906 8.029837315014348e-7
5907 8.029837315014348e-7
5908 8.029837315014348e-7
5909 8.029837315014348e-7
5910 8.028347290259502e-7
5911 8.028347290259502e-7
5912 8.028347290259502e-7
5913 8.028347290259502e-7
5914 8.028347290259502e-7
5915 8.028347290259502e-7
5916 8.028347290259502e-7
5917 8.028347290259502e-7
5918 8.028347290259502e-7
5919 8.028347290259502e-7
5920 8.028347290259502e-7
5921 8.028347290259502e-7
5922 8.028347290259502e-7
5923 8.028347290259502e-7
5924 8.028347290259502e-7
5925 8.028347290259502e-7
5926 8.028347290259502e-7
5927 8.028347290259502e-7
5928 8.028347290259502e-7
5929 8.028347290259502e-7
5930 8.028347290259502e-7
5931 8.028347290259502e-7
5932 8.028347290259502e-7
5933 8.028347290259502e-7
5934 8.028347290259502e-7
5935 8.028347290259502e-7
5936 8.028347290259502e-7
5937 8.028347290259502e-7
5938 8.028347290259502e-7
5939 8.028347290259502e-7
5940 8.028347290259502e-7
5941 8.028347290259502e-7
5942 8.028347290259502e-7
5943 8.036758717567001e-7
5944 8.036758717567001e-7
5945 8.036758717567001e-7
5946 8.049047409385428e-7
5947 8.048326434791383e-7
5948 8.048326434791383e-7
5949 8.048326434791383e-7
5950 8.048326434791383e-7
5951 8.048326434791383e-7
5952 8.048326434791383e-7
5953 8.048326434791383e-7
5954 8.048326434791383e-7
5955 8.048326434791383e-7
5956 8.06082341128302e-7
5957 8.07400933643814e-7
5958 8.083542282497185e-7
5959 8.083542282497185e-7
5960 8.083542282497185e-7
5961 8.083542282497185e-7
5962 8.083542282497185e-7
5963 8.083542282497185e-7
5964 8.083542282497185e-7
5965 8.083542282497185e-7
5966 8.083542282497185e-7
5967 8.083542282497185e-7
5968 8.083542282497185e-7
5969 8.083542282497185e-7
5970 8.083542282497185e-7
5971 8.083542282497185e-7
5972 8.083542282497185e-7
5973 8.083542282497185e-7
5974 8.091104558146567e-7
5975 8.091104558146567e-7
5976 8.091104558146567e-7
5977 8.096840353415641e-7
5978 8.096840353415641e-7
5979 8.096840353415641e-7
5980 8.096840353415641e-7
5981 8.096840353415641e-7
5982 8.096840353415641e-7
5983 8.096840353415641e-7
5984 8.096840353415641e-7
5985 8.096840353415641e-7
5986 8.096840353415641e-7
5987 8.096840353415641e-7
5988 8.096840353415641e-7
5989 8.096840353415641e-7
5990 8.096840353415641e-7
5991 8.096840353415641e-7
5992 8.096840353415641e-7
5993 8.096840353415641e-7
5994 8.096840353415641e-7
5995 8.096840353415641e-7
5996 8.096840353415641e-7
5997 8.096840353415641e-7
5998 8.096840353415641e-7
5999 8.096840353415641e-7
6000 8.098458555234559e-7
6001 8.097321011294096e-7
6002 8.099451896922031e-7
6003 8.100765693493324e-7
6004 8.09882706123786e-7
6005 8.09882706123786e-7
6006 8.09882706123786e-7
6007 8.09882706123786e-7
6008 8.09882706123786e-7
6009 8.09882706123786e-7
6010 8.09882706123786e-7
6011 8.09882706123786e-7
6012 8.09882706123786e-7
6013 8.09882706123786e-7
6014 8.09882706123786e-7
6015 8.09882706123786e-7
6016 8.09882706123786e-7
6017 8.09882706123786e-7
6018 8.09882706123786e-7
6019 8.09882706123786e-7
6020 8.09882706123786e-7
6021 8.09882706123786e-7
6022 8.09882706123786e-7
6023 8.09882706123786e-7
6024 8.09882706123786e-7
6025 8.09882706123786e-7
6026 8.09882706123786e-7
6027 8.09882706123786e-7
6028 8.09882706123786e-7
6029 8.09882706123786e-7
6030 8.09882706123786e-7
6031 8.09882706123786e-7
6032 8.09882706123786e-7
6033 8.09882706123786e-7
6034 8.09882706123786e-7
6035 8.09882706123786e-7
6036 8.09882706123786e-7
6037 8.09882706123786e-7
6038 8.09882706123786e-7
6039 8.09882706123786e-7
6040 8.09882706123786e-7
6041 8.105652337104279e-7
6042 8.105652337104279e-7
6043 8.109497575684645e-7
6044 8.109497575684645e-7
6045 8.109497575684645e-7
6046 8.111308030876035e-7
6047 8.111308030876035e-7
6048 8.111308030876035e-7
6049 8.111308030876035e-7
6050 8.120680761716808e-7
6051 8.120680761716808e-7
6052 8.126448607363719e-7
6053 8.123051976283972e-7
6054 8.122779609190545e-7
6055 8.122779609190545e-7
6056 8.122779609190545e-7
6057 8.122779609190545e-7
6058 8.124429849163663e-7
6059 8.124429849163663e-7
6060 8.129572834679127e-7
6061 8.129572834679127e-7
6062 8.129572834679127e-7
6063 8.129572834679127e-7
6064 8.129572834679127e-7
6065 8.1341069974757e-7
6066 8.1341069974757e-7
6067 8.139714615680699e-7
6068 8.140611842905573e-7
6069 8.165557726433908e-7
6070 8.170572540997117e-7
6071 8.170332218169708e-7
6072 8.168842193414862e-7
6073 8.171021148497734e-7
6074 8.171021148497734e-7
6075 8.171021148497734e-7
6076 8.171021148497734e-7
6077 8.171021148497734e-7
6078 8.171021148497734e-7
6079 8.171021148497734e-7
6080 8.171021148497734e-7
6081 8.171021148497734e-7
6082 8.158428039208044e-7
6083 8.158428039208044e-7
6084 8.158428039208044e-7
6085 8.158428039208044e-7
6086 8.158428039208044e-7
6087 8.158428039208044e-7
6088 8.158428039208044e-7
6089 8.164227923009154e-7
6090 8.164227923009154e-7
6091 8.164227923009154e-7
6092 8.164227923009154e-7
6093 8.164227923009154e-7
6094 8.168425617956626e-7
6095 8.168425617956626e-7
6096 8.168425617956626e-7
6097 8.168425617956626e-7
6098 8.168425617956626e-7
6099 8.168425617956626e-7
6100 8.168425617956626e-7
6101 8.170973085154617e-7
6102 8.170973085154617e-7
6103 8.170973085154617e-7
6104 8.170973085154617e-7
6105 8.177125449770109e-7
6106 8.1748984252323e-7
6107 8.173184084503509e-7
6108 8.172943767787919e-7
6109 8.172671388470854e-7
6110 8.174193463603536e-7
6111 8.174193463603536e-7
6112 8.174193463603536e-7
6113 8.174193463603536e-7
6114 8.174193463603536e-7
6115 8.174193463603536e-7
6116 8.174193463603536e-7
6117 8.176068007326963e-7
6118 8.176068007326963e-7
6119 8.179897196271135e-7
6120 8.179432575805236e-7
6121 8.196111222055426e-7
6122 8.191448888306598e-7
6123 8.195422291727399e-7
6124 8.195422291727399e-7
6125 8.195422291727399e-7
6126 8.20021279642848e-7
6127 8.202584023219281e-7
6128 8.20360941528459e-7
6129 8.203497263409435e-7
6130 8.203497263409435e-7
6131 8.210306514086936e-7
6132 8.212549557701845e-7
6133 8.212501500470546e-7
6134 8.217532334110855e-7
6135 8.2186218147082e-7
6136 8.218365460580055e-7
6137 8.2186698719395e-7
6138 8.219390852645364e-7
6139 8.216731245795855e-7
6140 8.218381485768973e-7
6141 8.218685891016599e-7
6142 8.217756637861164e-7
6143 8.215673803352709e-7
6144 8.215882088025919e-7
6145 8.215673803352709e-7
6146 8.22003173185391e-7
6147 8.225350957776565e-7
6148 8.227706165490265e-7
6149 8.228939836116965e-7
6150 8.23086244318351e-7
6151 8.232032049725448e-7
6152 8.231295049942484e-7
6153 8.239113679720012e-7
6154 8.243055020539338e-7
6155 8.255904483957175e-7
6156 8.265581626157393e-7
6157 8.264940759172484e-7
6158 8.270099769876866e-7
6159 8.268657814576958e-7
6160 8.267648441588748e-7
6161 8.267279941697266e-7
6162 8.270099769876866e-7
6163 8.279680785390848e-7
6164 8.286057453756648e-7
6165 8.286057453756648e-7
6166 8.286057453756648e-7
6167 8.286057453756648e-7
6168 8.292321970247294e-7
6169 8.294597045904583e-7
6170 8.294597045904583e-7
6171 8.294597045904583e-7
6172 8.294597045904583e-7
6173 8.294597045904583e-7
6174 8.294597045904583e-7
6175 8.294597045904583e-7
6176 8.294597045904583e-7
6177 8.294597045904583e-7
6178 8.294597045904583e-7
6179 8.294597045904583e-7
6180 8.294597045904583e-7
6181 8.310026002450973e-7
6182 8.321337377770847e-7
6183 8.324926249999428e-7
6184 8.320760593206155e-7
6185 8.322330725570137e-7
6186 8.324381515812574e-7
6187 8.332152063911527e-7
6188 8.332152063911527e-7
6189 8.332152063911527e-7
6190 8.332152063911527e-7
6191 8.327649951492791e-7
6192 8.327649951492791e-7
6193 8.327649951492791e-7
6194 8.327649951492791e-7
6195 8.327649951492791e-7
6196 8.327649951492791e-7
6197 8.327649951492791e-7
6198 8.327649951492791e-7
6199 8.327649951492791e-7
6200 8.327649951492791e-7
6201 8.327649951492791e-7
6202 8.327649951492791e-7
6203 8.327649951492791e-7
6204 8.327649951492791e-7
6205 8.327649951492791e-7
6206 8.327649951492791e-7
6207 8.327649951492791e-7
6208 8.327649951492791e-7
6209 8.337134834208719e-7
6210 8.360206180125446e-7
6211 8.367383924582609e-7
6212 8.367383924582609e-7
6213 8.367383924582609e-7
6214 8.367383924582609e-7
6215 8.367383924582609e-7
6216 8.367383924582609e-7
6217 8.367383924582609e-7
6218 8.367383924582609e-7
6219 8.367383924582609e-7
6220 8.367383924582609e-7
6221 8.367383924582609e-7
6222 8.367383924582609e-7
6223 8.367383924582609e-7
6224 8.371950125533382e-7
6225 8.371709796594154e-7
6226 8.371709796594154e-7
6227 8.371709796594154e-7
6228 8.371709796594154e-7
6229 8.371709796594154e-7
6230 8.371709796594154e-7
6231 8.371709796594154e-7
6232 8.371709796594154e-7
6233 8.371709796594154e-7
6234 8.371709796594154e-7
6235 8.371709796594154e-7
6236 8.371709796594154e-7
6237 8.371709796594154e-7
6238 8.371709796594154e-7
6239 8.371709796594154e-7
6240 8.381210704499e-7
6241 8.381210704499e-7
6242 8.381210704499e-7
6243 8.38220405841011e-7
6244 8.38220405841011e-7
6245 8.384639373732947e-7
6246 8.384190766232329e-7
6247 8.384591298166191e-7
6248 8.384591298166191e-7
6249 8.384591298166191e-7
6250 8.384591298166191e-7
6251 8.384591298166191e-7
6252 8.384591298166191e-7
6253 8.386818322704e-7
6254 8.386818322704e-7
6255 8.386818322704e-7
6256 8.386818322704e-7
6257 8.392746383569183e-7
6258 8.393451345197947e-7
6259 8.397697103488537e-7
6260 8.396992147971592e-7
6261 8.396992147971592e-7
6262 8.396992147971592e-7
6263 8.396992147971592e-7
6264 8.396992147971592e-7
6265 8.400709197264246e-7
6266 8.400709197264246e-7
6267 8.400709197264246e-7
6268 8.400709197264246e-7
6269 8.400709197264246e-7
6270 8.400709197264246e-7
6271 8.400709197264246e-7
6272 8.400709197264246e-7
6273 8.400709197264246e-7
6274 8.400709197264246e-7
6275 8.400709197264246e-7
6276 8.400709197264246e-7
6277 8.400709197264246e-7
6278 8.400709197264246e-7
6279 8.400709197264246e-7
6280 8.400709197264246e-7
6281 8.400709197264246e-7
6282 8.400709197264246e-7
6283 8.400709197264246e-7
6284 8.400709197264246e-7
6285 8.406380891777645e-7
6286 8.406380891777645e-7
6287 8.406380891777645e-7
6288 8.406380891777645e-7
6289 8.406380891777645e-7
6290 8.406380891777645e-7
6291 8.397248483764281e-7
6292 8.397248483764281e-7
6293 8.397248483764281e-7
6294 8.397248483764281e-7
6295 8.402167165529436e-7
6296 8.402167165529436e-7
6297 8.402167165529436e-7
6298 8.4057079744149e-7
6299 8.4057079744149e-7
6300 8.4057079744149e-7
6301 8.4057079744149e-7
6302 8.4057079744149e-7
6303 8.4057079744149e-7
6304 8.4057079744149e-7
6305 8.4057079744149e-7
6306 8.4057079744149e-7
6307 8.4057079744149e-7
6308 8.4057079744149e-7
6309 8.4057079744149e-7
6310 8.4057079744149e-7
6311 8.4057079744149e-7
6312 8.4057079744149e-7
6313 8.4057079744149e-7
6314 8.4057079744149e-7
6315 8.4057079744149e-7
6316 8.4057079744149e-7
6317 8.4057079744149e-7
6318 8.4057079744149e-7
6319 8.4057079744149e-7
6320 8.408543821671599e-7
6321 8.409280821454563e-7
6322 8.408287467543454e-7
6323 8.408688011700953e-7
6324 8.417163533652308e-7
6325 8.435380286335918e-7
6326 8.447685003343264e-7
6327 8.447685003343264e-7
6328 8.444368492096291e-7
6329 8.452523577499282e-7
6330 8.452523577499282e-7
6331 8.452523577499282e-7
6332 8.452523577499282e-7
6333 8.457442259264437e-7
6334 8.457442259264437e-7
6335 8.454205861738419e-7
6336 8.454205861738419e-7
6337 8.454205861738419e-7
6338 8.454205861738419e-7
6339 8.454205861738419e-7
6340 8.454205861738419e-7
6341 8.454205861738419e-7
6342 8.454205861738419e-7
6343 8.454205861738419e-7
6344 8.454205861738419e-7
6345 8.454205861738419e-7
6346 8.454205861738419e-7
6347 8.454205861738419e-7
6348 8.454205861738419e-7
6349 8.454205861738419e-7
6350 8.454205861738419e-7
6351 8.454205861738419e-7
6352 8.454205861738419e-7
6353 8.454205861738419e-7
6354 8.454205861738419e-7
6355 8.454205861738419e-7
6356 8.454205861738419e-7
6357 8.454205861738419e-7
6358 8.454205861738419e-7
6359 8.454205861738419e-7
6360 8.454205861738419e-7
6361 8.454205861738419e-7
6362 8.454205861738419e-7
6363 8.454205861738419e-7
6364 8.463322250674682e-7
6365 8.463482465892955e-7
6366 8.461960402983909e-7
6367 8.461960402983909e-7
6368 8.461960402983909e-7
6369 8.461960402983909e-7
6370 8.461960402983909e-7
6371 8.461960402983909e-7
6372 8.461960402983909e-7
6373 8.461960402983909e-7
6374 8.461960402983909e-7
6375 8.461960402983909e-7
6376 8.464219477899556e-7
6377 8.465421110372055e-7
6378 8.465180781432828e-7
6379 8.465180781432828e-7
6380 8.465180781432828e-7
6381 8.472470677765146e-7
6382 8.471012703388138e-7
6383 8.47197400692141e-7
6384 8.47197400692141e-7
6385 8.475931385153293e-7
6386 8.475130296838293e-7
6387 8.474793841212829e-7
6388 8.474793841212829e-7
6389 8.474793841212829e-7
6390 8.477741840344683e-7
6391 8.477741840344683e-7
6392 8.481619117079248e-7
6393 8.484919597025485e-7
6394 8.502591603298603e-7
6395 8.505507570388076e-7
6396 8.517219483753631e-7
6397 8.526928670219867e-7
6398 8.528979448238667e-7
6399 8.528979448238667e-7
6400 8.528979448238667e-7
6401 8.537086458074903e-7
6402 8.546731556009102e-7
6403 8.564323460784903e-7
6404 8.574849760755058e-7
6405 8.574849760755058e-7
6406 8.574849760755058e-7
6407 8.574849760755058e-7
6408 8.574849760755058e-7
6409 8.574849760755058e-7
6410 8.574849760755058e-7
6411 8.574849760755058e-7
6412 8.574849760755058e-7
6413 8.574849760755058e-7
6414 8.574849760755058e-7
6415 8.574849760755058e-7
6416 8.583133010998484e-7
6417 8.585295959227895e-7
6418 8.585295959227895e-7
6419 8.587843414202249e-7
6420 8.587843414202249e-7
6421 8.587843414202249e-7
6422 8.587843414202249e-7
6423 8.60062878908805e-7
6424 8.623395717533514e-7
6425 8.633505454269069e-7
6426 8.635203757585305e-7
6427 8.643855513832032e-7
6428 8.659348565022278e-7
6429 8.657826496001415e-7
6430 8.660774507356906e-7
6431 8.666157815699777e-7
6432 8.666157815699777e-7
6433 8.666157815699777e-7
6434 8.666157815699777e-7
6435 8.666157815699777e-7
6436 8.666157815699777e-7
6437 8.666157815699777e-7
6438 8.666157815699777e-7
6439 8.666157815699777e-7
6440 8.666157815699777e-7
6441 8.666157815699777e-7
6442 8.666157815699777e-7
6443 8.666157815699777e-7
6444 8.666157815699777e-7
6445 8.666157815699777e-7
6446 8.675706786947741e-7
6447 8.674024496596786e-7
6448 8.674024496596786e-7
6449 8.683301100751323e-7
6450 8.678045951137068e-7
6451 8.678045951137068e-7
6452 8.678045951137068e-7
6453 8.678045951137068e-7
6454 8.678045951137068e-7
6455 8.678045951137068e-7
6456 8.678045951137068e-7
6457 8.678045951137068e-7
6458 8.678045951137068e-7
6459 8.678045951137068e-7
6460 8.678045951137068e-7
6461 8.678045951137068e-7
6462 8.678045951137068e-7
6463 8.678045951137068e-7
6464 8.678045951137068e-7
6465 8.678045951137068e-7
6466 8.678045951137068e-7
6467 8.678045951137068e-7
6468 8.678045951137068e-7
6469 8.678045951137068e-7
6470 8.678045951137068e-7
6471 8.678045951137068e-7
6472 8.678045951137068e-7
6473 8.678045951137068e-7
6474 8.678045951137068e-7
6475 8.678045951137068e-7
6476 8.678045951137068e-7
6477 8.678045951137068e-7
6478 8.678045951137068e-7
6479 8.678045951137068e-7
6480 8.690254541458177e-7
6481 8.690254541458177e-7
6482 8.690254541458177e-7
6483 8.690254541458177e-7
6484 8.690254541458177e-7
6485 8.690254541458177e-7
6486 8.690254541458177e-7
6487 8.690254541458177e-7
6488 8.690254541458177e-7
6489 8.690254541458177e-7
6490 8.690254541458177e-7
6491 8.690254541458177e-7
6492 8.690254541458177e-7
6493 8.690254541458177e-7
6494 8.690254541458177e-7
6495 8.690254541458177e-7
6496 8.690254541458177e-7
6497 8.690254541458177e-7
6498 8.690254541458177e-7
6499 8.690254541458177e-7
6500 8.690254541458177e-7
6501 8.690254541458177e-7
6502 8.690254541458177e-7
6503 8.690254541458177e-7
6504 8.690254541458177e-7
6505 8.690254541458177e-7
6506 8.690254541458177e-7
6507 8.690254541458177e-7
6508 8.690254541458177e-7
6509 8.690254541458177e-7
6510 8.690254541458177e-7
6511 8.690254541458177e-7
6512 8.690254541458177e-7
6513 8.690254541458177e-7
6514 8.690254541458177e-7
6515 8.690254541458177e-7
6516 8.690254541458177e-7
6517 8.690254541458177e-7
6518 8.696551096103023e-7
6519 8.696551096103023e-7
6520 8.711563495526632e-7
6521 8.730981874570923e-7
6522 8.730981874570923e-7
6523 8.730981874570923e-7
6524 8.730981874570923e-7
6525 8.730981874570923e-7
6526 8.730981874570923e-7
6527 8.730981874570923e-7
6528 8.730981874570923e-7
6529 8.730981874570923e-7
6530 8.737807150437341e-7
6531 8.739040821064041e-7
6532 8.736092821932187e-7
6533 8.734666885709377e-7
6534 8.738111567908605e-7
6535 8.735756366306723e-7
6536 8.735115493209995e-7
6537 8.739697719349686e-7
6538 8.739697719349686e-7
6539 8.739697719349686e-7
6540 8.739697719349686e-7
6541 8.739697719349686e-7
6542 8.74285399704293e-7
6543 8.740114276472466e-7
6544 8.762961330862523e-7
6545 8.782844336484532e-7
6546 8.785519974634778e-7
6547 8.795068945882742e-7
6548 8.795068945882742e-7
6549 8.795068945882742e-7
6550 8.795068945882742e-7
6551 8.795068945882742e-7
6552 8.795068945882742e-7
6553 8.795068945882742e-7
6554 8.795068945882742e-7
6555 8.800324095496997e-7
6556 8.800324095496997e-7
6557 8.800324095496997e-7
6558 8.800324095496997e-7
6559 8.800324095496997e-7
6560 8.800324095496997e-7
6561 8.800324095496997e-7
6562 8.800324095496997e-7
6563 8.802182614031505e-7
6564 8.802182614031505e-7
6565 8.802182614031505e-7
6566 8.802182614031505e-7
6567 8.805242765038514e-7
6568 8.805242765038514e-7
6569 8.805242765038514e-7
6570 8.805242765038514e-7
6571 8.810449839086014e-7
6572 8.810449839086014e-7
6573 8.810449839086014e-7
6574 8.810449839086014e-7
6575 8.819470089112404e-7
6576 8.819470089112404e-7
6577 8.819470089112404e-7
6578 8.819470089112404e-7
6579 8.819470089112404e-7
6580 8.821072265742404e-7
6581 8.82096011386725e-7
6582 8.821504848054103e-7
6583 8.82216174633975e-7
6584 8.82216174633975e-7
6585 8.82216174633975e-7
6586 8.825862782667123e-7
6587 8.825862782667123e-7
6588 8.825862782667123e-7
6589 8.825862782667123e-7
6590 8.825862782667123e-7
6591 8.825862782667123e-7
6592 8.825862782667123e-7
6593 8.825862782667123e-7
6594 8.825862782667123e-7
6595 8.825862782667123e-7
6596 8.835828323261504e-7
6597 8.840586783696568e-7
6598 8.860806251055858e-7
6599 8.864715565944623e-7
6600 8.860742162523822e-7
6601 8.868464671726933e-7
6602 8.874312600535704e-7
6603 8.881410243495549e-7
6604 8.882756078221041e-7
6605 8.883685331376477e-7
6606 8.883685331376477e-7
6607 8.885367609503794e-7
6608 8.89264149287083e-7
6609 8.914014535471322e-7
6610 8.918692888297249e-7
6611 8.918692888297249e-7
6612 8.918692888297249e-7
6613 8.918692888297249e-7
6614 8.918692888297249e-7
6615 8.918692888297249e-7
6616 8.918692888297249e-7
6617 8.918692888297249e-7
6618 8.918692888297249e-7
6619 8.918692888297249e-7
6620 8.918692888297249e-7
6621 8.918692888297249e-7
6622 8.918692888297249e-7
6623 8.918692888297249e-7
6624 8.918692888297249e-7
6625 8.918692888297249e-7
6626 8.918692888297249e-7
6627 8.918692888297249e-7
6628 8.918692888297249e-7
6629 8.918692888297249e-7
6630 8.925886670166967e-7
6631 8.92785734057663e-7
6632 8.926799910357122e-7
6633 8.926799910357122e-7
6634 8.926799910357122e-7
6635 8.926799910357122e-7
6636 8.936861583749559e-7
6637 8.951825913718231e-7
6638 8.955430811135731e-7
6639 8.958571075863695e-7
6640 8.958202582084032e-7
6641 8.962127909938077e-7
6642 8.962127909938077e-7
6643 8.971036008089313e-7
6644 8.974336500259186e-7
6645 8.974336500259186e-7
6646 8.979159043114467e-7
6647 8.979062916428231e-7
6648 8.981450156184313e-7
6649 8.98930083022786e-7
6650 9.005659052153323e-7
6651 9.011955606798168e-7
6652 9.008494905521841e-7
6653 9.008494905521841e-7
6654 9.008494905521841e-7
6655 9.008494905521841e-7
6656 9.008494905521841e-7
6657 9.008494905521841e-7
6658 9.008494905521841e-7
6659 9.008494905521841e-7
6660 9.008494905521841e-7
6661 9.008494905521841e-7
6662 9.012724663070788e-7
6663 9.012724663070788e-7
6664 9.014759434236124e-7
6665 9.019549938937206e-7
6666 9.023299032495879e-7
6667 9.041515785179489e-7
6668 9.041195348631125e-7
6669 9.043967113467607e-7
6670 9.040778779284707e-7
6671 9.059155747186589e-7
6672 9.059155747186589e-7
6673 9.059155747186589e-7
6674 9.059155747186589e-7
6675 9.059155747186589e-7
6676 9.059155747186589e-7
6677 9.059155747186589e-7
6678 9.059155747186589e-7
6679 9.059155747186589e-7
6680 9.059155747186589e-7
6681 9.059155747186589e-7
6682 9.059155747186589e-7
6683 9.059155747186589e-7
6684 9.059155747186589e-7
6685 9.059155747186589e-7
6686 9.059155747186589e-7
6687 9.066445643518906e-7
6688 9.06493960579878e-7
6689 9.065308099578443e-7
6690 9.063529682541252e-7
6691 9.063529682541252e-7
6692 9.063529682541252e-7
6693 9.063529682541252e-7
6694 9.063529682541252e-7
6695 9.063529682541252e-7
6696 9.063529682541252e-7
6697 9.063529682541252e-7
6698 9.063529682541252e-7
6699 9.063529682541252e-7
6700 9.063529682541252e-7
6701 9.063529682541252e-7
6702 9.063529682541252e-7
6703 9.063529682541252e-7
6704 9.063529682541252e-7
6705 9.063529682541252e-7
6706 9.063529682541252e-7
6707 9.063529682541252e-7
6708 9.063529682541252e-7
6709 9.063529682541252e-7
6710 9.07158862903437e-7
6711 9.07158862903437e-7
6712 9.07158862903437e-7
6713 9.078974652052923e-7
6714 9.075161476074033e-7
6715 9.075161476074033e-7
6716 9.075161476074033e-7
6717 9.075161476074033e-7
6718 9.08459830767048e-7
6719 9.099610694870452e-7
6720 9.108695045652516e-7
6721 9.104144857667025e-7
6722 9.108422666335452e-7
6723 9.112540259785607e-7
6724 9.112540259785607e-7
6725 9.112540259785607e-7
6726 9.112540259785607e-7
6727 9.112540259785607e-7
6728 9.112540259785607e-7
6729 9.112540259785607e-7
6730 9.112540259785607e-7
6731 9.112540259785607e-7
6732 9.112540259785607e-7
6733 9.112540259785607e-7
6734 9.112540259785607e-7
6735 9.112540259785607e-7
6736 9.112540259785607e-7
6737 9.112540259785607e-7
6738 9.112540259785607e-7
6739 9.112540259785607e-7
6740 9.112540259785607e-7
6741 9.112540259785607e-7
6742 9.112540259785607e-7
6743 9.112540259785607e-7
6744 9.112540259785607e-7
6745 9.112540259785607e-7
6746 9.112540259785607e-7
6747 9.112540259785607e-7
6748 9.112540259785607e-7
6749 9.112540259785607e-7
6750 9.112540259785607e-7
6751 9.112540259785607e-7
6752 9.112540259785607e-7
6753 9.112540259785607e-7
6754 9.112540259785607e-7
6755 9.112540259785607e-7
6756 9.112540259785607e-7
6757 9.112540259785607e-7
6758 9.112540259785607e-7
6759 9.112540259785607e-7
6760 9.112540259785607e-7
6761 9.112540259785607e-7
6762 9.112540259785607e-7
6763 9.112540259785607e-7
6764 9.112540259785607e-7
6765 9.112540259785607e-7
6766 9.112540259785607e-7
6767 9.112540259785607e-7
6768 9.112540259785607e-7
6769 9.112540259785607e-7
6770 9.112540259785607e-7
6771 9.112540259785607e-7
6772 9.12188095247218e-7
6773 9.143157862274618e-7
6774 9.149005809418845e-7
6775 9.149005809418845e-7
6776 9.149005809418845e-7
6777 9.149005809418845e-7
6778 9.149005809418845e-7
6779 9.149005809418845e-7
6780 9.149005809418845e-7
6781 9.149005809418845e-7
6782 9.149005809418845e-7
6783 9.149005809418845e-7
6784 9.145384892924245e-7
6785 9.145384892924245e-7
6786 9.145384892924245e-7
6787 9.145384892924245e-7
6788 9.145384892924245e-7
6789 9.145384892924245e-7
6790 9.145384892924245e-7
6791 9.145384892924245e-7
6792 9.159003394279245e-7
6793 9.175794204628226e-7
6794 9.189749167720508e-7
6795 9.189749167720508e-7
6796 9.189749167720508e-7
6797 9.189749167720508e-7
6798 9.189749167720508e-7
6799 9.189749167720508e-7
6800 9.189749167720508e-7
6801 9.189749167720508e-7
6802 9.189749167720508e-7
6803 9.189749167720508e-7
6804 9.200051163940354e-7
6805 9.204024567361155e-7
6806 9.206652136056464e-7
6807 9.215127645784182e-7
6808 9.228105274042455e-7
6809 9.230556608442391e-7
6810 9.238952010560972e-7
6811 9.238952010560972e-7
6812 9.238952010560972e-7
6813 9.238952010560972e-7
6814 9.238952010560972e-7
6815 9.238952010560972e-7
6816 9.23358471518338e-7
6817 9.23358471518338e-7
6818 9.23358471518338e-7
6819 9.23358471518338e-7
6820 9.23358471518338e-7
6821 9.23358471518338e-7
6822 9.247876140012945e-7
6823 9.25341966357409e-7
6824 9.250647898737608e-7
6825 9.25176942971279e-7
6826 9.252890948464335e-7
6827 9.247235266916217e-7
6828 9.252874923275416e-7
6829 9.252586530993071e-7
6830 9.255486472893626e-7
6831 9.252634600448008e-7
6832 9.251497050395726e-7
6833 9.251897594553225e-7
6834 9.255037865393007e-7
6835 9.272341371774644e-7
6836 9.287081397993007e-7
6837 9.287081397993007e-7
6838 9.287081397993007e-7
6839 9.287081397993007e-7
6840 9.287081397993007e-7
6841 9.287081397993007e-7
6842 9.287081397993007e-7
6843 9.287081397993007e-7
6844 9.287081397993007e-7
6845 9.287081397993007e-7
6846 9.29182383935097e-7
6847 9.290349839785043e-7
6848 9.291215016632079e-7
6849 9.29424312337307e-7
6850 9.294066889077697e-7
6851 9.293313870217634e-7
6852 9.294114952420815e-7
6853 9.295220458207079e-7
6854 9.296630369240969e-7
6855 9.288683574623005e-7
6856 9.28959681481316e-7
6857 9.28959681481316e-7
6858 9.28959681481316e-7
6859 9.28959681481316e-7
6860 9.290878561006615e-7
6861 9.292336547607261e-7
6862 9.293233762608498e-7
6863 9.294851964427416e-7
6864 9.294467433235197e-7
6865 9.297832007825288e-7
6866 9.30682021358566e-7
6867 9.315487995021306e-7
6868 9.317731044748034e-7
6869 9.328417559936461e-7
6870 9.328417559936461e-7
6871 9.328417559936461e-7
6872 9.328417559936461e-7
6873 9.328417559936461e-7
6874 9.328417559936461e-7
6875 9.328417559936461e-7
6876 9.328417559936461e-7
6877 9.328417559936461e-7
6878 9.328417559936461e-7
6879 9.328417559936461e-7
6880 9.328417559936461e-7
6881 9.328417559936461e-7
6882 9.328417559936461e-7
6883 9.328417559936461e-7
6884 9.328417559936461e-7
6885 9.328417559936461e-7
6886 9.328417559936461e-7
6887 9.328417559936461e-7
6888 9.328417559936461e-7
6889 9.328417559936461e-7
6890 9.328417559936461e-7
6891 9.328417559936461e-7
6892 9.328417559936461e-7
6893 9.328417559936461e-7
6894 9.328417559936461e-7
6895 9.328417559936461e-7
6896 9.328417559936461e-7
6897 9.328417559936461e-7
6898 9.328417559936461e-7
6899 9.328417559936461e-7
6900 9.328417559936461e-7
6901 9.328417559936461e-7
6902 9.328417559936461e-7
6903 9.328417559936461e-7
6904 9.328417559936461e-7
6905 9.328417559936461e-7
6906 9.328417559936461e-7
6907 9.329859509124551e-7
6908 9.329859509124551e-7
6909 9.329859509124551e-7
6910 9.329859509124551e-7
6911 9.329859509124551e-7
6912 9.329859509124551e-7
6913 9.329859509124551e-7
6914 9.329859509124551e-7
6915 9.329859509124551e-7
6916 9.329859509124551e-7
6917 9.329859509124551e-7
6918 9.329859509124551e-7
6919 9.329859509124551e-7
6920 9.329859509124551e-7
6921 9.329859509124551e-7
6922 9.329859509124551e-7
6923 9.329859509124551e-7
6924 9.329859509124551e-7
6925 9.338110708990141e-7
6926 9.340690226565969e-7
6927 9.343926624091987e-7
6928 9.350014887951805e-7
6929 9.364690831749951e-7
6930 9.366773654034769e-7
6931 9.380840769002205e-7
6932 9.380840769002205e-7
6933 9.380840769002205e-7
6934 9.380840769002205e-7
6935 9.380840769002205e-7
6936 9.380840769002205e-7
6937 9.380840769002205e-7
6938 9.380840769002205e-7
6939 9.380840769002205e-7
6940 9.380840769002205e-7
6941 9.380840769002205e-7
6942 9.380840769002205e-7
6943 9.380840769002205e-7
6944 9.380840769002205e-7
6945 9.380840769002205e-7
6946 9.380840769002205e-7
6947 9.380840769002205e-7
6948 9.380840769002205e-7
6949 9.376851346504305e-7
6950 9.376851346504305e-7
6951 9.376851346504305e-7
6952 9.374319910607051e-7
6953 9.375265201175042e-7
6954 9.378052991200443e-7
6955 9.385743437802079e-7
6956 9.400851957800105e-7
6957 9.395628870787324e-7
6958 9.402886728965442e-7
6959 9.408462309016242e-7
6960 9.400980134864177e-7
6961 9.398528806576058e-7
6962 9.39630178203825e-7
6963 9.397503408398931e-7
6964 9.402966830462759e-7
6965 9.402966830462759e-7
6966 9.402966830462759e-7
6967 9.402966830462759e-7
6968 9.399057521685814e-7
6969 9.399057521685814e-7
6970 9.404793304731249e-7
6971 9.403719849322822e-7
6972 9.40839820214875e-7
6973 9.429819308092359e-7
6974 9.428922080867486e-7
6975 9.431565674751713e-7
6976 9.43063640937264e-7
6977 9.429899409589677e-7
6978 9.431389440456341e-7
6979 9.433776680212422e-7
6980 9.433776680212422e-7
6981 9.433776680212422e-7
6982 9.433776680212422e-7
6983 9.433776680212422e-7
6984 9.433776680212422e-7
6985 9.433776680212422e-7
6986 9.433776680212422e-7
6987 9.433776680212422e-7
6988 9.43698104569606e-7
6989 9.43698104569606e-7
6990 9.439079905393434e-7
6991 9.444415156505007e-7
6992 9.444415156505007e-7
6993 9.450166964739361e-7
6994 9.460805422696489e-7
6995 9.473350474754881e-7
6996 9.475176949023371e-7
6997 9.481970174511952e-7
6998 9.481970174511952e-7
6999 9.481970174511952e-7
7000 9.481970174511952e-7
7001 9.484485591332107e-7
7002 9.485639160461489e-7
7003 9.48541485671118e-7
7004 9.48541485671118e-7
7005 9.48541485671118e-7
7006 9.48541485671118e-7
7007 9.48541485671118e-7
7008 9.487754033124144e-7
7009 9.487754033124144e-7
7010 9.487754033124144e-7
7011 9.487754033124144e-7
7012 9.487754033124144e-7
7013 9.487754033124144e-7
7014 9.49161528466979e-7
7015 9.49161528466979e-7
7016 9.49161528466979e-7
7017 9.49161528466979e-7
7018 9.49161528466979e-7
7019 9.493377676518063e-7
7020 9.493377676518063e-7
7021 9.493377676518063e-7
7022 9.493377676518063e-7
7023 9.496774295374173e-7
7024 9.496165472655282e-7
7025 9.501436635234818e-7
7026 9.498408510158371e-7
7027 9.497959902657754e-7
7028 9.497142789153835e-7
7029 9.496469877902908e-7
7030 9.501164255917753e-7
7031 9.49922562366229e-7
7032 9.49922562366229e-7
7033 9.502766432547753e-7
7034 9.504224406924761e-7
7035 9.505874659121517e-7
7036 9.507380696841643e-7
7037 9.527968676316052e-7
7038 9.529266435474788e-7
7039 9.53642816696667e-7
7040 9.53642816696667e-7
7041 9.548364377970714e-7
7042 9.541859544764478e-7
7043 9.541571152482131e-7
7044 9.550094731664785e-7
7045 9.553363167345004e-7
7046 9.570378287556113e-7
7047 9.574335671899815e-7
7048 9.574335671899815e-7
7049 9.574335671899815e-7
7050 9.574335671899815e-7
7051 9.581096859234197e-7
7052 9.581096859234197e-7
7053 9.585134338963397e-7
7054 9.58468573146278e-7
7055 9.58468573146278e-7
7056 9.588082338095252e-7
7057 9.588082338095252e-7
7058 9.591815412576826e-7
7059 9.613060278113245e-7
7060 9.621663958793217e-7
7061 9.621663958793217e-7
7062 9.621663958793217e-7
7063 9.621663958793217e-7
7064 9.621663958793217e-7
7065 9.621663958793217e-7
7066 9.621663958793217e-7
7067 9.62494842577417e-7
7068 9.62619812158979e-7
7069 9.635939352322044e-7
7070 9.652906403078218e-7
7071 9.654572668240253e-7
7072 9.65787314818649e-7
7073 9.65787314818649e-7
7074 9.65787314818649e-7
7075 9.65787314818649e-7
7076 9.65787314818649e-7
7077 9.65787314818649e-7
7078 9.65787314818649e-7
7079 9.65787314818649e-7
7080 9.65787314818649e-7
7081 9.65787314818649e-7
7082 9.65787314818649e-7
7083 9.65787314818649e-7
7084 9.65787314818649e-7
7085 9.65787314818649e-7
7086 9.65787314818649e-7
7087 9.65787314818649e-7
7088 9.65787314818649e-7
7089 9.65787314818649e-7
7090 9.65787314818649e-7
7091 9.662679665852852e-7
7092 9.668319334435688e-7
7093 9.668527612997079e-7
7094 9.68389249323507e-7
7095 9.684821758614145e-7
7096 9.685670910272263e-7
7097 9.690413351630228e-7
7098 9.694274609287692e-7
7099 9.715936025835073e-7
7100 9.72461982634782e-7
7101 9.727023097404637e-7
7102 9.72617393352288e-7
7103 9.725949629772572e-7
7104 9.7257573764001e-7
7105 9.72322592827921e-7
7106 9.74519177452149e-7
7107 9.74402218020319e-7
7108 9.744262509142417e-7
7109 9.744486812892726e-7
7110 9.75262586699498e-7
7111 9.763712932452726e-7
7112 9.772300600167417e-7
7113 9.77741154752868e-7
7114 9.77741154752868e-7
7115 9.77741154752868e-7
7116 9.77741154752868e-7
7117 9.77741154752868e-7
7118 9.78007115437819e-7
7119 9.78047169853569e-7
7120 9.78047169853569e-7
7121 9.78047169853569e-7
7122 9.783820241825043e-7
7123 9.783820241825043e-7
7124 9.788162139025506e-7
7125 9.788162139025506e-7
7126 9.788162139025506e-7
7127 9.788162139025506e-7
7128 9.788162139025506e-7
7129 9.794795149295815e-7
7130 9.794795149295815e-7
7131 9.794795149295815e-7
7132 9.796813895272234e-7
7133 9.796813895272234e-7
7134 9.799874046279244e-7
7135 9.801460209943964e-7
7136 9.807388270809146e-7
7137 9.839928480364702e-7
7138 9.8427483085443e-7
7139 9.842540017759272e-7
7140 9.841674847024055e-7
7141 9.839095347783683e-7
7142 9.839095347783683e-7
7143 9.839095347783683e-7
7144 9.839095347783683e-7
7145 9.839095347783683e-7
7146 9.839095347783683e-7
7147 9.839095347783683e-7
7148 9.839095347783683e-7
7149 9.844398560741056e-7
7150 9.84715430650044e-7
7151 9.852874076580593e-7
7152 9.865098679866984e-7
7153 9.87375043611371e-7
7154 9.874647657226765e-7
7155 9.882225951953248e-7
7156 9.8959566051834e-7
7157 9.904576311052293e-7
7158 9.90361500751902e-7
7159 9.913356244363094e-7
7160 9.917009205123712e-7
7161 9.917009205123712e-7
7162 9.912122567624577e-7
7163 9.910408245231241e-7
7164 9.910408245231241e-7
7165 9.907348082000596e-7
7166 9.90667517074967e-7
7167 9.90667517074967e-7
7168 9.90667517074967e-7
7169 9.90185262178257e-7
7170 9.90185262178257e-7
7171 9.90185262178257e-7
7172 9.90185262178257e-7
7173 9.90185262178257e-7
7174 9.90185262178257e-7
7175 9.90185262178257e-7
7176 9.90185262178257e-7
7177 9.90185262178257e-7
7178 9.90185262178257e-7
7179 9.90185262178257e-7
7180 9.908934239553497e-7
7181 9.91146568156257e-7
7182 9.918691495474668e-7
7183 9.932790648596304e-7
7184 9.939824209135931e-7
7185 9.939888297667969e-7
7186 9.939375601635314e-7
7187 9.947722940410778e-7
7188 9.947722940410778e-7
7189 9.947722940410778e-7
7190 9.947722940410778e-7
7191 9.947722940410778e-7
7192 9.947722940410778e-7
7193 9.947722940410778e-7
7194 9.947722940410778e-7
7195 9.947722940410778e-7
7196 9.947722940410778e-7
7197 9.947722940410778e-7
7198 9.947722940410778e-7
7199 9.947722940410778e-7
7200 9.947722940410778e-7
7201 9.947722940410778e-7
7202 9.947722940410778e-7
7203 9.947722940410778e-7
7204 9.947722940410778e-7
7205 9.947722940410778e-7
7206 9.947722940410778e-7
7207 9.947722940410778e-7
7208 9.947722940410778e-7
7209 9.947722940410778e-7
7210 9.947722940410778e-7
7211 9.947722940410778e-7
7212 9.947722940410778e-7
7213 9.95225710320735e-7
7214 9.95225710320735e-7
7215 9.957448152065931e-7
7216 9.957448152065931e-7
7217 9.957448152065931e-7
7218 9.957448152065931e-7
7219 9.957448152065931e-7
7220 9.957448152065931e-7
7221 9.957448152065931e-7
7222 9.957448152065931e-7
7223 9.972396462957504e-7
7224 9.99130215208096e-7
7225 9.99674954895587e-7
7226 9.99674954895587e-7
7227 9.99674954895587e-7
7228 9.99674954895587e-7
7229 9.99674954895587e-7
7230 9.99674954895587e-7
7231 9.99674954895587e-7
7232 9.99674954895587e-7
7233 9.99674954895587e-7
7234 9.99674954895587e-7
7235 9.99674954895587e-7
7236 9.99674954895587e-7
7237 9.99674954895587e-7
7238 9.99674954895587e-7
7239 9.99674954895587e-7
7240 9.99674954895587e-7
7241 9.99674954895587e-7
7242 9.99674954895587e-7
7243 9.99674954895587e-7
7244 9.99674954895587e-7
7245 9.99674954895587e-7
7246 9.99674954895587e-7
7247 9.99674954895587e-7
7248 9.99674954895587e-7
7249 9.99674954895587e-7
7250 9.99674954895587e-7
7251 9.99674954895587e-7
7252 9.99674954895587e-7
7253 9.99674954895587e-7
7254 9.99674954895587e-7
7255 9.99674954895587e-7
7256 9.99674954895587e-7
7257 1.0003654926319604e-6
7258 1.0003654926319604e-6
7259 1.0003654926319604e-6
7260 1.0003654926319604e-6
7261 1.0003654926319604e-6
7262 1.0003654926319604e-6
7263 1.0003654926319604e-6
7264 1.0003654926319604e-6
7265 1.0003654926319604e-6
7266 1.0010207822868958e-6
7267 1.001438950485115e-6
7268 1.002938587908584e-6
7269 1.0036723850984912e-6
7270 1.0052649484486857e-6
7271 1.0052649484486857e-6
7272 1.0052649484486857e-6
7273 1.0052649484486857e-6
7274 1.0052649484486857e-6
7275 1.0052649484486857e-6
7276 1.0052649484486857e-6
7277 1.0052649484486857e-6
7278 1.0052649484486857e-6
7279 1.0052649484486857e-6
7280 1.0052649484486857e-6
7281 1.0059218406225129e-6
7282 1.0059218406225129e-6
7283 1.0059218406225129e-6
7284 1.0063496227117194e-6
7285 1.0087128332409695e-6
7286 1.0090989577843522e-6
7287 1.0093777361757104e-6
7288 1.0098968416727503e-6
7289 1.0098968416727503e-6
7290 1.0098968416727503e-6
7291 1.0098968416727503e-6
7292 1.0098968416727503e-6
7293 1.0098968416727503e-6
7294 1.0098968416727503e-6
7295 1.0098968416727503e-6
7296 1.0098968416727503e-6
7297 1.0098968416727503e-6
7298 1.0098968416727503e-6
7299 1.0098968416727503e-6
7300 1.0098968416727503e-6
7301 1.0098968416727503e-6
7302 1.0098968416727503e-6
7303 1.0098968416727503e-6
7304 1.0098968416727503e-6
7305 1.0098968416727503e-6
7306 1.0098968416727503e-6
7307 1.0098968416727503e-6
7308 1.0098968416727503e-6
7309 1.0098968416727503e-6
7310 1.0098968416727503e-6
7311 1.0098968416727503e-6
7312 1.0098968416727503e-6
7313 1.0098968416727503e-6
7314 1.0098968416727503e-6
7315 1.0098968416727503e-6
7316 1.0098968416727503e-6
7317 1.0098968416727503e-6
7318 1.0098968416727503e-6
7319 1.0098968416727503e-6
7320 1.0098968416727503e-6
7321 1.0098968416727503e-6
7322 1.0098968416727503e-6
7323 1.0102493212647687e-6
7324 1.0102493212647687e-6
7325 1.0106386490123896e-6
7326 1.0107668236317351e-6
7327 1.010587379409124e-6
7328 1.0106931236534388e-6
7329 1.0109270412947351e-6
7330 1.0109270412947351e-6
7331 1.0109270412947351e-6
7332 1.0109270412947351e-6
7333 1.0109270412947351e-6
7334 1.0109270412947351e-6
7335 1.0109270412947351e-6
7336 1.0109270412947351e-6
7337 1.0109270412947351e-6
7338 1.0109270412947351e-6
7339 1.0109270412947351e-6
7340 1.0109270412947351e-6
7341 1.0109270412947351e-6
7342 1.0109270412947351e-6
7343 1.0122376218269697e-6
7344 1.0122376218269697e-6
7345 1.0122376218269697e-6
7346 1.0125452394465625e-6
7347 1.0127455127476764e-6
7348 1.0137837225193927e-6
7349 1.0137837225193927e-6
7350 1.0139247136227817e-6
7351 1.0138654338697845e-6
7352 1.0141217818861117e-6
7353 1.0141217818861117e-6
7354 1.0141217818861117e-6
7355 1.0145511652718463e-6
7356 1.0145335412311271e-6
7357 1.0145335412311271e-6
7358 1.0152128637799852e-6
7359 1.0152128637799852e-6
7360 1.0159242305948616e-6
7361 1.015534901624877e-6
7362 1.015534901624877e-6
7363 1.015534901624877e-6
7364 1.015534901624877e-6
7365 1.015534901624877e-6
7366 1.015534901624877e-6
7367 1.015534901624877e-6
7368 1.015534901624877e-6
7369 1.015534901624877e-6
7370 1.016637199317448e-6
7371 1.0165298537766052e-6
7372 1.0165298537766052e-6
7373 1.0165715094888833e-6
7374 1.0165715094888833e-6
7375 1.016698081589337e-6
7376 1.0166564246546951e-6
7377 1.0166564246546951e-6
7378 1.0166564246546951e-6
7379 1.0166564246546951e-6
7380 1.0166564246546951e-6
7381 1.0166564246546951e-6
7382 1.0166564246546951e-6
7383 1.0166564246546951e-6
7384 1.0166564246546951e-6
7385 1.017356576282056e-6
7386 1.0189154934585223e-6
7387 1.0197966906050223e-6
7388 1.0205128637542106e-6
7389 1.0205128637542106e-6
7390 1.0205128637542106e-6
7391 1.0205128637542106e-6
7392 1.0205128637542106e-6
7393 1.0205128637542106e-6
7394 1.0205128637542106e-6
7395 1.0205128637542106e-6
7396 1.0205128637542106e-6
7397 1.0205128637542106e-6
7398 1.0205128637542106e-6
7399 1.0205128637542106e-6
7400 1.0205128637542106e-6
7401 1.020971085145816e-6
7402 1.0208204813738034e-6
7403 1.0216616241045533e-6
7404 1.0235137405088587e-6
7405 1.0234128032100379e-6
7406 1.0243004085985597e-6
7407 1.0235874404871553e-6
7408 1.0235874404871553e-6
7409 1.0235874404871553e-6
7410 1.0235874404871553e-6
7411 1.0235874404871553e-6
7412 1.0235874404871553e-6
7413 1.0235874404871553e-6
7414 1.0235874404871553e-6
7415 1.0220253176617233e-6
7416 1.0221406745746615e-6
7417 1.0222239878327634e-6
7418 1.023010657144828e-6
7419 1.0235265576040843e-6
7420 1.0236435164247325e-6
7421 1.0252793386172788e-6
7422 1.0252665215220535e-6
7423 1.0250598412012818e-6
7424 1.025798444725501e-6
7425 1.0256542485843283e-6
7426 1.0256542485843283e-6
7427 1.0256542485843283e-6
7428 1.0256542485843283e-6
7429 1.02658030648089e-6
7430 1.0283715400021246e-6
7431 1.0286871689938128e-6
7432 1.0291149504718374e-6
7433 1.0291149504718374e-6
7434 1.0291149504718374e-6
7435 1.0291149504718374e-6
7436 1.0291149504718374e-6
7437 1.0291149504718374e-6
7438 1.0291149504718374e-6
7439 1.0291149504718374e-6
7440 1.0291149504718374e-6
7441 1.0291149504718374e-6
7442 1.0295683655291309e-6
7443 1.02954273133868e-6
7444 1.02954273133868e-6
7445 1.0300378033306153e-6
7446 1.0300378033306153e-6
7447 1.0300378033306153e-6
7448 1.030425529781708e-6
7449 1.030425529781708e-6
7450 1.030425529781708e-6
7451 1.030425529781708e-6
7452 1.0309927004554117e-6
7453 1.0309238068114272e-6
7454 1.0309238068114272e-6
7455 1.0309238068114272e-6
7456 1.0313948471318037e-6
7457 1.0319379855227664e-6
7458 1.0316399799606153e-6
7459 1.0317569387812635e-6
7460 1.0314316977321336e-6
7461 1.0314316977321336e-6
7462 1.0317841761017882e-6
7463 1.0317841761017882e-6
7464 1.0317841761017882e-6
7465 1.0317841761017882e-6
7466 1.0317841761017882e-6
7467 1.0320229000773962e-6
7468 1.032948957973958e-6
7469 1.034648867476177e-6
7470 1.0348988066393006e-6
7471 1.0349821198974025e-6
7472 1.0348988066393006e-6
7473 1.0355220532505815e-6
7474 1.038218516201057e-6
7475 1.0397822409341987e-6
7476 1.0397822409341987e-6
7477 1.0397822409341987e-6
7478 1.0397822409341987e-6
7479 1.0397822409341987e-6
7480 1.0397822409341987e-6
7481 1.0397822409341987e-6
7482 1.0397822409341987e-6
7483 1.0397822409341987e-6
7484 1.0397822409341987e-6
7485 1.0397822409341987e-6
7486 1.0397822409341987e-6
7487 1.0397822409341987e-6
7488 1.0397822409341987e-6
7489 1.0397822409341987e-6
7490 1.0397822409341987e-6
7491 1.0397822409341987e-6
7492 1.0397822409341987e-6
7493 1.0397822409341987e-6
7494 1.0397822409341987e-6
7495 1.0397822409341987e-6
7496 1.0397822409341987e-6
7497 1.0397822409341987e-6
7498 1.0397822409341987e-6
7499 1.0397822409341987e-6
7500 1.0397822409341987e-6
7501 1.0397822409341987e-6
7502 1.0397822409341987e-6
7503 1.0397822409341987e-6
7504 1.0397822409341987e-6
7505 1.0397822409341987e-6
7506 1.0397822409341987e-6
7507 1.0397822409341987e-6
7508 1.0397822409341987e-6
7509 1.0397822409341987e-6
7510 1.0397822409341987e-6
7511 1.0397822409341987e-6
7512 1.0397822409341987e-6
7513 1.0397822409341987e-6
7514 1.0397822409341987e-6
7515 1.0397822409341987e-6
7516 1.0397822409341987e-6
7517 1.0397822409341987e-6
7518 1.0397822409341987e-6
7519 1.0397822409341987e-6
7520 1.0397822409341987e-6
7521 1.0397822409341987e-6
7522 1.0397822409341987e-6
7523 1.0397822409341987e-6
7524 1.0397822409341987e-6
7525 1.0397822409341987e-6
7526 1.0397822409341987e-6
7527 1.0397822409341987e-6
7528 1.0397822409341987e-6
7529 1.0397822409341987e-6
7530 1.0397822409341987e-6
7531 1.0397822409341987e-6
7532 1.0397822409341987e-6
7533 1.0397822409341987e-6
7534 1.0397822409341987e-6
7535 1.0397822409341987e-6
7536 1.0397822409341987e-6
7537 1.0397822409341987e-6
7538 1.0397822409341987e-6
7539 1.0397822409341987e-6
7540 1.0397822409341987e-6
7541 1.0397822409341987e-6
7542 1.0397822409341987e-6
7543 1.0397822409341987e-6
7544 1.0397822409341987e-6
7545 1.0397822409341987e-6
7546 1.0397822409341987e-6
7547 1.0397822409341987e-6
7548 1.0397822409341987e-6
7549 1.0397822409341987e-6
7550 1.0397822409341987e-6
7551 1.0397822409341987e-6
7552 1.0397822409341987e-6
7553 1.0397822409341987e-6
7554 1.0397822409341987e-6
7555 1.0397822409341987e-6
7556 1.0397822409341987e-6
7557 1.0397822409341987e-6
7558 1.0397822409341987e-6
7559 1.0397822409341987e-6
7560 1.0397822409341987e-6
7561 1.0397822409341987e-6
7562 1.0397822409341987e-6
7563 1.0397822409341987e-6
7564 1.0397822409341987e-6
7565 1.0397822409341987e-6
7566 1.0397822409341987e-6
7567 1.0397822409341987e-6
7568 1.0397822409341987e-6
7569 1.0397822409341987e-6
7570 1.0397822409341987e-6
7571 1.0397822409341987e-6
7572 1.0397822409341987e-6
7573 1.0397822409341987e-6
7574 1.0397822409341987e-6
7575 1.0397822409341987e-6
7576 1.0397822409341987e-6
7577 1.0397822409341987e-6
7578 1.0397822409341987e-6
7579 1.0397822409341987e-6
7580 1.0397822409341987e-6
7581 1.0397822409341987e-6
7582 1.0397822409341987e-6
7583 1.0397822409341987e-6
7584 1.0397822409341987e-6
7585 1.0397822409341987e-6
7586 1.0397822409341987e-6
7587 1.0397822409341987e-6
7588 1.0397822409341987e-6
7589 1.0397822409341987e-6
7590 1.0397822409341987e-6
7591 1.0397822409341987e-6
7592 1.0397822409341987e-6
7593 1.0397822409341987e-6
7594 1.0397822409341987e-6
7595 1.0397822409341987e-6
7596 1.0400289762819024e-6
7597 1.0402693027764023e-6
7598 1.0408188506317507e-6
7599 1.040809237963127e-6
7600 1.0408060329253434e-6
7601 1.0408060329253434e-6
7602 1.0408060329253434e-6
7603 1.0408060329253434e-6
7604 1.0408060329253434e-6
7605 1.0416103262781272e-6
7606 1.0416103262781272e-6
7607 1.0416103262781272e-6
7608 1.0416103262781272e-6
7609 1.0416103262781272e-6
7610 1.0416103262781272e-6
7611 1.0416103262781272e-6
7612 1.0416103262781272e-6
7613 1.0416103262781272e-6
7614 1.0416103262781272e-6
7615 1.0416103262781272e-6
7616 1.0416103262781272e-6
7617 1.0416103262781272e-6
7618 1.0416103262781272e-6
7619 1.0416103262781272e-6
7620 1.0416103262781272e-6
7621 1.0416103262781272e-6
7622 1.0416103262781272e-6
7623 1.0416103262781272e-6
7624 1.0416103262781272e-6
7625 1.0416103262781272e-6
7626 1.0416103262781272e-6
7627 1.0416103262781272e-6
7628 1.0416103262781272e-6
7629 1.0416103262781272e-6
7630 1.0416103262781272e-6
7631 1.0430346612044082e-6
7632 1.0430346612044082e-6
7633 1.0430346612044082e-6
7634 1.0430346612044082e-6
7635 1.0432846003675317e-6
7636 1.0433198484489698e-6
7637 1.0433198484489698e-6
7638 1.0433198484489698e-6
7639 1.0433198484489698e-6
7640 1.0433198484489698e-6
7641 1.0433198484489698e-6
7642 1.0433198484489698e-6
7643 1.0441882291114264e-6
7644 1.0439639241387536e-6
7645 1.04407447471738e-6
7646 1.04447501887488e-6
7647 1.044651258059707e-6
7648 1.044455792315269e-6
7649 1.044455792315269e-6
7650 1.044455792315269e-6
7651 1.044455792315269e-6
7652 1.0447201517036918e-6
7653 1.0451639553147254e-6
7654 1.045574112140849e-6
7655 1.0458913424290653e-6
7656 1.0467420990508027e-6
7657 1.0469920388251081e-6
7658 1.0485621718002718e-6
7659 1.0495314885391853e-6
7660 1.0495314885391853e-6
7661 1.0495314885391853e-6
7662 1.0495314885391853e-6
7663 1.0498967846152471e-6
7664 1.0498967846152471e-6
7665 1.0498967846152471e-6
7666 1.0498967846152471e-6
7667 1.0498967846152471e-6
7668 1.0498967846152471e-6
7669 1.0498967846152471e-6
7670 1.0498967846152471e-6
7671 1.0498967846152471e-6
7672 1.0498967846152471e-6
7673 1.0498967846152471e-6
7674 1.0498967846152471e-6
7675 1.0498967846152471e-6
7676 1.0498967846152471e-6
7677 1.0498967846152471e-6
7678 1.0502492629849016e-6
7679 1.050095455397469e-6
7680 1.0502604793947807e-6
7681 1.0502797047320279e-6
7682 1.0502797047320279e-6
7683 1.0506882602616234e-6
7684 1.0506273767673707e-6
7685 1.0506546146990771e-6
7686 1.0506546146990771e-6
7687 1.0506546146990771e-6
7688 1.0519443661528088e-6
7689 1.0519491730983024e-6
7690 1.0519251408155616e-6
7691 1.0524939133969753e-6
7692 1.0535497478205925e-6
7693 1.055103858662747e-6
7694 1.0562990816708614e-6
7695 1.0576993843144014e-6
7696 1.0584427941729323e-6
7697 1.058828918105133e-6
7698 1.058828918105133e-6
7699 1.058828918105133e-6
7700 1.058828918105133e-6
7701 1.0598126538469822e-6
7702 1.0594105077817723e-6
7703 1.0592294622626333e-6
7704 1.0591910091434114e-6
7705 1.0591910091434114e-6
7706 1.0591910091434114e-6
7707 1.0591910091434114e-6
7708 1.0591910091434114e-6
7709 1.0591910091434114e-6
7710 1.0591910091434114e-6
7711 1.0591910091434114e-6
7712 1.0591910091434114e-6
7713 1.0601763480153343e-6
7714 1.0643708458703869e-6
7715 1.0639334511125567e-6
7716 1.0637620182620412e-6
7717 1.0637620182620412e-6
7718 1.0641753801259485e-6
7719 1.0641753801259485e-6
7720 1.0641753801259485e-6
7721 1.0641753801259485e-6
7722 1.0641753801259485e-6
7723 1.0641753801259485e-6
7724 1.0641753801259485e-6
7725 1.0641753801259485e-6
7726 1.0641753801259485e-6
7727 1.0635953917458375e-6
7728 1.063481637351791e-6
7729 1.0633230222076829e-6
7730 1.0637508030745256e-6
7731 1.0637508030745256e-6
7732 1.0637508030745256e-6
7733 1.0644381369954793e-6
7734 1.0648723267155255e-6
7735 1.0649524349358437e-6
7736 1.0661781009134484e-6
7737 1.0664008033672294e-6
7738 1.0666635602367602e-6
7739 1.066645936196041e-6
7740 1.0663703616201027e-6
7741 1.0676488997198645e-6
7742 1.06842595452976e-6
7743 1.068482031689701e-6
7744 1.0687495948935437e-6
7745 1.0685012570269482e-6
7746 1.0680526483039664e-6
7747 1.0683682766844728e-6
7748 1.0683682766844728e-6
7749 1.067983754659982e-6
7750 1.0682561248093183e-6
7751 1.0681936400185373e-6
7752 1.068099110961738e-6
7753 1.068099110961738e-6
7754 1.069158149811957e-6
7755 1.0701098431213334e-6
7756 1.071939529150608e-6
7757 1.071939529150608e-6
7758 1.071939529150608e-6
7759 1.071939529150608e-6
7760 1.071939529150608e-6
7761 1.071939529150608e-6
7762 1.0726989617533298e-6
7763 1.0726989617533298e-6
7764 1.0726989617533298e-6
7765 1.0726989617533298e-6
7766 1.0726989617533298e-6
7767 1.0726989617533298e-6
7768 1.0726989617533298e-6
7769 1.0726989617533298e-6
7770 1.0726989617533298e-6
7771 1.0726989617533298e-6
7772 1.0726989617533298e-6
7773 1.0726989617533298e-6
7774 1.0726989617533298e-6
7775 1.0726989617533298e-6
7776 1.0726989617533298e-6
7777 1.0722888043160243e-6
7778 1.0722888043160243e-6
7779 1.0722888043160243e-6
7780 1.0722888043160243e-6
7781 1.0722888043160243e-6
7782 1.0722888043160243e-6
7783 1.0722888043160243e-6
7784 1.0722888043160243e-6
7785 1.0722888043160243e-6
7786 1.0722888043160243e-6
7787 1.0722888043160243e-6
7788 1.0722888043160243e-6
7789 1.0722888043160243e-6
7790 1.0722888043160243e-6
7791 1.0722888043160243e-6
7792 1.0722888043160243e-6
7793 1.0722888043160243e-6
7794 1.0722888043160243e-6
7795 1.0722888043160243e-6
7796 1.0722888043160243e-6
7797 1.0722888043160243e-6
7798 1.0722888043160243e-6
7799 1.0722888043160243e-6
7800 1.0722888043160243e-6
7801 1.0722888043160243e-6
7802 1.0722888043160243e-6
7803 1.0722888043160243e-6
7804 1.0722888043160243e-6
7805 1.0722888043160243e-6
7806 1.0722888043160243e-6
7807 1.0722888043160243e-6
7808 1.0722888043160243e-6
7809 1.0722888043160243e-6
7810 1.0722888043160243e-6
7811 1.0722888043160243e-6
7812 1.0722888043160243e-6
7813 1.0722888043160243e-6
7814 1.0722888043160243e-6
7815 1.0722888043160243e-6
7816 1.0722888043160243e-6
7817 1.0730402255466508e-6
7818 1.073370274763638e-6
7819 1.0733254140135763e-6
7820 1.0753585759370208e-6
7821 1.0760811573282307e-6
7822 1.0766995976051999e-6
7823 1.0766995976051999e-6
7824 1.0766995976051999e-6
7825 1.0766995976051999e-6
7826 1.0766995976051999e-6
7827 1.0766995976051999e-6
7828 1.0766995976051999e-6
7829 1.077135389844138e-6
7830 1.0772571556102798e-6
7831 1.0772571556102798e-6
7832 1.0772571556102798e-6
7833 1.0772571556102798e-6
7834 1.0772571556102798e-6
7835 1.0772571556102798e-6
7836 1.0772571556102798e-6
7837 1.0772571556102798e-6
7838 1.0772571556102798e-6
7839 1.0776609035831998e-6
7840 1.0780902857465705e-6
7841 1.0780902857465705e-6
7842 1.0780902857465705e-6
7843 1.0785645298823668e-6
7844 1.0792150132029905e-6
7845 1.0796267725480059e-6
7846 1.081624687612376e-6
7847 1.081624687612376e-6
7848 1.081624687612376e-6
7849 1.081624687612376e-6
7850 1.081624687612376e-6
7851 1.081624687612376e-6
7852 1.081624687612376e-6
7853 1.0820268342887678e-6
7854 1.0828183093239624e-6
7855 1.0849379889321106e-6
7856 1.085171906573407e-6
7857 1.085171906573407e-6
7858 1.085171906573407e-6
7859 1.085171906573407e-6
7860 1.0864824883280054e-6
7861 1.08643442254016e-6
7862 1.0866843617032834e-6
7863 1.0868397730319716e-6
7864 1.0865962427220516e-6
7865 1.086612264243879e-6
7866 1.086633092100018e-6
7867 1.0866779528500797e-6
7868 1.0866747490346598e-6
7869 1.0866138655404071e-6
7870 1.0873284367818853e-6
7871 1.0874486006403172e-6
7872 1.0893615993165117e-6
7873 1.0902155591424872e-6
7874 1.0902155591424872e-6
7875 1.0902155591424872e-6
7876 1.0915998384306543e-6
7877 1.0914332131368144e-6
7878 1.0916575181094872e-6
7879 1.0916575181094872e-6
7880 1.0916575181094872e-6
7881 1.0916575181094872e-6
7882 1.0916575181094872e-6
7883 1.0916575181094872e-6
7884 1.0916575181094872e-6
7885 1.0916575181094872e-6
7886 1.0916575181094872e-6
7887 1.092360873552268e-6
7888 1.092360873552268e-6
7889 1.092360873552268e-6
7890 1.092360873552268e-6
7891 1.092360873552268e-6
7892 1.0930321847290307e-6
7893 1.0925355102182035e-6
7894 1.0927213620716542e-6
7895 1.0930337872479225e-6
7896 1.0927918582345308e-6
7897 1.093105885318509e-6
7898 1.0927566113754562e-6
7899 1.0927566113754562e-6
7900 1.0927566113754562e-6
7901 1.0932741137424225e-6
7902 1.0936890781252215e-6
7903 1.0936890781252215e-6
7904 1.0936890781252215e-6
7905 1.0942065804921877e-6
7906 1.0942065804921877e-6
7907 1.0945718765682495e-6
7908 1.0944581221742031e-6
7909 1.0945734790871414e-6
7910 1.0945734790871414e-6
7911 1.0946856321846596e-6
7912 1.0946856321846596e-6
7913 1.0951262319802734e-6
7914 1.0947849675757705e-6
7915 1.0947849675757705e-6
7916 1.0947849675757705e-6
7917 1.0947849675757705e-6
7918 1.0947849675757705e-6
7919 1.0947849675757705e-6
7920 1.0947849675757705e-6
7921 1.0958712431353323e-6
7922 1.0958712431353323e-6
7923 1.0958712431353323e-6
7924 1.0958712431353323e-6
7925 1.0958712431353323e-6
7926 1.096081127882706e-6
7927 1.0965970289531442e-6
7928 1.096359907496428e-6
7929 1.096143612673487e-6
7930 1.0963486923089125e-6
7931 1.0963486923089125e-6
7932 1.0969879604420207e-6
7933 1.0970328211920825e-6
7934 1.097060059123789e-6
7935 1.096616256735119e-6
7936 1.0968645933793507e-6
7937 1.0968645933793507e-6
7938 1.0968645933793507e-6
7939 1.0968645933793507e-6
7940 1.0968645933793507e-6
7941 1.0968645933793507e-6
7942 1.0968645933793507e-6
7943 1.0968645933793507e-6
7944 1.0969431009143226e-6
7945 1.0969431009143226e-6
7946 1.0969431009143226e-6
7947 1.0972074603027455e-6
7948 1.0972074603027455e-6
7949 1.0972074603027455e-6
7950 1.0973532577404464e-6
7951 1.0973532577404464e-6
7952 1.0973532577404464e-6
7953 1.0976929196260572e-6
7954 1.0980437954768199e-6
7955 1.097225082509919e-6
7956 1.097225082509919e-6
7957 1.097225082509919e-6
7958 1.097225082509919e-6
7959 1.097225082509919e-6
7960 1.097225082509919e-6
7961 1.097225082509919e-6
7962 1.097225082509919e-6
7963 1.097225082509919e-6
7964 1.097225082509919e-6
7965 1.097225082509919e-6
7966 1.0974493874825917e-6
7967 1.0974798280073543e-6
7968 1.0974798280073543e-6
7969 1.0974798280073543e-6
7970 1.0974798280073543e-6
7971 1.0974798280073543e-6
7972 1.0969719383090117e-6
7973 1.0969719383090117e-6
7974 1.0969719383090117e-6
7975 1.0969719383090117e-6
7976 1.0969719383090117e-6
7977 1.0969719383090117e-6
7978 1.0969719383090117e-6
7979 1.0969719383090117e-6
7980 1.0969719383090117e-6
7981 1.0972699432599809e-6
7982 1.0972699432599809e-6
7983 1.0972699432599809e-6
7984 1.0972699432599809e-6
7985 1.0972699432599809e-6
7986 1.0972699432599809e-6
7987 1.0972699432599809e-6
7988 1.0972699432599809e-6
7989 1.0972699432599809e-6
7990 1.0972699432599809e-6
7991 1.0972699432599809e-6
7992 1.0972699432599809e-6
7993 1.0973740849854037e-6
7994 1.0973820951351355e-6
7995 1.0973820951351355e-6
7996 1.0973820951351355e-6
7997 1.097572754545262e-6
7998 1.0974798280073545e-6
7999 1.0978499304177282e-6
8000 1.0978499304177282e-6
8001 1.0983818542323574e-6
8002 1.0982408619066046e-6
8003 1.0981255049936663e-6
8004 1.0981255049936663e-6
8005 1.098473177029009e-6
8006 1.0982408619066044e-6
8007 1.0987263212299161e-6
8008 1.0989233888820642e-6
8009 1.1004118111180178e-6
8010 1.100684181267354e-6
8011 1.100664954707743e-6
8012 1.1006184920499714e-6
8013 1.1006873850827742e-6
8014 1.1005399851261814e-6
8015 1.1014275911258852e-6
8016 1.1022815515630424e-6
8017 1.1022815515630424e-6
8018 1.1030073373808543e-6
8019 1.1030073373808543e-6
8020 1.1030073373808543e-6
8021 1.1030073373808543e-6
8022 1.1030073373808543e-6
8023 1.1030073373808543e-6
8024 1.1030073373808543e-6
8025 1.1030073373808543e-6
8026 1.1030073373808543e-6
8027 1.1030073373808543e-6
8028 1.1030073373808543e-6
8029 1.1030073373808543e-6
8030 1.1032396537256225e-6
8031 1.1039189756632986e-6
8032 1.105972966054064e-6
8033 1.1076872951704003e-6
8034 1.1077257482896222e-6
8035 1.1076184027487795e-6
8036 1.1075431002515913e-6
8037 1.107773813466286e-6
8038 1.1076712736485732e-6
8039 1.1077289521050422e-6
8040 1.109874267126005e-6
8041 1.110676957348715e-6
8042 1.1097829424958077e-6
8043 1.1101033784329896e-6
8044 1.1101033784329896e-6
8045 1.1095666488952305e-6
8046 1.109571455840724e-6
8047 1.1095378102781778e-6
8048 1.1095378102781778e-6
8049 1.1095378102781778e-6
8050 1.1095378102781778e-6
8051 1.1095378102781778e-6
8052 1.1095378102781778e-6
8053 1.1095378102781778e-6
8054 1.1095378102781778e-6
8055 1.109153287642505e-6
8056 1.109153287642505e-6
8057 1.109153287642505e-6
8058 1.109153287642505e-6
8059 1.109153287642505e-6
8060 1.109153287642505e-6
8061 1.109153287642505e-6
8062 1.1098213962262114e-6
8063 1.1098213962262114e-6
8064 1.1098213962262114e-6
8065 1.1106048605004923e-6
8066 1.1108179502856497e-6
8067 1.1125499028315233e-6
8068 1.113174751961696e-6
8069 1.113575296119196e-6
8070 1.113575296119196e-6
8071 1.114294673083804e-6
8072 1.114294673083804e-6
8073 1.114294673083804e-6
8074 1.114294673083804e-6
8075 1.114294673083804e-6
8076 1.114294673083804e-6
8077 1.114294673083804e-6
8078 1.114294673083804e-6
8079 1.114294673083804e-6
8080 1.114294673083804e-6
8081 1.1149083070264614e-6
8082 1.1149083070264614e-6
8083 1.1149083070264614e-6
8084 1.1149083070264614e-6
8085 1.1149083070264614e-6
8086 1.1152447638742886e-6
8087 1.1154850903687885e-6
8088 1.115353711934023e-6
8089 1.1178418932671986e-6
8090 1.1198798633585005e-6
8091 1.1207049833450595e-6
8092 1.1225426801352477e-6
8093 1.1231098508089514e-6
8094 1.1231098508089514e-6
8095 1.1231098508089514e-6
8096 1.1231098508089514e-6
8097 1.1231098508089514e-6
8098 1.1231098508089514e-6
8099 1.1231098508089514e-6
8100 1.1231098508089514e-6
8101 1.1231098508089514e-6
8102 1.1231098508089514e-6
8103 1.1231098508089514e-6
8104 1.1231098508089514e-6
8105 1.1231098508089514e-6
8106 1.1231098508089514e-6
8107 1.1231098508089514e-6
8108 1.1231098508089514e-6
8109 1.123576084795016e-6
8110 1.123576084795016e-6
8111 1.1237042594143616e-6
8112 1.1237042594143616e-6
8113 1.1237042594143616e-6
8114 1.1237042594143616e-6
8115 1.1237042594143616e-6
8116 1.1237042594143616e-6
8117 1.1237042594143616e-6
8118 1.1237042594143616e-6
8119 1.1237042594143616e-6
8120 1.1237042594143616e-6
8121 1.1237042594143616e-6
8122 1.1237042594143616e-6
8123 1.1237042594143616e-6
8124 1.1237042594143616e-6
8125 1.1237042594143616e-6
8126 1.1237042594143616e-6
8127 1.1237042594143616e-6
8128 1.1237042594143616e-6
8129 1.1237042594143616e-6
8130 1.1237042594143616e-6
8131 1.1244909287264262e-6
8132 1.124556617332627e-6
8133 1.124556617332627e-6
8134 1.124878653955155e-6
8135 1.124878653955155e-6
8136 1.1255115132350595e-6
8137 1.1253000271911578e-6
8138 1.1253000271911578e-6
8139 1.1253000271911578e-6
8140 1.1253000271911578e-6
8141 1.1238997245476178e-6
8142 1.1239013270665097e-6
8143 1.1239013270665097e-6
8144 1.125075722829667e-6
8145 1.1248866647160687e-6
8146 1.1243980003549732e-6
8147 1.1253288651970288e-6
8148 1.1273956732942015e-6
8149 1.1276568282560224e-6
8150 1.1275783219434143e-6
8151 1.1281935571825996e-6
8152 1.1281935571825996e-6
8153 1.1281935571825996e-6
8154 1.1281935571825996e-6
8155 1.128286483720507e-6
8156 1.128286483720507e-6
8157 1.128286483720507e-6
8158 1.128286483720507e-6
8159 1.128286483720507e-6
8160 1.128286483720507e-6
8161 1.128513991286236e-6
8162 1.128513991286236e-6
8163 1.128513991286236e-6
8164 1.128513991286236e-6
8165 1.1292445846607235e-6
8166 1.1292445846607235e-6
8167 1.1299719723862453e-6
8168 1.132141319689949e-6
8169 1.1324088828937917e-6
8170 1.1328494814670417e-6
8171 1.1331138408554645e-6
8172 1.1331138408554645e-6
8173 1.1337771418824955e-6
8174 1.1359112417159428e-6
8175 1.1360970941805754e-6
8176 1.136962269805248e-6
8177 1.136962269805248e-6
8178 1.136962269805248e-6
8179 1.1367940413813344e-6
8180 1.1367940413813344e-6
8181 1.1367940413813344e-6
8182 1.1367940413813344e-6
8183 1.1367940413813344e-6
8184 1.1367940413813344e-6
8185 1.1370936488511954e-6
8186 1.1370936488511954e-6
8187 1.1374669562993528e-6
8188 1.1376880562342419e-6
8189 1.1378322523754146e-6
8190 1.1379556194380846e-6
8191 1.1379508137149546e-6
8192 1.1379363934896555e-6
8193 1.1379363934896555e-6
8194 1.1379700390522018e-6
8195 1.1379700390522018e-6
8196 1.1379700390522018e-6
8197 1.1379700390522018e-6
8198 1.1379700390522018e-6
8199 1.1379700390522018e-6
8200 1.1379700390522018e-6
8201 1.1379700390522018e-6
8202 1.1380517504025938e-6
8203 1.1383369376471556e-6
8204 1.1373996645630784e-6
8205 1.1376496037262022e-6
8206 1.137449331647452e-6
8207 1.137449331647452e-6
8208 1.1370680140495632e-6
8209 1.1371369076935476e-6
8210 1.1371369076935476e-6
8211 1.137274693759153e-6
8212 1.1377281100388102e-6
8213 1.1377281100388102e-6
8214 1.1377281100388102e-6
8215 1.1377281100388102e-6
8216 1.1377281100388102e-6
8217 1.1377281100388102e-6
8218 1.1377281100388102e-6
8219 1.1377281100388102e-6
8220 1.1377281100388102e-6
8221 1.1382616351499676e-6
8222 1.1382616351499676e-6
8223 1.1382616351499676e-6
8224 1.1382616351499676e-6
8225 1.1382616351499676e-6
8226 1.138609308407674e-6
8227 1.138609308407674e-6
8228 1.138609308407674e-6
8229 1.138609308407674e-6
8230 1.138609308407674e-6
8231 1.138609308407674e-6
8232 1.138609308407674e-6
8233 1.138609308407674e-6
8234 1.138609308407674e-6
8235 1.138609308407674e-6
8236 1.138609308407674e-6
8237 1.138609308407674e-6
8238 1.1399807712117977e-6
8239 1.1424016608086987e-6
8240 1.142638782265415e-6
8241 1.142638782265415e-6
8242 1.142638782265415e-6
8243 1.142638782265415e-6
8244 1.142638782265415e-6
8245 1.1433549554146033e-6
8246 1.143316503517745e-6
8247 1.1433261161863686e-6
8248 1.1432684377298996e-6
8249 1.1431578871512732e-6
8250 1.1431578871512732e-6
8251 1.1431578871512732e-6
8252 1.1439077058630078e-6
8253 1.1436497553277887e-6
8254 1.1437619072029433e-6
8255 1.1437619072029433e-6
8256 1.1437619072029433e-6
8257 1.144484489816517e-6
8258 1.144484489816517e-6
8259 1.1445822226887362e-6
8260 1.1445822226887362e-6
8261 1.144647911294937e-6
8262 1.144647911294937e-6
8263 1.144647911294937e-6
8264 1.1451477908435478e-6
8265 1.1452583414221742e-6
8266 1.1452887819469368e-6
8267 1.1451766300717822e-6
8268 1.1451766300717822e-6
8269 1.1451766300717822e-6
8270 1.1459328576367204e-6
8271 1.1459328576367204e-6
8272 1.1459328576367204e-6
8273 1.1459328576367204e-6
8274 1.1459328576367204e-6
8275 1.1460289892124114e-6
8276 1.1460289892124114e-6
8277 1.1460289892124114e-6
8278 1.1460289892124114e-6
8279 1.1460289892124114e-6
8280 1.1460289892124114e-6
8281 1.1462821334133186e-6
8282 1.1462821334133186e-6
8283 1.1462821334133186e-6
8284 1.1462821334133186e-6
8285 1.1478298360134514e-6
8286 1.149358312665155e-6
8287 1.1501850351706058e-6
8288 1.1501786269285842e-6
8289 1.1505887843658897e-6
8290 1.1505887843658897e-6
8291 1.1505887843658897e-6
8292 1.1510133614173123e-6
8293 1.1510133614173123e-6
8294 1.1510133614173123e-6
8295 1.1510133614173123e-6
8296 1.1510133614173123e-6
8297 1.1510133614173123e-6
8298 1.1510133614173123e-6
8299 1.1513113663682815e-6
8300 1.1513113663682815e-6
8301 1.1513113663682815e-6
8302 1.1513113663682815e-6
8303 1.1516718561100316e-6
8304 1.1519810774708798e-6
8305 1.1519810774708798e-6
8306 1.1519810774708798e-6
8307 1.1519810774708798e-6
8308 1.1519810774708798e-6
8309 1.1519810774708798e-6
8310 1.1525049886910498e-6
8311 1.1524056545223027e-6
8312 1.1525770861504543e-6
8313 1.1525899038568616e-6
8314 1.1525899038568616e-6
8315 1.1525899038568616e-6
8316 1.1525899038568616e-6
8317 1.1525899038568616e-6
8318 1.1525899038568616e-6
8319 1.1525899038568616e-6
8320 1.1528013911231271e-6
8321 1.1532291732123337e-6
8322 1.1553232180188492e-6
8323 1.15610828420084e-6
8324 1.1557189552308555e-6
8325 1.1557189552308555e-6
8326 1.1553889060138682e-6
8327 1.1553889060138682e-6
8328 1.1553889060138682e-6
8329 1.1553889060138682e-6
8330 1.1554770249950999e-6
8331 1.1554770249950999e-6
8332 1.1554770249950999e-6
8333 1.1554770249950999e-6
8334 1.1554770249950999e-6
8335 1.1554770249950999e-6
8336 1.1562364551530943e-6
8337 1.1569109713676407e-6
8338 1.1590867281357298e-6
8339 1.1589729731305017e-6
8340 1.1594231849835572e-6
8341 1.158670161234039e-6
8342 1.158670161234039e-6
8343 1.158670161234039e-6
8344 1.158670161234039e-6
8345 1.158670161234039e-6
8346 1.158670161234039e-6
8347 1.158670161234039e-6
8348 1.158670161234039e-6
8349 1.158670161234039e-6
8350 1.158670161234039e-6
8351 1.158670161234039e-6
8352 1.158670161234039e-6
8353 1.158670161234039e-6
8354 1.158670161234039e-6
8355 1.158670161234039e-6
8356 1.158670161234039e-6
8357 1.158670161234039e-6
8358 1.158670161234039e-6
8359 1.158670161234039e-6
8360 1.158670161234039e-6
8361 1.158670161234039e-6
8362 1.158670161234039e-6
8363 1.158670161234039e-6
8364 1.158670161234039e-6
8365 1.158670161234039e-6
8366 1.158670161234039e-6
8367 1.158670161234039e-6
8368 1.158670161234039e-6
8369 1.158264810742227e-6
8370 1.158264810742227e-6
8371 1.158264810742227e-6
8372 1.158264810742227e-6
8373 1.1580949804106034e-6
8374 1.1580949804106034e-6
8375 1.1580949804106034e-6
8376 1.1580949804106034e-6
8377 1.1580949804106034e-6
8378 1.1580949804106034e-6
8379 1.1580949804106034e-6
8380 1.1580949804106034e-6
8381 1.1580949804106034e-6
8382 1.1580949804106034e-6
8383 1.1580949804106034e-6
8384 1.1580949804106034e-6
8385 1.1580949804106034e-6
8386 1.1585291701306497e-6
8387 1.1585596118777762e-6
8388 1.1584779005273842e-6
8389 1.1584779005273842e-6
8390 1.1584779005273842e-6
8391 1.1584779005273842e-6
8392 1.1584779005273842e-6
8393 1.1584779005273842e-6
8394 1.1590931369889333e-6
8395 1.1593190432581341e-6
8396 1.1593190432581341e-6
8397 1.1593190432581341e-6
8398 1.1593190432581341e-6
8399 1.1593190432581341e-6
8400 1.1593190432581341e-6
8401 1.1593190432581341e-6
8402 1.1593190432581341e-6
8403 1.1593190432581341e-6
8404 1.1593190432581341e-6
8405 1.1593190432581341e-6
8406 1.1593190432581341e-6
8407 1.1593847330866988e-6
8408 1.1593847330866988e-6
8409 1.1599294733853716e-6
8410 1.1622334029392605e-6
8411 1.163127417180986e-6
8412 1.163127417180986e-6
8413 1.163127417180986e-6
8414 1.163148245037125e-6
8415 1.163148245037125e-6
8416 1.163468680363125e-6
8417 1.1633437107815631e-6
8418 1.1631899019717668e-6
8419 1.1631899019717668e-6
8420 1.163568015754236e-6
8421 1.163568015754236e-6
8422 1.163568015754236e-6
8423 1.163568015754236e-6
8424 1.163568015754236e-6
8425 1.1643755129224396e-6
8426 1.1643755129224396e-6
8427 1.1643755129224396e-6
8428 1.1643755129224396e-6
8429 1.1643755129224396e-6
8430 1.1643755129224396e-6
8431 1.1643755129224396e-6
8432 1.1643755129224396e-6
8433 1.1643755129224396e-6
8434 1.1643755129224396e-6
8435 1.1643755129224396e-6
8436 1.1643755129224396e-6
8437 1.1643755129224396e-6
8438 1.1643755129224396e-6
8439 1.1643755129224396e-6
8440 1.1651509658246249e-6
8441 1.165069254474233e-6
8442 1.165069254474233e-6
8443 1.165069254474233e-6
8444 1.165069254474233e-6
8445 1.165069254474233e-6
8446 1.165069254474233e-6
8447 1.165069254474233e-6
8448 1.165069254474233e-6
8449 1.165069254474233e-6
8450 1.165069254474233e-6
8451 1.165069254474233e-6
8452 1.1664359109440447e-6
8453 1.168106981829211e-6
8454 1.1685764190195138e-6
8455 1.1691211593181866e-6
8456 1.1691211593181866e-6
8457 1.1691211593181866e-6
8458 1.1691211593181866e-6
8459 1.1691211593181866e-6
8460 1.1691211593181866e-6
8461 1.1691211593181866e-6
8462 1.1691211593181866e-6
8463 1.1691211593181866e-6
8464 1.1691211593181866e-6
8465 1.1691211593181866e-6
8466 1.1691211593181866e-6
8467 1.1691211593181866e-6
8468 1.1691211593181866e-6
8469 1.1691211593181866e-6
8470 1.1691211593181866e-6
8471 1.1691211593181866e-6
8472 1.1691211593181866e-6
8473 1.1691211593181866e-6
8474 1.1691211593181866e-6
8475 1.1691211593181866e-6
8476 1.1691211593181866e-6
8477 1.1688343695547329e-6
8478 1.1688343695547329e-6
8479 1.1688343695547329e-6
8480 1.1688343695547329e-6
8481 1.1688343695547329e-6
8482 1.1688343695547329e-6
8483 1.1688343695547329e-6
8484 1.16965147939156e-6
8485 1.168869617636171e-6
8486 1.1688600049675474e-6
8487 1.1688600049675474e-6
8488 1.1688600049675474e-6
8489 1.1688600049675474e-6
8490 1.1690939226088438e-6
8491 1.1690939226088438e-6
8492 1.1691996668531585e-6
8493 1.1696386629075167e-6
8494 1.169331045287924e-6
8495 1.1693759060379856e-6
8496 1.1693246364347202e-6
8497 1.1693246364347202e-6
8498 1.169771643861174e-6
8499 1.1696338565732048e-6
8500 1.169590597119671e-6
8501 1.169590597119671e-6
8502 1.1698677729921373e-6
8503 1.1700135716522018e-6
8504 1.1702282627338872e-6
8505 1.1728446180752264e-6
8506 1.1731185901322728e-6
8507 1.1731185901322728e-6
8508 1.1731185901322728e-6
8509 1.1731185901322728e-6
8510 1.1731185901322728e-6
8511 1.1731185901322728e-6
8512 1.1731185901322728e-6
8513 1.1731185901322728e-6
8514 1.1731185901322728e-6
8515 1.1731185901322728e-6
8516 1.1731185901322728e-6
8517 1.1731185901322728e-6
8518 1.1731185901322728e-6
8519 1.1731185901322728e-6
8520 1.1731185901322728e-6
8521 1.1731185901322728e-6
8522 1.1739004531100257e-6
8523 1.1738587961753838e-6
8524 1.173778687343884e-6
8525 1.173778687343884e-6
8526 1.173778687343884e-6
8527 1.173778687343884e-6
8528 1.173778687343884e-6
8529 1.174177628982492e-6
8530 1.1743186213082448e-6
8531 1.1743186213082448e-6
8532 1.1743186213082448e-6
8533 1.1743186213082448e-6
8534 1.1743186213082448e-6
8535 1.1743186213082448e-6
8536 1.1743186213082448e-6
8537 1.1743186213082448e-6
8538 1.1746198300746339e-6
8539 1.1746198300746339e-6
8540 1.1746198300746339e-6
8541 1.1746198300746339e-6
8542 1.1746198300746339e-6
8543 1.1750972780258502e-6
8544 1.1750972780258502e-6
8545 1.1750972780258502e-6
8546 1.1750972780258502e-6
8547 1.1750972780258502e-6
8548 1.1750972780258502e-6
8549 1.1750972780258502e-6
8550 1.1750972780258502e-6
8551 1.1750972780258502e-6
8552 1.1755987588709893e-6
8553 1.1755987588709893e-6
8554 1.1755987588709893e-6
8555 1.1761322839821467e-6
8556 1.1764703433488657e-6
8557 1.1764703433488657e-6
8558 1.17666580787094e-6
8559 1.17666580787094e-6
8560 1.177165687419551e-6
8561 1.177165687419551e-6
8562 1.1774124227672546e-6
8563 1.1779715826800447e-6
8564 1.177687997343193e-6
8565 1.1785115160332239e-6
8566 1.1797259656009493e-6
8567 1.180086455953881e-6
8568 1.181310518801412e-6
8569 1.181310518801412e-6
8570 1.181310518801412e-6
8571 1.181310518801412e-6
8572 1.181310518801412e-6
8573 1.181310518801412e-6
8574 1.181310518801412e-6
8575 1.181310518801412e-6
8576 1.181310518801412e-6
8577 1.181310518801412e-6
8578 1.181310518801412e-6
8579 1.181310518801412e-6
8580 1.181310518801412e-6
8581 1.181310518801412e-6
8582 1.181310518801412e-6
8583 1.181310518801412e-6
8584 1.181310518801412e-6
8585 1.181310518801412e-6
8586 1.181310518801412e-6
8587 1.181310518801412e-6
8588 1.181310518801412e-6
8589 1.181310518801412e-6
8590 1.181310518801412e-6
8591 1.181310518801412e-6
8592 1.181310518801412e-6
8593 1.181310518801412e-6
8594 1.181310518801412e-6
8595 1.1817687414153812e-6
8596 1.1816726098396901e-6
8597 1.1816726098396901e-6
8598 1.182135638787971e-6
8599 1.182135638787971e-6
8600 1.182135638787971e-6
8601 1.182135638787971e-6
8602 1.182135638787971e-6
8603 1.182135638787971e-6
8604 1.182135638787971e-6
8605 1.182135638787971e-6
8606 1.182135638787971e-6
8607 1.1822093387662674e-6
8608 1.1822093387662674e-6
8609 1.1822093387662674e-6
8610 1.1822093387662674e-6
8611 1.1822093387662674e-6
8612 1.1822093387662674e-6
8613 1.1822093387662674e-6
8614 1.1822093387662674e-6
8615 1.1822093387662674e-6
8616 1.1822093387662674e-6
8617 1.1822093387662674e-6
8618 1.1822093387662674e-6
8619 1.1822093387662674e-6
8620 1.1822093387662674e-6
8621 1.1822093387662674e-6
8622 1.1822093387662674e-6
8623 1.1822093387662674e-6
8624 1.1822093387662674e-6
8625 1.1822093387662674e-6
8626 1.1822093387662674e-6
8627 1.1822093387662674e-6
8628 1.1822093387662674e-6
8629 1.1822093387662674e-6
8630 1.1822093387662674e-6
8631 1.1822093387662674e-6
8632 1.1822093387662674e-6
8633 1.1822093387662674e-6
8634 1.1822093387662674e-6
8635 1.1822093387662674e-6
8636 1.182798939815002e-6
8637 1.182798939815002e-6
8638 1.182798939815002e-6
8639 1.182798939815002e-6
8640 1.1835663825674555e-6
8641 1.1838099134885574e-6
8642 1.1853928635589464e-6
8643 1.1853335831947672e-6
8644 1.1855530812219462e-6
8645 1.1862740600942643e-6
8646 1.1875317691155234e-6
8647 1.187499726071869e-6
8648 1.1872850349901836e-6
8649 1.1872850349901836e-6
8650 1.1872850349901836e-6
8651 1.1872850349901836e-6
8652 1.1872850349901836e-6
8653 1.1872850349901836e-6
8654 1.1872850349901836e-6
8655 1.18960178225048e-6
8656 1.1898725504921064e-6
8657 1.1902698902230046e-6
8658 1.190261879462091e-6
8659 1.1908610931794491e-6
8660 1.1908610931794491e-6
8661 1.1908610931794491e-6
8662 1.1908610931794491e-6
8663 1.1908610931794491e-6
8664 1.1908610931794491e-6
8665 1.1908610931794491e-6
8666 1.1908610931794491e-6
8667 1.1908610931794491e-6
8668 1.1908610931794491e-6
8669 1.1908610931794491e-6
8670 1.1908610931794491e-6
8671 1.1908610931794491e-6
8672 1.1908610931794491e-6
8673 1.1908610931794491e-6
8674 1.1908610931794491e-6
8675 1.1908610931794491e-6
8676 1.1908610931794491e-6
8677 1.1908610931794491e-6
8678 1.1908610931794491e-6
8679 1.1908610931794491e-6
8680 1.1908610931794491e-6
8681 1.1908610931794491e-6
8682 1.1908610931794491e-6
8683 1.1908610931794491e-6
8684 1.1908610931794491e-6
8685 1.1919970370457482e-6
8686 1.1928734278579363e-6
8687 1.1945877569742726e-6
8688 1.1952927137135816e-6
8689 1.1949578587734643e-6
8690 1.1949578587734643e-6
8691 1.1949578587734643e-6
8692 1.1949578587734643e-6
8693 1.1949578587734643e-6
8694 1.1949578587734643e-6
8695 1.1949578587734643e-6
8696 1.1955490623410908e-6
8697 1.1954529319877635e-6
8698 1.1956932572598998e-6
8699 1.195710881300619e-6
8700 1.1955730952350137e-6
8701 1.1955730952350137e-6
8702 1.1955730952350137e-6
8703 1.1963213114278565e-6
8704 1.1963213114278565e-6
8705 1.196569649294452e-6
8706 1.1964190443000755e-6
8707 1.1969653865064583e-6
8708 1.1986300479272392e-6
8709 1.20017294419306e-6
8710 1.20017294419306e-6
8711 1.20017294419306e-6
8712 1.20017294419306e-6
8713 1.20017294419306e-6
8714 1.20017294419306e-6
8715 1.20017294419306e-6
8716 1.20017294419306e-6
8717 1.20017294419306e-6
8718 1.20017294419306e-6
8719 1.20017294419306e-6
8720 1.20017294419306e-6
8721 1.20017294419306e-6
8722 1.20017294419306e-6
8723 1.20017294419306e-6
8724 1.20017294419306e-6
8725 1.20017294419306e-6
8726 1.20017294419306e-6
8727 1.20017294419306e-6
8728 1.2007288996792483e-6
8729 1.2005061972254674e-6
8730 1.2004308947282792e-6
8731 1.200837846516619e-6
8732 1.2007497275353874e-6
8733 1.2002915049214182e-6
8734 1.2002915049214182e-6
8735 1.2002915049214182e-6
8736 1.2008410515544027e-6
8737 1.201497943117048e-6
8738 1.2040117586406745e-6
8739 1.2040117586406745e-6
8740 1.2040117586406745e-6
8741 1.2040117586406745e-6
8742 1.2040117586406745e-6
8743 1.2040117586406745e-6
8744 1.2040117586406745e-6
8745 1.2040117586406745e-6
8746 1.2040117586406745e-6
8747 1.2040117586406745e-6
8748 1.2040117586406745e-6
8749 1.2040117586406745e-6
8750 1.2040117586406745e-6
8751 1.2040117586406745e-6
8752 1.2040117586406745e-6
8753 1.2040117586406745e-6
8754 1.2040117586406745e-6
8755 1.2040117586406745e-6
8756 1.2040117586406745e-6
8757 1.2040117586406745e-6
8758 1.2037025391133718e-6
8759 1.2035118790920636e-6
8760 1.2035118790920636e-6
8761 1.2033660816543627e-6
8762 1.2033660816543627e-6
8763 1.2033660816543627e-6
8764 1.2033660816543627e-6
8765 1.2033660816543627e-6
8766 1.2033660816543627e-6
8767 1.2033660816543627e-6
8768 1.2033660816543627e-6
8769 1.2033660816543627e-6
8770 1.2033660816543627e-6
8771 1.2033660816543627e-6
8772 1.2033660816543627e-6
8773 1.2033660816543627e-6
8774 1.2033660816543627e-6
8775 1.2033660816543627e-6
8776 1.2033660816543627e-6
8777 1.2033660816543627e-6
8778 1.2033660816543627e-6
8779 1.2033660816543627e-6
8780 1.2033660816543627e-6
8781 1.2033660816543627e-6
8782 1.2033660816543627e-6
8783 1.2033660816543627e-6
8784 1.2033660816543627e-6
8785 1.2033660816543627e-6
8786 1.2033660816543627e-6
8787 1.2033660816543627e-6
8788 1.2033660816543627e-6
8789 1.2033660816543627e-6
8790 1.2045949508362053e-6
8791 1.2044924116296743e-6
8792 1.2044635724014397e-6
8793 1.2043514193039215e-6
8794 1.2043514193039215e-6
8795 1.2043514193039215e-6
8796 1.2051781418093723e-6
8797 1.2048432862580731e-6
8798 1.2049538368366995e-6
8799 1.2050964304589803e-6
8800 1.2051268722061068e-6
8801 1.2051140544996995e-6
8802 1.2050355469647276e-6
8803 1.2047888128393878e-6
8804 1.2047775976518724e-6
8805 1.204785609023968e-6
8806 1.204785609023968e-6
8807 1.2050179253687361e-6
8808 1.2052390253036252e-6
8809 1.2052390253036252e-6
8810 1.2052390253036252e-6
8811 1.2052390253036252e-6
8812 1.2052390253036252e-6
8813 1.2052390253036252e-6
8814 1.2052390253036252e-6
8815 1.2058126048305325e-6
8816 1.2055562568142052e-6
8817 1.2056139352706742e-6
8818 1.2056139352706742e-6
8819 1.2057020554742697e-6
8820 1.2057020554742697e-6
8821 1.205939176930986e-6
8822 1.2063925932106433e-6
8823 1.2063925932106433e-6
8824 1.2067130285366433e-6
8825 1.2065431982050197e-6
8826 1.2065431982050197e-6
8827 1.2065431982050197e-6
8828 1.2065431982050197e-6
8829 1.2065431982050197e-6
8830 1.2065431982050197e-6
8831 1.2065431982050197e-6
8832 1.2068492145280842e-6
8833 1.2068492145280842e-6
8834 1.2073891484924451e-6
8835 1.2074916876989761e-6
8836 1.2073394801857079e-6
8837 1.2074596434329578e-6
8838 1.2074436219111305e-6
8839 1.2074436219111305e-6
8840 1.2074436219111305e-6
8841 1.2076695294026951e-6
8842 1.2078201331747077e-6
8843 1.2079883622098033e-6
8844 1.2102073765978805e-6
8845 1.2109507864564113e-6
8846 1.2109507864564113e-6
8847 1.2109507864564113e-6
8848 1.2109507864564113e-6
8849 1.2118512101625224e-6
8850 1.2117342507306923e-6
8851 1.2119136949533033e-6
8852 1.2122533562277324e-6
8853 1.2128926249720224e-6
8854 1.2141086764474577e-6
8855 1.2152350070339515e-6
8856 1.214685460400967e-6
8857 1.214685460400967e-6
8858 1.214685460400967e-6
8859 1.214685460400967e-6
8860 1.214685460400967e-6
8861 1.214685460400967e-6
8862 1.214685460400967e-6
8863 1.214685460400967e-6
8864 1.214685460400967e-6
8865 1.214685460400967e-6
8866 1.214685460400967e-6
8867 1.214685460400967e-6
8868 1.214685460400967e-6
8869 1.214685460400967e-6
8870 1.214685460400967e-6
8871 1.214685460400967e-6
8872 1.2151965551370933e-6
8873 1.2154144524789261e-6
8874 1.2153679879876087e-6
8875 1.2153551715035653e-6
8876 1.2155858853294416e-6
8877 1.2155858853294416e-6
8878 1.2155858853294416e-6
8879 1.2155858853294416e-6
8880 1.2155858853294416e-6
8881 1.2155858853294416e-6
8882 1.2155858853294416e-6
8883 1.2155858853294416e-6
8884 1.2155858853294416e-6
8885 1.2155858853294416e-6
8886 1.2155858853294416e-6
8887 1.2155858853294416e-6
8888 1.2155858853294416e-6
8889 1.2155858853294416e-6
8890 1.2155858853294416e-6
8891 1.2155858853294416e-6
8892 1.2155858853294416e-6
8893 1.2155858853294416e-6
8894 1.2155858853294416e-6
8895 1.2155858853294416e-6
8896 1.2155858853294416e-6
8897 1.2155858853294416e-6
8898 1.2159720104840063e-6
8899 1.2159720104840063e-6
8900 1.21601526993754e-6
8901 1.21601526993754e-6
8902 1.21601526993754e-6
8903 1.21601526993754e-6
8904 1.21601526993754e-6
8905 1.21601526993754e-6
8906 1.21601526993754e-6
8907 1.2168227671057436e-6
8908 1.2168227671057436e-6
8909 1.2168227671057436e-6
8910 1.2168227671057436e-6
8911 1.2168227671057436e-6
8912 1.21777446041512e-6
8913 1.2204532993248762e-6
8914 1.2214033901153607e-6
8915 1.2214033901153607e-6
8916 1.2214033901153607e-6
8917 1.2214033901153607e-6
8918 1.2214033901153607e-6
8919 1.2214033901153607e-6
8920 1.2214033901153607e-6
8921 1.2214033901153607e-6
8922 1.2214033901153607e-6
8923 1.2214033901153607e-6
8924 1.2214033901153607e-6
8925 1.2214033901153607e-6
8926 1.2214033901153607e-6
8927 1.2214033901153607e-6
8928 1.2214033901153607e-6
8929 1.2214033901153607e-6
8930 1.2214033901153607e-6
8931 1.2214033901153607e-6
8932 1.2214033901153607e-6
8933 1.2214033901153607e-6
8934 1.2214033901153607e-6
8935 1.2214033901153607e-6
8936 1.2214033901153607e-6
8937 1.2214033901153607e-6
8938 1.2214033901153607e-6
8939 1.2214033901153607e-6
8940 1.2214033901153607e-6
8941 1.2214033901153607e-6
8942 1.2214033901153607e-6
8943 1.2214033901153607e-6
8944 1.2214033901153607e-6
8945 1.2217766963411542e-6
8946 1.221618081197046e-6
8947 1.221618081197046e-6
8948 1.221618081197046e-6
8949 1.221618081197046e-6
8950 1.221618081197046e-6
8951 1.221618081197046e-6
8952 1.221618081197046e-6
8953 1.221618081197046e-6
8954 1.221618081197046e-6
8955 1.221618081197046e-6
8956 1.221618081197046e-6
8957 1.221618081197046e-6
8958 1.221618081197046e-6
8959 1.221618081197046e-6
8960 1.221618081197046e-6
8961 1.221618081197046e-6
8962 1.221618081197046e-6
8963 1.221618081197046e-6
8964 1.221618081197046e-6
8965 1.221618081197046e-6
8966 1.221618081197046e-6
8967 1.2220106139824506e-6
8968 1.2220106139824506e-6
8969 1.2223550822023734e-6
8970 1.2227732504005925e-6
8971 1.2233115824572435e-6
8972 1.2234669937859316e-6
8973 1.2252854646276907e-6
8974 1.2255514253126416e-6
8975 1.2261298111738607e-6
8976 1.2261298111738607e-6
8977 1.2261298111738607e-6
8978 1.2264069882686909e-6
8979 1.2264069882686909e-6
8980 1.2264069882686909e-6
8981 1.2264069882686909e-6
8982 1.2264069882686909e-6
8983 1.2264069882686909e-6
8984 1.2264069882686909e-6
8985 1.2264069882686909e-6
8986 1.2264069882686909e-6
8987 1.2264069882686909e-6
8988 1.2264069882686909e-6
8989 1.2264069882686909e-6
8990 1.2264069882686909e-6
8991 1.2264069882686909e-6
8992 1.2264069882686909e-6
8993 1.2264069882686909e-6
8994 1.2264069882686909e-6
8995 1.2264069882686909e-6
8996 1.2264069882686909e-6
8997 1.2264069882686909e-6
8998 1.2264069882686909e-6
8999 1.2264069882686909e-6
9000 1.2264069882686909e-6
9001 1.2264069882686909e-6
9002 1.2264069882686909e-6
9003 1.2264069882686909e-6
9004 1.2264069882686909e-6
9005 1.2264069882686909e-6
9006 1.2264069882686909e-6
9007 1.2264069882686909e-6
9008 1.2264069882686909e-6
9009 1.2264069882686909e-6
9010 1.2264069882686909e-6
9011 1.2264069882686909e-6
9012 1.2264069882686909e-6
9013 1.2264069882686909e-6
9014 1.2264069882686909e-6
9015 1.2264069882686909e-6
9016 1.2264069882686909e-6
9017 1.2264069882686909e-6
9018 1.2264069882686909e-6
9019 1.2264069882686909e-6
9020 1.2264069882686909e-6
9021 1.2264069882686909e-6
9022 1.2276743093473917e-6
9023 1.227485253678521e-6
9024 1.2274419942249872e-6
9025 1.2274419942249872e-6
9026 1.2274419942249872e-6
9027 1.227784859926018e-6
9028 1.2278297206760798e-6
9029 1.2278297206760798e-6
9030 1.228007562379799e-6
9031 1.228007562379799e-6
9032 1.228007562379799e-6
9033 1.228007562379799e-6
9034 1.2280620357984844e-6
9035 1.2299061408306944e-6
9036 1.2327099511555583e-6
9037 1.233339606620043e-6
9038 1.233339606620043e-6
9039 1.233339606620043e-6
9040 1.233619987530293e-6
9041 1.2335542989240921e-6
9042 1.2337689900057775e-6
9043 1.2341294797475276e-6
9044 1.2339051747748548e-6
9045 1.2346854352337157e-6
9046 1.236540756064623e-6
9047 1.2379442625235831e-6
9048 1.2379442625235831e-6
9049 1.2379442625235831e-6
9050 1.2379442625235831e-6
9051 1.2379442625235831e-6
9052 1.2379442625235831e-6
9053 1.2379442625235831e-6
9054 1.2379442625235831e-6
9055 1.238686070474404e-6
9056 1.2381365244526015e-6
9057 1.2381365244526015e-6
9058 1.2381365244526015e-6
9059 1.2381365244526015e-6
9060 1.2381365244526015e-6
9061 1.2381365244526015e-6
9062 1.2381365244526015e-6
9063 1.2381365244526015e-6
9064 1.2381365244526015e-6
9065 1.2384793901536324e-6
9066 1.2384793901536324e-6
9067 1.2384793901536324e-6
9068 1.2384793901536324e-6
9069 1.2384793901536324e-6
9070 1.2384793901536324e-6
9071 1.2384793901536324e-6
9072 1.2389504304740088e-6
9073 1.2389504304740088e-6
9074 1.2389504304740088e-6
9075 1.2389504304740088e-6
9076 1.2394390948351043e-6
9077 1.239004905115058e-6
9078 1.2391106481370089e-6
9079 1.2389696570336199e-6
9080 1.2389696570336199e-6
9081 1.2389696570336199e-6
9082 1.2389696570336199e-6
9083 1.2389696570336199e-6
9084 1.2389696570336199e-6
9085 1.2389696570336199e-6
9086 1.2389696570336199e-6
9087 1.2389696570336199e-6
9088 1.239432684759537e-6
9089 1.239432684759537e-6
9090 1.239432684759537e-6
9091 1.2402209565904933e-6
9092 1.2402209565904933e-6
9093 1.240328302131336e-6
9094 1.2414962902636536e-6
9095 1.2423134001004808e-6
9096 1.242468811429169e-6
9097 1.2423774867989717e-6
9098 1.2427347727253017e-6
9099 1.2428581397879717e-6
9100 1.242955872049009e-6
9101 1.2433996756600426e-6
9102 1.2430311745461971e-6
9103 1.2432234364752152e-6
9104 1.2431449283290614e-6
9105 1.2431064770433851e-6
9106 1.242822892317715e-6
9107 1.2430824447606441e-6
9108 1.2432747048561167e-6
9109 1.243341998425937e-6
9110 1.2436015496465022e-6
9111 1.243463762358533e-6
9112 1.2435374623368294e-6
9113 1.2434349243526623e-6
9114 1.243023164396465e-6
9115 1.2428100746113076e-6
9116 1.2424335633477304e-6
9117 1.2426290272586228e-6
9118 1.242604994975882e-6
9119 1.2428212885764592e-6
9120 1.2429911189080828e-6
9121 1.2421115242804747e-6
9122 1.2418631864138791e-6
9123 1.2421067179461627e-6
9124 1.242447979905938e-6
9125 1.2423935064872526e-6
9126 1.2424351634218945e-6
9127 1.2424351634218945e-6
9128 1.2425569279656727e-6
9129 1.2425569279656727e-6
9130 1.2429414506013455e-6
9131 1.2429414506013455e-6
9132 1.2433259732370184e-6
9133 1.2438611002558857e-6
9134 1.2437153022070029e-6
9135 1.244455507638932e-6
9136 1.2465847999157037e-6
9137 1.2469340744699381e-6
9138 1.2465623701518545e-6
9139 1.2467177814805426e-6
9140 1.2467177814805426e-6
9141 1.2470366142876508e-6
9142 1.2472817471164627e-6
9143 1.2476646678444253e-6
9144 1.2488598914637216e-6
9145 1.2506639420801816e-6
9146 1.2500134581483762e-6
9147 1.2501576549007308e-6
9148 1.2505037238059997e-6
9149 1.2511045400422497e-6
9150 1.2511045400422497e-6
9151 1.2511045400422497e-6
9152 1.251942477735216e-6
9153 1.251942477735216e-6
9154 1.251942477735216e-6
9155 1.2527131243030896e-6
9156 1.2527980394689014e-6
9157 1.252807652137525e-6
9158 1.2528733419660896e-6
9159 1.2528733419660896e-6
9160 1.2536135480092007e-6
9161 1.254366571147537e-6
9162 1.2555361599652007e-6
9163 1.2556146662778087e-6
9164 1.255869412386426e-6
9165 1.2557748839408088e-6
9166 1.256289183103537e-6
9167 1.2567185664892716e-6
9168 1.256269956543926e-6
9169 1.256269956543926e-6
9170 1.2562347084624879e-6
9171 1.2562347084624879e-6
9172 1.2562347084624879e-6
9173 1.2562347084624879e-6
9174 1.2562347084624879e-6
9175 1.2562347084624879e-6
9176 1.2562347084624879e-6
9177 1.2562347084624879e-6
9178 1.2562347084624879e-6
9179 1.2562347084624879e-6
9180 1.2562347084624879e-6
9181 1.2562347084624879e-6
9182 1.2562347084624879e-6
9183 1.2562347084624879e-6
9184 1.2562347084624879e-6
9185 1.2562347084624879e-6
9186 1.2562347084624879e-6
9187 1.2562347084624879e-6
9188 1.2562347084624879e-6
9189 1.2562347084624879e-6
9190 1.2562347084624879e-6
9191 1.2563516666719542e-6
9192 1.2570614315791206e-6
9193 1.2578881546957534e-6
9194 1.2592435959780497e-6
9195 1.259479116138238e-6
9196 1.2609162681597443e-6
9197 1.2609162681597443e-6
9198 1.2609162681597443e-6
9199 1.2609162681597443e-6
9200 1.2609162681597443e-6
9201 1.2609162681597443e-6
9202 1.261759013409386e-6
9203 1.261879176656636e-6
9204 1.2620169639446052e-6
9205 1.2621499448982624e-6
9206 1.2618118855315434e-6
9207 1.261802271640556e-6
9208 1.2628500953032595e-6
9209 1.2649537533895805e-6
9210 1.2649537533895805e-6
9211 1.2649537533895805e-6
9212 1.2649537533895805e-6
9213 1.2649537533895805e-6
9214 1.2649537533895805e-6
9215 1.2649537533895805e-6
9216 1.2649537533895805e-6
9217 1.2649537533895805e-6
9218 1.2649537533895805e-6
9219 1.2649537533895805e-6
9220 1.2649537533895805e-6
9221 1.2649537533895805e-6
9222 1.2649537533895805e-6
9223 1.2649537533895805e-6
9224 1.2649537533895805e-6
9225 1.2649537533895805e-6
9226 1.2649537533895805e-6
9227 1.2649537533895805e-6
9228 1.2649537533895805e-6
9229 1.2649537533895805e-6
9230 1.2649537533895805e-6
9231 1.2649537533895805e-6
9232 1.2649537533895805e-6
9233 1.2649537533895805e-6
9234 1.2649537533895805e-6
9235 1.2649537533895805e-6
9236 1.2649537533895805e-6
9237 1.2649537533895805e-6
9238 1.2649537533895805e-6
9239 1.2649537533895805e-6
9240 1.2647807186313552e-6
9241 1.2647807186313552e-6
9242 1.2643577434876424e-6
9243 1.2646285117292688e-6
9244 1.2646285117292688e-6
9245 1.2646285117292688e-6
9246 1.2646285117292688e-6
9247 1.265943898595815e-6
9248 1.2657948961203305e-6
9249 1.2651844672154569e-6
9250 1.2652741887155804e-6
9251 1.2651556279872222e-6
9252 1.2654279975253766e-6
9253 1.265580205038645e-6
9254 1.2662306883592686e-6
9255 1.2660736745116886e-6
9256 1.266563941391676e-6
9257 1.268347163540815e-6
9258 1.268347163540815e-6
9259 1.268347163540815e-6
9260 1.268347163540815e-6
9261 1.2687108583203487e-6
9262 1.2687108583203487e-6
9263 1.2689111303990988e-6
9264 1.2689255494020343e-6
9265 1.268952786111377e-6
9266 1.2690873695839262e-6
9267 1.2690873695839262e-6
9268 1.2690873695839262e-6
9269 1.2690873695839262e-6
9270 1.2690873695839262e-6
9271 1.2690873695839262e-6
9272 1.2696016681354725e-6
9273 1.2698820490457225e-6
9274 1.2694350416192688e-6
9275 1.269893264233238e-6
9276 1.2717005198874816e-6
9277 1.2726474062513644e-6
9278 1.2726474062513644e-6
9279 1.2726474062513644e-6
9280 1.2726474062513644e-6
9281 1.2730415415556608e-6
9282 1.2730415415556608e-6
9283 1.2731472845776116e-6
9284 1.2731472845776116e-6
9285 1.2732418136344108e-6
9286 1.27338600855322e-6
9287 1.2736615831291582e-6
9288 1.2737080476204756e-6
9289 1.2737176590667354e-6
9290 1.2735878831508618e-6
9291 1.2733267288002229e-6
9292 1.2738842868053028e-6
9293 1.2742351626560654e-6
9294 1.2742079259467227e-6
9295 1.274119806965491e-6
9296 1.274058924693602e-6
9297 1.274058924693602e-6
9298 1.274058924693602e-6
9299 1.2744851030415528e-6
9300 1.2744851030415528e-6
9301 1.2744851030415528e-6
9302 1.2744851030415528e-6
9303 1.2744851030415528e-6
9304 1.2744851030415528e-6
9305 1.2744851030415528e-6
9306 1.2744851030415528e-6
9307 1.2744851030415528e-6
9308 1.2744851030415528e-6
9309 1.2744851030415528e-6
9310 1.2744851030415528e-6
9311 1.2744851030415528e-6
9312 1.2744851030415528e-6
9313 1.2744851030415528e-6
9314 1.2744851030415528e-6
9315 1.2744851030415528e-6
9316 1.2747702902861147e-6
9317 1.2748119472207566e-6
9318 1.2765022428319882e-6
9319 1.2773193532799974e-6
9320 1.2773257615220192e-6
9321 1.2774122792067228e-6
9322 1.2777423278125284e-6
9323 1.2777423278125284e-6
9324 1.2777423278125284e-6
9325 1.2777423278125284e-6
9326 1.2777423278125284e-6
9327 1.2777423278125284e-6
9328 1.2777423278125284e-6
9329 1.2784777275213275e-6
9330 1.2784777275213275e-6
9331 1.2784777275213275e-6
9332 1.2784777275213275e-6
9333 1.2784777275213275e-6
9334 1.2784777275213275e-6
9335 1.2788029691816392e-6
9336 1.2788029691816392e-6
9337 1.2792355563827937e-6
9338 1.2792355563827937e-6
9339 1.279608863830951e-6
9340 1.2793204715486055e-6
9341 1.279325279105281e-6
9342 1.279325279105281e-6
9343 1.279325279105281e-6
9344 1.2797162105941573e-6
9345 1.2797162105941573e-6
9346 1.2797162105941573e-6
9347 1.2797162105941573e-6
9348 1.2797162105941573e-6
9349 1.2797162105941573e-6
9350 1.2797162105941573e-6
9351 1.2797162105941573e-6
9352 1.2797162105941573e-6
9353 1.2797162105941573e-6
9354 1.2799629447194972e-6
9355 1.280204873732889e-6
9356 1.280204873732889e-6
9357 1.280204873732889e-6
9358 1.2804564154149043e-6
9359 1.2803682964336726e-6
9360 1.2803682964336726e-6
9361 1.2803682964336726e-6
9362 1.2803682964336726e-6
9363 1.2803682964336726e-6
9364 1.281483411221469e-6
9365 1.281483411221469e-6
9366 1.281483411221469e-6
9367 1.2821499172862837e-6
9368 1.2821499172862837e-6
9369 1.2824639449814438e-6
9370 1.2824639449814438e-6
9371 1.2824639449814438e-6
9372 1.2824639449814438e-6
9373 1.2826033347883048e-6
9374 1.2829141574456812e-6
9375 1.282622560125552e-6
9376 1.2827651549701967e-6
9377 1.2828516714325365e-6
9378 1.282800401829271e-6
9379 1.282979846051882e-6
9380 1.282877306845351e-6
9381 1.2829285764486165e-6
9382 1.28281482205457e-6
9383 1.2830247080243074e-6
9384 1.2829990726114928e-6
9385 1.2825072032126137e-6
9386 1.2826001297505211e-6
9387 1.2826001297505211e-6
9388 1.2826001297505211e-6
9389 1.2826001297505211e-6
9390 1.2830503409923947e-6
9391 1.2830503409923947e-6
9392 1.2832185700274903e-6
9393 1.2832746459650675e-6
9394 1.2833900028780058e-6
9395 1.2834701117095057e-6
9396 1.2842199304212403e-6
9397 1.2853943261843976e-6
9398 1.2859262475542993e-6
9399 1.2862386721193856e-6
9400 1.2864822030404876e-6
9401 1.2883295131104813e-6
9402 1.2883295131104813e-6
9403 1.2883295131104813e-6
9404 1.2883295131104813e-6
9405 1.2883295131104813e-6
9406 1.289172258360123e-6
9407 1.2891177849414377e-6
9408 1.2891177849414377e-6
9409 1.2891177849414377e-6
9410 1.2891177849414377e-6
9411 1.2900262200196441e-6
9412 1.2900262200196441e-6
9413 1.2900262200196441e-6
9414 1.2900262200196441e-6
9415 1.2900262200196441e-6
9416 1.2900262200196441e-6
9417 1.2900262200196441e-6
9418 1.2900262200196441e-6
9419 1.2900262200196441e-6
9420 1.2900262200196441e-6
9421 1.2900262200196441e-6
9422 1.2900262200196441e-6
9423 1.2900262200196441e-6
9424 1.2900262200196441e-6
9425 1.2900262200196441e-6
9426 1.2900262200196441e-6
9427 1.2900262200196441e-6
9428 1.2900262200196441e-6
9429 1.2900262200196441e-6
9430 1.2900262200196441e-6
9431 1.2900262200196441e-6
9432 1.2900262200196441e-6
9433 1.2900262200196441e-6
9434 1.2904812388181933e-6
9435 1.2904812388181933e-6
9436 1.2904812388181933e-6
9437 1.2904812388181933e-6
9438 1.2912246486767241e-6
9439 1.2910371943043813e-6
9440 1.2910259791168659e-6
9441 1.291242272717443e-6
9442 1.291242272717443e-6
9443 1.291242272717443e-6
9444 1.291242272717443e-6
9445 1.291242272717443e-6
9446 1.291242272717443e-6
9447 1.291242272717443e-6
9448 1.291242272717443e-6
9449 1.291242272717443e-6
9450 1.291242272717443e-6
9451 1.291242272717443e-6
9452 1.291242272717443e-6
9453 1.291242272717443e-6
9454 1.291242272717443e-6
9455 1.2912342619565294e-6
9456 1.291203820209403e-6
9457 1.2910612265871221e-6
9458 1.2908513412285667e-6
9459 1.2907423937800141e-6
9460 1.2907215653126932e-6
9461 1.2908209007038043e-6
9462 1.2915611061357334e-6
9463 1.292073802168388e-6
9464 1.2935429990670943e-6
9465 1.2949561188058597e-6
9466 1.2949561188058597e-6
9467 1.2949561188058597e-6
9468 1.2949561188058597e-6
9469 1.295228489566378e-6
9470 1.2965663068079553e-6
9471 1.2982165492258007e-6
9472 1.2985433934050043e-6
9473 1.2985433934050043e-6
9474 1.2985433934050043e-6
9475 1.2985433934050043e-6
9476 1.2985433934050043e-6
9477 1.2985433934050043e-6
9478 1.2985433934050043e-6
9479 1.2985433934050043e-6
9480 1.2985433934050043e-6
9481 1.2985433934050043e-6
9482 1.2985433934050043e-6
9483 1.2985433934050043e-6
9484 1.2985433934050043e-6
9485 1.2985433934050043e-6
9486 1.2985433934050043e-6
9487 1.2985433934050043e-6
9488 1.2985433934050043e-6
9489 1.2985433934050043e-6
9490 1.2985433934050043e-6
9491 1.2985433934050043e-6
9492 1.298988798312566e-6
9493 1.2989006793313343e-6
9494 1.2989006793313343e-6
9495 1.299483872138047e-6
9496 1.2985562123337754e-6
9497 1.2986010724726552e-6
9498 1.2989679716787908e-6
9499 1.2993300633282508e-6
9500 1.2991233823962972e-6
9501 1.2990528862334209e-6
9502 1.2995735942493527e-6
9503 1.3016179719714945e-6
9504 1.3014930017787507e-6
9505 1.3018967503628527e-6
9506 1.3020265262787262e-6
9507 1.302329338175189e-6
9508 1.3027426994279145e-6
9509 1.304292005158121e-6
9510 1.3048431536988154e-6
9511 1.3048030998942473e-6
9512 1.3061473253778463e-6
9513 1.3061473253778463e-6
9514 1.3061473253778463e-6
9515 1.3061473253778463e-6
9516 1.305549713568198e-6
9517 1.305549713568198e-6
9518 1.305549713568198e-6
9519 1.305549713568198e-6
9520 1.305549713568198e-6
9521 1.305549713568198e-6
9522 1.3060383779292935e-6
9523 1.3060383779292935e-6
9524 1.3060383779292935e-6
9525 1.3064373195679016e-6
9526 1.3064821803179633e-6
9527 1.3064949980243706e-6
9528 1.3063508031055615e-6
9529 1.3065334511435924e-6
9530 1.3064629549807161e-6
9531 1.305439164823117e-6
9532 1.3060303677795615e-6
9533 1.306725711850247e-6
9534 1.3067016801786878e-6
9535 1.3070878041108886e-6
9536 1.3080443037545769e-6
9537 1.3079129247086295e-6
9538 1.3079417645480459e-6
9539 1.3079353556948421e-6
9540 1.308055518942092e-6
9541 1.308036292382481e-6
9542 1.310473204112391e-6
9543 1.3106878951940765e-6
9544 1.3106878951940765e-6
9545 1.3106878951940765e-6
9546 1.3106878951940765e-6
9547 1.3113335721803882e-6
9548 1.3114537354276382e-6
9549 1.3113624114086226e-6
9550 1.3112005912267308e-6
9551 1.3111252887295426e-6
9552 1.3111172785798108e-6
9553 1.3111172785798108e-6
9554 1.3118462694354064e-6
9555 1.3118430643976227e-6
9556 1.3116027379031228e-6
9557 1.3117517403786074e-6
9558 1.3121218427889808e-6
9559 1.3120801870767028e-6
9560 1.3123012870115919e-6
9561 1.3123012870115919e-6
9562 1.3126601754568138e-6
9563 1.3126473577504065e-6
9564 1.3127130463566073e-6
9565 1.3127531007723573e-6
9566 1.3127723273319684e-6
9567 1.3127723273319684e-6
9568 1.3127723273319684e-6
9569 1.3127723273319684e-6
9570 1.3127723273319684e-6
9571 1.3127723273319684e-6
9572 1.3127723273319684e-6
9573 1.3127723273319684e-6
9574 1.3131776778237802e-6
9575 1.3131776778237802e-6
9576 1.3131776778237802e-6
9577 1.313836173738863e-6
9578 1.313941916760814e-6
9579 1.313941916760814e-6
9580 1.313941916760814e-6
9581 1.3142271040053758e-6
9582 1.3142271040053758e-6
9583 1.3144498064591568e-6
9584 1.3144097520434067e-6
9585 1.3144930659126905e-6
9586 1.3144930659126905e-6
9587 1.3145972064157495e-6
9588 1.314787865825876e-6
9589 1.314787865825876e-6
9590 1.314787865825876e-6
9591 1.314787865825876e-6
9592 1.314787865825876e-6
9593 1.315165979608345e-6
9594 1.3153582415373634e-6
9595 1.315382274431286e-6
9596 1.315382274431286e-6
9597 1.316447721523527e-6
9598 1.3182325461915578e-6
9599 1.318604251732005e-6
9600 1.318604251732005e-6
9601 1.318604251732005e-6
9602 1.318604251732005e-6
9603 1.318604251732005e-6
9604 1.318604251732005e-6
9605 1.318604251732005e-6
9606 1.3187756845825205e-6
9607 1.3187148023106314e-6
9608 1.318767673210425e-6
9609 1.3205845415332922e-6
9610 1.3224222389346623e-6
9611 1.3224222389346623e-6
9612 1.3233226626407734e-6
9613 1.3233226626407734e-6
9614 1.3233226626407734e-6
9615 1.3233226626407734e-6
9616 1.3233226626407734e-6
9617 1.3233226626407734e-6
9618 1.3233226626407734e-6
9619 1.3233226626407734e-6
9620 1.3236911637546188e-6
9621 1.3235565815044334e-6
9622 1.323928286433699e-6
9623 1.323928286433699e-6
9624 1.323928286433699e-6
9625 1.323928286433699e-6
9626 1.323928286433699e-6
9627 1.3242262926070317e-6
9628 1.3241686129281988e-6
9629 1.3244906507730907e-6
9630 1.3243881115665597e-6
9631 1.3242278939035597e-6
9632 1.324040439531217e-6
9633 1.324040439531217e-6
9634 1.324040439531217e-6
9635 1.324040439531217e-6
9636 1.324040439531217e-6
9637 1.324500264664078e-6
9638 1.324394521642127e-6
9639 1.3245611481583307e-6
9640 1.3245066735172815e-6
9641 1.3243192191449387e-6
9642 1.3243192191449387e-6
9643 1.3243192191449387e-6
9644 1.324713354449235e-6
9645 1.326378015870016e-6
9646 1.3272063408943587e-6
9647 1.327598874290945e-6
9648 1.3289382946625959e-6
9649 1.3289382946625959e-6
9650 1.3289382946625959e-6
9651 1.3289382946625959e-6
9652 1.3289382946625959e-6
9653 1.3289382946625959e-6
9654 1.3289382946625959e-6
9655 1.3289382946625959e-6
9656 1.3289382946625959e-6
9657 1.3289382946625959e-6
9658 1.3289382946625959e-6
9659 1.3289382946625959e-6
9660 1.3289382946625959e-6
9661 1.3289382946625959e-6
9662 1.3289382946625959e-6
9663 1.3289382946625959e-6
9664 1.3289382946625959e-6
9665 1.3289382946625959e-6
9666 1.3291193414040987e-6
9667 1.3291193414040987e-6
9668 1.3291193414040987e-6
9669 1.3291193414040987e-6
9670 1.329654469034148e-6
9671 1.3300005397729626e-6
9672 1.329833913256759e-6
9673 1.329833913256759e-6
9674 1.329833913256759e-6
9675 1.329833913256759e-6
9676 1.329833913256759e-6
9677 1.33005661571054e-6
9678 1.33005661571054e-6
9679 1.33005661571054e-6
9680 1.33005661571054e-6
9681 1.33005661571054e-6
9682 1.3304779889465428e-6
9683 1.3305100319901973e-6
9684 1.3303369978431538e-6
9685 1.330796822364833e-6
9686 1.3330751171170892e-6
9687 1.333937088926342e-6
9688 1.333937088926342e-6
9689 1.333395553665453e-6
9690 1.333337875208984e-6
9691 1.3330751183394533e-6
9692 1.3333683163449286e-6
9693 1.3335621801816569e-6
9694 1.3342014489259468e-6
9695 1.334260729290126e-6
9696 1.3358997552980923e-6
9697 1.3361577052221295e-6
9698 1.3371158067735277e-6
9699 1.3371158067735277e-6
9700 1.3368866954665432e-6
9701 1.3368866954665432e-6
9702 1.3365598518985213e-6
9703 1.3365598518985213e-6
9704 1.3365598518985213e-6
9705 1.3370789567843794e-6
9706 1.3371895073630057e-6
9707 1.3374314357652158e-6
9708 1.3374730926998577e-6
9709 1.3374426509527312e-6
9710 1.337865626096444e-6
9711 1.3396344286314658e-6
9712 1.3397161399818578e-6
9713 1.3394469748703052e-6
9714 1.3399740911282588e-6
9715 1.3399740911282588e-6
9716 1.3399740911282588e-6
9717 1.3399740911282588e-6
9718 1.3399740911282588e-6
9719 1.3399740911282588e-6
9720 1.3399740911282588e-6
9721 1.3407078870958024e-6
9722 1.3407078870958024e-6
9723 1.341271853954086e-6
9724 1.341174121081867e-6
9725 1.3412013577912098e-6
9726 1.3413775981984008e-6
9727 1.3420873618832034e-6
9728 1.3438882086842433e-6
9729 1.3436286556301324e-6
9730 1.3439603067548298e-6
9731 1.3443127851244843e-6
9732 1.3443127851244843e-6
9733 1.3443127851244843e-6
9734 1.3443127851244843e-6
9735 1.3443127851244843e-6
9736 1.3443127851244843e-6
9737 1.3443127851244843e-6
9738 1.3443127851244843e-6
9739 1.3443127851244843e-6
9740 1.3443127851244843e-6
9741 1.3443127851244843e-6
9742 1.3443127851244843e-6
9743 1.3443127851244843e-6
9744 1.3443127851244843e-6
9745 1.3443127851244843e-6
9746 1.3443127851244843e-6
9747 1.344958462110796e-6
9748 1.345296521477515e-6
9749 1.3453990600728642e-6
9750 1.3454535347139133e-6
9751 1.3452740911024842e-6
9752 1.3455769017765831e-6
9753 1.3454711581434504e-6
9754 1.3454198885401849e-6
9755 1.3454487277684195e-6
9756 1.3456698283144905e-6
9757 1.346022307295327e-6
9758 1.347919285060876e-6
9759 1.3489382682729814e-6
9760 1.3498178629005895e-6
9761 1.3498178629005895e-6
9762 1.3498178629005895e-6
9763 1.3498178629005895e-6
9764 1.3513783838183115e-6
9765 1.3526136618533578e-6
9766 1.352969345260796e-6
9767 1.3531231540705923e-6
9768 1.3538553487416077e-6
9769 1.3538553487416077e-6
9770 1.3538553487416077e-6
9771 1.3538553487416077e-6
9772 1.3538553487416077e-6
9773 1.3538553487416077e-6
9774 1.3538553487416077e-6
9775 1.3546628459098114e-6
9776 1.3546628459098114e-6
9777 1.354967259713984e-6
9778 1.354967259713984e-6
9779 1.354967259713984e-6
9780 1.354967259713984e-6
9781 1.354967259713984e-6
9782 1.354967259713984e-6
9783 1.354967259713984e-6
9784 1.354967259713984e-6
9785 1.354967259713984e-6
9786 1.354967259713984e-6
9787 1.354967259713984e-6
9788 1.354967259713984e-6
9789 1.3553758152435796e-6
9790 1.3553758152435796e-6
9791 1.3562297750695551e-6
9792 1.3559381783606078e-6
9793 1.3580610636177215e-6
9794 1.358274152791697e-6
9795 1.3590223689845397e-6
9796 1.358496855245478e-6
9797 1.3585288989003143e-6
9798 1.3585288989003143e-6
9799 1.3585288989003143e-6
9800 1.3585288989003143e-6
9801 1.3585288989003143e-6
9802 1.3585288989003143e-6
9803 1.3585288989003143e-6
9804 1.3585288989003143e-6
9805 1.3585288989003143e-6
9806 1.3585288989003143e-6
9807 1.3585288989003143e-6
9808 1.3585288989003143e-6
9809 1.3585288989003143e-6
9810 1.3585288989003143e-6
9811 1.3585288989003143e-6
9812 1.3585288989003143e-6
9813 1.3585288989003143e-6
9814 1.3585288989003143e-6
9815 1.3585288989003143e-6
9816 1.3585288989003143e-6
9817 1.3585288989003143e-6
9818 1.3585288989003143e-6
9819 1.3585288989003143e-6
9820 1.3585288989003143e-6
9821 1.3585288989003143e-6
9822 1.359515839679947e-6
9823 1.358955078470629e-6
9824 1.3590031430361108e-6
9825 1.3590031430361108e-6
9826 1.3592226416744717e-6
9827 1.3593428049217217e-6
9828 1.359400482155827e-6
9829 1.3593524175903453e-6
9830 1.3613230953341907e-6
9831 1.3628948302170643e-6
9832 1.3628948302170643e-6
9833 1.3628948302170643e-6
9834 1.3628948302170643e-6
9835 1.3628948302170643e-6
9836 1.3628948302170643e-6
9837 1.3628948302170643e-6
9838 1.3628948302170643e-6
9839 1.3628948302170643e-6
9840 1.3628948302170643e-6
9841 1.3628948302170643e-6
9842 1.3628948302170643e-6
9843 1.3636574654128423e-6
9844 1.3636574654128423e-6
9845 1.3636574654128423e-6
9846 1.3636574654128423e-6
9847 1.3636574654128423e-6
9848 1.3636574654128423e-6
9849 1.3636574654128423e-6
9850 1.3636574654128423e-6
9851 1.3636574654128423e-6
9852 1.3636574654128423e-6
9853 1.364468166396466e-6
9854 1.364468166396466e-6
9855 1.364746946010188e-6
9856 1.3649584332764535e-6
9857 1.3652308034257898e-6
9858 1.3651330699423888e-6
9859 1.3651330699423888e-6
9860 1.3654983660184506e-6
9861 1.3654150521491668e-6
9862 1.3649856681522503e-6
9863 1.3650769921712659e-6
9864 1.3652211883124385e-6
9865 1.3652211883124385e-6
9866 1.3652211883124385e-6
9867 1.3653045021817223e-6
9868 1.3653045021817223e-6
9869 1.3653045021817223e-6
9870 1.3653045021817223e-6
9871 1.3663779612572407e-6
9872 1.3659453728337224e-6
9873 1.3659053184179724e-6
9874 1.3658476399615033e-6
9875 1.3659485778715061e-6
9876 1.3659854272494725e-6
9877 1.3661216120185498e-6
9878 1.3667240307736917e-6
9879 1.3684319516480063e-6
9880 1.3690167457512473e-6
9881 1.3690167457512473e-6
9882 1.3690167457512473e-6
9883 1.3690167457512473e-6
9884 1.3690167457512473e-6
9885 1.3690167457512473e-6
9886 1.3690167457512473e-6
9887 1.3690167457512473e-6
9888 1.3690167457512473e-6
9889 1.3690167457512473e-6
9890 1.3690167457512473e-6
9891 1.3690167457512473e-6
9892 1.3690167457512473e-6
9893 1.3684095212729754e-6
9894 1.3684095212729754e-6
9895 1.3684095212729754e-6
9896 1.3684095212729754e-6
9897 1.3684095212729754e-6
9898 1.3684095212729754e-6
9899 1.3684095212729754e-6
9900 1.3684095212729754e-6
9901 1.3684095212729754e-6
9902 1.3687443756019108e-6
9903 1.3693259658897317e-6
9904 1.36891901349021e-6
9905 1.3691128754933924e-6
9906 1.369023153993269e-6
9907 1.3689462501995527e-6
9908 1.3690455843682998e-6
9909 1.3691593399847098e-6
9910 1.3693035355147008e-6
9911 1.3697072840988027e-6
9912 1.37124216960371e-6
9913 1.3722803793754264e-6
9914 1.3722803793754264e-6
9915 1.3718525978974018e-6
9916 1.3721201611012445e-6
9917 1.3718654149926272e-6
9918 1.3716330998702226e-6
9919 1.3715802277480653e-6
9920 1.3715802277480653e-6
9921 1.3715802277480653e-6
9922 1.3715802277480653e-6
9923 1.3715802277480653e-6
9924 1.3715802277480653e-6
9925 1.3715802277480653e-6
9926 1.3715802277480653e-6
9927 1.3715802277480653e-6
9928 1.3715802277480653e-6
9929 1.3715802277480653e-6
9930 1.3715802277480653e-6
9931 1.3715802277480653e-6
9932 1.3715802277480653e-6
9933 1.3715802277480653e-6
9934 1.3715802277480653e-6
9935 1.3715802277480653e-6
9936 1.3715802277480653e-6
9937 1.3715802277480653e-6
9938 1.3715802277480653e-6
9939 1.3715802277480653e-6
9940 1.3715802277480653e-6
9941 1.3715802277480653e-6
9942 1.3718237592803489e-6
9943 1.3719230946714598e-6
9944 1.3719230946714598e-6
9945 1.3719230946714598e-6
9946 1.3719230946714598e-6
9947 1.3719230946714598e-6
9948 1.3719230946714598e-6
9949 1.3719230946714598e-6
9950 1.3719230946714598e-6
9951 1.3719230946714598e-6
9952 1.3719230946714598e-6
9953 1.3719230946714598e-6
9954 1.3719230946714598e-6
9955 1.3719230946714598e-6
9956 1.3719230946714598e-6
9957 1.3719230946714598e-6
9958 1.3719230946714598e-6
9959 1.3719230946714598e-6
9960 1.3730077689344936e-6
9961 1.3730077689344936e-6
9962 1.3734387536167562e-6
9963 1.3734115169074134e-6
9964 1.3734115169074134e-6
9965 1.3734115169074134e-6
9966 1.3735701320515216e-6
9967 1.3739450420185708e-6
9968 1.373937031868839e-6
9969 1.3738985799719808e-6
9970 1.3736662636272126e-6
9971 1.3737880293933544e-6
9972 1.3737880293933544e-6
9973 1.3737880293933544e-6
9974 1.3738841597466817e-6
9975 1.3738200736593727e-6
9976 1.373941838203151e-6
9977 1.373977086284589e-6
9978 1.3739931078064164e-6
9979 1.3739931078064164e-6
9980 1.3741132710536664e-6
9981 1.3742911127573856e-6
9982 1.374483374686404e-6
9983 1.374483374686404e-6
9984 1.375026512466185e-6
9985 1.3750697719197187e-6
9986 1.3755728546725677e-6
9987 1.3754799287458422e-6
9988 1.377727782362154e-6
9989 1.3787611864107403e-6
9990 1.3787611864107403e-6
9991 1.3787611864107403e-6
9992 1.3787611864107403e-6
9993 1.3787611864107403e-6
9994 1.3787611864107403e-6
9995 1.3787611864107403e-6
9996 1.3787611864107403e-6
9997 1.3787611864107403e-6
9998 1.3787611864107403e-6
9999 1.3787611864107403e-6
10000 1.3787611864107403e-6
10001 1.3787611864107403e-6
