1 0
2 0
3 0
4 0
5 0
6 0
7 0
8 0
9 0
10 0
11 0
12 0
13 0
14 0
15 0
16 0
17 0
18 0
19 0
20 0
21 0
22 0
23 0
24 0
25 0
26 0
27 0
28 0
29 0
30 0
31 0
32 0
33 0
34 0
35 0
36 0
37 0
38 0
39 0
40 0
41 0
42 0
43 0
44 0
45 0
46 0
47 0
48 0
49 0
50 0
51 0
52 0
53 0
54 0
55 0
56 0
57 0
58 0
59 0
60 0
61 0
62 0
63 0
64 0
65 0
66 0
67 0
68 0
69 0
70 0
71 0
72 0
73 0
74 0
75 0
76 0
77 0
78 0
79 0
80 0
81 0
82 0
83 5.896010487345504e-10
84 2.4224915046109538e-9
85 3.608102455283706e-9
86 4.511729976814605e-9
87 4.511729976814605e-9
88 4.511729976814605e-9
89 4.511729976814605e-9
90 4.511729976814605e-9
91 4.511729976814605e-9
92 4.511729976814605e-9
93 5.803083949438201e-9
94 7.208193538471907e-9
95 8.387395635941007e-9
96 9.456047154783704e-9
97 9.762062255484547e-9
98 9.653114806931878e-9
99 1.0566355608268255e-8
100 1.1341808510453649e-8
101 1.2280684113422749e-8
102 1.3873248685981033e-8
103 1.4571797794450134e-8
104 1.5068472305277382e-8
105 1.745891954387008e-8
106 1.745891954387008e-8
107 1.6986277315783703e-8
108 1.6986277315783703e-8
109 1.6986277315783703e-8
110 1.6986277315783703e-8
111 1.7229807625703646e-8
112 1.71561076474073e-8
113 1.71561076474073e-8
114 1.7159312685191006e-8
115 1.7159312685191006e-8
116 1.7450908782956456e-8
117 1.7266658226033702e-8
118 1.7199367100941004e-8
119 1.7199367100941004e-8
120 1.7585491033141848e-8
121 1.7585491033141848e-8
122 1.7585491033141848e-8
123 1.7585491033141848e-8
124 1.7585491033141848e-8
125 1.7585491033141848e-8
126 1.7585491033141848e-8
127 1.7585491033141848e-8
128 1.7585491033141848e-8
129 1.7585491033141848e-8
130 1.7585491033141848e-8
131 1.7585491033141848e-8
132 1.897778291576825e-8
133 2.01153280785955e-8
134 2.1993079895715583e-8
135 2.1993079895715583e-8
136 2.1993079895715583e-8
137 2.1993079895715583e-8
138 2.1993079895715583e-8
139 2.1993079895715583e-8
140 2.1993079895715583e-8
141 2.1993079895715583e-8
142 2.1993079895715583e-8
143 2.1993079895715583e-8
144 2.1993079895715583e-8
145 2.1993079895715583e-8
146 2.1993079895715583e-8
147 2.1993079895715583e-8
148 2.1993079895715583e-8
149 2.263234802882373e-8
150 2.2848642851764738e-8
151 2.298803143626193e-8
152 2.298803143626193e-8
153 2.3590450191403783e-8
154 2.3590450191403783e-8
155 2.3590450191403783e-8
156 2.3861218433030187e-8
157 2.401823105824648e-8
158 2.457258402554283e-8
159 2.609625434293468e-8
160 2.7150486858841984e-8
161 2.7150486858841984e-8
162 2.7150486858841984e-8
163 2.7150486858841984e-8
164 2.7374793053878497e-8
165 2.7374793053878497e-8
166 2.7374793053878497e-8
167 2.7374793053878497e-8
168 2.7374793053878497e-8
169 2.8057319418156588e-8
170 2.846427242886024e-8
171 2.982932699096206e-8
172 2.931342653170574e-8
173 2.9214091140594786e-8
174 3.193779202277667e-8
175 3.208999831368116e-8
176 3.184005915055757e-8
177 3.1961823694335656e-8
178 3.201950215080476e-8
179 3.197624391963481e-8
180 3.214447295473031e-8
181 3.205154641682301e-8
182 3.202430848511655e-8
183 3.235275518321206e-8
184 3.252098421830757e-8
185 3.219894637341571e-8
186 3.2240603308057565e-8
187 3.232071213955756e-8
188 3.258347023145222e-8
189 3.274849300640026e-8
190 3.2660374025168515e-8
191 3.270843981301402e-8
192 3.290070051966852e-8
193 3.297440172032863e-8
194 3.285423725071487e-8
195 3.303848780763762e-8
196 3.290230303856037e-8
197 3.285103343529492e-8
198 3.300163842967132e-8
199 3.304970299515307e-8
200 3.281418283496487e-8
201 3.313942449527667e-8
202 3.2921529598171326e-8
203 3.2921529598171326e-8
204 3.2921529598171326e-8
205 3.316986746476683e-8
206 3.371460654107582e-8
207 3.3878029241859525e-8
208 3.5726940608381296e-8
209 3.889284258270503e-8
210 3.9666694188362335e-8
211 4.075136784021416e-8
212 4.2089185081791404e-8
213 4.2089185081791404e-8
214 4.2089185081791404e-8
215 4.262271019294871e-8
216 4.343020736115236e-8
217 4.605136781443958e-8
218 4.605136781443958e-8
219 4.605136781443958e-8
220 4.4627032888158677e-8
221 4.4627032888158677e-8
222 4.4627032888158677e-8
223 4.4627032888158677e-8
224 4.4627032888158677e-8
225 4.4627032888158677e-8
226 4.4929844173439574e-8
227 4.5203816230485923e-8
228 4.5207020045905866e-8
229 4.494426317637497e-8
230 4.485454167625137e-8
231 4.485454167625137e-8
232 4.485454167625137e-8
233 4.485454167625137e-8
234 4.485454167625137e-8
235 4.485454167625137e-8
236 4.526149346459126e-8
237 4.518138585545502e-8
238 4.563800533935039e-8
239 4.5453755393609516e-8
240 4.594081723581317e-8
241 4.821270374604772e-8
242 4.821270374604772e-8
243 4.821270374604772e-8
244 4.821270374604772e-8
245 4.821270374604772e-8
246 4.883114402301682e-8
247 4.917561163175769e-8
248 4.9407927365344065e-8
249 4.983570823218676e-8
250 5.1686222728782266e-8
251 5.219891937261864e-8
252 5.220532883700417e-8
253 5.223897439955052e-8
254 5.217648960876962e-8
255 5.232068574994237e-8
256 5.232068574994237e-8
257 5.232068574994237e-8
258 5.272763998300978e-8
259 5.272763998300978e-8
260 5.272763998300978e-8
261 5.272763998300978e-8
262 5.272763998300978e-8
263 5.272763998300978e-8
264 5.272763998300978e-8
265 5.272763998300978e-8
266 5.272763998300978e-8
267 5.321309930632158e-8
268 5.321309930632158e-8
269 5.321309930632158e-8
270 5.321309930632158e-8
271 5.321309930632158e-8
272 5.321309930632158e-8
273 5.321309930632158e-8
274 5.321309930632158e-8
275 5.321309930632158e-8
276 5.321309930632158e-8
277 5.321309930632158e-8
278 5.321309930632158e-8
279 5.321309930632158e-8
280 5.321309930632158e-8
281 5.321309930632158e-8
282 5.499472015893254e-8
283 5.602331726202523e-8
284 5.69061163162352e-8
285 5.8115759549648826e-8
286 5.8115759549648826e-8
287 5.830161262546343e-8
288 5.862044543257158e-8
289 5.852431507924433e-8
290 5.852431507924433e-8
291 5.862525298924714e-8
292 5.862525298924714e-8
293 5.862525298924714e-8
294 5.862525298924714e-8
295 5.989898353233352e-8
296 5.989417658683984e-8
297 5.998229617925347e-8
298 6.008163157036442e-8
299 6.178634740689533e-8
300 6.262268319215165e-8
301 6.262268319215165e-8
302 6.183921830668887e-8
303 6.204910366524434e-8
304 6.204910366524434e-8
305 6.204910366524434e-8
306 6.204910366524434e-8
307 6.248809971960249e-8
308 6.248809971960249e-8
309 6.248809971960249e-8
310 6.248809971960249e-8
311 6.248809971960249e-8
312 6.248809971960249e-8
313 6.29943881214171e-8
314 6.32218969095098e-8
315 6.331322092852524e-8
316 6.48112558331025e-8
317 6.579178775953156e-8
318 6.654000456355614e-8
319 6.750291306044798e-8
320 6.80011894789852e-8
321 6.897371125568254e-8
322 7.020097852981526e-8
323 7.024904431766076e-8
324 7.029070064112073e-8
325 7.060632963280894e-8
326 7.05822961277043e-8
327 7.10981971981425e-8
328 7.10981971981425e-8
329 7.16813893936734e-8
330 7.229662524404068e-8
331 7.22565702171088e-8
332 7.283495607832789e-8
333 7.422724796095429e-8
334 7.472712750956524e-8
335 7.589671632722886e-8
336 7.627162629427802e-8
337 7.6295657965837e-8
338 7.628764781610526e-8
339 7.628764781610526e-8
340 7.65183604196179e-8
341 7.65183604196179e-8
342 7.68484084142415e-8
343 7.68484084142415e-8
344 7.68484084142415e-8
345 7.69189045771179e-8
346 7.69189045771179e-8
347 7.69189045771179e-8
348 7.69189045771179e-8
349 7.69189045771179e-8
350 7.69189045771179e-8
351 7.69189045771179e-8
352 7.69189045771179e-8
353 7.69189045771179e-8
354 7.697978807137071e-8
355 7.697978807137071e-8
356 7.770076755487071e-8
357 7.770076755487071e-8
358 7.770076755487071e-8
359 7.770076755487071e-8
360 7.770076755487071e-8
361 7.770076755487071e-8
362 7.770076755487071e-8
363 7.770076755487071e-8
364 7.770076755487071e-8
365 7.770076755487071e-8
366 7.927090053003432e-8
367 7.94231074321207e-8
368 7.986210348647885e-8
369 8.24047582383398e-8
370 8.289182008054344e-8
371 8.289182008054344e-8
372 8.289182008054344e-8
373 8.289182008054344e-8
374 8.289182008054344e-8
375 8.289182008054344e-8
376 8.289182008054344e-8
377 8.289182008054344e-8
378 8.289182008054344e-8
379 8.289182008054344e-8
380 8.336766673523164e-8
381 8.480962509104976e-8
382 8.616666889223796e-8
383 8.659605227797252e-8
384 8.659605227797252e-8
385 8.659605227797252e-8
386 8.659605227797252e-8
387 8.659605227797252e-8
388 8.659605227797252e-8
389 8.659605227797252e-8
390 8.659605227797252e-8
391 8.659605227797252e-8
392 8.659605227797252e-8
393 8.659605227797252e-8
394 8.659605227797252e-8
395 8.659605227797252e-8
396 8.659605227797252e-8
397 8.659605227797252e-8
398 8.659605227797252e-8
399 8.659605227797252e-8
400 8.659605227797252e-8
401 8.659605227797252e-8
402 8.659605227797252e-8
403 8.659605227797252e-8
404 8.659605227797252e-8
405 8.659605227797252e-8
406 8.659605227797252e-8
407 8.659605227797252e-8
408 8.659605227797252e-8
409 8.682035725064527e-8
410 8.678030283489527e-8
411 8.678030283489527e-8
412 8.86484401498461e-8
413 8.883909955997251e-8
414 8.963377902176885e-8
415 8.967703786412068e-8
416 9.027465028495073e-8
417 9.027465028495073e-8
418 8.995101053234891e-8
419 8.967383404870073e-8
420 9.010161552672531e-8
421 9.002631241835523e-8
422 9.056624699389807e-8
423 9.056624699389807e-8
424 9.079375700435452e-8
425 9.132407707772812e-8
426 9.150031687373725e-8
427 9.14009814826263e-8
428 9.150832702346899e-8
429 9.168296430058627e-8
430 9.317939790863542e-8
431 9.361839396299357e-8
432 9.375457934325269e-8
433 9.403976719899638e-8
434 9.403976719899638e-8
435 9.403976719899638e-8
436 9.403976719899638e-8
437 9.403976719899638e-8
438 9.403976719899638e-8
439 9.403976719899638e-8
440 9.403976719899638e-8
441 9.429451269643177e-8
442 9.423523172107082e-8
443 9.423523172107082e-8
444 9.423523172107082e-8
445 9.515488076442897e-8
446 9.665131376129624e-8
447 9.672341183188262e-8
448 9.688042506828079e-8
449 9.690125353560172e-8
450 9.713997751120987e-8
451 9.682434851952166e-8
452 9.687882193820706e-8
453 9.756775837805256e-8
454 9.719445092989526e-8
455 9.695572695428711e-8
456 9.701340541075621e-8
457 9.682755355730537e-8
458 9.707428829382714e-8
459 9.714157941891983e-8
460 9.742035842145986e-8
461 9.859956051892897e-8
462 9.859956051892897e-8
463 9.859956051892897e-8
464 9.859956051892897e-8
465 9.859956051892897e-8
466 9.859956051892897e-8
467 9.859956051892897e-8
468 9.859956051892897e-8
469 9.859956051892897e-8
470 9.859956051892897e-8
471 9.859956051892897e-8
472 9.859956051892897e-8
473 9.859956051892897e-8
474 9.859956051892897e-8
475 9.859956051892897e-8
476 9.859956051892897e-8
477 9.859956051892897e-8
478 9.859956051892897e-8
479 9.859956051892897e-8
480 9.859956051892897e-8
481 9.859956051892897e-8
482 9.859956051892897e-8
483 9.859956051892897e-8
484 9.859956051892897e-8
485 9.859956051892897e-8
486 9.859956051892897e-8
487 9.859956051892897e-8
488 9.859956051892897e-8
489 9.859956051892897e-8
490 9.859956051892897e-8
491 9.958970572516351e-8
492 9.949357537183626e-8
493 9.949517666836435e-8
494 9.949517666836435e-8
495 9.95320272686944e-8
496 9.95320272686944e-8
497 9.95320272686944e-8
498 9.973069682855255e-8
499 9.96730195944472e-8
500 9.97274930131326e-8
501 9.99277650918826e-8
502 1.0020494157553078e-7
503 1.0202501432499988e-7
504 1.0243837557772531e-7
505 1.042808793134072e-7
506 1.042808793134072e-7
507 1.042808793134072e-7
508 1.042808793134072e-7
509 1.042808793134072e-7
510 1.042808793134072e-7
511 1.042808793134072e-7
512 1.042808793134072e-7
513 1.042808793134072e-7
514 1.042808793134072e-7
515 1.042808793134072e-7
516 1.042808793134072e-7
517 1.042808793134072e-7
518 1.042808793134072e-7
519 1.042808793134072e-7
520 1.042808793134072e-7
521 1.042808793134072e-7
522 1.055626206174072e-7
523 1.0565875158191632e-7
524 1.0727534721485172e-7
525 1.0726893897282995e-7
526 1.0846736640754624e-7
527 1.0846736640754624e-7
528 1.0846736640754624e-7
529 1.0846736640754624e-7
530 1.0846736640754624e-7
531 1.0846736640754624e-7
532 1.0846736640754624e-7
533 1.0846736640754624e-7
534 1.0846736640754624e-7
535 1.0846736640754624e-7
536 1.0846736640754624e-7
537 1.0846736640754624e-7
538 1.0846736640754624e-7
539 1.0846736640754624e-7
540 1.0846736640754624e-7
541 1.0846736640754624e-7
542 1.0846736640754624e-7
543 1.0846736640754624e-7
544 1.0846736640754624e-7
545 1.0846736640754624e-7
546 1.0846736640754624e-7
547 1.0846736640754624e-7
548 1.0846736640754624e-7
549 1.0846736640754624e-7
550 1.0846736640754624e-7
551 1.0846736640754624e-7
552 1.0846736640754624e-7
553 1.0846736640754624e-7
554 1.0846736640754624e-7
555 1.0846736640754624e-7
556 1.0846736640754624e-7
557 1.0846736640754624e-7
558 1.0846736640754624e-7
559 1.0846736640754624e-7
560 1.0846736640754624e-7
561 1.0846736640754624e-7
562 1.0930049776620073e-7
563 1.0930049776620073e-7
564 1.0930049776620073e-7
565 1.0930049776620073e-7
566 1.0983242035846618e-7
567 1.0967060017657434e-7
568 1.0967060017657434e-7
569 1.1063350745110243e-7
570 1.1082737067664877e-7
571 1.1124233505944793e-7
572 1.1312489259969793e-7
573 1.1342610136608697e-7
574 1.1342610136608697e-7
575 1.1342610136608697e-7
576 1.1342610136608697e-7
577 1.1342610136608697e-7
578 1.1342610136608697e-7
579 1.1342610136608697e-7
580 1.1342610136608697e-7
581 1.1342610136608697e-7
582 1.1342610136608697e-7
583 1.1368565442019792e-7
584 1.1368565442019792e-7
585 1.1368565442019792e-7
586 1.1368565442019792e-7
587 1.1368565442019792e-7
588 1.1368565442019792e-7
589 1.1368565442019792e-7
590 1.1368565442019792e-7
591 1.1368565442019792e-7
592 1.1421437319704343e-7
593 1.1421437319704343e-7
594 1.1430409469716702e-7
595 1.1430409469716702e-7
596 1.1442105290663331e-7
597 1.1442105290663331e-7
598 1.1442105290663331e-7
599 1.1442105290663331e-7
600 1.1442105290663331e-7
601 1.1442105290663331e-7
602 1.1442105290663331e-7
603 1.1442105290663331e-7
604 1.1442105290663331e-7
605 1.1497220205850972e-7
606 1.1497220205850972e-7
607 1.1497220205850972e-7
608 1.1497220205850972e-7
609 1.1497220205850972e-7
610 1.1572041825135242e-7
611 1.1692685705816423e-7
612 1.1702779435698515e-7
613 1.1802594971295144e-7
614 1.1813489838386787e-7
615 1.1858511023692335e-7
616 1.1858511023692335e-7
617 1.1858511023692335e-7
618 1.1858511023692335e-7
619 1.1858511023692335e-7
620 1.1858511023692335e-7
621 1.1858511023692335e-7
622 1.1858511023692335e-7
623 1.1858511023692335e-7
624 1.1858511023692335e-7
625 1.1858511023692335e-7
626 1.1858511023692335e-7
627 1.1858511023692335e-7
628 1.1858511023692335e-7
629 1.1858511023692335e-7
630 1.1858511023692335e-7
631 1.1858511023692335e-7
632 1.1858511023692335e-7
633 1.1877096331273795e-7
634 1.1877096331273795e-7
635 1.1877096331273795e-7
636 1.1898565439442335e-7
637 1.1898565439442335e-7
638 1.1898565439442335e-7
639 1.1898565439442335e-7
640 1.1898565439442335e-7
641 1.1898565439442335e-7
642 1.1898565439442335e-7
643 1.193781884021916e-7
644 1.193781884021916e-7
645 1.1954000858408345e-7
646 1.1954000858408345e-7
647 1.1954000858408345e-7
648 1.1954000858408345e-7
649 1.1979475408151885e-7
650 1.203090532442471e-7
651 1.203539139943089e-7
652 1.2069678030652167e-7
653 1.216436666704044e-7
654 1.229446339228335e-7
655 1.229446339228335e-7
656 1.229446339228335e-7
657 1.229446339228335e-7
658 1.229446339228335e-7
659 1.229446339228335e-7
660 1.229446339228335e-7
661 1.229446339228335e-7
662 1.229446339228335e-7
663 1.229446339228335e-7
664 1.229446339228335e-7
665 1.229446339228335e-7
666 1.229446339228335e-7
667 1.229446339228335e-7
668 1.229446339228335e-7
669 1.229446339228335e-7
670 1.229446339228335e-7
671 1.229446339228335e-7
672 1.229446339228335e-7
673 1.229446339228335e-7
674 1.229446339228335e-7
675 1.229446339228335e-7
676 1.229446339228335e-7
677 1.229446339228335e-7
678 1.229446339228335e-7
679 1.229446339228335e-7
680 1.229446339228335e-7
681 1.229446339228335e-7
682 1.229446339228335e-7
683 1.229446339228335e-7
684 1.229446339228335e-7
685 1.229446339228335e-7
686 1.2332755281725063e-7
687 1.2332274648293883e-7
688 1.2335959708326888e-7
689 1.2334517808033349e-7
690 1.2331313381431523e-7
691 1.2326987436078152e-7
692 1.2360472991208068e-7
693 1.2331954266751887e-7
694 1.2318816423275342e-7
695 1.2355506282770708e-7
696 1.2335158571117337e-7
697 1.2348937299914246e-7
698 1.2348937299914246e-7
699 1.237857754312197e-7
700 1.2361594509959612e-7
701 1.2376174253729696e-7
702 1.2369445141220426e-7
703 1.2369445141220426e-7
704 1.2369445141220426e-7
705 1.2369445141220426e-7
706 1.2369445141220426e-7
707 1.2369445141220426e-7
708 1.2369445141220426e-7
709 1.2369445141220426e-7
710 1.2369445141220426e-7
711 1.2369445141220426e-7
712 1.2381942099376605e-7
713 1.2394759561311154e-7
714 1.2408538290108064e-7
715 1.2408538290108064e-7
716 1.2408538290108064e-7
717 1.2408538290108064e-7
718 1.2408538290108064e-7
719 1.2408538290108064e-7
720 1.2456443337118878e-7
721 1.2549850325102796e-7
722 1.2689239643018244e-7
723 1.2745476138075616e-7
724 1.2810844912798158e-7
725 1.2810844912798158e-7
726 1.2810844912798158e-7
727 1.2810844912798158e-7
728 1.2810844912798158e-7
729 1.2810844912798158e-7
730 1.2810844912798158e-7
731 1.2810844912798158e-7
732 1.2810844912798158e-7
733 1.2810844912798158e-7
734 1.2810844912798158e-7
735 1.2810844912798158e-7
736 1.2810844912798158e-7
737 1.2810844912798158e-7
738 1.2810844912798158e-7
739 1.2810844912798158e-7
740 1.2810844912798158e-7
741 1.2810844912798158e-7
742 1.2810844912798158e-7
743 1.2810844912798158e-7
744 1.2810844912798158e-7
745 1.2810844912798158e-7
746 1.2810844912798158e-7
747 1.2810844912798158e-7
748 1.2810844912798158e-7
749 1.2810844912798158e-7
750 1.2810844912798158e-7
751 1.2810844912798158e-7
752 1.2810844912798158e-7
753 1.2810844912798158e-7
754 1.2810844912798158e-7
755 1.2810844912798158e-7
756 1.2810844912798158e-7
757 1.2810844912798158e-7
758 1.2828789335059255e-7
759 1.2828789335059255e-7
760 1.2828789335059255e-7
761 1.2828789335059255e-7
762 1.2828789335059255e-7
763 1.2856346792653076e-7
764 1.2856346792653076e-7
765 1.2856346792653076e-7
766 1.2856346792653076e-7
767 1.2856346792653076e-7
768 1.2856346792653076e-7
769 1.2856346792653076e-7
770 1.2856346792653076e-7
771 1.2856346792653076e-7
772 1.2870125521449985e-7
773 1.2870125521449985e-7
774 1.2870125521449985e-7
775 1.2870125521449985e-7
776 1.2870125521449985e-7
777 1.2870125521449985e-7
778 1.2870125521449985e-7
779 1.2870125521449985e-7
780 1.2870125521449985e-7
781 1.2870125521449985e-7
782 1.2870125521449985e-7
783 1.2870125521449985e-7
784 1.2870125521449985e-7
785 1.2870125521449985e-7
786 1.2870125521449985e-7
787 1.2870125521449985e-7
788 1.2870125521449985e-7
789 1.2870125521449985e-7
790 1.2870125521449985e-7
791 1.2870125521449985e-7
792 1.2870125521449985e-7
793 1.2870125521449985e-7
794 1.2870125521449985e-7
795 1.2870125521449985e-7
796 1.2870125521449985e-7
797 1.283423679916417e-7
798 1.284320894917653e-7
799 1.284320894917653e-7
800 1.284320894917653e-7
801 1.284320894917653e-7
802 1.284320894917653e-7
803 1.284320894917653e-7
804 1.284320894917653e-7
805 1.284320894917653e-7
806 1.284320894917653e-7
807 1.284320894917653e-7
808 1.284320894917653e-7
809 1.284320894917653e-7
810 1.284320894917653e-7
811 1.284320894917653e-7
812 1.2878617038031166e-7
813 1.291050031874198e-7
814 1.291050031874198e-7
815 1.291050031874198e-7
816 1.2934212586649985e-7
817 1.2936455624153075e-7
818 1.2970421812714171e-7
819 1.2978432695864172e-7
820 1.2941582584479622e-7
821 1.2941582584479622e-7
822 1.2941582584479622e-7
823 1.2971863713007713e-7
824 1.29640130817469e-7
825 1.2973305735537628e-7
826 1.2977150925223442e-7
827 1.2976990673334258e-7
828 1.3002144841535802e-7
829 1.2965454982040436e-7
830 1.3008553572503077e-7
831 1.3008553572503077e-7
832 1.3008553572503077e-7
833 1.301864724126698e-7
834 1.2983879915496334e-7
835 1.297378624673243e-7
836 1.2898964566329972e-7
837 1.288534602830406e-7
838 1.288534602830406e-7
839 1.2924439054955326e-7
840 1.2903450580217966e-7
841 1.2903450580217966e-7
842 1.2940621195380887e-7
843 1.2918030446224426e-7
844 1.2918030446224426e-7
845 1.2965615111693247e-7
846 1.2944947018497883e-7
847 1.2982277641077238e-7
848 1.2971062453561787e-7
849 1.2975708780457152e-7
850 1.2975708780457152e-7
851 1.2975708780457152e-7
852 1.2975708780457152e-7
853 1.2975708780457152e-7
854 1.2975708780457152e-7
855 1.298868637204451e-7
856 1.298868637204451e-7
857 1.303002255843524e-7
858 1.3061425205714875e-7
859 1.3052613185355326e-7
860 1.3029381673114876e-7
861 1.3040436730977516e-7
862 1.306174558725687e-7
863 1.305421533753805e-7
864 1.3048127110349146e-7
865 1.3101479621464875e-7
866 1.311029151958805e-7
867 1.3245995899706868e-7
868 1.3307839988521967e-7
869 1.329438170238524e-7
870 1.3330270424671055e-7
871 1.337625293795715e-7
872 1.337625293795715e-7
873 1.337625293795715e-7
874 1.337625293795715e-7
875 1.337625293795715e-7
876 1.337625293795715e-7
877 1.337625293795715e-7
878 1.337625293795715e-7
879 1.337625293795715e-7
880 1.3430566715935238e-7
881 1.3467256575430604e-7
882 1.3610170762608062e-7
883 1.3748919195203147e-7
884 1.3748919195203147e-7
885 1.36917214944016e-7
886 1.3674578209350055e-7
887 1.3660479037892962e-7
888 1.386347484869542e-7
889 1.3878214783236502e-7
890 1.392275533511087e-7
891 1.3931086599802865e-7
892 1.4095630147038047e-7
893 1.4080569708718593e-7
894 1.4115977797573228e-7
895 1.4129596274480953e-7
896 1.4129596274480953e-7
897 1.4129596274480953e-7
898 1.4129596274480953e-7
899 1.4129596274480953e-7
900 1.4129596274480953e-7
901 1.4129596274480953e-7
902 1.4129596274480953e-7
903 1.4129596274480953e-7
904 1.4129596274480953e-7
905 1.4129596274480953e-7
906 1.4129596274480953e-7
907 1.4129596274480953e-7
908 1.4129596274480953e-7
909 1.4129596274480953e-7
910 1.4129596274480953e-7
911 1.4129596274480953e-7
912 1.4129596274480953e-7
913 1.4129596274480953e-7
914 1.4129596274480953e-7
915 1.4129596274480953e-7
916 1.4129596274480953e-7
917 1.4129596274480953e-7
918 1.4129596274480953e-7
919 1.4129596274480953e-7
920 1.4129596274480953e-7
921 1.4129596274480953e-7
922 1.4129596274480953e-7
923 1.4129596274480953e-7
924 1.4129596274480953e-7
925 1.4129596274480953e-7
926 1.4129596274480953e-7
927 1.4129596274480953e-7
928 1.4129596274480953e-7
929 1.4129596274480953e-7
930 1.4129596274480953e-7
931 1.4129596274480953e-7
932 1.4129596274480953e-7
933 1.4129596274480953e-7
934 1.4129596274480953e-7
935 1.4129596274480953e-7
936 1.4129596274480953e-7
937 1.4129596274480953e-7
938 1.4129596274480953e-7
939 1.4129596274480953e-7
940 1.4129596274480953e-7
941 1.4129596274480953e-7
942 1.4129596274480953e-7
943 1.4129596274480953e-7
944 1.4129596274480953e-7
945 1.4129596274480953e-7
946 1.4129596274480953e-7
947 1.4129596274480953e-7
948 1.4129596274480953e-7
949 1.4129596274480953e-7
950 1.4129596274480953e-7
951 1.4129596274480953e-7
952 1.4129596274480953e-7
953 1.4129596274480953e-7
954 1.4129596274480953e-7
955 1.4129596274480953e-7
956 1.4129596274480953e-7
957 1.4129596274480953e-7
958 1.4129596274480953e-7
959 1.4129596274480953e-7
960 1.4129596274480953e-7
961 1.4129596274480953e-7
962 1.4129596274480953e-7
963 1.4129596274480953e-7
964 1.4129596274480953e-7
965 1.4129596274480953e-7
966 1.4129596274480953e-7
967 1.4129596274480953e-7
968 1.4129596274480953e-7
969 1.4129596274480953e-7
970 1.4166927019296683e-7
971 1.4166927019296683e-7
972 1.4166927019296683e-7
973 1.4166927019296683e-7
974 1.4166927019296683e-7
975 1.4166927019296683e-7
976 1.4166927019296683e-7
977 1.4166927019296683e-7
978 1.4166927019296683e-7
979 1.4166927019296683e-7
980 1.4217235355699774e-7
981 1.4217235355699774e-7
982 1.4217235355699774e-7
983 1.4266261921462135e-7
984 1.4267383440213678e-7
985 1.4267383440213678e-7
986 1.4267383440213678e-7
987 1.4267383440213678e-7
988 1.4267383440213678e-7
989 1.4285487992127584e-7
990 1.4285487992127584e-7
991 1.4285487992127584e-7
992 1.433451468012632e-7
993 1.433451468012632e-7
994 1.433451468012632e-7
995 1.433451468012632e-7
996 1.433451468012632e-7
997 1.433451468012632e-7
998 1.4422474142887133e-7
999 1.4410778321940503e-7
1000 1.4398441493437133e-7
1001 1.4398441493437133e-7
1002 1.4398441493437133e-7
1003 1.4398441493437133e-7
1004 1.4398441493437133e-7
1005 1.4398441493437133e-7
1006 1.4398441493437133e-7
1007 1.4398441493437133e-7
1008 1.4398441493437133e-7
1009 1.4398441493437133e-7
1010 1.4448589577951037e-7
1011 1.4448589577951037e-7
1012 1.4448589577951037e-7
1013 1.4448589577951037e-7
1014 1.4448589577951037e-7
1015 1.4448589577951037e-7
1016 1.4448589577951037e-7
1017 1.4448589577951037e-7
1018 1.4448589577951037e-7
1019 1.4448589577951037e-7
1020 1.4448589577951037e-7
1021 1.4448589577951037e-7
1022 1.4448589577951037e-7
1023 1.4448589577951037e-7
1024 1.4448589577951037e-7
1025 1.4448589577951037e-7
1026 1.4448589577951037e-7
1027 1.4448589577951037e-7
1028 1.4448589577951037e-7
1029 1.4448589577951037e-7
1030 1.4448589577951037e-7
1031 1.4448589577951037e-7
1032 1.4506588415962133e-7
1033 1.4518124107255952e-7
1034 1.4501781837177582e-7
1035 1.4501781837177582e-7
1036 1.4501781837177582e-7
1037 1.4501781837177582e-7
1038 1.4501781837177582e-7
1039 1.4501781837177582e-7
1040 1.4501781837177582e-7
1041 1.4501781837177582e-7
1042 1.460864705018004e-7
1043 1.4782963884637134e-7
1044 1.4854581199555955e-7
1045 1.482942703135441e-7
1046 1.4871564232718317e-7
1047 1.4871564232718317e-7
1048 1.4871564232718317e-7
1049 1.4871564232718317e-7
1050 1.4871564232718317e-7
1051 1.4779278824604132e-7
1052 1.4779278824604132e-7
1053 1.4779278824604132e-7
1054 1.4779278824604132e-7
1055 1.4779278824604132e-7
1056 1.4833272098803852e-7
1057 1.4901364605578853e-7
1058 1.5062223153899219e-7
1059 1.5100194722917126e-7
1060 1.5119420854700764e-7
1061 1.5123746800054136e-7
1062 1.517741969271186e-7
1063 1.517741969271186e-7
1064 1.522900979975568e-7
1065 1.519424259622141e-7
1066 1.519071778807759e-7
1067 1.519904917500596e-7
1068 1.519904917500596e-7
1069 1.523637991982169e-7
1070 1.5218435497560593e-7
1071 1.523734118668405e-7
1072 1.523734118668405e-7
1073 1.523734118668405e-7
1074 1.5259931813604134e-7
1075 1.5259931813604134e-7
1076 1.5259931813604134e-7
1077 1.531472634724978e-7
1078 1.5412138654572324e-7
1079 1.5578284353990232e-7
1080 1.5573317645552872e-7
1081 1.5679221469456593e-7
1082 1.5823417243920218e-7
1083 1.5823417243920218e-7
1084 1.5823417243920218e-7
1085 1.5945823528673307e-7
1086 1.596921529280294e-7
1087 1.6209221344642757e-7
1088 1.6177658445473938e-7
1089 1.6181023001728572e-7
1090 1.61744540799903e-7
1091 1.6188393060676396e-7
1092 1.6188393060676396e-7
1093 1.6188393060676396e-7
1094 1.6188393060676396e-7
1095 1.6188393060676396e-7
1096 1.6188393060676396e-7
1097 1.6188393060676396e-7
1098 1.6188393060676396e-7
1099 1.6188393060676396e-7
1100 1.6188393060676396e-7
1101 1.6188393060676396e-7
1102 1.6188393060676396e-7
1103 1.6188393060676396e-7
1104 1.6188393060676396e-7
1105 1.6188393060676396e-7
1106 1.6188393060676396e-7
1107 1.6188393060676396e-7
1108 1.6188393060676396e-7
1109 1.6188393060676396e-7
1110 1.6188393060676396e-7
1111 1.6188393060676396e-7
1112 1.6188393060676396e-7
1113 1.6246712280229485e-7
1114 1.6246712280229485e-7
1115 1.6246712280229485e-7
1116 1.6246712280229485e-7
1117 1.6246712280229485e-7
1118 1.6316086557645216e-7
1119 1.6316086557645216e-7
1120 1.63747261587403e-7
1121 1.6377610203800134e-7
1122 1.6370079954081312e-7
1123 1.6366715397826678e-7
1124 1.6372803625015582e-7
1125 1.660127398556158e-7
1126 1.6642289729292128e-7
1127 1.6717271539347394e-7
1128 1.6657830739924572e-7
1129 1.6686189212491566e-7
1130 1.6721757553235386e-7
1131 1.673233185543047e-7
1132 1.6746270836116566e-7
1133 1.6738740586397745e-7
1134 1.6715669203810104e-7
1135 1.677318740839002e-7
1136 1.6839357259203924e-7
1137 1.6837274473590018e-7
1138 1.6836793840158838e-7
1139 1.6810197710545566e-7
1140 1.689110761813693e-7
1141 1.687556648526811e-7
1142 1.687428471462738e-7
1143 1.6821092455400834e-7
1144 1.685089307273412e-7
1145 1.6844003708335666e-7
1146 1.683855624423075e-7
1147 1.6857622063007016e-7
1148 1.6879251545301118e-7
1149 1.6862909275222747e-7
1150 1.6889986099385388e-7
1151 1.6889986099385388e-7
1152 1.6889986099385388e-7
1153 1.6961763543957019e-7
1154 1.6952951645833845e-7
1155 1.6945421396115024e-7
1156 1.6945421396115024e-7
1157 1.701719896292303e-7
1158 1.7037546552340025e-7
1159 1.718943295064803e-7
1160 1.722323888731994e-7
1161 1.7455714811677313e-7
1162 1.7530055736412215e-7
1163 1.7681781943949222e-7
1164 1.774378616241713e-7
1165 1.774378616241713e-7
1166 1.774378616241713e-7
1167 1.774378616241713e-7
1168 1.774378616241713e-7
1169 1.774378616241713e-7
1170 1.774378616241713e-7
1171 1.7769260834397045e-7
1172 1.777390716129241e-7
1173 1.7767338178435948e-7
1174 1.7820210056120498e-7
1175 1.7848728780576678e-7
1176 1.798267075662359e-7
1177 1.800638290229522e-7
1178 1.804627712727422e-7
1179 1.8033940359889037e-7
1180 1.8050763202280399e-7
1181 1.8020642325641494e-7
1182 1.807014958595322e-7
1183 1.8129910828036228e-7
1184 1.8129910828036228e-7
1185 1.8129910828036228e-7
1186 1.8129910828036228e-7
1187 1.8214826238320779e-7
1188 1.8214826238320779e-7
1189 1.8214826238320779e-7
1190 1.8214826238320779e-7
1191 1.8214826238320779e-7
1192 1.8270902420370778e-7
1193 1.8270902420370778e-7
1194 1.8308713798617687e-7
1195 1.8310155698911227e-7
1196 1.8310155698911227e-7
1197 1.8351171381523586e-7
1198 1.8358861760895216e-7
1199 1.8427755404879767e-7
1200 1.8536863655385314e-7
1201 1.8543753019783769e-7
1202 1.857964180318777e-7
1203 1.860143135401649e-7
1204 1.8606398123572038e-7
1205 1.864148576976649e-7
1206 1.8654463422472038e-7
1207 1.8654463422472038e-7
1208 1.8654463422472038e-7
1209 1.8654463422472038e-7
1210 1.8654463422472038e-7
1211 1.8654463422472038e-7
1212 1.8654463422472038e-7
1213 1.8654463422472038e-7
1214 1.8654463422472038e-7
1215 1.8654463422472038e-7
1216 1.8654463422472038e-7
1217 1.8707174926031028e-7
1218 1.8707174926031028e-7
1219 1.8707174926031028e-7
1220 1.8707174926031028e-7
1221 1.8714224420082292e-7
1222 1.8741301244244933e-7
1223 1.8741301244244933e-7
1224 1.8771422243120213e-7
1225 1.8771422243120213e-7
1226 1.8771422243120213e-7
1227 1.8771422243120213e-7
1228 1.8771422243120213e-7
1229 1.8793371984719932e-7
1230 1.8823492861358836e-7
1231 1.8800581730660382e-7
1232 1.8814520711346478e-7
1233 1.882028855699339e-7
1234 1.882028855699339e-7
1235 1.882028855699339e-7
1236 1.8893668275984118e-7
1237 1.8882613218121479e-7
1238 1.8856337531168388e-7
1239 1.8856337531168388e-7
1240 1.8856337531168388e-7
1241 1.8856337531168388e-7
1242 1.8856337531168388e-7
1243 1.8856337531168388e-7
1244 1.8856337531168388e-7
1245 1.8856337531168388e-7
1246 1.8856337531168388e-7
1247 1.8856337531168388e-7
1248 1.8856337531168388e-7
1249 1.8856337531168388e-7
1250 1.8856337531168388e-7
1251 1.8856337531168388e-7
1252 1.8856337531168388e-7
1253 1.8889342330630746e-7
1254 1.8889342330630746e-7
1255 1.8889342330630746e-7
1256 1.8900397388493386e-7
1257 1.8900397388493386e-7
1258 1.901415190477611e-7
1259 1.9122939712621475e-7
1260 1.929885869926129e-7
1261 1.929885869926129e-7
1262 1.929885869926129e-7
1263 1.929885869926129e-7
1264 1.929885869926129e-7
1265 1.929885869926129e-7
1266 1.929885869926129e-7
1267 1.929885869926129e-7
1268 1.929885869926129e-7
1269 1.929885869926129e-7
1270 1.929885869926129e-7
1271 1.929885869926129e-7
1272 1.929885869926129e-7
1273 1.929885869926129e-7
1274 1.9380249179165646e-7
1275 1.9416618596000827e-7
1276 1.944593839654837e-7
1277 1.9576836259000826e-7
1278 1.9653420343475194e-7
1279 1.9653420343475194e-7
1280 1.9653420343475194e-7
1281 1.9653420343475194e-7
1282 1.9653420343475194e-7
1283 1.9653420343475194e-7
1284 1.9653420343475194e-7
1285 1.9653420343475194e-7
1286 1.9653420343475194e-7
1287 1.9653420343475194e-7
1288 1.9653420343475194e-7
1289 1.9653420343475194e-7
1290 1.9653420343475194e-7
1291 1.9653420343475194e-7
1292 1.9653420343475194e-7
1293 1.9653420343475194e-7
1294 1.9653420343475194e-7
1295 1.9653420343475194e-7
1296 1.9653420343475194e-7
1297 1.9653420343475194e-7
1298 1.9653420343475194e-7
1299 1.9653420343475194e-7
1300 1.9653420343475194e-7
1301 1.9653420343475194e-7
1302 1.9653420343475194e-7
1303 1.9653420343475194e-7
1304 1.9653420343475194e-7
1305 1.9653420343475194e-7
1306 1.9653420343475194e-7
1307 1.9653420343475194e-7
1308 1.9653420343475194e-7
1309 1.9653420343475194e-7
1310 1.9653420343475194e-7
1311 1.9653420343475194e-7
1312 1.9653420343475194e-7
1313 1.9653420343475194e-7
1314 1.9653420343475194e-7
1315 1.9653420343475194e-7
1316 1.9653420343475194e-7
1317 1.9653420343475194e-7
1318 1.9653420343475194e-7
1319 1.9653420343475194e-7
1320 1.9653420343475194e-7
1321 1.9653420343475194e-7
1322 1.9653420343475194e-7
1323 1.972167310213938e-7
1324 1.9675209955422104e-7
1325 1.9675209955422104e-7
1326 1.9675209955422104e-7
1327 1.9675209955422104e-7
1328 1.9675209955422104e-7
1329 1.9675209955422104e-7
1330 1.9675209955422104e-7
1331 1.9675209955422104e-7
1332 1.9675209955422104e-7
1333 1.9675209955422104e-7
1334 1.9675209955422104e-7
1335 1.9675209955422104e-7
1336 1.9675209955422104e-7
1337 1.9675209955422104e-7
1338 1.9675209955422104e-7
1339 1.9675209955422104e-7
1340 1.974842942252365e-7
1341 1.974842942252365e-7
1342 1.978896447170483e-7
1343 1.978896447170483e-7
1344 1.978896447170483e-7
1345 1.978896447170483e-7
1346 1.978896447170483e-7
1347 1.978896447170483e-7
1348 1.978896447170483e-7
1349 1.9842637364362554e-7
1350 1.9829499520886009e-7
1351 1.987355937821101e-7
1352 1.988525519915764e-7
1353 2.0040345901831094e-7
1354 2.0054445134406374e-7
1355 2.0066942092562553e-7
1356 2.012638283086719e-7
1357 2.015345965502983e-7
1358 2.015345965502983e-7
1359 2.015345965502983e-7
1360 2.015345965502983e-7
1361 2.015345965502983e-7
1362 2.015345965502983e-7
1363 2.015345965502983e-7
1364 2.015345965502983e-7
1365 2.015345965502983e-7
1366 2.015345965502983e-7
1367 2.015345965502983e-7
1368 2.015345965502983e-7
1369 2.0218988742759745e-7
1370 2.0203928243322105e-7
1371 2.0203928243322105e-7
1372 2.0203928243322105e-7
1373 2.0203928243322105e-7
1374 2.0203928243322105e-7
1375 2.0203928243322105e-7
1376 2.0222353176778004e-7
1377 2.0223955451197105e-7
1378 2.022699950367337e-7
1379 2.0229082289287274e-7
1380 2.0252474175653286e-7
1381 2.0279390686808554e-7
1382 2.0279390686808554e-7
1383 2.0279390686808554e-7
1384 2.0279390686808554e-7
1385 2.0279390686808554e-7
1386 2.0279390686808554e-7
1387 2.0279390686808554e-7
1388 2.0279390686808554e-7
1389 2.0279390686808554e-7
1390 2.0279390686808554e-7
1391 2.0279390686808554e-7
1392 2.0279390686808554e-7
1393 2.0279390686808554e-7
1394 2.0279390686808554e-7
1395 2.0279390686808554e-7
1396 2.0279390686808554e-7
1397 2.0279390686808554e-7
1398 2.0296373719970913e-7
1399 2.0324251559106727e-7
1400 2.032809687102892e-7
1401 2.0337229150694088e-7
1402 2.0311434219408555e-7
1403 2.030342321402218e-7
1404 2.032409142945392e-7
1405 2.032409142945392e-7
1406 2.0395868996261927e-7
1407 2.0396670011235102e-7
1408 2.0396670011235102e-7
1409 2.0448099866389737e-7
1410 2.0412050892214737e-7
1411 2.0412050892214737e-7
1412 2.0412050892214737e-7
1413 2.0412050892214737e-7
1414 2.0412050892214737e-7
1415 2.0412050892214737e-7
1416 2.0412050892214737e-7
1417 2.0412050892214737e-7
1418 2.0412050892214737e-7
1419 2.0412050892214737e-7
1420 2.0412050892214737e-7
1421 2.0436564297332293e-7
1422 2.0454508597357011e-7
1423 2.0454508597357011e-7
1424 2.0454508597357011e-7
1425 2.0454508597357011e-7
1426 2.0454508597357011e-7
1427 2.0468607707695916e-7
1428 2.0560572734268106e-7
1429 2.0582682727757012e-7
1430 2.067929395898819e-7
1431 2.0908245014083554e-7
1432 2.107455090427246e-7
1433 2.107455090427246e-7
1434 2.107455090427246e-7
1435 2.107455090427246e-7
1436 2.107455090427246e-7
1437 2.107455090427246e-7
1438 2.107455090427246e-7
1439 2.107455090427246e-7
1440 2.107455090427246e-7
1441 2.107455090427246e-7
1442 2.107455090427246e-7
1443 2.107455090427246e-7
1444 2.107455090427246e-7
1445 2.107455090427246e-7
1446 2.107455090427246e-7
1447 2.107455090427246e-7
1448 2.107455090427246e-7
1449 2.107455090427246e-7
1450 2.107455090427246e-7
1451 2.107455090427246e-7
1452 2.107455090427246e-7
1453 2.107455090427246e-7
1454 2.107455090427246e-7
1455 2.109682114965055e-7
1456 2.109682114965055e-7
1457 2.1018314409215087e-7
1458 2.1018314409215087e-7
1459 2.1018314409215087e-7
1460 2.1018314409215087e-7
1461 2.1018314409215087e-7
1462 2.1018314409215087e-7
1463 2.1018314409215087e-7
1464 2.1018314409215087e-7
1465 2.1035617946155817e-7
1466 2.1035617946155817e-7
1467 2.1035617946155817e-7
1468 2.1035617946155817e-7
1469 2.1035617946155817e-7
1470 2.1041065288024357e-7
1471 2.1041065288024357e-7
1472 2.1041065288024357e-7
1473 2.1041065288024357e-7
1474 2.1041065288024357e-7
1475 2.1041065288024357e-7
1476 2.1041065288024357e-7
1477 2.1041065288024357e-7
1478 2.1041065288024357e-7
1479 2.1142002464608908e-7
1480 2.1344197138201815e-7
1481 2.141020685936291e-7
1482 2.141020685936291e-7
1483 2.141020685936291e-7
1484 2.141020685936291e-7
1485 2.141020685936291e-7
1486 2.141020685936291e-7
1487 2.1449460137903358e-7
1488 2.1449460137903358e-7
1489 2.149688467371937e-7
1490 2.1508580494666e-7
1491 2.151691188159437e-7
1492 2.1519955934070636e-7
1493 2.148358657835364e-7
1494 2.148406721178482e-7
1495 2.148406721178482e-7
1496 2.148406721178482e-7
1497 2.148406721178482e-7
1498 2.148406721178482e-7
1499 2.152908833597218e-7
1500 2.1558247945748725e-7
1501 2.153309377754718e-7
1502 2.1540944408807995e-7
1503 2.156097173891937e-7
1504 2.1590451669119722e-7
1505 2.1598142170727727e-7
1506 2.1764287931263822e-7
1507 2.1755956605453639e-7
1508 2.1798894882908906e-7
1509 2.182629208861354e-7
1510 2.186009802528545e-7
1511 2.186009802528545e-7
1512 2.186009802528545e-7
1513 2.186009802528545e-7
1514 2.186009802528545e-7
1515 2.186009802528545e-7
1516 2.186009802528545e-7
1517 2.186009802528545e-7
1518 2.186009802528545e-7
1519 2.186009802528545e-7
1520 2.186009802528545e-7
1521 2.186009802528545e-7
1522 2.18873349791009e-7
1523 2.1918897756033343e-7
1524 2.1938284200824355e-7
1525 2.2171400888265717e-7
1526 2.2241255737994439e-7
1527 2.2241255737994439e-7
1528 2.2241255737994439e-7
1529 2.2241255737994439e-7
1530 2.2241255737994439e-7
1531 2.2241255737994439e-7
1532 2.2241255737994439e-7
1533 2.2241255737994439e-7
1534 2.2241255737994439e-7
1535 2.2241255737994439e-7
1536 2.2241255737994439e-7
1537 2.2241255737994439e-7
1538 2.2241255737994439e-7
1539 2.2241255737994439e-7
1540 2.218694196001635e-7
1541 2.2192389363003076e-7
1542 2.2200079803492892e-7
1543 2.2200079803492892e-7
1544 2.2200079803492892e-7
1545 2.2200079803492892e-7
1546 2.2200079803492892e-7
1547 2.2200079803492892e-7
1548 2.2200079803492892e-7
1549 2.2200079803492892e-7
1550 2.2200079803492892e-7
1551 2.2200079803492892e-7
1552 2.2200079803492892e-7
1553 2.2200079803492892e-7
1554 2.2200079803492892e-7
1555 2.2200079803492892e-7
1556 2.2200079803492892e-7
1557 2.2200079803492892e-7
1558 2.2200079803492892e-7
1559 2.2200079803492892e-7
1560 2.2200079803492892e-7
1561 2.229765230158643e-7
1562 2.2317519379808622e-7
1563 2.2312392419482078e-7
1564 2.2369590059165434e-7
1565 2.2573707388719436e-7
1566 2.2568900932171263e-7
1567 2.256874061916389e-7
1568 2.2568099794961712e-7
1569 2.2586684980306797e-7
1570 2.256681808543917e-7
1571 2.2568900932171263e-7
1572 2.255351999007344e-7
1573 2.2566337390889804e-7
1574 2.2597419656627443e-7
1575 2.2594695924574984e-7
1576 2.2592452887071894e-7
1577 2.2633789012344435e-7
1578 2.2633789012344435e-7
1579 2.2633789012344435e-7
1580 2.2657020524584885e-7
1581 2.2658302295225616e-7
1582 2.264388268110834e-7
1583 2.2678169373447807e-7
1584 2.2657821661794436e-7
1585 2.2638275087350616e-7
1586 2.266471102619289e-7
1587 2.2664871278082075e-7
1588 2.2648208626461709e-7
1589 2.2647087107710165e-7
1590 2.264740748925216e-7
1591 2.2666793811806796e-7
1592 2.2636512683278705e-7
1593 2.2704445060400897e-7
1594 2.2740173530797526e-7
1595 2.2710052654158621e-7
1596 2.2707649364766347e-7
1597 2.2699798672387344e-7
1598 2.2850082857394436e-7
1599 2.2973770973906443e-7
1600 2.302872557608671e-7
1601 2.302872557608671e-7
1602 2.302872557608671e-7
1603 2.302872557608671e-7
1604 2.302872557608671e-7
1605 2.306829935840553e-7
1606 2.307582960812435e-7
1607 2.307823277528025e-7
1608 2.310434833258053e-7
1609 2.3180772104047526e-7
1610 2.3291001873304619e-7
1611 2.3322724963244435e-7
1612 2.3316476484166345e-7
1613 2.3332017617035164e-7
1614 2.3423982521370979e-7
1615 2.343471707545525e-7
1616 2.3458108839584883e-7
1617 2.3426866444194433e-7
1618 2.3445451629539518e-7
1619 2.3456026053970977e-7
1620 2.3490312624074066e-7
1621 2.3490312624074066e-7
1622 2.3549913614267886e-7
1623 2.3561929938992885e-7
1624 2.3604387583016973e-7
1625 2.3598459546599067e-7
1626 2.3792963779702157e-7
1627 2.3791682070179616e-7
1628 2.3821642756047522e-7
1629 2.3821642756047522e-7
1630 2.3821642756047522e-7
1631 2.3821642756047522e-7
1632 2.3821642756047522e-7
1633 2.3821642756047522e-7
1634 2.3821642756047522e-7
1635 2.3821642756047522e-7
1636 2.3821642756047522e-7
1637 2.3821642756047522e-7
1638 2.3821642756047522e-7
1639 2.3821642756047522e-7
1640 2.3821642756047522e-7
1641 2.3821642756047522e-7
1642 2.3821642756047522e-7
1643 2.3821642756047522e-7
1644 2.3821642756047522e-7
1645 2.3821642756047522e-7
1646 2.3821642756047522e-7
1647 2.3821642756047522e-7
1648 2.3821642756047522e-7
1649 2.3821642756047522e-7
1650 2.3821642756047522e-7
1651 2.3821642756047522e-7
1652 2.3821642756047522e-7
1653 2.3821642756047522e-7
1654 2.3821642756047522e-7
1655 2.3821642756047522e-7
1656 2.3821642756047522e-7
1657 2.3821642756047522e-7
1658 2.3821642756047522e-7
1659 2.3821642756047522e-7
1660 2.3821642756047522e-7
1661 2.3821642756047522e-7
1662 2.3821642756047522e-7
1663 2.3821642756047522e-7
1664 2.3821642756047522e-7
1665 2.3821642756047522e-7
1666 2.3821642756047522e-7
1667 2.3821642756047522e-7
1668 2.3821642756047522e-7
1669 2.3821642756047522e-7
1670 2.3821642756047522e-7
1671 2.3821642756047522e-7
1672 2.3821642756047522e-7
1673 2.3821642756047522e-7
1674 2.38341397142037e-7
1675 2.405139482611606e-7
1676 2.409593531687224e-7
1677 2.412060891276079e-7
1678 2.421241362632561e-7
1679 2.421241362632561e-7
1680 2.421241362632561e-7
1681 2.421241362632561e-7
1682 2.421241362632561e-7
1683 2.421241362632561e-7
1684 2.421241362632561e-7
1685 2.421241362632561e-7
1686 2.421241362632561e-7
1687 2.421241362632561e-7
1688 2.421241362632561e-7
1689 2.421241362632561e-7
1690 2.421241362632561e-7
1691 2.423804842795834e-7
1692 2.423804842795834e-7
1693 2.423804842795834e-7
1694 2.423804842795834e-7
1695 2.423804842795834e-7
1696 2.423804842795834e-7
1697 2.423804842795834e-7
1698 2.423804842795834e-7
1699 2.423804842795834e-7
1700 2.423804842795834e-7
1701 2.423804842795834e-7
1702 2.423804842795834e-7
1703 2.423804842795834e-7
1704 2.423804842795834e-7
1705 2.423804842795834e-7
1706 2.423804842795834e-7
1707 2.423804842795834e-7
1708 2.423804842795834e-7
1709 2.423804842795834e-7
1710 2.423804842795834e-7
1711 2.423804842795834e-7
1712 2.423804842795834e-7
1713 2.423804842795834e-7
1714 2.423804842795834e-7
1715 2.423804842795834e-7
1716 2.427778246216634e-7
1717 2.431287016947898e-7
1718 2.431383143634134e-7
1719 2.4355968698823436e-7
1720 2.4556400968344433e-7
1721 2.464227764549134e-7
1722 2.464227764549134e-7
1723 2.464227764549134e-7
1724 2.4664227509327435e-7
1725 2.466711143215089e-7
1726 2.466711143215089e-7
1727 2.469563015660707e-7
1728 2.469563015660707e-7
1729 2.469563015660707e-7
1730 2.469563015660707e-7
1731 2.469563015660707e-7
1732 2.469563015660707e-7
1733 2.469563015660707e-7
1734 2.469563015660707e-7
1735 2.469563015660707e-7
1736 2.472270698076971e-7
1737 2.4889333374736985e-7
1738 2.507470514482034e-7
1739 2.507470514482034e-7
1740 2.507470514482034e-7
1741 2.507470514482034e-7
1742 2.507470514482034e-7
1743 2.507470514482034e-7
1744 2.507470514482034e-7
1745 2.507470514482034e-7
1746 2.507470514482034e-7
1747 2.507470514482034e-7
1748 2.507470514482034e-7
1749 2.507470514482034e-7
1750 2.513126196030152e-7
1751 2.513126196030152e-7
1752 2.513126196030152e-7
1753 2.513126196030152e-7
1754 2.513126196030152e-7
1755 2.513126196030152e-7
1756 2.513126196030152e-7
1757 2.513126196030152e-7
1758 2.513126196030152e-7
1759 2.513126196030152e-7
1760 2.513126196030152e-7
1761 2.513126196030152e-7
1762 2.513126196030152e-7
1763 2.513126196030152e-7
1764 2.513126196030152e-7
1765 2.513126196030152e-7
1766 2.513126196030152e-7
1767 2.513126196030152e-7
1768 2.513126196030152e-7
1769 2.521761927087961e-7
1770 2.527850203171416e-7
1771 2.529099898987034e-7
1772 2.542878621672125e-7
1773 2.545121665287034e-7
1774 2.547332670747743e-7
1775 2.5560965788696253e-7
1776 2.5560965788696253e-7
1777 2.5560965788696253e-7
1778 2.5560965788696253e-7
1779 2.5560965788696253e-7
1780 2.5560965788696253e-7
1781 2.5560965788696253e-7
1782 2.5560965788696253e-7
1783 2.5560965788696253e-7
1784 2.5560965788696253e-7
1785 2.5560965788696253e-7
1786 2.5560965788696253e-7
1787 2.5560965788696253e-7
1788 2.5560965788696253e-7
1789 2.5560965788696253e-7
1790 2.5560965788696253e-7
1791 2.5560965788696253e-7
1792 2.5560965788696253e-7
1793 2.5560965788696253e-7
1794 2.5560965788696253e-7
1795 2.5560965788696253e-7
1796 2.5560965788696253e-7
1797 2.5560965788696253e-7
1798 2.5560965788696253e-7
1799 2.5560965788696253e-7
1800 2.5560965788696253e-7
1801 2.5560965788696253e-7
1802 2.5560965788696253e-7
1803 2.5560965788696253e-7
1804 2.5560965788696253e-7
1805 2.568689694271135e-7
1806 2.5836380051627083e-7
1807 2.5858490106234175e-7
1808 2.5891494905696533e-7
1809 2.5902069269009804e-7
1810 2.588140111469625e-7
1811 2.592465989592989e-7
1812 2.5948532354608895e-7
1813 2.5948532354608895e-7
1814 2.5948532354608895e-7
1815 2.5948532354608895e-7
1816 2.5948532354608895e-7
1817 2.5948532354608895e-7
1818 2.5948532354608895e-7
1819 2.5948532354608895e-7
1820 2.5948532354608895e-7
1821 2.5948532354608895e-7
1822 2.5948532354608895e-7
1823 2.5948532354608895e-7
1824 2.5948532354608895e-7
1825 2.5948532354608895e-7
1826 2.5948532354608895e-7
1827 2.5948532354608895e-7
1828 2.5948532354608895e-7
1829 2.5948532354608895e-7
1830 2.5948532354608895e-7
1831 2.5948532354608895e-7
1832 2.5948532354608895e-7
1833 2.5948532354608895e-7
1834 2.5948532354608895e-7
1835 2.5948532354608895e-7
1836 2.5948532354608895e-7
1837 2.5948532354608895e-7
1838 2.5948532354608895e-7
1839 2.5948532354608895e-7
1840 2.5948532354608895e-7
1841 2.5948532354608895e-7
1842 2.5948532354608895e-7
1843 2.5948532354608895e-7
1844 2.5948532354608895e-7
1845 2.5948532354608895e-7
1846 2.5948532354608895e-7
1847 2.5948532354608895e-7
1848 2.5948532354608895e-7
1849 2.5948532354608895e-7
1850 2.5948532354608895e-7
1851 2.5948532354608895e-7
1852 2.5948532354608895e-7
1853 2.5948532354608895e-7
1854 2.5948532354608895e-7
1855 2.5948532354608895e-7
1856 2.5948532354608895e-7
1857 2.5948532354608895e-7
1858 2.5948532354608895e-7
1859 2.5948532354608895e-7
1860 2.5948532354608895e-7
1861 2.5948532354608895e-7
1862 2.5948532354608895e-7
1863 2.5948532354608895e-7
1864 2.5948532354608895e-7
1865 2.5948532354608895e-7
1866 2.6032806818454893e-7
1867 2.604177902958544e-7
1868 2.6244133955067534e-7
1869 2.6401467695244076e-7
1870 2.6443444766955173e-7
1871 2.6418290598753626e-7
1872 2.643319084630208e-7
1873 2.643319084630208e-7
1874 2.643319084630208e-7
1875 2.6466676279195617e-7
1876 2.644024034035334e-7
1877 2.645241691696753e-7
1878 2.6441842492536066e-7
1879 2.6544542073192524e-7
1880 2.6554796054963804e-7
1881 2.6695467143519986e-7
1882 2.683005000488726e-7
1883 2.683005000488726e-7
1884 2.683005000488726e-7
1885 2.683005000488726e-7
1886 2.683005000488726e-7
1887 2.683005000488726e-7
1888 2.683005000488726e-7
1889 2.683005000488726e-7
1890 2.683005000488726e-7
1891 2.683005000488726e-7
1892 2.690919744728852e-7
1893 2.696110793587434e-7
1894 2.6952135785861977e-7
1895 2.7062365494000883e-7
1896 2.710674585510425e-7
1897 2.717884380345425e-7
1898 2.718076645941535e-7
1899 2.723443941319126e-7
1900 2.725542794904681e-7
1901 2.743647389601317e-7
1902 2.743647389601317e-7
1903 2.747172173297862e-7
1904 2.748101438676935e-7
1905 2.748838450683536e-7
1906 2.745009249515727e-7
1907 2.761495636281626e-7
1908 2.7722302270368087e-7
1909 2.7912640932243366e-7
1910 2.792353573821682e-7
1911 2.799258957297237e-7
1912 2.799082716890046e-7
1913 2.799178843576282e-7
1914 2.7980092492579814e-7
1915 2.7980092492579814e-7
1916 2.798537970479554e-7
1917 2.79986776779249e-7
1918 2.79986776779249e-7
1919 2.8046422595282904e-7
1920 2.8134382119161907e-7
1921 2.8238203096333536e-7
1922 2.825967232673845e-7
1923 2.824781625390264e-7
1924 2.833994153236402e-7
1925 2.833994153236402e-7
1926 2.833994153236402e-7
1927 2.840242644538129e-7
1928 2.838496265655138e-7
1929 2.830100851312919e-7
1930 2.829828490331311e-7
1931 2.837807335327111e-7
1932 2.8429503269543936e-7
1933 2.851922513637666e-7
1934 2.871324867493038e-7
1935 2.878678870692848e-7
1936 2.878678870692848e-7
1937 2.878678870692848e-7
1938 2.8826041985468933e-7
1939 2.8826041985468933e-7
1940 2.8853759572715563e-7
1941 2.8871703994976657e-7
1942 2.8871703994976657e-7
1943 2.8871703994976657e-7
1944 2.8871703994976657e-7
1945 2.889509575910629e-7
1946 2.889509575910629e-7
1947 2.889509575910629e-7
1948 2.889509575910629e-7
1949 2.889509575910629e-7
1950 2.889509575910629e-7
1951 2.895341510089576e-7
1952 2.892041017919702e-7
1953 2.892041017919702e-7
1954 2.8966552822135925e-7
1955 2.897632623159421e-7
1956 2.9012214953880027e-7
1957 2.916442167261184e-7
1958 2.934242350598375e-7
1959 2.934242350598375e-7
1960 2.934242350598375e-7
1961 2.934242350598375e-7
1962 2.934242350598375e-7
1963 2.934242350598375e-7
1964 2.934242350598375e-7
1965 2.934242350598375e-7
1966 2.934242350598375e-7
1967 2.934242350598375e-7
1968 2.934242350598375e-7
1969 2.934242350598375e-7
1970 2.937622944265566e-7
1971 2.940987512743838e-7
1972 2.940987512743838e-7
1973 2.947396219263838e-7
1974 2.9478127886102564e-7
1975 2.949623243801647e-7
1976 2.949623243801647e-7
1977 2.949623243801647e-7
1978 2.949623243801647e-7
1979 2.949623243801647e-7
1980 2.949623243801647e-7
1981 2.949623243801647e-7
1982 2.949623243801647e-7
1983 2.949623243801647e-7
1984 2.949623243801647e-7
1985 2.9525231795903827e-7
1986 2.9525231795903827e-7
1987 2.9525231795903827e-7
1988 2.9525231795903827e-7
1989 2.9525231795903827e-7
1990 2.9525231795903827e-7
1991 2.9525231795903827e-7
1992 2.9525231795903827e-7
1993 2.9661577061343013e-7
1994 2.963722403035102e-7
1995 2.9600534170855656e-7
1996 2.9600534170855656e-7
1997 2.9600534170855656e-7
1998 2.9634660611305936e-7
1999 2.9610788091508745e-7
2000 2.9610788091508745e-7
2001 2.9610788091508745e-7
2002 2.9610788091508745e-7
2003 2.9610788091508745e-7
2004 2.9610788091508745e-7
2005 2.9610788091508745e-7
2006 2.9715890839321107e-7
2007 2.9715890839321107e-7
2008 2.9771166006397933e-7
2009 2.979583941893192e-7
2010 3.0007486998204745e-7
2011 3.0011492439779746e-7
2012 3.000604503679302e-7
2013 3.005971799056893e-7
2014 3.0101054299196036e-7
2015 3.010233594760039e-7
2016 3.0211604449995125e-7
2017 3.037710932521086e-7
2018 3.0572574886294494e-7
2019 3.0572574886294494e-7
2020 3.0572574886294494e-7
2021 3.0572574886294494e-7
2022 3.0572574886294494e-7
2023 3.0572574886294494e-7
2024 3.048429491975531e-7
2025 3.0470996885507767e-7
2026 3.0470996885507767e-7
2027 3.0430942469757767e-7
2028 3.0429660760235225e-7
2029 3.0460903155625676e-7
2030 3.038896545916486e-7
2031 3.044504170233305e-7
2032 3.0615192843325955e-7
2033 3.061054651643059e-7
2034 3.062080043708368e-7
2035 3.0632656571037683e-7
2036 3.063137486151514e-7
2037 3.0585071966687054e-7
2038 3.0606701387862966e-7
2039 3.066790453023951e-7
2040 3.0728787229955876e-7
2041 3.075570386334752e-7
2042 3.0856961360355877e-7
2043 3.0824917888874064e-7
2044 3.0807133718502155e-7
2045 3.080553156631943e-7
2046 3.0795277584548156e-7
2047 3.0824757636984886e-7
2048 3.0847027882362976e-7
2049 3.085696136035588e-7
2050 3.078181929841143e-7
2051 3.0755383237332776e-7
2052 3.0766758798973787e-7
2053 3.0744168110935515e-7
2054 3.07363174796747e-7
2055 3.070827932753151e-7
2056 3.074689184298797e-7
2057 3.078230005407898e-7
2058 3.0952931828503067e-7
2059 3.105290767710707e-7
2060 3.10541894477478e-7
2061 3.10541894477478e-7
2062 3.10541894477478e-7
2063 3.10541894477478e-7
2064 3.105771425589162e-7
2065 3.110129347978544e-7
2066 3.106171969746662e-7
2067 3.106171969746662e-7
2068 3.106171969746662e-7
2069 3.107149310692491e-7
2070 3.1086233102584176e-7
2071 3.1076940448793447e-7
2072 3.1075338174374346e-7
2073 3.1089277277296817e-7
2074 3.110577955479162e-7
2075 3.1129651952352434e-7
2076 3.1129651952352434e-7
2077 3.1129651952352434e-7
2078 3.11599332031169e-7
2079 3.117387206156662e-7
2080 3.14483249965169e-7
2081 3.1465948914999623e-7
2082 3.1500235485102715e-7
2083 3.1612227658431715e-7
2084 3.1612227658431715e-7
2085 3.1612227658431715e-7
2086 3.1612227658431715e-7
2087 3.1612227658431715e-7
2088 3.1612227658431715e-7
2089 3.1612227658431715e-7
2090 3.1612227658431715e-7
2091 3.1696181801853904e-7
2092 3.1746169634478624e-7
2093 3.1669104977691265e-7
2094 3.168224282116781e-7
2095 3.167070712987399e-7
2096 3.1696341931506715e-7
2097 3.168032028744309e-7
2098 3.1675513708658543e-7
2099 3.166798345893972e-7
2100 3.1663177002391546e-7
2101 3.1677115860841266e-7
2102 3.166894472580208e-7
2103 3.166894472580208e-7
2104 3.166894472580208e-7
2105 3.1682563202709806e-7
2106 3.169842471712062e-7
2107 3.1816825560298705e-7
2108 3.181922884969098e-7
2109 3.1802085564639436e-7
2110 3.183428934912862e-7
2111 3.1795837085561343e-7
2112 3.1803367335280164e-7
2113 3.1761069882027077e-7
2114 3.1761069882027077e-7
2115 3.1761069882027077e-7
2116 3.182547745100545e-7
2117 3.18403776985539e-7
2118 3.1859924272997724e-7
2119 3.182900225914927e-7
2120 3.182900225914927e-7
2121 3.19326630455499e-7
2122 3.211739405254927e-7
2123 3.216930460225327e-7
2124 3.22522974788131e-7
2125 3.22522974788131e-7
2126 3.2267357978250744e-7
2127 3.2267357978250744e-7
2128 3.2291070123922373e-7
2129 3.2291070123922373e-7
2130 3.2291070123922373e-7
2131 3.2291070123922373e-7
2132 3.2312378980201725e-7
2133 3.2334008462495824e-7
2134 3.2414117293995824e-7
2135 3.2528032062167735e-7
2136 3.253844617359182e-7
2137 3.2586511411373636e-7
2138 3.266694074665201e-7
2139 3.266694074665201e-7
2140 3.266694074665201e-7
2141 3.266694074665201e-7
2142 3.266694074665201e-7
2143 3.266694074665201e-7
2144 3.266694074665201e-7
2145 3.266694074665201e-7
2146 3.266694074665201e-7
2147 3.266694074665201e-7
2148 3.266694074665201e-7
2149 3.266694074665201e-7
2150 3.266694074665201e-7
2151 3.266694074665201e-7
2152 3.266694074665201e-7
2153 3.266694074665201e-7
2154 3.266694074665201e-7
2155 3.266694074665201e-7
2156 3.266694074665201e-7
2157 3.266694074665201e-7
2158 3.266694074665201e-7
2159 3.266694074665201e-7
2160 3.266694074665201e-7
2161 3.266694074665201e-7
2162 3.266694074665201e-7
2163 3.266694074665201e-7
2164 3.266694074665201e-7
2165 3.266694074665201e-7
2166 3.266694074665201e-7
2167 3.266694074665201e-7
2168 3.266694074665201e-7
2169 3.2729746163447657e-7
2170 3.2729746163447657e-7
2171 3.2729746163447657e-7
2172 3.2729746163447657e-7
2173 3.2729746163447657e-7
2174 3.2729746163447657e-7
2175 3.2729746163447657e-7
2176 3.2729746163447657e-7
2177 3.2729746163447657e-7
2178 3.2729746163447657e-7
2179 3.2729746163447657e-7
2180 3.2729746163447657e-7
2181 3.2729746163447657e-7
2182 3.2729746163447657e-7
2183 3.2776049058275745e-7
2184 3.2776049058275745e-7
2185 3.2784540574856925e-7
2186 3.280456778273193e-7
2187 3.280456778273193e-7
2188 3.280456778273193e-7
2189 3.280456778273193e-7
2190 3.285071042567083e-7
2191 3.2812738917771113e-7
2192 3.282828005063993e-7
2193 3.284205877943684e-7
2194 3.286144510199147e-7
2195 3.2766756465603197e-7
2196 3.2741922678943645e-7
2197 3.2741922678943645e-7
2198 3.2730386987649824e-7
2199 3.2786302917810636e-7
2200 3.287586459387236e-7
2201 3.3019900299801367e-7
2202 3.302150245198409e-7
2203 3.306908711745291e-7
2204 3.306908711745291e-7
2205 3.306908711745291e-7
2206 3.306908711745291e-7
2207 3.306908711745291e-7
2208 3.306908711745291e-7
2209 3.306908711745291e-7
2210 3.306908711745291e-7
2211 3.306908711745291e-7
2212 3.306908711745291e-7
2213 3.306908711745291e-7
2214 3.306908711745291e-7
2215 3.294892387020291e-7
2216 3.294892387020291e-7
2217 3.294892387020291e-7
2218 3.285695884363072e-7
2219 3.285695884363072e-7
2220 3.285695884363072e-7
2221 3.285695884363072e-7
2222 3.285695884363072e-7
2223 3.285695884363072e-7
2224 3.285695884363072e-7
2225 3.2830843408566816e-7
2226 3.282779929497236e-7
2227 3.282779929497236e-7
2228 3.282779929497236e-7
2229 3.282779929497236e-7
2230 3.282779929497236e-7
2231 3.282779929497236e-7
2232 3.282779929497236e-7
2233 3.282779929497236e-7
2234 3.282779929497236e-7
2235 3.282779929497236e-7
2236 3.282779929497236e-7
2237 3.282779929497236e-7
2238 3.282779929497236e-7
2239 3.2872019404186546e-7
2240 3.2878428135153824e-7
2241 3.287570434198318e-7
2242 3.287474307512082e-7
2243 3.2882914210160004e-7
2244 3.2883394843591184e-7
2245 3.2883394843591184e-7
2246 3.2883394843591184e-7
2247 3.2883394843591184e-7
2248 3.293818937723683e-7
2249 3.293818937723683e-7
2250 3.293818937723683e-7
2251 3.293818937723683e-7
2252 3.293818937723683e-7
2253 3.293818937723683e-7
2254 3.293818937723683e-7
2255 3.2967669490791746e-7
2256 3.2967669490791746e-7
2257 3.2967669490791746e-7
2258 3.2967669490791746e-7
2259 3.2967669490791746e-7
2260 3.2967669490791746e-7
2261 3.2967669490791746e-7
2262 3.301781769754203e-7
2263 3.301781769754203e-7
2264 3.3129489428210847e-7
2265 3.3325275431954665e-7
2266 3.33504296612744e-7
2267 3.33504296612744e-7
2268 3.33504296612744e-7
2269 3.330268486615277e-7
2270 3.332767878246513e-7
2271 3.330364613301513e-7
2272 3.330364613301513e-7
2273 3.330364613301513e-7
2274 3.330364613301513e-7
2275 3.330364613301513e-7
2276 3.330364613301513e-7
2277 3.330364613301513e-7
2278 3.330364613301513e-7
2279 3.330364613301513e-7
2280 3.330364613301513e-7
2281 3.330364613301513e-7
2282 3.330364613301513e-7
2283 3.330364613301513e-7
2284 3.333520903218395e-7
2285 3.333520903218395e-7
2286 3.333520903218395e-7
2287 3.333520903218395e-7
2288 3.333520903218395e-7
2289 3.333520903218395e-7
2290 3.333520903218395e-7
2291 3.333520903218395e-7
2292 3.333520903218395e-7
2293 3.333520903218395e-7
2294 3.333520903218395e-7
2295 3.333520903218395e-7
2296 3.333520903218395e-7
2297 3.333520903218395e-7
2298 3.335155130226232e-7
2299 3.33800700267185e-7
2300 3.3472996197916675e-7
2301 3.365612505273332e-7
2302 3.3669423086980863e-7
2303 3.3669423086980863e-7
2304 3.3669423086980863e-7
2305 3.3669423086980863e-7
2306 3.3669423086980863e-7
2307 3.381025442742623e-7
2308 3.378045393232932e-7
2309 3.391167223744196e-7
2310 3.4063077941200595e-7
2311 3.4063077941200595e-7
2312 3.4063077941200595e-7
2313 3.4193975742534863e-7
2314 3.4193975742534863e-7
2315 3.4222334215101857e-7
2316 3.4222334215101857e-7
2317 3.4222334215101857e-7
2318 3.4222334215101857e-7
2319 3.4222334215101857e-7
2320 3.4222334215101857e-7
2321 3.4222334215101857e-7
2322 3.4222334215101857e-7
2323 3.4222334215101857e-7
2324 3.4222334215101857e-7
2325 3.4222334215101857e-7
2326 3.4222334215101857e-7
2327 3.4222334215101857e-7
2328 3.4222334215101857e-7
2329 3.4222334215101857e-7
2330 3.4222334215101857e-7
2331 3.423082573168304e-7
2332 3.423082573168304e-7
2333 3.423082573168304e-7
2334 3.423082573168304e-7
2335 3.423082573168304e-7
2336 3.423082573168304e-7
2337 3.423082573168304e-7
2338 3.423082573168304e-7
2339 3.423082573168304e-7
2340 3.423082573168304e-7
2341 3.423082573168304e-7
2342 3.423082573168304e-7
2343 3.423082573168304e-7
2344 3.423082573168304e-7
2345 3.428529976155031e-7
2346 3.4302443046601856e-7
2347 3.4302443046601856e-7
2348 3.4302443046601856e-7
2349 3.4302443046601856e-7
2350 3.4302443046601856e-7
2351 3.4302443046601856e-7
2352 3.4302443046601856e-7
2353 3.4302443046601856e-7
2354 3.4302443046601856e-7
2355 3.4306127984398483e-7
2356 3.436893340119413e-7
2357 3.435659657269076e-7
2358 3.46337732396935e-7
2359 3.46337732396935e-7
2360 3.46337732396935e-7
2361 3.46337732396935e-7
2362 3.46337732396935e-7
2363 3.46337732396935e-7
2364 3.46337732396935e-7
2365 3.46337732396935e-7
2366 3.46337732396935e-7
2367 3.46337732396935e-7
2368 3.46337732396935e-7
2369 3.46337732396935e-7
2370 3.46337732396935e-7
2371 3.465075627285586e-7
2372 3.465075627285586e-7
2373 3.465075627285586e-7
2374 3.465075627285586e-7
2375 3.472637902934968e-7
2376 3.4698981823645045e-7
2377 3.4698981823645045e-7
2378 3.4698981823645045e-7
2379 3.4698981823645045e-7
2380 3.4698981823645045e-7
2381 3.4698981823645045e-7
2382 3.4698981823645045e-7
2383 3.4698981823645045e-7
2384 3.471035726304968e-7
2385 3.471035726304968e-7
2386 3.471035726304968e-7
2387 3.4716125108696586e-7
2388 3.4717086375558945e-7
2389 3.4717086375558945e-7
2390 3.4726539159002486e-7
2391 3.4768516108477204e-7
2392 3.4735511309014846e-7
2393 3.4739516750589847e-7
2394 3.4739516750589847e-7
2395 3.4769637627228753e-7
2396 3.48364484855994e-7
2397 3.484173569781513e-7
2398 3.4826354755717306e-7
2399 3.484397873531822e-7
2400 3.506684150210649e-7
2401 3.50565875814534e-7
2402 3.50727695385244e-7
2403 3.506972536381176e-7
2404 3.509584085999385e-7
2405 3.50766147893284e-7
2406 3.50766147893284e-7
2407 3.5157044124606776e-7
2408 3.517370677622714e-7
2409 3.5163452733337675e-7
2410 3.5164894755867593e-7
2411 3.516088931429259e-7
2412 3.516088931429259e-7
2413 3.5178833614317313e-7
2414 3.5178833614317313e-7
2415 3.5178833614317313e-7
2416 3.5178833614317313e-7
2417 3.5178833614317313e-7
2418 3.5218407396636133e-7
2419 3.5221932082543576e-7
2420 3.5221932082543576e-7
2421 3.5221932082543576e-7
2422 3.5221932082543576e-7
2423 3.5221932082543576e-7
2424 3.5294510664324754e-7
2425 3.5294510664324754e-7
2426 3.5357315958884024e-7
2427 3.5357315958884024e-7
2428 3.5357315958884024e-7
2429 3.5555825633562115e-7
2430 3.5666215593590206e-7
2431 3.571940785281675e-7
2432 3.571940785281675e-7
2433 3.571940785281675e-7
2434 3.571940785281675e-7
2435 3.5809129719649475e-7
2436 3.5809129719649475e-7
2437 3.5859918689483743e-7
2438 3.5883310575849755e-7
2439 3.5883310575849755e-7
2440 3.5883310575849755e-7
2441 3.5927210059049193e-7
2442 3.5928331700037115e-7
2443 3.5939707139441747e-7
2444 3.589724943429947e-7
2445 3.589724943429947e-7
2446 3.589724943429947e-7
2447 3.589724943429947e-7
2448 3.589724943429947e-7
2449 3.589724943429947e-7
2450 3.589724943429947e-7
2451 3.589724943429947e-7
2452 3.589724943429947e-7
2453 3.589724943429947e-7
2454 3.5900453738664917e-7
2455 3.594355232912756e-7
2456 3.594355232912756e-7
2457 3.596934726041309e-7
2458 3.6080858739192725e-7
2459 3.6080858739192725e-7
2460 3.621127602933219e-7
2461 3.628529651140691e-7
2462 3.648877301675873e-7
2463 3.6533153316743915e-7
2464 3.6636333530831553e-7
2465 3.6636333530831553e-7
2466 3.658554462211547e-7
2467 3.656023020202474e-7
2468 3.6552379509645737e-7
2469 3.6552379509645737e-7
2470 3.6600284556656553e-7
2471 3.6598041519153466e-7
2472 3.6599002786015825e-7
2473 3.6596439244734364e-7
2474 3.6596439244734364e-7
2475 3.6596439244734364e-7
2476 3.6616466452609367e-7
2477 3.6616466452609367e-7
2478 3.6616466452609367e-7
2479 3.6616466452609367e-7
2480 3.6616466452609367e-7
2481 3.6616466452609367e-7
2482 3.6616466452609367e-7
2483 3.6616466452609367e-7
2484 3.665235517489518e-7
2485 3.6683597692522005e-7
2486 3.667462542027327e-7
2487 3.6663890866189004e-7
2488 3.670490660991955e-7
2489 3.667366415341091e-7
2490 3.6669818841488723e-7
2491 3.6640338850170186e-7
2492 3.6650592770823274e-7
2493 3.6650592770823274e-7
2494 3.6650592770823274e-7
2495 3.6668857574626364e-7
2496 3.6724933756676365e-7
2497 3.682923548951555e-7
2498 3.693529956530846e-7
2499 3.706010907833564e-7
2500 3.706010907833564e-7
2501 3.706010907833564e-7
2502 3.706010907833564e-7
2503 3.706010907833564e-7
2504 3.706010907833564e-7
2505 3.706010907833564e-7
2506 3.706010907833564e-7
2507 3.706010907833564e-7
2508 3.706010907833564e-7
2509 3.706010907833564e-7
2510 3.706010907833564e-7
2511 3.706010907833564e-7
2512 3.706010907833564e-7
2513 3.706010907833564e-7
2514 3.706010907833564e-7
2515 3.706010907833564e-7
2516 3.706010907833564e-7
2517 3.706010907833564e-7
2518 3.706010907833564e-7
2519 3.706010907833564e-7
2520 3.706010907833564e-7
2521 3.706010907833564e-7
2522 3.706010907833564e-7
2523 3.706010907833564e-7
2524 3.706010907833564e-7
2525 3.706010907833564e-7
2526 3.706010907833564e-7
2527 3.706010907833564e-7
2528 3.706010907833564e-7
2529 3.706010907833564e-7
2530 3.706010907833564e-7
2531 3.706010907833564e-7
2532 3.714390296986864e-7
2533 3.714390296986864e-7
2534 3.714390296986864e-7
2535 3.714390296986864e-7
2536 3.714390296986864e-7
2537 3.714390296986864e-7
2538 3.721215572853283e-7
2539 3.721215572853283e-7
2540 3.721215572853283e-7
2541 3.721215572853283e-7
2542 3.721215572853283e-7
2543 3.721215572853283e-7
2544 3.72805687390862e-7
2545 3.724227672740811e-7
2546 3.725221014428283e-7
2547 3.725621558585783e-7
2548 3.725621558585783e-7
2549 3.727448038966092e-7
2550 3.727448038966092e-7
2551 3.7303960380979457e-7
2552 3.731533582038409e-7
2553 3.731533582038409e-7
2554 3.731533582038409e-7
2555 3.731533582038409e-7
2556 3.731533582038409e-7
2557 3.731533582038409e-7
2558 3.731533582038409e-7
2559 3.731533582038409e-7
2560 3.731533582038409e-7
2561 3.731533582038409e-7
2562 3.731533582038409e-7
2563 3.731533582038409e-7
2564 3.737061086522454e-7
2565 3.737061086522454e-7
2566 3.741322870001962e-7
2567 3.7410505029085353e-7
2568 3.7410505029085353e-7
2569 3.7410505029085353e-7
2570 3.7410505029085353e-7
2571 3.7410505029085353e-7
2572 3.745104020050291e-7
2573 3.750054739969645e-7
2574 3.7516408975225456e-7
2575 3.7507116321434727e-7
2576 3.768992473359119e-7
2577 3.784918100749245e-7
2578 3.784918100749245e-7
2579 3.7875296442556357e-7
2580 3.7924162878665906e-7
2581 3.791054440175818e-7
2582 3.7896925924850456e-7
2583 3.7910384149868997e-7
2584 3.793121249495355e-7
2585 3.7926085534627003e-7
2586 3.7920798322411275e-7
2587 3.7919356422117736e-7
2588 3.7920317688980095e-7
2589 3.7988570447644283e-7
2590 3.7964858301972653e-7
2591 3.8023337773414927e-7
2592 3.8019492522610924e-7
2593 3.8008437525866474e-7
2594 3.798536626551521e-7
2595 3.798536626551521e-7
2596 3.798536626551521e-7
2597 3.802638194812757e-7
2598 3.8010840815258746e-7
2599 3.810216495651057e-7
2600 3.806547509701521e-7
2601 3.8033751945957205e-7
2602 3.8074126804367387e-7
2603 3.8060828770119844e-7
2604 3.806403313560348e-7
2605 3.820710745243375e-7
2606 3.8324707280638666e-7
2607 3.8324707280638666e-7
2608 3.8324707280638666e-7
2609 3.839664497709948e-7
2610 3.840193218931521e-7
2611 3.839071687956338e-7
2612 3.840097092245285e-7
2613 3.8380943714577846e-7
2614 3.83758167542513e-7
2615 3.83862308045572e-7
2616 3.8478355960782203e-7
2617 3.858522123490285e-7
2618 3.8759698199012753e-7
2619 3.8759698199012753e-7
2620 3.8759698199012753e-7
2621 3.8759698199012753e-7
2622 3.8759698199012753e-7
2623 3.8759698199012753e-7
2624 3.8759698199012753e-7
2625 3.8759698199012753e-7
2626 3.8759698199012753e-7
2627 3.8759698199012753e-7
2628 3.8759698199012753e-7
2629 3.8759698199012753e-7
2630 3.8759698199012753e-7
2631 3.8759698199012753e-7
2632 3.8759698199012753e-7
2633 3.878933856445685e-7
2634 3.878933856445685e-7
2635 3.878933856445685e-7
2636 3.878933856445685e-7
2637 3.878933856445685e-7
2638 3.884909980653986e-7
2639 3.8866243091591405e-7
2640 3.888979498537385e-7
2641 3.899794196901704e-7
2642 3.9105928639652853e-7
2643 3.9194689300741404e-7
2644 3.9194689300741404e-7
2645 3.9194689300741404e-7
2646 3.9194689300741404e-7
2647 3.9194689300741404e-7
2648 3.9194689300741404e-7
2649 3.9194689300741404e-7
2650 3.9194689300741404e-7
2651 3.9194689300741404e-7
2652 3.946641844252104e-7
2653 3.948420261289295e-7
2654 3.9464335656907135e-7
2655 3.94851639408735e-7
2656 3.9609492820469497e-7
2657 3.9609492820469497e-7
2658 3.9609492820469497e-7
2659 3.9609492820469497e-7
2660 3.9609492820469497e-7
2661 3.9609492820469497e-7
2662 3.9609492820469497e-7
2663 3.9609492820469497e-7
2664 3.9609492820469497e-7
2665 3.9609492820469497e-7
2666 3.9609492820469497e-7
2667 3.9609492820469497e-7
2668 3.9609492820469497e-7
2669 3.9609492820469497e-7
2670 3.9609492820469497e-7
2671 3.9609492820469497e-7
2672 3.9609492820469497e-7
2673 3.9609492820469497e-7
2674 3.9639133185913596e-7
2675 3.9687358675584595e-7
2676 3.97016179766945e-7
2677 3.9689121018538316e-7
2678 3.9660922797860507e-7
2679 3.9679668235094776e-7
2680 3.9679668235094776e-7
2681 3.9679668235094776e-7
2682 3.9679668235094776e-7
2683 3.9737026187785506e-7
2684 3.9737026187785506e-7
2685 3.980367667203059e-7
2686 3.980367667203059e-7
2687 3.980367667203059e-7
2688 3.980367667203059e-7
2689 3.980367667203059e-7
2690 3.980367667203059e-7
2691 3.9824184513336774e-7
2692 3.9824184513336774e-7
2693 3.9824184513336774e-7
2694 3.9824184513336774e-7
2695 3.9824184513336774e-7
2696 3.9824184513336774e-7
2697 3.9824184513336774e-7
2698 3.9824184513336774e-7
2699 3.9824184513336774e-7
2700 3.9824184513336774e-7
2701 3.9824184513336774e-7
2702 3.9824184513336774e-7
2703 3.9897564232327506e-7
2704 3.9897564232327506e-7
2705 3.9897564232327506e-7
2706 3.992704434588242e-7
2707 3.992704434588242e-7
2708 3.9995937989866973e-7
2709 3.9995937989866973e-7
2710 3.9995937989866973e-7
2711 3.9995937989866973e-7
2712 3.9995937989866973e-7
2713 4.006755530478579e-7
2714 4.0200856456630523e-7
2715 4.0342328621278066e-7
2716 4.035354393102989e-7
2717 4.033319621937652e-7
2718 4.041122220414443e-7
2719 4.041122220414443e-7
2720 4.043092890824106e-7
2721 4.042740410009724e-7
2722 4.041650941636016e-7
2723 4.0437658142986706e-7
2724 4.049149122641543e-7
2725 4.049149122641543e-7
2726 4.049149122641543e-7
2727 4.049149122641543e-7
2728 4.049149122641543e-7
2729 4.049149122641543e-7
2730 4.049149122641543e-7
2731 4.0536672602491973e-7
2732 4.053763386935433e-7
2733 4.06283170641676e-7
2734 4.079366174861234e-7
2735 4.085710792849197e-7
2736 4.085710792849197e-7
2737 4.085710792849197e-7
2738 4.085710792849197e-7
2739 4.085710792849197e-7
2740 4.085710792849197e-7
2741 4.0916068033365424e-7
2742 4.093769739342315e-7
2743 4.0947791062187055e-7
2744 4.091686917057498e-7
2745 4.0921515375233964e-7
2746 4.093176929588705e-7
2747 4.093176929588705e-7
2748 4.093176929588705e-7
2749 4.093176929588705e-7
2750 4.093176929588705e-7
2751 4.093176929588705e-7
2752 4.093176929588705e-7
2753 4.093176929588705e-7
2754 4.093176929588705e-7
2755 4.093176929588705e-7
2756 4.093176929588705e-7
2757 4.093176929588705e-7
2758 4.093176929588705e-7
2759 4.093176929588705e-7
2760 4.093176929588705e-7
2761 4.093176929588705e-7
2762 4.093176929588705e-7
2763 4.093176929588705e-7
2764 4.093176929588705e-7
2765 4.093176929588705e-7
2766 4.093176929588705e-7
2767 4.093176929588705e-7
2768 4.093176929588705e-7
2769 4.093176929588705e-7
2770 4.093176929588705e-7
2771 4.093176929588705e-7
2772 4.093176929588705e-7
2773 4.093176929588705e-7
2774 4.093176929588705e-7
2775 4.098448092168242e-7
2776 4.100194458827596e-7
2777 4.0981436746969777e-7
2778 4.099008851544014e-7
2779 4.099008851544014e-7
2780 4.099008851544014e-7
2781 4.099008851544014e-7
2782 4.099008851544014e-7
2783 4.099008851544014e-7
2784 4.099008851544014e-7
2785 4.099008851544014e-7
2786 4.099008851544014e-7
2787 4.099008851544014e-7
2788 4.099008851544014e-7
2789 4.099008851544014e-7
2790 4.099008851544014e-7
2791 4.099008851544014e-7
2792 4.099008851544014e-7
2793 4.099008851544014e-7
2794 4.099008851544014e-7
2795 4.099008851544014e-7
2796 4.099008851544014e-7
2797 4.099008851544014e-7
2798 4.099008851544014e-7
2799 4.099008851544014e-7
2800 4.099008851544014e-7
2801 4.099008851544014e-7
2802 4.099008851544014e-7
2803 4.099008851544014e-7
2804 4.099008851544014e-7
2805 4.099008851544014e-7
2806 4.099008851544014e-7
2807 4.099008851544014e-7
2808 4.099008851544014e-7
2809 4.099008851544014e-7
2810 4.099008851544014e-7
2811 4.099008851544014e-7
2812 4.099008851544014e-7
2813 4.099008851544014e-7
2814 4.099008851544014e-7
2815 4.099008851544014e-7
2816 4.099008851544014e-7
2817 4.099008851544014e-7
2818 4.099008851544014e-7
2819 4.099008851544014e-7
2820 4.099008851544014e-7
2821 4.099008851544014e-7
2822 4.099008851544014e-7
2823 4.1025977237725957e-7
2824 4.1065871523823145e-7
2825 4.1129477894473777e-7
2826 4.131885522836851e-7
2827 4.135378262267378e-7
2828 4.135378262267378e-7
2829 4.135378262267378e-7
2830 4.135378262267378e-7
2831 4.135378262267378e-7
2832 4.135378262267378e-7
2833 4.135378262267378e-7
2834 4.135378262267378e-7
2835 4.135378262267378e-7
2836 4.135378262267378e-7
2837 4.135378262267378e-7
2838 4.135378262267378e-7
2839 4.135378262267378e-7
2840 4.135378262267378e-7
2841 4.135378262267378e-7
2842 4.135378262267378e-7
2843 4.135378262267378e-7
2844 4.135378262267378e-7
2845 4.135378262267378e-7
2846 4.135378262267378e-7
2847 4.135378262267378e-7
2848 4.135378262267378e-7
2849 4.135378262267378e-7
2850 4.135378262267378e-7
2851 4.135378262267378e-7
2852 4.135378262267378e-7
2853 4.135378262267378e-7
2854 4.135378262267378e-7
2855 4.135378262267378e-7
2856 4.135378262267378e-7
2857 4.135378262267378e-7
2858 4.135378262267378e-7
2859 4.135378262267378e-7
2860 4.135378262267378e-7
2861 4.135378262267378e-7
2862 4.135378262267378e-7
2863 4.1376693753372233e-7
2864 4.1376693753372233e-7
2865 4.1376693753372233e-7
2866 4.139880374686114e-7
2867 4.143437208760496e-7
2868 4.143437208760496e-7
2869 4.143437208760496e-7
2870 4.143437208760496e-7
2871 4.143437208760496e-7
2872 4.143437208760496e-7
2873 4.143437208760496e-7
2874 4.143437208760496e-7
2875 4.143437208760496e-7
2876 4.143437208760496e-7
2877 4.143437208760496e-7
2878 4.143437208760496e-7
2879 4.143437208760496e-7
2880 4.143437208760496e-7
2881 4.143437208760496e-7
2882 4.143437208760496e-7
2883 4.143437208760496e-7
2884 4.143437208760496e-7
2885 4.143437208760496e-7
2886 4.143437208760496e-7
2887 4.143437208760496e-7
2888 4.143437208760496e-7
2889 4.143437208760496e-7
2890 4.143437208760496e-7
2891 4.143437208760496e-7
2892 4.143437208760496e-7
2893 4.143437208760496e-7
2894 4.143437208760496e-7
2895 4.143437208760496e-7
2896 4.143437208760496e-7
2897 4.143437208760496e-7
2898 4.143437208760496e-7
2899 4.143437208760496e-7
2900 4.143437208760496e-7
2901 4.143437208760496e-7
2902 4.143437208760496e-7
2903 4.143437208760496e-7
2904 4.143437208760496e-7
2905 4.143437208760496e-7
2906 4.143437208760496e-7
2907 4.143437208760496e-7
2908 4.143437208760496e-7
2909 4.148740409494232e-7
2910 4.148468042400805e-7
2911 4.148468042400805e-7
2912 4.1584175639180876e-7
2913 4.1570396971502153e-7
2914 4.185910914644415e-7
2915 4.183507655811233e-7
2916 4.187048458584878e-7
2917 4.206803299366451e-7
2918 4.219845022268579e-7
2919 4.2285608609355247e-7
2920 4.2293459240616063e-7
2921 4.2427080835120976e-7
2922 4.2427080835120976e-7
2923 4.2427080835120976e-7
2924 4.2427080835120976e-7
2925 4.2427080835120976e-7
2926 4.2427080835120976e-7
2927 4.2427080835120976e-7
2928 4.2427080835120976e-7
2929 4.2427080835120976e-7
2930 4.2589221154082073e-7
2931 4.256983483152744e-7
2932 4.256983483152744e-7
2933 4.259514925161817e-7
2934 4.259755254101045e-7
2935 4.259755254101045e-7
2936 4.2644496321158904e-7
2937 4.2644496321158904e-7
2938 4.2644496321158904e-7
2939 4.2644496321158904e-7
2940 4.26685289706089e-7
2941 4.267317517526789e-7
2942 4.270634022661943e-7
2943 4.2706019845077436e-7
2944 4.2720279207305525e-7
2945 4.2704577944783896e-7
2946 4.2704577944783896e-7
2947 4.2704577944783896e-7
2948 4.2704577944783896e-7
2949 4.2767543368995977e-7
2950 4.2920711537944713e-7
2951 4.2996013790660164e-7
2952 4.304808459225335e-7
2953 4.304632212706325e-7
2954 4.3098232676767256e-7
2955 4.318394910202498e-7
2956 4.323473813297744e-7
2957 4.3382138395161075e-7
2958 4.338053624297835e-7
2959 4.342107129215953e-7
2960 4.364313298285644e-7
2961 4.36360833665688e-7
2962 4.3644254501607984e-7
2963 4.365450842226107e-7
2964 4.3675497019234807e-7
2965 4.3659955886365985e-7
2966 4.3748716425218163e-7
2967 4.374022490863698e-7
2968 4.38959564966308e-7
2969 4.390540934119253e-7
2970 4.3893393016467526e-7
2971 4.390348668523143e-7
2972 4.3912939590911344e-7
2973 4.3891951055055795e-7
2974 4.3919828955309796e-7
2975 4.3948187488994976e-7
2976 4.392399464877398e-7
2977 4.3956839196347155e-7
2978 4.4041434102853335e-7
2979 4.4041434102853335e-7
2980 4.4041434102853335e-7
2981 4.4041434102853335e-7
2982 4.4088057501459796e-7
2983 4.407796383269589e-7
2984 4.407844446612707e-7
2985 4.418867417426598e-7
2986 4.430258894243789e-7
2987 4.439038821442771e-7
2988 4.439038821442771e-7
2989 4.439038821442771e-7
2990 4.439038821442771e-7
2991 4.439038821442771e-7
2992 4.439038821442771e-7
2993 4.439038821442771e-7
2994 4.439038821442771e-7
2995 4.439038821442771e-7
2996 4.439038821442771e-7
2997 4.439038821442771e-7
2998 4.439038821442771e-7
2999 4.439038821442771e-7
3000 4.439038821442771e-7
3001 4.439038821442771e-7
3002 4.439038821442771e-7
3003 4.439038821442771e-7
3004 4.439038821442771e-7
3005 4.439038821442771e-7
3006 4.439038821442771e-7
3007 4.439038821442771e-7
3008 4.439038821442771e-7
3009 4.439038821442771e-7
3010 4.439038821442771e-7
3011 4.4430763011719703e-7
3012 4.4433326553001164e-7
3013 4.4433326553001164e-7
3014 4.4433326553001164e-7
3015 4.4433326553001164e-7
3016 4.4433326553001164e-7
3017 4.455989853121844e-7
3018 4.455989853121844e-7
3019 4.455989853121844e-7
3020 4.455989853121844e-7
3021 4.455989853121844e-7
3022 4.455989853121844e-7
3023 4.455989853121844e-7
3024 4.455989853121844e-7
3025 4.455989853121844e-7
3026 4.455989853121844e-7
3027 4.455989853121844e-7
3028 4.462606838203235e-7
3029 4.462606838203235e-7
3030 4.462606838203235e-7
3031 4.467028849124653e-7
3032 4.467028849124653e-7
3033 4.467028849124653e-7
3034 4.467028849124653e-7
3035 4.467028849124653e-7
3036 4.467028849124653e-7
3037 4.467028849124653e-7
3038 4.477603212437926e-7
3039 4.4798943316195904e-7
3040 4.4818329638750537e-7
3041 4.477539136129527e-7
3042 4.478868933442463e-7
3043 4.4752800612138814e-7
3044 4.4813202739542184e-7
3045 4.4954835094960726e-7
3046 4.504135271854619e-7
3047 4.504840221259745e-7
3048 4.505417011936255e-7
3049 4.505849594247955e-7
3050 4.5012513490311643e-7
3051 4.503045785145455e-7
3052 4.5066987520178916e-7
3053 4.5085572766642187e-7
3054 4.511393130032737e-7
3055 4.511393130032737e-7
3056 4.5126267945476173e-7
3057 4.513411857673699e-7
3058 4.5093263146013815e-7
3059 4.5080926317510445e-7
3060 4.513043357782217e-7
3061 4.5117456047353e-7
3062 4.521102304275335e-7
3063 4.534047894379408e-7
3064 4.5367876149498713e-7
3065 4.553786709972062e-7
3066 4.556766759481753e-7
3067 4.559218099993509e-7
3068 4.583683331755208e-7
3069 4.583683331755208e-7
3070 4.583683331755208e-7
3071 4.583683331755208e-7
3072 4.583683331755208e-7
3073 4.583683331755208e-7
3074 4.583683331755208e-7
3075 4.583683331755208e-7
3076 4.586150697455882e-7
3077 4.5847247490094355e-7
3078 4.5847247490094355e-7
3079 4.5967090294684173e-7
3080 4.595875896887399e-7
3081 4.598631636534962e-7
3082 4.61647988932709e-7
3083 4.620228976773944e-7
3084 4.620228976773944e-7
3085 4.620228976773944e-7
3086 4.620228976773944e-7
3087 4.620228976773944e-7
3088 4.620228976773944e-7
3089 4.620228976773944e-7
3090 4.620228976773944e-7
3091 4.629922150274899e-7
3092 4.6264774680756715e-7
3093 4.6264774680756715e-7
3094 4.6264774680756715e-7
3095 4.6346645855210436e-7
3096 4.6304348463075535e-7
3097 4.6304348463075535e-7
3098 4.6304348463075535e-7
3099 4.6304348463075535e-7
3100 4.6304348463075535e-7
3101 4.6375965777994354e-7
3102 4.641329664504646e-7
3103 4.641329664504646e-7
3104 4.641329664504646e-7
3105 4.641329664504646e-7
3106 4.641329664504646e-7
3107 4.6426274358870193e-7
3108 4.646857181212328e-7
3109 4.646857181212328e-7
3110 4.6528813687637467e-7
3111 4.6528813687637467e-7
3112 4.6589536196582833e-7
3113 4.6589536196582833e-7
3114 4.663135289416837e-7
3115 4.6616452646619915e-7
3116 4.6660512626181293e-7
3117 4.6837713322343654e-7
3118 4.6933042844052294e-7
3119 4.6978063968239653e-7
3120 4.6991041682063387e-7
3121 4.6991041682063387e-7
3122 4.6991041682063387e-7
3123 4.6991041682063387e-7
3124 4.7062178241314653e-7
3125 4.710992315867266e-7
3126 4.7219992676040567e-7
3127 4.7435485444999206e-7
3128 4.7435485444999206e-7
3129 4.7435485444999206e-7
3130 4.7435485444999206e-7
3131 4.7489158215420553e-7
3132 4.7469291381671113e-7
3133 4.748258935480047e-7
3134 4.747409783821929e-7
3135 4.747409783821929e-7
3136 4.7621818543063107e-7
3137 4.767789472511311e-7
3138 4.780959366365693e-7
3139 4.780959366365693e-7
3140 4.780959366365693e-7
3141 4.780959366365693e-7
3142 4.780959366365693e-7
3143 4.780959366365693e-7
3144 4.783635010627757e-7
3145 4.783635010627757e-7
3146 4.783635010627757e-7
3147 4.783635010627757e-7
3148 4.783635010627757e-7
3149 4.783635010627757e-7
3150 4.785573642883221e-7
3151 4.787255921010538e-7
3152 4.791037064947048e-7
3153 4.807667660077757e-7
3154 4.812346019015503e-7
3155 4.822808230453621e-7
3156 4.822808230453621e-7
3157 4.822808230453621e-7
3158 4.822808230453621e-7
3159 4.822808230453621e-7
3160 4.822808230453621e-7
3161 4.831123531074885e-7
3162 4.830690936539547e-7
3163 4.834728428492385e-7
3164 4.836426737920439e-7
3165 4.845222684196521e-7
3166 4.852272257701429e-7
3167 4.857431268405811e-7
3168 4.861164342887384e-7
3169 4.892134413967139e-7
3170 4.914100247985783e-7
3171 4.915526190320411e-7
3172 4.91371573512902e-7
3173 4.917865366733375e-7
3174 4.917865366733375e-7
3175 4.917865366733375e-7
3176 4.917865366733375e-7
3177 4.917865366733375e-7
3178 4.913891969424393e-7
3179 4.919067011429512e-7
3180 4.924033750425965e-7
3181 4.920220568335256e-7
3182 4.917016215075256e-7
3183 4.917753214858219e-7
3184 4.933534652218992e-7
3185 4.953625948626029e-7
3186 4.95335358764442e-7
3187 4.948114469330903e-7
3188 4.948755336315811e-7
3189 4.950405576288929e-7
3190 4.949252007159548e-7
3191 4.950982360853621e-7
3192 4.953545841016893e-7
3193 4.960194864252483e-7
3194 4.964873229302048e-7
3195 4.96142854710282e-7
3196 4.961156167785755e-7
3197 4.964969349876465e-7
3198 4.965738400037265e-7
3199 4.972083018025229e-7
3200 4.991309137585229e-7
3201 4.991309137585229e-7
3202 4.991309137585229e-7
3203 4.991309137585229e-7
3204 4.991309137585229e-7
3205 4.991309137585229e-7
3206 4.991309137585229e-7
3207 4.991309137585229e-7
3208 4.991309137585229e-7
3209 4.994577579377266e-7
3210 4.994577579377266e-7
3211 4.994577579377266e-7
3212 4.994577579377266e-7
3213 4.994577579377266e-7
3214 4.994577579377266e-7
3215 4.994577579377266e-7
3216 4.994577579377266e-7
3217 5.000553691361929e-7
3218 5.000553691361929e-7
3219 5.000553691361929e-7
3220 5.000553691361929e-7
3221 5.000553691361929e-7
3222 5.000553691361929e-7
3223 5.008083916633474e-7
3224 5.006593904102266e-7
3225 5.006593904102266e-7
3226 5.006593904102266e-7
3227 5.006593904102266e-7
3228 5.006593904102266e-7
3229 5.006593904102266e-7
3230 5.006593904102266e-7
3231 5.006593904102266e-7
3232 5.010198801519766e-7
3233 5.010198801519766e-7
3234 5.010198801519766e-7
3235 5.010198801519766e-7
3236 5.010198801519766e-7
3237 5.010198801519766e-7
3238 5.01936324157551e-7
3239 5.01936324157551e-7
3240 5.01936324157551e-7
3241 5.01936324157551e-7
3242 5.01936324157551e-7
3243 5.01936324157551e-7
3244 5.01936324157551e-7
3245 5.01936324157551e-7
3246 5.01936324157551e-7
3247 5.01936324157551e-7
3248 5.01936324157551e-7
3249 5.01936324157551e-7
3250 5.01936324157551e-7
3251 5.01936324157551e-7
3252 5.01936324157551e-7
3253 5.01936324157551e-7
3254 5.01936324157551e-7
3255 5.01936324157551e-7
3256 5.01936324157551e-7
3257 5.01936324157551e-7
3258 5.01936324157551e-7
3259 5.01936324157551e-7
3260 5.01936324157551e-7
3261 5.01936324157551e-7
3262 5.01936324157551e-7
3263 5.032773452145483e-7
3264 5.032773452145483e-7
3265 5.032773452145483e-7
3266 5.032773452145483e-7
3267 5.035128653747365e-7
3268 5.035128653747365e-7
3269 5.035128653747365e-7
3270 5.040015285134682e-7
3271 5.040415829292181e-7
3272 5.042306398204527e-7
3273 5.038973867880454e-7
3274 5.038973867880454e-7
3275 5.038973867880454e-7
3276 5.049099623693108e-7
3277 5.049099623693108e-7
3278 5.054995634180454e-7
3279 5.059930335022708e-7
3280 5.062269511435672e-7
3281 5.054579064834036e-7
3282 5.054579064834036e-7
3283 5.054579064834036e-7
3284 5.054579064834036e-7
3285 5.059289455814162e-7
3286 5.056854152714962e-7
3287 5.056357481871227e-7
3288 5.056357481871227e-7
3289 5.056357481871227e-7
3290 5.056357481871227e-7
3291 5.056357481871227e-7
3292 5.056357481871227e-7
3293 5.059017088720735e-7
3294 5.058023747033263e-7
3295 5.064913099208081e-7
3296 5.067781002954436e-7
3297 5.070088128989562e-7
3298 5.083290067109962e-7
3299 5.093383784768418e-7
3300 5.096251694626592e-7
3301 5.096283732780792e-7
3302 5.096011353463727e-7
3303 5.095418555933755e-7
3304 5.095098125497211e-7
3305 5.101955439517829e-7
3306 5.097229011125146e-7
3307 5.096091467184683e-7
3308 5.093768315960638e-7
3309 5.091925810391411e-7
3310 5.091925810391411e-7
3311 5.091925810391411e-7
3312 5.091925810391411e-7
3313 5.098462681751846e-7
3314 5.098462681751846e-7
3315 5.101667035011847e-7
3316 5.102708440042437e-7
3317 5.102708440042437e-7
3318 5.102708440042437e-7
3319 5.109918222653799e-7
3320 5.109918222653799e-7
3321 5.115365625640526e-7
3322 5.115718094231271e-7
3323 5.117128017488799e-7
3324 5.117128017488799e-7
3325 5.123312408034853e-7
3326 5.124962648007971e-7
3327 5.132236531375007e-7
3328 5.132380733627998e-7
3329 5.157422762178026e-7
3330 5.174534002963552e-7
3331 5.174710249482562e-7
3332 5.172915807256452e-7
3333 5.174085395462934e-7
3334 5.174085395462934e-7
3335 5.179036127605926e-7
3336 5.179885279264044e-7
3337 5.181855955785526e-7
3338 5.181984126737781e-7
3339 5.203068770944108e-7
3340 5.201626815644199e-7
3341 5.199864423795927e-7
3342 5.202475973414136e-7
3343 5.218257404663089e-7
3344 5.241280681124879e-7
3345 5.242754686802625e-7
3346 5.254386486447225e-7
3347 5.256869852889543e-7
3348 5.256869852889543e-7
3349 5.256869852889543e-7
3350 5.259144952994108e-7
3351 5.258023422018926e-7
3352 5.258023422018926e-7
3353 5.2596896994046e-7
3354 5.2596896994046e-7
3355 5.259946041309108e-7
3356 5.26190069875349e-7
3357 5.26207693916068e-7
3358 5.261996825439726e-7
3359 5.267364126929135e-7
3360 5.28569302537608e-7
3361 5.289522226543889e-7
3362 5.289522226543889e-7
3363 5.289522226543889e-7
3364 5.289522226543889e-7
3365 5.289522226543889e-7
3366 5.289522226543889e-7
3367 5.289522226543889e-7
3368 5.289522226543889e-7
3369 5.289522226543889e-7
3370 5.289522226543889e-7
3371 5.289522226543889e-7
3372 5.289522226543889e-7
3373 5.289522226543889e-7
3374 5.289522226543889e-7
3375 5.289522226543889e-7
3376 5.289522226543889e-7
3377 5.289522226543889e-7
3378 5.289522226543889e-7
3379 5.289522226543889e-7
3380 5.289522226543889e-7
3381 5.29794966681667e-7
3382 5.299583893824507e-7
3383 5.302451791459043e-7
3384 5.302708133363551e-7
3385 5.305752271405278e-7
3386 5.305351727247779e-7
3387 5.308267688225433e-7
3388 5.311407959065215e-7
3389 5.309052751351515e-7
3390 5.306120765184942e-7
3391 5.306633473441233e-7
3392 5.306248948360833e-7
3393 5.305495923388951e-7
3394 5.301746829830278e-7
3395 5.302003171734786e-7
3396 5.302003171734786e-7
3397 5.302003171734786e-7
3398 5.312817863987286e-7
3399 5.316839330751205e-7
3400 5.31914646289815e-7
3401 5.315365331185277e-7
3402 5.314980812216696e-7
3403 5.335793083217777e-7
3404 5.341192410637749e-7
3405 5.339109588352932e-7
3406 5.339542182888269e-7
3407 5.343034922318796e-7
3408 5.348770717587869e-7
3409 5.348338135276169e-7
3410 5.351029786391696e-7
3411 5.356332993237251e-7
3412 5.373988980433269e-7
3413 5.373107784509133e-7
3414 5.377834206789997e-7
3415 5.377834206789997e-7
3416 5.385412507628298e-7
3417 5.390074841377125e-7
3418 5.389738385751662e-7
3419 5.398710572434934e-7
3420 5.414764383000953e-7
3421 5.413690921480707e-7
3422 5.413370484932343e-7
3423 5.41643064816299e-7
3424 5.41643064816299e-7
3425 5.41643064816299e-7
3426 5.419955431859535e-7
3427 5.419955431859535e-7
3428 5.419955431859535e-7
3429 5.419955431859535e-7
3430 5.419955431859535e-7
3431 5.419955431859535e-7
3432 5.419955431859535e-7
3433 5.426780701614134e-7
3434 5.427758036448144e-7
3435 5.431539162049198e-7
3436 5.430529795172807e-7
3437 5.427549751774935e-7
3438 5.427133188540335e-7
3439 5.421349329928144e-7
3440 5.423303975148888e-7
3441 5.423303975148888e-7
3442 5.423303975148888e-7
3443 5.423303975148888e-7
3444 5.435977185935896e-7
3445 5.436666122375742e-7
3446 5.443940005742778e-7
3447 5.463086023805461e-7
3448 5.464832390464815e-7
3449 5.478899499320433e-7
3450 5.475679133095153e-7
3451 5.478595094072807e-7
3452 5.478595094072807e-7
3453 5.489650115264535e-7
3454 5.494905252655153e-7
3455 5.511135303628363e-7
3456 5.510366259579381e-7
3457 5.522334520961264e-7
3458 5.522334520961264e-7
3459 5.522334520961264e-7
3460 5.522334520961264e-7
3461 5.522334520961264e-7
3462 5.522334520961264e-7
3463 5.529656467671418e-7
3464 5.533357491775154e-7
3465 5.534639237968609e-7
3466 5.5304415307975e-7
3467 5.529960885142683e-7
3468 5.529960885142683e-7
3469 5.531290682455618e-7
3470 5.531290682455618e-7
3471 5.531290682455618e-7
3472 5.531290682455618e-7
3473 5.531290682455618e-7
3474 5.531290682455618e-7
3475 5.531290682455618e-7
3476 5.531290682455618e-7
3477 5.531290682455618e-7
3478 5.531290682455618e-7
3479 5.531290682455618e-7
3480 5.531290682455618e-7
3481 5.531290682455618e-7
3482 5.531290682455618e-7
3483 5.531290682455618e-7
3484 5.531290682455618e-7
3485 5.531290682455618e-7
3486 5.531290682455618e-7
3487 5.531290682455618e-7
3488 5.531290682455618e-7
3489 5.536273452752809e-7
3490 5.536273452752809e-7
3491 5.536273452752809e-7
3492 5.536273452752809e-7
3493 5.536273452752809e-7
3494 5.537939717914846e-7
3495 5.553929439948828e-7
3496 5.562741405302009e-7
3497 5.562292797801391e-7
3498 5.563943043886328e-7
3499 5.563173993725527e-7
3500 5.569582694133708e-7
3501 5.572370490270926e-7
3502 5.576231729592936e-7
3503 5.57991674073139e-7
3504 5.593711482493581e-7
3505 5.603452719337654e-7
3506 5.602859909584044e-7
3507 5.607698489851881e-7
3508 5.607698489851881e-7
3509 5.607698489851881e-7
3510 5.607698489851881e-7
3511 5.607698489851881e-7
3512 5.607698489851881e-7
3513 5.607698489851881e-7
3514 5.607698489851881e-7
3515 5.607698489851881e-7
3516 5.607698489851881e-7
3517 5.607698489851881e-7
3518 5.607698489851881e-7
3519 5.607698489851881e-7
3520 5.607698489851881e-7
3521 5.607698489851881e-7
3522 5.607698489851881e-7
3523 5.614139234526081e-7
3524 5.618817599575646e-7
3525 5.618817599575646e-7
3526 5.623127446398273e-7
3527 5.623127446398273e-7
3528 5.623127446398273e-7
3529 5.623127446398273e-7
3530 5.623127446398273e-7
3531 5.623127446398273e-7
3532 5.623127446398273e-7
3533 5.623127446398273e-7
3534 5.623127446398273e-7
3535 5.623127446398273e-7
3536 5.623127446398273e-7
3537 5.632452107784108e-7
3538 5.631971456017472e-7
3539 5.632131671235745e-7
3540 5.627389229877781e-7
3541 5.628094191506546e-7
3542 5.6290394698509e-7
3543 5.630737785390773e-7
3544 5.631699088924045e-7
3545 5.639053086012037e-7
3546 5.651982644815372e-7
3547 5.66443156407571e-7
3548 5.668004423339011e-7
3549 5.670103283036385e-7
3550 5.668533144560584e-7
3551 5.669574561814811e-7
3552 5.670391663095092e-7
3553 5.672682776164938e-7
3554 5.672682776164938e-7
3555 5.672682776164938e-7
3556 5.672682776164938e-7
3557 5.673948497169474e-7
3558 5.675774965326146e-7
3559 5.675774965326146e-7
3560 5.675774965326146e-7
3561 5.6786909263038e-7
3562 5.693446971599264e-7
3563 5.700833006841455e-7
3564 5.705992017545837e-7
3565 5.704133499011328e-7
3566 5.712961483441609e-7
3567 5.715172488902318e-7
3568 5.720299449228863e-7
3569 5.721453018358245e-7
3570 5.717575753847318e-7
3571 5.717127146346701e-7
3572 5.715637121591855e-7
3573 5.716582399936209e-7
3574 5.716582399936209e-7
3575 5.719274057163554e-7
3576 5.717928234661701e-7
3577 5.718617171101546e-7
3578 5.7215972083876e-7
3579 5.719306107541392e-7
3580 5.717896184283864e-7
3581 5.72416070077451e-7
3582 5.726195459716209e-7
3583 5.735103563979263e-7
3584 5.731578792506356e-7
3585 5.735119595280001e-7
3586 5.736401329249818e-7
3587 5.744748686360738e-7
3588 5.74471664209472e-7
3589 5.75533906875111e-7
3590 5.752695474866883e-7
3591 5.750933095242248e-7
3592 5.755194878721755e-7
3593 5.755595422879256e-7
3594 5.754602075079966e-7
3595 5.758927959315147e-7
3596 5.759440649235983e-7
3597 5.761074870132001e-7
3598 5.766378083089374e-7
3599 5.778907103847029e-7
3600 5.784514722052028e-7
3601 5.79810117914101e-7
3602 5.814859945223974e-7
3603 5.819570348427737e-7
3604 5.815773197637766e-7
3605 5.814026818754774e-7
3606 5.815212438261994e-7
3607 5.814363274380238e-7
3608 5.814603603319465e-7
3609 5.817423437610884e-7
3610 5.818208500736965e-7
3611 5.819618423994494e-7
3612 5.821605113481256e-7
3613 5.837723012579311e-7
3614 5.840799194887057e-7
3615 5.842128998311811e-7
3616 5.853119937083321e-7
3617 5.853119937083321e-7
3618 5.853119937083321e-7
3619 5.853119937083321e-7
3620 5.853119937083321e-7
3621 5.853119937083321e-7
3622 5.867026824608847e-7
3623 5.880741458761902e-7
3624 5.880533174088693e-7
3625 5.885003254465048e-7
3626 5.895465465903166e-7
3627 5.895465465903166e-7
3628 5.895465465903166e-7
3629 5.895465465903166e-7
3630 5.895465465903166e-7
3631 5.895465465903166e-7
3632 5.895465465903166e-7
3633 5.895465465903166e-7
3634 5.895465465903166e-7
3635 5.895465465903166e-7
3636 5.895465465903166e-7
3637 5.895465465903166e-7
3638 5.895465465903166e-7
3639 5.895465465903166e-7
3640 5.895465465903166e-7
3641 5.895465465903166e-7
3642 5.895465465903166e-7
3643 5.895465465903166e-7
3644 5.895465465903166e-7
3645 5.895465465903166e-7
3646 5.895465465903166e-7
3647 5.895465465903166e-7
3648 5.895465465903166e-7
3649 5.895465465903166e-7
3650 5.895465465903166e-7
3651 5.895465465903166e-7
3652 5.895465465903166e-7
3653 5.895465465903166e-7
3654 5.895465465903166e-7
3655 5.895465465903166e-7
3656 5.895465465903166e-7
3657 5.895465465903166e-7
3658 5.895465465903166e-7
3659 5.895465465903166e-7
3660 5.895465465903166e-7
3661 5.895465465903166e-7
3662 5.895465465903166e-7
3663 5.895465465903166e-7
3664 5.895465465903166e-7
3665 5.895465465903166e-7
3666 5.895465465903166e-7
3667 5.895465465903166e-7
3668 5.895465465903166e-7
3669 5.895465465903166e-7
3670 5.904886260087057e-7
3671 5.904886260087057e-7
3672 5.904886260087057e-7
3673 5.904886260087057e-7
3674 5.904886260087057e-7
3675 5.904886260087057e-7
3676 5.904886260087057e-7
3677 5.904886260087057e-7
3678 5.904886260087057e-7
3679 5.904886260087057e-7
3680 5.904886260087057e-7
3681 5.910365713451621e-7
3682 5.917944002066284e-7
3683 5.917944002066284e-7
3684 5.919225736036101e-7
3685 5.918969394131593e-7
3686 5.920859963043938e-7
3687 5.920859963043938e-7
3688 5.920859963043938e-7
3689 5.930056453477519e-7
3690 5.935503862576066e-7
3691 5.936465166109338e-7
3692 5.946606940999093e-7
3693 5.951285293825019e-7
3694 5.954553735617056e-7
3695 5.95964866390122e-7
3696 5.96445519379122e-7
3697 5.965881130014029e-7
3698 5.965528649199648e-7
3699 5.972530165473257e-7
3700 5.985267464792302e-7
3701 5.98850386231832e-7
3702 5.995553441935047e-7
3703 5.994944613104338e-7
3704 6.015260225485322e-7
3705 6.018192211651895e-7
3706 6.01429892195205e-7
3707 6.01429892195205e-7
3708 6.01429892195205e-7
3709 6.019073413687851e-7
3710 6.017743604151277e-7
3711 6.015965187114086e-7
3712 6.015965187114086e-7
3713 6.015965187114086e-7
3714 6.015965187114086e-7
3715 6.021044096321151e-7
3716 6.029583700692724e-7
3717 6.029583700692724e-7
3718 6.029583700692724e-7
3719 6.029583700692724e-7
3720 6.029583700692724e-7
3721 6.029583700692724e-7
3722 6.029583700692724e-7
3723 6.029583700692724e-7
3724 6.03629681246035e-7
3725 6.03629681246035e-7
3726 6.03629681246035e-7
3727 6.046759023898469e-7
3728 6.039485140531432e-7
3729 6.039485140531432e-7
3730 6.039485140531432e-7
3731 6.039485140531432e-7
3732 6.042801645666587e-7
3733 6.04212873441566e-7
3734 6.046903213927823e-7
3735 6.049162288843469e-7
3736 6.050027465690505e-7
3737 6.054689793327514e-7
3738 6.078193721555941e-7
3739 6.087486357011216e-7
3740 6.087822812636679e-7
3741 6.091668038993406e-7
3742 6.091668038993406e-7
3743 6.091668038993406e-7
3744 6.091668038993406e-7
3745 6.091668038993406e-7
3746 6.091668038993406e-7
3747 6.091668038993406e-7
3748 6.091668038993406e-7
3749 6.093702810158743e-7
3750 6.095385100509698e-7
3751 6.094535936627942e-7
3752 6.095481227195934e-7
3753 6.104773856539389e-7
3754 6.107930146456272e-7
3755 6.105911400479853e-7
3756 6.105911400479853e-7
3757 6.11520402371149e-7
3758 6.144155354926645e-7
3759 6.152710984487136e-7
3760 6.152710984487136e-7
3761 6.152710984487136e-7
3762 6.152710984487136e-7
3763 6.152710984487136e-7
3764 6.152710984487136e-7
3765 6.152710984487136e-7
3766 6.152710984487136e-7
3767 6.152710984487136e-7
3768 6.153848540651238e-7
3769 6.155883299592937e-7
3770 6.154938009024946e-7
3771 6.18148608140692e-7
3772 6.191019033577783e-7
3773 6.191019033577783e-7
3774 6.191019033577783e-7
3775 6.191019033577783e-7
3776 6.191019033577783e-7
3777 6.191019033577783e-7
3778 6.191019033577783e-7
3779 6.191019033577783e-7
3780 6.191019033577783e-7
3781 6.200167472891885e-7
3782 6.200167472891885e-7
3783 6.200167472891885e-7
3784 6.202955269029103e-7
3785 6.202955269029103e-7
3786 6.20503809131392e-7
3787 6.20503809131392e-7
3788 6.207761798919103e-7
3789 6.207761798919103e-7
3790 6.210693785085675e-7
3791 6.210693785085675e-7
3792 6.210693785085675e-7
3793 6.210693785085675e-7
3794 6.210693785085675e-7
3795 6.21782346619972e-7
3796 6.218416263729692e-7
3797 6.218416263729692e-7
3798 6.218416263729692e-7
3799 6.218416263729692e-7
3800 6.218416263729692e-7
3801 6.220835553863611e-7
3802 6.220835553863611e-7
3803 6.220835553863611e-7
3804 6.220835553863611e-7
3805 6.223703451498147e-7
3806 6.227949222012374e-7
3807 6.225513906689537e-7
3808 6.230352486957375e-7
3809 6.23024033508222e-7
3810 6.230720992960676e-7
3811 6.248328910701757e-7
3812 6.257781755263485e-7
3813 6.257781755263485e-7
3814 6.257781755263485e-7
3815 6.265488233165859e-7
3816 6.275037204413823e-7
3817 6.292613084000705e-7
3818 6.296858848403113e-7
3819 6.296858848403113e-7
3820 6.296858848403113e-7
3821 6.296858848403113e-7
3822 6.296858848403113e-7
3823 6.296858848403113e-7
3824 6.296858848403113e-7
3825 6.296858848403113e-7
3826 6.296858848403113e-7
3827 6.296858848403113e-7
3828 6.296858848403113e-7
3829 6.308538711390832e-7
3830 6.308538711390832e-7
3831 6.29995104367614e-7
3832 6.29995104367614e-7
3833 6.304260902722404e-7
3834 6.306279636475185e-7
3835 6.305318332941913e-7
3836 6.30736911707253e-7
3837 6.306840395850957e-7
3838 6.304581333158949e-7
3839 6.304581333158949e-7
3840 6.304581333158949e-7
3841 6.30999668576784e-7
3842 6.311486710522685e-7
3843 6.311486710522685e-7
3844 6.313297165714076e-7
3845 6.313297165714076e-7
3846 6.313297165714076e-7
3847 6.313297165714076e-7
3848 6.313297165714076e-7
3849 6.315764519191113e-7
3850 6.318792632043921e-7
3851 6.329302919048795e-7
3852 6.344892090813458e-7
3853 6.352726739668085e-7
3854 6.355338295398113e-7
3855 6.355338295398113e-7
3856 6.363413273191969e-7
3857 6.358029964849097e-7
3858 6.363765747894532e-7
3859 6.370751238979223e-7
3860 6.383873069490488e-7
3861 6.387077416638669e-7
3862 6.388487339896197e-7
3863 6.389064118349069e-7
3864 6.39983075337027e-7
3865 6.39983075337027e-7
3866 6.39983075337027e-7
3867 6.39983075337027e-7
3868 6.39983075337027e-7
3869 6.39983075337027e-7
3870 6.39983075337027e-7
3871 6.39983075337027e-7
3872 6.39983075337027e-7
3873 6.39983075337027e-7
3874 6.39983075337027e-7
3875 6.39983075337027e-7
3876 6.39983075337027e-7
3877 6.39983075337027e-7
3878 6.39983075337027e-7
3879 6.39983075337027e-7
3880 6.39983075337027e-7
3881 6.39983075337027e-7
3882 6.39983075337027e-7
3883 6.39983075337027e-7
3884 6.39983075337027e-7
3885 6.39983075337027e-7
3886 6.39983075337027e-7
3887 6.39983075337027e-7
3888 6.39983075337027e-7
3889 6.410901799750917e-7
3890 6.421428087497434e-7
3891 6.424071687493481e-7
3892 6.428701983088109e-7
3893 6.435254879637462e-7
3894 6.435254879637462e-7
3895 6.435254879637462e-7
3896 6.435254879637462e-7
3897 6.435254879637462e-7
3898 6.435254879637462e-7
3899 6.435254879637462e-7
3900 6.435254879637462e-7
3901 6.435254879637462e-7
3902 6.435254879637462e-7
3903 6.435254879637462e-7
3904 6.435254879637462e-7
3905 6.435254879637462e-7
3906 6.435254879637462e-7
3907 6.435254879637462e-7
3908 6.435254879637462e-7
3909 6.435254879637462e-7
3910 6.435254879637462e-7
3911 6.435254879637462e-7
3912 6.435254879637462e-7
3913 6.439244296023543e-7
3914 6.439244296023543e-7
3915 6.439244296023543e-7
3916 6.443409952816816e-7
3917 6.444467395259962e-7
3918 6.449386077025117e-7
3919 6.450699861372771e-7
3920 6.464478577946043e-7
3921 6.46872434846027e-7
3922 6.458342250743107e-7
3923 6.468516069898879e-7
3924 6.468516069898879e-7
3925 6.468516069898879e-7
3926 6.468516069898879e-7
3927 6.462748230363788e-7
3928 6.464959235824497e-7
3929 6.465520001312088e-7
3930 6.464847083949343e-7
3931 6.464847083949343e-7
3932 6.457396960175116e-7
3933 6.458342244631289e-7
3934 6.458342244631289e-7
3935 6.458342244631289e-7
3936 6.473915403430671e-7
3937 6.474380036120208e-7
3938 6.481221337175546e-7
3939 6.494695642389373e-7
3940 6.502322000458973e-7
3941 6.502322000458973e-7
3942 6.488783606713109e-7
3943 6.488783606713109e-7
3944 6.488783606713109e-7
3945 6.488783606713109e-7
3946 6.488783606713109e-7
3947 6.488783606713109e-7
3948 6.493894554074373e-7
3949 6.494695642389373e-7
3950 6.494695642389373e-7
3951 6.503395461979219e-7
3952 6.503395461979219e-7
3953 6.515523938579374e-7
3954 6.535903627268756e-7
3955 6.540469828219528e-7
3956 6.540469828219528e-7
3957 6.540469828219528e-7
3958 6.540469828219528e-7
3959 6.540469828219528e-7
3960 6.540469828219528e-7
3961 6.529735255799801e-7
3962 6.528085003603046e-7
3963 6.528085003603046e-7
3964 6.528085003603046e-7
3965 6.528085003603046e-7
3966 6.528085003603046e-7
3967 6.528085003603046e-7
3968 6.528085003603046e-7
3969 6.528085003603046e-7
3970 6.528085003603046e-7
3971 6.528085003603046e-7
3972 6.528085003603046e-7
3973 6.528085003603046e-7
3974 6.528085003603046e-7
3975 6.528085003603046e-7
3976 6.528085003603046e-7
3977 6.528085003603046e-7
3978 6.528085003603046e-7
3979 6.528085003603046e-7
3980 6.538899695855547e-7
3981 6.540309619113075e-7
3982 6.540309619113075e-7
3983 6.540309619113075e-7
3984 6.540309619113075e-7
3985 6.540309619113075e-7
3986 6.543818377620701e-7
3987 6.541943833897275e-7
3988 6.542600719959283e-7
3989 6.542600719959283e-7
3990 6.542600719959283e-7
3991 6.549329856915828e-7
3992 6.548656945664901e-7
3993 6.548656945664901e-7
3994 6.548656945664901e-7
3995 6.554280601282457e-7
3996 6.582623097555084e-7
3997 6.583440204947183e-7
3998 6.583440204947183e-7
3999 6.583440204947183e-7
4000 6.583440204947183e-7
4001 6.583440204947183e-7
4002 6.583440204947183e-7
4003 6.583440204947183e-7
4004 6.583440204947183e-7
4005 6.588294798180301e-7
4006 6.589031810186902e-7
4007 6.589688708472548e-7
4008 6.587061127553601e-7
4009 6.587061127553601e-7
4010 6.587061127553601e-7
4011 6.587061127553601e-7
4012 6.587061127553601e-7
4013 6.587061127553601e-7
4014 6.587061127553601e-7
4015 6.587061127553601e-7
4016 6.587061127553601e-7
4017 6.596033314236874e-7
4018 6.601865242304001e-7
4019 6.601176299752338e-7
4020 6.601176299752338e-7
4021 6.601945337689501e-7
4022 6.601945337689501e-7
4023 6.604909374233911e-7
4024 6.604909374233911e-7
4025 6.606655740893265e-7
4026 6.606655740893265e-7
4027 6.606655740893265e-7
4028 6.606655740893265e-7
4029 6.606655740893265e-7
4030 6.606655740893265e-7
4031 6.606655740893265e-7
4032 6.606655740893265e-7
4033 6.611686574533575e-7
4034 6.611686574533575e-7
4035 6.611686574533575e-7
4036 6.611686574533575e-7
4037 6.611686574533575e-7
4038 6.618415711490119e-7
4039 6.618960457900611e-7
4040 6.618960457900611e-7
4041 6.618960457900611e-7
4042 6.618960457900611e-7
4043 6.618960457900611e-7
4044 6.618960457900611e-7
4045 6.627275746298237e-7
4046 6.627275746298237e-7
4047 6.627275746298237e-7
4048 6.6284132902387e-7
4049 6.627900594206046e-7
4050 6.628028759046481e-7
4051 6.628028759046481e-7
4052 6.629518783801327e-7
4053 6.630383960648363e-7
4054 6.630880631492099e-7
4055 6.630880631492099e-7
4056 6.637401495999072e-7
4057 6.637882147765708e-7
4058 6.640605855370891e-7
4059 6.654512749008237e-7
4060 6.661289949307899e-7
4061 6.679026044113053e-7
4062 6.688607053515217e-7
4063 6.703731604813981e-7
4064 6.717878821278735e-7
4065 6.717926896845491e-7
4066 6.724271514833454e-7
4067 6.734589536242218e-7
4068 6.750451087323946e-7
4069 6.750451087323946e-7
4070 6.750451087323946e-7
4071 6.750451087323946e-7
4072 6.750451087323946e-7
4073 6.752902415612064e-7
4074 6.752902415612064e-7
4075 6.757596793626909e-7
4076 6.757596793626909e-7
4077 6.767065657265736e-7
4078 6.766633068842218e-7
4079 6.7613779314516e-7
4080 6.753110706397092e-7
4081 6.754392446478728e-7
4082 6.758317774332773e-7
4083 6.7537355543049e-7
4084 6.752678117973573e-7
4085 6.768171175275637e-7
4086 6.775044508373355e-7
4087 6.783840472984893e-7
4088 6.781325056164738e-7
4089 6.784032726357365e-7
4090 6.781773663665357e-7
4091 6.776262172146593e-7
4092 6.779931151984311e-7
4093 6.780235569455575e-7
4094 6.780235569455575e-7
4095 6.780235569455575e-7
4096 6.780235569455575e-7
4097 6.790120996329002e-7
4098 6.791595008118567e-7
4099 6.79433472868903e-7
4100 6.79433472868903e-7
4101 6.79433472868903e-7
4102 6.79433472868903e-7
4103 6.79433472868903e-7
4104 6.79433472868903e-7
4105 6.79433472868903e-7
4106 6.79433472868903e-7
4107 6.79433472868903e-7
4108 6.79433472868903e-7
4109 6.79433472868903e-7
4110 6.79433472868903e-7
4111 6.79433472868903e-7
4112 6.79433472868903e-7
4113 6.79433472868903e-7
4114 6.800775473363229e-7
4115 6.800775473363229e-7
4116 6.802057219556685e-7
4117 6.804444459312767e-7
4118 6.811061444394157e-7
4119 6.805437813223876e-7
4120 6.810036058440667e-7
4121 6.820834725504249e-7
4122 6.825913628599494e-7
4123 6.834981941969002e-7
4124 6.834981941969002e-7
4125 6.841182369927612e-7
4126 6.841182369927612e-7
4127 6.847767316854802e-7
4128 6.843841989000758e-7
4129 6.842303888679157e-7
4130 6.841759154492303e-7
4131 6.84403424237323e-7
4132 6.844995545906502e-7
4133 6.853711390685266e-7
4134 6.873530319998875e-7
4135 6.87745564785292e-7
4136 6.871351358804184e-7
4137 6.87840094453273e-7
4138 6.879314178611066e-7
4139 6.878577178828102e-7
4140 6.884136733689984e-7
4141 6.89419841319424e-7
4142 6.908073256453747e-7
4143 6.903026403736339e-7
4144 6.909979850555011e-7
4145 6.909979850555011e-7
4146 6.909979850555011e-7
4147 6.909979850555011e-7
4148 6.909979850555011e-7
4149 6.914481962973747e-7
4150 6.915891874007637e-7
4151 6.914129482159365e-7
4152 6.918936018161183e-7
4153 6.918936018161183e-7
4154 6.922717155985874e-7
4155 6.922460801857728e-7
4156 6.931993760140411e-7
4157 6.946108938450965e-7
4158 6.958782155349793e-7
4159 6.958782155349793e-7
4160 6.958782155349793e-7
4161 6.958782155349793e-7
4162 6.958782155349793e-7
4163 6.969965353605594e-7
4164 6.971327201296366e-7
4165 6.970205682544821e-7
4166 6.97363433955513e-7
4167 6.969692974288529e-7
4168 6.969933315451394e-7
4169 6.969933315451394e-7
4170 6.969933315451394e-7
4171 6.969933315451394e-7
4172 6.969933315451394e-7
4173 6.969933315451394e-7
4174 6.969933315451394e-7
4175 6.969933315451394e-7
4176 6.969933315451394e-7
4177 6.969933315451394e-7
4178 6.969933315451394e-7
4179 6.969933315451394e-7
4180 6.969933315451394e-7
4181 6.969933315451394e-7
4182 6.969933315451394e-7
4183 6.975156414687813e-7
4184 6.975156414687813e-7
4185 6.975156414687813e-7
4186 6.977928185636113e-7
4187 6.977928185636113e-7
4188 6.977928185636113e-7
4189 6.977928185636113e-7
4190 6.977928185636113e-7
4191 6.977928185636113e-7
4192 6.989239560955986e-7
4193 6.992748325575431e-7
4194 7.011157337743331e-7
4195 7.011926381792313e-7
4196 7.043761635830922e-7
4197 7.057972940827712e-7
4198 7.072905232642185e-7
4199 7.072905232642185e-7
4200 7.072905232642185e-7
4201 7.072905232642185e-7
4202 7.072905232642185e-7
4203 7.072905232642185e-7
4204 7.072905232642185e-7
4205 7.072905232642185e-7
4206 7.072905232642185e-7
4207 7.076494104870767e-7
4208 7.081669140764067e-7
4209 7.081076331010457e-7
4210 7.092195440734222e-7
4211 7.104051544129131e-7
4212 7.11507452105484e-7
4213 7.11507452105484e-7
4214 7.11507452105484e-7
4215 7.11507452105484e-7
4216 7.11507452105484e-7
4217 7.11507452105484e-7
4218 7.11507452105484e-7
4219 7.11507452105484e-7
4220 7.11507452105484e-7
4221 7.11507452105484e-7
4222 7.11507452105484e-7
4223 7.11507452105484e-7
4224 7.11507452105484e-7
4225 7.11507452105484e-7
4226 7.11507452105484e-7
4227 7.11507452105484e-7
4228 7.11507452105484e-7
4229 7.11507452105484e-7
4230 7.11507452105484e-7
4231 7.11507452105484e-7
4232 7.11507452105484e-7
4233 7.11507452105484e-7
4234 7.11507452105484e-7
4235 7.11507452105484e-7
4236 7.11507452105484e-7
4237 7.11507452105484e-7
4238 7.11507452105484e-7
4239 7.11507452105484e-7
4240 7.11507452105484e-7
4241 7.11507452105484e-7
4242 7.11507452105484e-7
4243 7.11507452105484e-7
4244 7.11507452105484e-7
4245 7.11507452105484e-7
4246 7.11507452105484e-7
4247 7.11507452105484e-7
4248 7.11507452105484e-7
4249 7.11507452105484e-7
4250 7.11507452105484e-7
4251 7.11507452105484e-7
4252 7.11507452105484e-7
4253 7.11507452105484e-7
4254 7.119400393066385e-7
4255 7.121371075699685e-7
4256 7.131769204717585e-7
4257 7.142439700828913e-7
4258 7.14553189610194e-7
4259 7.145355661806567e-7
4260 7.148864426426012e-7
4261 7.148864426426012e-7
4262 7.148864426426012e-7
4263 7.142583890858266e-7
4264 7.142583890858266e-7
4265 7.13792155099762e-7
4266 7.13792155099762e-7
4267 7.13792155099762e-7
4268 7.13792155099762e-7
4269 7.13792155099762e-7
4270 7.13792155099762e-7
4271 7.13792155099762e-7
4272 7.147470522245584e-7
4273 7.154856569711413e-7
4274 7.173441816174686e-7
4275 7.173441816174686e-7
4276 7.173441816174686e-7
4277 7.173441816174686e-7
4278 7.173441816174686e-7
4279 7.173441816174686e-7
4280 7.173441816174686e-7
4281 7.173441816174686e-7
4282 7.173441816174686e-7
4283 7.173441816174686e-7
4284 7.173441816174686e-7
4285 7.173441816174686e-7
4286 7.173441816174686e-7
4287 7.173441816174686e-7
4288 7.173441816174686e-7
4289 7.173441816174686e-7
4290 7.173441816174686e-7
4291 7.173441816174686e-7
4292 7.173441816174686e-7
4293 7.173441816174686e-7
4294 7.173441816174686e-7
4295 7.173441816174686e-7
4296 7.173441816174686e-7
4297 7.173441816174686e-7
4298 7.173441816174686e-7
4299 7.173441816174686e-7
4300 7.173441816174686e-7
4301 7.173441816174686e-7
4302 7.173441816174686e-7
4303 7.173441816174686e-7
4304 7.173441816174686e-7
4305 7.173441816174686e-7
4306 7.173441816174686e-7
4307 7.173441816174686e-7
4308 7.173441816174686e-7
4309 7.173441816174686e-7
4310 7.173441816174686e-7
4311 7.173441816174686e-7
4312 7.173441816174686e-7
4313 7.173441816174686e-7
4314 7.173441816174686e-7
4315 7.173441816174686e-7
4316 7.173441816174686e-7
4317 7.173441816174686e-7
4318 7.173441816174686e-7
4319 7.173441816174686e-7
4320 7.173441816174686e-7
4321 7.173441816174686e-7
4322 7.173441816174686e-7
4323 7.173441816174686e-7
4324 7.173441816174686e-7
4325 7.173441816174686e-7
4326 7.173441816174686e-7
4327 7.173441816174686e-7
4328 7.182045509078295e-7
4329 7.185185773806259e-7
4330 7.185185773806259e-7
4331 7.185185773806259e-7
4332 7.185185773806259e-7
4333 7.185185773806259e-7
4334 7.185185773806259e-7
4335 7.188261950002186e-7
4336 7.188261950002186e-7
4337 7.191017695761568e-7
4338 7.191017695761568e-7
4339 7.191017695761568e-7
4340 7.191017695761568e-7
4341 7.191017695761568e-7
4342 7.191017695761568e-7
4343 7.191017695761568e-7
4344 7.195039162525487e-7
4345 7.195039162525487e-7
4346 7.198531908067832e-7
4347 7.198531908067832e-7
4348 7.202056703988015e-7
4349 7.202056703988015e-7
4350 7.202056703988015e-7
4351 7.202056703988015e-7
4352 7.202056703988015e-7
4353 7.203162209774278e-7
4354 7.204363842246778e-7
4355 7.203242323495233e-7
4356 7.203242323495233e-7
4357 7.203242323495233e-7
4358 7.203242323495233e-7
4359 7.203242323495233e-7
4360 7.203242323495233e-7
4361 7.203242323495233e-7
4362 7.203242323495233e-7
4363 7.203242323495233e-7
4364 7.203242323495233e-7
4365 7.203242323495233e-7
4366 7.203242323495233e-7
4367 7.203242323495233e-7
4368 7.203242323495233e-7
4369 7.203242323495233e-7
4370 7.203242323495233e-7
4371 7.203242323495233e-7
4372 7.203242323495233e-7
4373 7.203242323495233e-7
4374 7.203242323495233e-7
4375 7.203242323495233e-7
4376 7.203242323495233e-7
4377 7.203242323495233e-7
4378 7.203242323495233e-7
4379 7.203242323495233e-7
4380 7.203242323495233e-7
4381 7.203242323495233e-7
4382 7.203242323495233e-7
4383 7.203242323495233e-7
4384 7.203242323495233e-7
4385 7.203242323495233e-7
4386 7.203242323495233e-7
4387 7.203242323495233e-7
4388 7.203242323495233e-7
4389 7.203242323495233e-7
4390 7.203242323495233e-7
4391 7.203242323495233e-7
4392 7.203242323495233e-7
4393 7.203242323495233e-7
4394 7.203242323495233e-7
4395 7.203242323495233e-7
4396 7.203242323495233e-7
4397 7.203242323495233e-7
4398 7.203242323495233e-7
4399 7.203242323495233e-7
4400 7.203242323495233e-7
4401 7.203242323495233e-7
4402 7.203242323495233e-7
4403 7.203242323495233e-7
4404 7.203242323495233e-7
4405 7.203242323495233e-7
4406 7.203242323495233e-7
4407 7.203242323495233e-7
4408 7.204251690371624e-7
4409 7.21115706773536e-7
4410 7.224567296640788e-7
4411 7.223910398355142e-7
4412 7.223301575636251e-7
4413 7.224198790637487e-7
4414 7.225240207891714e-7
4415 7.223718138870851e-7
4416 7.223990505964278e-7
4417 7.224342992890478e-7
4418 7.224102657839432e-7
4419 7.228444555039896e-7
4420 7.233635616122115e-7
4421 7.238986886310788e-7
4422 7.238986886310788e-7
4423 7.238986886310788e-7
4424 7.24275199894656e-7
4425 7.24275199894656e-7
4426 7.24275199894656e-7
4427 7.24275199894656e-7
4428 7.246837554242516e-7
4429 7.250939122503752e-7
4430 7.244530415983752e-7
4431 7.244530415983752e-7
4432 7.244530415983752e-7
4433 7.244530415983752e-7
4434 7.244530415983752e-7
4435 7.244530415983752e-7
4436 7.244530415983752e-7
4437 7.244530415983752e-7
4438 7.244530415983752e-7
4439 7.244530415983752e-7
4440 7.244530415983752e-7
4441 7.244530415983752e-7
4442 7.244530415983752e-7
4443 7.244530415983752e-7
4444 7.244530415983752e-7
4445 7.244530415983752e-7
4446 7.244530415983752e-7
4447 7.244530415983752e-7
4448 7.244530415983752e-7
4449 7.244530415983752e-7
4450 7.244530415983752e-7
4451 7.244530415983752e-7
4452 7.244530415983752e-7
4453 7.244530415983752e-7
4454 7.244530415983752e-7
4455 7.244530415983752e-7
4456 7.244530415983752e-7
4457 7.244530415983752e-7
4458 7.244530415983752e-7
4459 7.244530415983752e-7
4460 7.244530415983752e-7
4461 7.244530415983752e-7
4462 7.244530415983752e-7
4463 7.244530415983752e-7
4464 7.244530415983752e-7
4465 7.244530415983752e-7
4466 7.244530415983752e-7
4467 7.25101922400107e-7
4468 7.249433072559988e-7
4469 7.249433072559988e-7
4470 7.253502602667025e-7
4471 7.252429147258598e-7
4472 7.252429147258598e-7
4473 7.255905867612025e-7
4474 7.255905867612025e-7
4475 7.255905867612025e-7
4476 7.255905867612025e-7
4477 7.255905867612025e-7
4478 7.255905867612025e-7
4479 7.255905867612025e-7
4480 7.255905867612025e-7
4481 7.255905867612025e-7
4482 7.255905867612025e-7
4483 7.256915246712053e-7
4484 7.259574853561561e-7
4485 7.258645588182488e-7
4486 7.259895283998106e-7
4487 7.259895283998106e-7
4488 7.259895283998106e-7
4489 7.259895283998106e-7
4490 7.259895283998106e-7
4491 7.259895283998106e-7
4492 7.259895283998106e-7
4493 7.259895283998106e-7
4494 7.259895283998106e-7
4495 7.259895283998106e-7
4496 7.263724472942277e-7
4497 7.269988989432923e-7
4498 7.268178522017895e-7
4499 7.270693944949868e-7
4500 7.270357489324405e-7
4501 7.287052166875332e-7
4502 7.294149815946997e-7
4503 7.293508942850269e-7
4504 7.299404953337615e-7
4505 7.299404953337615e-7
4506 7.301039180345452e-7
4507 7.302561243254497e-7
4508 7.302561243254497e-7
4509 7.311437303251534e-7
4510 7.308969949774497e-7
4511 7.315218441076225e-7
4512 7.318134402053879e-7
4513 7.319175807084469e-7
4514 7.319175807084469e-7
4515 7.319175807084469e-7
4516 7.319175807084469e-7
4517 7.332666131375396e-7
4518 7.350306093382495e-7
4519 7.354664009660058e-7
4520 7.35602585735083e-7
4521 7.361377133651321e-7
4522 7.366952707590303e-7
4523 7.378552469080704e-7
4524 7.379722051175367e-7
4525 7.388213592203822e-7
4526 7.391530109562614e-7
4527 7.391145578370395e-7
4528 7.394862627663049e-7
4529 7.392331185653976e-7
4530 7.391129553181476e-7
4531 7.391129553181476e-7
4532 7.39704158885774e-7
4533 7.39843548692635e-7
4534 7.404635908773141e-7
4535 7.405132585728695e-7
4536 7.408673394614159e-7
4537 7.432722069253077e-7
4538 7.432722069253077e-7
4539 7.432722069253077e-7
4540 7.432722069253077e-7
4541 7.432722069253077e-7
4542 7.432722069253077e-7
4543 7.432722069253077e-7
4544 7.432722069253077e-7
4545 7.434804903761532e-7
4546 7.43645514373465e-7
4547 7.435686105797487e-7
4548 7.435686105797487e-7
4549 7.441694268159987e-7
4550 7.442415242754032e-7
4551 7.454607807886223e-7
4552 7.483495050569342e-7
4553 7.483495050569342e-7
4554 7.483495050569342e-7
4555 7.483495050569342e-7
4556 7.484488404480451e-7
4557 7.490015908964496e-7
4558 7.486122619264651e-7
4559 7.486122619264651e-7
4560 7.490704845404342e-7
4561 7.490400427933078e-7
4562 7.490400427933078e-7
4563 7.490400427933078e-7
4564 7.490400427933078e-7
4565 7.490400427933078e-7
4566 7.497145590078542e-7
4567 7.502689113639687e-7
4568 7.51403252711376e-7
4569 7.524751092680024e-7
4570 7.524751092680024e-7
4571 7.524751092680024e-7
4572 7.524751092680024e-7
4573 7.524751092680024e-7
4574 7.524751092680024e-7
4575 7.524751092680024e-7
4576 7.524751092680024e-7
4577 7.524751092680024e-7
4578 7.528355990097524e-7
4579 7.528355990097524e-7
4580 7.533835431238451e-7
4581 7.536479025122678e-7
4582 7.536479025122678e-7
4583 7.538529821476934e-7
4584 7.541253516858479e-7
4585 7.541253516858479e-7
4586 7.541253516858479e-7
4587 7.541253516858479e-7
4588 7.541253516858479e-7
4589 7.541253516858479e-7
4590 7.546861147287117e-7
4591 7.54538714772119e-7
4592 7.548511381148416e-7
4593 7.550610234733971e-7
4594 7.548575469680453e-7
4595 7.543720870335516e-7
4596 7.543512591774126e-7
4597 7.543736895524435e-7
4598 7.562386230519743e-7
4599 7.565895001251007e-7
4600 7.565750805109834e-7
4601 7.580186419968752e-7
4602 7.582878071084279e-7
4603 7.582878071084279e-7
4604 7.582878071084279e-7
4605 7.582878071084279e-7
4606 7.582878071084279e-7
4607 7.582878071084279e-7
4608 7.588053106977579e-7
4609 7.591593915863043e-7
4610 7.591401650266934e-7
4611 7.591401650266934e-7
4612 7.591401650266934e-7
4613 7.588325474071007e-7
4614 7.591097238907488e-7
4615 7.588661923584651e-7
4616 7.588661923584651e-7
4617 7.588661923584651e-7
4618 7.588661923584651e-7
4619 7.588661923584651e-7
4620 7.588934290678078e-7
4621 7.588934290678078e-7
4622 7.591129277061688e-7
4623 7.591129277061688e-7
4624 7.591129277061688e-7
4625 7.594077288417179e-7
4626 7.598595426024833e-7
4627 7.599011989259433e-7
4628 7.60663835955267e-7
4629 7.61865468427767e-7
4630 7.618510482024679e-7
4631 7.617677349443661e-7
4632 7.625383821234216e-7
4633 7.625383821234216e-7
4634 7.627162238271407e-7
4635 7.627162238271407e-7
4636 7.632641679412334e-7
4637 7.629725730658317e-7
4638 7.629725730658317e-7
4639 7.629725730658317e-7
4640 7.629725730658317e-7
4641 7.629725730658317e-7
4642 7.629725730658317e-7
4643 7.629725730658317e-7
4644 7.629725730658317e-7
4645 7.629725730658317e-7
4646 7.629725730658317e-7
4647 7.629725730658317e-7
4648 7.629725730658317e-7
4649 7.629725730658317e-7
4650 7.629725730658317e-7
4651 7.629725730658317e-7
4652 7.633635045547081e-7
4653 7.634323981986927e-7
4654 7.634323981986927e-7
4655 7.634323981986927e-7
4656 7.634323981986927e-7
4657 7.634323981986927e-7
4658 7.634323981986927e-7
4659 7.642414966634245e-7
4660 7.639627194944301e-7
4661 7.639643207909582e-7
4662 7.640219992474273e-7
4663 7.639595144566464e-7
4664 7.640524409945537e-7
4665 7.640139890976956e-7
4666 7.648182812281155e-7
4667 7.646820964590383e-7
4668 7.647125369838009e-7
4669 7.646885053122419e-7
4670 7.646660737148472e-7
4671 7.646660737148472e-7
4672 7.648599369403936e-7
4673 7.648871736497362e-7
4674 7.649031951715635e-7
4675 7.649031951715635e-7
4676 7.649031951715635e-7
4677 7.649031951715635e-7
4678 7.649031951715635e-7
4679 7.649031951715635e-7
4680 7.649031951715635e-7
4681 7.654415266170326e-7
4682 7.654415266170326e-7
4683 7.654415266170326e-7
4684 7.654415266170326e-7
4685 7.654415266170326e-7
4686 7.654415266170326e-7
4687 7.654415266170326e-7
4688 7.654415266170326e-7
4689 7.654415266170326e-7
4690 7.654415266170326e-7
4691 7.654415266170326e-7
4692 7.654415266170326e-7
4693 7.654415266170326e-7
4694 7.654415266170326e-7
4695 7.654415266170326e-7
4696 7.656610252553936e-7
4697 7.65976653024718e-7
4698 7.659029530464216e-7
4699 7.662778624022889e-7
4700 7.665822762064616e-7
4701 7.665822762064616e-7
4702 7.665822762064616e-7
4703 7.665822762064616e-7
4704 7.66612717953588e-7
4705 7.66612717953588e-7
4706 7.668594533012916e-7
4707 7.670661342332452e-7
4708 7.670661342332452e-7
4709 7.670661342332452e-7
4710 7.670661342332452e-7
4711 7.670661342332452e-7
4712 7.670661342332452e-7
4713 7.693011713655135e-7
4714 7.718165881856679e-7
4715 7.718165881856679e-7
4716 7.718165881856679e-7
4717 7.718165881856679e-7
4718 7.718165881856679e-7
4719 7.718165881856679e-7
4720 7.718165881856679e-7
4721 7.718165881856679e-7
4722 7.718165881856679e-7
4723 7.718165881856679e-7
4724 7.718165881856679e-7
4725 7.729204877859488e-7
4726 7.745098473207234e-7
4727 7.750930395162544e-7
4728 7.761456695132698e-7
4729 7.761456695132698e-7
4730 7.761456695132698e-7
4731 7.761456695132698e-7
4732 7.761456695132698e-7
4733 7.761456695132698e-7
4734 7.761456695132698e-7
4735 7.761456695132698e-7
4736 7.761456695132698e-7
4737 7.761456695132698e-7
4738 7.761456695132698e-7
4739 7.761456695132698e-7
4740 7.761456695132698e-7
4741 7.761456695132698e-7
4742 7.761456695132698e-7
4743 7.761456695132698e-7
4744 7.761456695132698e-7
4745 7.761456695132698e-7
4746 7.761456695132698e-7
4747 7.761456695132698e-7
4748 7.761456695132698e-7
4749 7.761456695132698e-7
4750 7.761456695132698e-7
4751 7.761456695132698e-7
4752 7.769900172818036e-7
4753 7.768778641842853e-7
4754 7.768778641842853e-7
4755 7.768778641842853e-7
4756 7.768778641842853e-7
4757 7.768778641842853e-7
4758 7.775844234424862e-7
4759 7.775844234424862e-7
4760 7.775844234424862e-7
4761 7.775844234424862e-7
4762 7.775844234424862e-7
4763 7.775844234424862e-7
4764 7.775844234424862e-7
4765 7.775844234424862e-7
4766 7.775844234424862e-7
4767 7.775844234424862e-7
4768 7.775844234424862e-7
4769 7.775844234424862e-7
4770 7.775844234424862e-7
4771 7.775844234424862e-7
4772 7.785793749830325e-7
4773 7.785793749830325e-7
4774 7.785793749830325e-7
4775 7.785793749830325e-7
4776 7.785793749830325e-7
4777 7.785793749830325e-7
4778 7.785793749830325e-7
4779 7.785793749830325e-7
4780 7.785793749830325e-7
4781 7.788437343714553e-7
4782 7.793019575966063e-7
4783 7.791833962570662e-7
4784 7.790744481973317e-7
4785 7.797745998246927e-7
4786 7.802200047322545e-7
4787 7.80609333702239e-7
4788 7.816283181367081e-7
4789 7.813174967016955e-7
4790 7.815786504411527e-7
4791 7.812550112997327e-7
4792 7.812518068731308e-7
4793 7.815241764112853e-7
4794 7.814072175906371e-7
4795 7.80910542468628e-7
4796 7.824278039328162e-7
4797 7.834916491173471e-7
4798 7.840892609269952e-7
4799 7.842414684402635e-7
4800 7.843071582688281e-7
4801 7.848086385027853e-7
4802 7.842895330057453e-7
4803 7.843632329840417e-7
4804 7.846852720512973e-7
4805 7.848294669701062e-7
4806 7.868658339313345e-7
4807 7.878816139392018e-7
4808 7.878816139392018e-7
4809 7.878816139392018e-7
4810 7.878816139392018e-7
4811 7.878816139392018e-7
4812 7.878816139392018e-7
4813 7.878816139392018e-7
4814 7.878816139392018e-7
4815 7.878816139392018e-7
4816 7.878816139392018e-7
4817 7.878816139392018e-7
4818 7.878816139392018e-7
4819 7.881619960718155e-7
4820 7.883109985473001e-7
4821 7.881844264468465e-7
4822 7.880418328245655e-7
4823 7.885641421370255e-7
4824 7.886602724903527e-7
4825 7.886811009576737e-7
4826 7.902800731610719e-7
4827 7.910507203401273e-7
4828 7.935677390679918e-7
4829 7.935677390679918e-7
4830 7.944088817987418e-7
4831 7.954326725675227e-7
4832 7.963683443550719e-7
4833 7.965541968197047e-7
4834 7.98651446052822e-7
4835 7.98651446052822e-7
4836 7.98651446052822e-7
4837 7.98651446052822e-7
4838 7.98651446052822e-7
4839 7.98651446052822e-7
4840 7.98651446052822e-7
4841 7.98651446052822e-7
4842 7.98651446052822e-7
4843 7.98651446052822e-7
4844 7.995999343244147e-7
4845 7.995999343244147e-7
4846 7.995999343244147e-7
4847 7.995999343244147e-7
4848 7.999572202507447e-7
4849 7.999251759847264e-7
4850 7.999251759847264e-7
4851 8.002039555984483e-7
4852 8.001350619544637e-7
4853 8.001350619544637e-7
4854 8.001350619544637e-7
4855 8.001350619544637e-7
4856 8.0065256432143e-7
4857 8.0065256432143e-7
4858 8.01352715948791e-7
4859 8.01352715948791e-7
4860 8.01352715948791e-7
4861 8.01352715948791e-7
4862 8.017148082094328e-7
4863 8.019054676195592e-7
4864 8.024421965461365e-7
4865 8.035685265214483e-7
4866 8.039610599180347e-7
4867 8.043632059832446e-7
4868 8.051835208578556e-7
4869 8.051835208578556e-7
4870 8.051835208578556e-7
4871 8.051835208578556e-7
4872 8.051835208578556e-7
4873 8.051835208578556e-7
4874 8.063707337162383e-7
4875 8.068770221180529e-7
4876 8.076044104547565e-7
4877 8.097337033427102e-7
4878 8.097337033427102e-7
4879 8.097337033427102e-7
4880 8.097337033427102e-7
4881 8.097337033427102e-7
4882 8.097337033427102e-7
4883 8.097337033427102e-7
4884 8.097337033427102e-7
4885 8.105043499105838e-7
4886 8.110378750217411e-7
4887 8.112445559536947e-7
4888 8.127089452957256e-7
4889 8.142694656022656e-7
4890 8.142694656022656e-7
4891 8.142694656022656e-7
4892 8.142694656022656e-7
4893 8.142694656022656e-7
4894 8.142694656022656e-7
4895 8.142694656022656e-7
4896 8.142694656022656e-7
4897 8.142694656022656e-7
4898 8.142694656022656e-7
4899 8.142694656022656e-7
4900 8.142694656022656e-7
4901 8.142694656022656e-7
4902 8.142694656022656e-7
4903 8.142694656022656e-7
4904 8.142694656022656e-7
4905 8.142694656022656e-7
4906 8.142694656022656e-7
4907 8.142694656022656e-7
4908 8.147741514851884e-7
4909 8.160815269796393e-7
4910 8.160815269796393e-7
4911 8.165045015121702e-7
4912 8.165045015121702e-7
4913 8.165429546313921e-7
4914 8.167240001505312e-7
4915 8.167240001505312e-7
4916 8.167240001505312e-7
4917 8.167240001505312e-7
4918 8.168778101826913e-7
4919 8.177541997725158e-7
4920 8.203961899154877e-7
4921 8.203961899154877e-7
4922 8.203961899154877e-7
4923 8.203961899154877e-7
4924 8.203961899154877e-7
4925 8.203961899154877e-7
4926 8.203961899154877e-7
4927 8.212293212741421e-7
4928 8.212293212741421e-7
4929 8.213414743716603e-7
4930 8.213414743716603e-7
4931 8.213414743716603e-7
4932 8.226039903384131e-7
4933 8.234547457377866e-7
4934 8.254798969003176e-7
4935 8.254798969003176e-7
4936 8.254798969003176e-7
4937 8.254798969003176e-7
4938 8.254798969003176e-7
4939 8.254798969003176e-7
4940 8.254798969003176e-7
4941 8.254798969003176e-7
4942 8.254798969003176e-7
4943 8.254798969003176e-7
4944 8.254798969003176e-7
4945 8.262201029434285e-7
4946 8.265485484191603e-7
4947 8.264892686661631e-7
4948 8.269651153208513e-7
4949 8.288412640078976e-7
4950 8.293779929344749e-7
4951 8.293779929344749e-7
4952 8.293779929344749e-7
4953 8.293779929344749e-7
4954 8.293779929344749e-7
4955 8.293779929344749e-7
4956 8.293779929344749e-7
4957 8.293779929344749e-7
4958 8.307911126732403e-7
4959 8.307911126732403e-7
4960 8.307911126732403e-7
4961 8.307911126732403e-7
4962 8.307911126732403e-7
4963 8.317059541599229e-7
4964 8.335772971238394e-7
4965 8.341652962648639e-7
4966 8.363154170089566e-7
4967 8.371181090652122e-7
4968 8.370732470927866e-7
4969 8.370732470927866e-7
4970 8.370732470927866e-7
4971 8.370732470927866e-7
4972 8.372462812398301e-7
4973 8.372222495682712e-7
4974 8.373632406716602e-7
4975 8.373696495248638e-7
4976 8.377733974977837e-7
4977 8.373327989245337e-7
4978 8.373327989245337e-7
4979 8.376067722039438e-7
4980 8.376067722039438e-7
4981 8.376067722039438e-7
4982 8.378663252580547e-7
4983 8.378663252580547e-7
4984 8.393275095623019e-7
4985 8.391929273121165e-7
4986 8.391929273121165e-7
4987 8.391929273121165e-7
4988 8.391929273121165e-7
4989 8.391929273121165e-7
4990 8.391929273121165e-7
4991 8.391929273121165e-7
4992 8.391929273121165e-7
4993 8.391929273121165e-7
4994 8.398209802577092e-7
4995 8.398209802577092e-7
4996 8.398209802577092e-7
4997 8.398209802577092e-7
4998 8.398209802577092e-7
4999 8.401702548119438e-7
5000 8.401702548119438e-7
5001 8.401702548119438e-7
5002 8.401702548119438e-7
5003 8.407454356353791e-7
5004 8.407310166324437e-7
5005 8.415417176160673e-7
5006 8.432576486401136e-7
5007 8.441901153898791e-7
5008 8.441901153898791e-7
5009 8.441901153898791e-7
5010 8.441901153898791e-7
5011 8.441901153898791e-7
5012 8.448357923761909e-7
5013 8.456208597805456e-7
5014 8.47155744674271e-7
5015 8.473832540735456e-7
5016 8.487018453666937e-7
5017 8.487018453666937e-7
5018 8.487018453666937e-7
5019 8.487018453666937e-7
5020 8.487018453666937e-7
5021 8.499579512578791e-7
5022 8.497272386543665e-7
5023 8.505235200238728e-7
5024 8.515328911785364e-7
5025 8.518837676404809e-7
5026 8.517668088198327e-7
5027 8.520744264394254e-7
5028 8.538191973028881e-7
5029 8.538191973028881e-7
5030 8.538191973028881e-7
5031 8.538191973028881e-7
5032 8.538191973028881e-7
5033 8.538191973028881e-7
5034 8.538191973028881e-7
5035 8.538191973028881e-7
5036 8.538191973028881e-7
5037 8.538191973028881e-7
5038 8.538191973028881e-7
5039 8.538191973028881e-7
5040 8.538191973028881e-7
5041 8.538191973028881e-7
5042 8.538191973028881e-7
5043 8.538191973028881e-7
5044 8.538191973028881e-7
5045 8.538191973028881e-7
5046 8.538191973028881e-7
5047 8.538191973028881e-7
5048 8.538191973028881e-7
5049 8.538191973028881e-7
5050 8.538191973028881e-7
5051 8.538191973028881e-7
5052 8.538191973028881e-7
5053 8.528562894171782e-7
5054 8.524813800613109e-7
5055 8.526512103929345e-7
5056 8.527104913682955e-7
5057 8.527169002214991e-7
5058 8.525887256021536e-7
5059 8.525887256021536e-7
5060 8.525887256021536e-7
5061 8.522474624200145e-7
5062 8.523900560422954e-7
5063 8.521048687977337e-7
5064 8.521289010804746e-7
5065 8.521289010804746e-7
5066 8.512172621868482e-7
5067 8.510201939235182e-7
5068 8.512348862275674e-7
5069 8.512957691106383e-7
5070 8.510650552847619e-7
5071 8.509689243202527e-7
5072 8.513486412327955e-7
5073 8.514063184669008e-7
5074 8.516466455725827e-7
5075 8.519078011455855e-7
5076 8.525534775207154e-7
5077 8.523083446919036e-7
5078 8.549327101829745e-7
5079 8.549327101829745e-7
5080 8.549327101829745e-7
5081 8.550352493895054e-7
5082 8.550352493895054e-7
5083 8.550352493895054e-7
5084 8.550352493895054e-7
5085 8.550352493895054e-7
5086 8.550352493895054e-7
5087 8.550352493895054e-7
5088 8.550352493895054e-7
5089 8.550352493895054e-7
5090 8.550352493895054e-7
5091 8.550352493895054e-7
5092 8.550352493895054e-7
5093 8.550352493895054e-7
5094 8.550352493895054e-7
5095 8.550352493895054e-7
5096 8.550352493895054e-7
5097 8.550352493895054e-7
5098 8.554325897315855e-7
5099 8.579399964020082e-7
5100 8.581434735185418e-7
5101 8.589605833553691e-7
5102 8.589605833553691e-7
5103 8.589605833553691e-7
5104 8.589605833553691e-7
5105 8.589605833553691e-7
5106 8.589605833553691e-7
5107 8.589605833553691e-7
5108 8.589605833553691e-7
5109 8.589605833553691e-7
5110 8.601333765996345e-7
5111 8.601029348525081e-7
5112 8.601029348525081e-7
5113 8.601029348525081e-7
5114 8.601029348525081e-7
5115 8.607293865015727e-7
5116 8.611091015805699e-7
5117 8.615801419009463e-7
5118 8.630028749195172e-7
5119 8.637558980578536e-7
5120 8.634723127210018e-7
5121 8.634723127210018e-7
5122 8.634723127210018e-7
5123 8.634723127210018e-7
5124 8.634723127210018e-7
5125 8.634723127210018e-7
5126 8.62805807267369e-7
5127 8.627785699468444e-7
5128 8.627785699468444e-7
5129 8.627785699468444e-7
5130 8.627785699468444e-7
5131 8.627785699468444e-7
5132 8.627785699468444e-7
5133 8.628458610719372e-7
5134 8.630060787349372e-7
5135 8.632015444793754e-7
5136 8.630204989602363e-7
5137 8.630204989602363e-7
5138 8.632399963762335e-7
5139 8.638840714548353e-7
5140 8.658195011172426e-7
5141 8.664667806224463e-7
5142 8.668865513395572e-7
5143 8.671781468261408e-7
5144 8.671781468261408e-7
5145 8.671781468261408e-7
5146 8.671781468261408e-7
5147 8.675802935025327e-7
5148 8.682067445404155e-7
5149 8.686489450213754e-7
5150 8.680112787959772e-7
5151 8.698617926813908e-7
5152 8.702030564747117e-7
5153 8.706756987027981e-7
5154 8.704337696894062e-7
5155 8.703776937518289e-7
5156 8.702959824014371e-7
5157 8.701854330451744e-7
5158 8.700476457572053e-7
5159 8.701790241919707e-7
5160 8.701790241919707e-7
5161 8.701790241919707e-7
5162 8.701790241919707e-7
5163 8.701790241919707e-7
5164 8.701790241919707e-7
5165 8.701790241919707e-7
5166 8.701790241919707e-7
5167 8.701790241919707e-7
5168 8.701790241919707e-7
5169 8.701790241919707e-7
5170 8.701790241919707e-7
5171 8.701790241919707e-7
5172 8.701790241919707e-7
5173 8.711018782731126e-7
5174 8.725101922887482e-7
5175 8.725117941964581e-7
5176 8.727056574220044e-7
5177 8.741251860139735e-7
5178 8.741251860139735e-7
5179 8.741251860139735e-7
5180 8.747852820032207e-7
5181 8.747852820032207e-7
5182 8.747852820032207e-7
5183 8.75238698282878e-7
5184 8.756744892994524e-7
5185 8.767175066278443e-7
5186 8.769370052662053e-7
5187 8.776724043638226e-7
5188 8.786817755184862e-7
5189 8.786817755184862e-7
5190 8.786817755184862e-7
5191 8.786817755184862e-7
5192 8.786817755184862e-7
5193 8.786817755184862e-7
5194 8.786817755184862e-7
5195 8.786817755184862e-7
5196 8.786817755184862e-7
5197 8.786817755184862e-7
5198 8.786817755184862e-7
5199 8.786817755184862e-7
5200 8.786817755184862e-7
5201 8.788612197410972e-7
5202 8.788612197410972e-7
5203 8.788612197410972e-7
5204 8.788612197410972e-7
5205 8.788612197410972e-7
5206 8.788612197410972e-7
5207 8.799458940041308e-7
5208 8.809969214822545e-7
5209 8.816137604626955e-7
5210 8.817419338596772e-7
5211 8.82184134951819e-7
5212 8.82184134951819e-7
5213 8.82184134951819e-7
5214 8.82184134951819e-7
5215 8.82184134951819e-7
5216 8.82184134951819e-7
5217 8.82184134951819e-7
5218 8.82184134951819e-7
5219 8.82184134951819e-7
5220 8.82184134951819e-7
5221 8.82184134951819e-7
5222 8.82184134951819e-7
5223 8.82184134951819e-7
5224 8.82184134951819e-7
5225 8.82184134951819e-7
5226 8.82184134951819e-7
5227 8.82184134951819e-7
5228 8.82184134951819e-7
5229 8.82184134951819e-7
5230 8.82184134951819e-7
5231 8.82184134951819e-7
5232 8.82184134951819e-7
5233 8.82184134951819e-7
5234 8.82184134951819e-7
5235 8.82184134951819e-7
5236 8.834562635871954e-7
5237 8.831919041987726e-7
5238 8.831919041987726e-7
5239 8.831919041987726e-7
5240 8.831919041987726e-7
5241 8.831919041987726e-7
5242 8.831919041987726e-7
5243 8.831919041987726e-7
5244 8.831919041987726e-7
5245 8.831919041987726e-7
5246 8.831919041987726e-7
5247 8.842156949675536e-7
5248 8.841243703373562e-7
5249 8.860630044263653e-7
5250 8.863417834289053e-7
5251 8.865580770294825e-7
5252 8.876427506813344e-7
5253 8.876427506813344e-7
5254 8.876427506813344e-7
5255 8.876427506813344e-7
5256 8.876427506813344e-7
5257 8.876427506813344e-7
5258 8.876427506813344e-7
5259 8.885912389529271e-7
5260 8.896006094964089e-7
5261 8.894516082432881e-7
5262 8.917795706910999e-7
5263 8.925357982560381e-7
5264 8.925357982560381e-7
5265 8.925357982560381e-7
5266 8.928514272477264e-7
5267 8.917827745065198e-7
5268 8.915937182264671e-7
5269 8.917122795660072e-7
5270 8.923835925763154e-7
5271 8.923835925763154e-7
5272 8.923835925763154e-7
5273 8.908535134057199e-7
5274 8.908070507479482e-7
5275 8.914799656659664e-7
5276 8.915392454189636e-7
5277 8.9104897976134e-7
5278 8.9104897976134e-7
5279 8.9104897976134e-7
5280 8.9104897976134e-7
5281 8.9104897976134e-7
5282 8.9104897976134e-7
5283 8.912043910900283e-7
5284 8.912043910900283e-7
5285 8.912043910900283e-7
5286 8.918660908205311e-7
5287 8.915007935221056e-7
5288 8.915857099102811e-7
5289 8.915857099102811e-7
5290 8.915857099102811e-7
5291 8.922329894154847e-7
5292 8.923723792223457e-7
5293 8.923723792223457e-7
5294 8.923723792223457e-7
5295 8.923723792223457e-7
5296 8.925614361135803e-7
5297 8.92846623358142e-7
5298 8.93127004268392e-7
5299 8.930500998634939e-7
5300 8.937646711049721e-7
5301 8.95270716770463e-7
5302 8.953396110256294e-7
5303 8.96108655685793e-7
5304 8.96108655685793e-7
5305 8.96108655685793e-7
5306 8.96108655685793e-7
5307 8.96108655685793e-7
5308 8.96108655685793e-7
5309 8.96108655685793e-7
5310 8.96108655685793e-7
5311 8.96108655685793e-7
5312 8.96108655685793e-7
5313 8.96108655685793e-7
5314 8.96108655685793e-7
5315 8.96108655685793e-7
5316 8.958122526425338e-7
5317 8.958923620852158e-7
5318 8.95708111528293e-7
5319 8.95708111528293e-7
5320 8.95708111528293e-7
5321 8.953155787428886e-7
5322 8.953155787428886e-7
5323 8.946330517674286e-7
5324 8.952162439629595e-7
5325 8.952338680036786e-7
5326 8.952338680036786e-7
5327 8.947788498163113e-7
5328 8.947884630961168e-7
5329 8.947884630961168e-7
5330 8.947884630961168e-7
5331 8.937790913302713e-7
5332 8.937694786616477e-7
5333 8.938463836777277e-7
5334 8.936124660364313e-7
5335 8.937118002051785e-7
5336 8.937134027240704e-7
5337 8.936669394551167e-7
5338 8.937855001834748e-7
5339 8.94842937125984e-7
5340 8.94842937125984e-7
5341 8.951761901583913e-7
5342 8.966149440876076e-7
5343 8.976323266143667e-7
5344 9.00570718578234e-7
5345 9.006796666379685e-7
5346 9.005562995752986e-7
5347 9.00293541483404e-7
5348 9.006316020724868e-7
5349 9.006316020724868e-7
5350 9.006316020724868e-7
5351 9.006316020724868e-7
5352 9.006316020724868e-7
5353 9.001525509911968e-7
5354 9.001301206161659e-7
5355 9.002951452246596e-7
5356 9.003432097901413e-7
5357 9.008046368307122e-7
5358 9.008030343118204e-7
5359 9.012067828959222e-7
5360 9.010449627140303e-7
5361 9.014695391542712e-7
5362 9.03813524346274e-7
5363 9.047876474194994e-7
5364 9.047876474194994e-7
5365 9.047876474194994e-7
5366 9.047876474194994e-7
5367 9.047876474194994e-7
5368 9.047876474194994e-7
5369 9.047876474194994e-7
5370 9.047876474194994e-7
5371 9.047876474194994e-7
5372 9.047876474194994e-7
5373 9.047876474194994e-7
5374 9.047876474194994e-7
5375 9.047876474194994e-7
5376 9.047876474194994e-7
5377 9.047876474194994e-7
5378 9.047876474194994e-7
5379 9.047876474194994e-7
5380 9.047876474194994e-7
5381 9.047876474194994e-7
5382 9.047876474194994e-7
5383 9.047876474194994e-7
5384 9.047876474194994e-7
5385 9.047876474194994e-7
5386 9.047876474194994e-7
5387 9.047876474194994e-7
5388 9.047876474194994e-7
5389 9.05713706538425e-7
5390 9.05713706538425e-7
5391 9.05713706538425e-7
5392 9.05713706538425e-7
5393 9.05713706538425e-7
5394 9.05713706538425e-7
5395 9.05713706538425e-7
5396 9.05713706538425e-7
5397 9.05713706538425e-7
5398 9.05713706538425e-7
5399 9.05713706538425e-7
5400 9.05713706538425e-7
5401 9.05713706538425e-7
5402 9.05713706538425e-7
5403 9.06213586087036e-7
5404 9.060757975767031e-7
5405 9.060757975767031e-7
5406 9.060757975767031e-7
5407 9.061991658617368e-7
5408 9.061991658617368e-7
5409 9.061991658617368e-7
5410 9.072293654837214e-7
5411 9.072886458479005e-7
5412 9.072533977664623e-7
5413 9.072533977664623e-7
5414 9.072533977664623e-7
5415 9.072533977664623e-7
5416 9.072533977664623e-7
5417 9.072533977664623e-7
5418 9.072533977664623e-7
5419 9.072533977664623e-7
5420 9.072533977664623e-7
5421 9.072533977664623e-7
5422 9.06199165861737e-7
5423 9.064202670189898e-7
5424 9.064202670189898e-7
5425 9.064202670189898e-7
5426 9.064202670189898e-7
5427 9.064202670189898e-7
5428 9.064202670189898e-7
5429 9.064202670189898e-7
5430 9.064202670189898e-7
5431 9.064202670189898e-7
5432 9.064202670189898e-7
5433 9.064202670189898e-7
5434 9.064202670189898e-7
5435 9.080576905080642e-7
5436 9.105715060316906e-7
5437 9.107092933196597e-7
5438 9.106371958602552e-7
5439 9.109111679173015e-7
5440 9.107974135232552e-7
5441 9.111755273057243e-7
5442 9.112764639933633e-7
5443 9.107092933196597e-7
5444 9.119734105829406e-7
5445 9.13863979495286e-7
5446 9.135323289817706e-7
5447 9.135098986067397e-7
5448 9.135098986067397e-7
5449 9.135098986067397e-7
5450 9.137358048759405e-7
5451 9.137358048759405e-7
5452 9.137358048759405e-7
5453 9.137358048759405e-7
5454 9.137358048759405e-7
5455 9.137358048759405e-7
5456 9.137358048759405e-7
5457 9.137358048759405e-7
5458 9.137358048759405e-7
5459 9.137358048759405e-7
5460 9.139633136640331e-7
5461 9.139633136640331e-7
5462 9.139633136640331e-7
5463 9.139633136640331e-7
5464 9.139633136640331e-7
5465 9.139633136640331e-7
5466 9.139633136640331e-7
5467 9.139633136640331e-7
5468 9.149118019356259e-7
5469 9.149118019356259e-7
5470 9.156151573784068e-7
5471 9.159548192640177e-7
5472 9.174688756904222e-7
5473 9.180280362143942e-7
5474 9.185968087958078e-7
5475 9.185968087958078e-7
5476 9.192905515699651e-7
5477 9.192905515699651e-7
5478 9.200275525752924e-7
5479 9.200275525752924e-7
5480 9.200275525752924e-7
5481 9.206556055208851e-7
5482 9.206556055208851e-7
5483 9.206556055208851e-7
5484 9.216409443928078e-7
5485 9.215239849609778e-7
5486 9.215239849609778e-7
5487 9.215752545642433e-7
5488 9.215784583796632e-7
5489 9.215784583796632e-7
5490 9.220366809936323e-7
5491 9.220366809936323e-7
5492 9.225862276266168e-7
5493 9.225862276266168e-7
5494 9.225862276266168e-7
5495 9.225862276266168e-7
5496 9.225862276266168e-7
5497 9.225862276266168e-7
5498 9.227192085802742e-7
5499 9.227192085802742e-7
5500 9.227192085802742e-7
5501 9.227192085802742e-7
5502 9.227192085802742e-7
5503 9.227192085802742e-7
5504 9.227192085802742e-7
5505 9.227192085802742e-7
5506 9.227192085802742e-7
5507 9.227192085802742e-7
5508 9.227192085802742e-7
5509 9.227192085802742e-7
5510 9.227192085802742e-7
5511 9.238647651151969e-7
5512 9.255758898049315e-7
5513 9.265692394377679e-7
5514 9.269906120625888e-7
5515 9.278205408281871e-7
5516 9.278205408281871e-7
5517 9.278205408281871e-7
5518 9.28422959583329e-7
5519 9.28422959583329e-7
5520 9.287706316186717e-7
5521 9.287706316186717e-7
5522 9.290494100100298e-7
5523 9.290494100100298e-7
5524 9.292544884230916e-7
5525 9.293666402982461e-7
5526 9.296293983901407e-7
5527 9.296293983901407e-7
5528 9.296293983901407e-7
5529 9.296293983901407e-7
5530 9.296293983901407e-7
5531 9.296293983901407e-7
5532 9.296293983901407e-7
5533 9.296293983901407e-7
5534 9.296293983901407e-7
5535 9.296293983901407e-7
5536 9.296293983901407e-7
5537 9.296293983901407e-7
5538 9.296293983901407e-7
5539 9.296293983901407e-7
5540 9.296293983901407e-7
5541 9.296293983901407e-7
5542 9.296293983901407e-7
5543 9.296293983901407e-7
5544 9.297479591184988e-7
5545 9.298120464281716e-7
5546 9.301565146480944e-7
5547 9.316545495526716e-7
5548 9.333144046391408e-7
5549 9.333144046391408e-7
5550 9.341411283669553e-7
5551 9.341411283669553e-7
5552 9.341411283669553e-7
5553 9.341411283669553e-7
5554 9.341411283669553e-7
5555 9.341411283669553e-7
5556 9.342885295459118e-7
5557 9.342885295459118e-7
5558 9.345064256653808e-7
5559 9.345480826000227e-7
5560 9.347259243037418e-7
5561 9.347259243037418e-7
5562 9.347259243037418e-7
5563 9.354356885997264e-7
5564 9.351905557709145e-7
5565 9.351296734990255e-7
5566 9.350880165643836e-7
5567 9.351649203580999e-7
5568 9.351649203580999e-7
5569 9.355910987060508e-7
5570 9.354741404965845e-7
5571 9.354741404965845e-7
5572 9.354741404965845e-7
5573 9.355510442903008e-7
5574 9.355622594778162e-7
5575 9.355622594778162e-7
5576 9.364130148771898e-7
5577 9.388499253847361e-7
5578 9.388499253847361e-7
5579 9.388499253847361e-7
5580 9.388499253847361e-7
5581 9.388499253847361e-7
5582 9.388499253847361e-7
5583 9.388499253847361e-7
5584 9.388499253847361e-7
5585 9.39569303571708e-7
5586 9.398112325850998e-7
5587 9.403607786069025e-7
5588 9.401172476858008e-7
5589 9.397118971939889e-7
5590 9.395725073871279e-7
5591 9.397086921562051e-7
5592 9.399970844385506e-7
5593 9.403639830335042e-7
5594 9.404024355415442e-7
5595 9.42374713970736e-7
5596 9.430572415573779e-7
5597 9.431966313642389e-7
5598 9.429482941088253e-7
5599 9.442652828830816e-7
5600 9.442652828830816e-7
5601 9.442652828830816e-7
5602 9.442652828830816e-7
5603 9.442652828830816e-7
5604 9.442652828830816e-7
5605 9.442652828830816e-7
5606 9.442652828830816e-7
5607 9.442652828830816e-7
5608 9.442652828830816e-7
5609 9.442652828830816e-7
5610 9.442652828830816e-7
5611 9.442652828830816e-7
5612 9.442652828830816e-7
5613 9.442652828830816e-7
5614 9.442652828830816e-7
5615 9.442652828830816e-7
5616 9.442652828830816e-7
5617 9.442652828830816e-7
5618 9.442652828830816e-7
5619 9.442652828830816e-7
5620 9.442652828830816e-7
5621 9.442652828830816e-7
5622 9.442652828830816e-7
5623 9.442652828830816e-7
5624 9.442652828830816e-7
5625 9.442652828830816e-7
5626 9.445024055621616e-7
5627 9.445024055621616e-7
5628 9.445024055621616e-7
5629 9.445024055621616e-7
5630 9.451416736952698e-7
5631 9.451064256138316e-7
5632 9.44896540866458e-7
5633 9.44896540866458e-7
5634 9.44896540866458e-7
5635 9.452890736518625e-7
5636 9.452890736518625e-7
5637 9.452890736518625e-7
5638 9.454829356550451e-7
5639 9.460677309806497e-7
5640 9.478894062490107e-7
5641 9.487177306621716e-7
5642 9.487177306621716e-7
5643 9.487177306621716e-7
5644 9.487177306621716e-7
5645 9.487177306621716e-7
5646 9.487177306621716e-7
5647 9.487177306621716e-7
5648 9.487177306621716e-7
5649 9.487177306621716e-7
5650 9.487177306621716e-7
5651 9.487177306621716e-7
5652 9.487177306621716e-7
5653 9.487177306621716e-7
5654 9.48929217928437e-7
5655 9.49190372279076e-7
5656 9.493826342080943e-7
5657 9.49169544422937e-7
5658 9.49153521678746e-7
5659 9.503775857486407e-7
5660 9.517682751123753e-7
5661 9.51912471253548e-7
5662 9.537661889543815e-7
5663 9.55176104877727e-7
5664 9.555317882851652e-7
5665 9.561630456573598e-7
5666 9.561630456573598e-7
5667 9.561630456573598e-7
5668 9.561630456573598e-7
5669 9.561630456573598e-7
5670 9.561630456573598e-7
5671 9.561630456573598e-7
5672 9.561630456573598e-7
5673 9.561630456573598e-7
5674 9.561630456573598e-7
5675 9.561630456573598e-7
5676 9.561630456573598e-7
5677 9.561630456573598e-7
5678 9.561630456573598e-7
5679 9.568327555375942e-7
5680 9.568023137904678e-7
5681 9.56800711271576e-7
5682 9.56800711271576e-7
5683 9.56800711271576e-7
5684 9.583724461544495e-7
5685 9.588755295184804e-7
5686 9.598256203089649e-7
5687 9.59924955088894e-7
5688 9.599890417873848e-7
5689 9.621808200773012e-7
5690 9.621808200773012e-7
5691 9.621808200773012e-7
5692 9.625188794440203e-7
5693 9.626342363569585e-7
5694 9.626342363569585e-7
5695 9.626342363569585e-7
5696 9.626342363569585e-7
5697 9.626342363569585e-7
5698 9.626342363569585e-7
5699 9.626342363569585e-7
5700 9.626342363569585e-7
5701 9.626342363569585e-7
5702 9.635699081445077e-7
5703 9.635699081445077e-7
5704 9.635699081445077e-7
5705 9.636692447579825e-7
5706 9.638438814239178e-7
5707 9.638743219486804e-7
5708 9.638743219486804e-7
5709 9.638743219486804e-7
5710 9.638743219486804e-7
5711 9.638743219486804e-7
5712 9.638743219486804e-7
5713 9.638743219486804e-7
5714 9.638743219486804e-7
5715 9.638743219486804e-7
5716 9.64906123478375e-7
5717 9.648660696738068e-7
5718 9.67549714917875e-7
5719 9.674647997520631e-7
5720 9.674647997520631e-7
5721 9.674647997520631e-7
5722 9.674647997520631e-7
5723 9.674647997520631e-7
5724 9.674647997520631e-7
5725 9.674647997520631e-7
5726 9.674647997520631e-7
5727 9.674647997520631e-7
5728 9.674647997520631e-7
5729 9.674647997520631e-7
5730 9.674647997520631e-7
5731 9.681761653445757e-7
5732 9.680832388066683e-7
5733 9.680832388066683e-7
5734 9.680832388066683e-7
5735 9.684261045076992e-7
5736 9.684261045076992e-7
5737 9.684261045076992e-7
5738 9.686968727493256e-7
5739 9.686968727493256e-7
5740 9.686968727493256e-7
5741 9.686968727493256e-7
5742 9.686968727493256e-7
5743 9.686968727493256e-7
5744 9.686968727493256e-7
5745 9.69188741537023e-7
5746 9.692544307544057e-7
5747 9.691615042164983e-7
5748 9.701628646102483e-7
5749 9.714285837812392e-7
5750 9.717554279604428e-7
5751 9.717554279604428e-7
5752 9.717554279604428e-7
5753 9.717554279604428e-7
5754 9.717554279604428e-7
5755 9.717554279604428e-7
5756 9.717554279604428e-7
5757 9.717554279604428e-7
5758 9.717554279604428e-7
5759 9.717554279604428e-7
5760 9.717554279604428e-7
5761 9.717554279604428e-7
5762 9.717554279604428e-7
5763 9.717554279604428e-7
5764 9.717554279604428e-7
5765 9.717554279604428e-7
5766 9.717554279604428e-7
5767 9.717554279604428e-7
5768 9.717554279604428e-7
5769 9.717554279604428e-7
5770 9.717554279604428e-7
5771 9.718435481640383e-7
5772 9.718435481640383e-7
5773 9.718435481640383e-7
5774 9.722633188811492e-7
5775 9.722633188811492e-7
5776 9.722633188811492e-7
5777 9.722633188811492e-7
5778 9.725629263510102e-7
5779 9.727615959108685e-7
5780 9.729891046989611e-7
5781 9.729891046989611e-7
5782 9.729891046989611e-7
5783 9.729891046989611e-7
5784 9.729891046989611e-7
5785 9.729891046989611e-7
5786 9.729891046989611e-7
5787 9.729891046989611e-7
5788 9.731877742588194e-7
5789 9.731877742588194e-7
5790 9.731877742588194e-7
5791 9.734681551690693e-7
5792 9.73434509606523e-7
5793 9.733495932183474e-7
5794 9.735851133785356e-7
5795 9.735851133785356e-7
5796 9.743461485001493e-7
5797 9.747979622609147e-7
5798 9.768215115157356e-7
5799 9.764514084941802e-7
5800 9.765443344209057e-7
5801 9.772845404640167e-7
5802 9.772845404640167e-7
5803 9.772845404640167e-7
5804 9.772845404640167e-7
5805 9.772845404640167e-7
5806 9.772845404640167e-7
5807 9.772845404640167e-7
5808 9.772845404640167e-7
5809 9.772845404640167e-7
5810 9.772845404640167e-7
5811 9.772845404640167e-7
5812 9.772845404640167e-7
5813 9.772845404640167e-7
5814 9.772845404640167e-7
5815 9.78039165510063e-7
5816 9.77959056678563e-7
5817 9.779878959067977e-7
5818 9.780792199258133e-7
5819 9.787537361403597e-7
5820 9.816072135495972e-7
5821 9.82691887812631e-7
5822 9.828537079945228e-7
5823 9.828537079945228e-7
5824 9.83529826727961e-7
5825 9.8358750518443e-7
5826 9.856190652001646e-7
5827 9.858225410943346e-7
5828 9.863080004176463e-7
5829 9.86093309335961e-7
5830 9.86093309335961e-7
5831 9.86093309335961e-7
5832 9.86093309335961e-7
5833 9.86093309335961e-7
5834 9.86093309335961e-7
5835 9.86093309335961e-7
5836 9.867966660011056e-7
5837 9.868607520884145e-7
5838 9.868190963761365e-7
5839 9.868190963761365e-7
5840 9.864794344905256e-7
5841 9.864794344905256e-7
5842 9.870033457106956e-7
5843 9.86796664778742e-7
5844 9.86796664778742e-7
5845 9.869264406946155e-7
5846 9.871924026019302e-7
5847 9.871683697080075e-7
5848 9.872388658708838e-7
5849 9.87200412751662e-7
5850 9.87219639311273e-7
5851 9.872212418301648e-7
5852 9.869873241888684e-7
5853 9.87219639311273e-7
5854 9.87219639311273e-7
5855 9.87219639311273e-7
5856 9.87219639311273e-7
5857 9.87219639311273e-7
5858 9.87219639311273e-7
5859 9.87219639311273e-7
5860 9.87219639311273e-7
5861 9.87219639311273e-7
5862 9.87219639311273e-7
5863 9.87219639311273e-7
5864 9.87219639311273e-7
5865 9.873974810149922e-7
5866 9.875128379279305e-7
5867 9.875128379279305e-7
5868 9.875128379279305e-7
5869 9.880159212919614e-7
5870 9.880159212919614e-7
5871 9.880159212919614e-7
5872 9.880159212919614e-7
5873 9.880159212919614e-7
5874 9.888698817291186e-7
5875 9.888698817291186e-7
5876 9.888698817291186e-7
5877 9.888698817291186e-7
5878 9.888698817291186e-7
5879 9.888698817291186e-7
5880 9.89545999240193e-7
5881 9.89462686593273e-7
5882 9.896837865281622e-7
5883 9.897831219192731e-7
5884 9.897286485005878e-7
5885 9.918787692446804e-7
5886 9.921927963286587e-7
5887 9.927151056411187e-7
5888 9.928560967445077e-7
5889 9.929233878696003e-7
5890 9.929233878696003e-7
5891 9.936764116191186e-7
5892 9.936988419941495e-7
5893 9.940641380702113e-7
5894 9.939567925293686e-7
5895 9.959178563822268e-7
5896 9.964561884388778e-7
5897 9.977699733977142e-7
5898 9.977699733977142e-7
5899 9.977699733977142e-7
5900 9.977699733977142e-7
5901 9.977699733977142e-7
5902 9.977699733977142e-7
5903 9.981048289490133e-7
5904 9.981368719926678e-7
5905 9.98476532655915e-7
5906 9.982618415742297e-7
5907 9.980183112643097e-7
5908 9.980183112643097e-7
5909 9.980183112643097e-7
5910 9.980183112643097e-7
5911 9.980183112643097e-7
5912 9.984124477909697e-7
5913 9.984124477909697e-7
5914 9.984124477909697e-7
5915 9.984124477909697e-7
5916 9.984124477909697e-7
5917 9.975681012448e-7
5918 9.974671633347972e-7
5919 9.974671633347972e-7
5920 9.974671633347972e-7
5921 9.974671633347972e-7
5922 9.974671633347972e-7
5923 9.982426174593463e-7
5924 9.980631732367353e-7
5925 9.980631732367353e-7
5926 9.982201858619516e-7
5927 9.982201858619516e-7
5928 9.982201858619516e-7
5929 9.982201858619516e-7
5930 9.982201858619516e-7
5931 9.989011109297015e-7
5932 9.988738742203588e-7
5933 9.983195218642443e-7
5934 9.983195218642443e-7
5935 9.98127259935226e-7
5936 9.981769276307813e-7
5937 9.984316737393984e-7
5938 9.98380404136133e-7
5939 9.986063110165156e-7
5940 9.984492977801174e-7
5941 9.984492977801174e-7
5942 9.984492977801174e-7
5943 9.995243581521637e-7
5944 1.0000915288258674e-6
5945 1.0008926171408675e-6
5946 1.0017097269776948e-6
5947 1.0015943706759384e-6
5948 1.0014982397114293e-6
5949 1.0014982397114293e-6
5950 1.0014982397114293e-6
5951 1.0010159848147193e-6
5952 1.0007676469481238e-6
5953 1.0008141102170773e-6
5954 1.0009727265835494e-6
5955 1.0007468190919847e-6
5956 1.0005337293068274e-6
5957 1.0006667096493027e-6
5958 1.0006667096493027e-6
5959 1.0006667096493027e-6
5960 1.0006667096493027e-6
5961 1.0006667096493027e-6
5962 1.0006667096493027e-6
5963 1.0006667096493027e-6
5964 1.0006667096493027e-6
5965 1.0006667096493027e-6
5966 1.0012515031413617e-6
5967 1.0011585778258182e-6
5968 1.0011585778258182e-6
5969 1.0011585778258182e-6
5970 1.0011585778258182e-6
5971 1.0011585778258182e-6
5972 1.0011585778258182e-6
5973 1.0019981180376763e-6
5974 1.001938838284679e-6
5975 1.0020862382412718e-6
5976 1.0020045268908798e-6
5977 1.0020365699345343e-6
5978 1.0017914371057225e-6
5979 1.0017914371057225e-6
5980 1.0017914371057225e-6
5981 1.0017914371057225e-6
5982 1.0017353611681453e-6
5983 1.0015110561954725e-6
5984 1.0015110561954725e-6
5985 1.0015110561954725e-6
5986 1.0015110561954725e-6
5987 1.0015110561954725e-6
5988 1.0015110561954725e-6
5989 1.0015110561954725e-6
5990 1.0015110561954725e-6
5991 1.0015110561954725e-6
5992 1.0015110561954725e-6
5993 1.0015110561954725e-6
5994 1.0015110561954725e-6
5995 1.0015110561954725e-6
5996 1.0016664675241606e-6
5997 1.0016664675241606e-6
5998 1.0016664675241606e-6
5999 1.0016664675241606e-6
6000 1.0016664675241606e-6
6001 1.0016664675241606e-6
6002 1.0016664675241606e-6
6003 1.0016664675241606e-6
6004 1.0016664675241606e-6
6005 1.0019644724751298e-6
6006 1.0027110867602624e-6
6007 1.002280101466818e-6
6008 1.0026518057849015e-6
6009 1.0020638066438769e-6
6010 1.0020638066438769e-6
6011 1.0020638066438769e-6
6012 1.0029514126435806e-6
6013 1.0028376582495342e-6
6014 1.0028376582495342e-6
6015 1.0028376582495342e-6
6016 1.0028376582495342e-6
6017 1.0031308568661914e-6
6018 1.0031308568661914e-6
6019 1.0041193995535341e-6
6020 1.0043581235291422e-6
6021 1.0044061893169877e-6
6022 1.0042491754694077e-6
6023 1.0042491754694077e-6
6024 1.0042491754694077e-6
6025 1.0042491754694077e-6
6026 1.0042491754694077e-6
6027 1.0049092720698367e-6
6028 1.0052457289176638e-6
6029 1.0066492353766239e-6
6030 1.007508002759275e-6
6031 1.0073445806696732e-6
6032 1.0080351190172286e-6
6033 1.0080351190172286e-6
6034 1.0081280443327722e-6
6035 1.0083283164115222e-6
6036 1.0081841202703496e-6
6037 1.008353951824337e-6
6038 1.009001230107177e-6
6039 1.0087128390471953e-6
6040 1.0080799797672908e-6
6041 1.0080799797672908e-6
6042 1.0080799797672908e-6
6043 1.0080799797672908e-6
6044 1.0080799797672908e-6
6045 1.0080799797672908e-6
6046 1.0080799797672908e-6
6047 1.0080799797672908e-6
6048 1.0080799797672908e-6
6049 1.008559030237399e-6
6050 1.008559030237399e-6
6051 1.008559030237399e-6
6052 1.008559030237399e-6
6053 1.008559030237399e-6
6054 1.008559030237399e-6
6055 1.0095059172124636e-6
6056 1.0095059172124636e-6
6057 1.009855191766698e-6
6058 1.009855191766698e-6
6059 1.0102669511117134e-6
6060 1.0102669511117134e-6
6061 1.0107924648507752e-6
6062 1.0109078217637135e-6
6063 1.0108693698668553e-6
6064 1.0112779253964508e-6
6065 1.0112667089865716e-6
6066 1.0111657722989324e-6
6067 1.0134264436216515e-6
6068 1.0138542244884942e-6
6069 1.0138542244884942e-6
6070 1.0138542244884942e-6
6071 1.0138542244884942e-6
6072 1.0138542244884942e-6
6073 1.0138542244884942e-6
6074 1.0138542244884942e-6
6075 1.0138542244884942e-6
6076 1.0138542244884942e-6
6077 1.0138542244884942e-6
6078 1.0138542244884942e-6
6079 1.0138542244884942e-6
6080 1.0148443703059106e-6
6081 1.0164161051887842e-6
6082 1.0173501744574415e-6
6083 1.0173501744574415e-6
6084 1.0173501744574415e-6
6085 1.0173501744574415e-6
6086 1.0173501744574415e-6
6087 1.0173501744574415e-6
6088 1.0173501744574415e-6
6089 1.0173501744574415e-6
6090 1.0173501744574415e-6
6091 1.0173501744574415e-6
6092 1.0173501744574415e-6
6093 1.0173501744574415e-6
6094 1.0179125375744697e-6
6095 1.018220156416426e-6
6096 1.0185806461581762e-6
6097 1.0183130823431515e-6
6098 1.0186607543784942e-6
6099 1.0197278046008087e-6
6100 1.0216664386898178e-6
6101 1.0213460027526359e-6
6102 1.0213460027526359e-6
6103 1.0217769886572623e-6
6104 1.0219307974670585e-6
6105 1.0219307974670585e-6
6106 1.0219307974670585e-6
6107 1.0219307974670585e-6
6108 1.0219307974670585e-6
6109 1.0219307974670585e-6
6110 1.0219307974670585e-6
6111 1.0219307974670585e-6
6112 1.0219307974670585e-6
6113 1.0219307974670585e-6
6114 1.0219307974670585e-6
6115 1.0219307974670585e-6
6116 1.0219307974670585e-6
6117 1.0219307974670585e-6
6118 1.0219307974670585e-6
6119 1.0219307974670585e-6
6120 1.0219307974670585e-6
6121 1.0219307974670585e-6
6122 1.0219307974670585e-6
6123 1.0219307974670585e-6
6124 1.0219307974670585e-6
6125 1.0219307974670585e-6
6126 1.0219307974670585e-6
6127 1.0219307974670585e-6
6128 1.0219307974670585e-6
6129 1.0228905009261666e-6
6130 1.0228905009261666e-6
6131 1.0228905009261666e-6
6132 1.0228905009261666e-6
6133 1.0228905009261666e-6
6134 1.0228905009261666e-6
6135 1.0228905009261666e-6
6136 1.0228905009261666e-6
6137 1.0237236335071848e-6
6138 1.0232846374528266e-6
6139 1.0232846374528266e-6
6140 1.0232846374528266e-6
6141 1.0240408650177648e-6
6142 1.0265258413131566e-6
6143 1.0289467309100576e-6
6144 1.0303983025456812e-6
6145 1.0313051344938138e-6
6146 1.0313051344938138e-6
6147 1.0313051344938138e-6
6148 1.0313051344938138e-6
6149 1.0313051344938138e-6
6150 1.0313051344938138e-6
6151 1.0325083694852057e-6
6152 1.0325596390884712e-6
6153 1.0325596390884712e-6
6154 1.0325596390884712e-6
6155 1.0325596390884712e-6
6156 1.0325596390884712e-6
6157 1.0325596390884712e-6
6158 1.0325596390884712e-6
6159 1.0325596390884712e-6
6160 1.0325596390884712e-6
6161 1.0325596390884712e-6
6162 1.0325596390884712e-6
6163 1.0325596390884712e-6
6164 1.0325596390884712e-6
6165 1.0325596390884712e-6
6166 1.0325596390884712e-6
6167 1.0325596390884712e-6
6168 1.0329778060643265e-6
6169 1.0330627224525021e-6
6170 1.0329954301050457e-6
6171 1.0329954301050457e-6
6172 1.0329954301050457e-6
6173 1.0329954301050457e-6
6174 1.0342307075289101e-6
6175 1.0345687668956291e-6
6176 1.0363023225715764e-6
6177 1.0364545288624809e-6
6178 1.0363055263869963e-6
6179 1.0365057984657464e-6
6180 1.0371690994927773e-6
6181 1.0371690994927773e-6
6182 1.0371690994927773e-6
6183 1.0371690994927773e-6
6184 1.0371690994927773e-6
6185 1.0371690994927773e-6
6186 1.0371690994927773e-6
6187 1.0371690994927773e-6
6188 1.0371690994927773e-6
6189 1.0371690994927773e-6
6190 1.0371690994927773e-6
6191 1.0371690994927773e-6
6192 1.0371690994927773e-6
6193 1.0371690994927773e-6
6194 1.0371690994927773e-6
6195 1.0371690994927773e-6
6196 1.0371690994927773e-6
6197 1.0371690994927773e-6
6198 1.0371690994927773e-6
6199 1.0371690994927773e-6
6200 1.0371690994927773e-6
6201 1.0371690994927773e-6
6202 1.0371690994927773e-6
6203 1.0371690994927773e-6
6204 1.0371690994927773e-6
6205 1.0371690994927773e-6
6206 1.0371690994927773e-6
6207 1.0371690994927773e-6
6208 1.0371690994927773e-6
6209 1.0371690994927773e-6
6210 1.0371690994927773e-6
6211 1.0371690994927773e-6
6212 1.0371690994927773e-6
6213 1.0371690994927773e-6
6214 1.0371690994927773e-6
6215 1.0371690994927773e-6
6216 1.0371690994927773e-6
6217 1.0371690994927773e-6
6218 1.0371690994927773e-6
6219 1.0371690994927773e-6
6220 1.0371690994927773e-6
6221 1.0371690994927773e-6
6222 1.0371690994927773e-6
6223 1.0371690994927773e-6
6224 1.0371690994927773e-6
6225 1.0371690994927773e-6
6226 1.0371690994927773e-6
6227 1.0371690994927773e-6
6228 1.0371690994927773e-6
6229 1.0371690994927773e-6
6230 1.0371690994927773e-6
6231 1.0371690994927773e-6
6232 1.0371690994927773e-6
6233 1.0371690994927773e-6
6234 1.0371690994927773e-6
6235 1.0371690994927773e-6
6236 1.0371690994927773e-6
6237 1.0371690994927773e-6
6238 1.0371690994927773e-6
6239 1.0371690994927773e-6
6240 1.0371690994927773e-6
6241 1.0371690994927773e-6
6242 1.0371690994927773e-6
6243 1.0371690994927773e-6
6244 1.0371690994927773e-6
6245 1.0371690994927773e-6
6246 1.0371690994927773e-6
6247 1.0371690994927773e-6
6248 1.0371690994927773e-6
6249 1.0371690994927773e-6
6250 1.0371690994927773e-6
6251 1.0371690994927773e-6
6252 1.0371690994927773e-6
6253 1.0371690994927773e-6
6254 1.0371690994927773e-6
6255 1.0371690994927773e-6
6256 1.0371690994927773e-6
6257 1.0371690994927773e-6
6258 1.0371690994927773e-6
6259 1.0377234524600738e-6
6260 1.0377234524600738e-6
6261 1.0377234524600738e-6
6262 1.0377234524600738e-6
6263 1.037942949876071e-6
6264 1.0380262637453548e-6
6265 1.0378099701447776e-6
6266 1.0378099701447776e-6
6267 1.0378099701447776e-6
6268 1.0389587304951203e-6
6269 1.0389074621142187e-6
6270 1.0389395051578731e-6
6271 1.0391766278369532e-6
6272 1.0394281695189686e-6
6273 1.039562751769154e-6
6274 1.039163810130546e-6
6275 1.0394714277501387e-6
6276 1.0394217594434014e-6
6277 1.0393304354243859e-6
6278 1.0405336716381416e-6
6279 1.0408525044452498e-6
6280 1.0408525044452498e-6
6281 1.0414148687846416e-6
6282 1.041063991711515e-6
6283 1.041169734733466e-6
6284 1.041608731399006e-6
6285 1.0410543778205279e-6
6286 1.0410543778205279e-6
6287 1.0410543778205279e-6
6288 1.0410543778205279e-6
6289 1.0410543778205279e-6
6290 1.0410543778205279e-6
6291 1.042576445619028e-6
6292 1.042576445619028e-6
6293 1.042576445619028e-6
6294 1.042576445619028e-6
6295 1.042576445619028e-6
6296 1.042576445619028e-6
6297 1.042576445619028e-6
6298 1.042576445619028e-6
6299 1.042576445619028e-6
6300 1.042576445619028e-6
6301 1.0428760518665251e-6
6302 1.043218917567556e-6
6303 1.043218917567556e-6
6304 1.043441620021337e-6
6305 1.043441620021337e-6
6306 1.043441620021337e-6
6307 1.043441620021337e-6
6308 1.043877412260275e-6
6309 1.0439030476730897e-6
6310 1.0439030476730897e-6
6311 1.0439030476730897e-6
6312 1.0439030476730897e-6
6313 1.0439030476730897e-6
6314 1.0439030476730897e-6
6315 1.0439030476730897e-6
6316 1.0439030476730897e-6
6317 1.0443724854745743e-6
6318 1.0443724854745743e-6
6319 1.0443724854745743e-6
6320 1.0443724854745743e-6
6321 1.0443724854745743e-6
6322 1.0443724854745743e-6
6323 1.0443724854745743e-6
6324 1.0443724854745743e-6
6325 1.0443724854745743e-6
6326 1.0443724854745743e-6
6327 1.0443724854745743e-6
6328 1.0443724854745743e-6
6329 1.0443724854745743e-6
6330 1.0443724854745743e-6
6331 1.0443724854745743e-6
6332 1.0443724854745743e-6
6333 1.0443724854745743e-6
6334 1.0443724854745743e-6
6335 1.0443724854745743e-6
6336 1.0455068268219815e-6
6337 1.0456878723411205e-6
6338 1.0453898673901514e-6
6339 1.0454315243247933e-6
6340 1.0470192807294942e-6
6341 1.0473188881993552e-6
6342 1.048783278152568e-6
6343 1.0492527153428704e-6
6344 1.0490700679160214e-6
6345 1.0491678001770586e-6
6346 1.051018315284836e-6
6347 1.051018315284836e-6
6348 1.051018315284836e-6
6349 1.051018315284836e-6
6350 1.051018315284836e-6
6351 1.051018315284836e-6
6352 1.051018315284836e-6
6353 1.051018315284836e-6
6354 1.051018315284836e-6
6355 1.051018315284836e-6
6356 1.051018315284836e-6
6357 1.051018315284836e-6
6358 1.051018315284836e-6
6359 1.051018315284836e-6
6360 1.051018315284836e-6
6361 1.051018315284836e-6
6362 1.0514861505674288e-6
6363 1.0514861505674288e-6
6364 1.0516495732682125e-6
6365 1.0515662593989287e-6
6366 1.0515662593989287e-6
6367 1.0515662593989287e-6
6368 1.0517088530212096e-6
6369 1.0527839140044378e-6
6370 1.0548138715012805e-6
6371 1.0551198872131631e-6
6372 1.0553089434932159e-6
6373 1.0557767793869906e-6
6374 1.055634184542346e-6
6375 1.0555204313706633e-6
6376 1.0549788954985924e-6
6377 1.0553730308028889e-6
6378 1.0552945244902808e-6
6379 1.0554595484875925e-6
6380 1.0554595484875925e-6
6381 1.0554595484875925e-6
6382 1.0554595484875925e-6
6383 1.0559225774358734e-6
6384 1.058239324084988e-6
6385 1.0588497542122254e-6
6386 1.059440956557488e-6
6387 1.059038810492278e-6
6388 1.0589026257232008e-6
6389 1.059759789975778e-6
6390 1.0623120567850808e-6
6391 1.0622399593256763e-6
6392 1.0630778976298245e-6
6393 1.0630778976298245e-6
6394 1.0630778976298245e-6
6395 1.0630778976298245e-6
6396 1.0630778976298245e-6
6397 1.0630778976298245e-6
6398 1.0630778976298245e-6
6399 1.0630778976298245e-6
6400 1.0630778976298245e-6
6401 1.0630778976298245e-6
6402 1.0630778976298245e-6
6403 1.0630778976298245e-6
6404 1.0630778976298245e-6
6405 1.0630778976298245e-6
6406 1.0630778976298245e-6
6407 1.0630778976298245e-6
6408 1.0630778976298245e-6
6409 1.0630778976298245e-6
6410 1.0630778976298245e-6
6411 1.0630778976298245e-6
6412 1.0630778976298245e-6
6413 1.0630778976298245e-6
6414 1.0630778976298245e-6
6415 1.0630778976298245e-6
6416 1.0630778976298245e-6
6417 1.0630778976298245e-6
6418 1.0630778976298245e-6
6419 1.0630778976298245e-6
6420 1.0630778976298245e-6
6421 1.0630778976298245e-6
6422 1.0634143544776517e-6
6423 1.0634576139311854e-6
6424 1.0636514771567317e-6
6425 1.0636915315724818e-6
6426 1.0638389315290745e-6
6427 1.0657695542459882e-6
6428 1.0668862715526765e-6
6429 1.0668862715526765e-6
6430 1.0668862715526765e-6
6431 1.0668862715526765e-6
6432 1.0668862715526765e-6
6433 1.0668862715526765e-6
6434 1.0668862715526765e-6
6435 1.0682689495443156e-6
6436 1.0686983329300501e-6
6437 1.0706337619812755e-6
6438 1.0720228494373e-6
6439 1.0727902928009356e-6
6440 1.0740704321972256e-6
6441 1.0742867257978028e-6
6442 1.0754499063734449e-6
6443 1.0755524455799758e-6
6444 1.075970613778195e-6
6445 1.077636876495504e-6
6446 1.0772090956286612e-6
6447 1.0772090956286612e-6
6448 1.077833944147652e-6
6449 1.0798014174648957e-6
6450 1.0804903539047412e-6
6451 1.0810334916845222e-6
6452 1.0813330991543832e-6
6453 1.0813330991543832e-6
6454 1.0824081595264296e-6
6455 1.082004410331146e-6
6456 1.0820973368690533e-6
6457 1.0826164423660933e-6
6458 1.0871425907346614e-6
6459 1.0887671977396922e-6
6460 1.089151720986547e-6
6461 1.089151720986547e-6
6462 1.089151720986547e-6
6463 1.089151720986547e-6
6464 1.089151720986547e-6
6465 1.089151720986547e-6
6466 1.089151720986547e-6
6467 1.089151720986547e-6
6468 1.089151720986547e-6
6469 1.089151720986547e-6
6470 1.089151720986547e-6
6471 1.089151720986547e-6
6472 1.0902508130301524e-6
6473 1.0901883282393715e-6
6474 1.0901610915300287e-6
6475 1.0904655053342014e-6
6476 1.0904655053342014e-6
6477 1.0915597916546768e-6
6478 1.0922871799913806e-6
6479 1.0944292899745596e-6
6480 1.0944292899745596e-6
6481 1.0944292899745596e-6
6482 1.0949083404446678e-6
6483 1.0955492117078496e-6
6484 1.0950669568111396e-6
6485 1.0950669568111396e-6
6486 1.0950669568111396e-6
6487 1.0950669568111396e-6
6488 1.095965776775995e-6
6489 1.0956116958874486e-6
6490 1.0956453426723588e-6
6491 1.0957927426289515e-6
6492 1.0960603058327942e-6
6493 1.0971946471802014e-6
6494 1.0987808010660104e-6
6495 1.0987808010660104e-6
6496 1.0987808010660104e-6
6497 1.0987808010660104e-6
6498 1.0987808010660104e-6
6499 1.0987808010660104e-6
6500 1.0987808010660104e-6
6501 1.0998029893158994e-6
6502 1.100035305049486e-6
6503 1.100035305049486e-6
6504 1.100035305049486e-6
6505 1.1002307695715602e-6
6506 1.1002307695715602e-6
6507 1.1002307695715602e-6
6508 1.1002307695715602e-6
6509 1.1002307695715602e-6
6510 1.1008652313703566e-6
6511 1.1008652313703566e-6
6512 1.1011648376178537e-6
6513 1.1011872679928846e-6
6514 1.1010911376395574e-6
6515 1.1010911376395574e-6
6516 1.1010911376395574e-6
6517 1.1011680414332736e-6
6518 1.1012513553025574e-6
6519 1.10140195907457e-6
6520 1.10140195907457e-6
6521 1.101943494335459e-6
6522 1.102384092908709e-6
6523 1.102384092908709e-6
6524 1.102384092908709e-6
6525 1.1033261735494617e-6
6526 1.1032444621990697e-6
6527 1.103282914095928e-6
6528 1.1033614216308998e-6
6529 1.1032540748676933e-6
6530 1.1032941292834433e-6
6531 1.103401474824286e-6
6532 1.1028903813105233e-6
6533 1.1028903813105233e-6
6534 1.1028903813105233e-6
6535 1.1028903813105233e-6
6536 1.1028903813105233e-6
6537 1.1028903813105233e-6
6538 1.1028903813105233e-6
6539 1.1028903813105233e-6
6540 1.1028903813105233e-6
6541 1.1028903813105233e-6
6542 1.1028903813105233e-6
6543 1.1028903813105233e-6
6544 1.1028903813105233e-6
6545 1.1028903813105233e-6
6546 1.1028903813105233e-6
6547 1.1028903813105233e-6
6548 1.1028903813105233e-6
6549 1.1028903813105233e-6
6550 1.1029448559515725e-6
6551 1.1029448559515725e-6
6552 1.1029448559515725e-6
6553 1.103271700130776e-6
6554 1.103314958361946e-6
6555 1.104016711285835e-6
6556 1.104016711285835e-6
6557 1.104016711285835e-6
6558 1.104016711285835e-6
6559 1.104016711285835e-6
6560 1.104016711285835e-6
6561 1.1049507793321285e-6
6562 1.1050372970168321e-6
6563 1.1058864511196777e-6
6564 1.1074165296790912e-6
6565 1.1079035921324767e-6
6566 1.1076888998284275e-6
6567 1.109103622086085e-6
6568 1.109103622086085e-6
6569 1.109103622086085e-6
6570 1.109103622086085e-6
6571 1.109103622086085e-6
6572 1.109103622086085e-6
6573 1.109103622086085e-6
6574 1.109103622086085e-6
6575 1.109103622086085e-6
6576 1.109103622086085e-6
6577 1.109103622086085e-6
6578 1.109103622086085e-6
6579 1.109103622086085e-6
6580 1.109103622086085e-6
6581 1.109103622086085e-6
6582 1.109103622086085e-6
6583 1.109103622086085e-6
6584 1.109103622086085e-6
6585 1.109103622086085e-6
6586 1.109103622086085e-6
6587 1.109103622086085e-6
6588 1.109103622086085e-6
6589 1.109103622086085e-6
6590 1.1093070979802548e-6
6591 1.109243010670582e-6
6592 1.1092317954830666e-6
6593 1.1092317954830666e-6
6594 1.1092317954830666e-6
6595 1.1092317954830666e-6
6596 1.1092317954830666e-6
6597 1.1092317954830666e-6
6598 1.1092317954830666e-6
6599 1.1097605142599121e-6
6600 1.1095874788905048e-6
6601 1.1096804054284122e-6
6602 1.1096804054284122e-6
6603 1.1096804054284122e-6
6604 1.1096804054284122e-6
6605 1.1107506594661469e-6
6606 1.1106721531535388e-6
6607 1.1106721531535388e-6
6608 1.111106342873585e-6
6609 1.1110566757892114e-6
6610 1.1109477277294769e-6
6611 1.1109477277294769e-6
6612 1.1109477277294769e-6
6613 1.1109477277294769e-6
6614 1.1119170450795724e-6
6615 1.1118625710497051e-6
6616 1.1118737862372206e-6
6617 1.1140110898860879e-6
6618 1.1145462175161371e-6
6619 1.1145462175161371e-6
6620 1.1145462175161371e-6
6621 1.1152816172249362e-6
6622 1.1151374210837635e-6
6623 1.1157959157764826e-6
6624 1.1171962184200226e-6
6625 1.1179588542269826e-6
6626 1.1194600935581617e-6
6627 1.1194600935581617e-6
6628 1.1194600935581617e-6
6629 1.1194600935581617e-6
6630 1.1194600935581617e-6
6631 1.1199391452506335e-6
6632 1.1202836128593744e-6
6633 1.1202836128593744e-6
6634 1.1206008443699544e-6
6635 1.1206008443699544e-6
6636 1.1206008443699544e-6
6637 1.1210238189024852e-6
6638 1.1210238189024852e-6
6639 1.1210238189024852e-6
6640 1.1210238189024852e-6
6641 1.1210238189024852e-6
6642 1.1210238189024852e-6
6643 1.1210238189024852e-6
6644 1.121507676929269e-6
6645 1.1213394478941733e-6
6646 1.1213394478941733e-6
6647 1.1213394478941733e-6
6648 1.1213394478941733e-6
6649 1.1213394478941733e-6
6650 1.1213394478941733e-6
6651 1.1213394478941733e-6
6652 1.1213394478941733e-6
6653 1.1213394478941733e-6
6654 1.1224433474944543e-6
6655 1.1223440127145253e-6
6656 1.1232716731299789e-6
6657 1.1259457057054234e-6
6658 1.1259152651806608e-6
6659 1.1263718852757381e-6
6660 1.1261876347188154e-6
6661 1.12589603862105e-6
6662 1.1258639955773955e-6
6663 1.1257886930802073e-6
6664 1.1261267524469263e-6
6665 1.1266426529061826e-6
6666 1.128115053620309e-6
6667 1.1289626045930808e-6
6668 1.1289626045930808e-6
6669 1.1304478230136145e-6
6670 1.1303629066254389e-6
6671 1.1305551685544572e-6
6672 1.1305551685544572e-6
6673 1.1310967038153461e-6
6674 1.1311031126685499e-6
6675 1.1321525382389636e-6
6676 1.1335752724798983e-6
6677 1.1350284454120499e-6
6678 1.134885851789769e-6
6679 1.134885851789769e-6
6680 1.134885851789769e-6
6681 1.134885851789769e-6
6682 1.134885851789769e-6
6683 1.134885851789769e-6
6684 1.1352287174908e-6
6685 1.1352287174908e-6
6686 1.1352287174908e-6
6687 1.1353152351755036e-6
6688 1.1353152351755036e-6
6689 1.1356997578111764e-6
6690 1.1363165955692536e-6
6691 1.1360442260310992e-6
6692 1.135968923533911e-6
6693 1.1364223392023863e-6
6694 1.1364223392023863e-6
6695 1.1364223392023863e-6
6696 1.1364223392023863e-6
6697 1.1365376961153246e-6
6698 1.1374765711071117e-6
6699 1.13783065260684e-6
6700 1.1384538992181209e-6
6701 1.1390418983591455e-6
6702 1.1401906587094882e-6
6703 1.1401906587094882e-6
6704 1.1401906587094882e-6
6705 1.1415060467983983e-6
6706 1.1415060467983983e-6
6707 1.1415060467983983e-6
6708 1.142090841512821e-6
6709 1.14199150612171e-6
6710 1.14199150612171e-6
6711 1.1421549288224938e-6
6712 1.1421549288224938e-6
6713 1.1421549288224938e-6
6714 1.1421549288224938e-6
6715 1.1421549288224938e-6
6716 1.1421549288224938e-6
6717 1.1421549288224938e-6
6718 1.1421549288224938e-6
6719 1.1421549288224938e-6
6720 1.1421549288224938e-6
6721 1.1421549288224938e-6
6722 1.1421549288224938e-6
6723 1.1421549288224938e-6
6724 1.1421549288224938e-6
6725 1.1421549288224938e-6
6726 1.1421549288224938e-6
6727 1.1421549288224938e-6
6728 1.1421549288224938e-6
6729 1.1421549288224938e-6
6730 1.1421549288224938e-6
6731 1.1421549288224938e-6
6732 1.1421549288224938e-6
6733 1.1426964653057466e-6
6734 1.1426964653057466e-6
6735 1.1435504257429038e-6
6736 1.1452984004217866e-6
6737 1.145373702307793e-6
6738 1.1456797180196755e-6
6739 1.145567566144521e-6
6740 1.1455371250085764e-6
6741 1.1455691680522309e-6
6742 1.1454922642585146e-6
6743 1.1455835876663483e-6
6744 1.1454826509787091e-6
6745 1.1456781161119654e-6
6746 1.1455467376772e-6
6747 1.1455915984272617e-6
6748 1.1455178984489654e-6
6749 1.145485855405311e-6
6750 1.145785462875172e-6
6751 1.146490419614481e-6
6752 1.146490419614481e-6
6753 1.146490419614481e-6
6754 1.1470639991413882e-6
6755 1.147345981959348e-6
6756 1.1470143320570145e-6
6757 1.1481198329538235e-6
6758 1.1481198329538235e-6
6759 1.1481198329538235e-6
6760 1.1494079824998453e-6
6761 1.149156440206648e-6
6762 1.1491964958447617e-6
6763 1.1490875477850271e-6
6764 1.1494352198203697e-6
6765 1.149065117409996e-6
6766 1.149122795866465e-6
6767 1.149122795866465e-6
6768 1.149122795866465e-6
6769 1.149122795866465e-6
6770 1.149122795866465e-6
6771 1.149122795866465e-6
6772 1.149122795866465e-6
6773 1.149122795866465e-6
6774 1.149122795866465e-6
6775 1.1502763637734833e-6
6776 1.1506528756482425e-6
6777 1.1506176269556224e-6
6778 1.152041963104267e-6
6779 1.152224611142298e-6
6780 1.1527949856314215e-6
6781 1.1525642718055451e-6
6782 1.1535271809136188e-6
6783 1.1536713770547915e-6
6784 1.1536713770547915e-6
6785 1.1536713770547915e-6
6786 1.1536713770547915e-6
6787 1.154442024233847e-6
6788 1.1541904831630134e-6
6789 1.1546022425080288e-6
6790 1.1570679922438098e-6
6791 1.1581110095722017e-6
6792 1.1581110095722017e-6
6793 1.1581110095722017e-6
6794 1.1581110095722017e-6
6795 1.1581110095722017e-6
6796 1.158625308123748e-6
6797 1.1592004895583652e-6
6798 1.1592004895583652e-6
6799 1.1595000958058624e-6
6800 1.1594392135339733e-6
6801 1.159346286996066e-6
6802 1.1622574416394086e-6
6803 1.1633036640055842e-6
6804 1.1637346492990287e-6
6805 1.164093535299523e-6
6806 1.164867388738726e-6
6807 1.1650628532608005e-6
6808 1.1660017306973153e-6
6809 1.1671376733412507e-6
6810 1.1682832298761734e-6
6811 1.1689641549439233e-6
6812 1.1697219856389352e-6
6813 1.1706208062149725e-6
6814 1.1711975901684817e-6
6815 1.1717102868123181e-6
6816 1.1717102868123181e-6
6817 1.1717102868123181e-6
6818 1.1717102868123181e-6
6819 1.1717102868123181e-6
6820 1.1717102868123181e-6
6821 1.1717102868123181e-6
6822 1.1717102868123181e-6
6823 1.1717102868123181e-6
6824 1.1717102868123181e-6
6825 1.1717102868123181e-6
6826 1.1717102868123181e-6
6827 1.1717102868123181e-6
6828 1.172011496801071e-6
6829 1.172011496801071e-6
6830 1.172011496801071e-6
6831 1.172011496801071e-6
6832 1.1722838675615892e-6
6833 1.1723575675398856e-6
6834 1.1723575675398856e-6
6835 1.1723575675398856e-6
6836 1.1723575675398856e-6
6837 1.1723575675398856e-6
6838 1.1723575675398856e-6
6839 1.1723575675398856e-6
6840 1.1723575675398856e-6
6841 1.1727388851377747e-6
6842 1.1725097738307902e-6
6843 1.1726683889748984e-6
6844 1.1726683889748984e-6
6845 1.1728638534969727e-6
6846 1.1730657280946147e-6
6847 1.1730865559507537e-6
6848 1.1730865559507537e-6
6849 1.1730865559507537e-6
6850 1.1730865559507537e-6
6851 1.17379792276563e-6
6852 1.1735479823801427e-6
6853 1.175302366523411e-6
6854 1.1757045131998028e-6
6855 1.1764527293926455e-6
6856 1.1764527293926455e-6
6857 1.1760842282788e-6
6858 1.1760842282788e-6
6859 1.1760842282788e-6
6860 1.1758551175829975e-6
6861 1.1758551175829975e-6
6862 1.1758551175829975e-6
6863 1.1758551175829975e-6
6864 1.1758551175829975e-6
6865 1.1758551175829975e-6
6866 1.1758551175829975e-6
6867 1.1758551175829975e-6
6868 1.1763694161345439e-6
6869 1.1763694161345439e-6
6870 1.1763694161345439e-6
6871 1.1763694161345439e-6
6872 1.1765873110316493e-6
6873 1.1766594097134177e-6
6874 1.1766546033791058e-6
6875 1.1766546033791058e-6
6876 1.177449284063266e-6
6877 1.177449284063266e-6
6878 1.177449284063266e-6
6879 1.177449284063266e-6
6880 1.177910710492655e-6
6881 1.1784378267506086e-6
6882 1.1780853471585903e-6
6883 1.1777585029793867e-6
6884 1.1777585029793867e-6
6885 1.1782984369437476e-6
6886 1.178553182441183e-6
6887 1.1786284849383713e-6
6888 1.178657324166606e-6
6889 1.178029271221013e-6
6890 1.1781991015526367e-6
6891 1.1781991015526367e-6
6892 1.1784025774468066e-6
6893 1.1794071434895222e-6
6894 1.1814467136549885e-6
6895 1.1817078686168094e-6
6896 1.1817078686168094e-6
6897 1.1817078686168094e-6
6898 1.1817078686168094e-6
6899 1.1817078686168094e-6
6900 1.1817078686168094e-6
6901 1.1817078686168094e-6
6902 1.182617904991544e-6
6903 1.1826050872851367e-6
6904 1.1826050872851367e-6
6905 1.1826050872851367e-6
6906 1.1826050872851367e-6
6907 1.1826050872851367e-6
6908 1.1826050872851367e-6
6909 1.1826050872851367e-6
6910 1.1831065681302758e-6
6911 1.1830585023424304e-6
6912 1.1840310235079458e-6
6913 1.1831354073585105e-6
6914 1.1831354073585105e-6
6915 1.183845171654495e-6
6916 1.183845171654495e-6
6917 1.183845171654495e-6
6918 1.183845171654495e-6
6919 1.183845171654495e-6
6920 1.183845171654495e-6
6921 1.1841896398744178e-6
6922 1.1841896398744178e-6
6923 1.184745595360606e-6
6924 1.184745595360606e-6
6925 1.1855530913064458e-6
6926 1.1851189015863996e-6
6927 1.1852342584993379e-6
6928 1.185356023043116e-6
6929 1.185356023043116e-6
6930 1.185873527243628e-6
6931 1.1876118892538872e-6
6932 1.1884514294657453e-6
6933 1.1884514294657453e-6
6934 1.1884514294657453e-6
6935 1.1884514294657453e-6
6936 1.1884514294657453e-6
6937 1.1884514294657453e-6
6938 1.1884514294657453e-6
6939 1.1884514294657453e-6
6940 1.1884514294657453e-6
6941 1.1884514294657453e-6
6942 1.1884514294657453e-6
6943 1.1884514294657453e-6
6944 1.1894720164191063e-6
6945 1.1894063278129055e-6
6946 1.1894063278129055e-6
6947 1.1900423909082299e-6
6948 1.1900423909082299e-6
6949 1.1900423909082299e-6
6950 1.1903355895248871e-6
6951 1.190457355291029e-6
6952 1.1901257047775135e-6
6953 1.1901257047775135e-6
6954 1.1901257047775135e-6
6955 1.1901257047775135e-6
6956 1.1901257047775135e-6
6957 1.1901257047775135e-6
6958 1.1901257047775135e-6
6959 1.1901257047775135e-6
6960 1.1901257047775135e-6
6961 1.1901257047775135e-6
6962 1.1901257047775135e-6
6963 1.1901257047775135e-6
6964 1.1901257047775135e-6
6965 1.1901257047775135e-6
6966 1.1901257047775135e-6
6967 1.1901257047775135e-6
6968 1.1901257047775135e-6
6969 1.1901257047775135e-6
6970 1.1901257047775135e-6
6971 1.1905006135221989e-6
6972 1.1906928754512172e-6
6973 1.1905054198565108e-6
6974 1.190378847756057e-6
6975 1.190378847756057e-6
6976 1.190378847756057e-6
6977 1.190378847756057e-6
6978 1.1911863449242607e-6
6979 1.1932787878230663e-6
6980 1.1936873427414799e-6
6981 1.1940398211111344e-6
6982 1.1940398211111344e-6
6983 1.1951565384178226e-6
6984 1.195427306659449e-6
6985 1.1956804508603562e-6
6986 1.1957974090698225e-6
6987 1.1959896709988408e-6
6988 1.1960040900017763e-6
6989 1.1952174219120755e-6
6990 1.1952174219120755e-6
6991 1.1954273066594492e-6
6992 1.1955763091349338e-6
6993 1.1955763091349338e-6
6994 1.1955763091349338e-6
6995 1.1960906076864802e-6
6996 1.1957685710639521e-6
6997 1.1958647014172794e-6
6998 1.1958647014172794e-6
6999 1.1958647014172794e-6
7000 1.1958647014172794e-6
7001 1.1958647014172794e-6
7002 1.1958647014172794e-6
7003 1.1963485594440631e-6
7004 1.1969445693460012e-6
7005 1.1983753125143038e-6
7006 1.198332053671952e-6
7007 1.1995112557694212e-6
7008 1.1995112557694212e-6
7009 1.1995112557694212e-6
7010 1.1995112557694212e-6
7011 1.1989248585361067e-6
7012 1.1988111041420602e-6
7013 1.1988111041420602e-6
7014 1.1988111041420602e-6
7015 1.1988111041420602e-6
7016 1.1988111041420602e-6
7017 1.1989665154707484e-6
7018 1.1991988318155165e-6
7019 1.1990001622556583e-6
7020 1.1990001622556583e-6
7021 1.1991972292966247e-6
7022 1.1991972292966247e-6
7023 1.1994023077096865e-6
7024 1.1993686621471401e-6
7025 1.1997852278264674e-6
7026 1.2001777612230537e-6
7027 1.2020603193744856e-6
7028 1.2023631300485845e-6
7029 1.2028790311190228e-6
7030 1.2028790311190228e-6
7031 1.2028790311190228e-6
7032 1.2028790311190228e-6
7033 1.2028790311190228e-6
7034 1.2028790311190228e-6
7035 1.2028790311190228e-6
7036 1.2028790311190228e-6
7037 1.2028790311190228e-6
7038 1.2028790311190228e-6
7039 1.2028790311190228e-6
7040 1.2028790311190228e-6
7041 1.2028790311190228e-6
7042 1.2028790311190228e-6
7043 1.2030296348910353e-6
7044 1.2030296348910353e-6
7045 1.2030296348910353e-6
7046 1.2030296348910353e-6
7047 1.2030296348910353e-6
7048 1.2032459297139764e-6
7049 1.2032459297139764e-6
7050 1.2032459297139764e-6
7051 1.2032459297139764e-6
7052 1.2032459297139764e-6
7053 1.2032459297139764e-6
7054 1.2032459297139764e-6
7055 1.2032459297139764e-6
7056 1.2032459297139764e-6
7057 1.2044443583710564e-6
7058 1.2044443583710564e-6
7059 1.2048561177160718e-6
7060 1.2048561177160718e-6
7061 1.2048561177160718e-6
7062 1.2057453250123035e-6
7063 1.205666819922059e-6
7064 1.2057965958379326e-6
7065 1.2058334458270807e-6
7066 1.2057196908218526e-6
7067 1.2056363781749326e-6
7068 1.2055835060527753e-6
7069 1.2053127378111489e-6
7070 1.2054745579930407e-6
7071 1.2054745579930407e-6
7072 1.2054745579930407e-6
7073 1.2054745579930407e-6
7074 1.2054745579930407e-6
7075 1.2054745579930407e-6
7076 1.2054745579930407e-6
7077 1.2054745579930407e-6
7078 1.2054745579930407e-6
7079 1.2054745579930407e-6
7080 1.2054745579930407e-6
7081 1.2054745579930407e-6
7082 1.2054745579930407e-6
7083 1.2054745579930407e-6
7084 1.2054745579930407e-6
7085 1.2054745579930407e-6
7086 1.2066585676471854e-6
7087 1.2067546980005127e-6
7088 1.2069245283321363e-6
7089 1.2069245283321363e-6
7090 1.2069245283321363e-6
7091 1.2069245283321363e-6
7092 1.2069245283321363e-6
7093 1.2069245283321363e-6
7094 1.2069245283321363e-6
7095 1.2069245283321363e-6
7096 1.2069245283321363e-6
7097 1.20737473957401e-6
7098 1.2097427576599355e-6
7099 1.2100920316029882e-6
7100 1.2105855022983956e-6
7101 1.2105855022983956e-6
7102 1.2105855022983956e-6
7103 1.2122004978571667e-6
7104 1.2122004978571667e-6
7105 1.2127532495279349e-6
7106 1.213695328946324e-6
7107 1.2155394345897157e-6
7108 1.2156820282119966e-6
7109 1.2156820282119966e-6
7110 1.2156820282119966e-6
7111 1.2156820282119966e-6
7112 1.2156820282119966e-6
7113 1.2156820282119966e-6
7114 1.2156820282119966e-6
7115 1.2156820282119966e-6
7116 1.2156820282119966e-6
7117 1.2156820282119966e-6
7118 1.215952796453623e-6
7119 1.215952796453623e-6
7120 1.215952796453623e-6
7121 1.215952796453623e-6
7122 1.215952796453623e-6
7123 1.215952796453623e-6
7124 1.215952796453623e-6
7125 1.215952796453623e-6
7126 1.215952796453623e-6
7127 1.2168612315318294e-6
7128 1.2168612315318294e-6
7129 1.2168612315318294e-6
7130 1.2168612315318294e-6
7131 1.2168612315318294e-6
7132 1.2168612315318294e-6
7133 1.2168612315318294e-6
7134 1.2168612315318294e-6
7135 1.2168612315318294e-6
7136 1.2168612315318294e-6
7137 1.2174620477680794e-6
7138 1.2174620477680794e-6
7139 1.2177840843906074e-6
7140 1.219671448876351e-6
7141 1.220570270674752e-6
7142 1.2201713284249619e-6
7143 1.2207433048217954e-6
7144 1.21989094690353e-6
7145 1.2206375617998445e-6
7146 1.2206375617998445e-6
7147 1.2210509236637518e-6
7148 1.2210509236637518e-6
7149 1.221308872976607e-6
7150 1.221308872976607e-6
7151 1.221308872976607e-6
7152 1.221308872976607e-6
7153 1.221488317199218e-6
7154 1.221488317199218e-6
7155 1.2221628334137645e-6
7156 1.2226979598214499e-6
7157 1.2222797916232307e-6
7158 1.2223550953427828e-6
7159 1.2227780686529498e-6
7160 1.222853371150138e-6
7161 1.2229222654053044e-6
7162 1.2250948171356098e-6
7163 1.2259583902413907e-6
7164 1.224971448850576e-6
7165 1.225650772621798e-6
7166 1.2271263771513442e-6
7167 1.2271263771513442e-6
7168 1.2271263771513442e-6
7169 1.227310627708267e-6
7170 1.2272337239145507e-6
7171 1.2277848724552452e-6
7172 1.2283744735039797e-6
7173 1.2297731736286279e-6
7174 1.2305454227153934e-6
7175 1.2305454227153934e-6
7176 1.2305454227153934e-6
7177 1.2305454227153934e-6
7178 1.2305454227153934e-6
7179 1.2305454227153934e-6
7180 1.2305454227153934e-6
7181 1.2307873505064215e-6
7182 1.2314298224549496e-6
7183 1.2317294299248106e-6
7184 1.2318784324002952e-6
7185 1.2316989881776841e-6
7186 1.2316989881776841e-6
7187 1.2320322412100915e-6
7188 1.2319761652725143e-6
7189 1.2319761652725143e-6
7190 1.2322437296987208e-6
7191 1.2322437296987208e-6
7192 1.2325353245741224e-6
7193 1.2331537654622733e-6
7194 1.2335735355682024e-6
7195 1.2345845092417578e-6
7196 1.2349562141710234e-6
7197 1.2347319098095325e-6
7198 1.2351436691545479e-6
7199 1.235842217651835e-6
7200 1.235842217651835e-6
7201 1.235842217651835e-6
7202 1.2364157959563787e-6
7203 1.2367939103500297e-6
7204 1.2362283415840361e-6
7205 1.2369413103066224e-6
7206 1.2387053077296962e-6
7207 1.2394487169770451e-6
7208 1.239251649324897e-6
7209 1.2393878340939743e-6
7210 1.2393878340939743e-6
7211 1.2393878340939743e-6
7212 1.2393878340939743e-6
7213 1.2393878340939743e-6
7214 1.2393878340939743e-6
7215 1.2393878340939743e-6
7216 1.2393878340939743e-6
7217 1.2393878340939743e-6
7218 1.2393878340939743e-6
7219 1.2393878340939743e-6
7220 1.2393878340939743e-6
7221 1.2393878340939743e-6
7222 1.2393878340939743e-6
7223 1.2393878340939743e-6
7224 1.2393878340939743e-6
7225 1.2393878340939743e-6
7226 1.2393878340939743e-6
7227 1.2393878340939743e-6
7228 1.2393878340939743e-6
7229 1.2393878340939743e-6
7230 1.2393878340939743e-6
7231 1.2393878340939743e-6
7232 1.2393878340939743e-6
7233 1.2393878340939743e-6
7234 1.2393878340939743e-6
7235 1.2393878340939743e-6
7236 1.2393878340939743e-6
7237 1.2393878340939743e-6
7238 1.2393878340939743e-6
7239 1.2393878340939743e-6
7240 1.2393878340939743e-6
7241 1.2393878340939743e-6
7242 1.2393878340939743e-6
7243 1.2393878340939743e-6
7244 1.2393878340939743e-6
7245 1.2393878340939743e-6
7246 1.2393878340939743e-6
7247 1.2393878340939743e-6
7248 1.2393878340939743e-6
7249 1.2393878340939743e-6
7250 1.2393878340939743e-6
7251 1.2393878340939743e-6
7252 1.2393878340939743e-6
7253 1.2393878340939743e-6
7254 1.2393878340939743e-6
7255 1.2393878340939743e-6
7256 1.2393878340939743e-6
7257 1.2393878340939743e-6
7258 1.2393878340939743e-6
7259 1.2393878340939743e-6
7260 1.2393878340939743e-6
7261 1.2393878340939743e-6
7262 1.2393878340939743e-6
7263 1.2393878340939743e-6
7264 1.2393878340939743e-6
7265 1.2393878340939743e-6
7266 1.2393878340939743e-6
7267 1.2393878340939743e-6
7268 1.2393878340939743e-6
7269 1.2393878340939743e-6
7270 1.2401088135774743e-6
7271 1.2411726587620052e-6
7272 1.2438322729456962e-6
7273 1.2438322729456962e-6
7274 1.2438322729456962e-6
7275 1.2438322729456962e-6
7276 1.2438322729456962e-6
7277 1.2438322729456962e-6
7278 1.2438322729456962e-6
7279 1.2438322729456962e-6
7280 1.2438322729456962e-6
7281 1.2438322729456962e-6
7282 1.2438322729456962e-6
7283 1.2438322729456962e-6
7284 1.2450995958579428e-6
7285 1.2453303090726374e-6
7286 1.246400563110372e-6
7287 1.2471615970096221e-6
7288 1.247121542593872e-6
7289 1.2474900437077175e-6
7290 1.2475525284984985e-6
7291 1.2472545229363474e-6
7292 1.2473554602351682e-6
7293 1.2476086044360754e-6
7294 1.2481405270283408e-6
7295 1.2481405270283408e-6
7296 1.2481405270283408e-6
7297 1.2481405270283408e-6
7298 1.2481405270283408e-6
7299 1.2481405270283408e-6
7300 1.2481405270283408e-6
7301 1.2481405270283408e-6
7302 1.2481405270283408e-6
7303 1.2485699104140753e-6
7304 1.2484641673921245e-6
7305 1.2487109027398282e-6
7306 1.2487109027398282e-6
7307 1.2487109027398282e-6
7308 1.2487109027398282e-6
7309 1.2487109027398282e-6
7310 1.2489079710031582e-6
7311 1.2501897123071581e-6
7312 1.2515820035786028e-6
7313 1.2524311576814483e-6
7314 1.2524311576814483e-6
7315 1.2524311576814483e-6
7316 1.2519424945427165e-6
7317 1.2517454262793865e-6
7318 1.2517454262793865e-6
7319 1.2517454262793865e-6
7320 1.2517454262793865e-6
7321 1.2522821552059637e-6
7322 1.2524519867599512e-6
7323 1.2524519867599512e-6
7324 1.2524519867599512e-6
7325 1.253097663746263e-6
7326 1.253097663746263e-6
7327 1.253097663746263e-6
7328 1.2532098168437811e-6
7329 1.2532466662217475e-6
7330 1.2533572168003739e-6
7331 1.253573510400951e-6
7332 1.2540253241617165e-6
7333 1.2558838488080438e-6
7334 1.2572312805517903e-6
7335 1.2572312805517903e-6
7336 1.2571223324920557e-6
7337 1.2571223324920557e-6
7338 1.2571223324920557e-6
7339 1.2571223324920557e-6
7340 1.2571223324920557e-6
7341 1.2571223324920557e-6
7342 1.2573113893832904e-6
7343 1.2575677373996177e-6
7344 1.2573930995113185e-6
7345 1.2576286208938706e-6
7346 1.2599181302224604e-6
7347 1.2604548597602196e-6
7348 1.2604836989884542e-6
7349 1.2604836989884542e-6
7350 1.2604180097710715e-6
7351 1.2606935837358279e-6
7352 1.261310421493905e-6
7353 1.2616356637653987e-6
7354 1.2633195517457906e-6
7355 1.2643193102318307e-6
7356 1.2643193102318307e-6
7357 1.2643193102318307e-6
7358 1.2643193102318307e-6
7359 1.2643193102318307e-6
7360 1.2643193102318307e-6
7361 1.2643193102318307e-6
7362 1.2643193102318307e-6
7363 1.2643193102318307e-6
7364 1.2643193102318307e-6
7365 1.2643193102318307e-6
7366 1.2643193102318307e-6
7367 1.2643193102318307e-6
7368 1.2639604223977907e-6
7369 1.2639604223977907e-6
7370 1.2639604223977907e-6
7371 1.2639604223977907e-6
7372 1.2639604223977907e-6
7373 1.2639604223977907e-6
7374 1.2639604223977907e-6
7375 1.2639604223977907e-6
7376 1.2639604223977907e-6
7377 1.2639604223977907e-6
7378 1.2639604223977907e-6
7379 1.2639604223977907e-6
7380 1.2639604223977907e-6
7381 1.2639604223977907e-6
7382 1.2639604223977907e-6
7383 1.2639604223977907e-6
7384 1.2639604223977907e-6
7385 1.2639604223977907e-6
7386 1.2639604223977907e-6
7387 1.2639604223977907e-6
7388 1.2639604223977907e-6
7389 1.2639604223977907e-6
7390 1.2639604223977907e-6
7391 1.2639604223977907e-6
7392 1.2651908940985252e-6
7393 1.265094763745198e-6
7394 1.2653655307644605e-6
7395 1.2653655307644605e-6
7396 1.2653655307644605e-6
7397 1.2653655307644605e-6
7398 1.2653655307644605e-6
7399 1.2653655307644605e-6
7400 1.2653655307644605e-6
7401 1.2653655307644605e-6
7402 1.2653655307644605e-6
7403 1.2662403190577567e-6
7404 1.2666424657341485e-6
7405 1.2688566743990959e-6
7406 1.2688566743990959e-6
7407 1.2688566743990959e-6
7408 1.2688566743990959e-6
7409 1.2688566743990959e-6
7410 1.2688566743990959e-6
7411 1.2688566743990959e-6
7412 1.2688566743990959e-6
7413 1.2688566743990959e-6
7414 1.2688566743990959e-6
7415 1.2688566743990959e-6
7416 1.2690553439589541e-6
7417 1.2697923449642814e-6
7418 1.2703258700754388e-6
7419 1.271924842278837e-6
7420 1.2721940080015716e-6
7421 1.2721940080015716e-6
7422 1.2718527435970687e-6
7423 1.2718527435970687e-6
7424 1.2718527435970687e-6
7425 1.2718527435970687e-6
7426 1.2718527435970687e-6
7427 1.2718527435970687e-6
7428 1.2718527435970687e-6
7429 1.2718527435970687e-6
7430 1.2718527435970687e-6
7431 1.2718527435970687e-6
7432 1.2718527435970687e-6
7433 1.2718527435970687e-6
7434 1.2718527435970687e-6
7435 1.2725625066706894e-6
7436 1.2725625066706894e-6
7437 1.272629797795782e-6
7438 1.2743617515640194e-6
7439 1.276087296479053e-6
7440 1.2770357853618276e-6
7441 1.2781541045762258e-6
7442 1.2791138080353338e-6
7443 1.279709817937272e-6
7444 1.279709817937272e-6
7445 1.279709817937272e-6
7446 1.279709817937272e-6
7447 1.279709817937272e-6
7448 1.279709817937272e-6
7449 1.279709817937272e-6
7450 1.279709817937272e-6
7451 1.2801311911732748e-6
7452 1.2800190380757566e-6
7453 1.2804179797143647e-6
7454 1.2812158642139447e-6
7455 1.2831288622789573e-6
7456 1.2837601202623336e-6
7457 1.2830840021400773e-6
7458 1.2829237838658953e-6
7459 1.28282765412375e-6
7460 1.2832474236184971e-6
7461 1.283647968387179e-6
7462 1.2838866917516052e-6
7463 1.284151051140028e-6
7464 1.2845179497349816e-6
7465 1.2841414384714044e-6
7466 1.2845179497349816e-6
7467 1.284992193870778e-6
7468 1.2867738135010252e-6
7469 1.2873810385904787e-6
7470 1.2874787714626978e-6
7471 1.2886034989191178e-6
7472 1.2901624173179479e-6
7473 1.2905517462879324e-6
7474 1.2912535004341852e-6
7475 1.2916059788038397e-6
7476 1.292576898672827e-6
7477 1.2931697035369815e-6
7478 1.2937224552077497e-6
7479 1.2936984210914631e-6
7480 1.2935942805884041e-6
7481 1.2935942805884041e-6
7482 1.2944065840909197e-6
7483 1.2945684036616296e-6
7484 1.2945539840475124e-6
7485 1.2963500251254226e-6
7486 1.2985097585381388e-6
7487 1.2980515359241697e-6
7488 1.2980515359241697e-6
7489 1.2980515359241697e-6
7490 1.2980515359241697e-6
7491 1.2986683736822468e-6
7492 1.2985946724815866e-6
7493 1.2984328535220586e-6
7494 1.2984328535220586e-6
7495 1.2990320684617804e-6
7496 1.2998219409780831e-6
7497 1.301146940513253e-6
7498 1.3015843352710831e-6
7499 1.3022844862872622e-6
7500 1.3022844862872622e-6
7501 1.3022844862872622e-6
7502 1.3015891416053948e-6
7503 1.3015394739098393e-6
7504 1.3015394739098393e-6
7505 1.3011869949290028e-6
7506 1.3011869949290028e-6
7507 1.3011869949290028e-6
7508 1.3011869949290028e-6
7509 1.3011869949290028e-6
7510 1.3011869949290028e-6
7511 1.3011869949290028e-6
7512 1.3011869949290028e-6
7513 1.3011869949290028e-6
7514 1.3011869949290028e-6
7515 1.301345610073111e-6
7516 1.3017269288933638e-6
7517 1.3017012934805492e-6
7518 1.3036383250506664e-6
7519 1.3039475445779691e-6
7520 1.3039940084581046e-6
7521 1.3040821280505182e-6
7522 1.3041958824445646e-6
7523 1.3042231191539074e-6
7524 1.3038594255967375e-6
7525 1.3045483608142192e-6
7526 1.3054776237485646e-6
7527 1.3055176781643147e-6
7528 1.3048575803415218e-6
7529 1.3041862691647591e-6
7530 1.304392950096713e-6
7531 1.3051363611776076e-6
7532 1.3051235434712004e-6
7533 1.3054808281751666e-6
7534 1.3054776243597467e-6
7535 1.3074483014924103e-6
7536 1.3071406832616358e-6
7537 1.3067914093185833e-6
7538 1.3065927385363614e-6
7539 1.306478984142315e-6
7540 1.3067161062102131e-6
7541 1.3062578829850623e-6
7542 1.3061889899522595e-6
7543 1.3061889899522595e-6
7544 1.3061889899522595e-6
7545 1.3061889899522595e-6
7546 1.3067946125228212e-6
7547 1.3080971822941421e-6
7548 1.308701202956994e-6
7549 1.310399510551503e-6
7550 1.310399510551503e-6
7551 1.310399510551503e-6
7552 1.310399510551503e-6
7553 1.310399510551503e-6
7554 1.310399510551503e-6
7555 1.310399510551503e-6
7556 1.310399510551503e-6
7557 1.3113127501304756e-6
7558 1.3131728779068766e-6
7559 1.314025235825142e-6
7560 1.3136791650863274e-6
7561 1.3138762339608393e-6
7562 1.3161256888736793e-6
7563 1.3169011429982285e-6
7564 1.3169011429982285e-6
7565 1.3169011429982285e-6
7566 1.3169011429982285e-6
7567 1.3169011429982285e-6
7568 1.3169011429982285e-6
7569 1.3169011429982285e-6
7570 1.3169011429982285e-6
7571 1.3169011429982285e-6
7572 1.3169011429982285e-6
7573 1.3169011429982285e-6
7574 1.3171494796424602e-6
7575 1.318996789712454e-6
7576 1.3195623584784475e-6
7577 1.3191473940956484e-6
7578 1.320454770812463e-6
7579 1.320454770812463e-6
7580 1.320454770812463e-6
7581 1.320454770812463e-6
7582 1.320454770812463e-6
7583 1.320454770812463e-6
7584 1.320454770812463e-6
7585 1.320454770812463e-6
7586 1.320454770812463e-6
7587 1.320454770812463e-6
7588 1.320454770812463e-6
7589 1.3207816149916665e-6
7590 1.3230278673114503e-6
7591 1.3238722138576203e-6
7592 1.3250097596316295e-6
7593 1.3253430126640368e-6
7594 1.3265093964439167e-6
7595 1.326459729970725e-6
7596 1.327382583440685e-6
7597 1.326860274128225e-6
7598 1.3271566765603023e-6
7599 1.3278199775873332e-6
7600 1.3278199775873332e-6
7601 1.3278199775873332e-6
7602 1.3278199775873332e-6
7603 1.3278199775873332e-6
7604 1.3278199775873332e-6
7605 1.3278199775873332e-6
7606 1.3278199775873332e-6
7607 1.3278199775873332e-6
7608 1.3278199775873332e-6
7609 1.3278199775873332e-6
7610 1.3278199775873332e-6
7611 1.3278199775873332e-6
7612 1.3278199775873332e-6
7613 1.3278199775873332e-6
7614 1.3278199775873332e-6
7615 1.3278199775873332e-6
7616 1.3278199775873332e-6
7617 1.3278199775873332e-6
7618 1.3278199775873332e-6
7619 1.3278199775873332e-6
7620 1.3280522927097378e-6
7621 1.3285233330301143e-6
7622 1.3285906241552069e-6
7623 1.3301142944725988e-6
7624 1.3312037744587623e-6
7625 1.332009669719256e-6
7626 1.332009669719256e-6
7627 1.332009669719256e-6
7628 1.332009669719256e-6
7629 1.332009669719256e-6
7630 1.332009669719256e-6
7631 1.332009669719256e-6
7632 1.332009669719256e-6
7633 1.332009669719256e-6
7634 1.332009669719256e-6
7635 1.332009669719256e-6
7636 1.332009669719256e-6
7637 1.332009669719256e-6
7638 1.332009669719256e-6
7639 1.3324166227299598e-6
7640 1.3324166227299598e-6
7641 1.3324166227299598e-6
7642 1.3324166227299598e-6
7643 1.3324166227299598e-6
7644 1.3324166227299598e-6
7645 1.3324166227299598e-6
7646 1.3324166227299598e-6
7647 1.3329277162437224e-6
7648 1.3339418943438797e-6
7649 1.3341069177300097e-6
7650 1.3360455518190188e-6
7651 1.3368786831776733e-6
7652 1.3368786831776733e-6
7653 1.3368786831776733e-6
7654 1.3368786831776733e-6
7655 1.3368786831776733e-6
7656 1.3368786831776733e-6
7657 1.3368786831776733e-6
7658 1.3368786831776733e-6
7659 1.3368786831776733e-6
7660 1.3368786831776733e-6
7661 1.3368786831776733e-6
7662 1.3374314348484416e-6
7663 1.3374314348484416e-6
7664 1.3377582790276451e-6
7665 1.338424783870096e-6
7666 1.3400269611112778e-6
7667 1.3400493914863087e-6
7668 1.3399292276278768e-6
7669 1.3399628731904232e-6
7670 1.3408344576682996e-6
7671 1.3407960057714413e-6
7672 1.3416707940647376e-6
7673 1.3416707940647376e-6
7674 1.3416707940647376e-6
7675 1.3416707940647376e-6
7676 1.3416707940647376e-6
7677 1.3416707940647376e-6
7678 1.3416707940647376e-6
7679 1.3416707940647376e-6
7680 1.3416707940647376e-6
7681 1.3416707940647376e-6
7682 1.3416707940647376e-6
7683 1.3416707940647376e-6
7684 1.3416707940647376e-6
7685 1.3416707940647376e-6
7686 1.3416707940647376e-6
7687 1.3416707940647376e-6
7688 1.3416707940647376e-6
7689 1.3416707940647376e-6
7690 1.3416707940647376e-6
7691 1.3416707940647376e-6
7692 1.3416707940647376e-6
7693 1.3416707940647376e-6
7694 1.3416707940647376e-6
7695 1.3417316763366267e-6
7696 1.3417316763366267e-6
7697 1.3417316763366267e-6
7698 1.3423789558418303e-6
7699 1.342008852209093e-6
7700 1.3420376926596912e-6
7701 1.3419415610840002e-6
7702 1.3425455823580339e-6
7703 1.3434492098795647e-6
7704 1.3446300138847438e-6
7705 1.346410032829645e-6
7706 1.346410032829645e-6
7707 1.346410032829645e-6
7708 1.346410032829645e-6
7709 1.346410032829645e-6
7710 1.346410032829645e-6
7711 1.346410032829645e-6
7712 1.346410032829645e-6
7713 1.346410032829645e-6
7714 1.346410032829645e-6
7715 1.346410032829645e-6
7716 1.346410032829645e-6
7717 1.346410032829645e-6
7718 1.346410032829645e-6
7719 1.346410032829645e-6
7720 1.346410032829645e-6
7721 1.346410032829645e-6
7722 1.346410032829645e-6
7723 1.3467048327428304e-6
7724 1.3467048327428304e-6
7725 1.3475924399648978e-6
7726 1.3477238171772996e-6
7727 1.3477238171772996e-6
7728 1.3481275663725832e-6
7729 1.3481275663725832e-6
7730 1.3481275663725832e-6
7731 1.3481275663725832e-6
7732 1.3481275663725832e-6
7733 1.3491850027039104e-6
7734 1.3487411990928767e-6
7735 1.3487411990928767e-6
7736 1.3487411990928767e-6
7737 1.3487411990928767e-6
7738 1.3487411990928767e-6
7739 1.3487411990928767e-6
7740 1.3487411990928767e-6
7741 1.3487411990928767e-6
7742 1.3487411990928767e-6
7743 1.3487411990928767e-6
7744 1.3487411990928767e-6
7745 1.3487411990928767e-6
7746 1.3487411990928767e-6
7747 1.3487411990928767e-6
7748 1.3487411990928767e-6
7749 1.3487411990928767e-6
7750 1.3487411990928767e-6
7751 1.3487411990928767e-6
7752 1.3495022329921267e-6
7753 1.349417317826315e-6
7754 1.349518254513954e-6
7755 1.349518254513954e-6
7756 1.349518254513954e-6
7757 1.349518254513954e-6
7758 1.349518254513954e-6
7759 1.3502696745222167e-6
7760 1.3502696745222167e-6
7761 1.3502696745222167e-6
7762 1.3502696745222167e-6
7763 1.3507182832451984e-6
7764 1.350727895913822e-6
7765 1.350767950329572e-6
7766 1.3515065538537913e-6
7767 1.3531359684154977e-6
7768 1.3537576125078867e-6
7769 1.3537576125078867e-6
7770 1.3537576125078867e-6
7771 1.3537576125078867e-6
7772 1.3556513840132885e-6
7773 1.3556513840132885e-6
7774 1.3556513840132885e-6
7775 1.3560839724368068e-6
7776 1.3560839724368068e-6
7777 1.3560839724368068e-6
7778 1.3575772010070722e-6
7779 1.3575707921538685e-6
7780 1.3591537428354394e-6
7781 1.3589582764798193e-6
7782 1.3594918015909767e-6
7783 1.3602223937431002e-6
7784 1.361270216794622e-6
7785 1.3628387478620758e-6
7786 1.3633578527479338e-6
7787 1.3637247513428875e-6
7788 1.3637247513428875e-6
7789 1.3637247513428875e-6
7790 1.3637247513428875e-6
7791 1.3637247513428875e-6
7792 1.3637247513428875e-6
7793 1.3637247513428875e-6
7794 1.3637247513428875e-6
7795 1.3637247513428875e-6
7796 1.3637247513428875e-6
7797 1.3637247513428875e-6
7798 1.3637247513428875e-6
7799 1.3637247513428875e-6
7800 1.3637247513428875e-6
7801 1.3637247513428875e-6
7802 1.3642582764540449e-6
7803 1.3642582764540449e-6
7804 1.3642582764540449e-6
7805 1.3642582764540449e-6
7806 1.3642582764540449e-6
7807 1.3642582764540449e-6
7808 1.3642582764540449e-6
7809 1.3642582764540449e-6
7810 1.3642582764540449e-6
7811 1.3642582764540449e-6
7812 1.3642582764540449e-6
7813 1.3642582764540449e-6
7814 1.3642582764540449e-6
7815 1.3642582764540449e-6
7816 1.3642582764540449e-6
7817 1.365134667266233e-6
7818 1.3659245403937174e-6
7819 1.3665477876161802e-6
7820 1.3664019895672974e-6
7821 1.3671053450100782e-6
7822 1.3671053450100782e-6
7823 1.3671950665102017e-6
7824 1.3677173764338435e-6
7825 1.3677173764338435e-6
7826 1.3677173764338435e-6
7827 1.3684832166674052e-6
7828 1.3684832166674052e-6
7829 1.3684832166674052e-6
7830 1.3684832166674052e-6
7831 1.3684832166674052e-6
7832 1.3693788340392043e-6
7833 1.369446125164297e-6
7834 1.3701574913679914e-6
7835 1.3699556173815314e-6
7836 1.3699492085283277e-6
7837 1.3701158350445312e-6
7838 1.3719134768077875e-6
7839 1.3725944018755374e-6
7840 1.3725944018755374e-6
7841 1.3725944018755374e-6
7842 1.3725944018755374e-6
7843 1.3725944018755374e-6
7844 1.3726889309323367e-6
7845 1.3726889309323367e-6
7846 1.3726889309323367e-6
7847 1.3726889309323367e-6
7848 1.3726889309323367e-6
7849 1.3726889309323367e-6
7850 1.3726889309323367e-6
7851 1.3726889309323367e-6
7852 1.3727097600108395e-6
7853 1.3727097600108395e-6
7854 1.3727097600108395e-6
7855 1.3727097600108395e-6
7856 1.3727097600108395e-6
7857 1.3727097600108395e-6
7858 1.3727097600108395e-6
7859 1.3727097600108395e-6
7860 1.3727097600108395e-6
7861 1.3727097600108395e-6
7862 1.3727097600108395e-6
7863 1.3727097600108395e-6
7864 1.3727097600108395e-6
7865 1.3727097600108395e-6
7866 1.373358642034935e-6
7867 1.373358642034935e-6
7868 1.373358642034935e-6
7869 1.373358642034935e-6
7870 1.373358642034935e-6
7871 1.373358642034935e-6
7872 1.373358642034935e-6
7873 1.373358642034935e-6
7874 1.373358642034935e-6
7875 1.373358642034935e-6
7876 1.3737832190863576e-6
7877 1.3737832190863576e-6
7878 1.3737832190863576e-6
7879 1.3737832190863576e-6
7880 1.3737832190863576e-6
7881 1.3737832190863576e-6
7882 1.3737832190863576e-6
7883 1.3741821607249657e-6
7884 1.3743007226756877e-6
7885 1.3743007226756877e-6
7886 1.3743007226756877e-6
7887 1.3743007226756877e-6
7888 1.3743007226756877e-6
7889 1.3743007226756877e-6
7890 1.3743007226756877e-6
7891 1.3743007226756877e-6
7892 1.3746259643359994e-6
7893 1.3751242419769004e-6
7894 1.3789854867995457e-6
7895 1.379219404440842e-6
7896 1.379421279038484e-6
7897 1.3797673497772986e-6
7898 1.3801678933236166e-6
7899 1.382159398923601e-6
7900 1.3831255118470948e-6
7901 1.3831255118470948e-6
7902 1.3831255118470948e-6
7903 1.3831255118470948e-6
7904 1.3831255118470948e-6
7905 1.3831255118470948e-6
7906 1.3831255118470948e-6
7907 1.3833994839041413e-6
7908 1.3833994839041413e-6
7909 1.382864356274092e-6
7910 1.382864356274092e-6
7911 1.3840163222734003e-6
7912 1.385663359653462e-6
7913 1.3866374833378695e-6
7914 1.3866374833378695e-6
7915 1.3866374833378695e-6
7916 1.3866374833378695e-6
7917 1.3866374833378695e-6
7918 1.3866374833378695e-6
7919 1.3866374833378695e-6
7920 1.3866374833378695e-6
7921 1.3866374833378695e-6
7922 1.3866374833378695e-6
7923 1.3866374833378695e-6
7924 1.3866374833378695e-6
7925 1.3866374833378695e-6
7926 1.3866374833378695e-6
7927 1.3866374833378695e-6
7928 1.3866374833378695e-6
7929 1.3866374833378695e-6
7930 1.3866374833378695e-6
7931 1.386206497433243e-6
7932 1.3861119689876258e-6
7933 1.3861119689876258e-6
7934 1.3861119689876258e-6
7935 1.3861119689876258e-6
7936 1.3861119689876258e-6
7937 1.3861119689876258e-6
7938 1.3861119689876258e-6
7939 1.3861119689876258e-6
7940 1.3861119689876258e-6
7941 1.3861119689876258e-6
7942 1.3861119689876258e-6
7943 1.3861119689876258e-6
7944 1.3861119689876258e-6
7945 1.3869723382779867e-6
7946 1.3864772662860514e-6
7947 1.3864772662860514e-6
7948 1.3864772662860514e-6
7949 1.3864772662860514e-6
7950 1.3864772662860514e-6
7951 1.3864772662860514e-6
7952 1.3864772662860514e-6
7953 1.386983554687866e-6
7954 1.3870716736690977e-6
7955 1.388026571405076e-6
7956 1.3895326176817487e-6
7957 1.3905323761677887e-6
7958 1.3905323761677887e-6
7959 1.3905323761677887e-6
7960 1.3905323761677887e-6
7961 1.3905323761677887e-6
7962 1.3905323761677887e-6
7963 1.3905323761677887e-6
7964 1.3905323761677887e-6
7965 1.3905323761677887e-6
7966 1.3905323761677887e-6
7967 1.3916346744715415e-6
7968 1.393107074574486e-6
7969 1.393828054057986e-6
7970 1.3946772075496496e-6
7971 1.3946772075496496e-6
7972 1.3946772075496496e-6
7973 1.3946772075496496e-6
7974 1.3946772075496496e-6
7975 1.3946772075496496e-6
7976 1.3946772075496496e-6
7977 1.3946772075496496e-6
7978 1.3946772075496496e-6
7979 1.3946772075496496e-6
7980 1.3946772075496496e-6
7981 1.3946772075496496e-6
7982 1.3946772075496496e-6
7983 1.3946772075496496e-6
7984 1.3955760287368688e-6
7985 1.3955359743211187e-6
7986 1.3955359743211187e-6
7987 1.3955359743211187e-6
7988 1.3955359743211187e-6
7989 1.3955359743211187e-6
7990 1.3955359743211187e-6
7991 1.3955359743211187e-6
7992 1.3955359743211187e-6
7993 1.3955359743211187e-6
7994 1.3955359743211187e-6
7995 1.3955359743211187e-6
7996 1.3955359743211187e-6
7997 1.3955359743211187e-6
7998 1.3955359743211187e-6
7999 1.3955359743211187e-6
8000 1.3955359743211187e-6
8001 1.3955359743211187e-6
8002 1.3955359743211187e-6
8003 1.3955359743211187e-6
8004 1.3955359743211187e-6
8005 1.3955359743211187e-6
8006 1.3955359743211187e-6
8007 1.3955359743211187e-6
8008 1.3955359743211187e-6
8009 1.3955359743211187e-6
8010 1.3955359743211187e-6
8011 1.3955359743211187e-6
8012 1.3955359743211187e-6
8013 1.3955359743211187e-6
8014 1.3955359743211187e-6
8015 1.3955359743211187e-6
8016 1.3955359743211187e-6
8017 1.3955359743211187e-6
8018 1.3955359743211187e-6
8019 1.3955359743211187e-6
8020 1.3955359743211187e-6
8021 1.3955359743211187e-6
8022 1.3955359743211187e-6
8023 1.3955359743211187e-6
8024 1.3955359743211187e-6
8025 1.3955359743211187e-6
8026 1.3955359743211187e-6
8027 1.3955359743211187e-6
8028 1.3955359743211187e-6
8029 1.3955359743211187e-6
8030 1.3955359743211187e-6
8031 1.3955359743211187e-6
8032 1.396470043589776e-6
8033 1.396470043589776e-6
8034 1.3969987623666216e-6
8035 1.3969987623666216e-6
8036 1.3973624559237915e-6
8037 1.3973624559237915e-6
8038 1.3973624559237915e-6
8039 1.3973624559237915e-6
8040 1.3973624559237915e-6
8041 1.3973624559237915e-6
8042 1.3983429884614025e-6
8043 1.3983429884614025e-6
8044 1.3986970705723126e-6
8045 1.3989037502819026e-6
8046 1.3987867920724364e-6
8047 1.3987867920724364e-6
8048 1.3987867920724364e-6
8049 1.39983461573514e-6
8050 1.3998201955098408e-6
8051 1.4002063200532235e-6
8052 1.400336096580279e-6
8053 1.4005267559904055e-6
8054 1.4005668104061556e-6
8055 1.4006549293873872e-6
8056 1.4008151470503872e-6
8057 1.4005732186481772e-6
8058 1.4007061996018344e-6
8059 1.4004995180586989e-6
8060 1.400714210362748e-6
8061 1.4007318337922853e-6
8062 1.4018100992021154e-6
8063 1.4023596458351e-6
8064 1.402798641889458e-6
8065 1.4027938361663283e-6
8066 1.4031415082016709e-6
8067 1.4033738233240754e-6
8068 1.4027313507643654e-6
8069 1.4026047786639117e-6
8070 1.4024637875605227e-6
8071 1.4026528444517574e-6
8072 1.4035324396905475e-6
8073 1.4056505173909857e-6
8074 1.4059581356217603e-6
8075 1.4060574704016893e-6
8076 1.4068329239150566e-6
8077 1.4068329239150566e-6
8078 1.4068329239150566e-6
8079 1.4068329239150566e-6
8080 1.4068329239150566e-6
8081 1.4080938373629175e-6
8082 1.4079704690778839e-6
8083 1.4097168418490565e-6
8084 1.4105820174737292e-6
8085 1.4110226160469792e-6
8086 1.4113702880823218e-6
8087 1.410545167484581e-6
8088 1.4109344958433837e-6
8089 1.4115385158950536e-6
8090 1.4119695030220438e-6
8091 1.412028782775041e-6
8092 1.412429326932541e-6
8093 1.412889152065402e-6
8094 1.4131519089349328e-6
8095 1.4129500349484728e-6
8096 1.41328488988859e-6
8097 1.41328488988859e-6
8098 1.41328488988859e-6
8099 1.41328488988859e-6
8100 1.41440641352959e-6
8101 1.4160742799881546e-6
8102 1.4165613418303582e-6
8103 1.4181234640446082e-6
8104 1.4181234640446082e-6
8105 1.4181234640446082e-6
8106 1.4181234640446082e-6
8107 1.4181234640446082e-6
8108 1.4181234640446082e-6
8109 1.4181234640446082e-6
8110 1.4181234640446082e-6
8111 1.4181234640446082e-6
8112 1.4181234640446082e-6
8113 1.4181234640446082e-6
8114 1.4181234640446082e-6
8115 1.4181234640446082e-6
8116 1.4175931439712347e-6
8117 1.4175931439712347e-6
8118 1.4175931439712347e-6
8119 1.4175931439712347e-6
8120 1.4175931439712347e-6
8121 1.4175931439712347e-6
8122 1.4194821103646884e-6
8123 1.4196182951337657e-6
8124 1.4196182951337657e-6
8125 1.4196182951337657e-6
8126 1.4196182951337657e-6
8127 1.419796135615121e-6
8128 1.4203536930090192e-6
8129 1.4204706524408494e-6
8130 1.4217748235086985e-6
8131 1.4227201079648713e-6
8132 1.422962036978263e-6
8133 1.422962036978263e-6
8134 1.422962036978263e-6
8135 1.423485948198433e-6
8136 1.423285676119683e-6
8137 1.4228114319838866e-6
8138 1.4228194427448003e-6
8139 1.4227265168180748e-6
8140 1.4227265168180748e-6
8141 1.423040543290871e-6
8142 1.42302131673126e-6
8143 1.423803179709013e-6
8144 1.4245578047550593e-6
8145 1.424561009792843e-6
8146 1.4254165715265284e-6
8147 1.425302817132482e-6
8148 1.4258379441513493e-6
8149 1.4258379441513493e-6
8150 1.4256408764992012e-6
8151 1.4256408764992012e-6
8152 1.4256408764992012e-6
8153 1.4253989474858094e-6
8154 1.4253989474858094e-6
8155 1.4253989474858094e-6
8156 1.4261711977949387e-6
8157 1.4262545104418587e-6
8158 1.4269338329907168e-6
8159 1.4261263370448768e-6
8160 1.4264019110096332e-6
8161 1.4267575944170714e-6
8162 1.4265781508056422e-6
8163 1.4270075335801949e-6
8164 1.428524795044383e-6
8165 1.4285392146585003e-6
8166 1.4285472260305958e-6
8167 1.429386765631272e-6
8168 1.4294700795005558e-6
8169 1.429365937775133e-6
8170 1.4289301449250128e-6
8171 1.4310706536116638e-6
8172 1.4318701387965901e-6
8173 1.4318701387965901e-6
8174 1.4318701387965901e-6
8175 1.4318701387965901e-6
8176 1.4318701387965901e-6
8177 1.4318701387965901e-6
8178 1.4318701387965901e-6
8179 1.4318701387965901e-6
8180 1.4318701387965901e-6
8181 1.4318701387965901e-6
8182 1.4318701387965901e-6
8183 1.4318701387965901e-6
8184 1.4324773638860437e-6
8185 1.4332303864131981e-6
8186 1.4343807486712508e-6
8187 1.43435351257309e-6
8188 1.434473675209158e-6
8189 1.4350792983909016e-6
8190 1.435567962140815e-6
8191 1.435567962140815e-6
8192 1.435567962140815e-6
8193 1.435567962140815e-6
8194 1.435567962140815e-6
8195 1.435567962140815e-6
8196 1.435567962140815e-6
8197 1.435567962140815e-6
8198 1.435567962140815e-6
8199 1.435567962140815e-6
8200 1.435567962140815e-6
8201 1.435567962140815e-6
8202 1.435567962140815e-6
8203 1.435567962140815e-6
8204 1.435567962140815e-6
8205 1.435567962140815e-6
8206 1.435567962140815e-6
8207 1.435567962140815e-6
8208 1.435567962140815e-6
8209 1.435567962140815e-6
8210 1.435567962140815e-6
8211 1.4358211063417223e-6
8212 1.4358211063417223e-6
8213 1.4363033618496142e-6
8214 1.4368160591046324e-6
8215 1.4368160591046324e-6
8216 1.4368160591046324e-6
8217 1.4368160591046324e-6
8218 1.4370531805613486e-6
8219 1.4370531805613486e-6
8220 1.4377164815883796e-6
8221 1.4377933853820958e-6
8222 1.4377933853820958e-6
8223 1.438466300300114e-6
8224 1.438309286452534e-6
8225 1.438349340868284e-6
8226 1.438349340868284e-6
8227 1.4387947469982096e-6
8228 1.4387947469982096e-6
8229 1.4387947469982096e-6
8230 1.4387947469982096e-6
8231 1.4395013062564104e-6
8232 1.439232140533676e-6
8233 1.439232140533676e-6
8234 1.439232140533676e-6
8235 1.4399995832861295e-6
8236 1.4399499162017558e-6
8237 1.4399499162017558e-6
8238 1.4399499162017558e-6
8239 1.442208985005583e-6
8240 1.442550248187722e-6
8241 1.4440514881300832e-6
8242 1.4448429637764594e-6
8243 1.4446042398008514e-6
8244 1.4452178731323267e-6
8245 1.4465012169552185e-6
8246 1.447055569922515e-6
8247 1.4485648200146076e-6
8248 1.4489429337970766e-6
8249 1.4494011570222275e-6
8250 1.4494011570222275e-6
8251 1.4494011570222275e-6
8252 1.4494011570222275e-6
8253 1.4494011570222275e-6
8254 1.4494011570222275e-6
8255 1.4494011570222275e-6
8256 1.4494011570222275e-6
8257 1.4494011570222275e-6
8258 1.4494011570222275e-6
8259 1.4494011570222275e-6
8260 1.4494011570222275e-6
8261 1.4494011570222275e-6
8262 1.4494011570222275e-6
8263 1.4494011570222275e-6
8264 1.4494011570222275e-6
8265 1.4494011570222275e-6
8266 1.4494011570222275e-6
8267 1.4499282732801812e-6
8268 1.4499282732801812e-6
8269 1.4499282732801812e-6
8270 1.4499282732801812e-6
8271 1.4499282732801812e-6
8272 1.4499282732801812e-6
8273 1.4499282732801812e-6
8274 1.4493578987910576e-6
8275 1.4493851348892185e-6
8276 1.4493851348892185e-6
8277 1.4493851348892185e-6
8278 1.4502823547799095e-6
8279 1.450231085176644e-6
8280 1.4519886725241504e-6
8281 1.4532495853608296e-6
8282 1.4551770048735051e-6
8283 1.4549863460745606e-6
8284 1.4546162424418232e-6
8285 1.454582596879277e-6
8286 1.454997561262076e-6
8287 1.4565116176884805e-6
8288 1.4573944167426904e-6
8289 1.4573944167426904e-6
8290 1.4573944167426904e-6
8291 1.4573944167426904e-6
8292 1.4573944167426904e-6
8293 1.4573944167426904e-6
8294 1.4573944167426904e-6
8295 1.4573944167426904e-6
8296 1.4573944167426904e-6
8297 1.4573944167426904e-6
8298 1.4573944167426904e-6
8299 1.4573944167426904e-6
8300 1.4573944167426904e-6
8301 1.458304453117425e-6
8302 1.4603536377850605e-6
8303 1.4607750091875176e-6
8304 1.4605074459836749e-6
8305 1.4607942363583103e-6
8306 1.4613533962711003e-6
8307 1.4613533962711003e-6
8308 1.4613533962711003e-6
8309 1.4613533962711003e-6
8310 1.462939551379273e-6
8311 1.4644471995636557e-6
8312 1.4649663044495137e-6
8313 1.4659852870504371e-6
8314 1.466903335408449e-6
8315 1.46696421829152e-6
8316 1.468063311557489e-6
8317 1.467784533166131e-6
8318 1.4696142185842236e-6
8319 1.4696142185842236e-6
8320 1.4696142185842236e-6
8321 1.4696142185842236e-6
8322 1.4696142185842236e-6
8323 1.4687426341063472e-6
8324 1.4687298170111218e-6
8325 1.4687874948564092e-6
8326 1.4690550580602519e-6
8327 1.4690550580602519e-6
8328 1.4690550580602519e-6
8329 1.4703175740270046e-6
8330 1.4705979537148908e-6
8331 1.4719790304100016e-6
8332 1.4723427245783535e-6
8333 1.4732431476732826e-6
8334 1.4732431476732826e-6
8335 1.4732431476732826e-6
8336 1.4724997372035698e-6
8337 1.4723811764752117e-6
8338 1.4722241632388135e-6
8339 1.4723651543422025e-6
8340 1.4723651543422025e-6
8341 1.4723651543422025e-6
8342 1.4723651543422025e-6
8343 1.4723651543422025e-6
8344 1.4723651543422025e-6
8345 1.4723651543422025e-6
8346 1.4723651543422025e-6
8347 1.4723651543422025e-6
8348 1.4723651543422025e-6
8349 1.4723651543422025e-6
8350 1.4723651543422025e-6
8351 1.4723651543422025e-6
8352 1.4723651543422025e-6
8353 1.4723651543422025e-6
8354 1.4736837462465326e-6
8355 1.4734690539424834e-6
8356 1.4736484981650945e-6
8357 1.473994568903909e-6
8358 1.473994568903909e-6
8359 1.473994568903909e-6
8360 1.474274949814159e-6
8361 1.4744223497707518e-6
8362 1.4740858929229246e-6
8363 1.4746033965122547e-6
8364 1.4753692355234526e-6
8365 1.475359622854829e-6
8366 1.4751144900260172e-6
8367 1.4765452338055017e-6
8368 1.477202125979329e-6
8369 1.4782739813135916e-6
8370 1.4782739813135916e-6
8371 1.4782739813135916e-6
8372 1.4790286063596379e-6
8373 1.4804609520468323e-6
8374 1.4805330501174188e-6
8375 1.4804994045548724e-6
8376 1.4812940840166688e-6
8377 1.4825133405298878e-6
8378 1.4825133405298878e-6
8379 1.482909078964258e-6
8380 1.4836332634855417e-6
8381 1.485009532623977e-6
8382 1.4855142185068998e-6
8383 1.4855558748303598e-6
8384 1.4862191758573907e-6
8385 1.4862191758573907e-6
8386 1.4862191758573907e-6
8387 1.4862191758573907e-6
8388 1.4862191758573907e-6
8389 1.4862191758573907e-6
8390 1.4862191758573907e-6
8391 1.4862191758573907e-6
8392 1.4870923616317952e-6
8393 1.4887345926775452e-6
8394 1.4887554205336842e-6
8395 1.4889428755172087e-6
8396 1.4892024285713197e-6
8397 1.4895613157941777e-6
8398 1.4894411531581097e-6
8399 1.4892136437588351e-6
8400 1.4897952334354741e-6
8401 1.4897952334354741e-6
8402 1.4897952334354741e-6
8403 1.4897952334354741e-6
8404 1.4897952334354741e-6
8405 1.4910064797989614e-6
8406 1.4921488319072823e-6
8407 1.4930877075102513e-6
8408 1.4939817223631586e-6
8409 1.4939817223631586e-6
8410 1.4939817223631586e-6
8411 1.4939817223631586e-6
8412 1.4939817223631586e-6
8413 1.4939817223631586e-6
8414 1.4947764006025911e-6
8415 1.4946273981271065e-6
8416 1.4947027006242947e-6
8417 1.4947027006242947e-6
8418 1.4947027006242947e-6
8419 1.4947027006242947e-6
8420 1.4949526397874183e-6
8421 1.4949526397874183e-6
8422 1.495141696678653e-6
8423 1.495141696678653e-6
8424 1.495141696678653e-6
8425 1.4955342294640575e-6
8426 1.495840245787122e-6
8427 1.4957088673523566e-6
8428 1.4957088673523566e-6
8429 1.4961863165259366e-6
8430 1.4960533355722794e-6
8431 1.4960757659473102e-6
8432 1.4959491938468565e-6
8433 1.4958354394528101e-6
8434 1.4961078089909645e-6
8435 1.4966349252489182e-6
8436 1.497793299490248e-6
8437 1.499940216418921e-6
8438 1.5002302099977945e-6
8439 1.5000203252504208e-6
8440 1.5002125859570753e-6
8441 1.4999338075657172e-6
8442 1.5002013707695599e-6
8443 1.5002013707695599e-6
8444 1.5002013707695599e-6
8445 1.5003679972857634e-6
8446 1.5003679972857634e-6
8447 1.500414460554717e-6
8448 1.5004208694079208e-6
8449 1.5004208694079208e-6
8450 1.5004208694079208e-6
8451 1.5015103487829026e-6
8452 1.5015103487829026e-6
8453 1.5015103487829026e-6
8454 1.5015103487829026e-6
8455 1.503586769548699e-6
8456 1.503545112614057e-6
8457 1.503545112614057e-6
8458 1.5036508556360078e-6
8459 1.5041699605218661e-6
8460 1.5041699605218661e-6
8461 1.5041699605218661e-6
8462 1.5041699605218661e-6
8463 1.5041699605218661e-6
8464 1.5041699605218661e-6
8465 1.5048044223206625e-6
8466 1.5048044223206625e-6
8467 1.5048044223206625e-6
8468 1.5048044223206625e-6
8469 1.5049630386871345e-6
8470 1.504932596940008e-6
8471 1.504975855171178e-6
8472 1.5048973488585699e-6
8473 1.5048973488585699e-6
8474 1.5048973488585699e-6
8475 1.5048973488585699e-6
8476 1.5053459588039154e-6
8477 1.5063008559287118e-6
8478 1.5080103787107364e-6
8479 1.5087537885692673e-6
8480 1.5087537885692673e-6
8481 1.5087537885692673e-6
8482 1.5087537885692673e-6
8483 1.5090982555668262e-6
8484 1.509639792050079e-6
8485 1.5100563577294063e-6
8486 1.5117899127941716e-6
8487 1.511921291228937e-6
8488 1.5121920594705634e-6
8489 1.5124516119134925e-6
8490 1.5124516119134925e-6
8491 1.5124516119134925e-6
8492 1.5124516119134925e-6
8493 1.5124516119134925e-6
8494 1.5124516119134925e-6
8495 1.5124516119134925e-6
8496 1.5124516119134925e-6
8497 1.5124516119134925e-6
8498 1.5124516119134925e-6
8499 1.5124516119134925e-6
8500 1.5142268239128998e-6
8501 1.5144270959916498e-6
8502 1.5158418176381253e-6
8503 1.5170242241621963e-6
8504 1.5176186315452425e-6
8505 1.5176186315452425e-6
8506 1.5166108622982888e-6
8507 1.5167390369176344e-6
8508 1.5167390369176344e-6
8509 1.5167390369176344e-6
8510 1.5167390369176344e-6
8511 1.5167390369176344e-6
8512 1.5167390369176344e-6
8513 1.5167390369176344e-6
8514 1.5167390369176344e-6
8515 1.5167390369176344e-6
8516 1.5167390369176344e-6
8517 1.517525706229699e-6
8518 1.5176955365613226e-6
8519 1.5195380402970044e-6
8520 1.5200635540360662e-6
8521 1.5204721095656618e-6
8522 1.5204721095656618e-6
8523 1.5204721095656618e-6
8524 1.5204721095656618e-6
8525 1.5204721095656618e-6
8526 1.5204721095656618e-6
8527 1.5204721095656618e-6
8528 1.5204721095656618e-6
8529 1.5204721095656618e-6
8530 1.5206291234132417e-6
8531 1.5211097764022418e-6
8532 1.5208374056417236e-6
8533 1.5209976233047236e-6
8534 1.5207316626197727e-6
8535 1.520803761301541e-6
8536 1.5208774612798374e-6
8537 1.5208774612798374e-6
8538 1.5208774612798374e-6
8539 1.5208774612798374e-6
8540 1.5208774612798374e-6
8541 1.5208774612798374e-6
8542 1.5208774612798374e-6
8543 1.5208774612798374e-6
8544 1.5208774612798374e-6
8545 1.5208774612798374e-6
8546 1.521063314355652e-6
8547 1.521063314355652e-6
8548 1.521063314355652e-6
8549 1.521063314355652e-6
8550 1.521063314355652e-6
8551 1.521063314355652e-6
8552 1.521063314355652e-6
8553 1.521063314355652e-6
8554 1.521063314355652e-6
8555 1.5218227457360102e-6
8556 1.5238559082706366e-6
8557 1.5242820872297694e-6
8558 1.5251616818573776e-6
8559 1.5244022504770194e-6
8560 1.5244022504770194e-6
8561 1.5244022504770194e-6
8562 1.5244022504770194e-6
8563 1.5244022504770194e-6
8564 1.5244022504770194e-6
8565 1.5244022504770194e-6
8566 1.5244022504770194e-6
8567 1.5244022504770194e-6
8568 1.5253827817922665e-6
8569 1.5253827817922665e-6
8570 1.5258442094440194e-6
8571 1.5258458119629112e-6
8572 1.5258458119629112e-6
8573 1.526408176302303e-6
8574 1.526408176302303e-6
8575 1.526408176302303e-6
8576 1.526408176302303e-6
8577 1.526408176302303e-6
8578 1.526408176302303e-6
8579 1.526408176302303e-6
8580 1.5267542470411176e-6
8581 1.5267542470411176e-6
8582 1.526949711563192e-6
8583 1.5269817558292103e-6
8584 1.5269817558292103e-6
8585 1.5269817558292103e-6
8586 1.5269817558292103e-6
8587 1.5269817558292103e-6
8588 1.5269817558292103e-6
8589 1.5269817558292103e-6
8590 1.5275553353561175e-6
8591 1.5283404021492903e-6
8592 1.528404489458963e-6
8593 1.528404489458963e-6
8594 1.5287842045379603e-6
8595 1.5287842045379603e-6
8596 1.5287842045379603e-6
8597 1.5287842045379603e-6
8598 1.528891550078803e-6
8599 1.528891550078803e-6
8600 1.5293754081055868e-6
8601 1.5293754081055868e-6
8602 1.529550045993886e-6
8603 1.5299393749638704e-6
8604 1.5300851724015713e-6
8605 1.5294971738717286e-6
8606 1.5294971738717286e-6
8607 1.5294971738717286e-6
8608 1.529851254760275e-6
8609 1.5300643445454323e-6
8610 1.5304632861840404e-6
8611 1.5310192416702286e-6
8612 1.5322016481942996e-6
8613 1.5339223861638396e-6
8614 1.5339223861638396e-6
8615 1.5339223861638396e-6
8616 1.5345456327751205e-6
8617 1.5345456327751205e-6
8618 1.5345456327751205e-6
8619 1.5352553982934689e-6
8620 1.5357552766197161e-6
8621 1.5357136196850742e-6
8622 1.535897870853179e-6
8623 1.5356831791603116e-6
8624 1.5356655538972288e-6
8625 1.5356959956443553e-6
8626 1.5356959956443553e-6
8627 1.5359315145821797e-6
8628 1.5359315145821797e-6
8629 1.537248503356436e-6
8630 1.5393505589238652e-6
8631 1.5393505589238652e-6
8632 1.5401580560920689e-6
8633 1.5406258913746616e-6
8634 1.5404897066055843e-6
8635 1.5406034609996308e-6
8636 1.540118001676319e-6
8637 1.5402589940020718e-6
8638 1.5401644649452726e-6
8639 1.5401644649452726e-6
8640 1.5401644649452726e-6
8641 1.5401644649452726e-6
8642 1.540659536937208e-6
8643 1.540659536937208e-6
8644 1.5414718416620873e-6
8645 1.5420534313387265e-6
8646 1.5433015264689983e-6
8647 1.5455429718432882e-6
8648 1.5455429718432882e-6
8649 1.5455429718432882e-6
8650 1.5457208135470074e-6
8651 1.5457208135470074e-6
8652 1.5457208135470074e-6
8653 1.5457208135470074e-6
8654 1.5457208135470074e-6
8655 1.5457208135470074e-6
8656 1.5457208135470074e-6
8657 1.5457208135470074e-6
8658 1.5457208135470074e-6
8659 1.5457208135470074e-6
8660 1.5464289753241001e-6
8661 1.546451405699131e-6
8662 1.546451405699131e-6
8663 1.546451405699131e-6
8664 1.546451405699131e-6
8665 1.5467093550119863e-6
8666 1.5467093550119863e-6
8667 1.547271719351378e-6
8668 1.5473390104764707e-6
8669 1.5473390104764707e-6
8670 1.5476209926832487e-6
8671 1.5476209926832487e-6
8672 1.5479558482345478e-6
8673 1.5479558482345478e-6
8674 1.5488322378243723e-6
8675 1.5488322378243723e-6
8676 1.5488322378243723e-6
8677 1.5493112882944805e-6
8678 1.5500851399001379e-6
8679 1.5517770374190797e-6
8680 1.5520157632282333e-6
8681 1.5535378304155514e-6
8682 1.5543981990947305e-6
8683 1.5558273409665051e-6
8684 1.5560147959500296e-6
8685 1.5562230781785114e-6
8686 1.5566043969987642e-6
8687 1.5566043969987642e-6
8688 1.5566043969987642e-6
8689 1.5571635563003723e-6
8690 1.5571635563003723e-6
8691 1.5571635563003723e-6
8692 1.5576410054739523e-6
8693 1.5576410054739523e-6
8694 1.5576410054739523e-6
8695 1.5576410054739523e-6
8696 1.5576410054739523e-6
8697 1.5576410054739523e-6
8698 1.5576410054739523e-6
8699 1.5576410054739523e-6
8700 1.558112044571965e-6
8701 1.559485111117344e-6
8702 1.5588538531339676e-6
8703 1.5591102011502949e-6
8704 1.5600731096471866e-6
8705 1.5610103833424457e-6
8706 1.5610103833424457e-6
8707 1.5610103833424457e-6
8708 1.5610103833424457e-6
8709 1.5610103833424457e-6
8710 1.5610103833424457e-6
8711 1.5610103833424457e-6
8712 1.5610103833424457e-6
8713 1.5610103833424457e-6
8714 1.5610103833424457e-6
8715 1.5610103833424457e-6
8716 1.5610103833424457e-6
8717 1.5610103833424457e-6
8718 1.5610103833424457e-6
8719 1.5610103833424457e-6
8720 1.5610103833424457e-6
8721 1.5610103833424457e-6
8722 1.5610103833424457e-6
8723 1.5610103833424457e-6
8724 1.5610103833424457e-6
8725 1.5610103833424457e-6
8726 1.5618419127933902e-6
8727 1.5615455097501311e-6
8728 1.5621335095023375e-6
8729 1.5637741380291957e-6
8730 1.5644214175343993e-6
8731 1.5644214175343993e-6
8732 1.5644214175343993e-6
8733 1.5644214175343993e-6
8734 1.5644214175343993e-6
8735 1.5644214175343993e-6
8736 1.5653026146808993e-6
8737 1.5661373491696277e-6
8738 1.568011895948964e-6
8739 1.5678228390577293e-6
8740 1.5690420949597666e-6
8741 1.5690420949597666e-6
8742 1.5690420949597666e-6
8743 1.5690420949597666e-6
8744 1.5690420949597666e-6
8745 1.5696621377556277e-6
8746 1.5695820289241278e-6
8747 1.5699345085161461e-6
8748 1.5697486554403315e-6
8749 1.5697486554403315e-6
8750 1.5697486554403315e-6
8751 1.5697486554403315e-6
8752 1.5699953895656714e-6
8753 1.5699953895656714e-6
8754 1.5699953895656714e-6
8755 1.5703350514512822e-6
8756 1.570357481826313e-6
8757 1.5705785829835658e-6
8758 1.5709967499594211e-6
8759 1.5739880140454457e-6
8760 1.574882028898353e-6
8761 1.574882028898353e-6
8762 1.575740795669822e-6
8763 1.5757151602570075e-6
8764 1.5757151602570075e-6
8765 1.5757151602570075e-6
8766 1.5757151602570075e-6
8767 1.5757151602570075e-6
8768 1.5757151602570075e-6
8769 1.5757151602570075e-6
8770 1.5757151602570075e-6
8771 1.5757151602570075e-6
8772 1.5757151602570075e-6
8773 1.5757151602570075e-6
8774 1.5757151602570075e-6
8775 1.5757151602570075e-6
8776 1.5757151602570075e-6
8777 1.5768991686887884e-6
8778 1.5768991686887884e-6
8779 1.5768991686887884e-6
8780 1.5768991686887884e-6
8781 1.5768991686887884e-6
8782 1.5775624697158193e-6
8783 1.577408660906023e-6
8784 1.578108812533384e-6
8785 1.5783042776666403e-6
8786 1.5784949364655848e-6
8787 1.580052252345523e-6
8788 1.5814813942172977e-6
8789 1.5814813942172977e-6
8790 1.5814813942172977e-6
8791 1.5814813942172977e-6
8792 1.5814813942172977e-6
8793 1.5814813942172977e-6
8794 1.5814813942172977e-6
8795 1.5814813942172977e-6
8796 1.5814813942172977e-6
8797 1.5814813942172977e-6
8798 1.5814813942172977e-6
8799 1.5814813942172977e-6
8800 1.5814813942172977e-6
8801 1.5814813942172977e-6
8802 1.5814813942172977e-6
8803 1.5814813942172977e-6
8804 1.5814813942172977e-6
8805 1.5814813942172977e-6
8806 1.5814813942172977e-6
8807 1.5814813942172977e-6
8808 1.5814813942172977e-6
8809 1.5814813942172977e-6
8810 1.581555094195594e-6
8811 1.581555094195594e-6
8812 1.581555094195594e-6
8813 1.581555094195594e-6
8814 1.5818899485245294e-6
8815 1.5829746227875632e-6
8816 1.5844117748090695e-6
8817 1.5848395562870942e-6
8818 1.5848395562870942e-6
8819 1.5848395562870942e-6
8820 1.5848395562870942e-6
8821 1.5848395562870942e-6
8822 1.5848395562870942e-6
8823 1.5848395562870942e-6
8824 1.5848395562870942e-6
8825 1.5848395562870942e-6
8826 1.5848395562870942e-6
8827 1.5848395562870942e-6
8828 1.5848395562870942e-6
8829 1.5848395562870942e-6
8830 1.5848395562870942e-6
8831 1.5856326344523625e-6
8832 1.5856326344523625e-6
8833 1.5856326344523625e-6
8834 1.5858953913218933e-6
8835 1.5858953913218933e-6
8836 1.5871370782101434e-6
8837 1.5872524351230817e-6
8838 1.5880711474788008e-6
8839 1.5910063344048843e-6
8840 1.5906602642772516e-6
8841 1.5906490490897362e-6
8842 1.59069230854327e-6
8843 1.5911441223040353e-6
8844 1.5911441223040353e-6
8845 1.5905352953068717e-6
8846 1.5902388928747943e-6
8847 1.590445573806748e-6
8848 1.5905609307196862e-6
8849 1.5905336927879798e-6
8850 1.5917737777685198e-6
8851 1.5917801860105416e-6
8852 1.5915494727958472e-6
8853 1.5919307916161e-6
8854 1.591608753771208e-6
8855 1.5909807008256153e-6
8856 1.5914245032142851e-6
8857 1.5914196962687913e-6
8858 1.5917209050351803e-6
8859 1.591744937929103e-6
8860 1.591744937929103e-6
8861 1.591744937929103e-6
8862 1.591744937929103e-6
8863 1.591744937929103e-6
8864 1.5936178828007294e-6
8865 1.5953001688734112e-6
8866 1.5953001688734112e-6
8867 1.5953001688734112e-6
8868 1.5953001688734112e-6
8869 1.5953001688734112e-6
8870 1.5953001688734112e-6
8871 1.5953001688734112e-6
8872 1.5957808218624113e-6
8873 1.595804854756334e-6
8874 1.5960547939194575e-6
8875 1.5963079381203647e-6
8876 1.596139710307633e-6
8877 1.5964665538756548e-6
8878 1.596240646995272e-6
8879 1.5960948495575712e-6
8880 1.5960948495575712e-6
8881 1.5960948495575712e-6
8882 1.5960948495575712e-6
8883 1.5960948495575712e-6
8884 1.5960948495575712e-6
8885 1.5960948495575712e-6
8886 1.5960948495575712e-6
8887 1.5960948495575712e-6
8888 1.5960948495575712e-6
8889 1.5960948495575712e-6
8890 1.5960948495575712e-6
8891 1.5963431874241667e-6
8892 1.5968078188913394e-6
8893 1.5968078188913394e-6
8894 1.5968078188913394e-6
8895 1.5968078188913394e-6
8896 1.5968078188913394e-6
8897 1.5968078188913394e-6
8898 1.5968078188913394e-6
8899 1.5968078188913394e-6
8900 1.5968078188913394e-6
8901 1.5968078188913394e-6
8902 1.5968078188913394e-6
8903 1.5968078188913394e-6
8904 1.5974871426625613e-6
8905 1.597314107293154e-6
8906 1.5979261387169195e-6
8907 1.5973221186652496e-6
8908 1.5972195794587186e-6
8909 1.5972468161680614e-6
8910 1.5972468161680614e-6
8911 1.5972468161680614e-6
8912 1.5977450931977805e-6
8913 1.5977531033475122e-6
8914 1.5978059754696695e-6
8915 1.5986294941597005e-6
8916 1.5979165248259323e-6
8917 1.5979165248259323e-6
8918 1.5980943665296515e-6
8919 1.5984580613091853e-6
8920 1.5987736903008734e-6
8921 1.5990396509858243e-6
8922 1.5992543426786916e-6
8923 1.6013772273246234e-6
8924 1.6013772273246234e-6
8925 1.6013772273246234e-6
8926 1.6013772273246234e-6
8927 1.601787384150747e-6
8928 1.6018706967976669e-6
8929 1.6021927358649226e-6
8930 1.6026637749629352e-6
8931 1.6039935820547808e-6
8932 1.6041537997177808e-6
8933 1.6040512599000681e-6
8934 1.6043492642398554e-6
8935 1.6050766525765591e-6
8936 1.6057639864975128e-6
8937 1.6057639864975128e-6
8938 1.6057639864975128e-6
8939 1.6057639864975128e-6
8940 1.6057639864975128e-6
8941 1.6057639864975128e-6
8942 1.6057639864975128e-6
8943 1.6057639864975128e-6
8944 1.6057639864975128e-6
8945 1.6057639864975128e-6
8946 1.6057639864975128e-6
8947 1.6057639864975128e-6
8948 1.6057639864975128e-6
8949 1.6057639864975128e-6
8950 1.6057639864975128e-6
8951 1.6057639864975128e-6
8952 1.6064272881357257e-6
8953 1.6064272881357257e-6
8954 1.6065073981895894e-6
8955 1.6065073981895894e-6
8956 1.6069031360127777e-6
8957 1.6069031360127777e-6
8958 1.6069031360127777e-6
8959 1.6072235701164139e-6
8960 1.6072828510917747e-6
8961 1.6074671016486975e-6
8962 1.6075520168145093e-6
8963 1.6075520168145093e-6
8964 1.6075520168145093e-6
8965 1.6075520168145093e-6
8966 1.6076080927520865e-6
8967 1.6076080927520865e-6
8968 1.6076080927520865e-6
8969 1.6081912849476173e-6
8970 1.6082633824070218e-6
8971 1.6085517740781855e-6
8972 1.6090628688143118e-6
8973 1.6108877478980928e-6
8974 1.6109518352077655e-6
8975 1.6119772284954382e-6
8976 1.6119772284954382e-6
8977 1.6121967271337991e-6
8978 1.6121967271337991e-6
8979 1.6134448240976166e-6
8980 1.6130747204648793e-6
8981 1.613076322983771e-6
8982 1.6136915582229564e-6
8983 1.6139575195190892e-6
8984 1.6151783779400183e-6
8985 1.6157551618935276e-6
8986 1.6159602403065893e-6
8987 1.6158817339939813e-6
8988 1.6161236623961913e-6
8989 1.6159169814642377e-6
8990 1.6163992357497658e-6
8991 1.6164665268748584e-6
8992 1.6161845434457166e-6
8993 1.6161845434457166e-6
8994 1.6161845434457166e-6
8995 1.6159330017637012e-6
8996 1.6159330017637012e-6
8997 1.6159330017637012e-6
8998 1.6159330017637012e-6
8999 1.6159330017637012e-6
9000 1.6159330017637012e-6
9001 1.6159330017637012e-6
9002 1.6159330017637012e-6
9003 1.6159330017637012e-6
9004 1.6159330017637012e-6
9005 1.6159330017637012e-6
9006 1.6159330017637012e-6
9007 1.6159330017637012e-6
9008 1.6159330017637012e-6
9009 1.6159330017637012e-6
9010 1.6159330017637012e-6
9011 1.6159330017637012e-6
9012 1.6159330017637012e-6
9013 1.6159330017637012e-6
9014 1.6159330017637012e-6
9015 1.6169343621574512e-6
9016 1.6169391684917631e-6
9017 1.6171426456082969e-6
9018 1.617057730442485e-6
9019 1.6170561279235932e-6
9020 1.6172692164863867e-6
9021 1.6190524404690713e-6
9022 1.6200762312378522e-6
9023 1.6203950640449604e-6
9024 1.6208548891778214e-6
9025 1.6211448833678769e-6
9026 1.6204911956206514e-6
9027 1.6207090917401205e-6
9028 1.6211769270227133e-6
9029 1.6211769270227133e-6
9030 1.6216047091119198e-6
9031 1.6216047091119198e-6
9032 1.6221686759702035e-6
9033 1.622859213706577e-6
9034 1.6223240872988916e-6
9035 1.6224682834400643e-6
9036 1.6224682834400643e-6
9037 1.6224682834400643e-6
9038 1.6224682834400643e-6
9039 1.6224682834400643e-6
9040 1.6224682834400643e-6
9041 1.6224682834400643e-6
9042 1.6233687059238115e-6
9043 1.6233687059238115e-6
9044 1.624182611334037e-6
9045 1.6237756589345152e-6
9046 1.6239406829318269e-6
9047 1.6239422854507187e-6
9048 1.6250301635291726e-6
9049 1.6267364818845952e-6
9050 1.6271322190966015e-6
9051 1.6271770804578452e-6
9052 1.6281287737672217e-6
9053 1.6295034409979471e-6
9054 1.6316103035108699e-6
9055 1.6316103035108699e-6
9056 1.6316103035108699e-6
9057 1.6323793487822153e-6
9058 1.6327029879236352e-6
9059 1.6324418335729962e-6
9060 1.6324434348695243e-6
9061 1.6326004487171042e-6
9062 1.6324738766166505e-6
9063 1.6343404126350733e-6
9064 1.6346304068251288e-6
9065 1.6353786236291535e-6
9066 1.6351575230830825e-6
9067 1.6364953403246598e-6
9068 1.6364953403246598e-6
9069 1.6369968223921626e-6
9070 1.6369968223921626e-6
9071 1.6378587942014154e-6
9072 1.6378587942014154e-6
9073 1.6378587942014154e-6
9074 1.6378587942014154e-6
9075 1.6378587942014154e-6
9076 1.6378587942014154e-6
9077 1.6378587942014154e-6
9078 1.6378587942014154e-6
9079 1.6378587942014154e-6
9080 1.6378587942014154e-6
9081 1.6378587942014154e-6
9082 1.6382353054649926e-6
9083 1.6382353054649926e-6
9084 1.6382353054649926e-6
9085 1.6382353054649926e-6
9086 1.6389530811330727e-6
9087 1.6391389329865235e-6
9088 1.6391389329865235e-6
9089 1.6394753898343507e-6
9090 1.6394753898343507e-6
9091 1.6396372087938787e-6
9092 1.6396372087938787e-6
9093 1.640172335201564e-6
9094 1.6405328249433142e-6
9095 1.641037510826237e-6
9096 1.642002020619657e-6
9097 1.6433542574753515e-6
9098 1.6432581265108423e-6
9099 1.645425871295654e-6
9100 1.645425871295654e-6
9101 1.645425871295654e-6
9102 1.645425871295654e-6
9103 1.645425871295654e-6
9104 1.645425871295654e-6
9105 1.645425871295654e-6
9106 1.6458584584968084e-6
9107 1.6456533800837466e-6
9108 1.6456533800837466e-6
9109 1.6456533800837466e-6
9110 1.6456533800837466e-6
9111 1.646228560907182e-6
9112 1.6466435246787995e-6
9113 1.6463439178201204e-6
9114 1.6463439178201204e-6
9115 1.6471962757383857e-6
9116 1.6471353934664967e-6
9117 1.6470825213443393e-6
9118 1.6470825213443393e-6
9119 1.6470825213443393e-6
9120 1.6480422260258112e-6
9121 1.6480422260258112e-6
9122 1.6480422260258112e-6
9123 1.6480422260258112e-6
9124 1.6480422260258112e-6
9125 1.6480422260258112e-6
9126 1.648306585414234e-6
9127 1.648306585414234e-6
9128 1.648306585414234e-6
9129 1.648306585414234e-6
9130 1.648306585414234e-6
9131 1.648306585414234e-6
9132 1.648306585414234e-6
9133 1.648306585414234e-6
9134 1.6491285028077368e-6
9135 1.6492759027643296e-6
9136 1.6494569482834686e-6
9137 1.6513795602394687e-6
9138 1.651972366325987e-6
9139 1.651972366325987e-6
9140 1.651972366325987e-6
9141 1.651972366325987e-6
9142 1.651972366325987e-6
9143 1.651972366325987e-6
9144 1.651972366325987e-6
9145 1.651972366325987e-6
9146 1.651972366325987e-6
9147 1.651972366325987e-6
9148 1.651972366325987e-6
9149 1.651972366325987e-6
9150 1.651972366325987e-6
9151 1.651972366325987e-6
9152 1.651972366325987e-6
9153 1.651972366325987e-6
9154 1.651972366325987e-6
9155 1.651972366325987e-6
9156 1.651972366325987e-6
9157 1.651972366325987e-6
9158 1.651972366325987e-6
9159 1.651972366325987e-6
9160 1.651972366325987e-6
9161 1.651972366325987e-6
9162 1.651972366325987e-6
9163 1.651972366325987e-6
9164 1.651972366325987e-6
9165 1.651972366325987e-6
9166 1.651972366325987e-6
9167 1.6529480925292862e-6
9168 1.6529480925292862e-6
9169 1.6529480925292862e-6
9170 1.6529480925292862e-6
9171 1.6540952515831009e-6
9172 1.6539093985072863e-6
9173 1.6539093985072863e-6
9174 1.6539093985072863e-6
9175 1.6548162310666009e-6
9176 1.6548162310666009e-6
9177 1.65547792957474e-6
9178 1.6553882080746165e-6
9179 1.655522790324802e-6
9180 1.654878715857382e-6
9181 1.6551494828766446e-6
9182 1.6551494828766446e-6
9183 1.6554506928653974e-6
9184 1.6554506928653974e-6
9185 1.6554506928653974e-6
9186 1.6554506928653974e-6
9187 1.6557470952974747e-6
9188 1.6557470952974747e-6
9189 1.6557470952974747e-6
9190 1.6557470952974747e-6
9191 1.6557470952974747e-6
9192 1.6570288366014747e-6
9193 1.6567084012754746e-6
9194 1.6573572826883882e-6
9195 1.6578171084324311e-6
9196 1.6581711899321594e-6
9197 1.6579340672530793e-6
9198 1.658321793704172e-6
9199 1.6599335848363413e-6
9200 1.6601290493584157e-6
9201 1.660524787181604e-6
9202 1.6601642968286721e-6
9203 1.660407827749774e-6
9204 1.6618738183883329e-6
9205 1.6615245438340984e-6
9206 1.6618642057197093e-6
9207 1.6622022650864283e-6
9208 1.6620708866516629e-6
9209 1.6619042601354593e-6
9210 1.6614860919372402e-6
9211 1.6615934374780829e-6
9212 1.6615934374780829e-6
9213 1.6615934374780829e-6
9214 1.6618417753446784e-6
9215 1.6621606081517866e-6
9216 1.6627421990507894e-6
9217 1.6627662319447121e-6
9218 1.6642194060992276e-6
9219 1.664728898316462e-6
9220 1.6654835233625083e-6
9221 1.665994616876271e-6
9222 1.665214357028592e-6
9223 1.665214357028592e-6
9224 1.665214357028592e-6
9225 1.665214357028592e-6
9226 1.665214357028592e-6
9227 1.6654691037483913e-6
9228 1.6654691037483913e-6
9229 1.6654691037483913e-6
9230 1.6654691037483913e-6
9231 1.6654691037483913e-6
9232 1.665555621433095e-6
9233 1.665678988495765e-6
9234 1.665678988495765e-6
9235 1.665678988495765e-6
9236 1.665678988495765e-6
9237 1.665940142846404e-6
9238 1.665940142846404e-6
9239 1.665940142846404e-6
9240 1.66734204617529e-6
9241 1.6677906561206354e-6
9242 1.6679700997320645e-6
9243 1.66986227055212e-6
9244 1.6706825835931854e-6
9245 1.6706825835931854e-6
9246 1.6706825835931854e-6
9247 1.6706825835931854e-6
9248 1.6706825835931854e-6
9249 1.6706825835931854e-6
9250 1.6706825835931854e-6
9251 1.6706825835931854e-6
9252 1.6709581581691237e-6
9253 1.671011030291281e-6
9254 1.671011030291281e-6
9255 1.6714900807613893e-6
9256 1.6713298630983892e-6
9257 1.6713298630983892e-6
9258 1.6713298630983892e-6
9259 1.6713298630983892e-6
9260 1.6713298630983892e-6
9261 1.6713298630983892e-6
9262 1.6718025059376575e-6
9263 1.6718025059376575e-6
9264 1.6723312234921392e-6
9265 1.6741272633476855e-6
9266 1.6748434364968738e-6
9267 1.6753080679640465e-6
9268 1.6753080679640465e-6
9269 1.6753080679640465e-6
9270 1.6753080679640465e-6
9271 1.6753080679640465e-6
9272 1.6753080679640465e-6
9273 1.6753080679640465e-6
9274 1.6753080679640465e-6
9275 1.6753080679640465e-6
9276 1.6758015386594539e-6
9277 1.6756989994529229e-6
9278 1.675945733578263e-6
9279 1.67608512216276e-6
9280 1.67608512216276e-6
9281 1.67608512216276e-6
9282 1.67608512216276e-6
9283 1.6771826129098373e-6
9284 1.6771826129098373e-6
9285 1.6771826129098373e-6
9286 1.6771826129098373e-6
9287 1.6771826129098373e-6
9288 1.6771826129098373e-6
9289 1.6772450977006182e-6
9290 1.6775286824262883e-6
9291 1.6773428305728375e-6
9292 1.677273936928853e-6
9293 1.677416530551134e-6
9294 1.677416530551134e-6
9295 1.677416530551134e-6
9296 1.6780141417496002e-6
9297 1.6780141417496002e-6
9298 1.6780141417496002e-6
9299 1.6780141417496002e-6
9300 1.6783698251570384e-6
9301 1.6783698251570384e-6
9302 1.678839262958523e-6
9303 1.678839262958523e-6
9304 1.678839262958523e-6
9305 1.6791612995810511e-6
9306 1.6791612995810511e-6
9307 1.6800264752057238e-6
9308 1.6798870853988628e-6
9309 1.679624328529332e-6
9310 1.679624328529332e-6
9311 1.679624328529332e-6
9312 1.679624328529332e-6
9313 1.679624328529332e-6
9314 1.679624328529332e-6
9315 1.679624328529332e-6
9316 1.6807811002517703e-6
9317 1.6809845761459402e-6
9318 1.68086761671411e-6
9319 1.68086761671411e-6
9320 1.68086761671411e-6
9321 1.681409151974999e-6
9322 1.682410512979931e-6
9323 1.6839277738329372e-6
9324 1.6836313714008599e-6
9325 1.6835929188928197e-6
9326 1.6836762321509216e-6
9327 1.68571420101986e-6
9328 1.68571420101986e-6
9329 1.68571420101986e-6
9330 1.68571420101986e-6
9331 1.68571420101986e-6
9332 1.68571420101986e-6
9333 1.68571420101986e-6
9334 1.686334243815721e-6
9335 1.68699434041615e-6
9336 1.6888624783422827e-6
9337 1.6886381739807918e-6
9338 1.6892646244074926e-6
9339 1.6892646244074926e-6
9340 1.6892646244074926e-6
9341 1.6892646244074926e-6
9342 1.6891012023178908e-6
9343 1.6891012023178908e-6
9344 1.6891012023178908e-6
9345 1.6891012023178908e-6
9346 1.6891012023178908e-6
9347 1.689818977985971e-6
9348 1.689818977985971e-6
9349 1.6903236638688937e-6
9350 1.6903861486596746e-6
9351 1.690658518197829e-6
9352 1.6907995105235819e-6
9353 1.69052233281757e-6
9354 1.6907482403091347e-6
9355 1.690805918154422e-6
9356 1.6929143825750547e-6
9357 1.6930762027569466e-6
9358 1.6930185243004775e-6
9359 1.6929159850939465e-6
9360 1.693204377376292e-6
9361 1.6932716697237486e-6
9362 1.6933101216206068e-6
9363 1.6939333682318877e-6
9364 1.6943947952724586e-6
9365 1.6941817060984832e-6
9366 1.6961219414840205e-6
9367 1.696847727913014e-6
9368 1.696847727913014e-6
9369 1.696847727913014e-6
9370 1.696847727913014e-6
9371 1.696847727913014e-6
9372 1.6971841847608412e-6
9373 1.6971841847608412e-6
9374 1.698147093257733e-6
9375 1.6985123893337948e-6
9376 1.6990779574886067e-6
9377 1.7002539557706558e-6
9378 1.7010310105805512e-6
9379 1.7013898990257731e-6
9380 1.7013898990257731e-6
9381 1.7013898990257731e-6
9382 1.7013898990257731e-6
9383 1.7013898990257731e-6
9384 1.7013898990257731e-6
9385 1.7013898990257731e-6
9386 1.7018705532371368e-6
9387 1.7020548037940595e-6
9388 1.701909005133995e-6
9389 1.701909005133995e-6
9390 1.701909005133995e-6
9391 1.701909005133995e-6
9392 1.701909005133995e-6
9393 1.701909005133995e-6
9394 1.701909005133995e-6
9395 1.701909005133995e-6
9396 1.701909005133995e-6
9397 1.701909005133995e-6
9398 1.701909005133995e-6
9399 1.7024024758294024e-6
9400 1.702532251745276e-6
9401 1.702330377147634e-6
9402 1.702905559193433e-6
9403 1.7025755099764458e-6
9404 1.7025755099764458e-6
9405 1.7025755099764458e-6
9406 1.7025755099764458e-6
9407 1.702894342783554e-6
9408 1.7036649899626096e-6
9409 1.707076024765745e-6
9410 1.707076024765745e-6
9411 1.707076024765745e-6
9412 1.707076024765745e-6
9413 1.7073788348286623e-6
9414 1.7074893854072887e-6
9415 1.7075198271544152e-6
9416 1.7080405339479834e-6
9417 1.7081655041407271e-6
9418 1.70850997236065e-6
9419 1.7107754500176808e-6
9420 1.7107754500176808e-6
9421 1.7107754500176808e-6
9422 1.7107754500176808e-6
9423 1.7107754500176808e-6
9424 1.7113954928135419e-6
9425 1.7113954928135419e-6
9426 1.7122350342477638e-6
9427 1.7129464004514583e-6
9428 1.7137042299241066e-6
9429 1.714997186415622e-6
9430 1.7153720957714893e-6
9431 1.7153720957714893e-6
9432 1.7153720957714893e-6
9433 1.7153720957714893e-6
9434 1.7153720957714893e-6
9435 1.7153720957714893e-6
9436 1.7153720957714893e-6
9437 1.7153720957714893e-6
9438 1.7153720957714893e-6
9439 1.7153720957714893e-6
9440 1.7153720957714893e-6
9441 1.7153720957714893e-6
9442 1.7153720957714893e-6
9443 1.7153720957714893e-6
9444 1.7153720957714893e-6
9445 1.7153720957714893e-6
9446 1.7153720957714893e-6
9447 1.7158879956195637e-6
9448 1.7158879956195637e-6
9449 1.7158879956195637e-6
9450 1.7158879956195637e-6
9451 1.7158879956195637e-6
9452 1.7158879956195637e-6
9453 1.7167323421657337e-6
9454 1.7168108484783417e-6
9455 1.7168108484783417e-6
9456 1.71748536530407e-6
9457 1.71748536530407e-6
9458 1.7178602752711193e-6
9459 1.718305680178681e-6
9460 1.7183681649694619e-6
9461 1.7198549846865236e-6
9462 1.7210758437186345e-6
9463 1.7210758437186345e-6
9464 1.7210758437186345e-6
9465 1.7210758437186345e-6
9466 1.7210758437186345e-6
9467 1.7210758437186345e-6
9468 1.7210758437186345e-6
9469 1.7210758437186345e-6
9470 1.7210758437186345e-6
9471 1.720765021061258e-6
9472 1.720765021061258e-6
9473 1.7203372401944153e-6
9474 1.7203372401944153e-6
9475 1.7203372401944153e-6
9476 1.7203372401944153e-6
9477 1.7203372401944153e-6
9478 1.7203372401944153e-6
9479 1.7203372401944153e-6
9480 1.7203372401944153e-6
9481 1.7203372401944153e-6
9482 1.7203372401944153e-6
9483 1.7203372401944153e-6
9484 1.7203372401944153e-6
9485 1.721723123223838e-6
9486 1.7218128447239616e-6
9487 1.7232980625333134e-6
9488 1.7251629960328444e-6
9489 1.7251629960328444e-6
9490 1.7251629960328444e-6
9491 1.7251629960328444e-6
9492 1.7251629960328444e-6
9493 1.7251629960328444e-6
9494 1.7251629960328444e-6
9495 1.7262284425139033e-6
9496 1.7264399297801688e-6
9497 1.7262957336389961e-6
9498 1.7262076146577645e-6
9499 1.7262076146577645e-6
9500 1.7262076146577645e-6
9501 1.7266065575187364e-6
9502 1.7266065575187364e-6
9503 1.7267299245814064e-6
9504 1.7267299245814064e-6
9505 1.7267299245814064e-6
9506 1.7267299245814064e-6
9507 1.7267299245814064e-6
9508 1.7270856079888446e-6
9509 1.7272121800892983e-6
9510 1.7272089762738785e-6
9511 1.7272089762738785e-6
9512 1.727540626787394e-6
9513 1.727540626787394e-6
9514 1.7288351857978012e-6
9515 1.7307593996615111e-6
9516 1.7313602158977612e-6
9517 1.7313602158977612e-6
9518 1.7313602158977612e-6
9519 1.7313602158977612e-6
9520 1.7313602158977612e-6
9521 1.7313602158977612e-6
9522 1.7313602158977612e-6
9523 1.7313602158977612e-6
9524 1.7313602158977612e-6
9525 1.7313602158977612e-6
9526 1.7313602158977612e-6
9527 1.7313602158977612e-6
9528 1.7313602158977612e-6
9529 1.7313602158977612e-6
9530 1.7313602158977612e-6
9531 1.7313602158977612e-6
9532 1.7313602158977612e-6
9533 1.7313602158977612e-6
9534 1.7313602158977612e-6
9535 1.7313602158977612e-6
9536 1.7313602158977612e-6
9537 1.7313602158977612e-6
9538 1.7313602158977612e-6
9539 1.7313602158977612e-6
9540 1.7313602158977612e-6
9541 1.7313602158977612e-6
9542 1.7313602158977612e-6
9543 1.7313602158977612e-6
9544 1.7313602158977612e-6
9545 1.7313602158977612e-6
9546 1.7313602158977612e-6
9547 1.7313602158977612e-6
9548 1.7313602158977612e-6
9549 1.7313602158977612e-6
9550 1.7313602158977612e-6
9551 1.7313602158977612e-6
9552 1.7313602158977612e-6
9553 1.7318344600335575e-6
9554 1.7319786561747302e-6
9555 1.7317303183081346e-6
9556 1.7317303183081346e-6
9557 1.7320811953812612e-6
9558 1.732042743484403e-6
9559 1.732042743484403e-6
9560 1.7322974889818384e-6
9561 1.7326323445331375e-6
9562 1.7323743939979184e-6
9563 1.732784550824042e-6
9564 1.732784550824042e-6
9565 1.732784550824042e-6
9566 1.732784550824042e-6
9567 1.733064931734292e-6
9568 1.7330585228810882e-6
9569 1.7330585228810882e-6
9570 1.7335071328264338e-6
9571 1.7341560136281656e-6
9572 1.7341784452255603e-6
9573 1.7358399016085576e-6
9574 1.7363013286491285e-6
9575 1.7367066797521223e-6
9576 1.7367066797521223e-6
9577 1.7367066797521223e-6
9578 1.7367066797521223e-6
9579 1.7367066797521223e-6
9580 1.7367066797521223e-6
9581 1.7367066797521223e-6
9582 1.7367066797521223e-6
9583 1.7367066797521223e-6
9584 1.7367066797521223e-6
9585 1.7367066797521223e-6
9586 1.7367066797521223e-6
9587 1.7367066797521223e-6
9588 1.7367066797521223e-6
9589 1.7367066797521223e-6
9590 1.7367066797521223e-6
9591 1.7367066797521223e-6
9592 1.7367066797521223e-6
9593 1.7367066797521223e-6
9594 1.7367066797521223e-6
9595 1.7367066797521223e-6
9596 1.7367066797521223e-6
9597 1.7367066797521223e-6
9598 1.7367066797521223e-6
9599 1.7367066797521223e-6
9600 1.7367066797521223e-6
9601 1.7367066797521223e-6
9602 1.7367066797521223e-6
9603 1.7367066797521223e-6
9604 1.7367066797521223e-6
9605 1.7367066797521223e-6
9606 1.7367066797521223e-6
9607 1.7367066797521223e-6
9608 1.7367066797521223e-6
9609 1.7371825251844468e-6
9610 1.737619919942277e-6
9611 1.7396755128519342e-6
9612 1.7397988799146043e-6
9613 1.7398693760774806e-6
9614 1.739843741275848e-6
9615 1.739521703430956e-6
9616 1.7401161114251842e-6
9617 1.7401161114251842e-6
9618 1.7401161114251842e-6
9619 1.7401161114251842e-6
9620 1.7401161114251842e-6
9621 1.7401161114251842e-6
9622 1.7401161114251842e-6
9623 1.7401161114251842e-6
9624 1.7401161114251842e-6
9625 1.7401161114251842e-6
9626 1.7401161114251842e-6
9627 1.7401161114251842e-6
9628 1.7401161114251842e-6
9629 1.7401161114251842e-6
9630 1.7401161114251842e-6
9631 1.7401161114251842e-6
9632 1.7401161114251842e-6
9633 1.7401161114251842e-6
9634 1.7401161114251842e-6
9635 1.7401161114251842e-6
9636 1.7401161114251842e-6
9637 1.7401161114251842e-6
9638 1.7401161114251842e-6
9639 1.7401161114251842e-6
9640 1.7401161114251842e-6
9641 1.7406063783051715e-6
9642 1.7404061062264215e-6
9643 1.7404061062264215e-6
9644 1.7409252111122795e-6
9645 1.7413738210576251e-6
9646 1.7421845226524305e-6
9647 1.7435111240953105e-6
9648 1.744520495861156e-6
9649 1.744520495861156e-6
9650 1.744520495861156e-6
9651 1.744520495861156e-6
9652 1.744520495861156e-6
9653 1.744520495861156e-6
9654 1.744520495861156e-6
9655 1.744520495861156e-6
9656 1.744520495861156e-6
9657 1.744520495861156e-6
9658 1.744520495861156e-6
9659 1.744520495861156e-6
9660 1.744520495861156e-6
9661 1.745366444926218e-6
9662 1.745366444926218e-6
9663 1.745366444926218e-6
9664 1.745366444926218e-6
9665 1.745366444926218e-6
9666 1.745366444926218e-6
9667 1.745366444926218e-6
9668 1.745366444926218e-6
9669 1.745366444926218e-6
9670 1.745366444926218e-6
9671 1.745366444926218e-6
9672 1.745366444926218e-6
9673 1.745366444926218e-6
9674 1.745366444926218e-6
9675 1.745366444926218e-6
9676 1.7463005129725114e-6
9677 1.7482022970723724e-6
9678 1.7484474299011842e-6
9679 1.749450392813826e-6
9680 1.749450392813826e-6
9681 1.749450392813826e-6
9682 1.749450392813826e-6
9683 1.749450392813826e-6
9684 1.749450392813826e-6
9685 1.749450392813826e-6
9686 1.749450392813826e-6
9687 1.749450392813826e-6
9688 1.7499887242592951e-6
9689 1.7499775090717797e-6
9690 1.749730773724076e-6
9691 1.7512159915334278e-6
9692 1.7527604897069588e-6
9693 1.7540101873561224e-6
9694 1.7540101873561224e-6
9695 1.7540101873561224e-6
9696 1.7540101873561224e-6
9697 1.7540101873561224e-6
9698 1.7540101873561224e-6
9699 1.7540101873561224e-6
9700 1.7540101873561224e-6
9701 1.7540101873561224e-6
9702 1.7540101873561224e-6
9703 1.7540101873561224e-6
9704 1.7540101873561224e-6
9705 1.7540101873561224e-6
9706 1.7540101873561224e-6
9707 1.7540101873561224e-6
9708 1.7540101873561224e-6
9709 1.7540101873561224e-6
9710 1.7540101873561224e-6
9711 1.7533949515057551e-6
9712 1.7533949515057551e-6
9713 1.7541479752552734e-6
9714 1.7543626663369588e-6
9715 1.7544555928748662e-6
9716 1.7544892384374125e-6
9717 1.7550147521764743e-6
9718 1.756785157230388e-6
9719 1.7573411127165763e-6
9720 1.7573411127165763e-6
9721 1.7573411127165763e-6
9722 1.7573411127165763e-6
9723 1.7573411127165763e-6
9724 1.7573411127165763e-6
9725 1.7573411127165763e-6
9726 1.7573411127165763e-6
9727 1.7573411127165763e-6
9728 1.75782176692794e-6
9729 1.75782176692794e-6
9730 1.758600424867909e-6
9731 1.758600424867909e-6
9732 1.7588695893682797e-6
9733 1.7588695893682797e-6
9734 1.7595376967296223e-6
9735 1.7596129992268105e-6
9736 1.7596947105772025e-6
9737 1.7600535984112425e-6
9738 1.759766808036607e-6
9739 1.7597523890336715e-6
9740 1.759662667533548e-6
9741 1.7599975218624833e-6
9742 1.7600407800936533e-6
9743 1.760188180661428e-6
9744 1.7614587067779124e-6
9745 1.762344710869906e-6
9746 1.7620050489842952e-6
9747 1.7628141486713907e-6
9748 1.763070496076536e-6
9749 1.763068894780008e-6
9750 1.763068894780008e-6
9751 1.7636761198694616e-6
9752 1.7636761198694616e-6
9753 1.7636761198694616e-6
9754 1.7640574374673507e-6
9755 1.7640574374673507e-6
9756 1.7640574374673507e-6
9757 1.7640574374673507e-6
9758 1.7647063182690825e-6
9759 1.7647063182690825e-6
9760 1.7654641471305489e-6
9761 1.7656868495843298e-6
9762 1.7655746977091753e-6
9763 1.7655746977091753e-6
9764 1.7655746977091753e-6
9765 1.7660986089293452e-6
9766 1.7660569532170672e-6
9767 1.7664863366028017e-6
9768 1.766701028295669e-6
9769 1.768703749083169e-6
9770 1.7696890873439099e-6
9771 1.7696890873439099e-6
9772 1.7696890873439099e-6
9773 1.7696890873439099e-6
9774 1.7696890873439099e-6
9775 1.7696890873439099e-6
9776 1.7696890873439099e-6
9777 1.7696890873439099e-6
9778 1.7705045946618453e-6
9779 1.7703700124116598e-6
9780 1.7703700124116598e-6
9781 1.7703700124116598e-6
9782 1.7703700124116598e-6
9783 1.7703700124116598e-6
9784 1.7703700124116598e-6
9785 1.7703700124116598e-6
9786 1.7705382402243916e-6
9787 1.7705382402243916e-6
9788 1.7705382402243916e-6
9789 1.770925967897848e-6
9790 1.7709355805664717e-6
9791 1.7711422614984253e-6
9792 1.7723983680007926e-6
9793 1.7741992148018325e-6
9794 1.7756555933829497e-6
9795 1.776974184676098e-6
9796 1.7783760892273478e-6
9797 1.7783760892273478e-6
9798 1.7783760892273478e-6
9799 1.7783760892273478e-6
9800 1.7783760892273478e-6
9801 1.7783760892273478e-6
9802 1.7783760892273478e-6
9803 1.7783760892273478e-6
9804 1.7783760892273478e-6
9805 1.7783760892273478e-6
9806 1.7783760892273478e-6
9807 1.7783760892273478e-6
9808 1.7795472799527214e-6
9809 1.7816493361313323e-6
9810 1.7818720385851132e-6
9811 1.7819857929791597e-6
9812 1.7823911434709715e-6
9813 1.782242140995487e-6
9814 1.782242140995487e-6
9815 1.782242140995487e-6
9816 1.782242140995487e-6
9817 1.782242140995487e-6
9818 1.782242140995487e-6
9819 1.782242140995487e-6
9820 1.782242140995487e-6
9821 1.782242140995487e-6
9822 1.782242140995487e-6
9823 1.782242140995487e-6
9824 1.782242140995487e-6
9825 1.782242140995487e-6
9826 1.782242140995487e-6
9827 1.782242140995487e-6
9828 1.782242140995487e-6
9829 1.782242140995487e-6
9830 1.782242140995487e-6
9831 1.782242140995487e-6
9832 1.782242140995487e-6
9833 1.782242140995487e-6
9834 1.782242140995487e-6
9835 1.782242140995487e-6
9836 1.782242140995487e-6
9837 1.782242140995487e-6
9838 1.782242140995487e-6
9839 1.782242140995487e-6
9840 1.782242140995487e-6
9841 1.782242140995487e-6
9842 1.7825834053999899e-6
9843 1.7826635130091261e-6
9844 1.7832338881094316e-6
9845 1.7832338881094316e-6
9846 1.7832338881094316e-6
9847 1.7841759687501843e-6
9848 1.7844114882991906e-6
9849 1.7859079212960579e-6
9850 1.7871608233718234e-6
9851 1.7871608233718234e-6
9852 1.7873835258256044e-6
9853 1.7877247890077434e-6
9854 1.7878465547738853e-6
9855 1.7878465547738853e-6
9856 1.7878465547738853e-6
9857 1.7878465547738853e-6
9858 1.7878465547738853e-6
9859 1.7878465547738853e-6
9860 1.7878465547738853e-6
9861 1.7888415063144317e-6
9862 1.7885451038823544e-6
9863 1.7886428367545734e-6
9864 1.7887165367328698e-6
9865 1.7890241549636445e-6
9866 1.7890241549636445e-6
9867 1.7890241549636445e-6
9868 1.7899886647570645e-6
9869 1.7899886647570645e-6
9870 1.790498156974299e-6
9871 1.790498156974299e-6
9872 1.7906808050123298e-6
9873 1.7905686531371752e-6
9874 1.7905686531371752e-6
9875 1.7905686531371752e-6
9876 1.791531561634067e-6
9877 1.792050667131107e-6
9878 1.7936880912313632e-6
9879 1.7959247296601595e-6
9880 1.796115389070286e-6
9881 1.7960000321573478e-6
9882 1.7960000321573478e-6
9883 1.7961410244831006e-6
9884 1.7961586485238198e-6
9885 1.795737275287817e-6
9886 1.7959359460700388e-6
9887 1.7960240650512705e-6
9888 1.7960240650512705e-6
9889 1.7960240650512705e-6
9890 1.7960240650512705e-6
9891 1.7960240650512705e-6
9892 1.7968139387899368e-6
9893 1.7968139387899368e-6
9894 1.797454809441937e-6
9895 1.797454809441937e-6
9896 1.7975317132356531e-6
9897 1.7983055654524924e-6
9898 1.7987589817321497e-6
9899 1.8004909342780232e-6
9900 1.8013096466337423e-6
9901 1.801575608541057e-6
9902 1.801575608541057e-6
9903 1.801575608541057e-6
9904 1.8019024527202606e-6
9905 1.8019024527202606e-6
9906 1.8019024527202606e-6
9907 1.8019024527202606e-6
9908 1.8032803255999516e-6
9909 1.8036520299180352e-6
9910 1.8034645755456924e-6
9911 1.8030992788584487e-6
9912 1.8030432029208715e-6
9913 1.8032258509589024e-6
9914 1.803171377540217e-6
9915 1.8030191700269488e-6
9916 1.8034629736379825e-6
9917 1.8034629736379825e-6
9918 1.803951637999078e-6
9919 1.803951637999078e-6
9920 1.803951637999078e-6
9921 1.803951637999078e-6
9922 1.804312127740828e-6
9923 1.804312127740828e-6
9924 1.8050683553057662e-6
9925 1.8050683553057662e-6
9926 1.8050683553057662e-6
9927 1.8050683553057662e-6
9928 1.8050683553057662e-6
9929 1.8050683553057662e-6
9930 1.8050683553057662e-6
9931 1.8053551462915835e-6
9932 1.8053919956695499e-6
9933 1.805770109452019e-6
9934 1.805770109452019e-6
9935 1.8067057800172043e-6
9936 1.806692962921979e-6
9937 1.8080163605494389e-6
9938 1.8098460465787134e-6
9939 1.8103507312392724e-6
9940 1.8103507312392724e-6
9941 1.8104885185272415e-6
9942 1.8105846488805688e-6
9943 1.8108458032312077e-6
9944 1.8106118855899113e-6
9945 1.8105910577337723e-6
9946 1.8110701082038805e-6
9947 1.8123053868501088e-6
9948 1.8123582583610842e-6
9949 1.8124383671925841e-6
9950 1.812601789282186e-6
9951 1.8129975264941922e-6
9952 1.8143866133390349e-6
9953 1.8148736764036023e-6
9954 1.8168347402564605e-6
9955 1.8178425095034143e-6
9956 1.8178425095034143e-6
9957 1.8178425095034143e-6
9958 1.8187012774972472e-6
9959 1.8192155760487936e-6
9960 1.8207120090456608e-6
9961 1.8218062953661363e-6
9962 1.8218062953661363e-6
9963 1.8218062953661363e-6
9964 1.8218062953661363e-6
9965 1.8218062953661363e-6
9966 1.8218062953661363e-6
9967 1.8218062953661363e-6
9968 1.8218062953661363e-6
9969 1.8218062953661363e-6
9970 1.8218062953661363e-6
9971 1.8218062953661363e-6
9972 1.8218062953661363e-6
9973 1.8218062953661363e-6
9974 1.8218062953661363e-6
9975 1.8218062953661363e-6
9976 1.8218062953661363e-6
9977 1.8218062953661363e-6
9978 1.8218062953661363e-6
9979 1.8218062953661363e-6
9980 1.8218062953661363e-6
9981 1.8218062953661363e-6
9982 1.8218062953661363e-6
9983 1.8220578370481516e-6
9984 1.822453573648976e-6
9985 1.8232434467764607e-6
9986 1.8234965909773681e-6
9987 1.823440515039791e-6
9988 1.8232274252546336e-6
9989 1.8235029998305719e-6
9990 1.822916603819621e-6
9991 1.822916603819621e-6
9992 1.822916603819621e-6
9993 1.8232130062516983e-6
9994 1.8235815073655438e-6
9995 1.8235815073655438e-6
9996 1.8235815073655438e-6
9997 1.8238122211914201e-6
9998 1.8238122211914201e-6
9999 1.8251260061502564e-6
10000 1.8265439316121518e-6
10001 1.82738026800859e-6
