1 0
2 0
3 0
4 0
5 0
6 0
7 0
8 0
9 0
10 0
11 0
12 0
13 0
14 0
15 4.181675870372199e-10
16 3.82919505599018e-10
17 3.82919505599018e-10
18 3.82919505599018e-10
19 1.1631793532780912e-9
20 1.1631793532780912e-9
21 1.1631793532780912e-9
22 2.505803540349018e-9
23 2.800604064716293e-9
24 3.058554599935394e-9
25 2.9624242466081466e-9
26 2.313542222512642e-9
27 2.643590217136238e-9
28 2.808614825629917e-9
29 2.808614825629917e-9
30 2.808614825629917e-9
31 2.808614825629917e-9
32 4.059914993685393e-9
33 4.059914993685393e-9
34 4.697581830265448e-9
35 4.838572933654494e-9
36 4.947520382207164e-9
37 5.016414637373595e-9
38 4.945918474497191e-9
39 5.2279019036390445e-9
40 4.936305194691714e-9
41 4.281014928574439e-9
42 4.281014928574439e-9
43 4.281014928574439e-9
44 4.281014928574439e-9
45 4.281014928574439e-9
46 4.615869868691714e-9
47 4.710398314308989e-9
48 4.910670393058989e-9
49 4.471673727518961e-9
50 4.700785034503512e-9
51 4.8994552055435395e-9
52 4.720011594114467e-9
53 5.021220360503512e-9
54 5.01961845279354e-9
55 5.074091871478934e-9
56 4.9138742084789344e-9
57 4.9138742084789344e-9
58 4.9138742084789344e-9
59 5.879985909608852e-9
60 5.998547860330761e-9
61 5.859158664651687e-9
62 5.859158664651687e-9
63 6.602568523182586e-9
64 6.719527955012642e-9
65 6.719527955012642e-9
66 6.940628501083568e-9
67 7.273881533490871e-9
68 7.839449077120787e-9
69 7.509401082497191e-9
70 7.579897245373594e-9
71 7.466142240145364e-9
72 7.0575873217317405e-9
73 7.012726571669943e-9
74 7.012726571669943e-9
75 7.012726571669943e-9
76 8.204746375546346e-9
77 8.204746375546346e-9
78 8.204746375546346e-9
79 9.226935236617272e-9
80 1.0023217217305473e-8
81 9.851783755608143e-9
82 9.440024410592693e-9
83 9.22693523661727e-9
84 1.0369286733756316e-8
85 1.2080411423490866e-8
86 1.2080411423490866e-8
87 1.2080411423490866e-8
88 1.2080411423490866e-8
89 1.2080411423490866e-8
90 1.2080411423490866e-8
91 1.2080411423490866e-8
92 1.2080411423490866e-8
93 1.2080411423490866e-8
94 1.2080411423490866e-8
95 1.2434492923219094e-8
96 1.2863875697771764e-8
97 1.2793380757259123e-8
98 1.3168289501944517e-8
99 1.350154253435182e-8
100 1.5214269742978225e-8
101 1.5621221531318114e-8
102 1.5621221531318114e-8
103 1.5621221531318114e-8
104 1.5621221531318114e-8
105 1.5621221531318114e-8
106 1.5621221531318114e-8
107 1.5621221531318114e-8
108 1.5621221531318114e-8
109 1.5621221531318114e-8
110 1.5621221531318114e-8
111 1.5621221531318114e-8
112 1.5621221531318114e-8
113 1.5621221531318114e-8
114 1.5621221531318114e-8
115 1.666584137860182e-8
116 1.6978265332506317e-8
117 1.718334496793188e-8
118 1.6952631142055473e-8
119 1.695743747636727e-8
120 1.6976663424796346e-8
121 1.6951029234345502e-8
122 1.74412948919691e-8
123 1.7404444291639043e-8
124 1.730991584602177e-8
125 1.711605262047542e-8
126 1.677318630826264e-8
127 1.7101633617540026e-8
128 1.732753988674087e-8
129 1.7249033574132724e-8
130 1.7184945653278092e-8
131 1.6595344604543542e-8
132 1.6755563489907304e-8
133 1.7513392962555478e-8
134 1.7529413873200846e-8
135 1.7186548783351828e-8
136 1.7335551258836377e-8
137 1.7391627196413624e-8
138 1.712085895478722e-8
139 1.7133677272376404e-8
140 1.6593742696833568e-8
141 1.6593742696833568e-8
142 1.7034341270083567e-8
143 1.7479746177645365e-8
144 1.712246025131531e-8
145 1.6975060294722613e-8
146 1.7583887903068118e-8
147 1.765918978907444e-8
148 1.7918742843185393e-8
149 1.6959038772895365e-8
150 1.6765175547349016e-8
151 1.6970254571592696e-8
152 1.7051965310802668e-8
153 1.7055169737404494e-8
154 1.695102862316362e-8
155 1.696865144151896e-8
156 1.6941415343358145e-8
157 1.7055169737404494e-8
158 1.704075012328722e-8
159 1.704075012328722e-8
160 1.7742503658358147e-8
161 1.813984277807444e-8
162 1.813984277807444e-8
163 1.8541988843284414e-8
164 1.8944136130858148e-8
165 1.9078718381043543e-8
166 1.9014631682552672e-8
167 1.9049879763990872e-8
168 1.9014631682552672e-8
169 1.8511549540885534e-8
170 1.932865937771278e-8
171 1.9682739043895366e-8
172 2.148839401279283e-8
173 2.210523054850632e-8
174 2.210523054850632e-8
175 2.210523054850632e-8
176 2.210523054850632e-8
177 2.210523054850632e-8
178 2.210523054850632e-8
179 2.210523054850632e-8
180 2.210523054850632e-8
181 2.210523054850632e-8
182 2.3186699162574436e-8
183 2.3260399752052664e-8
184 2.3302056686694518e-8
185 2.3225152281796344e-8
186 2.3249185175719097e-8
187 2.3470285110608142e-8
188 2.343984397466362e-8
189 2.3771493876997188e-8
190 2.5376875544780893e-8
191 2.5647643786407296e-8
192 2.5647643786407296e-8
193 2.5647643786407296e-8
194 2.5647643786407296e-8
195 2.5647643786407296e-8
196 2.5647643786407296e-8
197 2.5647643786407296e-8
198 2.5647643786407296e-8
199 2.5647643786407296e-8
200 2.5647643786407296e-8
201 2.5647643786407296e-8
202 2.5647643786407296e-8
203 2.5647643786407296e-8
204 2.5647643786407296e-8
205 2.6716295916431876e-8
206 2.6716295916431876e-8
207 2.6716295916431876e-8
208 2.6716295916431876e-8
209 2.73828013700646e-8
210 2.7940358763962774e-8
211 2.8018865687752803e-8
212 2.809256627723103e-8
213 2.802847896755828e-8
214 2.79611872312837e-8
215 2.8018865687752803e-8
216 2.7911520146910107e-8
217 2.736998427483918e-8
218 2.771284997587008e-8
219 2.7321919098175558e-8
220 2.7321919098175558e-8
221 2.7321919098175558e-8
222 2.7321919098175558e-8
223 2.796919860337921e-8
224 2.7996435312721905e-8
225 2.846266868760463e-8
226 2.832007506532373e-8
227 2.849310982354915e-8
228 2.7893895495009126e-8
229 2.8449850981197327e-8
230 2.8903266649672748e-8
231 2.888243818235182e-8
232 3.025710602425912e-8
233 3.1497190393617265e-8
234 3.1497190393617265e-8
235 3.1497190393617265e-8
236 3.1497190393617265e-8
237 3.1497190393617265e-8
238 3.1497190393617265e-8
239 3.1497190393617265e-8
240 3.1497190393617265e-8
241 3.1497190393617265e-8
242 3.1497190393617265e-8
243 3.1497190393617265e-8
244 3.1497190393617265e-8
245 3.1497190393617265e-8
246 3.1497190393617265e-8
247 3.1497190393617265e-8
248 3.1497190393617265e-8
249 3.1497190393617265e-8
250 3.1497190393617265e-8
251 3.1497190393617265e-8
252 3.1497190393617265e-8
253 3.1497190393617265e-8
254 3.1497190393617265e-8
255 3.1497190393617265e-8
256 3.1497190393617265e-8
257 3.1497190393617265e-8
258 3.167022637420645e-8
259 3.167022637420645e-8
260 3.167022637420645e-8
261 3.167022637420645e-8
262 3.167022637420645e-8
263 3.167022637420645e-8
264 3.167022637420645e-8
265 3.167022637420645e-8
266 3.2835009468740154e-8
267 3.281257909370925e-8
268 3.300964613467555e-8
269 3.2389603949996476e-8
270 3.2379990670190996e-8
271 3.215087997438833e-8
272 3.215087997438833e-8
273 3.215087997438833e-8
274 3.215087997438833e-8
275 3.215087997438833e-8
276 3.215087997438833e-8
277 3.215087997438833e-8
278 3.215087997438833e-8
279 3.215087997438833e-8
280 3.215087997438833e-8
281 3.215087997438833e-8
282 3.215087997438833e-8
283 3.309936885716291e-8
284 3.309936885716291e-8
285 3.309936885716291e-8
286 3.309936885716291e-8
287 3.309936885716291e-8
288 3.369217433249929e-8
289 3.3769078737397464e-8
290 3.3769078737397464e-8
291 3.433144307678932e-8
292 3.4547736677366565e-8
293 3.4336249411101115e-8
294 3.395172738661024e-8
295 3.395172738661024e-8
296 3.451248920711024e-8
297 3.451248920711024e-8
298 3.492905488643749e-8
299 3.519822060917204e-8
300 3.6012126019397464e-8
301 3.589997414424297e-8
302 3.592240451927387e-8
303 3.6801999146882015e-8
304 3.690453896459479e-8
305 3.7148069885696615e-8
306 3.741723499724928e-8
307 3.751336596175841e-8
308 3.727784580157021e-8
309 3.771363804050841e-8
310 3.7761703217172034e-8
311 3.7545409616594786e-8
312 3.761270135286936e-8
313 3.8203904309313885e-8
314 3.814462394513481e-8
315 3.9509677896054755e-8
316 3.9165209676132004e-8
317 3.8964937597382005e-8
318 3.900178758653018e-8
319 3.958978672755475e-8
320 3.958978672755475e-8
321 3.958978672755475e-8
322 4.0256292181187475e-8
323 4.0807440110700116e-8
324 4.0416509844187475e-8
325 4.0913184355014725e-8
326 4.16614011590393e-8
327 4.17911770749129e-8
328 4.180719981910391e-8
329 4.174471441714113e-8
330 4.1872888425304757e-8
331 4.183924286275841e-8
332 4.171267076230476e-8
333 4.133295507212569e-8
334 4.098528303678299e-8
335 4.056711422738201e-8
336 4.0839484987900265e-8
337 4.0839484987900265e-8
338 4.0839484987900265e-8
339 4.0839484987900265e-8
340 4.1664605585641133e-8
341 4.1603722702570205e-8
342 4.1936975734977505e-8
343 4.1936975734977505e-8
344 4.1936975734977505e-8
345 4.1936975734977505e-8
346 4.2462490085221187e-8
347 4.234873507999296e-8
348 4.234873507999296e-8
349 4.2563426772860236e-8
350 4.2563426772860236e-8
351 4.3036069000946613e-8
352 4.350710932132302e-8
353 4.307452150898664e-8
354 4.307452150898664e-8
355 4.3109768979242964e-8
356 4.302645572114114e-8
357 4.302645572114114e-8
358 4.302645572114114e-8
359 4.302645572114114e-8
360 4.302645572114114e-8
361 4.302645572114114e-8
362 4.302645572114114e-8
363 4.3708983307782996e-8
364 4.3708983307782996e-8
365 4.3708983307782996e-8
366 4.3708983307782996e-8
367 4.3708983307782996e-8
368 4.3708983307782996e-8
369 4.3708983307782996e-8
370 4.3708983307782996e-8
371 4.3708983307782996e-8
372 4.3708983307782996e-8
373 4.3708983307782996e-8
374 4.3708983307782996e-8
375 4.3708983307782996e-8
376 4.3708983307782996e-8
377 4.3708983307782996e-8
378 4.3708983307782996e-8
379 4.3708983307782996e-8
380 4.3708983307782996e-8
381 4.3708983307782996e-8
382 4.3708983307782996e-8
383 4.3708983307782996e-8
384 4.3708983307782996e-8
385 4.3708983307782996e-8
386 4.3708983307782996e-8
387 4.466388104376122e-8
388 4.4050247712285805e-8
389 4.4050247712285805e-8
390 4.4050247712285805e-8
391 4.4050247712285805e-8
392 4.430659572861305e-8
393 4.4261734978551254e-8
394 4.4827303744544934e-8
395 4.502116697009128e-8
396 4.522304095655125e-8
397 4.5178180206489454e-8
398 4.521022386132583e-8
399 4.495067080721487e-8
400 4.490901387257302e-8
401 4.4673494323566696e-8
402 4.4462007057301246e-8
403 4.470073164409127e-8
404 4.4359467239588464e-8
405 4.4359467239588464e-8
406 4.4726365834542116e-8
407 4.4726365834542116e-8
408 4.509807198617133e-8
409 4.509807198617133e-8
410 4.5160556165770344e-8
411 4.5160556165770344e-8
412 4.5160556165770344e-8
413 4.568446799712217e-8
414 4.625644622750138e-8
415 4.6131476034757703e-8
416 4.596324761084408e-8
417 4.640865129604212e-8
418 4.6854057425967673e-8
419 4.767757611599857e-8
420 4.687168146668678e-8
421 4.7369957885224e-8
422 4.8111766447226804e-8
423 4.823994045539043e-8
424 4.833607141989956e-8
425 4.9800460150748575e-8
426 5.0438126987328634e-8
427 5.085789770443959e-8
428 5.1277667810368664e-8
429 5.112546090828229e-8
430 5.1441089288788607e-8
431 5.100209323443046e-8
432 5.1062975506319504e-8
433 5.122159126160953e-8
434 5.043652507961866e-8
435 5.043652507961866e-8
436 5.043652507961866e-8
437 5.043652507961866e-8
438 5.043652507961866e-8
439 5.043652507961866e-8
440 5.0668840813205036e-8
441 5.0668840813205036e-8
442 5.099888880782863e-8
443 5.099888880782863e-8
444 5.181599925583776e-8
445 5.192013975889675e-8
446 5.250012813900771e-8
447 5.261228062534409e-8
448 5.2528967367242264e-8
449 5.242162182639957e-8
450 5.237035222313412e-8
451 5.238316931835954e-8
452 5.243924586711867e-8
453 5.231748010097682e-8
454 5.2687582511350416e-8
455 5.2857413454155896e-8
456 5.233830856829775e-8
457 5.282536979931952e-8
458 5.270360525554143e-8
459 5.242803067960323e-8
460 5.226941553549508e-8
461 5.215405862255688e-8
462 5.2272619350915025e-8
463 5.175351446505688e-8
464 5.21893060928132e-8
465 5.171506195701685e-8
466 5.160931832388413e-8
467 5.160931832388413e-8
468 5.287984505155056e-8
469 5.267316411959691e-8
470 5.2477698375158706e-8
471 5.3232323421205057e-8
472 5.318265633683146e-8
473 5.300481463311236e-8
474 5.283498430148876e-8
475 5.291509252180688e-8
476 5.294873869553511e-8
477 5.3112160173955055e-8
478 5.336690628257233e-8
479 5.311376269284691e-8
480 5.309934307872963e-8
481 5.2899070999979634e-8
482 5.3181054429121485e-8
483 5.2916695651880615e-8
484 5.286862986403511e-8
485 5.25674198752823e-8
486 5.26555400788778e-8
487 5.2650733744566005e-8
488 5.25449895002514e-8
489 5.2639518557050555e-8
490 5.2439246478300556e-8
491 5.2477698375158706e-8
492 5.2615485663127805e-8
493 5.260266856790238e-8
494 5.255940972555056e-8
495 5.261708818201966e-8
496 5.261228184770786e-8
497 5.263951855705056e-8
498 5.246007433443961e-8
499 5.251294645659691e-8
500 5.2535376831627814e-8
501 5.3016029820627816e-8
502 5.279813370115871e-8
503 5.2770896991816014e-8
504 5.283658620919874e-8
505 5.2621894516331464e-8
506 5.2940727934621494e-8
507 5.303365386134691e-8
508 5.262670085064326e-8
509 5.262670085064326e-8
510 5.262670085064326e-8
511 5.262670085064326e-8
512 5.262670085064326e-8
513 5.262670085064326e-8
514 5.262670085064326e-8
515 5.262670085064326e-8
516 5.262670085064326e-8
517 5.262670085064326e-8
518 5.262670085064326e-8
519 5.262670085064326e-8
520 5.262670085064326e-8
521 5.262670085064326e-8
522 5.262670085064326e-8
523 5.262670085064326e-8
524 5.262670085064326e-8
525 5.262670085064326e-8
526 5.262670085064326e-8
527 5.262670085064326e-8
528 5.262670085064326e-8
529 5.262670085064326e-8
530 5.262670085064326e-8
531 5.262670085064326e-8
532 5.262670085064326e-8
533 5.262670085064326e-8
534 5.262670085064326e-8
535 5.262670085064326e-8
536 5.262670085064326e-8
537 5.262670085064326e-8
538 5.262670085064326e-8
539 5.262670085064326e-8
540 5.3097739948655907e-8
541 5.355916698922683e-8
542 5.411672499430689e-8
543 5.3868387127711383e-8
544 5.4201640160118684e-8
545 5.392606558418048e-8
546 5.391004345117135e-8
547 5.388440926072051e-8
548 5.431379264645506e-8
549 5.452848433932234e-8
550 5.4499644499905906e-8
551 5.426893128521138e-8
552 5.404622883143048e-8
553 5.3938883290587785e-8
554 5.389562444823596e-8
555 5.393087191849228e-8
556 5.4086283247180486e-8
557 5.432500783397051e-8
558 5.4001368081368685e-8
559 5.428014647272683e-8
560 5.410230538018961e-8
561 5.4235285722665036e-8
562 5.411191865999509e-8
563 5.459897989101686e-8
564 5.405103577692416e-8
565 5.4023798456399586e-8
566 5.3661706806939615e-8
567 5.332524934793049e-8
568 5.363446948641504e-8
569 5.383794660294875e-8
570 5.402219593750774e-8
571 5.3237129144334984e-8
572 5.347425182341504e-8
573 5.311055704388133e-8
574 5.319707533976686e-8
575 5.3216301899377815e-8
576 5.312978360349228e-8
577 5.312978360349228e-8
578 5.312978360349228e-8
579 5.312978360349228e-8
580 5.312978360349228e-8
581 5.312978360349228e-8
582 5.312978360349228e-8
583 5.312978360349228e-8
584 5.312978360349228e-8
585 5.356557584243048e-8
586 5.356557584243048e-8
587 5.356557584243048e-8
588 5.356557584243048e-8
589 5.356557584243048e-8
590 5.395170038581321e-8
591 5.395170038581321e-8
592 5.395170038581321e-8
593 5.395170038581321e-8
594 5.395170038581321e-8
595 5.395170038581321e-8
596 5.395170038581321e-8
597 5.395170038581321e-8
598 5.395170038581321e-8
599 5.395170038581321e-8
600 5.395170038581321e-8
601 5.395170038581321e-8
602 5.395170038581321e-8
603 5.395170038581321e-8
604 5.524145245072683e-8
605 5.5129300575572334e-8
606 5.501554557034411e-8
607 5.540647644803863e-8
608 5.532156128222683e-8
609 5.527990495876686e-8
610 5.506200822811588e-8
611 5.4937039257735966e-8
612 5.529913090719594e-8
613 5.491140445610324e-8
614 5.5116482869165035e-8
615 5.5078030972306885e-8
616 5.5078030972306885e-8
617 5.5358412493738765e-8
618 5.5358412493738765e-8
619 5.5358412493738765e-8
620 5.5358412493738765e-8
621 5.6763520860408706e-8
622 5.6822801835769664e-8
623 5.720892699033427e-8
624 5.705671947706601e-8
625 5.682921068897331e-8
626 5.682921068897331e-8
627 5.731306810457514e-8
628 5.731306810457514e-8
629 5.731306810457514e-8
630 5.731306810457514e-8
631 5.731306810457514e-8
632 5.731306810457514e-8
633 5.731306810457514e-8
634 5.731306810457514e-8
635 5.731306810457514e-8
636 5.731306810457514e-8
637 5.731306810457514e-8
638 5.731306810457514e-8
639 5.731306810457514e-8
640 5.731306810457514e-8
641 5.731306810457514e-8
642 5.731306810457514e-8
643 5.731306810457514e-8
644 5.731306810457514e-8
645 5.731306810457514e-8
646 5.731306810457514e-8
647 5.731306810457514e-8
648 5.731306810457514e-8
649 5.731306810457514e-8
650 5.731306810457514e-8
651 5.731306810457514e-8
652 5.731306810457514e-8
653 5.731306810457514e-8
654 5.731306810457514e-8
655 5.731306810457514e-8
656 5.731306810457514e-8
657 5.731306810457514e-8
658 5.731306810457514e-8
659 5.731306810457514e-8
660 5.791548624853511e-8
661 5.788664763148244e-8
662 5.7740848971417835e-8
663 5.7442844020448735e-8
664 5.737875671077598e-8
665 5.813979122120786e-8
666 5.797316470500421e-8
667 5.803725201467696e-8
668 5.804526277559059e-8
669 5.804526277559059e-8
670 5.8234319666825136e-8
671 5.8234319666825136e-8
672 5.8234319666825136e-8
673 5.8234319666825136e-8
674 5.8234319666825136e-8
675 5.8234319666825136e-8
676 5.8234319666825136e-8
677 5.8234319666825136e-8
678 5.8234319666825136e-8
679 5.8234319666825136e-8
680 5.8234319666825136e-8
681 5.8234319666825136e-8
682 5.8234319666825136e-8
683 5.8234319666825136e-8
684 5.8618842302497885e-8
685 5.867331694354704e-8
686 5.867331694354704e-8
687 5.867331694354704e-8
688 5.867331694354704e-8
689 5.867331694354704e-8
690 5.867331694354704e-8
691 5.867331694354704e-8
692 5.867331694354704e-8
693 5.867331694354704e-8
694 5.867331694354704e-8
695 5.867331694354704e-8
696 5.867331694354704e-8
697 5.867331694354704e-8
698 5.867331694354704e-8
699 5.867331694354704e-8
700 5.867331694354704e-8
701 5.867331694354704e-8
702 5.867331694354704e-8
703 5.867331694354704e-8
704 5.867331694354704e-8
705 5.867331694354704e-8
706 5.867331694354704e-8
707 5.867331694354704e-8
708 5.867331694354704e-8
709 5.867331694354704e-8
710 5.867331694354704e-8
711 5.867331694354704e-8
712 5.867331694354704e-8
713 5.867331694354704e-8
714 5.911391551679704e-8
715 5.911391551679704e-8
716 5.911391551679704e-8
717 5.911391551679704e-8
718 5.911391551679704e-8
719 5.911391551679704e-8
720 5.924208952496067e-8
721 5.924208952496067e-8
722 5.924208952496067e-8
723 6.015372841858708e-8
724 5.972754945945436e-8
725 5.992461711160254e-8
726 5.967147352187712e-8
727 5.967147352187712e-8
728 5.967147352187712e-8
729 5.967147352187712e-8
730 5.967147352187712e-8
731 5.967147352187712e-8
732 5.967147352187712e-8
733 5.967147352187712e-8
734 5.967147352187712e-8
735 5.967147352187712e-8
736 5.967147352187712e-8
737 5.967147352187712e-8
738 5.967147352187712e-8
739 5.967147352187712e-8
740 6.079940540489889e-8
741 6.041167956498807e-8
742 6.093398826626616e-8
743 6.025466571740801e-8
744 6.025466571740801e-8
745 6.025466571740801e-8
746 6.103813121405267e-8
747 6.068885665981811e-8
748 6.068885665981811e-8
749 6.110542295032724e-8
750 6.085227874941994e-8
751 6.085227874941994e-8
752 6.183441319474087e-8
753 6.240478829504635e-8
754 6.190490874643539e-8
755 6.127365137424086e-8
756 6.202827642028721e-8
757 6.125923176012359e-8
758 6.125923176012359e-8
759 6.157325762173806e-8
760 6.157325762173806e-8
761 6.157325762173806e-8
762 6.195457583080899e-8
763 6.195457583080899e-8
764 6.195457583080899e-8
765 6.240959340699439e-8
766 6.240959340699439e-8
767 6.240959340699439e-8
768 6.240959340699439e-8
769 6.250892757574158e-8
770 6.250892757574158e-8
771 6.250892757574158e-8
772 6.250892757574158e-8
773 6.250892757574158e-8
774 6.250892757574158e-8
775 6.406944727109972e-8
776 6.37538188905934e-8
777 6.43097743767816e-8
778 6.415596556698525e-8
779 6.395729539594523e-8
780 6.395248906163343e-8
781 6.341415761616433e-8
782 6.341415761616433e-8
783 6.341415761616433e-8
784 6.341415761616433e-8
785 6.341415761616433e-8
786 6.341415761616433e-8
787 6.341415761616433e-8
788 6.341415761616433e-8
789 6.341415761616433e-8
790 6.341415761616433e-8
791 6.341415761616433e-8
792 6.341415761616433e-8
793 6.341415761616433e-8
794 6.341415761616433e-8
795 6.341415761616433e-8
796 6.377304483902248e-8
797 6.416077190129706e-8
798 6.416077190129706e-8
799 6.458054200722614e-8
800 6.458054200722614e-8
801 6.458054200722614e-8
802 6.458054200722614e-8
803 6.458054200722614e-8
804 6.458054200722614e-8
805 6.458054200722614e-8
806 6.565560237927249e-8
807 6.565560237927249e-8
808 6.565560237927249e-8
809 6.565560237927249e-8
810 6.565560237927249e-8
811 6.565560237927249e-8
812 6.565560237927249e-8
813 6.565560237927249e-8
814 6.565560237927249e-8
815 6.565560237927249e-8
816 6.565560237927249e-8
817 6.565560237927249e-8
818 6.565560237927249e-8
819 6.565560237927249e-8
820 6.565560237927249e-8
821 6.565560237927249e-8
822 6.565560237927249e-8
823 6.565560237927249e-8
824 6.565560237927249e-8
825 6.565560237927249e-8
826 6.565560237927249e-8
827 6.565560237927249e-8
828 6.565560237927249e-8
829 6.565560237927249e-8
830 6.565560237927249e-8
831 6.565560237927249e-8
832 6.565560237927249e-8
833 6.609780347141435e-8
834 6.633011920500072e-8
835 6.617310657978442e-8
836 6.616028826219524e-8
837 6.627244074853161e-8
838 6.64326584115316e-8
839 6.666657605282796e-8
840 6.638459384604986e-8
841 6.576775486560885e-8
842 6.638939956917977e-8
843 6.593277947410252e-8
844 6.59199623788771e-8
845 6.668259818583707e-8
846 6.681077219400069e-8
847 6.668740452014887e-8
848 6.668740452014887e-8
849 6.735230745488974e-8
850 6.719849864509338e-8
851 6.693574177556248e-8
852 6.717286384346065e-8
853 6.746285742233424e-8
854 6.698380695222609e-8
855 6.747727764763339e-8
856 6.721612268581246e-8
857 6.718568093868605e-8
858 6.718568093868605e-8
859 6.718568093868605e-8
860 6.718568093868605e-8
861 6.718568093868605e-8
862 6.718568093868605e-8
863 6.718568093868605e-8
864 6.718568093868605e-8
865 6.718568093868605e-8
866 6.718568093868605e-8
867 6.757661181638057e-8
868 6.757661181638057e-8
869 6.757661181638057e-8
870 6.757661181638057e-8
871 6.858918739764602e-8
872 6.813096478367691e-8
873 6.819024575903786e-8
874 6.890962272364601e-8
875 6.837770013138056e-8
876 6.837770013138056e-8
877 6.837770013138056e-8
878 6.837770013138056e-8
879 6.837770013138056e-8
880 6.837770013138056e-8
881 6.837770013138056e-8
882 6.837770013138056e-8
883 6.903619482409966e-8
884 6.923165995735599e-8
885 6.933099534846694e-8
886 6.910668976461231e-8
887 6.912271250880331e-8
888 6.922044476984053e-8
889 6.926530551990234e-8
890 6.929254284042691e-8
891 6.907144229435599e-8
892 6.907144229435599e-8
893 7.014650327758422e-8
894 7.006799696497608e-8
895 6.951204147878787e-8
896 6.951204147878787e-8
897 6.951204147878787e-8
898 7.004877040536512e-8
899 7.004877040536512e-8
900 7.063997336180964e-8
901 7.063997336180964e-8
902 7.13401249891706e-8
903 7.137056612511512e-8
904 7.141702939406876e-8
905 7.170061473092059e-8
906 7.180155141855963e-8
907 7.179834760313969e-8
908 7.162691475262425e-8
909 7.189928490196062e-8
910 7.180315454863338e-8
911 7.185121911411512e-8
912 7.171984129053156e-8
913 7.193293046450699e-8
914 7.197939373346063e-8
915 7.207232027136794e-8
916 7.213160063554701e-8
917 7.205309371175698e-8
918 7.124399524702523e-8
919 7.124399524702523e-8
920 7.124399524702523e-8
921 7.183199438804981e-8
922 7.183199438804981e-8
923 7.183199438804981e-8
924 7.183199438804981e-8
925 7.183199438804981e-8
926 7.183199438804981e-8
927 7.183199438804981e-8
928 7.183199438804981e-8
929 7.183199438804981e-8
930 7.183199438804981e-8
931 7.183199438804981e-8
932 7.183199438804981e-8
933 7.183199438804981e-8
934 7.183199438804981e-8
935 7.183199438804981e-8
936 7.183199438804981e-8
937 7.183199438804981e-8
938 7.183199438804981e-8
939 7.183199438804981e-8
940 7.294230223035248e-8
941 7.364245385771343e-8
942 7.349825771654067e-8
943 7.330599700988618e-8
944 7.271479344225978e-8
945 7.277407380643885e-8
946 7.277407380643885e-8
947 7.277407380643885e-8
948 7.277407380643885e-8
949 7.277407380643885e-8
950 7.277407380643885e-8
951 7.277407380643885e-8
952 7.277407380643885e-8
953 7.277407380643885e-8
954 7.277407380643885e-8
955 7.277407380643885e-8
956 7.277407380643885e-8
957 7.277407380643885e-8
958 7.277407380643885e-8
959 7.277407380643885e-8
960 7.42977441238307e-8
961 7.46454161591734e-8
962 7.478480535485247e-8
963 7.449160796055893e-8
964 7.471751422975977e-8
965 7.426409856128435e-8
966 7.435702509919165e-8
967 7.384913478966707e-8
968 7.415675302044164e-8
969 7.411990242011159e-8
970 7.4030180919988e-8
971 7.43602289146116e-8
972 7.408625685756525e-8
973 7.408625685756525e-8
974 7.414073027625065e-8
975 7.477198825962706e-8
976 7.44419390426397e-8
977 7.44419390426397e-8
978 7.44419390426397e-8
979 7.44419390426397e-8
980 7.44419390426397e-8
981 7.44419390426397e-8
982 7.44419390426397e-8
983 7.44419390426397e-8
984 7.44419390426397e-8
985 7.44419390426397e-8
986 7.535517984397607e-8
987 7.521098370280332e-8
988 7.521098370280332e-8
989 7.615786945550416e-8
990 7.646869211288056e-8
991 7.611781565093604e-8
992 7.606814795538057e-8
993 7.658565093352874e-8
994 7.636775420287777e-8
995 7.661769458836512e-8
996 7.702945393338057e-8
997 7.730182347153507e-8
998 7.7282597523106e-8
999 7.74203848110751e-8
1000 7.786899414523873e-8
1001 7.951443022877243e-8
1002 7.951443022877243e-8
1003 7.951443022877243e-8
1004 7.951443022877243e-8
1005 7.951443022877243e-8
1006 7.951443022877243e-8
1007 7.951443022877243e-8
1008 7.951443022877243e-8
1009 7.951443022877243e-8
1010 7.951443022877243e-8
1011 7.951443022877243e-8
1012 7.951443022877243e-8
1013 7.951443022877243e-8
1014 7.951443022877243e-8
1015 7.951443022877243e-8
1016 7.951443022877243e-8
1017 7.951443022877243e-8
1018 7.951443022877243e-8
1019 7.951443022877243e-8
1020 7.951443022877243e-8
1021 7.951443022877243e-8
1022 7.951443022877243e-8
1023 7.951443022877243e-8
1024 7.951443022877243e-8
1025 7.951443022877243e-8
1026 7.951443022877243e-8
1027 7.951443022877243e-8
1028 7.951443022877243e-8
1029 7.951443022877243e-8
1030 7.951443022877243e-8
1031 7.951443022877243e-8
1032 7.951443022877243e-8
1033 8.016971988370783e-8
1034 8.012806356024786e-8
1035 8.025623756841148e-8
1036 8.029789450305333e-8
1037 8.039402485638057e-8
1038 8.008320281018604e-8
1039 8.099484109263057e-8
1040 8.125920048105331e-8
1041 8.125920048105331e-8
1042 8.200261033958422e-8
1043 8.200261033958422e-8
1044 8.247204752988688e-8
1045 8.229741086395148e-8
1046 8.229741086395148e-8
1047 8.229741086395148e-8
1048 8.229741086395148e-8
1049 8.302640110836511e-8
1050 8.300236882562424e-8
1051 8.29382815159515e-8
1052 8.305684285549152e-8
1053 8.378102676559335e-8
1054 8.3811467290356e-8
1055 8.41270962820442e-8
1056 8.394765267061512e-8
1057 8.407582728996063e-8
1058 8.370732617611513e-8
1059 8.367848694788058e-8
1060 8.381307042042973e-8
1061 8.494100169226961e-8
1062 8.427129181203507e-8
1063 8.484326882005052e-8
1064 8.463338346149505e-8
1065 8.473432076031597e-8
1066 8.460294293673241e-8
1067 8.411267605674505e-8
1068 8.439305757817694e-8
1069 8.428571142615236e-8
1070 8.491216246403508e-8
1071 8.426968990432511e-8
1072 8.426968990432511e-8
1073 8.5150887662007e-8
1074 8.5150887662007e-8
1075 8.5150887662007e-8
1076 8.5150887662007e-8
1077 8.5150887662007e-8
1078 8.5150887662007e-8
1079 8.5150887662007e-8
1080 8.5150887662007e-8
1081 8.5150887662007e-8
1082 8.5150887662007e-8
1083 8.5150887662007e-8
1084 8.5150887662007e-8
1085 8.607374174314885e-8
1086 8.616186133556248e-8
1087 8.612020501210251e-8
1088 8.623716444393257e-8
1089 8.615865752014254e-8
1090 8.620672269680616e-8
1091 8.599363291164885e-8
1092 8.561872416696345e-8
1093 8.561872416696345e-8
1094 8.561872416696345e-8
1095 8.561872416696345e-8
1096 8.561872416696345e-8
1097 8.561872416696345e-8
1098 8.561872416696345e-8
1099 8.561872416696345e-8
1100 8.561872416696345e-8
1101 8.561872416696345e-8
1102 8.561872416696345e-8
1103 8.561872416696345e-8
1104 8.561872416696345e-8
1105 8.561872416696345e-8
1106 8.561872416696345e-8
1107 8.561872416696345e-8
1108 8.561872416696345e-8
1109 8.561872416696345e-8
1110 8.655439534333074e-8
1111 8.696615468834618e-8
1112 8.695654140854071e-8
1113 8.667135416397892e-8
1114 8.698538002559339e-8
1115 8.681715160167976e-8
1116 8.697416483807794e-8
1117 8.708471541670434e-8
1118 8.697576796815167e-8
1119 8.6993390786507e-8
1120 8.703504772114885e-8
1121 8.71712324902261e-8
1122 8.693411103350981e-8
1123 8.72689653624452e-8
1124 8.736669884584618e-8
1125 8.736669884584618e-8
1126 8.721609324028789e-8
1127 8.8154968843257e-8
1128 8.809729099796978e-8
1129 8.80876777181643e-8
1130 8.953123920405616e-8
1131 8.943831266614885e-8
1132 9.02634338750716e-8
1133 9.082259317667975e-8
1134 9.085463683151613e-8
1135 9.038359773350348e-8
1136 9.15307567873181e-8
1137 9.14874973337844e-8
1138 9.15243467117507e-8
1139 9.137213919848245e-8
1140 9.169417826573807e-8
1141 9.172461940168259e-8
1142 9.164290866247261e-8
1143 9.106932913556532e-8
1144 9.118308352961166e-8
1145 9.121672909215802e-8
1146 9.133048348620437e-8
1147 9.120551390464257e-8
1148 9.106292028236166e-8
1149 9.122474046425351e-8
1150 9.152274480404073e-8
1151 9.195693513526896e-8
1152 9.145224925234621e-8
1153 9.167655422501897e-8
1154 9.177749091265801e-8
1155 9.203704396676896e-8
1156 9.137534423626616e-8
1157 9.160285424672261e-8
1158 9.140578598339255e-8
1159 9.14794859616889e-8
1160 9.158362768711165e-8
1161 9.165732766540799e-8
1162 9.150672328221347e-8
1163 9.087065896452527e-8
1164 9.087065896452527e-8
1165 9.125998793450982e-8
1166 9.125357969248804e-8
1167 9.173423207030616e-8
1168 9.215240087970714e-8
1169 9.216521797493255e-8
1170 9.231261793152525e-8
1171 9.235267295845713e-8
1172 9.200500031193256e-8
1173 9.1873622488349e-8
1174 9.1873622488349e-8
1175 9.258338617315167e-8
1176 9.304321130601261e-8
1177 9.334281816469169e-8
1178 9.29374676728799e-8
1179 9.302718917300349e-8
1180 9.314254608594169e-8
1181 9.309287900156809e-8
1182 9.263786020301894e-8
1183 9.257537541223805e-8
1184 9.257537541223805e-8
1185 9.404617299629072e-8
1186 9.397888187119803e-8
1187 9.355430543095715e-8
1188 9.301437085541432e-8
1189 9.337165678174437e-8
1190 9.341651753180617e-8
1191 9.36728661593153e-8
1192 9.357192886049438e-8
1193 9.392280593362078e-8
1194 9.352546559154072e-8
1195 9.364402693108075e-8
1196 9.344856179782442e-8
1197 9.365364021088622e-8
1198 9.416313181693889e-8
1199 9.401573124916431e-8
1200 9.444030891176895e-8
1201 9.402534391778791e-8
1202 9.434578046615166e-8
1203 9.363601555898523e-8
1204 9.422241279229983e-8
1205 9.387954770245082e-8
1206 9.339889410226893e-8
1207 9.341171119749435e-8
1208 9.35735313793862e-8
1209 9.388435342558072e-8
1210 9.486168153658985e-8
1211 9.488251000391078e-8
1212 9.47174853954171e-8
1213 9.480079865351892e-8
1214 9.362480159383353e-8
1215 9.362480159383353e-8
1216 9.395645271853086e-8
1217 9.469665815045993e-8
1218 9.444031013413267e-8
1219 9.465339991928998e-8
1220 9.438423419655543e-8
1221 9.43233513134845e-8
1222 9.504913774247818e-8
1223 9.486969351986723e-8
1224 9.46838410552345e-8
1225 9.45989258894227e-8
1226 9.450439744380542e-8
1227 9.440025571838267e-8
1228 9.479439102267901e-8
1229 9.489853274810177e-8
1230 9.471588471007087e-8
1231 9.449959110949362e-8
1232 9.474151890052172e-8
1233 9.46389803051727e-8
1234 9.487289794646905e-8
1235 9.421119882714812e-8
1236 9.432174940577453e-8
1237 9.434417978080543e-8
1238 9.427688804453085e-8
1239 9.450439744380542e-8
1240 9.458130123752172e-8
1241 9.484886566372818e-8
1242 9.476555240562635e-8
1243 9.49065435090154e-8
1244 9.444671837615445e-8
1245 9.500427577005262e-8
1246 9.510361116116358e-8
1247 9.516128961763267e-8
1248 9.502670736744728e-8
1249 9.508919154704629e-8
1250 9.419197226753716e-8
1251 9.44659449357654e-8
1252 9.440826709047818e-8
1253 9.391639830278084e-8
1254 9.40605944439536e-8
1255 9.40605944439536e-8
1256 9.40605944439536e-8
1257 9.40605944439536e-8
1258 9.459572207400276e-8
1259 9.469665937282368e-8
1260 9.459251764740093e-8
1261 9.49097485467991e-8
1262 9.45043980549873e-8
1263 9.45043980549873e-8
1264 9.45043980549873e-8
1265 9.461655115250556e-8
1266 9.51276446662682e-8
1267 9.508438643509825e-8
1268 9.46950574651137e-8
1269 9.46950574651137e-8
1270 9.530548698116919e-8
1271 9.578934439677101e-8
1272 9.544968251116005e-8
1273 9.5388800239271e-8
1274 9.592232412806454e-8
1275 9.574768746212914e-8
1276 9.579735454650274e-8
1277 9.613541391322184e-8
1278 9.632126637785457e-8
1279 9.616265123374642e-8
1280 9.616745695687634e-8
1281 9.64798821331446e-8
1282 9.657441057876188e-8
1283 9.849862444247185e-8
1284 9.928208871675276e-8
1285 9.937982220015374e-8
1286 9.924363681989461e-8
1287 9.91330862412682e-8
1288 9.91330862412682e-8
1289 9.91330862412682e-8
1290 9.91330862412682e-8
1291 9.94262848579255e-8
1292 9.958810442863548e-8
1293 9.958810442863548e-8
1294 1.0002389605639179e-7
1295 9.999665934704909e-8
1296 1.0040040793115092e-7
1297 1.0038118198272185e-7
1298 1.0046289272193183e-7
1299 1.0076890843381456e-7
1300 1.0119989433844097e-7
1301 1.0113901145537004e-7
1302 1.0156839484110459e-7
1303 1.017061821290737e-7
1304 1.018760124606973e-7
1305 1.0346857581089182e-7
1306 1.0346857581089182e-7
1307 1.0346857581089182e-7
1308 1.0346857581089182e-7
1309 1.0346857581089182e-7
1310 1.0346857581089182e-7
1311 1.0346857581089182e-7
1312 1.0346857581089182e-7
1313 1.0346857581089182e-7
1314 1.0346857581089182e-7
1315 1.0346857581089182e-7
1316 1.0346857581089182e-7
1317 1.0346857581089182e-7
1318 1.0346857581089182e-7
1319 1.0346857581089182e-7
1320 1.0346857581089182e-7
1321 1.0346857581089182e-7
1322 1.0419275910981176e-7
1323 1.0419275910981176e-7
1324 1.0479197343835179e-7
1325 1.0521975430519449e-7
1326 1.0507716129409547e-7
1327 1.050002568891973e-7
1328 1.0490572844358002e-7
1329 1.0540720928871906e-7
1330 1.0537516563388268e-7
1331 1.0542963966374996e-7
1332 1.0521654987859265e-7
1333 1.0529025046807089e-7
1334 1.0567797753034547e-7
1335 1.0548251117472539e-7
1336 1.0561869655498452e-7
1337 1.0568278325347539e-7
1338 1.0615542548156177e-7
1339 1.0631243932914182e-7
1340 1.0645182791363901e-7
1341 1.0869808023342272e-7
1342 1.0869808023342272e-7
1343 1.0869808023342272e-7
1344 1.0869808023342272e-7
1345 1.0869808023342272e-7
1346 1.0869808023342272e-7
1347 1.0869808023342272e-7
1348 1.0869808023342272e-7
1349 1.0869808023342272e-7
1350 1.0869808023342272e-7
1351 1.0962253561109266e-7
1352 1.0962253561109266e-7
1353 1.1004390823591358e-7
1354 1.100391012904199e-7
1355 1.100391012904199e-7
1356 1.100391012904199e-7
1357 1.100391012904199e-7
1358 1.1055660426856808e-7
1359 1.1055660426856808e-7
1360 1.1055660426856808e-7
1361 1.1137211219768536e-7
1362 1.1181591519753719e-7
1363 1.1162205197199084e-7
1364 1.1178707596930263e-7
1365 1.1197292843393536e-7
1366 1.1197292843393536e-7
1367 1.1231739665385812e-7
1368 1.124599908873209e-7
1369 1.124599908873209e-7
1370 1.1320500326474365e-7
1371 1.1320500326474365e-7
1372 1.1356709491420362e-7
1373 1.1388592772131177e-7
1374 1.1371930120510812e-7
1375 1.1347577089518818e-7
1376 1.1347577089518818e-7
1377 1.1494977290584267e-7
1378 1.1494977290584267e-7
1379 1.1494977290584267e-7
1380 1.1494977290584267e-7
1381 1.1618505094088902e-7
1382 1.1618505094088902e-7
1383 1.1618505094088902e-7
1384 1.1618505094088902e-7
1385 1.1731939228829632e-7
1386 1.1724088475332441e-7
1387 1.1724088475332441e-7
1388 1.1756933084023803e-7
1389 1.1729375626429983e-7
1390 1.1765905295154351e-7
1391 1.1807241420426894e-7
1392 1.1807241420426894e-7
1393 1.1829992360354351e-7
1394 1.1945989914140166e-7
1395 1.2019529885020082e-7
1396 1.2001265081216992e-7
1397 1.2016165328765448e-7
1398 1.2041319496966992e-7
1399 1.1942625357885532e-7
1400 1.1942625357885532e-7
1401 1.198332053671952e-7
1402 1.198332053671952e-7
1403 1.198332053671952e-7
1404 1.198332053671952e-7
1405 1.2045965640507792e-7
1406 1.2075445754062708e-7
1407 1.2070639175278156e-7
1408 1.2053335699455616e-7
1409 1.2053335699455616e-7
1410 1.2053335699455616e-7
1411 1.2053335699455616e-7
1412 1.211950555026952e-7
1413 1.211950555026952e-7
1414 1.211950555026952e-7
1415 1.2158278256496977e-7
1416 1.2199774694776892e-7
1417 1.2187598118162706e-7
1418 1.214129516221643e-7
1419 1.2240630125500067e-7
1420 1.2275077008610532e-7
1421 1.2209067287449437e-7
1422 1.22274924042599e-7
1423 1.2276679221911444e-7
1424 1.2291419278688902e-7
1425 1.2316252943112075e-7
1426 1.2318495980615165e-7
1427 1.231993800314508e-7
1428 1.2367041912946343e-7
1429 1.2505790467777803e-7
1430 1.2658317690287986e-7
1431 1.2658317690287986e-7
1432 1.2658317690287986e-7
1433 1.2658317690287986e-7
1434 1.2658317690287986e-7
1435 1.2658317690287986e-7
1436 1.2658317690287986e-7
1437 1.2658317690287986e-7
1438 1.2658317690287986e-7
1439 1.2658317690287986e-7
1440 1.2658317690287986e-7
1441 1.2658317690287986e-7
1442 1.2658317690287986e-7
1443 1.2802032892438617e-7
1444 1.281372889673981e-7
1445 1.2829910792692617e-7
1446 1.282093858156207e-7
1447 1.2854103694031805e-7
1448 1.2843048636169165e-7
1449 1.2822861237523168e-7
1450 1.2840004461456524e-7
1451 1.2790176819602802e-7
1452 1.281917623860835e-7
1453 1.284849610027408e-7
1454 1.2846893886973168e-7
1455 1.2829750601921622e-7
1456 1.2831352754104346e-7
1457 1.281949668126853e-7
1458 1.2790497262262984e-7
1459 1.276934853563644e-7
1460 1.2765182842172256e-7
1461 1.2790016628831807e-7
1462 1.2790016628831807e-7
1463 1.2790016628831807e-7
1464 1.2790016628831807e-7
1465 1.2790016628831807e-7
1466 1.2790016628831807e-7
1467 1.2790016628831807e-7
1468 1.2790016628831807e-7
1469 1.2790016628831807e-7
1470 1.2790016628831807e-7
1471 1.2790016628831807e-7
1472 1.2790016628831807e-7
1473 1.2790016628831807e-7
1474 1.2790016628831807e-7
1475 1.2790016628831807e-7
1476 1.2790016628831807e-7
1477 1.2790016628831807e-7
1478 1.2790016628831807e-7
1479 1.2790016628831807e-7
1480 1.2790016628831807e-7
1481 1.28401647744639e-7
1482 1.2882782609258986e-7
1483 1.2886307356284617e-7
1484 1.2900726970401893e-7
1485 1.2891754759271346e-7
1486 1.2893517224461446e-7
1487 1.2845932558992625e-7
1488 1.2960328021713902e-7
1489 1.2959366693733354e-7
1490 1.2940461004609898e-7
1491 1.2916908988591077e-7
1492 1.2911141142944166e-7
1493 1.2935654425825346e-7
1494 1.2973626055961443e-7
1495 1.2928124237224714e-7
1496 1.2903130259794165e-7
1497 1.2893356972572254e-7
1498 1.2893356972572254e-7
1499 1.2893356972572254e-7
1500 1.2893356972572254e-7
1501 1.2893356972572254e-7
1502 1.2893356972572254e-7
1503 1.2893356972572254e-7
1504 1.2893356972572254e-7
1505 1.2893356972572254e-7
1506 1.2893356972572254e-7
1507 1.2893356972572254e-7
1508 1.2893356972572254e-7
1509 1.2893356972572254e-7
1510 1.2893356972572254e-7
1511 1.2893356972572254e-7
1512 1.2893356972572254e-7
1513 1.2893356972572254e-7
1514 1.2893356972572254e-7
1515 1.2893356972572254e-7
1516 1.2893356972572254e-7
1517 1.2893356972572254e-7
1518 1.2893356972572254e-7
1519 1.2893356972572254e-7
1520 1.2893356972572254e-7
1521 1.2893356972572254e-7
1522 1.2893356972572254e-7
1523 1.2893356972572254e-7
1524 1.2893356972572254e-7
1525 1.2893356972572254e-7
1526 1.2893356972572254e-7
1527 1.2893356972572254e-7
1528 1.2893356972572254e-7
1529 1.2893356972572254e-7
1530 1.2893356972572254e-7
1531 1.2893356972572254e-7
1532 1.2893356972572254e-7
1533 1.2979874473921342e-7
1534 1.2979874473921342e-7
1535 1.2979874473921342e-7
1536 1.2979874473921342e-7
1537 1.2979874473921342e-7
1538 1.2979874473921342e-7
1539 1.2979874473921342e-7
1540 1.2979874473921342e-7
1541 1.2997658644293251e-7
1542 1.3020249332331523e-7
1543 1.3020249332331523e-7
1544 1.30306635048738e-7
1545 1.303915502145498e-7
1546 1.303915502145498e-7
1547 1.303915502145498e-7
1548 1.303915502145498e-7
1549 1.303915502145498e-7
1550 1.3135766252686158e-7
1551 1.3170693646991425e-7
1552 1.322292463935561e-7
1553 1.3213632046683068e-7
1554 1.3214112741232437e-7
1555 1.3193124205376888e-7
1556 1.3197129646951889e-7
1557 1.3265862916810878e-7
1558 1.326698449668061e-7
1559 1.3224206348878152e-7
1560 1.3206422178506242e-7
1561 1.329149777956179e-7
1562 1.3317933718404065e-7
1563 1.3299348410822605e-7
1564 1.3323861754821971e-7
1565 1.3233018369237704e-7
1566 1.3219239579322605e-7
1567 1.32091459105587e-7
1568 1.3215875084186158e-7
1569 1.3239587290975976e-7
1570 1.3254968110837423e-7
1571 1.3271150190144795e-7
1572 1.3302552898542616e-7
1573 1.3271150190144793e-7
1574 1.323830558145343e-7
1575 1.3283486957529973e-7
1576 1.3246957288805605e-7
1577 1.3256730576027517e-7
1578 1.3251603615700972e-7
1579 1.3251603615700972e-7
1580 1.3251603615700972e-7
1581 1.3251603615700972e-7
1582 1.3251603615700972e-7
1583 1.3251603615700972e-7
1584 1.3251603615700972e-7
1585 1.3251603615700972e-7
1586 1.3251603615700972e-7
1587 1.3251603615700972e-7
1588 1.3251603615700972e-7
1589 1.3251603615700972e-7
1590 1.3251603615700972e-7
1591 1.334549117599788e-7
1592 1.334549117599788e-7
1593 1.3375932556415157e-7
1594 1.3375932556415157e-7
1595 1.3406373936832432e-7
1596 1.3406373936832432e-7
1597 1.3406373936832432e-7
1598 1.3406373936832432e-7
1599 1.3406373936832432e-7
1600 1.3406373936832432e-7
1601 1.3406373936832432e-7
1602 1.3450754236817614e-7
1603 1.347975365582316e-7
1604 1.3448991771627515e-7
1605 1.346164898167288e-7
1606 1.341742899469507e-7
1607 1.346245011888243e-7
1608 1.34171084909167e-7
1609 1.34171084909167e-7
1610 1.3459566196058974e-7
1611 1.3447549871333975e-7
1612 1.348952694304507e-7
1613 1.3484880555031516e-7
1614 1.3438097026772246e-7
1615 1.3487123592534606e-7
1616 1.349897972648861e-7
1617 1.345091442758861e-7
1618 1.349946035991979e-7
1619 1.3444025063190155e-7
1620 1.3429765700962066e-7
1621 1.3429765700962066e-7
1622 1.3473344924855886e-7
1623 1.3508592822939524e-7
1624 1.3503305610723792e-7
1625 1.3526216802540436e-7
1626 1.3513879974037066e-7
1627 1.3504907824024705e-7
1628 1.3462289866993244e-7
1629 1.3452997274320702e-7
1630 1.3452997274320702e-7
1631 1.3452997274320702e-7
1632 1.3452997274320702e-7
1633 1.3452997274320702e-7
1634 1.3452997274320702e-7
1635 1.3487444096312977e-7
1636 1.3487444096312977e-7
1637 1.3494333399593246e-7
1638 1.3494333399593246e-7
1639 1.3536470662075338e-7
1640 1.3549608566670072e-7
1641 1.3552171985715155e-7
1642 1.3510675669671616e-7
1643 1.3506349785436433e-7
1644 1.3549448375899074e-7
1645 1.354255895038243e-7
1646 1.354255895038243e-7
1647 1.3626993666117613e-7
1648 1.3612734303889524e-7
1649 1.3680185986462347e-7
1650 1.3679224658481798e-7
1651 1.3680185986462347e-7
1652 1.368531294678889e-7
1653 1.374106862506052e-7
1654 1.3670893332671615e-7
1655 1.3714792938107429e-7
1656 1.3682429023965434e-7
1657 1.372104141718552e-7
1658 1.3699251866356798e-7
1659 1.3699251866356798e-7
1660 1.3699251866356798e-7
1661 1.3699251866356798e-7
1662 1.3762537855465436e-7
1663 1.3762537855465436e-7
1664 1.3762537855465436e-7
1665 1.3762537855465436e-7
1666 1.3762537855465436e-7
1667 1.3762537855465436e-7
1668 1.3762537855465436e-7
1669 1.3762537855465436e-7
1670 1.3762537855465436e-7
1671 1.3762537855465436e-7
1672 1.3762537855465436e-7
1673 1.3762537855465436e-7
1674 1.3762537855465436e-7
1675 1.3762537855465436e-7
1676 1.3762537855465436e-7
1677 1.3762537855465436e-7
1678 1.3762537855465436e-7
1679 1.3762537855465436e-7
1680 1.3762537855465436e-7
1681 1.3762537855465436e-7
1682 1.3762537855465436e-7
1683 1.3762537855465436e-7
1684 1.3762537855465436e-7
1685 1.3762537855465436e-7
1686 1.3762537855465436e-7
1687 1.3762537855465436e-7
1688 1.3762537855465436e-7
1689 1.3762537855465436e-7
1690 1.3762537855465436e-7
1691 1.3762537855465436e-7
1692 1.38049956217259e-7
1693 1.3850176936684257e-7
1694 1.381396777173826e-7
1695 1.3823740997841982e-7
1696 1.386427610814135e-7
1697 1.3872126739402165e-7
1698 1.3877894646167263e-7
1699 1.3900164891545353e-7
1700 1.38594695293568e-7
1701 1.3836077765227166e-7
1702 1.3818133404084258e-7
1703 1.3825984035345073e-7
1704 1.386347503204999e-7
1705 1.3850337188573444e-7
1706 1.3959285187189806e-7
1707 1.3980273723045355e-7
1708 1.400895263827253e-7
1709 1.400670960076944e-7
1710 1.4038112309167264e-7
1711 1.4267864440353993e-7
1712 1.4267864440353993e-7
1713 1.4267864440353993e-7
1714 1.4267864440353993e-7
1715 1.4267864440353993e-7
1716 1.4267864440353993e-7
1717 1.4267864440353993e-7
1718 1.4267864440353993e-7
1719 1.4267864440353993e-7
1720 1.4267864440353993e-7
1721 1.4267864440353993e-7
1722 1.4267864440353993e-7
1723 1.4267864440353993e-7
1724 1.4267864440353993e-7
1725 1.4267864440353993e-7
1726 1.4267864440353993e-7
1727 1.4267864440353993e-7
1728 1.4267864440353993e-7
1729 1.4267864440353993e-7
1730 1.4267864440353993e-7
1731 1.4320736195802167e-7
1732 1.4370563898774078e-7
1733 1.4368641242812983e-7
1734 1.4357746497957717e-7
1735 1.4392193319949993e-7
1736 1.4426800271595077e-7
1737 1.4369923013453714e-7
1738 1.4409336605001536e-7
1739 1.4429043370216354e-7
1740 1.44181485642429e-7
1741 1.4332432138985175e-7
1742 1.442888311832717e-7
1743 1.4442822099013266e-7
1744 1.4438496214778083e-7
1745 1.4426479828934895e-7
1746 1.439732021915835e-7
1747 1.439331483870154e-7
1748 1.4400364393870992e-7
1749 1.435678516997717e-7
1750 1.4438816657438265e-7
1751 1.4428722866437985e-7
1752 1.443689400147717e-7
1753 1.4413021542798168e-7
1754 1.4456761018581173e-7
1755 1.4436253116156804e-7
1756 1.4519726565029627e-7
1757 1.4458042728103714e-7
1758 1.4490086260703713e-7
1759 1.4427761599575623e-7
1760 1.4488163726978994e-7
1761 1.450754998841544e-7
1762 1.4527897638950623e-7
1763 1.4654629869057084e-7
1764 1.4815167791362703e-7
1765 1.4794339446278152e-7
1766 1.4794339446278152e-7
1767 1.4794339446278152e-7
1768 1.4794339446278152e-7
1769 1.4794339446278152e-7
1770 1.4883100107366706e-7
1771 1.491322098400561e-7
1772 1.4934850405181523e-7
1773 1.4922994210109332e-7
1774 1.4869802012000976e-7
1775 1.4869802012000976e-7
1776 1.4869802012000976e-7
1777 1.4869802012000976e-7
1778 1.4923314775005893e-7
1779 1.4927320216580893e-7
1780 1.4962888557324713e-7
1781 1.4962888557324713e-7
1782 1.4971059692363898e-7
1783 1.4982274940997535e-7
1784 1.4982274940997535e-7
1785 1.506430642845863e-7
1786 1.506430642845863e-7
1787 1.506430642845863e-7
1788 1.506430642845863e-7
1789 1.506430642845863e-7
1790 1.506430642845863e-7
1791 1.506430642845863e-7
1792 1.506430642845863e-7
1793 1.506430642845863e-7
1794 1.506430642845863e-7
1795 1.5117979321116354e-7
1796 1.5080488385529626e-7
1797 1.5080488385529626e-7
1798 1.514601747325954e-7
1799 1.5131437668371267e-7
1800 1.5144895954507995e-7
1801 1.5169729680049357e-7
1802 1.5215551941446268e-7
1803 1.5209944286570354e-7
1804 1.5185911698238543e-7
1805 1.5225966113988543e-7
1806 1.5190718215904905e-7
1807 1.5224043519145635e-7
1808 1.5219236940361083e-7
1809 1.517357493085336e-7
1810 1.5183348156957082e-7
1811 1.5216192765648445e-7
1812 1.5221640168635171e-7
1813 1.5229490861014175e-7
1814 1.5223723015367264e-7
1815 1.5225325228668176e-7
1816 1.521186694253145e-7
1817 1.5166525314565718e-7
1818 1.515130468547527e-7
1819 1.5197927961845353e-7
1820 1.5197927961845353e-7
1821 1.5197927961845353e-7
1822 1.5197927961845353e-7
1823 1.5197927961845353e-7
1824 1.5197927961845353e-7
1825 1.5197927961845353e-7
1826 1.5197927961845353e-7
1827 1.5197927961845353e-7
1828 1.5197927961845353e-7
1829 1.5247915916706448e-7
1830 1.526746243003208e-7
1831 1.5226767190079902e-7
1832 1.5226767190079902e-7
1833 1.5226767190079902e-7
1834 1.5226767190079902e-7
1835 1.5226767190079902e-7
1836 1.5226767190079902e-7
1837 1.5226767190079902e-7
1838 1.5226767190079902e-7
1839 1.5226767190079902e-7
1840 1.5226767190079902e-7
1841 1.5226767190079902e-7
1842 1.5304632922958625e-7
1843 1.5304632922958625e-7
1844 1.5358145624845352e-7
1845 1.537288568162281e-7
1846 1.53831396022759e-7
1847 1.5389227829464805e-7
1848 1.5355261702021898e-7
1849 1.5431845786496266e-7
1850 1.5444983568854622e-7
1851 1.545171274248208e-7
1852 1.5431845786496263e-7
1853 1.552845707884563e-7
1854 1.5507148039211711e-7
1855 1.5511313732675896e-7
1856 1.5501700697343172e-7
1857 1.5531661444329267e-7
1858 1.5696525434224633e-7
1859 1.57354582701049e-7
1860 1.5743469153254901e-7
1861 1.5695083411694719e-7
1862 1.5693481198393806e-7
1863 1.5717513908961993e-7
1864 1.5696525373106444e-7
1865 1.5693641511401177e-7
1866 1.5610488505188536e-7
1867 1.5646216975585164e-7
1868 1.5646216975585164e-7
1869 1.5646216975585164e-7
1870 1.5646216975585164e-7
1871 1.5646216975585164e-7
1872 1.5646216975585164e-7
1873 1.5646216975585164e-7
1874 1.5646216975585164e-7
1875 1.5646216975585164e-7
1876 1.5646216975585164e-7
1877 1.5646216975585164e-7
1878 1.5646216975585164e-7
1879 1.5646216975585164e-7
1880 1.5646216975585164e-7
1881 1.5646216975585164e-7
1882 1.5646216975585164e-7
1883 1.5646216975585164e-7
1884 1.5646216975585164e-7
1885 1.5646216975585164e-7
1886 1.5646216975585164e-7
1887 1.5646216975585164e-7
1888 1.5646216975585164e-7
1889 1.5646216975585164e-7
1890 1.5646216975585164e-7
1891 1.5646216975585164e-7
1892 1.5646216975585164e-7
1893 1.5646216975585164e-7
1894 1.5646216975585164e-7
1895 1.5646216975585164e-7
1896 1.5699088792151527e-7
1897 1.5714950306562343e-7
1898 1.5706619041870349e-7
1899 1.571142555953671e-7
1900 1.5709342712804619e-7
1901 1.5709342712804619e-7
1902 1.5719917076117892e-7
1903 1.5778556799449352e-7
1904 1.5797141984794437e-7
1905 1.5785606293500618e-7
1906 1.5786086988049987e-7
1907 1.5788490216324075e-7
1908 1.5783683759775902e-7
1909 1.5775352433965719e-7
1910 1.577439110598517e-7
1911 1.57939376193108e-7
1912 1.581668855923826e-7
1913 1.5788490216324075e-7
1914 1.5723762326921897e-7
1915 1.5711425559536714e-7
1916 1.5711425559536714e-7
1917 1.5711425559536714e-7
1918 1.5817810077989804e-7
1919 1.5843444940740717e-7
1920 1.5886703721974355e-7
1921 1.5908493272803076e-7
1922 1.5898880237470352e-7
1923 1.5951591802147528e-7
1924 1.5891510178522528e-7
1925 1.5900802832313257e-7
1926 1.5920028964096895e-7
1927 1.5861709744543806e-7
1928 1.586683670487035e-7
1929 1.5877250877412626e-7
1930 1.5916183774411082e-7
1931 1.594037661463208e-7
1932 1.5950470283395984e-7
1933 1.597546432194472e-7
1934 1.6062142014064803e-7
1935 1.6219155372699352e-7
1936 1.6219155372699352e-7
1937 1.633531317837435e-7
1938 1.6375207403353353e-7
1939 1.6326340967243802e-7
1940 1.63561415234589e-7
1941 1.6336755139786077e-7
1942 1.6370721267228984e-7
1943 1.6331307736799348e-7
1944 1.6331307736799348e-7
1945 1.6331307736799348e-7
1946 1.6472139077244714e-7
1947 1.6472139077244714e-7
1948 1.6472139077244714e-7
1949 1.6472139077244714e-7
1950 1.6472139077244714e-7
1951 1.6472139077244714e-7
1952 1.6472139077244714e-7
1953 1.6472139077244714e-7
1954 1.6472139077244714e-7
1955 1.6472139077244714e-7
1956 1.6472139077244714e-7
1957 1.6472139077244714e-7
1958 1.6472139077244714e-7
1959 1.6550485565790992e-7
1960 1.6571634292417536e-7
1961 1.6561059929104263e-7
1962 1.6565065309561074e-7
1963 1.658653453996599e-7
1964 1.6590219477762618e-7
1965 1.6596628208729893e-7
1966 1.6591340996514162e-7
1967 1.6591340996514162e-7
1968 1.6591340996514162e-7
1969 1.6591340996514162e-7
1970 1.6591340996514162e-7
1971 1.6668085149523152e-7
1972 1.6665041097046887e-7
1973 1.667833913129443e-7
1974 1.6729608795678067e-7
1975 1.6858744192940427e-7
1976 1.6960162002956157e-7
1977 1.6960162002956157e-7
1978 1.6960162002956157e-7
1979 1.6960162002956157e-7
1980 1.6960162002956157e-7
1981 1.6960162002956157e-7
1982 1.6960162002956157e-7
1983 1.6960162002956157e-7
1984 1.6960162002956157e-7
1985 1.7020243626581156e-7
1986 1.7058535638259246e-7
1987 1.7107081570590426e-7
1988 1.7093623345571888e-7
1989 1.7092982460251524e-7
1990 1.707712094584071e-7
1991 1.7148417818099346e-7
1992 1.7145694086046887e-7
1993 1.7168124522195975e-7
1994 1.7150340412942254e-7
1995 1.7148578008870343e-7
1996 1.7201930458867886e-7
1997 1.7342601608542254e-7
1998 1.7301746055582704e-7
1999 1.7301746055582704e-7
2000 1.7301746055582704e-7
2001 1.7367916028632985e-7
2002 1.7413417786251525e-7
2003 1.7353656605286707e-7
2004 1.7403163865598434e-7
2005 1.74118156340688e-7
2006 1.738073336833116e-7
2007 1.741534044221262e-7
2008 1.7419986707989798e-7
2009 1.7396915386520346e-7
2010 1.73877829846188e-7
2011 1.7396114310428984e-7
2012 1.7421108226741344e-7
2013 1.742831803379998e-7
2014 1.7393550830265712e-7
2015 1.738473887102435e-7
2016 1.7342761799313255e-7
2017 1.7342761799313255e-7
2018 1.743552777974043e-7
2019 1.7400920766977157e-7
2020 1.741149513029043e-7
2021 1.7416301709074982e-7
2022 1.7433605184897523e-7
2023 1.747061548705307e-7
2024 1.7571071907970066e-7
2025 1.7571392350630248e-7
2026 1.7480228522385795e-7
2027 1.7501697630554334e-7
2028 1.75960659465188e-7
2029 1.7560657796545977e-7
2030 1.7689312560377157e-7
2031 1.7725521725323154e-7
2032 1.7707096730749067e-7
2033 1.7737538111166342e-7
2034 1.773401330302252e-7
2035 1.774330589569506e-7
2036 1.7734013364140707e-7
2037 1.7851292566330877e-7
2038 1.7823735230973434e-7
2039 1.78003434668438e-7
2040 1.7816525485032984e-7
2041 1.7783360372563252e-7
2042 1.7914258235015712e-7
2043 1.805316691949998e-7
2044 1.811324860424317e-7
2045 1.808440931489043e-7
2046 1.8139844611620064e-7
2047 1.8157789094999344e-7
2048 1.8173490357520972e-7
2049 1.812734771458207e-7
2050 1.8176855036011984e-7
2051 1.8152501882783615e-7
2052 1.8137761826006158e-7
2053 1.822796438738825e-7
2054 1.8399397360140076e-7
2055 1.842134722397617e-7
2056 1.84170212786228e-7
2057 1.84074081210537e-7
2058 1.848687618946971e-7
2059 1.848687618946971e-7
2060 1.848687618946971e-7
2061 1.848687618946971e-7
2062 1.848687618946971e-7
2063 1.848687618946971e-7
2064 1.848687618946971e-7
2065 1.848687618946971e-7
2066 1.8628508606006437e-7
2067 1.8608160955471256e-7
2068 1.859902855356971e-7
2069 1.858829399948544e-7
2070 1.867433080628516e-7
2071 1.8639403350861704e-7
2072 1.8608481398131438e-7
2073 1.856970869190398e-7
2074 1.856970869190398e-7
2075 1.856970869190398e-7
2076 1.856970869190398e-7
2077 1.8615851395961072e-7
2078 1.8624663355202435e-7
2079 1.8700446302467252e-7
2080 1.8721595029093795e-7
2081 1.8710860475009525e-7
2082 1.869820326496416e-7
2083 1.868041909459225e-7
2084 1.8757804316276168e-7
2085 1.8765494756765984e-7
2086 1.878215740838635e-7
2087 1.8773986273347165e-7
2088 1.8768218488818443e-7
2089 1.8798339426575537e-7
2090 1.882894099776381e-7
2091 1.878664348339253e-7
2092 1.8857619974109175e-7
2093 1.903498092216072e-7
2094 1.903498092216072e-7
2095 1.903498092216072e-7
2096 1.903498092216072e-7
2097 1.9077438688421183e-7
2098 1.9128387849026448e-7
2099 1.907503533791072e-7
2100 1.9136078289516267e-7
2101 1.9145370943306996e-7
2102 1.9170685302279538e-7
2103 1.9138321327019355e-7
2104 1.913223309983045e-7
2105 1.9165558341952994e-7
2106 1.9212662312872446e-7
2107 1.931792537369218e-7
2108 1.9359581880506716e-7
2109 1.9462922285365354e-7
2110 1.9401719081870622e-7
2111 1.9430558248986984e-7
2112 1.943776811716381e-7
2113 1.941645913864808e-7
2114 1.941229350630208e-7
2115 1.9412774078615072e-7
2116 1.9412774078615072e-7
2117 1.9412774078615072e-7
2118 1.9512910117990071e-7
2119 1.954815795495552e-7
2120 1.955745060874625e-7
2121 1.9572350856294705e-7
2122 1.9549439786714437e-7
2123 1.9496087275598708e-7
2124 1.9477021395704256e-7
2125 1.9477021395704256e-7
2126 1.9477021395704256e-7
2127 1.9477021395704256e-7
2128 1.9477021395704256e-7
2129 1.9477021395704256e-7
2130 1.953165555522434e-7
2131 1.9546235360112614e-7
2132 1.9550240801687615e-7
2133 1.9567223895968163e-7
2134 1.9547677382642532e-7
2135 1.9579881106013528e-7
2136 1.9596383505744708e-7
2137 1.959750502449625e-7
2138 1.9602792236711982e-7
2139 1.9585328447882066e-7
2140 1.9583886547588526e-7
2141 1.9560334531569706e-7
2142 1.962602374895243e-7
2143 1.9637399249475253e-7
2144 1.9885736688243442e-7
2145 1.9885736688243442e-7
2146 1.9885736688243442e-7
2147 1.9885736688243442e-7
2148 1.9885736688243442e-7
2149 1.9885736688243442e-7
2150 1.9885736688243442e-7
2151 1.9885736688243442e-7
2152 1.9885736688243442e-7
2153 1.9954149637678625e-7
2154 1.9954149637678625e-7
2155 1.9954149637678625e-7
2156 1.9974657478984804e-7
2157 2.002384429663635e-7
2158 2.002560670070826e-7
2159 2.0021441007244075e-7
2160 1.996904982410889e-7
2161 1.9994684686859804e-7
2162 2.004323068030917e-7
2163 2.0013750627872445e-7
2164 1.9982668362134805e-7
2165 1.9982668362134805e-7
2166 1.9982668362134805e-7
2167 1.9982668362134805e-7
2168 1.9982668362134805e-7
2169 2.004082732979871e-7
2170 2.004082732979871e-7
2171 2.004082732979871e-7
2172 2.007927947112961e-7
2173 2.007927947112961e-7
2174 2.0100748701534523e-7
2175 2.0153139823551518e-7
2176 2.0109080027344706e-7
2177 2.0175570320818794e-7
2178 2.0142245017578065e-7
2179 2.0142245017578065e-7
2180 2.0142245017578065e-7
2181 2.0142245017578065e-7
2182 2.016387437763579e-7
2183 2.016387437763579e-7
2184 2.016387437763579e-7
2185 2.016387437763579e-7
2186 2.016387437763579e-7
2187 2.016387437763579e-7
2188 2.0190790949909246e-7
2189 2.0190790949909246e-7
2190 2.0248949978691337e-7
2191 2.0240138019449974e-7
2192 2.0261767440625887e-7
2193 2.0264971806109526e-7
2194 2.0301341039590145e-7
2195 2.0293170026787335e-7
2196 2.0310954136041059e-7
2197 2.0309191731969148e-7
2198 2.0323290903426242e-7
2199 2.0263529722461424e-7
2200 2.0251994031167605e-7
2201 2.028692148659106e-7
2202 2.033338457219015e-7
2203 2.0282916045016063e-7
2204 2.028788281457161e-7
2205 2.0308230403988605e-7
2206 2.029493243085925e-7
2207 2.0267054469487061e-7
2208 2.0256480106173788e-7
2209 2.0256480106173788e-7
2210 2.0256480106173788e-7
2211 2.0256480106173788e-7
2212 2.0321368186346964e-7
2213 2.0343638492843243e-7
2214 2.03543731080457e-7
2215 2.036158285398615e-7
2216 2.032200907166733e-7
2217 2.0325053246379971e-7
2218 2.0336108182006235e-7
2219 2.0311274517583062e-7
2220 2.0311274517583062e-7
2221 2.0341395455340155e-7
2222 2.0341395455340155e-7
2223 2.037279810261979e-7
2224 2.0395228538768878e-7
2225 2.042406770588524e-7
2226 2.0394107020017334e-7
2227 2.0394107020017334e-7
2228 2.0394107020017334e-7
2229 2.0394107020017334e-7
2230 2.0496806600673795e-7
2231 2.0484790275948796e-7
2232 2.0484309581399427e-7
2233 2.0484790275948796e-7
2234 2.0477740659661155e-7
2235 2.047181256212506e-7
2236 2.0463801740093248e-7
2237 2.043127757406207e-7
2238 2.0487674137654064e-7
2239 2.0491679579229064e-7
2240 2.0470050280289527e-7
2241 2.0477740659661157e-7
2242 2.0464442564295428e-7
2243 2.0451625163479064e-7
2244 2.0436885167819796e-7
2245 2.0466204968367338e-7
2246 2.0498569004745708e-7
2247 2.045979629851825e-7
2248 2.0457873703675342e-7
2249 2.0460597374609611e-7
2250 2.046027693194943e-7
2251 2.045707256646579e-7
2252 2.044024972407443e-7
2253 2.0463160854772884e-7
2254 2.0456431742263613e-7
2255 2.0464763006955607e-7
2256 2.0474215851517334e-7
2257 2.040580296320034e-7
2258 2.040580296320034e-7
2259 2.040580296320034e-7
2260 2.0468768570766983e-7
2261 2.0471972936250622e-7
2262 2.0510104696039527e-7
2263 2.0512507924313615e-7
2264 2.0555766705547253e-7
2265 2.048286768110589e-7
2266 2.0498088371314528e-7
2267 2.0575633661533067e-7
2268 2.056842385447443e-7
2269 2.063603578893644e-7
2270 2.0660388819928436e-7
2271 2.065750495822317e-7
2272 2.0677532104979982e-7
2273 2.0673686915294165e-7
2274 2.0640201421282438e-7
2275 2.0621776365590162e-7
2276 2.0632671110445428e-7
2277 2.0753154861473798e-7
2278 2.073472986689971e-7
2279 2.0742740688931523e-7
2280 2.0708454118828434e-7
2281 2.0725277022337984e-7
2282 2.0691791467208068e-7
2283 2.0731044806866706e-7
2284 2.0774944473420709e-7
2285 2.073344815737717e-7
2286 2.0808429967432436e-7
2287 2.084255634676453e-7
2288 2.0860821089449433e-7
2289 2.1075512843434896e-7
2290 2.1075512843434896e-7
2291 2.1158505597758353e-7
2292 2.1158505597758353e-7
2293 2.1158505597758353e-7
2294 2.1158505597758353e-7
2295 2.1158505597758353e-7
2296 2.1301740227595993e-7
2297 2.1301740227595993e-7
2298 2.1301740227595993e-7
2299 2.1414213034356176e-7
2300 2.1414213034356176e-7
2301 2.1414213034356176e-7
2302 2.1414213034356176e-7
2303 2.1414213034356176e-7
2304 2.1414213034356176e-7
2305 2.1414213034356176e-7
2306 2.1414213034356176e-7
2307 2.1414213034356176e-7
2308 2.1545911911781808e-7
2309 2.1548635643834267e-7
2310 2.1548635643834267e-7
2311 2.1548635643834267e-7
2312 2.1548635643834267e-7
2313 2.1548635643834267e-7
2314 2.1548635643834267e-7
2315 2.1589971769106808e-7
2316 2.1592695562277454e-7
2317 2.1686903504116358e-7
2318 2.1676168950032087e-7
2319 2.166142889325463e-7
2320 2.1638037129124995e-7
2321 2.1635313397072536e-7
2322 2.16281035900139e-7
2323 2.1621694920164811e-7
2324 2.1621694920164811e-7
2325 2.1621694920164811e-7
2326 2.168369913863272e-7
2327 2.168369913863272e-7
2328 2.168369913863272e-7
2329 2.168369913863272e-7
2330 2.168369913863272e-7
2331 2.168369913863272e-7
2332 2.168369913863272e-7
2333 2.168369913863272e-7
2334 2.1770697395649363e-7
2335 2.1756758476081455e-7
2336 2.1742979747284546e-7
2337 2.1730963422559547e-7
2338 2.176957587689782e-7
2339 2.1845999709483002e-7
2340 2.1798735547792552e-7
2341 2.1846320152143184e-7
2342 2.1758200376374997e-7
2343 2.1758200376374997e-7
2344 2.1758200376374997e-7
2345 2.184311572554136e-7
2346 2.184311572554136e-7
2347 2.191505354423855e-7
2348 2.1923865503479912e-7
2349 2.1925147213002453e-7
2350 2.1911208293434546e-7
2351 2.1964720995321273e-7
2352 2.1969046879556456e-7
2353 2.2031691983344728e-7
2354 2.2036338310240092e-7
2355 2.2184699900404277e-7
2356 2.2184699900404277e-7
2357 2.2184699900404277e-7
2358 2.2184699900404277e-7
2359 2.2184699900404277e-7
2360 2.2235969564787914e-7
2361 2.2270416325662e-7
2362 2.2257598924845637e-7
2363 2.2263847403923728e-7
2364 2.225920113814655e-7
2365 2.2251991331087913e-7
2366 2.2260963481100274e-7
2367 2.2280029360994725e-7
2368 2.226192480908082e-7
2369 2.226192480908082e-7
2370 2.242839095115891e-7
2371 2.2473091693804274e-7
2372 2.2478859539451184e-7
2373 2.247917992099318e-7
2374 2.2487831750581734e-7
2375 2.2472290617712914e-7
2376 2.2498245862005823e-7
2377 2.2498566304666005e-7
2378 2.2496163076391917e-7
2379 2.2498406113895007e-7
2380 2.250898047720828e-7
2381 2.248366605711755e-7
2382 2.244008683322373e-7
2383 2.2469086252229276e-7
2384 2.2470688404412e-7
2385 2.2462517330491003e-7
2386 2.2519875222063546e-7
2387 2.248895326933328e-7
2388 2.2474213212555823e-7
2389 2.2496483457933913e-7
2390 2.2515068765515373e-7
2391 2.2491516688378366e-7
2392 2.2493599535110458e-7
2393 2.2491356497607368e-7
2394 2.2493919916652451e-7
2395 2.250401370765273e-7
2396 2.2473091693804276e-7
2397 2.2490234978855822e-7
2398 2.252323977831818e-7
2399 2.2542145467441636e-7
2400 2.248174346227464e-7
2401 2.2492317825587914e-7
2402 2.250545560794627e-7
2403 2.250865997342991e-7
2404 2.2511864338913548e-7
2405 2.2491676879149364e-7
2406 2.2477257387268466e-7
2407 2.2486389728051822e-7
2408 2.2516991299240095e-7
2409 2.2510422377501822e-7
2410 2.2525482815821276e-7
2411 2.2507057821247188e-7
2412 2.245226340983792e-7
2413 2.245226340983792e-7
2414 2.245226340983792e-7
2415 2.245226340983792e-7
2416 2.245226340983792e-7
2417 2.245226340983792e-7
2418 2.254967577827865e-7
2419 2.253365401197865e-7
2420 2.253365401197865e-7
2421 2.253365401197865e-7
2422 2.2599343229361374e-7
2423 2.261969081877837e-7
2424 2.2605111075008285e-7
2425 2.2622574741601823e-7
2426 2.2611840187517552e-7
2427 2.2618889803805194e-7
2428 2.2640358911973733e-7
2429 2.2640358911973733e-7
2430 2.2640358911973733e-7
2431 2.2640358911973733e-7
2432 2.2640358911973733e-7
2433 2.2640358911973733e-7
2434 2.2640358911973733e-7
2435 2.2728478565505545e-7
2436 2.2725274200021906e-7
2437 2.2758279121720642e-7
2438 2.2791924806503367e-7
2439 2.2827653276899995e-7
2440 2.2807465878253998e-7
2441 2.2804101321999364e-7
2442 2.2766610325294447e-7
2443 2.2734246411152453e-7
2444 2.2734246411152453e-7
2445 2.2749146658700908e-7
2446 2.2762925387497818e-7
2447 2.2762925387497818e-7
2448 2.2856812947794726e-7
2449 2.283886858665182e-7
2450 2.2936761588523728e-7
2451 2.2981302140398097e-7
2452 2.2968965373012914e-7
2453 2.3095857732772184e-7
2454 2.3035615918376186e-7
2455 2.3029046996637914e-7
2456 2.3014627382520638e-7
2457 2.3043306358866003e-7
2458 2.3072626159413545e-7
2459 2.311908930613082e-7
2460 2.3084802613791355e-7
2461 2.3108675133588547e-7
2462 2.3344034919651188e-7
2463 2.3339388531637635e-7
2464 2.3319521514533633e-7
2465 2.3297251269155543e-7
2466 2.3328333534893182e-7
2467 2.3328333534893182e-7
2468 2.3328333534893182e-7
2469 2.3328333534893182e-7
2470 2.3328333534893182e-7
2471 2.3438883746810457e-7
2472 2.348278335224627e-7
2473 2.3487269488370637e-7
2474 2.3485026450867547e-7
2475 2.3488711449782365e-7
2476 2.3482623161475272e-7
2477 2.3485186641638544e-7
2478 2.3465960509854906e-7
2479 2.3502650369350272e-7
2480 2.3524920614728362e-7
2481 2.3561770664994726e-7
2482 2.3519633402512634e-7
2483 2.3539340228845638e-7
2484 2.3539340228845638e-7
2485 2.3539820923395007e-7
2486 2.3569781548144727e-7
2487 2.3569300975831736e-7
2488 2.35981401429481e-7
2489 2.366495087908237e-7
2490 2.3761562110313548e-7
2491 2.3761562110313548e-7
2492 2.3761562110313548e-7
2493 2.3816676964383e-7
2494 2.3816676964383e-7
2495 2.3816676964383e-7
2496 2.3816676964383e-7
2497 2.3816676964383e-7
2498 2.3816676964383e-7
2499 2.382853315945519e-7
2500 2.382853315945519e-7
2501 2.382853315945519e-7
2502 2.382853315945519e-7
2503 2.382853315945519e-7
2504 2.382853315945519e-7
2505 2.382853315945519e-7
2506 2.382853315945519e-7
2507 2.382853315945519e-7
2508 2.382853315945519e-7
2509 2.382853315945519e-7
2510 2.382853315945519e-7
2511 2.382853315945519e-7
2512 2.382853315945519e-7
2513 2.382853315945519e-7
2514 2.382853315945519e-7
2515 2.382853315945519e-7
2516 2.382853315945519e-7
2517 2.382853315945519e-7
2518 2.385400777031692e-7
2519 2.3868107002892203e-7
2520 2.3868107002892203e-7
2521 2.388060402216657e-7
2522 2.3941967355314114e-7
2523 2.3883487944990027e-7
2524 2.39099238838323e-7
2525 2.39182551485243e-7
2526 2.3926906916994663e-7
2527 2.398234227484249e-7
2528 2.402223649982149e-7
2529 2.3999805941436024e-7
2530 2.402303751479466e-7
2531 2.402127517184094e-7
2532 2.4021595553382934e-7
2533 2.407879325418448e-7
2534 2.4409322432302947e-7
2535 2.4409322432302947e-7
2536 2.4409322432302947e-7
2537 2.4409322432302947e-7
2538 2.4441846659452317e-7
2539 2.4441846659452317e-7
2540 2.4441846659452317e-7
2541 2.4441846659452317e-7
2542 2.4441846659452317e-7
2543 2.4441846659452317e-7
2544 2.4441846659452317e-7
2545 2.4441846659452317e-7
2546 2.4441846659452317e-7
2547 2.4441846659452317e-7
2548 2.4441846659452317e-7
2549 2.4441846659452317e-7
2550 2.4441846659452317e-7
2551 2.4441846659452317e-7
2552 2.4441846659452317e-7
2553 2.4441846659452317e-7
2554 2.4441846659452317e-7
2555 2.4441846659452317e-7
2556 2.4441846659452317e-7
2557 2.4441846659452317e-7
2558 2.4441846659452317e-7
2559 2.4441846659452317e-7
2560 2.4441846659452317e-7
2561 2.4441846659452317e-7
2562 2.4441846659452317e-7
2563 2.4441846659452317e-7
2564 2.4441846659452317e-7
2565 2.4441846659452317e-7
2566 2.4441846659452317e-7
2567 2.4441846659452317e-7
2568 2.4441846659452317e-7
2569 2.4441846659452317e-7
2570 2.4441846659452317e-7
2571 2.4441846659452317e-7
2572 2.4441846659452317e-7
2573 2.4441846659452317e-7
2574 2.4441846659452317e-7
2575 2.4441846659452317e-7
2576 2.4441846659452317e-7
2577 2.4441846659452317e-7
2578 2.4441846659452317e-7
2579 2.4441846659452317e-7
2580 2.45863629988125e-7
2581 2.4649809178692135e-7
2582 2.462321304907886e-7
2583 2.4660543793894595e-7
2584 2.46584609471625e-7
2585 2.466422879280941e-7
2586 2.473648699304859e-7
2587 2.479352444196095e-7
2588 2.4956946409326404e-7
2589 2.4956946409326404e-7
2590 2.4956946409326404e-7
2591 2.4956946409326404e-7
2592 2.491705224546559e-7
2593 2.493195249301404e-7
2594 2.493195249301404e-7
2595 2.493195249301404e-7
2596 2.493195249301404e-7
2597 2.493195249301404e-7
2598 2.493195249301404e-7
2599 2.493195249301404e-7
2600 2.493195249301404e-7
2601 2.493195249301404e-7
2602 2.493195249301404e-7
2603 2.493195249301404e-7
2604 2.493195249301404e-7
2605 2.493195249301404e-7
2606 2.493195249301404e-7
2607 2.493195249301404e-7
2608 2.493195249301404e-7
2609 2.493195249301404e-7
2610 2.493195249301404e-7
2611 2.493195249301404e-7
2612 2.493195249301404e-7
2613 2.493195249301404e-7
2614 2.493195249301404e-7
2615 2.493195249301404e-7
2616 2.493195249301404e-7
2617 2.493195249301404e-7
2618 2.4937239644111583e-7
2619 2.4937239644111583e-7
2620 2.4937239644111583e-7
2621 2.4937239644111583e-7
2622 2.4937239644111583e-7
2623 2.497617254111004e-7
2624 2.497617254111004e-7
2625 2.497617254111004e-7
2626 2.497617254111004e-7
2627 2.497617254111004e-7
2628 2.497617254111004e-7
2629 2.497617254111004e-7
2630 2.497617254111004e-7
2631 2.497617254111004e-7
2632 2.497617254111004e-7
2633 2.50130225913764e-7
2634 2.50130225913764e-7
2635 2.506717617858349e-7
2636 2.5084319463635037e-7
2637 2.5084319463635037e-7
2638 2.5148887162266214e-7
2639 2.5203521382904485e-7
2640 2.521361505166839e-7
2641 2.522418941498166e-7
2642 2.5187179112826115e-7
2643 2.5187179112826115e-7
2644 2.5214255936988753e-7
2645 2.5237487449229203e-7
2646 2.5237487449229203e-7
2647 2.532849108670266e-7
2648 2.5312629511173656e-7
2649 2.533554064187211e-7
2650 2.5325126530448024e-7
2651 2.5317275899187207e-7
2652 2.5320960836983834e-7
2653 2.532288349294493e-7
2654 2.533890519812674e-7
2655 2.533313741359802e-7
2656 2.5328170644042473e-7
2657 2.5323364065257924e-7
2658 2.532688893451993e-7
2659 2.5310226282899565e-7
2660 2.5323524378265295e-7
2661 2.5332496528277656e-7
2662 2.5277862246521193e-7
2663 2.526023832803847e-7
2664 2.531423172447456e-7
2665 2.5311347801651104e-7
2666 2.5321441531533195e-7
2667 2.529580666878228e-7
2668 2.530654122286655e-7
2669 2.532865127747364e-7
2670 2.535236348426346e-7
2671 2.532961260545419e-7
2672 2.5320960836983823e-7
2673 2.5320800646212825e-7
2674 2.532240285951374e-7
2675 2.532416520246746e-7
2676 2.533618158831065e-7
2677 2.5377357522812193e-7
2678 2.534563437175419e-7
2679 2.53473967758261e-7
2680 2.5379119926884106e-7
2681 2.527962471171128e-7
2682 2.5318077036396745e-7
2683 2.533794393126437e-7
2684 2.533489975655173e-7
2685 2.5329772918461564e-7
2686 2.5329772918461564e-7
2687 2.5329772918461564e-7
2688 2.5398185867896744e-7
2689 2.5353324873362196e-7
2690 2.53714294252761e-7
2691 2.537223056248565e-7
2692 2.542382060841128e-7
2693 2.5435196108934103e-7
2694 2.5442245725221744e-7
2695 2.5442245725221744e-7
2696 2.5450256547253554e-7
2697 2.5450256547253554e-7
2698 2.5450256547253554e-7
2699 2.5450256547253554e-7
2700 2.547989679046128e-7
2701 2.5517708168708193e-7
2702 2.552443734233565e-7
2703 2.5526199685289374e-7
2704 2.552796208936128e-7
2705 2.562697660998474e-7
2706 2.556913802386283e-7
2707 2.562761743418692e-7
2708 2.562873895293846e-7
2709 2.574393536951473e-7
2710 2.5708046647228913e-7
2711 2.5690582919517185e-7
2712 2.569987551218973e-7
2713 2.573576435671192e-7
2714 2.5756432388789095e-7
2715 2.5701477725490643e-7
2716 2.5683693555118733e-7
2717 2.569715184125546e-7
2718 2.5698113169236006e-7
2719 2.5684975386877647e-7
2720 2.573384170075082e-7
2721 2.5757073274109454e-7
2722 2.5791039401552364e-7
2723 2.569939487875854e-7
2724 2.5723908222757906e-7
2725 2.56960303225039e-7
2726 2.568129026572644e-7
2727 2.5710449936621174e-7
2728 2.5710449936621174e-7
2729 2.5710449936621174e-7
2730 2.5710449936621174e-7
2731 2.5710449936621174e-7
2732 2.5710449936621174e-7
2733 2.5710449936621174e-7
2734 2.5710449936621174e-7
2735 2.586265671647117e-7
2736 2.585656842816408e-7
2737 2.5912484358324894e-7
2738 2.5888772212653265e-7
2739 2.592498137759926e-7
2740 2.588188278713662e-7
2741 2.591136283957335e-7
2742 2.5970002562904813e-7
2743 2.600749349849154e-7
2744 2.6138551551714995e-7
2745 2.618549533186345e-7
2746 2.618549533186345e-7
2747 2.623980910984154e-7
2748 2.6293001369068086e-7
2749 2.630133269487827e-7
2750 2.6328729900582904e-7
2751 2.6298929466604184e-7
2752 2.6290918522335997e-7
2753 2.6318315789158817e-7
2754 2.6313669462263453e-7
2755 2.631655338508691e-7
2756 2.631078553944e-7
2757 2.627617852667673e-7
2758 2.627617852667673e-7
2759 2.630373592315236e-7
2760 2.630373592315236e-7
2761 2.6344271033451726e-7
2762 2.6392977156553904e-7
2763 2.635933147177118e-7
2764 2.6317995285380454e-7
2765 2.6317995285380454e-7
2766 2.6317995285380454e-7
2767 2.6317995285380454e-7
2768 2.6317995285380454e-7
2769 2.6317995285380454e-7
2770 2.6317995285380454e-7
2771 2.6317995285380454e-7
2772 2.6409159113624904e-7
2773 2.647212466007336e-7
2774 2.646171054864927e-7
2775 2.646171054864927e-7
2776 2.6454981436140004e-7
2777 2.644040157013354e-7
2778 2.6448732895943724e-7
2779 2.644088220356472e-7
2780 2.645065555190482e-7
2781 2.6469400928020904e-7
2782 2.6432550877754543e-7
2783 2.6432550877754543e-7
2784 2.6432550877754543e-7
2785 2.6432550877754543e-7
2786 2.6511217747842817e-7
2787 2.6522753378018447e-7
2788 2.6486223831530454e-7
2789 2.65416590671419e-7
2790 2.6509935977202084e-7
2791 2.651922863099281e-7
2792 2.654678608858663e-7
2793 2.655832171876226e-7
2794 2.654374191387399e-7
2795 2.65455043179459e-7
2796 2.658988461793108e-7
2797 2.655511735327862e-7
2798 2.653669241982272e-7
2799 2.657834892663726e-7
2800 2.658716094699681e-7
2801 2.6678004393699267e-7
2802 2.688580659993171e-7
2803 2.6960307837673985e-7
2804 2.6960307837673985e-7
2805 2.6960307837673985e-7
2806 2.69960363691888e-7
2807 2.6997638582489717e-7
2808 2.6986583524627075e-7
2809 2.6986583524627075e-7
2810 2.706284716644126e-7
2811 2.7054195397970894e-7
2812 2.7047466285461626e-7
2813 2.7047466285461626e-7
2814 2.7047466285461626e-7
2815 2.7047466285461626e-7
2816 2.7047466285461626e-7
2817 2.7047466285461626e-7
2818 2.7047466285461626e-7
2819 2.7177883514482905e-7
2820 2.720271717890608e-7
2821 2.73166318859598e-7
2822 2.7327206371509447e-7
2823 2.736181338427272e-7
2824 2.7222423944120894e-7
2825 2.7258633292421455e-7
2826 2.727241196010018e-7
2827 2.7321118083202356e-7
2828 2.7303333912830447e-7
2829 2.729644460955018e-7
2830 2.7333454911705726e-7
2831 2.734050452799337e-7
2832 2.733697965873136e-7
2833 2.736597907773691e-7
2834 2.737078559540327e-7
2835 2.7356846675835365e-7
2836 2.7294041381276096e-7
2837 2.7340344276104184e-7
2838 2.7353642310351727e-7
2839 2.7357807942697725e-7
2840 2.734563148831992e-7
2841 2.7325764471215913e-7
2842 2.7331372064973637e-7
2843 2.7313107261170547e-7
2844 2.7331852698404816e-7
2845 2.7343869084248004e-7
2846 2.732640529541809e-7
2847 2.7325283776666546e-7
2848 2.7325283776666546e-7
2849 2.734418946579e-7
2850 2.734194642828691e-7
2851 2.734194642828691e-7
2852 2.734194642828691e-7
2853 2.734194642828691e-7
2854 2.740507222662455e-7
2855 2.742878437229618e-7
2856 2.746579461333354e-7
2857 2.745538050190945e-7
2858 2.744512664237455e-7
2859 2.746355157583045e-7
2860 2.7477009923085365e-7
2861 2.746707638397427e-7
2862 2.744833094674e-7
2863 2.751402016412273e-7
2864 2.747797118994773e-7
2865 2.7477330304627366e-7
2866 2.7521870795383546e-7
2867 2.7502644724718097e-7
2868 2.752219129916192e-7
2869 2.752090958963938e-7
2870 2.7500081244554827e-7
2871 2.7506489975522105e-7
2872 2.748085511277119e-7
2873 2.7547826100794646e-7
2874 2.7813467015385376e-7
2875 2.7813467015385376e-7
2876 2.7813467015385376e-7
2877 2.7813467015385376e-7
2878 2.7813467015385376e-7
2879 2.7813467015385376e-7
2880 2.7813467015385376e-7
2881 2.7908155651773646e-7
2882 2.788764774934928e-7
2883 2.788764774934928e-7
2884 2.788764774934928e-7
2885 2.788764774934928e-7
2886 2.788764774934928e-7
2887 2.7901426539264373e-7
2888 2.7918730015086917e-7
2889 2.7954778989261916e-7
2890 2.7954778989261916e-7
2891 2.798970644468537e-7
2892 2.7978971768364725e-7
2893 2.798009334823446e-7
2894 2.7973524365378e-7
2895 2.7973524365378e-7
2896 2.7973524365378e-7
2897 2.805795908111318e-7
2898 2.807285926754345e-7
2899 2.8078306731648366e-7
2900 2.8110190073477367e-7
2901 2.815553164032491e-7
2902 2.8121405322111006e-7
2903 2.808615736290918e-7
2904 2.812412899304528e-7
2905 2.8053633196878004e-7
2906 2.806629040692337e-7
2907 2.8050589022165363e-7
2908 2.8070616230040365e-7
2909 2.804113623872183e-7
2910 2.8040815796061646e-7
2911 2.807830673164837e-7
2912 2.807830673164837e-7
2913 2.807830673164837e-7
2914 2.811451583547618e-7
2915 2.811451583547618e-7
2916 2.815553151808854e-7
2917 2.8123167603946546e-7
2918 2.8123167603946546e-7
2919 2.8123167603946546e-7
2920 2.817684049660427e-7
2921 2.817684049660427e-7
2922 2.817684049660427e-7
2923 2.817684049660427e-7
2924 2.817684049660427e-7
2925 2.817684049660427e-7
2926 2.817684049660427e-7
2927 2.817684049660427e-7
2928 2.817684049660427e-7
2929 2.821481212674037e-7
2930 2.8211127066707363e-7
2931 2.8211127066707363e-7
2932 2.8211127066707363e-7
2933 2.8211127066707363e-7
2934 2.830934045012127e-7
2935 2.8289793936795637e-7
2936 2.8289793936795637e-7
2937 2.8379836307406734e-7
2938 2.836109080905428e-7
2939 2.835179815526355e-7
2940 2.835179815526355e-7
2941 2.835179815526355e-7
2942 2.8428061735959547e-7
2943 2.8428061735959547e-7
2944 2.8428061735959547e-7
2945 2.8428061735959547e-7
2946 2.8558158522320644e-7
2947 2.853604846771355e-7
2948 2.856056175059473e-7
2949 2.857353934218209e-7
2950 2.860558293590028e-7
2951 2.859148376444319e-7
2952 2.858347288129319e-7
2953 2.8578826554397824e-7
2954 2.8578826554397824e-7
2955 2.86932220171191e-7
2956 2.875474560215583e-7
2957 2.878726976818701e-7
2958 2.877797711439628e-7
2959 2.8956459703435746e-7
2960 2.8956459703435746e-7
2961 2.8956459703435746e-7
2962 2.8956459703435746e-7
2963 2.8956459703435746e-7
2964 2.8956459703435746e-7
2965 2.8956459703435746e-7
2966 2.896559210533729e-7
2967 2.90338447417651e-7
2968 2.90356072069552e-7
2969 2.90296791094191e-7
2970 2.908575535258729e-7
2971 2.905739681890211e-7
2972 2.904986663030148e-7
2973 2.9059639856405203e-7
2974 2.9032402841471566e-7
2975 2.900788955859039e-7
2976 2.9027756575694394e-7
2977 2.901013259609348e-7
2978 2.9012696015138565e-7
2979 2.9012696015138565e-7
2980 2.9012696015138565e-7
2981 2.9012696015138565e-7
2982 2.9012696015138565e-7
2983 2.9012696015138565e-7
2984 2.9012696015138565e-7
2985 2.9012696015138565e-7
2986 2.9066208655907105e-7
2987 2.9032723223013567e-7
2988 2.9032723223013567e-7
2989 2.9053711758869116e-7
2990 2.9053711758869116e-7
2991 2.9053711758869116e-7
2992 2.9053711758869116e-7
2993 2.9053711758869116e-7
2994 2.9053711758869116e-7
2995 2.915577045420521e-7
2996 2.9159455392001837e-7
2997 2.9175156715641657e-7
2998 2.923235453867958e-7
2999 2.9231713592241025e-7
3000 2.922258119033948e-7
3001 2.922129948081694e-7
3002 2.9201272272941936e-7
3003 2.9191178481941653e-7
3004 2.919742696101974e-7
3005 2.919742696101974e-7
3006 2.9237160995227746e-7
3007 2.9199349616980833e-7
3008 2.943759332586693e-7
3009 2.943759332586693e-7
3010 2.943759332586693e-7
3011 2.943759332586693e-7
3012 2.943759332586693e-7
3013 2.943759332586693e-7
3014 2.955903828263947e-7
3015 2.960309813996447e-7
3016 2.9600054026370015e-7
3017 2.9558237267666294e-7
3018 2.9575700934259836e-7
3019 2.956945245518175e-7
3020 2.956945245518175e-7
3021 2.957377833941693e-7
3022 2.962985452146693e-7
3023 2.966590349564193e-7
3024 2.960822510029102e-7
3025 2.960373902528484e-7
3026 2.9582269917116297e-7
3027 2.961431338859811e-7
3028 2.961960053969565e-7
3029 2.9644754769015385e-7
3030 2.968224570460211e-7
3031 2.969265987714438e-7
3032 2.9667665899713834e-7
3033 2.964155040353174e-7
3034 2.9642191288852105e-7
3035 2.9578905360861655e-7
3036 2.9665743304870923e-7
3037 2.964892040136137e-7
3038 2.964892040136137e-7
3039 2.964892040136137e-7
3040 2.964892040136137e-7
3041 2.9735117460050276e-7
3042 2.9738321825533915e-7
3043 2.9816828443733004e-7
3044 2.980801654560983e-7
3045 2.984726982415028e-7
3046 2.9889407025514183e-7
3047 2.9881716585024364e-7
3048 2.9902544930108914e-7
3049 2.9963427568707087e-7
3050 3.008743606676109e-7
3051 3.0266239037342546e-7
3052 3.0299724531354276e-7
3053 3.0312381680281455e-7
3054 3.0316226992203644e-7
3055 3.040098208948082e-7
3056 3.05113721106271e-7
3057 3.0560558867160457e-7
3058 3.061503289702773e-7
3059 3.062416536004746e-7
3060 3.0665341294549004e-7
3061 3.0716931401592826e-7
3062 3.09115958865851e-7
3063 3.09115958865851e-7
3064 3.09115958865851e-7
3065 3.09115958865851e-7
3066 3.0955976186570283e-7
3067 3.096110314689683e-7
3068 3.096110314689683e-7
3069 3.1031919385724284e-7
3070 3.1071172664264736e-7
3071 3.1058195072677375e-7
3072 3.1069410260192823e-7
3073 3.106139937704282e-7
3074 3.105354868466382e-7
3075 3.106652639848755e-7
3076 3.1055791722166906e-7
3077 3.1037687170253e-7
3078 3.099651123575146e-7
3079 3.1018941671900545e-7
3080 3.098257231618355e-7
3081 3.098257231618355e-7
3082 3.1049222861546823e-7
3083 3.102983653899219e-7
3084 3.1117796001753006e-7
3085 3.109328271887183e-7
3086 3.1093763413421194e-7
3087 3.110818296642028e-7
3088 3.116345807237892e-7
3089 3.1245649750611016e-7
3090 3.137782926146783e-7
3091 3.1460822015791287e-7
3092 3.1460822015791287e-7
3093 3.1460822015791287e-7
3094 3.1460822015791287e-7
3095 3.1460822015791287e-7
3096 3.1460822015791287e-7
3097 3.1460822015791287e-7
3098 3.1460822015791287e-7
3099 3.1460822015791287e-7
3100 3.150744535327956e-7
3101 3.155903539920519e-7
3102 3.160662006467401e-7
3103 3.171332508690547e-7
3104 3.182916244992029e-7
3105 3.182916244992029e-7
3106 3.182916244992029e-7
3107 3.182916244992029e-7
3108 3.182916244992029e-7
3109 3.182916244992029e-7
3110 3.189004521075484e-7
3111 3.190558634362366e-7
3112 3.184774775750175e-7
3113 3.184774775750175e-7
3114 3.1906387480833214e-7
3115 3.1906387480833214e-7
3116 3.1941475188145854e-7
3117 3.1941475188145854e-7
3118 3.1941475188145854e-7
3119 3.201373332726685e-7
3120 3.201373332726685e-7
3121 3.212059847915112e-7
3122 3.209432279219803e-7
3123 3.2048180088140934e-7
3124 3.204962211067085e-7
3125 3.2105538040831664e-7
3126 3.206628476229121e-7
3127 3.204097034220048e-7
3128 3.2023506614488754e-7
3129 3.2023506614488754e-7
3130 3.209127867860357e-7
3131 3.2127007210118387e-7
3132 3.2168343396509115e-7
3133 3.221929261823257e-7
3134 3.223547463642176e-7
3135 3.2234353117670215e-7
3136 3.222698305872239e-7
3137 3.2309815561156663e-7
3138 3.24291777323153e-7
3139 3.24291777323153e-7
3140 3.24291777323153e-7
3141 3.24291777323153e-7
3142 3.24291777323153e-7
3143 3.24291777323153e-7
3144 3.24291777323153e-7
3145 3.24291777323153e-7
3146 3.24291777323153e-7
3147 3.24291777323153e-7
3148 3.24291777323153e-7
3149 3.24291777323153e-7
3150 3.24291777323153e-7
3151 3.24291777323153e-7
3152 3.24291777323153e-7
3153 3.24291777323153e-7
3154 3.24291777323153e-7
3155 3.24291777323153e-7
3156 3.24291777323153e-7
3157 3.250464029803812e-7
3158 3.2555749771650764e-7
3159 3.2505441435247676e-7
3160 3.2579461978440585e-7
3161 3.254245167628504e-7
3162 3.2544854904559125e-7
3163 3.2557832557264673e-7
3164 3.2557832557264673e-7
3165 3.26874486490764e-7
3166 3.279046861127486e-7
3167 3.277300488356313e-7
3168 3.27492927378915e-7
3169 3.280232474522886e-7
3170 3.270859737570295e-7
3171 3.2756021850400774e-7
3172 3.281834645041067e-7
3173 3.2838373658285674e-7
3174 3.285727934740913e-7
3175 3.288595826263631e-7
3176 3.2907587561575843e-7
3177 3.28462242284283e-7
3178 3.2962382095221485e-7
3179 3.292873641043876e-7
3180 3.2975840320240026e-7
3181 3.3060915921295577e-7
3182 3.316009057157184e-7
3183 3.3162493799845927e-7
3184 3.314535051479438e-7
3185 3.3137980516964744e-7
3186 3.3143588171840654e-7
3187 3.3184123221021834e-7
3188 3.317883606992429e-7
3189 3.3217929157693746e-7
3190 3.3183963030250836e-7
3191 3.3190692142760104e-7
3192 3.317402949113974e-7
3193 3.326823749409683e-7
3194 3.326983964627955e-7
3195 3.3282657047095915e-7
3196 3.328313774164528e-7
3197 3.3279132238952095e-7
3198 3.330332514029128e-7
3199 3.3289546411494373e-7
3200 3.3276248316128643e-7
3201 3.322786257456846e-7
3202 3.331934690659128e-7
3203 3.331934690659128e-7
3204 3.331934690659128e-7
3205 3.3450404959814736e-7
3206 3.3450404959814736e-7
3207 3.3450404959814736e-7
3208 3.3450404959814736e-7
3209 3.3450404959814736e-7
3210 3.3450404959814736e-7
3211 3.3450404959814736e-7
3212 3.350007253313384e-7
3213 3.3464664383161017e-7
3214 3.348853684184002e-7
3215 3.348853684184002e-7
3216 3.3528911639132017e-7
3217 3.358450718775084e-7
3218 3.3565281055967204e-7
3219 3.35591928287783e-7
3220 3.357505434318911e-7
3221 3.3566082132058565e-7
3222 3.3559993843751475e-7
3223 3.355662928749684e-7
3224 3.355198302171966e-7
3225 3.356640257471875e-7
3226 3.356640257471875e-7
3227 3.359924718341011e-7
3228 3.359924718341011e-7
3229 3.359924718341011e-7
3230 3.359924718341011e-7
3231 3.3686726012739745e-7
3232 3.3686726012739745e-7
3233 3.371316195158202e-7
3234 3.3701305878746207e-7
3235 3.3731907388816294e-7
3236 3.371332214235302e-7
3237 3.3757221808907025e-7
3238 3.375658092358666e-7
3239 3.375129371137093e-7
3240 3.3715084546424935e-7
3241 3.3670223613008573e-7
3242 3.369377562902739e-7
3243 3.368993037822339e-7
3244 3.3726460046947754e-7
3245 3.373431067820857e-7
3246 3.3724217009444667e-7
3247 3.37517744059203e-7
3248 3.3794392301833573e-7
3249 3.387033531763301e-7
3250 3.38820313219342e-7
3251 3.381121502198856e-7
3252 3.37782102225262e-7
3253 3.375561953448793e-7
3254 3.377468541438238e-7
3255 3.37661938978012e-7
3256 3.37661938978012e-7
3257 3.381634210455148e-7
3258 3.3853833040138206e-7
3259 3.3854313673569386e-7
3260 3.3850308231994386e-7
3261 3.385463411622957e-7
3262 3.385527500154993e-7
3263 3.3851589941516927e-7
3264 3.3844540447465664e-7
3265 3.3849026522471844e-7
3266 3.384934690401384e-7
3267 3.385639652030148e-7
3268 3.3859921267327115e-7
3269 3.38560760776413e-7
3270 3.3854634116229573e-7
3271 3.3853352345588845e-7
3272 3.385303196404685e-7
3273 3.3838291907269395e-7
3274 3.3803364512964126e-7
3275 3.385319215481785e-7
3276 3.38360488697663e-7
3277 3.38360488697663e-7
3278 3.3934742947729573e-7
3279 3.3928494407533293e-7
3280 3.3922245928455205e-7
3281 3.3928494407533293e-7
3282 3.393330098631784e-7
3283 3.399402349526321e-7
3284 3.399963108902093e-7
3285 3.3975598439570934e-7
3286 3.3963582175964125e-7
3287 3.4078137768338214e-7
3288 3.423771454601785e-7
3289 3.423771454601785e-7
3290 3.423771454601785e-7
3291 3.423771454601785e-7
3292 3.423771454601785e-7
3293 3.423771454601785e-7
3294 3.423771454601785e-7
3295 3.423771454601785e-7
3296 3.423771454601785e-7
3297 3.423771454601785e-7
3298 3.423771454601785e-7
3299 3.423771454601785e-7
3300 3.423771454601785e-7
3301 3.423771454601785e-7
3302 3.423771454601785e-7
3303 3.423771454601785e-7
3304 3.423771454601785e-7
3305 3.423771454601785e-7
3306 3.423771454601785e-7
3307 3.423771454601785e-7
3308 3.423771454601785e-7
3309 3.423771454601785e-7
3310 3.423771454601785e-7
3311 3.423771454601785e-7
3312 3.423771454601785e-7
3313 3.423771454601785e-7
3314 3.423771454601785e-7
3315 3.423771454601785e-7
3316 3.423771454601785e-7
3317 3.423771454601785e-7
3318 3.423771454601785e-7
3319 3.423771454601785e-7
3320 3.423771454601785e-7
3321 3.423771454601785e-7
3322 3.423771454601785e-7
3323 3.423771454601785e-7
3324 3.423771454601785e-7
3325 3.423771454601785e-7
3326 3.423771454601785e-7
3327 3.423771454601785e-7
3328 3.423771454601785e-7
3329 3.423771454601785e-7
3330 3.423771454601785e-7
3331 3.423771454601785e-7
3332 3.43266353978774e-7
3333 3.4321989009863847e-7
3334 3.4276967885676487e-7
3335 3.432311065085177e-7
3336 3.4336729066641307e-7
3337 3.436813171392094e-7
3338 3.438447398399931e-7
3339 3.439552898074376e-7
3340 3.4382711518809213e-7
3341 3.4398733285109215e-7
3342 3.437309848347649e-7
3343 3.435691652640549e-7
3344 3.430420496172831e-7
3345 3.4321668750558224e-7
3346 3.436156291441904e-7
3347 3.436685012663477e-7
3348 3.436668993586377e-7
3349 3.4383672907907945e-7
3350 3.438126967963386e-7
3351 3.442308656057396e-7
3352 3.445112459048077e-7
3353 3.4433660862769043e-7
3354 3.4433660862769043e-7
3355 3.450495773502768e-7
3356 3.455782961271223e-7
3357 3.456407809179032e-7
3358 3.462207692980141e-7
3359 3.463441363606841e-7
3360 3.4613425161331046e-7
3361 3.463088882792459e-7
3362 3.4613585413220236e-7
3363 3.4613585413220236e-7
3364 3.4613585413220236e-7
3365 3.4613585413220236e-7
3366 3.467927463060296e-7
3367 3.466934121372824e-7
3368 3.4725737777320234e-7
3369 3.473487017922178e-7
3370 3.470314708928196e-7
3371 3.4722533411836595e-7
3372 3.4707472973517145e-7
3373 3.473711321672487e-7
3374 3.4736792835182876e-7
3375 3.4747367198496147e-7
3376 3.474191979550942e-7
3377 3.4726699044182594e-7
3378 3.476370934633814e-7
3379 3.477156003871714e-7
3380 3.476947725310324e-7
3381 3.479431091752641e-7
3382 3.478133332593905e-7
3383 3.4784858072964685e-7
3384 3.480728863135015e-7
3385 3.489556853677115e-7
3386 3.490005461177733e-7
3387 3.491175049384215e-7
3388 3.494523598785388e-7
3389 3.4969108324296506e-7
3390 3.499810780442024e-7
3391 3.4997306667210694e-7
3392 3.499987020849215e-7
3393 3.495853408321961e-7
3394 3.5029991207367435e-7
3395 3.5071006889979794e-7
3396 3.505402385681743e-7
3397 3.5059150817143977e-7
3398 3.509824390491343e-7
3399 3.511234307637052e-7
3400 3.512003351686034e-7
3401 3.509792346225325e-7
3402 3.5102569789148613e-7
3403 3.507597365953534e-7
3404 3.509375782990725e-7
3405 3.5102089155717433e-7
3406 3.506764233372516e-7
3407 3.5074531698123615e-7
3408 3.5067001509522985e-7
3409 3.505706797041189e-7
3410 3.506331644948998e-7
3411 3.511250332825971e-7
3412 3.504184734132144e-7
3413 3.506555948699307e-7
3414 3.507725536905789e-7
3415 3.5062675625287803e-7
3416 3.506652081497362e-7
3417 3.5067962837503537e-7
3418 3.5061393854647075e-7
3419 3.5078537200816807e-7
3420 3.506604018154244e-7
3421 3.50349579158048e-7
3422 3.505530562745817e-7
3423 3.5009803747603253e-7
3424 3.5009803747603253e-7
3425 3.5073410118253885e-7
3426 3.511138168727179e-7
3427 3.5071006889979794e-7
3428 3.509552017286097e-7
3429 3.508302321470479e-7
3430 3.511490655653379e-7
3431 3.5137497244572063e-7
3432 3.518780558097515e-7
3433 3.5355713623346783e-7
3434 3.5327034769237794e-7
3435 3.5297234274140883e-7
3436 3.530492465351251e-7
3437 3.533344337796869e-7
3438 3.5332161729564333e-7
3439 3.5389519560018685e-7
3440 3.5389519560018685e-7
3441 3.5389519560018685e-7
3442 3.5389519560018685e-7
3443 3.5389519560018685e-7
3444 3.5389519560018685e-7
3445 3.5389519560018685e-7
3446 3.5389519560018685e-7
3447 3.547427465729586e-7
3448 3.549670521568133e-7
3449 3.5468346620877956e-7
3450 3.550455584694214e-7
3451 3.553788115018287e-7
3452 3.5548455452377956e-7
3453 3.5560792280881326e-7
3454 3.5704187040371775e-7
3455 3.586536609247051e-7
3456 3.586536609247051e-7
3457 3.586536609247051e-7
3458 3.586536609247051e-7
3459 3.586536609247051e-7
3460 3.586536609247051e-7
3461 3.586536609247051e-7
3462 3.586536609247051e-7
3463 3.586536609247051e-7
3464 3.586536609247051e-7
3465 3.586536609247051e-7
3466 3.586536609247051e-7
3467 3.586536609247051e-7
3468 3.586536609247051e-7
3469 3.586536609247051e-7
3470 3.586536609247051e-7
3471 3.586536609247051e-7
3472 3.586536609247051e-7
3473 3.586536609247051e-7
3474 3.586536609247051e-7
3475 3.586536609247051e-7
3476 3.586536609247051e-7
3477 3.586536609247051e-7
3478 3.586536609247051e-7
3479 3.586536609247051e-7
3480 3.586536609247051e-7
3481 3.586536609247051e-7
3482 3.586536609247051e-7
3483 3.586536609247051e-7
3484 3.586536609247051e-7
3485 3.586536609247051e-7
3486 3.586536609247051e-7
3487 3.593041448565106e-7
3488 3.5938745811461243e-7
3489 3.595733099680633e-7
3490 3.5922403541382873e-7
3491 3.5896928991639336e-7
3492 3.591855835169706e-7
3493 3.594419315332979e-7
3494 3.5954286822093693e-7
3495 3.595749118757733e-7
3496 3.5968866688100155e-7
3497 3.599177781879861e-7
3498 3.5975435670956617e-7
3499 3.598552933972052e-7
3500 3.59542868220937e-7
3501 3.5959574034309426e-7
3502 3.5961817132930706e-7
3503 3.5964540803864973e-7
3504 3.5953485807120523e-7
3505 3.5953485807120523e-7
3506 3.59419501158267e-7
3507 3.594771796147361e-7
3508 3.5948198656022975e-7
3509 3.5924646578885966e-7
3510 3.593586188863779e-7
3511 3.597863991420388e-7
3512 3.601308667507796e-7
3513 3.5993860604412513e-7
3514 3.5972711877785966e-7
3515 3.597912054763505e-7
3516 3.600139079301314e-7
3517 3.6045610902227327e-7
3518 3.603743976718814e-7
3519 3.614975238317733e-7
3520 3.633961035050324e-7
3521 3.641523310699706e-7
3522 3.649277845833379e-7
3523 3.652914787516897e-7
3524 3.650960130072515e-7
3525 3.6699939840364056e-7
3526 3.6699939840364056e-7
3527 3.6699939840364056e-7
3528 3.6699939840364056e-7
3529 3.6699939840364056e-7
3530 3.6699939840364056e-7
3531 3.6699939840364056e-7
3532 3.6699939840364056e-7
3533 3.6699939840364056e-7
3534 3.6699939840364056e-7
3535 3.6699939840364056e-7
3536 3.6699939840364056e-7
3537 3.6699939840364056e-7
3538 3.6699939840364056e-7
3539 3.6699939840364056e-7
3540 3.6699939840364056e-7
3541 3.6699939840364056e-7
3542 3.6955166582412513e-7
3543 3.6977757270450785e-7
3544 3.6977757270450785e-7
3545 3.6977757270450785e-7
3546 3.704392712126469e-7
3547 3.70216568758866e-7
3548 3.70216568758866e-7
3549 3.7052578889735056e-7
3550 3.7111859376150505e-7
3551 3.705642414053906e-7
3552 3.7032071048428874e-7
3553 3.7032071048428874e-7
3554 3.7032071048428874e-7
3555 3.7032071048428874e-7
3556 3.7032071048428874e-7
3557 3.7032071048428874e-7
3558 3.7032071048428874e-7
3559 3.7032071048428874e-7
3560 3.7032071048428874e-7
3561 3.7081257927198605e-7
3562 3.7081257927198605e-7
3563 3.7147908533680063e-7
3564 3.719052642959334e-7
3565 3.720782990541588e-7
3566 3.717049922171834e-7
3567 3.714117936005261e-7
3568 3.714117936005261e-7
3569 3.725829849370816e-7
3570 3.720766971464489e-7
3571 3.717418422063316e-7
3572 3.7265187919224803e-7
3573 3.7315336003738707e-7
3574 3.7369649781716796e-7
3575 3.7338567515979157e-7
3576 3.7331518021927893e-7
3577 3.7333120174110617e-7
3578 3.7321264101274805e-7
3579 3.736916920940381e-7
3580 3.741306875372143e-7
3581 3.7602446026497973e-7
3582 3.7582579131630347e-7
3583 3.753579554225289e-7
3584 3.780912683621525e-7
3585 3.7812331140580697e-7
3586 3.789804756583842e-7
3587 3.793393641036061e-7
3588 3.7932013815517703e-7
3589 3.7916793064190876e-7
3590 3.7940505270980697e-7
3591 3.7971747727489334e-7
3592 3.7925284703008435e-7
3593 3.792384268047852e-7
3594 3.7924163062020513e-7
3595 3.7842452139455976e-7
3596 3.7836363851148886e-7
3597 3.7866805109329783e-7
3598 3.7855750112585333e-7
3599 3.783203802803189e-7
3600 3.779566848896033e-7
3601 3.7738470849276977e-7
3602 3.7742956924283157e-7
3603 3.7827872334567705e-7
3604 3.779358570334643e-7
3605 3.7780768302530064e-7
3606 3.7792464184594884e-7
3607 3.7792464184594884e-7
3608 3.7854148021520796e-7
3609 3.787177200112171e-7
3610 3.787273320686588e-7
3611 3.7887473263643336e-7
3612 3.788603130223161e-7
3613 3.7839728407403523e-7
3614 3.78861915541208e-7
3615 3.787994301392452e-7
3616 3.787994301392452e-7
3617 3.787994301392452e-7
3618 3.798312322801216e-7
3619 3.798312322801216e-7
3620 3.798312322801216e-7
3621 3.798312322801216e-7
3622 3.8103446666033155e-7
3623 3.8062110540760614e-7
3624 3.8066436424995796e-7
3625 3.8081977496746427e-7
3626 3.809383363070043e-7
3627 3.8090308761438424e-7
3628 3.810280578071279e-7
3629 3.8108092931810333e-7
3630 3.8069800981250433e-7
3631 3.8082297939406614e-7
3632 3.805890617527698e-7
3633 3.804769092664334e-7
3634 3.8029105619061883e-7
3635 3.8021254987801066e-7
3636 3.8021254987801066e-7
3637 3.8021254987801066e-7
3638 3.8021254987801066e-7
3639 3.8021254987801066e-7
3640 3.8021254987801066e-7
3641 3.8021254987801066e-7
3642 3.8021254987801066e-7
3643 3.8021254987801066e-7
3644 3.8021254987801066e-7
3645 3.8021254987801066e-7
3646 3.8071242820425786e-7
3647 3.8079574207354155e-7
3648 3.808950774646525e-7
3649 3.8137092350815883e-7
3650 3.8133727794561246e-7
3651 3.808293882472698e-7
3652 3.808293882472698e-7
3653 3.808293882472698e-7
3654 3.808293882472698e-7
3655 3.808293882472698e-7
3656 3.808293882472698e-7
3657 3.808293882472698e-7
3658 3.812155121794706e-7
3659 3.822505193581307e-7
3660 3.8206947261662794e-7
3661 3.8181312460030067e-7
3662 3.8115943624189336e-7
3663 3.8115943624189336e-7
3664 3.8148307599449517e-7
3665 3.8127960010032524e-7
3666 3.817025746328561e-7
3667 3.819525131847978e-7
3668 3.817874897986679e-7
3669 3.8288978749123885e-7
3670 3.828112811786307e-7
3671 3.827263660128189e-7
3672 3.83045198819927e-7
3673 3.8293625137137436e-7
3674 3.831541462684797e-7
3675 3.832695031814179e-7
3676 3.82665483129748e-7
3677 3.831317158934488e-7
3678 3.823883066460998e-7
3679 3.826574717576525e-7
3680 3.826895154124889e-7
3681 3.841699268875289e-7
3682 3.8385750171126064e-7
3683 3.8399368709151976e-7
3684 3.8418594779817425e-7
3685 3.841635174231434e-7
3686 3.843445635534643e-7
3687 3.842676591485661e-7
3688 3.8445992046640246e-7
3689 3.842564439610506e-7
3690 3.8441666162405063e-7
3691 3.8432694012392703e-7
3692 3.8417633451836874e-7
3693 3.8448875969463697e-7
3694 3.841875497058842e-7
3695 3.838558998035506e-7
3696 3.835771208010106e-7
3697 3.8437019896627885e-7
3698 3.840657851621061e-7
3699 3.849533905506279e-7
3700 3.85291449917347e-7
3701 3.862143046096707e-7
3702 3.8751366873202607e-7
3703 3.8751366873202607e-7
3704 3.879350407456651e-7
3705 3.8773316675920515e-7
3706 3.8773316675920515e-7
3707 3.8773316675920515e-7
3708 3.8773316675920515e-7
3709 3.8773316675920515e-7
3710 3.8857751391655697e-7
3711 3.888386688783779e-7
3712 3.890645757587606e-7
3713 3.891014257479088e-7
3714 3.89417054739597e-7
3715 3.8930329973436875e-7
3716 3.8995698809277606e-7
3717 3.89016510582097e-7
3718 3.8922799784836246e-7
3719 3.893818060469769e-7
3720 3.8862237466661877e-7
3721 3.8862237466661877e-7
3722 3.8862237466661877e-7
3723 3.8862237466661877e-7
3724 3.8862237466661877e-7
3725 3.8862237466661877e-7
3726 3.8862237466661877e-7
3727 3.8862237466661877e-7
3728 3.8862237466661877e-7
3729 3.8862237466661877e-7
3730 3.8862237466661877e-7
3731 3.8862237466661877e-7
3732 3.8862237466661877e-7
3733 3.8862237466661877e-7
3734 3.8862237466661877e-7
3735 3.8862237466661877e-7
3736 3.8862237466661877e-7
3737 3.8862237466661877e-7
3738 3.8862237466661877e-7
3739 3.8862237466661877e-7
3740 3.8862237466661877e-7
3741 3.8862237466661877e-7
3742 3.8862237466661877e-7
3743 3.8862237466661877e-7
3744 3.8862237466661877e-7
3745 3.8862237466661877e-7
3746 3.8862237466661877e-7
3747 3.8862237466661877e-7
3748 3.8862237466661877e-7
3749 3.8862237466661877e-7
3750 3.8862237466661877e-7
3751 3.8907739285398603e-7
3752 3.895436262288688e-7
3753 3.8958848759011245e-7
3754 3.895692610305015e-7
3755 3.899041159706188e-7
3756 3.899153311581342e-7
3757 3.8966218756840877e-7
3758 3.8975351097624235e-7
3759 3.891542978700661e-7
3760 3.8947633510377605e-7
3761 3.901284209432915e-7
3762 3.8986886788918057e-7
3763 3.8979837294866793e-7
3764 3.897022419841588e-7
3765 3.898143938593133e-7
3766 3.898015767640879e-7
3767 3.896766071825261e-7
3768 3.896093160574334e-7
3769 3.887954094248442e-7
3770 3.8939782879116794e-7
3771 3.893032997343688e-7
3772 3.8954202370997694e-7
3773 3.8962053124494884e-7
3774 3.8938501047357874e-7
3775 3.8923280418267425e-7
3776 3.8920556686214966e-7
3777 3.8967500466363424e-7
3778 3.893705908594615e-7
3779 3.895468306554706e-7
3780 3.8934816048443055e-7
3781 3.890934149869952e-7
3782 3.889812618894769e-7
3783 3.890004884490879e-7
3784 3.890004884490879e-7
3785 3.890004884490879e-7
3786 3.890004884490879e-7
3787 3.890004884490879e-7
3788 3.890004884490879e-7
3789 3.890004884490879e-7
3790 3.890004884490879e-7
3791 3.890004884490879e-7
3792 3.890004884490879e-7
3793 3.890004884490879e-7
3794 3.890004884490879e-7
3795 3.890004884490879e-7
3796 3.890004884490879e-7
3797 3.890004884490879e-7
3798 3.890004884490879e-7
3799 3.890004884490879e-7
3800 3.890004884490879e-7
3801 3.890004884490879e-7
3802 3.90099581715057e-7
3803 3.90099581715057e-7
3804 3.90099581715057e-7
3805 3.90099581715057e-7
3806 3.90099581715057e-7
3807 3.90099581715057e-7
3808 3.90099581715057e-7
3809 3.90099581715057e-7
3810 3.90099581715057e-7
3811 3.917241887200879e-7
3812 3.917786627499552e-7
3813 3.9191324561132246e-7
3814 3.914918729865015e-7
3815 3.914918729865015e-7
3816 3.914918729865015e-7
3817 3.914918729865015e-7
3818 3.914918729865015e-7
3819 3.914918729865015e-7
3820 3.914918729865015e-7
3821 3.914918729865015e-7
3822 3.917466190951188e-7
3823 3.917466190951188e-7
3824 3.917466190951188e-7
3825 3.917466190951188e-7
3826 3.9313410342106964e-7
3827 3.929754882769615e-7
3828 3.9375414621693064e-7
3829 3.927944421466406e-7
3830 3.9273836620906336e-7
3831 3.9273836620906336e-7
3832 3.931405128854552e-7
3833 3.931405128854552e-7
3834 3.9375254430922066e-7
3835 3.9371729622778245e-7
3836 3.9393519234725155e-7
3837 3.93986461950517e-7
3838 3.9519450327622063e-7
3839 3.956158759010415e-7
3840 3.9576007081985053e-7
3841 3.962951978387178e-7
3842 3.978781491314706e-7
3843 3.978781491314706e-7
3844 3.978781491314706e-7
3845 3.978781491314706e-7
3846 3.978781491314706e-7
3847 3.978781491314706e-7
3848 3.978781491314706e-7
3849 3.978781491314706e-7
3850 3.978781491314706e-7
3851 3.978781491314706e-7
3852 3.978781491314706e-7
3853 3.978781491314706e-7
3854 3.978781491314706e-7
3855 3.978781491314706e-7
3856 3.978781491314706e-7
3857 3.978781491314706e-7
3858 3.978781491314706e-7
3859 3.978781491314706e-7
3860 3.978781491314706e-7
3861 3.978781491314706e-7
3862 3.978781491314706e-7
3863 3.978781491314706e-7
3864 3.978781491314706e-7
3865 3.986263653243133e-7
3866 4.000170552992297e-7
3867 3.9963253266355694e-7
3868 3.9993213952223603e-7
3869 3.9990009586739964e-7
3870 3.9990009586739964e-7
3871 4.0106968468506325e-7
3872 4.0091267144866505e-7
3873 4.011690194649923e-7
3874 4.010184150817978e-7
3875 4.01896407801696e-7
3876 4.0181309454359416e-7
3877 4.019717096877023e-7
3878 4.0333356043438417e-7
3879 4.0419713354016504e-7
3880 4.0568876020272053e-7
3881 4.0568876020272053e-7
3882 4.0686796230018965e-7
3883 4.0686796230018965e-7
3884 4.071691716777606e-7
3885 4.071691716777606e-7
3886 4.071691716777606e-7
3887 4.071691716777606e-7
3888 4.071691716777606e-7
3889 4.071691716777606e-7
3890 4.071691716777606e-7
3891 4.071691716777606e-7
3892 4.0778120310152604e-7
3893 4.079286036693006e-7
3894 4.0797666823478235e-7
3895 4.079862815145878e-7
3896 4.0784208598459695e-7
3897 4.078052353842669e-7
3898 4.0817533840582235e-7
3899 4.0817533840582235e-7
3900 4.0817533840582235e-7
3901 4.0817533840582235e-7
3902 4.0928083991381323e-7
3903 4.097743106092205e-7
3904 4.105305381741587e-7
3905 4.119276370022788e-7
3906 4.129257923582451e-7
3907 4.129257923582451e-7
3908 4.129257923582451e-7
3909 4.129257923582451e-7
3910 4.1361312627919875e-7
3911 4.1361312627919875e-7
3912 4.1361312627919875e-7
3913 4.1361312627919875e-7
3914 4.1441581650190873e-7
3915 4.1497177198809695e-7
3916 4.149108897162079e-7
3917 4.14608078430927e-7
3918 4.144750974772697e-7
3919 4.13887098947427e-7
3920 4.152233136701124e-7
3921 4.153482838628561e-7
3922 4.15250550990637e-7
3923 4.153675098112852e-7
3924 4.150262466291462e-7
3925 4.1544120978958157e-7
3926 4.156975578059088e-7
3927 4.160308108383161e-7
3928 4.1544441482736526e-7
3929 4.158289368518561e-7
3930 4.159186583519797e-7
3931 4.155229205287915e-7
3932 4.16091693721387e-7
3933 4.165194751994116e-7
3934 4.194354361770661e-7
3935 4.194354361770661e-7
3936 4.194354361770661e-7
3937 4.194354361770661e-7
3938 4.1990647527507874e-7
3939 4.203614946848098e-7
3940 4.209494932146525e-7
3941 4.2084374897033785e-7
3942 4.2147020061940244e-7
3943 4.2528498461782163e-7
3944 4.2641932535404703e-7
3945 4.266404252889361e-7
3946 4.26558715160908e-7
3947 4.266484366610316e-7
3948 4.261373425360871e-7
3949 4.2587939138968615e-7
3950 4.254884605119916e-7
3951 4.254884605119916e-7
3952 4.254884605119916e-7
3953 4.254884605119916e-7
3954 4.254884605119916e-7
3955 4.254884605119916e-7
3956 4.260828672838561e-7
3957 4.2648982090574163e-7
3958 4.2642573359606886e-7
3959 4.266276075825288e-7
3960 4.262799355471861e-7
3961 4.262751292128743e-7
3962 4.2632159248182794e-7
3963 4.263840772726088e-7
3964 4.2661318857959336e-7
3965 4.268150625660533e-7
3966 4.2670130756082507e-7
3967 4.2718997192192056e-7
3968 4.275232249543279e-7
3969 4.2722041366904697e-7
3970 4.2773471222059335e-7
3971 4.276433882015779e-7
3972 4.2711627194362425e-7
3973 4.2718837001421064e-7
3974 4.271787567344052e-7
3975 4.2716593963917976e-7
3976 4.272300263376706e-7
3977 4.2676219044389603e-7
3978 4.273325655442015e-7
3979 4.27180359253297e-7
3980 4.2655230508534054e-7
3981 4.2649302533234335e-7
3982 4.2649302533234335e-7
3983 4.2649302533234335e-7
3984 4.2649302533234335e-7
3985 4.269592587072261e-7
3986 4.273149421146643e-7
3987 4.2733096363649153e-7
3988 4.2745433131034336e-7
3989 4.2740626613367974e-7
3990 4.275776989841952e-7
3991 4.270265498323188e-7
3992 4.2667887779697606e-7
3993 4.281064171498588e-7
3994 4.277507337424206e-7
3995 4.275969255438061e-7
3996 4.2700251754957787e-7
3997 4.26962462522646e-7
3998 4.26962462522646e-7
3999 4.2830829052513686e-7
4000 4.2830829052513686e-7
4001 4.2830829052513686e-7
4002 4.2830829052513686e-7
4003 4.2830829052513686e-7
4004 4.288770631065505e-7
4005 4.289443542316432e-7
4006 4.286976194951214e-7
4007 4.288770631065505e-7
4008 4.2892352637550414e-7
4009 4.2937854395168954e-7
4010 4.2983035832363684e-7
4011 4.300098019350659e-7
4012 4.299296937147478e-7
4013 4.2975986277194235e-7
4014 4.299713500382078e-7
4015 4.2969417294337773e-7
4016 4.2984958427206595e-7
4017 4.298784235003005e-7
4018 4.301732246358497e-7
4019 4.310448085025442e-7
4020 4.325236174586924e-7
4021 4.325236174586924e-7
4022 4.3358746325440514e-7
4023 4.3368038918113057e-7
4024 4.3376530495812424e-7
4025 4.340024270260224e-7
4026 4.341450206483033e-7
4027 4.3423474275960876e-7
4028 4.341658491156242e-7
4029 4.3378933785204696e-7
4030 4.3378933785204696e-7
4031 4.3378933785204696e-7
4032 4.348323551804388e-7
4033 4.3500699306873797e-7
4034 4.34947712093377e-7
4035 4.350614664874233e-7
4036 4.347250096395961e-7
4037 4.348627969275652e-7
4038 4.345952337237225e-7
4039 4.344622527700652e-7
4040 4.345231350419542e-7
4041 4.346016413545624e-7
4042 4.3523930819114246e-7
4043 4.3516080126735243e-7
4044 4.3494610957448515e-7
4045 4.356863156175961e-7
4046 4.3569753080511154e-7
4047 4.356062067860961e-7
4048 4.378973198559416e-7
4049 4.3814405459246336e-7
4050 4.3814405459246336e-7
4051 4.3814405459246336e-7
4052 4.3814405459246336e-7
4053 4.3814405459246336e-7
4054 4.3814405459246336e-7
4055 4.3814405459246336e-7
4056 4.3814405459246336e-7
4057 4.383026697365715e-7
4058 4.383379172068278e-7
4059 4.3829145454905604e-7
4060 4.3887785178237067e-7
4061 4.3887785178237067e-7
4062 4.396036382113644e-7
4063 4.396388856816207e-7
4064 4.3988562164050625e-7
4065 4.3941938765444164e-7
4066 4.3991445964637704e-7
4067 4.4180022222441075e-7
4068 4.4147017422978717e-7
4069 4.4168807034925627e-7
4070 4.4170248935219166e-7
4071 4.411305123441762e-7
4072 4.4174735071343533e-7
4073 4.4207579618916707e-7
4074 4.4158553114272533e-7
4075 4.416608330287316e-7
4076 4.4249236309085803e-7
4077 4.4266059151477167e-7
4078 4.430194787376298e-7
4079 4.4260291366948445e-7
4080 4.432918488869662e-7
4081 4.431780951041017e-7
4082 4.4352736843597255e-7
4083 4.434536684576762e-7
4084 4.435786392616018e-7
4085 4.4540992658740444e-7
4086 4.452721399106172e-7
4087 4.456726840681172e-7
4088 4.4686630639088545e-7
4089 4.4677337985297816e-7
4090 4.4707298610047534e-7
4091 4.477683313935245e-7
4092 4.477683313935245e-7
4093 4.477683313935245e-7
4094 4.477683313935245e-7
4095 4.477683313935245e-7
4096 4.477683313935245e-7
4097 4.477683313935245e-7
4098 4.477683313935245e-7
4099 4.477683313935245e-7
4100 4.477683313935245e-7
4101 4.477683313935245e-7
4102 4.477683313935245e-7
4103 4.477683313935245e-7
4104 4.477683313935245e-7
4105 4.477683313935245e-7
4106 4.477683313935245e-7
4107 4.477683313935245e-7
4108 4.477683313935245e-7
4109 4.477683313935245e-7
4110 4.477683313935245e-7
4111 4.477683313935245e-7
4112 4.477683313935245e-7
4113 4.477683313935245e-7
4114 4.477683313935245e-7
4115 4.477683313935245e-7
4116 4.480487129149564e-7
4117 4.4804711039606455e-7
4118 4.4804711039606455e-7
4119 4.4804711039606455e-7
4120 4.4804711039606455e-7
4121 4.4804711039606455e-7
4122 4.4804711039606455e-7
4123 4.4804711039606455e-7
4124 4.4804711039606455e-7
4125 4.4804711039606455e-7
4126 4.4804711039606455e-7
4127 4.4804711039606455e-7
4128 4.4804711039606455e-7
4129 4.4804711039606455e-7
4130 4.4804711039606455e-7
4131 4.4804711039606455e-7
4132 4.4804711039606455e-7
4133 4.4804711039606455e-7
4134 4.4804711039606455e-7
4135 4.4849091400709824e-7
4136 4.488481993222464e-7
4137 4.487424550779318e-7
4138 4.4928238904229277e-7
4139 4.491446017543237e-7
4140 4.491397954200119e-7
4141 4.50197232362521e-7
4142 4.4997933685423377e-7
4143 4.5008027293069095e-7
4144 4.4987038757213546e-7
4145 4.4990243122697185e-7
4146 4.4927918461569095e-7
4147 4.4927918461569095e-7
4148 4.4950348897718183e-7
4149 4.495803939932619e-7
4150 4.496973528139101e-7
4151 4.501443602403637e-7
4152 4.5015717733558914e-7
4153 4.501539729089873e-7
4154 4.498559685692001e-7
4155 4.501956298436292e-7
4156 4.504135259630983e-7
4157 4.4973740722966014e-7
4158 4.4959641551508923e-7
4159 4.4946984341463557e-7
4160 4.4946984341463557e-7
4161 4.4946984341463557e-7
4162 4.4976464455018473e-7
4163 4.4976464455018473e-7
4164 4.5019883488141296e-7
4165 4.5016518870768473e-7
4166 4.50357450636703e-7
4167 4.5099191243549933e-7
4168 4.5166963246546563e-7
4169 4.533903710461875e-7
4170 4.533903710461875e-7
4171 4.533903710461875e-7
4172 4.533903710461875e-7
4173 4.533903710461875e-7
4174 4.5371881713310113e-7
4175 4.541690289861566e-7
4176 4.5415781379864115e-7
4177 4.5407930626366926e-7
4178 4.5456316429045295e-7
4179 4.5455515291835747e-7
4180 4.5435007450529564e-7
4181 4.544846579778448e-7
4182 4.544013441085611e-7
4183 4.546544883094684e-7
4184 4.5467531677678935e-7
4185 4.54883599616453e-7
4186 4.542379220189593e-7
4187 4.542379220189593e-7
4188 4.544686358448357e-7
4189 4.544686358448357e-7
4190 4.544686358448357e-7
4191 4.544686358448357e-7
4192 4.544686358448357e-7
4193 4.544686358448357e-7
4194 4.544686358448357e-7
4195 4.544686358448357e-7
4196 4.544686358448357e-7
4197 4.544686358448357e-7
4198 4.544686358448357e-7
4199 4.544686358448357e-7
4200 4.544686358448357e-7
4201 4.544686358448357e-7
4202 4.562182130426103e-7
4203 4.562182130426103e-7
4204 4.562182130426103e-7
4205 4.562182130426103e-7
4206 4.562182130426103e-7
4207 4.562182130426103e-7
4208 4.562182130426103e-7
4209 4.562182130426103e-7
4210 4.562182130426103e-7
4211 4.565418521840302e-7
4212 4.565418521840302e-7
4213 4.565418521840302e-7
4214 4.565418521840302e-7
4215 4.565418521840302e-7
4216 4.565418521840302e-7
4217 4.565418521840302e-7
4218 4.565418521840302e-7
4219 4.565418521840302e-7
4220 4.565418521840302e-7
4221 4.565418521840302e-7
4222 4.565995306404993e-7
4223 4.5657870217317835e-7
4224 4.5657870217317835e-7
4225 4.5657870217317835e-7
4226 4.5657870217317835e-7
4227 4.572708418172619e-7
4228 4.576393423199255e-7
4229 4.58650315993481e-7
4230 4.5839236606944375e-7
4231 4.57809173262731e-7
4232 4.578716580535119e-7
4233 4.583571185991874e-7
4234 4.5799502572736366e-7
4235 4.579661864991291e-7
4236 4.5799502572736366e-7
4237 4.5798220863213824e-7
4238 4.578924865208328e-7
4239 4.5764414987660104e-7
4240 4.5729327280347465e-7
4241 4.5723879816242547e-7
4242 4.573942094911137e-7
4243 4.5727084181726185e-7
4244 4.5693438496943463e-7
4245 4.5693438496943463e-7
4246 4.5693438496943463e-7
4247 4.5693438496943463e-7
4248 4.5693438496943463e-7
4249 4.5693438496943463e-7
4250 4.5693438496943463e-7
4251 4.5693438496943463e-7
4252 4.5693438496943463e-7
4253 4.5693438496943463e-7
4254 4.577546986216818e-7
4255 4.583186654799655e-7
4256 4.582129218468328e-7
4257 4.5819049147180194e-7
4258 4.582770085453237e-7
4259 4.5832186929538553e-7
4260 4.5856860525427106e-7
4261 4.5842761292851823e-7
4262 4.586583267543946e-7
4263 4.586679400342001e-7
4264 4.5868556407491915e-7
4265 4.5848529199616913e-7
4266 4.5848529199616913e-7
4267 4.5907008671059186e-7
4268 4.597894636752e-7
4269 4.598118940502309e-7
4270 4.5942096317253634e-7
4271 4.5911014051515995e-7
4272 4.5911014051515995e-7
4273 4.5911014051515995e-7
4274 4.5911014051515995e-7
4275 4.5911014051515995e-7
4276 4.595651587025272e-7
4277 4.595875890775581e-7
4278 4.595875890775581e-7
4279 4.6000735979466906e-7
4280 4.5976703268898716e-7
4281 4.5980228138160723e-7
4282 4.6007945725407353e-7
4283 4.5984393709388535e-7
4284 4.601515559358418e-7
4285 4.601323293762308e-7
4286 4.601195122810054e-7
4287 4.601195122810054e-7
4288 4.601195122810054e-7
4289 4.613932428240918e-7
4290 4.612634662970363e-7
4291 4.612955099518727e-7
4292 4.6124584225631723e-7
4293 4.6095104173194994e-7
4294 4.6097667714476455e-7
4295 4.6097667714476455e-7
4296 4.6097667714476455e-7
4297 4.6097667714476455e-7
4298 4.6147976111997735e-7
4299 4.6184986353035094e-7
4300 4.6184986353035094e-7
4301 4.6184986353035094e-7
4302 4.6184986353035094e-7
4303 4.6184986353035094e-7
4304 4.6184986353035094e-7
4305 4.6184986353035094e-7
4306 4.6184986353035094e-7
4307 4.6346005153244647e-7
4308 4.6346005153244647e-7
4309 4.6346005153244647e-7
4310 4.6346005153244647e-7
4311 4.6369236726603283e-7
4312 4.6414898797229193e-7
4313 4.642803664070574e-7
4314 4.6402722220615007e-7
4315 4.6425473160542463e-7
4316 4.6407688990170554e-7
4317 4.641297620238628e-7
4318 4.6430279678208826e-7
4319 4.6385899378223643e-7
4320 4.6420025818673924e-7
4321 4.6359623691270553e-7
4322 4.6359623691270553e-7
4323 4.6406086899106017e-7
4324 4.6406086899106017e-7
4325 4.6406086899106017e-7
4326 4.6406086899106017e-7
4327 4.6406086899106017e-7
4328 4.6406086899106017e-7
4329 4.659370176781065e-7
4330 4.660075138409829e-7
4331 4.658184569497484e-7
4332 4.659930936156838e-7
4333 4.6592420058288114e-7
4334 4.659193936373875e-7
4335 4.6527531855878563e-7
4336 4.651503489772238e-7
4337 4.6530896412133194e-7
4338 4.656742608085756e-7
4339 4.657591759743874e-7
4340 4.653714495232947e-7
4341 4.653714495232947e-7
4342 4.653714495232947e-7
4343 4.653714495232947e-7
4344 4.653714495232947e-7
4345 4.653714495232947e-7
4346 4.653714495232947e-7
4347 4.653714495232947e-7
4348 4.653714495232947e-7
4349 4.653714495232947e-7
4350 4.653714495232947e-7
4351 4.653714495232947e-7
4352 4.6611806319724555e-7
4353 4.6626706689509386e-7
4354 4.662029795854211e-7
4355 4.6608121381927923e-7
4356 4.65744756971452e-7
4357 4.66185355544702e-7
4358 4.6588895311262474e-7
4359 4.662286137758719e-7
4360 4.660748049660756e-7
4361 4.662558517075784e-7
4362 4.6623181820247374e-7
4363 4.6612126823502924e-7
4364 4.657591759743874e-7
4365 4.6588094174052926e-7
4366 4.656822715694892e-7
4367 4.6544194507498924e-7
4368 4.6588574807484106e-7
4369 4.6588574807484106e-7
4370 4.6678937620755386e-7
4371 4.6678937620755386e-7
4372 4.6678937620755386e-7
4373 4.6678937620755386e-7
4374 4.6678937620755386e-7
4375 4.6768979991366483e-7
4376 4.675456037724921e-7
4377 4.675456037724921e-7
4378 4.675456037724921e-7
4379 4.675456037724921e-7
4380 4.675456037724921e-7
4381 4.675456037724921e-7
4382 4.675456037724921e-7
4383 4.675456037724921e-7
4384 4.675456037724921e-7
4385 4.675456037724921e-7
4386 4.675456037724921e-7
4387 4.675456037724921e-7
4388 4.675456037724921e-7
4389 4.675456037724921e-7
4390 4.675456037724921e-7
4391 4.675456037724921e-7
4392 4.675456037724921e-7
4393 4.675456037724921e-7
4394 4.675456037724921e-7
4395 4.675456037724921e-7
4396 4.675456037724921e-7
4397 4.675456037724921e-7
4398 4.675456037724921e-7
4399 4.675456037724921e-7
4400 4.675456037724921e-7
4401 4.675456037724921e-7
4402 4.675456037724921e-7
4403 4.675456037724921e-7
4404 4.675456037724921e-7
4405 4.675456037724921e-7
4406 4.675456037724921e-7
4407 4.675456037724921e-7
4408 4.675456037724921e-7
4409 4.675456037724921e-7
4410 4.675456037724921e-7
4411 4.675456037724921e-7
4412 4.679829979191403e-7
4413 4.685085116582021e-7
4414 4.6820249594631936e-7
4415 4.681720548103748e-7
4416 4.6820730228063116e-7
4417 4.685437591284584e-7
4418 4.684844793754612e-7
4419 4.6830823957945207e-7
4420 4.682777984435075e-7
4421 4.68449231294023e-7
4422 4.6833387438108476e-7
4423 4.684428224408193e-7
4424 4.691413715492884e-7
4425 4.69070875386412e-7
4426 4.689362931362266e-7
4427 4.6979505990769565e-7
4428 4.7115210370888387e-7
4429 4.7056250266014934e-7
4430 4.7056250266014934e-7
4431 4.7056250266014934e-7
4432 4.7056250266014934e-7
4433 4.7056250266014934e-7
4434 4.7056250266014934e-7
4435 4.7056250266014934e-7
4436 4.7056250266014934e-7
4437 4.7056250266014934e-7
4438 4.7056250266014934e-7
4439 4.7056250266014934e-7
4440 4.7056250266014934e-7
4441 4.7056250266014934e-7
4442 4.7056250266014934e-7
4443 4.7056250266014934e-7
4444 4.7056250266014934e-7
4445 4.7056250266014934e-7
4446 4.7056250266014934e-7
4447 4.7056250266014934e-7
4448 4.7056250266014934e-7
4449 4.7056250266014934e-7
4450 4.7056250266014934e-7
4451 4.7056250266014934e-7
4452 4.7056250266014934e-7
4453 4.7056250266014934e-7
4454 4.7056250266014934e-7
4455 4.7056250266014934e-7
4456 4.7056250266014934e-7
4457 4.7056250266014934e-7
4458 4.7056250266014934e-7
4459 4.7056250266014934e-7
4460 4.7056250266014934e-7
4461 4.7056250266014934e-7
4462 4.7056250266014934e-7
4463 4.7056250266014934e-7
4464 4.7056250266014934e-7
4465 4.7086371203772027e-7
4466 4.7086371203772027e-7
4467 4.7086371203772027e-7
4468 4.723617475534794e-7
4469 4.723617475534794e-7
4470 4.723617475534794e-7
4471 4.723617475534794e-7
4472 4.723617475534794e-7
4473 4.723617475534794e-7
4474 4.723617475534794e-7
4475 4.723617475534794e-7
4476 4.723617475534794e-7
4477 4.723617475534794e-7
4478 4.723617475534794e-7
4479 4.723617475534794e-7
4480 4.723617475534794e-7
4481 4.723617475534794e-7
4482 4.723617475534794e-7
4483 4.7350249775409035e-7
4484 4.7350249775409035e-7
4485 4.7350249775409035e-7
4486 4.7350249775409035e-7
4487 4.7350249775409035e-7
4488 4.7350249775409035e-7
4489 4.7350249775409035e-7
4490 4.7350249775409035e-7
4491 4.7350249775409035e-7
4492 4.7350249775409035e-7
4493 4.7419784243595765e-7
4494 4.7358420849330034e-7
4495 4.7369155464532494e-7
4496 4.7418021900642043e-7
4497 4.7397513998217675e-7
4498 4.7388541848205314e-7
4499 4.735457565964422e-7
4500 4.735457565964422e-7
4501 4.735457565964422e-7
4502 4.735457565964422e-7
4503 4.735457565964422e-7
4504 4.735457565964422e-7
4505 4.735457565964422e-7
4506 4.735457565964422e-7
4507 4.735457565964422e-7
4508 4.735457565964422e-7
4509 4.735457565964422e-7
4510 4.735457565964422e-7
4511 4.735457565964422e-7
4512 4.735457565964422e-7
4513 4.735457565964422e-7
4514 4.735457565964422e-7
4515 4.7496368266951943e-7
4516 4.7509185667768307e-7
4517 4.7533378569107494e-7
4518 4.753578185849977e-7
4519 4.750918566776831e-7
4520 4.7500533899297947e-7
4521 4.759249886475195e-7
4522 4.759249886475195e-7
4523 4.764953631366431e-7
4524 4.768430357831677e-7
4525 4.769872319243405e-7
4526 4.769920382586523e-7
4527 4.767084529218005e-7
4528 4.763463612723405e-7
4529 4.7622779993280047e-7
4530 4.760803999762078e-7
4531 4.760803999762078e-7
4532 4.760803999762078e-7
4533 4.7658989219344235e-7
4534 4.7658989219344235e-7
4535 4.7658989219344235e-7
4536 4.7658989219344235e-7
4537 4.7658989219344235e-7
4538 4.7658989219344235e-7
4539 4.7658989219344235e-7
4540 4.774037976036678e-7
4541 4.775367785573251e-7
4542 4.778844505926678e-7
4543 4.778107506143715e-7
4544 4.778091487066615e-7
4545 4.779293113427297e-7
4546 4.778588157910352e-7
4547 4.77762684826526e-7
4548 4.778780417394642e-7
4549 4.775287671852296e-7
4550 4.775287671852296e-7
4551 4.775287671852296e-7
4552 4.782144985872915e-7
4553 4.782144985872915e-7
4554 4.791101153479088e-7
4555 4.792575159156833e-7
4556 4.797942448422606e-7
4557 4.799160099972206e-7
4558 4.79805460029776e-7
4559 4.796356296981524e-7
4560 4.797862340813469e-7
4561 4.793007741468532e-7
4562 4.800730238448005e-7
4563 4.804239009179269e-7
4564 4.805296445510597e-7
4565 4.803822445944669e-7
4566 4.803822445944669e-7
4567 4.808757152898743e-7
4568 4.808757152898743e-7
4569 4.808757152898743e-7
4570 4.808757152898743e-7
4571 4.808757152898743e-7
4572 4.808757152898743e-7
4573 4.808757152898743e-7
4574 4.808757152898743e-7
4575 4.808757152898743e-7
4576 4.808757152898743e-7
4577 4.808757152898743e-7
4578 4.808757152898743e-7
4579 4.808757152898743e-7
4580 4.808757152898743e-7
4581 4.808757152898743e-7
4582 4.808757152898743e-7
4583 4.808757152898743e-7
4584 4.808757152898743e-7
4585 4.808757152898743e-7
4586 4.808757152898743e-7
4587 4.808757152898743e-7
4588 4.808757152898743e-7
4589 4.808757152898743e-7
4590 4.808757152898743e-7
4591 4.808757152898743e-7
4592 4.808757152898743e-7
4593 4.808757152898743e-7
4594 4.808757152898743e-7
4595 4.811609025344361e-7
4596 4.813195182897261e-7
4597 4.809285874120315e-7
4598 4.809253829854296e-7
4599 4.811368702516951e-7
4600 4.811048265968587e-7
4601 4.812922809692014e-7
4602 4.814749296184142e-7
4603 4.809942760182323e-7
4604 4.813611746131859e-7
4605 4.811384721594051e-7
4606 4.811384721594051e-7
4607 4.811384721594051e-7
4608 4.818898927788496e-7
4609 4.821670692624978e-7
4610 4.823577280614424e-7
4611 4.826284963030688e-7
4612 4.828479943302479e-7
4613 4.830755037295224e-7
4614 4.844277411963988e-7
4615 4.844277411963988e-7
4616 4.844277411963988e-7
4617 4.853217554381243e-7
4618 4.848523176366397e-7
4619 4.84746574003507e-7
4620 4.84746574003507e-7
4621 4.852865073566861e-7
4622 4.852865073566861e-7
4623 4.852865073566861e-7
4624 4.852865073566861e-7
4625 4.858312476553588e-7
4626 4.864160411474178e-7
4627 4.865249898183342e-7
4628 4.865249898183342e-7
4629 4.876176748422816e-7
4630 4.875776198153497e-7
4631 4.876833634484825e-7
4632 4.881159512608188e-7
4633 4.881159512608188e-7
4634 4.881383816358497e-7
4635 4.881095424076152e-7
4636 4.881063379810133e-7
4637 4.89013169929146e-7
4638 4.908220281022816e-7
4639 4.908220281022816e-7
4640 4.908220281022816e-7
4641 4.908220281022816e-7
4642 4.908220281022816e-7
4643 4.908220281022816e-7
4644 4.908220281022816e-7
4645 4.908220281022816e-7
4646 4.908220281022816e-7
4647 4.908220281022816e-7
4648 4.908220281022816e-7
4649 4.908220281022816e-7
4650 4.908220281022816e-7
4651 4.908220281022816e-7
4652 4.908220281022816e-7
4653 4.908220281022816e-7
4654 4.908220281022816e-7
4655 4.908220281022816e-7
4656 4.908220281022816e-7
4657 4.908220281022816e-7
4658 4.908220281022816e-7
4659 4.920492959875962e-7
4660 4.92637293906257e-7
4661 4.925684008734543e-7
4662 4.926276818488153e-7
4663 4.928664058244235e-7
4664 4.926741445065871e-7
4665 4.928231469820717e-7
4666 4.932733588351272e-7
4667 4.936674941394235e-7
4668 4.94901169655578e-7
4669 4.946880798704208e-7
4670 4.946880798704208e-7
4671 4.948290721961736e-7
4672 4.948563089055163e-7
4673 4.952023790331489e-7
4674 4.952023790331489e-7
4675 4.956573972205163e-7
4676 4.956573972205163e-7
4677 4.956573972205163e-7
4678 4.956573972205163e-7
4679 4.956573972205163e-7
4680 4.956573972205163e-7
4681 4.956573972205163e-7
4682 4.956573972205163e-7
4683 4.968414056522971e-7
4684 4.968974822010562e-7
4685 4.97322059252479e-7
4686 4.976665274724017e-7
4687 4.983875063447198e-7
4688 4.996916786349326e-7
4689 4.996916786349326e-7
4690 4.996916786349326e-7
4691 4.999352095560344e-7
4692 5.002588493086362e-7
4693 5.003838188901979e-7
4694 5.004543144418924e-7
4695 5.005456390720898e-7
4696 5.007298896290125e-7
4697 5.022599675772443e-7
4698 5.026060383160589e-7
4699 5.02684544628667e-7
4700 5.02607639001405e-7
4701 5.060763522610097e-7
4702 5.061260193453832e-7
4703 5.064224223886424e-7
4704 5.060779541687196e-7
4705 5.061564610925096e-7
4706 5.057943688318678e-7
4707 5.058536498072287e-7
4708 5.05589290418806e-7
4709 5.05589290418806e-7
4710 5.05589290418806e-7
4711 5.064849071794233e-7
4712 5.068934620978369e-7
4713 5.064544666546607e-7
4714 5.064544666546607e-7
4715 5.064544666546607e-7
4716 5.064544666546607e-7
4717 5.064544666546607e-7
4718 5.064544666546607e-7
4719 5.064544666546607e-7
4720 5.075759909068425e-7
4721 5.07531128934417e-7
4722 5.07531128934417e-7
4723 5.07531128934417e-7
4724 5.07531128934417e-7
4725 5.07531128934417e-7
4726 5.07531128934417e-7
4727 5.07531128934417e-7
4728 5.07531128934417e-7
4729 5.07531128934417e-7
4730 5.07531128934417e-7
4731 5.081671926409233e-7
4732 5.08530887420457e-7
4733 5.084379608825497e-7
4734 5.085292855127471e-7
4735 5.085292855127471e-7
4736 5.093367826809507e-7
4737 5.088016550509016e-7
4738 5.087664075806452e-7
4739 5.086782873770497e-7
4740 5.088593341185525e-7
4741 5.09312749787028e-7
4742 5.094361168496979e-7
4743 5.093688257246052e-7
4744 5.095370547597007e-7
4745 5.098174356699507e-7
4746 5.09629981297608e-7
4747 5.097597572134815e-7
4748 5.09549871854926e-7
4749 5.095883243629661e-7
4750 5.096347870207378e-7
4751 5.095466674283243e-7
4752 5.091060688550743e-7
4753 5.08771213914957e-7
4754 5.085388981813707e-7
4755 5.092823086510834e-7
4756 5.097084876102161e-7
4757 5.095851193251824e-7
4758 5.094745699689197e-7
4759 5.100000837079816e-7
4760 5.088160746650188e-7
4761 5.091829732599724e-7
4762 5.093399864963706e-7
4763 5.092742978901697e-7
4764 5.090916498521388e-7
4765 5.095642914690432e-7
4766 5.09686057235185e-7
4767 5.100032875234013e-7
4768 5.097629610289013e-7
4769 5.098558875668086e-7
4770 5.099584273845214e-7
4771 5.09706885702506e-7
4772 5.115349692128887e-7
4773 5.125411359409505e-7
4774 5.125411359409505e-7
4775 5.125411359409505e-7
4776 5.125411359409505e-7
4777 5.125411359409505e-7
4778 5.125411359409505e-7
4779 5.125411359409505e-7
4780 5.125411359409505e-7
4781 5.125411359409505e-7
4782 5.12092525995605e-7
4783 5.121245702616233e-7
4784 5.121245702616233e-7
4785 5.115413780660923e-7
4786 5.110495098895769e-7
4787 5.107194618949532e-7
4788 5.106938270933205e-7
4789 5.110158643270304e-7
4790 5.11283428142055e-7
4791 5.115397767695641e-7
4792 5.115686159977986e-7
4793 5.120092145710486e-7
4794 5.121117537775795e-7
4795 5.125731808181505e-7
4796 5.125731808181505e-7
4797 5.125731808181505e-7
4798 5.125731808181505e-7
4799 5.125731808181505e-7
4800 5.125731808181505e-7
4801 5.125731808181505e-7
4802 5.125731808181505e-7
4803 5.125731808181505e-7
4804 5.125731808181505e-7
4805 5.125731808181505e-7
4806 5.125731808181505e-7
4807 5.125731808181505e-7
4808 5.125731808181505e-7
4809 5.125731808181505e-7
4810 5.142875099344869e-7
4811 5.142875099344869e-7
4812 5.142875099344869e-7
4813 5.147120863747277e-7
4814 5.147120863747277e-7
4815 5.149876603394841e-7
4816 5.149876603394841e-7
4817 5.149876603394841e-7
4818 5.155820671113486e-7
4819 5.156798005947496e-7
4820 5.158576416872867e-7
4821 5.167388388337868e-7
4822 5.175992081241477e-7
4823 5.194272910233485e-7
4824 5.194272910233485e-7
4825 5.194272910233485e-7
4826 5.194272910233485e-7
4827 5.194272910233485e-7
4828 5.194272910233485e-7
4829 5.194272910233485e-7
4830 5.194272910233485e-7
4831 5.194272910233485e-7
4832 5.194272910233485e-7
4833 5.194272910233485e-7
4834 5.194272910233485e-7
4835 5.194272910233485e-7
4836 5.194272910233485e-7
4837 5.194272910233485e-7
4838 5.194272910233485e-7
4839 5.194272910233485e-7
4840 5.194272910233485e-7
4841 5.194272910233485e-7
4842 5.194272910233485e-7
4843 5.194272910233485e-7
4844 5.194272910233485e-7
4845 5.194272910233485e-7
4846 5.194272910233485e-7
4847 5.205792564114749e-7
4848 5.205023520065768e-7
4849 5.208324000012004e-7
4850 5.211976966884441e-7
4851 5.214556466124813e-7
4852 5.212329441587005e-7
4853 5.231267181088297e-7
4854 5.231267181088297e-7
4855 5.231267181088297e-7
4856 5.231267181088297e-7
4857 5.231267181088297e-7
4858 5.231267181088297e-7
4859 5.231267181088297e-7
4860 5.241473044510088e-7
4861 5.249852433663389e-7
4862 5.247929814373207e-7
4863 5.253713672985398e-7
4864 5.255956728823944e-7
4865 5.256629640074872e-7
4866 5.255908659369008e-7
4867 5.247385080186353e-7
4868 5.247385080186353e-7
4869 5.248250250921571e-7
4870 5.252207629153453e-7
4871 5.25629317222577e-7
4872 5.275054671319871e-7
4873 5.268421661049562e-7
4874 5.268101224501198e-7
4875 5.286814635804906e-7
4876 5.301586706289289e-7
4877 5.300256902864534e-7
4878 5.304855148081325e-7
4879 5.310735133379753e-7
4880 5.322703394761635e-7
4881 5.338548920654445e-7
4882 5.338548920654445e-7
4883 5.338548920654445e-7
4884 5.338548920654445e-7
4885 5.338548920654445e-7
4886 5.338548920654445e-7
4887 5.338548920654445e-7
4888 5.34207370435099e-7
4889 5.341464875520281e-7
4890 5.342970925464045e-7
4891 5.344236646468581e-7
4892 5.346175278724044e-7
4893 5.346175278724044e-7
4894 5.346175278724044e-7
4895 5.346175278724044e-7
4896 5.346175278724044e-7
4897 5.346175278724044e-7
4898 5.346175278724044e-7
4899 5.351190093287253e-7
4900 5.352680118042099e-7
4901 5.356381142145835e-7
4902 5.356333084914536e-7
4903 5.354106060376728e-7
4904 5.356717597771299e-7
4905 5.350789549129754e-7
4906 5.35428228856028e-7
4907 5.357118148040617e-7
4908 5.35444251600219e-7
4909 5.352728175273398e-7
4910 5.35243979521469e-7
4911 5.350965789536945e-7
4912 5.350965789536945e-7
4913 5.358335799590217e-7
4914 5.358335799590217e-7
4915 5.36846156151469e-7
4916 5.365161075456636e-7
4917 5.366090334723889e-7
4918 5.370400193770153e-7
4919 5.37248302216679e-7
4920 5.369647168798271e-7
4921 5.36807703643429e-7
4922 5.370143839642008e-7
4923 5.371521718633517e-7
4924 5.377161374992716e-7
4925 5.376184052382345e-7
4926 5.371441611024382e-7
4927 5.371441611024382e-7
4928 5.377337621511727e-7
4929 5.377337621511727e-7
4930 5.377337621511727e-7
4931 5.377337621511727e-7
4932 5.377337621511727e-7
4933 5.377337621511727e-7
4934 5.377337621511727e-7
4935 5.377337621511727e-7
4936 5.380541968659909e-7
4937 5.380541968659909e-7
4938 5.380541968659909e-7
4939 5.389562224798118e-7
4940 5.392285926291482e-7
4941 5.3947692927338e-7
4942 5.392141724038491e-7
4943 5.387431333058365e-7
4944 5.386486048602192e-7
4945 5.386486048602192e-7
4946 5.386486048602192e-7
4947 5.386486048602192e-7
4948 5.38893737689031e-7
4949 5.38893737689031e-7
4950 5.38893737689031e-7
4951 5.391468812787564e-7
4952 5.395474254362564e-7
4953 5.396243304523365e-7
4954 5.396579760148828e-7
4955 5.395826741288765e-7
4956 5.396291367866483e-7
4957 5.395506304740401e-7
4958 5.390892034334692e-7
4959 5.396291367866483e-7
4960 5.397108481370401e-7
4961 5.397108481370401e-7
4962 5.406401098490219e-7
4963 5.405712162050373e-7
4964 5.406593364086328e-7
4965 5.406433142756236e-7
4966 5.408772325281018e-7
4967 5.409285015201854e-7
4968 5.411079451316144e-7
4969 5.427165306148181e-7
4970 5.432724861010062e-7
4971 5.432724861010062e-7
4972 5.432724861010062e-7
4973 5.432724861010062e-7
4974 5.432724861010062e-7
4975 5.432724861010062e-7
4976 5.443715793669753e-7
4977 5.448554367825771e-7
4978 5.447320697199072e-7
4979 5.45017256964469e-7
4980 5.472955517167253e-7
4981 5.472955517167253e-7
4982 5.472955517167253e-7
4983 5.472955517167253e-7
4984 5.48223212132179e-7
4985 5.48223212132179e-7
4986 5.48223212132179e-7
4987 5.48223212132179e-7
4988 5.48223212132179e-7
4989 5.492277769525308e-7
4990 5.500945544849135e-7
4991 5.500368766396263e-7
4992 5.498350020419845e-7
4993 5.504358182782345e-7
4994 5.52585940244691e-7
4995 5.52585940244691e-7
4996 5.52585940244691e-7
4997 5.52585940244691e-7
4998 5.52585940244691e-7
4999 5.52585940244691e-7
5000 5.52585940244691e-7
5001 5.52585940244691e-7
5002 5.52585940244691e-7
5003 5.52585940244691e-7
5004 5.52585940244691e-7
5005 5.52585940244691e-7
5006 5.52585940244691e-7
5007 5.527621800407002e-7
5008 5.527621800407002e-7
5009 5.527621800407002e-7
5010 5.527621800407002e-7
5011 5.527621800407002e-7
5012 5.527621800407002e-7
5013 5.538516600268638e-7
5014 5.538516600268638e-7
5015 5.538516600268638e-7
5016 5.541240295650183e-7
5017 5.546543508607557e-7
5018 5.546543508607557e-7
5019 5.546543508607557e-7
5020 5.546543508607557e-7
5021 5.546543508607557e-7
5022 5.546543508607557e-7
5023 5.546543508607557e-7
5024 5.555051068713111e-7
5025 5.555051068713111e-7
5026 5.563077970940211e-7
5027 5.562933774799038e-7
5028 5.563126034283329e-7
5029 5.562997863331074e-7
5030 5.566009957106783e-7
5031 5.566378456998265e-7
5032 5.563766901268237e-7
5033 5.565737583901537e-7
5034 5.564375736210765e-7
5035 5.564535951429038e-7
5036 5.564071318739501e-7
5037 5.563558622706846e-7
5038 5.564343691944746e-7
5039 5.565032622272772e-7
5040 5.564487888085919e-7
5041 5.56304593278601e-7
5042 5.56304593278601e-7
5043 5.56304593278601e-7
5044 5.56304593278601e-7
5045 5.56304593278601e-7
5046 5.570111531479837e-7
5047 5.579179863184802e-7
5048 5.578330699303046e-7
5049 5.574309238650947e-7
5050 5.572739106286965e-7
5051 5.57567108634172e-7
5052 5.573780517429374e-7
5053 5.585396304108693e-7
5054 5.588536574948475e-7
5055 5.587815594242612e-7
5056 5.584691354703567e-7
5057 5.587959784271966e-7
5058 5.59606680633184e-7
5059 5.596707679428568e-7
5060 5.593006643101194e-7
5061 5.59268620655283e-7
5062 5.591019941390793e-7
5063 5.586389651907984e-7
5064 5.586774170876567e-7
5065 5.586854290709341e-7
5066 5.589946485982366e-7
5067 5.595153560029867e-7
5068 5.586998474626875e-7
5069 5.585556513215147e-7
5070 5.58711062650203e-7
5071 5.592942554569157e-7
5072 5.586533854160977e-7
5073 5.589033245792213e-7
5074 5.590635422422213e-7
5075 5.586710088456349e-7
5076 5.588296246009249e-7
5077 5.588536574948476e-7
5078 5.588536574948476e-7
5079 5.588536574948476e-7
5080 5.59589055981283e-7
5081 5.594945275356657e-7
5082 5.595506040844248e-7
5083 5.595345819514157e-7
5084 5.595730344594557e-7
5085 5.595730344594557e-7
5086 5.595730344594557e-7
5087 5.601930772553166e-7
5088 5.601466139863629e-7
5089 5.601466139863629e-7
5090 5.601466139863629e-7
5091 5.601466139863629e-7
5092 5.606689232988229e-7
5093 5.606689232988229e-7
5094 5.606689232988229e-7
5095 5.61546916018721e-7
5096 5.620003316871965e-7
5097 5.62189388578431e-7
5098 5.616590685050574e-7
5099 5.629183800452084e-7
5100 5.625530833579647e-7
5101 5.623912637872547e-7
5102 5.623912637872547e-7
5103 5.629344021782175e-7
5104 5.629344021782175e-7
5105 5.629344021782175e-7
5106 5.635031747596312e-7
5107 5.635031747596312e-7
5108 5.635031747596312e-7
5109 5.635031747596312e-7
5110 5.635031747596312e-7
5111 5.635031747596312e-7
5112 5.635031747596312e-7
5113 5.635031747596312e-7
5114 5.635031747596312e-7
5115 5.635031747596312e-7
5116 5.635031747596312e-7
5117 5.635031747596312e-7
5118 5.635031747596312e-7
5119 5.635031747596312e-7
5120 5.635031747596312e-7
5121 5.635031747596312e-7
5122 5.637402968275293e-7
5123 5.642241548543131e-7
5124 5.64429232656193e-7
5125 5.643411130637795e-7
5126 5.643571345856067e-7
5127 5.643395111560694e-7
5128 5.642962517025357e-7
5129 5.641456473193412e-7
5130 5.643042630746312e-7
5131 5.644388459359984e-7
5132 5.645317724739057e-7
5133 5.641312283164057e-7
5134 5.640463131505939e-7
5135 5.640463131505939e-7
5136 5.640463131505939e-7
5137 5.640463131505939e-7
5138 5.640463131505939e-7
5139 5.640463131505939e-7
5140 5.640463131505939e-7
5141 5.640463131505939e-7
5142 5.640463131505939e-7
5143 5.645077408023466e-7
5144 5.645253648430657e-7
5145 5.643427168050348e-7
5146 5.649162957207603e-7
5147 5.653793246690411e-7
5148 5.652623658483929e-7
5149 5.651101589463066e-7
5150 5.652383335656521e-7
5151 5.651886658700967e-7
5152 5.651790525902912e-7
5153 5.645429888837848e-7
5154 5.648377894081521e-7
5155 5.649579520442202e-7
5156 5.652735810359085e-7
5157 5.651101589463067e-7
5158 5.652575589028994e-7
5159 5.651646335873559e-7
5160 5.652799898891122e-7
5161 5.651710418293777e-7
5162 5.652335266201586e-7
5163 5.651422026011432e-7
5164 5.650524811010196e-7
5165 5.651742468671614e-7
5166 5.650076203509577e-7
5167 5.64403599076924e-7
5168 5.65145407027745e-7
5169 5.654786594489704e-7
5170 5.655427473698249e-7
5171 5.653969493209422e-7
5172 5.654241854191031e-7
5173 5.657702555467358e-7
5174 5.660586472178994e-7
5175 5.660618522556831e-7
5176 5.671305031633439e-7
5177 5.685724633527077e-7
5178 5.685724633527077e-7
5179 5.685724633527077e-7
5180 5.685724633527077e-7
5181 5.701858551702231e-7
5182 5.696971914203095e-7
5183 5.70189059596825e-7
5184 5.70990147911825e-7
5185 5.716935033546059e-7
5186 5.720235519604114e-7
5187 5.732123673376859e-7
5188 5.732123673376859e-7
5189 5.732123673376859e-7
5190 5.732123673376859e-7
5191 5.736834076580623e-7
5192 5.73950970861905e-7
5193 5.73950970861905e-7
5194 5.74554990913575e-7
5195 5.74554990913575e-7
5196 5.750644825196276e-7
5197 5.749667502585905e-7
5198 5.750148148240722e-7
5199 5.753528741907913e-7
5200 5.746815630140287e-7
5201 5.748289629706214e-7
5202 5.754874570521587e-7
5203 5.754778437723531e-7
5204 5.754490045441186e-7
5205 5.75080504041455e-7
5206 5.749827717804178e-7
5207 5.751269679215906e-7
5208 5.753032071064178e-7
5209 5.755050817040597e-7
5210 5.753048096253097e-7
5211 5.753512722830815e-7
5212 5.752102805685106e-7
5213 5.752711640627634e-7
5214 5.752711640627634e-7
5215 5.752711640627634e-7
5216 5.752711640627634e-7
5217 5.754762418646433e-7
5218 5.754313811145816e-7
5219 5.754313811145816e-7
5220 5.754313811145816e-7
5221 5.754313811145816e-7
5222 5.754313811145816e-7
5223 5.754313811145816e-7
5224 5.754313811145816e-7
5225 5.754313811145816e-7
5226 5.754313811145816e-7
5227 5.754313811145816e-7
5228 5.761459517448779e-7
5229 5.761459517448779e-7
5230 5.765913572636216e-7
5231 5.765913572636216e-7
5232 5.765913572636216e-7
5233 5.765913572636216e-7
5234 5.765913572636216e-7
5235 5.77084827959029e-7
5236 5.774613398337881e-7
5237 5.772466481409208e-7
5238 5.77962821290109e-7
5239 5.780349187495136e-7
5240 5.777289030376308e-7
5241 5.778939276461245e-7
5242 5.779596162523253e-7
5243 5.777785707331863e-7
5244 5.776375796297973e-7
5245 5.773956506164054e-7
5246 5.773956506164054e-7
5247 5.773956506164054e-7
5248 5.778506681925908e-7
5249 5.782415996814673e-7
5250 5.784755173227637e-7
5251 5.780509402713409e-7
5252 5.782592237221864e-7
5253 5.782592237221864e-7
5254 5.782592237221864e-7
5255 5.786950159611246e-7
5256 5.786950159611246e-7
5257 5.793230682955353e-7
5258 5.793230682955353e-7
5259 5.801033281432144e-7
5260 5.804413875099335e-7
5261 5.803164185395536e-7
5262 5.797139991732298e-7
5263 5.794560492491926e-7
5264 5.803981286675817e-7
5265 5.819217983737917e-7
5266 5.811783891264427e-7
5267 5.817247307216436e-7
5268 5.8191539013177e-7
5269 5.817215262950417e-7
5270 5.81734344001449e-7
5271 5.818016351265417e-7
5272 5.822438368298655e-7
5273 5.816414180747236e-7
5274 5.819586489741218e-7
5275 5.819874882023563e-7
5276 5.82413667161489e-7
5277 5.822999133786245e-7
5278 5.81888154033609e-7
5279 5.81888154033609e-7
5280 5.822422343109734e-7
5281 5.822983114709145e-7
5282 5.822053849330072e-7
5283 5.826251550389362e-7
5284 5.829600099790535e-7
5285 5.829744295931708e-7
5286 5.829375789928407e-7
5287 5.829439884572262e-7
5288 5.830977972670226e-7
5289 5.831010016936245e-7
5290 5.832019389924454e-7
5291 5.832788433973436e-7
5292 5.829872466883962e-7
5293 5.832019389924454e-7
5294 5.83328511092899e-7
5295 5.830849795606153e-7
5296 5.835512135466799e-7
5297 5.837162369328098e-7
5298 5.83570439495109e-7
5299 5.835752458294208e-7
5300 5.83491932571319e-7
5301 5.830945922292389e-7
5302 5.829439884572263e-7
5303 5.824393025743036e-7
5304 5.824393025743036e-7
5305 5.827629423269054e-7
5306 5.828606751991245e-7
5307 5.831570776312017e-7
5308 5.841712551201771e-7
5309 5.845029068560563e-7
5310 5.849162681087817e-7
5311 5.850925079047909e-7
5312 5.848345567583899e-7
5313 5.849210744430935e-7
5314 5.854754280215718e-7
5315 5.860954708174327e-7
5316 5.859945329074299e-7
5317 5.861932036896519e-7
5318 5.863486144071582e-7
5319 5.862556884804327e-7
5320 5.859608873448835e-7
5321 5.851918432959018e-7
5322 5.851357667471427e-7
5323 5.867956224447937e-7
5324 5.866738566786519e-7
5325 5.871192615862137e-7
5326 5.869702584995473e-7
5327 5.870039058956392e-7
5328 5.872650596350965e-7
5329 5.875710765693429e-7
5330 5.86749159787022e-7
5331 5.873659975450992e-7
5332 5.877184759147538e-7
5333 5.87872285335732e-7
5334 5.87470139270522e-7
5335 5.875566563440437e-7
5336 5.875502474908401e-7
5337 5.875790867190746e-7
5338 5.874252785204601e-7
5339 5.871625210397473e-7
5340 5.876800234067136e-7
5341 5.871112502141182e-7
5342 5.870407540512418e-7
5343 5.881831055483808e-7
5344 5.879844353773408e-7
5345 5.886108870264054e-7
5346 5.886397262546399e-7
5347 5.886397262546399e-7
5348 5.895385480530409e-7
5349 5.895385480530409e-7
5350 5.895385480530409e-7
5351 5.895385480530409e-7
5352 5.907594076963338e-7
5353 5.910494024975711e-7
5354 5.913954726252038e-7
5355 5.913714391200991e-7
5356 5.913586220248737e-7
5357 5.915685073834291e-7
5358 5.916582288835527e-7
5359 5.914851941253274e-7
5360 5.9055112485667e-7
5361 5.9055112485667e-7
5362 5.9055112485667e-7
5363 5.9055112485667e-7
5364 5.9055112485667e-7
5365 5.9055112485667e-7
5366 5.9055112485667e-7
5367 5.9055112485667e-7
5368 5.9055112485667e-7
5369 5.9055112485667e-7
5370 5.9055112485667e-7
5371 5.9059117927242e-7
5372 5.906728906228118e-7
5373 5.914275150576763e-7
5374 5.908154836339108e-7
5375 5.909260342125372e-7
5376 5.911647581881454e-7
5377 5.914595587125127e-7
5378 5.919402117015127e-7
5379 5.920171161064108e-7
5380 5.918761250030218e-7
5381 5.924881564267873e-7
5382 5.923199280028737e-7
5383 5.944043601407656e-7
5384 5.944043601407656e-7
5385 5.944043601407656e-7
5386 5.944043601407656e-7
5387 5.944043601407656e-7
5388 5.944043601407656e-7
5389 5.944043601407656e-7
5390 5.944043601407656e-7
5391 5.944043601407656e-7
5392 5.944043601407656e-7
5393 5.952855578984475e-7
5394 5.957325647137192e-7
5395 5.95416935722031e-7
5396 5.95416935722031e-7
5397 5.96218024037031e-7
5398 5.96218024037031e-7
5399 5.96218024037031e-7
5400 5.964807809065619e-7
5401 5.964807809065619e-7
5402 5.964807809065619e-7
5403 5.964807809065619e-7
5404 5.964807809065619e-7
5405 5.964807809065619e-7
5406 5.964807809065619e-7
5407 5.964807809065619e-7
5408 5.971841369605247e-7
5409 5.975237982349537e-7
5410 5.971681148275155e-7
5411 5.973411495857409e-7
5412 5.970767901973182e-7
5413 5.973555691998582e-7
5414 5.978250070013428e-7
5415 5.973331388248273e-7
5416 5.975638526507037e-7
5417 5.97259438846531e-7
5418 5.975910893600465e-7
5419 5.975221957160619e-7
5420 5.980717423490464e-7
5421 5.980204727457809e-7
5422 5.977112526072963e-7
5423 5.97294686927969e-7
5424 5.974597121476446e-7
5425 5.974597121476446e-7
5426 5.974597121476446e-7
5427 5.974597121476446e-7
5428 5.974597121476446e-7
5429 5.974597121476446e-7
5430 5.979083214818083e-7
5431 5.982255523812064e-7
5432 5.981406372153946e-7
5433 5.982175416202928e-7
5434 5.978634607317464e-7
5435 5.980364954899718e-7
5436 5.987654857343854e-7
5437 5.983008548783945e-7
5438 5.981806916311446e-7
5439 5.982111333782709e-7
5440 5.977561151909036e-7
5441 5.98090969519839e-7
5442 5.985443851883145e-7
5443 5.984450510195673e-7
5444 5.9803168915566e-7
5445 5.980493131963791e-7
5446 5.977416949656045e-7
5447 5.983937814163018e-7
5448 5.977817499925364e-7
5449 5.983104675470181e-7
5450 5.981294220278791e-7
5451 5.981758846856509e-7
5452 5.981871004843482e-7
5453 5.981182068403636e-7
5454 5.978474385987372e-7
5455 5.978474385987372e-7
5456 5.980813562400336e-7
5457 5.981053897451383e-7
5458 5.980605283838946e-7
5459 5.980605283838946e-7
5460 5.986917857560892e-7
5461 5.986917857560892e-7
5462 5.986917857560892e-7
5463 5.986917857560892e-7
5464 5.986917857560892e-7
5465 5.986917857560892e-7
5466 5.994095608129874e-7
5467 5.997267923235675e-7
5468 6.000872820653175e-7
5469 6.002811452908638e-7
5470 6.001369497608729e-7
5471 6.002555104892311e-7
5472 6.004333521929502e-7
5473 6.002843503286475e-7
5474 6.000616466525028e-7
5475 5.999687213369592e-7
5476 6.000712599323082e-7
5477 5.999767314866909e-7
5478 6.002779408642618e-7
5479 6.0123283860024e-7
5480 6.036232858388327e-7
5481 6.036232858388327e-7
5482 6.036232858388327e-7
5483 6.036232858388327e-7
5484 6.036232858388327e-7
5485 6.036232858388327e-7
5486 6.036232858388327e-7
5487 6.036232858388327e-7
5488 6.036232858388327e-7
5489 6.036232858388327e-7
5490 6.042289084093945e-7
5491 6.042689628251445e-7
5492 6.0403824961045e-7
5493 6.0403824961045e-7
5494 6.042273065016845e-7
5495 6.047287879580054e-7
5496 6.044051482054036e-7
5497 6.043154254829163e-7
5498 6.047528202407463e-7
5499 6.050267922977927e-7
5500 6.050267922977927e-7
5501 6.051902137762126e-7
5502 6.05424131417509e-7
5503 6.05424131417509e-7
5504 6.05424131417509e-7
5505 6.05424131417509e-7
5506 6.05424131417509e-7
5507 6.05424131417509e-7
5508 6.05424131417509e-7
5509 6.055330788660617e-7
5510 6.055218636785463e-7
5511 6.055218636785463e-7
5512 6.060730128304227e-7
5513 6.059320211158518e-7
5514 6.059320211158518e-7
5515 6.059320211158518e-7
5516 6.062027893574782e-7
5517 6.063646089281881e-7
5518 6.067523359904627e-7
5519 6.068340467296726e-7
5520 6.062540589607435e-7
5521 6.061739501292435e-7
5522 6.066081404604718e-7
5523 6.066818404387682e-7
5524 6.064767614145245e-7
5525 6.064767614145245e-7
5526 6.064767614145245e-7
5527 6.064767614145245e-7
5528 6.064767614145245e-7
5529 6.064767614145245e-7
5530 6.064767614145245e-7
5531 6.064767614145245e-7
5532 6.064767614145245e-7
5533 6.064767614145245e-7
5534 6.064767614145245e-7
5535 6.064767614145245e-7
5536 6.064767614145245e-7
5537 6.064767614145245e-7
5538 6.064767614145245e-7
5539 6.064767614145245e-7
5540 6.064767614145245e-7
5541 6.064767614145245e-7
5542 6.064767614145245e-7
5543 6.064767614145245e-7
5544 6.064767614145245e-7
5545 6.064767614145245e-7
5546 6.064767614145245e-7
5547 6.064767614145245e-7
5548 6.064767614145245e-7
5549 6.064767614145245e-7
5550 6.064767614145245e-7
5551 6.064767614145245e-7
5552 6.064767614145245e-7
5553 6.064767614145245e-7
5554 6.064767614145245e-7
5555 6.064767614145245e-7
5556 6.064767614145245e-7
5557 6.064767614145245e-7
5558 6.064767614145245e-7
5559 6.064767614145245e-7
5560 6.064767614145245e-7
5561 6.064767614145245e-7
5562 6.064767614145245e-7
5563 6.064767614145245e-7
5564 6.064767614145245e-7
5565 6.064767614145245e-7
5566 6.064767614145245e-7
5567 6.064767614145245e-7
5568 6.064767614145245e-7
5569 6.064767614145245e-7
5570 6.064767614145245e-7
5571 6.069349846396755e-7
5572 6.069349846396755e-7
5573 6.069349846396755e-7
5574 6.071753111341755e-7
5575 6.071753111341755e-7
5576 6.071753111341755e-7
5577 6.071753111341755e-7
5578 6.071753111341755e-7
5579 6.073996154956664e-7
5580 6.073996154956664e-7
5581 6.073996154956664e-7
5582 6.073996154956664e-7
5583 6.073996154956664e-7
5584 6.073996154956664e-7
5585 6.08388158794191e-7
5586 6.091716230684719e-7
5587 6.098253108156974e-7
5588 6.114707468992311e-7
5589 6.118520644971201e-7
5590 6.118520644971201e-7
5591 6.125778503149319e-7
5592 6.125826566492437e-7
5593 6.130713203991573e-7
5594 6.131049659617036e-7
5595 6.136192651244318e-7
5596 6.131834728854936e-7
5597 6.127669065949845e-7
5598 6.133549057360091e-7
5599 6.126851958557745e-7
5600 6.124897301113363e-7
5601 6.123935997580091e-7
5602 6.129864052333454e-7
5603 6.126819914291727e-7
5604 6.126819914291727e-7
5605 6.137650631733145e-7
5606 6.135119195835891e-7
5607 6.137218049421446e-7
5608 6.160321433492373e-7
5609 6.157165143575491e-7
5610 6.157165143575491e-7
5611 6.163077179251755e-7
5612 6.163077179251755e-7
5613 6.163077179251755e-7
5614 6.163077179251755e-7
5615 6.163077179251755e-7
5616 6.163077179251755e-7
5617 6.167210797890828e-7
5618 6.171728935498483e-7
5619 6.175125548242773e-7
5620 6.172305720063173e-7
5621 6.172081416312864e-7
5622 6.173843808161137e-7
5623 6.172417871938328e-7
5624 6.17120021427691e-7
5625 6.187478322481418e-7
5626 6.187478322481418e-7
5627 6.191339567915245e-7
5628 6.192989807888363e-7
5629 6.197764293512345e-7
5630 6.197539989762036e-7
5631 6.198341084188856e-7
5632 6.195633401772592e-7
5633 6.19726762266861e-7
5634 6.198341084188856e-7
5635 6.196947186120246e-7
5636 6.1962582496804e-7
5637 6.191339567915245e-7
5638 6.198485274218209e-7
5639 6.195409098022282e-7
5640 6.197604078294073e-7
5641 6.191355593104165e-7
5642 6.191355593104165e-7
5643 6.197219553213673e-7
5644 6.199654862424691e-7
5645 6.199478628129318e-7
5646 6.199478628129318e-7
5647 6.2022503929658e-7
5648 6.207409397558363e-7
5649 6.209235877938672e-7
5650 6.208162422530245e-7
5651 6.209283947393609e-7
5652 6.2066563786983e-7
5653 6.206720467230336e-7
5654 6.208867384159009e-7
5655 6.215596527227373e-7
5656 6.214971673207745e-7
5657 6.214491021441109e-7
5658 6.2150517869287e-7
5659 6.221508544568181e-7
5660 6.224136119375309e-7
5661 6.22471290394e-7
5662 6.223863752281882e-7
5663 6.217647305246173e-7
5664 6.221075956144662e-7
5665 6.222854373181853e-7
5666 6.222197487119845e-7
5667 6.225273663315771e-7
5668 6.224152144564226e-7
5669 6.223014600623763e-7
5670 6.226651536195463e-7
5671 6.22410407510929e-7
5672 6.225321732770708e-7
5673 6.224921188613209e-7
5674 6.224472581112591e-7
5675 6.218784855298455e-7
5676 6.217455045761881e-7
5677 6.217278799242871e-7
5678 6.217326868697809e-7
5679 6.216109211036391e-7
5680 6.215981040084136e-7
5681 6.214010363562654e-7
5682 6.213641863671172e-7
5683 6.214218642124044e-7
5684 6.213625844594073e-7
5685 6.212664528837163e-7
5686 6.212664528837163e-7
5687 6.22373556910599e-7
5688 6.223126740275281e-7
5689 6.219537861934881e-7
5690 6.22254995571059e-7
5691 6.22453665742099e-7
5692 6.216381578129817e-7
5693 6.216381578129817e-7
5694 6.216381578129817e-7
5695 6.216381578129817e-7
5696 6.216381578129817e-7
5697 6.216381578129817e-7
5698 6.218111925712071e-7
5699 6.224600745953026e-7
5700 6.218208058510125e-7
5701 6.218208058510125e-7
5702 6.218208058510125e-7
5703 6.218208058510125e-7
5704 6.218208058510125e-7
5705 6.22873435848028e-7
5706 6.23134590198667e-7
5707 6.227084118507162e-7
5708 6.227084118507162e-7
5709 6.230256427501143e-7
5710 6.230256427501143e-7
5711 6.230256427501143e-7
5712 6.234822628451916e-7
5713 6.234822628451916e-7
5714 6.23753031086818e-7
5715 6.23753031086818e-7
5716 6.244579890484907e-7
5717 6.244195365404507e-7
5718 6.238876139481852e-7
5719 6.238283329728243e-7
5720 6.23892420282497e-7
5721 6.23892420282497e-7
5722 6.23892420282497e-7
5723 6.23892420282497e-7
5724 6.23892420282497e-7
5725 6.23892420282497e-7
5726 6.23892420282497e-7
5727 6.23892420282497e-7
5728 6.23892420282497e-7
5729 6.245685384047533e-7
5730 6.24714337064818e-7
5731 6.248697483935062e-7
5732 6.245957763364599e-7
5733 6.245957763364599e-7
5734 6.250812356597716e-7
5735 6.250812356597716e-7
5736 6.250812356597716e-7
5737 6.250812356597716e-7
5738 6.258839258824815e-7
5739 6.262684485181542e-7
5740 6.267539084526479e-7
5741 6.269958368548579e-7
5742 6.269093197813361e-7
5743 6.254449298281234e-7
5744 6.254849842438733e-7
5745 6.257829891948424e-7
5746 6.259624334174533e-7
5747 6.257189024963515e-7
5748 6.266770040477497e-7
5749 6.266770040477497e-7
5750 6.266770040477497e-7
5751 6.273979835312496e-7
5752 6.275373733381106e-7
5753 6.273531227811879e-7
5754 6.273146702731479e-7
5755 6.27389973381518e-7
5756 6.275870404224843e-7
5757 6.277632796073115e-7
5758 6.279026694141725e-7
5759 6.277953232621479e-7
5760 6.276783644414997e-7
5761 6.270695374443362e-7
5762 6.27574222716077e-7
5763 6.272938424170088e-7
5764 6.26950976104796e-7
5765 6.274011885690333e-7
5766 6.279971972486077e-7
5767 6.277440536588823e-7
5768 6.277696890716969e-7
5769 6.277552688463978e-7
5770 6.27508534109876e-7
5771 6.269734064798269e-7
5772 6.270999785802805e-7
5773 6.273050576045242e-7
5774 6.272121316777988e-7
5775 6.275598037131415e-7
5776 6.271913032104778e-7
5777 6.272281525884441e-7
5778 6.274556619877187e-7
5779 6.273707468219069e-7
5780 6.268564482703605e-7
5781 6.273755531562187e-7
5782 6.270471070693051e-7
5783 6.271832918383823e-7
5784 6.271832918383823e-7
5785 6.271832918383823e-7
5786 6.271832918383823e-7
5787 6.271832918383823e-7
5788 6.275293613548331e-7
5789 6.273114652353641e-7
5790 6.281397902597068e-7
5791 6.27691181536725e-7
5792 6.282984060149967e-7
5793 6.278834422433795e-7
5794 6.278834422433795e-7
5795 6.285339255640031e-7
5796 6.295144574904322e-7
5797 6.295881574687286e-7
5798 6.287293913084413e-7
5799 6.291267316505214e-7
5800 6.287742520585032e-7
5801 6.287101647488304e-7
5802 6.290129766452932e-7
5803 6.293221961725959e-7
5804 6.302498565880496e-7
5805 6.310958068754752e-7
5806 6.326194759705033e-7
5807 6.326194759705033e-7
5808 6.326194759705033e-7
5809 6.326194759705033e-7
5810 6.326194759705033e-7
5811 6.326194759705033e-7
5812 6.326194759705033e-7
5813 6.326194759705033e-7
5814 6.337618274676423e-7
5815 6.337618274676423e-7
5816 6.337618274676423e-7
5817 6.337618274676423e-7
5818 6.337618274676423e-7
5819 6.337618274676423e-7
5820 6.337618274676423e-7
5821 6.337618274676423e-7
5822 6.337618274676423e-7
5823 6.337618274676423e-7
5824 6.340726501250188e-7
5825 6.344010962119324e-7
5826 6.345260657934941e-7
5827 6.345645176903522e-7
5828 6.340229824294632e-7
5829 6.344091075840279e-7
5830 6.344091075840279e-7
5831 6.344091075840279e-7
5832 6.344091075840279e-7
5833 6.344091075840279e-7
5834 6.344091075840279e-7
5835 6.344091075840279e-7
5836 6.344091075840279e-7
5837 6.344091075840279e-7
5838 6.344091075840279e-7
5839 6.344091075840279e-7
5840 6.344091075840279e-7
5841 6.344091075840279e-7
5842 6.344091075840279e-7
5843 6.344091075840279e-7
5844 6.344091075840279e-7
5845 6.344091075840279e-7
5846 6.344091075840279e-7
5847 6.344091075840279e-7
5848 6.344091075840279e-7
5849 6.344091075840279e-7
5850 6.344091075840279e-7
5851 6.344091075840279e-7
5852 6.344091075840279e-7
5853 6.344091075840279e-7
5854 6.344091075840279e-7
5855 6.344091075840279e-7
5856 6.344091075840279e-7
5857 6.344091075840279e-7
5858 6.344091075840279e-7
5859 6.344091075840279e-7
5860 6.344091075840279e-7
5861 6.344091075840279e-7
5862 6.344091075840279e-7
5863 6.344091075840279e-7
5864 6.344091075840279e-7
5865 6.344091075840279e-7
5866 6.344091075840279e-7
5867 6.344091075840279e-7
5868 6.344091075840279e-7
5869 6.344091075840279e-7
5870 6.344091075840279e-7
5871 6.344091075840279e-7
5872 6.344091075840279e-7
5873 6.344091075840279e-7
5874 6.344091075840279e-7
5875 6.344091075840279e-7
5876 6.344091075840279e-7
5877 6.344091075840279e-7
5878 6.344091075840279e-7
5879 6.344091075840279e-7
5880 6.344091075840279e-7
5881 6.344091075840279e-7
5882 6.344091075840279e-7
5883 6.344091075840279e-7
5884 6.344091075840279e-7
5885 6.344091075840279e-7
5886 6.344091075840279e-7
5887 6.344091075840279e-7
5888 6.344091075840279e-7
5889 6.344091075840279e-7
5890 6.344091075840279e-7
5891 6.344091075840279e-7
5892 6.344091075840279e-7
5893 6.344091075840279e-7
5894 6.344091075840279e-7
5895 6.351989807115124e-7
5896 6.348497061572779e-7
5897 6.348497061572779e-7
5898 6.348497061572779e-7
5899 6.348497061572779e-7
5900 6.348497061572779e-7
5901 6.348497061572779e-7
5902 6.348497061572779e-7
5903 6.358847121135742e-7
5904 6.358622817385434e-7
5905 6.36749887738247e-7
5906 6.363060853495771e-7
5907 6.365896706864289e-7
5908 6.361442651676852e-7
5909 6.361442651676852e-7
5910 6.361442651676852e-7
5911 6.374308128059969e-7
5912 6.377224089037624e-7
5913 6.37427608990577e-7
5914 6.37510921637497e-7
5915 6.376358918302406e-7
5916 6.377977114009506e-7
5917 6.378185398682715e-7
5918 6.379579290639506e-7
5919 6.379579290639506e-7
5920 6.379579290639506e-7
5921 6.379579290639506e-7
5922 6.388391268216325e-7
5923 6.38890396424898e-7
5924 6.388022762213025e-7
5925 6.388583527700616e-7
5926 6.392220469384135e-7
5927 6.389689027375062e-7
5928 6.390954748379598e-7
5929 6.392604994464534e-7
5930 6.391739817617498e-7
5931 6.391611640553425e-7
5932 6.391531539056107e-7
5933 6.398420891230924e-7
5934 6.405021863347033e-7
5935 6.398917568186478e-7
5936 6.40027941587725e-7
5937 6.395793328647432e-7
5938 6.396017632397741e-7
5939 6.393534253731786e-7
5940 6.392124342697896e-7
5941 6.392044228976941e-7
5942 6.388727729953605e-7
5943 6.38805481259086e-7
5944 6.39207627324296e-7
5945 6.391451419223332e-7
5946 6.393646405606942e-7
5947 6.402810857886324e-7
5948 6.402778819732124e-7
5949 6.402842902152343e-7
5950 6.401993744382405e-7
5951 6.40148105446157e-7
5952 6.403371617262096e-7
5953 6.401128567535368e-7
5954 6.399718656501478e-7
5955 6.416493441661541e-7
5956 6.415387941987095e-7
5957 6.41529180918904e-7
5958 6.414410613264904e-7
5959 6.415371922909996e-7
5960 6.41590063801975e-7
5961 6.416333226443268e-7
5962 6.415884618942651e-7
5963 6.415964720439968e-7
5964 6.415804505221696e-7
5965 6.416012789894906e-7
5966 6.416669682068733e-7
5967 6.410949911988579e-7
5968 6.413833828700215e-7
5969 6.409572039108888e-7
5970 6.409572039108888e-7
5971 6.421636433288825e-7
5972 6.420627060300615e-7
5973 6.422165148398579e-7
5974 6.421652452365924e-7
5975 6.422581717744997e-7
5976 6.421620414211724e-7
5977 6.422213211741696e-7
5978 6.423943565435769e-7
5979 6.422822040572405e-7
5980 6.424215932529196e-7
5981 6.427644595651324e-7
5982 6.427852880324533e-7
5983 6.42772470326046e-7
5984 6.427067811086632e-7
5985 6.427388247634996e-7
5986 6.423639160188142e-7
5987 6.427276095759842e-7
5988 6.421364060083578e-7
5989 6.421364060083578e-7
5990 6.421364060083578e-7
5991 6.421364060083578e-7
5992 6.421364060083578e-7
5993 6.421364060083578e-7
5994 6.421364060083578e-7
5995 6.421364060083578e-7
5996 6.421364060083578e-7
5997 6.421364060083578e-7
5998 6.421364060083578e-7
5999 6.421364060083578e-7
6000 6.421364060083578e-7
6001 6.421364060083578e-7
6002 6.421364060083578e-7
6003 6.421364060083578e-7
6004 6.421364060083578e-7
6005 6.421364060083578e-7
6006 6.421364060083578e-7
6007 6.421364060083578e-7
6008 6.421364060083578e-7
6009 6.421364060083578e-7
6010 6.421364060083578e-7
6011 6.421364060083578e-7
6012 6.421364060083578e-7
6013 6.421364060083578e-7
6014 6.421364060083578e-7
6015 6.421364060083578e-7
6016 6.421364060083578e-7
6017 6.421364060083578e-7
6018 6.421364060083578e-7
6019 6.421364060083578e-7
6020 6.421364060083578e-7
6021 6.421364060083578e-7
6022 6.421364060083578e-7
6023 6.421364060083578e-7
6024 6.421364060083578e-7
6025 6.421364060083578e-7
6026 6.421364060083578e-7
6027 6.421364060083578e-7
6028 6.426298767037651e-7
6029 6.428301487825151e-7
6030 6.427564488042187e-7
6031 6.428894285355122e-7
6032 6.428894285355122e-7
6033 6.434902447717622e-7
6034 6.43696925092534e-7
6035 6.437930554458613e-7
6036 6.445685095704105e-7
6037 6.442865261412686e-7
6038 6.447143076192932e-7
6039 6.452462302115586e-7
6040 6.465888543986296e-7
6041 6.472217136785341e-7
6042 6.472729832817996e-7
6043 6.472729832817996e-7
6044 6.472729832817996e-7
6045 6.472729832817996e-7
6046 6.472729832817996e-7
6047 6.472729832817996e-7
6048 6.472729832817996e-7
6049 6.472729832817996e-7
6050 6.472729832817996e-7
6051 6.472729832817996e-7
6052 6.472729832817996e-7
6053 6.472729832817996e-7
6054 6.472729832817996e-7
6055 6.483528505993396e-7
6056 6.483528505993396e-7
6057 6.483528505993396e-7
6058 6.483528505993396e-7
6059 6.49306145816426e-7
6060 6.498588968760124e-7
6061 6.492292420227097e-7
6062 6.492020047021852e-7
6063 6.490898522158488e-7
6064 6.489728927840188e-7
6065 6.490802395472252e-7
6066 6.490546041344106e-7
6067 6.490546041344106e-7
6068 6.490546041344106e-7
6069 6.490546041344106e-7
6070 6.490546041344106e-7
6071 6.490546041344106e-7
6072 6.490546041344106e-7
6073 6.490546041344106e-7
6074 6.490546041344106e-7
6075 6.490546041344106e-7
6076 6.490546041344106e-7
6077 6.490546041344106e-7
6078 6.490546041344106e-7
6079 6.490546041344106e-7
6080 6.490546041344106e-7
6081 6.490546041344106e-7
6082 6.502834733162533e-7
6083 6.502834733162533e-7
6084 6.505221979030433e-7
6085 6.505221979030433e-7
6086 6.505221979030433e-7
6087 6.505221979030433e-7
6088 6.505221979030433e-7
6089 6.505221979030433e-7
6090 6.505221979030433e-7
6091 6.505221979030433e-7
6092 6.509515812887779e-7
6093 6.510589274408025e-7
6094 6.516196886501206e-7
6095 6.513585349106635e-7
6096 6.514658804515062e-7
6097 6.517334436553489e-7
6098 6.518648220901143e-7
6099 6.515155475358797e-7
6100 6.512127362505989e-7
6101 6.514626754137225e-7
6102 6.513264906446453e-7
6103 6.514674823592162e-7
6104 6.510781533892317e-7
6105 6.513569317805898e-7
6106 6.513569317805898e-7
6107 6.522124935142753e-7
6108 6.522461390768216e-7
6109 6.522461390768216e-7
6110 6.522461390768216e-7
6111 6.522461390768216e-7
6112 6.530552387639171e-7
6113 6.529895495465344e-7
6114 6.533981050761299e-7
6115 6.529831406933307e-7
6116 6.529831406933307e-7
6117 6.531017020328708e-7
6118 6.535919676904943e-7
6119 6.538146701442752e-7
6120 6.534509765871052e-7
6121 6.536592594267689e-7
6122 6.540149422230251e-7
6123 6.54037372598056e-7
6124 6.539861036059724e-7
6125 6.538835643994416e-7
6126 6.538499188368952e-7
6127 6.54075825106096e-7
6128 6.541142776141361e-7
6129 6.541142776141361e-7
6130 6.543417870134106e-7
6131 6.543049364130805e-7
6132 6.54753546358426e-7
6133 6.543225604537996e-7
6134 6.543225604537996e-7
6135 6.546333831111761e-7
6136 6.546333831111761e-7
6137 6.551556930348179e-7
6138 6.553687809864295e-7
6139 6.561330199234633e-7
6140 6.557068415755124e-7
6141 6.558862851869414e-7
6142 6.566280925265805e-7
6143 6.55918327619414e-7
6144 6.560641262794787e-7
6145 6.560641262794787e-7
6146 6.560641262794787e-7
6147 6.560641262794787e-7
6148 6.560641262794787e-7
6149 6.560641262794787e-7
6150 6.560641262794787e-7
6151 6.560641262794787e-7
6152 6.560641262794787e-7
6153 6.560641262794787e-7
6154 6.560641262794787e-7
6155 6.560641262794787e-7
6156 6.560641262794787e-7
6157 6.56975765173105e-7
6158 6.576102269719014e-7
6159 6.572064783877996e-7
6160 6.572978017956331e-7
6161 6.570430562981977e-7
6162 6.574323852681822e-7
6163 6.566569317548149e-7
6164 6.573875245181204e-7
6165 6.572689631785804e-7
6166 6.574035454287657e-7
6167 6.574051485588395e-7
6168 6.574916656323612e-7
6169 6.57355480863284e-7
6170 6.567210190644877e-7
6171 6.567514595892503e-7
6172 6.572994049257067e-7
6173 6.574948700589631e-7
6174 6.57357082770994e-7
6175 6.577800573035249e-7
6176 6.571071429966885e-7
6177 6.573650941430895e-7
6178 6.572929954613213e-7
6179 6.57719174420454e-7
6180 6.574644283118367e-7
6181 6.575269131026177e-7
6182 6.597202933002441e-7
6183 6.597202933002441e-7
6184 6.597715629035096e-7
6185 6.599958672650005e-7
6186 6.599958672650005e-7
6187 6.599958672650005e-7
6188 6.599958672650005e-7
6189 6.607649119251641e-7
6190 6.605934784634667e-7
6191 6.605181759662785e-7
6192 6.606046936509821e-7
6193 6.608562353329976e-7
6194 6.608578378518895e-7
6195 6.609171182160685e-7
6196 6.609171182160685e-7
6197 6.609171182160685e-7
6198 6.620017918679204e-7
6199 6.619905766804049e-7
6200 6.620754918462167e-7
6201 6.621363747292876e-7
6202 6.61809530550084e-7
6203 6.61809530550084e-7
6204 6.61809530550084e-7
6205 6.626266403869112e-7
6206 6.628990105362476e-7
6207 6.628909997753339e-7
6208 6.634661812099512e-7
6209 6.630576256803557e-7
6210 6.630576256803557e-7
6211 6.637385507481057e-7
6212 6.63873133609473e-7
6213 6.637000988512476e-7
6214 6.638410899546366e-7
6215 6.640125228051521e-7
6216 6.649594091690348e-7
6217 6.650587445601457e-7
6218 6.65696410174362e-7
6219 6.654464710112384e-7
6220 6.65254209693402e-7
6221 6.640637924084173e-7
6222 6.641294810146182e-7
6223 6.641294810146182e-7
6224 6.645204118923128e-7
6225 6.644435080985964e-7
6226 6.649081389545873e-7
6227 6.649978610658929e-7
6228 6.650715616553711e-7
6229 6.653727704217601e-7
6230 6.652013375712446e-7
6231 6.650090762534082e-7
6232 6.650042699190964e-7
6233 6.645075947970873e-7
6234 6.645075947970873e-7
6235 6.647238890088464e-7
6236 6.650651528021673e-7
6237 6.650651528021673e-7
6238 6.650651528021673e-7
6239 6.650651528021673e-7
6240 6.650651528021673e-7
6241 6.650651528021673e-7
6242 6.650651528021673e-7
6243 6.650651528021673e-7
6244 6.650651528021673e-7
6245 6.650651528021673e-7
6246 6.650651528021673e-7
6247 6.650651528021673e-7
6248 6.650651528021673e-7
6249 6.650651528021673e-7
6250 6.650651528021673e-7
6251 6.650651528021673e-7
6252 6.652910602937319e-7
6253 6.652558122122938e-7
6254 6.652558122122938e-7
6255 6.652558122122938e-7
6256 6.652558122122938e-7
6257 6.652558122122938e-7
6258 6.652558122122938e-7
6259 6.659543613207629e-7
6260 6.659559638396547e-7
6261 6.659607701739665e-7
6262 6.660296644291329e-7
6263 6.661690530136301e-7
6264 6.659864049755992e-7
6265 6.658101657907719e-7
6266 6.658101657907719e-7
6267 6.662043017062501e-7
6268 6.659928138288028e-7
6269 6.668772154019046e-7
6270 6.679763092790556e-7
6271 6.691811455669755e-7
6272 6.688863444314264e-7
6273 6.687421482902536e-7
6274 6.695095910427073e-7
6275 6.698492523171363e-7
6276 6.699998573115127e-7
6277 6.699341687053118e-7
6278 6.699341687053118e-7
6279 6.699341687053118e-7
6280 6.699341687053118e-7
6281 6.699341687053118e-7
6282 6.709627664195864e-7
6283 6.706759772673146e-7
6284 6.706759772673146e-7
6285 6.714642484870891e-7
6286 6.718087167070119e-7
6287 6.713232573837001e-7
6288 6.713232573837001e-7
6289 6.713232573837001e-7
6290 6.713232573837001e-7
6291 6.713232573837001e-7
6292 6.713232573837001e-7
6293 6.713232573837001e-7
6294 6.713232573837001e-7
6295 6.713232573837001e-7
6296 6.713232573837001e-7
6297 6.713232573837001e-7
6298 6.713232573837001e-7
6299 6.713232573837001e-7
6300 6.713232573837001e-7
6301 6.713232573837001e-7
6302 6.713232573837001e-7
6303 6.713232573837001e-7
6304 6.713232573837001e-7
6305 6.713232573837001e-7
6306 6.713232573837001e-7
6307 6.713232573837001e-7
6308 6.713232573837001e-7
6309 6.713232573837001e-7
6310 6.713232573837001e-7
6311 6.713232573837001e-7
6312 6.713232573837001e-7
6313 6.713232573837001e-7
6314 6.713232573837001e-7
6315 6.713232573837001e-7
6316 6.713232573837001e-7
6317 6.713232573837001e-7
6318 6.713232573837001e-7
6319 6.713232573837001e-7
6320 6.720410324405983e-7
6321 6.74008505757842e-7
6322 6.75053124382762e-7
6323 6.762195093850057e-7
6324 6.773073874634593e-7
6325 6.781405194332957e-7
6326 6.782799086289748e-7
6327 6.790072969656784e-7
6328 6.789688450688203e-7
6329 6.794286689793175e-7
6330 6.791482886802493e-7
6331 6.790297279518912e-7
6332 6.790473513814285e-7
6333 6.791098361722094e-7
6334 6.791194494520149e-7
6335 6.791274602129286e-7
6336 6.791947513380213e-7
6337 6.789223817998668e-7
6338 6.789223817998668e-7
6339 6.789223817998668e-7
6340 6.795071759031077e-7
6341 6.795920910689195e-7
6342 6.800727446691014e-7
6343 6.800759484845213e-7
6344 6.801095940470676e-7
6345 6.800503142940705e-7
6346 6.800278839190396e-7
6347 6.801256161800768e-7
6348 6.800663358158977e-7
6349 6.801015838973359e-7
6350 6.794575082075522e-7
6351 6.794575082075522e-7
6352 6.802025205849749e-7
6353 6.800407004030831e-7
6354 6.801881003596758e-7
6355 6.796994366097622e-7
6356 6.798804827400832e-7
6357 6.805069337779659e-7
6358 6.802393705741232e-7
6359 6.803387059652341e-7
6360 6.803387059652341e-7
6361 6.803387059652341e-7
6362 6.813689055872187e-7
6363 6.813689055872187e-7
6364 6.819104408481078e-7
6365 6.823766742229905e-7
6366 6.823446305681541e-7
6367 6.819617104513733e-7
6368 6.822485002148269e-7
6369 6.823894913182159e-7
6370 6.823766742229904e-7
6371 6.824599874810922e-7
6372 6.823414267527341e-7
6373 6.824615893888022e-7
6374 6.820498300437867e-7
6375 6.820514319514967e-7
6376 6.820225939456259e-7
6377 6.827724120461786e-7
6378 6.82102702165944e-7
6379 6.819777319732003e-7
6380 6.826634633752621e-7
6381 6.829486506198239e-7
6382 6.829182094838794e-7
6383 6.82945446193222e-7
6384 6.833956580462776e-7
6385 6.829951138887775e-7
6386 6.828509177476047e-7
6387 6.827163354974194e-7
6388 6.839243756007592e-7
6389 6.835767035654166e-7
6390 6.830832328700093e-7
6391 6.829502531387158e-7
6392 6.830848353889011e-7
6393 6.828332937068856e-7
6394 6.828925740710647e-7
6395 6.832434505330092e-7
6396 6.831457176607901e-7
6397 6.833475922584319e-7
6398 6.837561471768455e-7
6399 6.869092302223982e-7
6400 6.869092302223982e-7
6401 6.869092302223982e-7
6402 6.876205964260927e-7
6403 6.876205964260927e-7
6404 6.876205964260927e-7
6405 6.876205964260927e-7
6406 6.876205964260927e-7
6407 6.876205964260927e-7
6408 6.876205964260927e-7
6409 6.876205964260927e-7
6410 6.876205964260927e-7
6411 6.876205964260927e-7
6412 6.876205964260927e-7
6413 6.876205964260927e-7
6414 6.876205964260927e-7
6415 6.876205964260927e-7
6416 6.876205964260927e-7
6417 6.876205964260927e-7
6418 6.887437225859846e-7
6419 6.888110137110773e-7
6420 6.887405181593828e-7
6421 6.890192971619228e-7
6422 6.88979242134991e-7
6423 6.885915156838983e-7
6424 6.888718965941483e-7
6425 6.892147622951792e-7
6426 6.886764308497101e-7
6427 6.887597441078119e-7
6428 6.886107416323273e-7
6429 6.887421200670927e-7
6430 6.893237103549136e-7
6431 6.895960798930681e-7
6432 6.893092907407963e-7
6433 6.889119503987162e-7
6434 6.887180877843518e-7
6435 6.887693573876173e-7
6436 6.887693573876173e-7
6437 6.887693573876173e-7
6438 6.887693573876173e-7
6439 6.903763415742928e-7
6440 6.904788807808237e-7
6441 6.9043241751187e-7
6442 6.903843523352064e-7
6443 6.904981073404346e-7
6444 6.907897028270182e-7
6445 6.902866200741692e-7
6446 6.899437537619564e-7
6447 6.901856821641663e-7
6448 6.903026409848145e-7
6449 6.902657916068483e-7
6450 6.900462929684873e-7
6451 6.901280037076972e-7
6452 6.898283968490181e-7
6453 6.899966252729317e-7
6454 6.898956879741107e-7
6455 6.899838081777062e-7
6456 6.896601684251044e-7
6457 6.902177258190026e-7
6458 6.898940860664008e-7
6459 6.902369517674317e-7
6460 6.901135840935799e-7
6461 6.89852429131759e-7
6462 6.9031385617233e-7
6463 6.9027219984887e-7
6464 6.90493299783759e-7
6465 6.901840802564563e-7
6466 6.901776714032527e-7
6467 6.902433606206354e-7
6468 6.900943581451508e-7
6469 6.900943581451508e-7
6470 6.900943581451508e-7
6471 6.905702047998389e-7
6472 6.909835660525644e-7
6473 6.908698110473361e-7
6474 6.906631313377462e-7
6475 6.909226831694935e-7
6476 6.908986508867525e-7
6477 6.905878282293761e-7
6478 6.912046665986353e-7
6479 6.91049255269947e-7
6480 6.910540622154408e-7
6481 6.909643401041352e-7
6482 6.909851679602743e-7
6483 6.908858337915271e-7
6484 6.903122536534379e-7
6485 6.903122536534379e-7
6486 6.913760988379688e-7
6487 6.91552338633978e-7
6488 6.917349866720089e-7
6489 6.917558145281479e-7
6490 6.917558145281479e-7
6491 6.917558145281479e-7
6492 6.917558145281479e-7
6493 6.917558145281479e-7
6494 6.917558145281479e-7
6495 6.917558145281479e-7
6496 6.925312674303334e-7
6497 6.926946901311171e-7
6498 6.92516848427398e-7
6499 6.925841395524907e-7
6500 6.93519810728858e-7
6501 6.945339882178334e-7
6502 6.945660318726698e-7
6503 6.942375851745743e-7
6504 6.942680269217006e-7
6505 6.944090180250896e-7
6506 6.936752220575461e-7
6507 6.936752220575461e-7
6508 6.941863167936725e-7
6509 6.954312081085244e-7
6510 6.959967762633362e-7
6511 6.976293946404626e-7
6512 6.98321534895728e-7
6513 6.984657304257189e-7
6514 6.991322364905336e-7
6515 7.014746185524626e-7
6516 7.014746185524626e-7
6517 7.014746185524626e-7
6518 7.014746185524626e-7
6519 7.014746185524626e-7
6520 7.014746185524626e-7
6521 7.014746185524626e-7
6522 7.014746185524626e-7
6523 7.014746185524626e-7
6524 7.014746185524626e-7
6525 7.014746185524626e-7
6526 7.014746185524626e-7
6527 7.014746185524626e-7
6528 7.014746185524626e-7
6529 7.014746185524626e-7
6530 7.014746185524626e-7
6531 7.014746185524626e-7
6532 7.014746185524626e-7
6533 7.014746185524626e-7
6534 7.014746185524626e-7
6535 7.014746185524626e-7
6536 7.014746185524626e-7
6537 7.014746185524626e-7
6538 7.014746185524626e-7
6539 7.014746185524626e-7
6540 7.014746185524626e-7
6541 7.014746185524626e-7
6542 7.014746185524626e-7
6543 7.014746185524626e-7
6544 7.014746185524626e-7
6545 7.014746185524626e-7
6546 7.014746185524626e-7
6547 7.014746185524626e-7
6548 7.014746185524626e-7
6549 7.027964148833946e-7
6550 7.027050902531972e-7
6551 7.025721092995399e-7
6552 7.019360455930335e-7
6553 7.020273702232309e-7
6554 7.020273702232309e-7
6555 7.020273702232309e-7
6556 7.020273702232309e-7
6557 7.026554237800055e-7
6558 7.023109555600827e-7
6559 7.023109555600827e-7
6560 7.023109555600827e-7
6561 7.028428775411662e-7
6562 7.030095040573699e-7
6563 7.030783977013545e-7
6564 7.030783977013545e-7
6565 7.03467726671339e-7
6566 7.035878893074071e-7
6567 7.035878893074071e-7
6568 7.044482585977681e-7
6569 7.045876477934472e-7
6570 7.046533370108299e-7
6571 7.047446610298453e-7
6572 7.048471996251943e-7
6573 7.048471996251943e-7
6574 7.050474717039443e-7
6575 7.057908809512933e-7
6576 7.058565707798579e-7
6577 7.056915461713643e-7
6578 7.049897926362934e-7
6579 7.055489531602654e-7
6580 7.054223810598118e-7
6581 7.052765830109291e-7
6582 7.052765830109291e-7
6583 7.052765830109291e-7
6584 7.052765830109291e-7
6585 7.052765830109291e-7
6586 7.052765830109291e-7
6587 7.056771271684291e-7
6588 7.056771271684291e-7
6589 7.056771271684291e-7
6590 7.056771271684291e-7
6591 7.056771271684291e-7
6592 7.056771271684291e-7
6593 7.056771271684291e-7
6594 7.056771271684291e-7
6595 7.056771271684291e-7
6596 7.056771271684291e-7
6597 7.056771271684291e-7
6598 7.056771271684291e-7
6599 7.056771271684291e-7
6600 7.056771271684291e-7
6601 7.056771271684291e-7
6602 7.056771271684291e-7
6603 7.056771271684291e-7
6604 7.056771271684291e-7
6605 7.065839597277437e-7
6606 7.065839597277437e-7
6607 7.065839597277437e-7
6608 7.065839597277437e-7
6609 7.065839597277437e-7
6610 7.065839597277437e-7
6611 7.065839597277437e-7
6612 7.065839597277437e-7
6613 7.065839597277437e-7
6614 7.065839597277437e-7
6615 7.065839597277437e-7
6616 7.065839597277437e-7
6617 7.071735607764783e-7
6618 7.070838392763547e-7
6619 7.069092013880555e-7
6620 7.071703563498764e-7
6621 7.068242862222437e-7
6622 7.068242862222437e-7
6623 7.068242862222437e-7
6624 7.068242862222437e-7
6625 7.068242862222437e-7
6626 7.068242862222437e-7
6627 7.068242862222437e-7
6628 7.068242862222437e-7
6629 7.068242862222437e-7
6630 7.068242862222437e-7
6631 7.068242862222437e-7
6632 7.068242862222437e-7
6633 7.088205987677219e-7
6634 7.088205987677219e-7
6635 7.088205987677219e-7
6636 7.088205987677219e-7
6637 7.088205987677219e-7
6638 7.088205987677219e-7
6639 7.088205987677219e-7
6640 7.088205987677219e-7
6641 7.088205987677219e-7
6642 7.088205987677219e-7
6643 7.088205987677219e-7
6644 7.088205987677219e-7
6645 7.088205987677219e-7
6646 7.088205987677219e-7
6647 7.088205987677219e-7
6648 7.088205987677219e-7
6649 7.088205987677219e-7
6650 7.088205987677219e-7
6651 7.088205987677219e-7
6652 7.088205987677219e-7
6653 7.088205987677219e-7
6654 7.088205987677219e-7
6655 7.088205987677219e-7
6656 7.088205987677219e-7
6657 7.088205987677219e-7
6658 7.088205987677219e-7
6659 7.088205987677219e-7
6660 7.088205987677219e-7
6661 7.088205987677219e-7
6662 7.088205987677219e-7
6663 7.088205987677219e-7
6664 7.093893713491356e-7
6665 7.091474429469256e-7
6666 7.091474429469256e-7
6667 7.106903386015646e-7
6668 7.104708411855675e-7
6669 7.105749816886265e-7
6670 7.105445405526819e-7
6671 7.101391900608701e-7
6672 7.100574787104782e-7
6673 7.110460226201846e-7
6674 7.116676673237555e-7
6675 7.117557869161691e-7
6676 7.131016143074781e-7
6677 7.138386159239872e-7
6678 7.138866811006508e-7
6679 7.138866811006508e-7
6680 7.138866811006508e-7
6681 7.138866811006508e-7
6682 7.138866811006508e-7
6683 7.138866811006508e-7
6684 7.138866811006508e-7
6685 7.138866811006508e-7
6686 7.138866811006508e-7
6687 7.140597158588762e-7
6688 7.140597158588762e-7
6689 7.140597158588762e-7
6690 7.144890992446108e-7
6691 7.148848364566171e-7
6692 7.148223522770181e-7
6693 7.14823954184728e-7
6694 7.146140688261725e-7
6695 7.146893713233608e-7
6696 7.145900359322498e-7
6697 7.146413055355153e-7
6698 7.144794859648054e-7
6699 7.146557257608145e-7
6700 7.150754958667436e-7
6701 7.15248530624969e-7
6702 7.151812394998763e-7
6703 7.154327805707098e-7
6704 7.151267648588271e-7
6705 7.153702963911108e-7
6706 7.152244983422281e-7
6707 7.157564203233116e-7
6708 7.176726246484717e-7
6709 7.176726246484717e-7
6710 7.176726246484717e-7
6711 7.176726246484717e-7
6712 7.176726246484717e-7
6713 7.176726246484717e-7
6714 7.176726246484717e-7
6715 7.176726246484717e-7
6716 7.176726246484717e-7
6717 7.176726246484717e-7
6718 7.176726246484717e-7
6719 7.176726246484717e-7
6720 7.176726246484717e-7
6721 7.185442085151662e-7
6722 7.184480775506571e-7
6723 7.182413972298853e-7
6724 7.185121648603297e-7
6725 7.185890698764098e-7
6726 7.185009496728143e-7
6727 7.185682414090888e-7
6728 7.185538211837897e-7
6729 7.183920016130798e-7
6730 7.184993477651044e-7
6731 7.183311187300089e-7
6732 7.182462035641971e-7
6733 7.185153692869316e-7
6734 7.186819951919533e-7
6735 7.184128300804007e-7
6736 7.185201756212434e-7
6737 7.186098983437307e-7
6738 7.184400674009253e-7
6739 7.185682414090889e-7
6740 7.186018869716353e-7
6741 7.185618325558853e-7
6742 7.185730477434007e-7
6743 7.185410040885644e-7
6744 7.18507358526018e-7
6745 7.184416693086353e-7
6746 7.18566639501379e-7
6747 7.185394021808544e-7
6748 7.185922736918298e-7
6749 7.186932109906508e-7
6750 7.194141904741508e-7
6751 7.214825998678516e-7
6752 7.214825998678516e-7
6753 7.214825998678516e-7
6754 7.214825998678516e-7
6755 7.211685733950552e-7
6756 7.211685733950552e-7
6757 7.211685733950552e-7
6758 7.211685733950552e-7
6759 7.211685733950552e-7
6760 7.211685733950552e-7
6761 7.211685733950552e-7
6762 7.211685733950552e-7
6763 7.211685733950552e-7
6764 7.211685733950552e-7
6765 7.211685733950552e-7
6766 7.211685733950552e-7
6767 7.211685733950552e-7
6768 7.211685733950552e-7
6769 7.211685733950552e-7
6770 7.211685733950552e-7
6771 7.211685733950552e-7
6772 7.211685733950552e-7
6773 7.211685733950552e-7
6774 7.211685733950552e-7
6775 7.211685733950552e-7
6776 7.211685733950552e-7
6777 7.211685733950552e-7
6778 7.211685733950552e-7
6779 7.218350788486879e-7
6780 7.220609863402526e-7
6781 7.223862280005644e-7
6782 7.22336560305009e-7
6783 7.224551210333671e-7
6784 7.223926362425861e-7
6785 7.22692243712447e-7
6786 7.223413666393206e-7
6787 7.218078421393453e-7
6788 7.218078421393453e-7
6789 7.219039731038544e-7
6790 7.218943598240489e-7
6791 7.224967779680089e-7
6792 7.232962649864807e-7
6793 7.234196320491507e-7
6794 7.232033390597553e-7
6795 7.238474135271752e-7
6796 7.250057877685053e-7
6797 7.261289133172153e-7
6798 7.273657944823354e-7
6799 7.274619248356627e-7
6800 7.278176082431009e-7
6801 7.281893131723663e-7
6802 7.281188176206718e-7
6803 7.280563328298909e-7
6804 7.278079949632953e-7
6805 7.277487139879344e-7
6806 7.274843552106935e-7
6807 7.27572475414289e-7
6808 7.277439076536226e-7
6809 7.274507090369653e-7
6810 7.27513194438928e-7
6811 7.270309389310361e-7
6812 7.277198741485178e-7
6813 7.285385865042369e-7
6814 7.278961133333451e-7
6815 7.283927878441723e-7
6816 7.282357746077741e-7
6817 7.283847776944405e-7
6818 7.281893125611842e-7
6819 7.280947841155668e-7
6820 7.287917294827804e-7
6821 7.286299105232522e-7
6822 7.286443295261876e-7
6823 7.287692991077494e-7
6824 7.296360766401321e-7
6825 7.291698432652493e-7
6826 7.295767956647711e-7
6827 7.293765235860211e-7
6828 7.295255266726875e-7
6829 7.295944197054902e-7
6830 7.294502235643174e-7
6831 7.294502235643174e-7
6832 7.297273994367837e-7
6833 7.3108284071908e-7
6834 7.3108284071908e-7
6835 7.313552108684164e-7
6836 7.313552108684164e-7
6837 7.313552108684164e-7
6838 7.320842011128301e-7
6839 7.337520669602128e-7
6840 7.335806341096973e-7
6841 7.337921213759627e-7
6842 7.3364792523479e-7
6843 7.337344435306755e-7
6844 7.336927865960336e-7
6845 7.3368477583512e-7
6846 7.336431189004781e-7
6847 7.336174834876635e-7
6848 7.33702399875839e-7
6849 7.335806341096972e-7
6850 7.330471089985399e-7
6851 7.335485910660428e-7
6852 7.345611666473082e-7
6853 7.347117698081389e-7
6854 7.347406090363735e-7
6855 7.345980160252744e-7
6856 7.34628457161219e-7
6857 7.341670307318299e-7
6858 7.333322956319198e-7
6859 7.340132213108516e-7
6860 7.343176345038425e-7
6861 7.342647629928671e-7
6862 7.344169698949535e-7
6863 7.343913350933207e-7
6864 7.343512812887526e-7
6865 7.349921519407526e-7
6866 7.35822080095169e-7
6867 7.356330225927526e-7
6868 7.358429073401262e-7
6869 7.38566608222308e-7
6870 7.386771588009344e-7
6871 7.385794259287153e-7
6872 7.390857143305299e-7
6873 7.39028035262879e-7
6874 7.387572676324345e-7
6875 7.3908731623824e-7
6876 7.390712947164127e-7
6877 7.3876688091224e-7
6878 7.390937250914437e-7
6879 7.39790671681021e-7
6880 7.398739849391228e-7
6881 7.404347467596227e-7
6882 7.422516144713081e-7
6883 7.422452062292864e-7
6884 7.424390694548327e-7
6885 7.423092929277772e-7
6886 7.424967479113018e-7
6887 7.4213305374295e-7
6888 7.420032778270764e-7
6889 7.424919409658081e-7
6890 7.423413365826136e-7
6891 7.423413365826136e-7
6892 7.431488337508172e-7
6893 7.439611372533327e-7
6894 7.42753095927629e-7
6895 7.434564513704099e-7
6896 7.438409740060826e-7
6897 7.439306961173881e-7
6898 7.435670019490363e-7
6899 7.429613787672926e-7
6900 7.429405509111536e-7
6901 7.430446920253945e-7
6902 7.423990150390827e-7
6903 7.423990150390827e-7
6904 7.423990150390827e-7
6905 7.423990150390827e-7
6906 7.423990150390827e-7
6907 7.423990150390827e-7
6908 7.423990150390827e-7
6909 7.423990150390827e-7
6910 7.423990150390827e-7
6911 7.423990150390827e-7
6912 7.423990150390827e-7
6913 7.423990150390827e-7
6914 7.423990150390827e-7
6915 7.423990150390827e-7
6916 7.423990150390827e-7
6917 7.423990150390827e-7
6918 7.423990150390827e-7
6919 7.426729864849473e-7
6920 7.430430895065028e-7
6921 7.432273400634255e-7
6922 7.433683311668145e-7
6923 7.429437541153917e-7
6924 7.429437541153917e-7
6925 7.429437541153917e-7
6926 7.429437541153917e-7
6927 7.435525805013735e-7
6928 7.436631310799999e-7
6929 7.434740741887654e-7
6930 7.435942374360153e-7
6931 7.436358937594753e-7
6932 7.437320241128025e-7
6933 7.431824780909998e-7
6934 7.431824780909998e-7
6935 7.431824780909998e-7
6936 7.431824780909998e-7
6937 7.431824780909998e-7
6938 7.431824780909998e-7
6939 7.431824780909998e-7
6940 7.431824780909998e-7
6941 7.431824780909998e-7
6942 7.431824780909998e-7
6943 7.431824780909998e-7
6944 7.431824780909998e-7
6945 7.431824780909998e-7
6946 7.431824780909998e-7
6947 7.431824780909998e-7
6948 7.431824780909998e-7
6949 7.431824780909998e-7
6950 7.431824780909998e-7
6951 7.431824780909998e-7
6952 7.431824780909998e-7
6953 7.431824780909998e-7
6954 7.431824780909998e-7
6955 7.431824780909998e-7
6956 7.431824780909998e-7
6957 7.431824780909998e-7
6958 7.431824780909998e-7
6959 7.431824780909998e-7
6960 7.431824780909998e-7
6961 7.431824780909998e-7
6962 7.431824780909998e-7
6963 7.431824780909998e-7
6964 7.431824780909998e-7
6965 7.431824780909998e-7
6966 7.431824780909998e-7
6967 7.431824780909998e-7
6968 7.431824780909998e-7
6969 7.431824780909998e-7
6970 7.431824780909998e-7
6971 7.431824780909998e-7
6972 7.431824780909998e-7
6973 7.431824780909998e-7
6974 7.431824780909998e-7
6975 7.444578105417962e-7
6976 7.440861062237126e-7
6977 7.438313595039135e-7
6978 7.439835664059998e-7
6979 7.443728953759843e-7
6980 7.446324484300953e-7
6981 7.446324484300953e-7
6982 7.452332646663453e-7
6983 7.460023099376908e-7
6984 7.460199339784099e-7
6985 7.471478658614317e-7
6986 7.473609556465889e-7
6987 7.47277642388487e-7
6988 7.469363785951661e-7
6989 7.46939583021768e-7
6990 7.46739310943018e-7
6991 7.467745584132744e-7
6992 7.466768261522372e-7
6993 7.466912451551726e-7
6994 7.4666080463041e-7
6995 7.467409128507281e-7
6996 7.461529143208853e-7
6997 7.464653388859717e-7
6998 7.464653388859717e-7
6999 7.464653388859717e-7
7000 7.464653388859717e-7
7001 7.4721836263549e-7
7002 7.474250429562618e-7
7003 7.474522802767864e-7
7004 7.476926067712864e-7
7005 7.470036703314409e-7
7006 7.476749821193854e-7
7007 7.476076909942927e-7
7008 7.4798099844245e-7
7009 7.479922136299654e-7
7010 7.479922136299654e-7
7011 7.486795475509191e-7
7012 7.489487132736536e-7
7013 7.492867726403727e-7
7014 7.492274916650118e-7
7015 7.494485922110827e-7
7016 7.490496505724746e-7
7017 7.489983809692091e-7
7018 7.4910092017574e-7
7019 7.4954151874899e-7
7020 7.493188162952091e-7
7021 7.484760710455672e-7
7022 7.485017064583818e-7
7023 7.485241368334127e-7
7024 7.484680602846536e-7
7025 7.491281568850826e-7
7026 7.494902491457245e-7
7027 7.494902491457245e-7
7028 7.502560893792863e-7
7029 7.502657026590918e-7
7030 7.503153703546473e-7
7031 7.504131026156845e-7
7032 7.502464760994808e-7
7033 7.502464760994808e-7
7034 7.502464760994808e-7
7035 7.502464760994808e-7
7036 7.512350193980054e-7
7037 7.512222016915981e-7
7038 7.512318149714036e-7
7039 7.513023111342801e-7
7040 7.514913674143328e-7
7041 7.515858952487682e-7
7042 7.515650673926292e-7
7043 7.514128611017246e-7
7044 7.515746806724346e-7
7045 7.517669426014528e-7
7046 7.515426370175982e-7
7047 7.516131331804746e-7
7048 7.514336895690456e-7
7049 7.509706606207647e-7
7050 7.514128611017246e-7
7051 7.513984420987892e-7
7052 7.510251346506319e-7
7053 7.508809385094592e-7
7054 7.513599895907492e-7
7055 7.510651890663819e-7
7056 7.513423649388482e-7
7057 7.5162755218341e-7
7058 7.5162755218341e-7
7059 7.5162755218341e-7
7060 7.5162755218341e-7
7061 7.529092940985918e-7
7062 7.536238641177063e-7
7063 7.528035498542772e-7
7064 7.525023410878882e-7
7065 7.530518877208727e-7
7066 7.530038219330271e-7
7067 7.529429390499562e-7
7068 7.529413371422463e-7
7069 7.52923713712709e-7
7070 7.52923713712709e-7
7071 7.528740460171536e-7
7072 7.526513435633727e-7
7073 7.533851401420982e-7
7074 7.530791238190335e-7
7075 7.524670923952681e-7
7076 7.535309381909809e-7
7077 7.532665788025582e-7
7078 7.531976857697555e-7
7079 7.532089009572709e-7
7080 7.527939365744718e-7
7081 7.530182421583264e-7
7082 7.527554846776135e-7
7083 7.527554846776135e-7
7084 7.528980789110763e-7
7085 7.528980789110763e-7
7086 7.534732597345117e-7
7087 7.534732597345117e-7
7088 7.539843544706381e-7
7089 7.537632539245672e-7
7090 7.541365613727244e-7
7091 7.541750132695825e-7
7092 7.541205398508972e-7
7093 7.540372265927954e-7
7094 7.541109265710918e-7
7095 7.539619240956072e-7
7096 7.539619240956072e-7
7097 7.543736834406227e-7
7098 7.543736834406227e-7
7099 7.543736834406227e-7
7100 7.549328427422308e-7
7101 7.549328427422308e-7
7102 7.549328427422308e-7
7103 7.549328427422308e-7
7104 7.557131025899099e-7
7105 7.553798495575025e-7
7106 7.55732328538339e-7
7107 7.555881323971662e-7
7108 7.555881323971662e-7
7109 7.567625275491416e-7
7110 7.568089914292771e-7
7111 7.567352914509808e-7
7112 7.569964464128017e-7
7113 7.570445109782834e-7
7114 7.572255571086043e-7
7115 7.571470507959962e-7
7116 7.569692090922771e-7
7117 7.573521285978761e-7
7118 7.569852312252862e-7
7119 7.567785502933326e-7
7120 7.567785502933326e-7
7121 7.567785502933326e-7
7122 7.567785502933326e-7
7123 7.567785502933326e-7
7124 7.567785502933326e-7
7125 7.567785502933326e-7
7126 7.57430636132848e-7
7127 7.575491974723881e-7
7128 7.574947234425208e-7
7129 7.571021900459344e-7
7130 7.571021900459344e-7
7131 7.571021900459344e-7
7132 7.578199651028326e-7
7133 7.578439979967553e-7
7134 7.576773714805517e-7
7135 7.574274323174281e-7
7136 7.572656121355362e-7
7137 7.575219607630453e-7
7138 7.575219607630453e-7
7139 7.580026131408634e-7
7140 7.580026131408634e-7
7141 7.585393420674407e-7
7142 7.589190583688016e-7
7143 7.592218696540824e-7
7144 7.599845054610424e-7
7145 7.619327522186751e-7
7146 7.619327522186751e-7
7147 7.619327522186751e-7
7148 7.619327522186751e-7
7149 7.619327522186751e-7
7150 7.619327522186751e-7
7151 7.619327522186751e-7
7152 7.619327522186751e-7
7153 7.624486532891133e-7
7154 7.629389189467368e-7
7155 7.629212955171996e-7
7156 7.629933935877859e-7
7157 7.62490310223755e-7
7158 7.630366524301377e-7
7159 7.628764329335921e-7
7160 7.626377089579839e-7
7161 7.62551192495644e-7
7162 7.627770987648448e-7
7163 7.63433990938672e-7
7164 7.636855326206874e-7
7165 7.634371959764557e-7
7166 7.633458719574402e-7
7167 7.635605630391256e-7
7168 7.633811194276966e-7
7169 7.63892214163823e-7
7170 7.651258902911593e-7
7171 7.658052128400175e-7
7172 7.658052128400175e-7
7173 7.670292762987302e-7
7174 7.671718693098293e-7
7175 7.669235326655975e-7
7176 7.672952375948629e-7
7177 7.672792154618538e-7
7178 7.67216730059891e-7
7179 7.673176679698938e-7
7180 7.674618641110666e-7
7181 7.673032483557766e-7
7182 7.675483811845884e-7
7183 7.672151281521811e-7
7184 7.673737439074711e-7
7185 7.674586590732829e-7
7186 7.672423654727057e-7
7187 7.671702674021193e-7
7188 7.67056513008073e-7
7189 7.672423654727058e-7
7190 7.678495899509775e-7
7191 7.672007091492458e-7
7192 7.674202071764249e-7
7193 7.673753458151812e-7
7194 7.675419723313849e-7
7195 7.672359566195021e-7
7196 7.674634660187767e-7
7197 7.676413077224958e-7
7198 7.676332969615821e-7
7199 7.679521297686903e-7
7200 7.674474438857675e-7
7201 7.675579944643939e-7
7202 7.671446332116685e-7
7203 7.672920331682612e-7
7204 7.673272806385176e-7
7205 7.672151281521812e-7
7206 7.665181815626039e-7
7207 7.669123168669002e-7
7208 7.67075738956502e-7
7209 7.671222022254557e-7
7210 7.676781577116439e-7
7211 7.675323590515792e-7
7212 7.679489253420883e-7
7213 7.678111386653011e-7
7214 7.679264949670575e-7
7215 7.680690885893384e-7
7216 7.677150077007921e-7
7217 7.679969905187521e-7
7218 7.679393120622829e-7
7219 7.679585386218939e-7
7220 7.694966279422211e-7
7221 7.71297475354443e-7
7222 7.71297475354443e-7
7223 7.71297475354443e-7
7224 7.71297475354443e-7
7225 7.71297475354443e-7
7226 7.717621062104339e-7
7227 7.717621062104339e-7
7228 7.720905529085295e-7
7229 7.725567862834122e-7
7230 7.725567862834122e-7
7231 7.731351721446314e-7
7232 7.735084783704249e-7
7233 7.739490775548568e-7
7234 7.741157040710605e-7
7235 7.742919426447058e-7
7236 7.750353531144186e-7
7237 7.76549410152005e-7
7238 7.76549410152005e-7
7239 7.76549410152005e-7
7240 7.76549410152005e-7
7241 7.76549410152005e-7
7242 7.76549410152005e-7
7243 7.76549410152005e-7
7244 7.76549410152005e-7
7245 7.76549410152005e-7
7246 7.76549410152005e-7
7247 7.76549410152005e-7
7248 7.76549410152005e-7
7249 7.76549410152005e-7
7250 7.76549410152005e-7
7251 7.76549410152005e-7
7252 7.76549410152005e-7
7253 7.76549410152005e-7
7254 7.76549410152005e-7
7255 7.76549410152005e-7
7256 7.76549410152005e-7
7257 7.768297916734369e-7
7258 7.768297916734369e-7
7259 7.768297916734369e-7
7260 7.768297916734369e-7
7261 7.768297916734369e-7
7262 7.768297916734369e-7
7263 7.768297916734369e-7
7264 7.768297916734369e-7
7265 7.768297916734369e-7
7266 7.775219325398842e-7
7267 7.775219325398842e-7
7268 7.77786291928307e-7
7269 7.780602639853533e-7
7270 7.780602639853533e-7
7271 7.780602639853533e-7
7272 7.780602639853533e-7
7273 7.784223562459951e-7
7274 7.784223562459951e-7
7275 7.784223562459951e-7
7276 7.784223562459951e-7
7277 7.784223562459951e-7
7278 7.784223562459951e-7
7279 7.784223562459951e-7
7280 7.795679127809179e-7
7281 7.789526763193687e-7
7282 7.789526763193687e-7
7283 7.789526763193687e-7
7284 7.789526763193687e-7
7285 7.789526763193687e-7
7286 7.793740489441896e-7
7287 7.794605666288933e-7
7288 7.79946025952205e-7
7289 7.803529789629087e-7
7290 7.799988974631805e-7
7291 7.799940917400506e-7
7292 7.800149195961896e-7
7293 7.795166431776524e-7
7294 7.790680332323069e-7
7295 7.790680332323069e-7
7296 7.790680332323069e-7
7297 7.790680332323069e-7
7298 7.790680332323069e-7
7299 7.791849914417732e-7
7300 7.791849914417732e-7
7301 7.791849914417732e-7
7302 7.791849914417732e-7
7303 7.800437588244241e-7
7304 7.805516485227669e-7
7305 7.814408570413623e-7
7306 7.813254995172423e-7
7307 7.80891309186014e-7
7308 7.809778268707176e-7
7309 7.810675489820232e-7
7310 7.817004088731096e-7
7311 7.817020107808195e-7
7312 7.816283108025231e-7
7313 7.81612288669514e-7
7314 7.816988069653995e-7
7315 7.820817264709986e-7
7316 7.847493508044213e-7
7317 7.850585709429059e-7
7318 7.848182450595878e-7
7319 7.848406754346187e-7
7320 7.84694877385736e-7
7321 7.849880760023932e-7
7322 7.853501670406713e-7
7323 7.851755303747359e-7
7324 7.851482930542113e-7
7325 7.851707234292422e-7
7326 7.851947557119831e-7
7327 7.852075740295723e-7
7328 7.85435082817665e-7
7329 7.855344182087759e-7
7330 7.85116249399375e-7
7331 7.854991695161558e-7
7332 7.858484440703904e-7
7333 7.856914308339922e-7
7334 7.852155847904859e-7
7335 7.848647071061776e-7
7336 7.852219924213258e-7
7337 7.848198463561158e-7
7338 7.854270714455695e-7
7339 7.856049125381067e-7
7340 7.854959644783721e-7
7341 7.850649791849276e-7
7342 7.851434861087176e-7
7343 7.851146468804831e-7
7344 7.852155835681222e-7
7345 7.85678612516403e-7
7346 7.856722042743813e-7
7347 7.85478341048835e-7
7348 7.854575131926959e-7
7349 7.858997136736559e-7
7350 7.863579356764431e-7
7351 7.866222950648659e-7
7352 7.863355053014123e-7
7353 7.864861102957887e-7
7354 7.863050641654677e-7
7355 7.863162793529832e-7
7356 7.864556691598441e-7
7357 7.859830269317578e-7
7358 7.859830269317578e-7
7359 7.859830269317578e-7
7360 7.859830269317578e-7
7361 7.859830269317578e-7
7362 7.859830269317578e-7
7363 7.874970839693442e-7
7364 7.878495629501806e-7
7365 7.878495629501806e-7
7366 7.878495629501806e-7
7367 7.883414317378779e-7
7368 7.883414317378779e-7
7369 7.883414317378779e-7
7370 7.887612012326252e-7
7371 7.889999258194152e-7
7372 7.891120789169334e-7
7373 7.899275862348687e-7
7374 7.920793094978533e-7
7375 7.920793094978533e-7
7376 7.920793094978533e-7
7377 7.920793094978533e-7
7378 7.920793094978533e-7
7379 7.920793094978533e-7
7380 7.920793094978533e-7
7381 7.922699682967978e-7
7382 7.922699682967978e-7
7383 7.922699682967978e-7
7384 7.922699682967978e-7
7385 7.930950901169025e-7
7386 7.930950901169025e-7
7387 7.939362328476524e-7
7388 7.939362328476524e-7
7389 7.939362328476524e-7
7390 7.94503403521356e-7
7391 7.94541856029396e-7
7392 7.953749879992324e-7
7393 7.949856590292479e-7
7394 7.951138330374116e-7
7395 7.953092987818497e-7
7396 7.953717829614487e-7
7397 7.953765899069425e-7
7398 7.955207860481152e-7
7399 7.955800664122943e-7
7400 7.97106941156288e-7
7401 7.978647700177543e-7
7402 7.978647700177543e-7
7403 7.978647700177543e-7
7404 7.978647700177543e-7
7405 7.978647700177543e-7
7406 7.978647700177543e-7
7407 7.978647700177543e-7
7408 7.984447577866833e-7
7409 7.982380768547297e-7
7410 7.989991113651616e-7
7411 7.989510461884979e-7
7412 7.986754716125598e-7
7413 7.995086035823961e-7
7414 7.994573333679488e-7
7415 7.989254113868653e-7
7416 7.991769524576989e-7
7417 7.992362334330598e-7
7418 7.990599936370507e-7
7419 7.990599936370507e-7
7420 7.998610819520507e-7
7421 7.992842992209053e-7
7422 7.994813662618716e-7
7423 7.997361129816707e-7
7424 8.000805799792297e-7
7425 8.004474785741834e-7
7426 8.006397398920198e-7
7427 8.001238388215816e-7
7428 8.004314564411742e-7
7429 8.008672486801124e-7
7430 8.00655761413847e-7
7431 8.005884696775725e-7
7432 8.009297334708934e-7
7433 8.010210574899088e-7
7434 8.008672486801124e-7
7435 8.01019454971017e-7
7436 8.00976196739847e-7
7437 8.010322726774243e-7
7438 8.007663113812917e-7
7439 8.007663113812917e-7
7440 8.007663113812917e-7
7441 8.007663113812917e-7
7442 8.007663113812917e-7
7443 8.007663113812917e-7
7444 8.007663113812917e-7
7445 8.020288267368626e-7
7446 8.027914625438226e-7
7447 8.02680912576378e-7
7448 8.023428538208408e-7
7449 8.023444557285508e-7
7450 8.024646183646189e-7
7451 8.022130766826034e-7
7452 8.021185482369861e-7
7453 8.016971756121652e-7
7454 8.021201513670599e-7
7455 8.026280410654026e-7
7456 8.026024056525881e-7
7457 8.034723876115726e-7
7458 8.038120494971836e-7
7459 8.038649203969771e-7
7460 8.041757430543535e-7
7461 8.063242612795544e-7
7462 8.06410778964258e-7
7463 8.066398896600607e-7
7464 8.065806099070635e-7
7465 8.063434872279835e-7
7466 8.06490887795758e-7
7467 8.067071813963352e-7
7468 8.075979912114588e-7
7469 8.072679432168352e-7
7470 8.07131758447758e-7
7471 8.07815887330928e-7
7472 8.08956636920357e-7
7473 8.098955125233262e-7
7474 8.098955125233262e-7
7475 8.098955125233262e-7
7476 8.098955125233262e-7
7477 8.098955125233262e-7
7478 8.098955125233262e-7
7479 8.098955125233262e-7
7480 8.098955125233262e-7
7481 8.107574837213971e-7
7482 8.109369273328261e-7
7483 8.109369273328261e-7
7484 8.109369273328261e-7
7485 8.109369273328261e-7
7486 8.118469630963788e-7
7487 8.119911592375516e-7
7488 8.117043700852798e-7
7489 8.117043700852798e-7
7490 8.121209357646071e-7
7491 8.121770129245481e-7
7492 8.123099926558416e-7
7493 8.123436394407517e-7
7494 8.123436394407517e-7
7495 8.123436394407517e-7
7496 8.123436394407517e-7
7497 8.123436394407517e-7
7498 8.127249576498227e-7
7499 8.1322003025294e-7
7500 8.1265926843244e-7
7501 8.129412512504e-7
7502 8.132424606279709e-7
7503 8.131255018073227e-7
7504 8.137471458997118e-7
7505 8.145979019102673e-7
7506 8.145242019319709e-7
7507 8.145738696275263e-7
7508 8.144505019536745e-7
7509 8.144104475379246e-7
7510 8.141909501219274e-7
7511 8.144953633149183e-7
7512 8.147453024780419e-7
7513 8.145754715352365e-7
7514 8.13683059201221e-7
7515 8.139938818585975e-7
7516 8.147885613203938e-7
7517 8.147949701735975e-7
7518 8.149023157144402e-7
7519 8.142646501002239e-7
7520 8.140579691682703e-7
7521 8.138368686221993e-7
7522 8.13902557839582e-7
7523 8.141252602933629e-7
7524 8.141717229511347e-7
7525 8.136686401982856e-7
7526 8.139922793397056e-7
7527 8.141637121902211e-7
7528 8.14585084815042e-7
7529 8.16387533523792e-7
7530 8.162609614233382e-7
7531 8.16084722238511e-7
7532 8.156489306107547e-7
7533 8.156649521325819e-7
7534 8.157915248442175e-7
7535 8.157530729473593e-7
7536 8.162625651645938e-7
7537 8.167496263956156e-7
7538 8.173616578193811e-7
7539 8.184319130794794e-7
7540 8.199011087558222e-7
7541 8.201141973186157e-7
7542 8.202055219488131e-7
7543 8.200629283265321e-7
7544 8.19804977791313e-7
7545 8.19804977791313e-7
7546 8.19804977791313e-7
7547 8.199972384979675e-7
7548 8.205147414761157e-7
7549 8.204554617231185e-7
7550 8.203641370929211e-7
7551 8.207262299647449e-7
7552 8.211572146470076e-7
7553 8.209168887636895e-7
7554 8.211540102204057e-7
7555 8.211171608424394e-7
7556 8.206717553236957e-7
7557 8.206509268563748e-7
7558 8.201141973186156e-7
7559 8.200485087124147e-7
7560 8.215882005516338e-7
7561 8.217708479784828e-7
7562 8.219454858667819e-7
7563 8.219326681603746e-7
7564 8.211620209813192e-7
7565 8.211620209813192e-7
7566 8.212196994377883e-7
7567 8.212132905845847e-7
7568 8.218429454378873e-7
7569 8.225270761546029e-7
7570 8.228555222415165e-7
7571 8.228971791761584e-7
7572 8.227994463039393e-7
7573 8.223428262088621e-7
7574 8.225831520921802e-7
7575 8.229228139777912e-7
7576 8.229196095511893e-7
7577 8.22943642445112e-7
7578 8.229324272575966e-7
7579 8.225366894344083e-7
7580 8.223252021681429e-7
7581 8.228250804943901e-7
7582 8.229692766355628e-7
7583 8.233794340728683e-7
7584 8.230718164532756e-7
7585 8.233537998824175e-7
7586 8.228491139994947e-7
7587 8.229997183826892e-7
7588 8.233137448554856e-7
7589 8.23547662496782e-7
7590 8.231359031517665e-7
7591 8.229019855104701e-7
7592 8.226792824455073e-7
7593 8.232704866243156e-7
7594 8.228539203338065e-7
7595 8.229067918447819e-7
7596 8.231134727767355e-7
7597 8.231006550703282e-7
7598 8.227882311164238e-7
7599 8.227882311164238e-7
7600 8.227882311164238e-7
7601 8.227882311164238e-7
7602 8.227882311164238e-7
7603 8.227882311164238e-7
7604 8.227882311164238e-7
7605 8.227882311164238e-7
7606 8.232416473960811e-7
7607 8.233473910292138e-7
7608 8.23904948423112e-7
7609 8.239594224529793e-7
7610 8.238889262901029e-7
7611 8.234883821326028e-7
7612 8.232576689179083e-7
7613 8.232576689179083e-7
7614 8.232576689179083e-7
7615 8.232576689179083e-7
7616 8.232576689179083e-7
7617 8.232576689179083e-7
7618 8.232576689179083e-7
7619 8.232576689179083e-7
7620 8.232576689179083e-7
7621 8.232576689179083e-7
7622 8.232576689179083e-7
7623 8.232576689179083e-7
7624 8.232576689179083e-7
7625 8.232576689179083e-7
7626 8.232576689179083e-7
7627 8.232576689179083e-7
7628 8.232576689179083e-7
7629 8.232576689179083e-7
7630 8.232576689179083e-7
7631 8.232576689179083e-7
7632 8.232576689179083e-7
7633 8.232576689179083e-7
7634 8.232576689179083e-7
7635 8.235140169342356e-7
7636 8.24084392645723e-7
7637 8.242317926023157e-7
7638 8.245121735125657e-7
7639 8.249415568983003e-7
7640 8.273992952619857e-7
7641 8.273992952619857e-7
7642 8.273992952619857e-7
7643 8.273992952619857e-7
7644 8.273992952619857e-7
7645 8.273992952619857e-7
7646 8.273992952619857e-7
7647 8.273992952619857e-7
7648 8.273992952619857e-7
7649 8.273992952619857e-7
7650 8.273992952619857e-7
7651 8.273992952619857e-7
7652 8.273992952619857e-7
7653 8.273992952619857e-7
7654 8.273992952619857e-7
7655 8.273992952619857e-7
7656 8.273992952619857e-7
7657 8.273992952619857e-7
7658 8.275947603952421e-7
7659 8.276187932891648e-7
7660 8.280706076611121e-7
7661 8.280706076611121e-7
7662 8.286297681850841e-7
7663 8.289566123642878e-7
7664 8.289566123642878e-7
7665 8.298474227905933e-7
7666 8.296070962960933e-7
7667 8.293395330922506e-7
7668 8.296038918694914e-7
7669 8.296038918694914e-7
7670 8.302335473339759e-7
7671 8.308455787577414e-7
7672 8.307238136027814e-7
7673 8.307077914697722e-7
7674 8.31174024844655e-7
7675 8.306821572793214e-7
7676 8.31053861597405e-7
7677 8.309353008690469e-7
7678 8.30513928244226e-7
7679 8.302992359401768e-7
7680 8.302992359401768e-7
7681 8.306260801193805e-7
7682 8.308680085215904e-7
7683 8.305555839565041e-7
7684 8.309192781248559e-7
7685 8.309192781248559e-7
7686 8.319622954532478e-7
7687 8.319622954532478e-7
7688 8.319622954532478e-7
7689 8.319622954532478e-7
7690 8.327297375945196e-7
7691 8.327297375945196e-7
7692 8.327297375945196e-7
7693 8.327297375945196e-7
7694 8.327297375945196e-7
7695 8.327297375945196e-7
7696 8.327297375945196e-7
7697 8.327297375945196e-7
7698 8.327297375945196e-7
7699 8.338576700887233e-7
7700 8.338576700887233e-7
7701 8.341781054147233e-7
7702 8.341156200127606e-7
7703 8.341428579444671e-7
7704 8.344136255749115e-7
7705 8.344136255749115e-7
7706 8.344136255749115e-7
7707 8.350657114144269e-7
7708 8.351506271914207e-7
7709 8.352723929575625e-7
7710 8.35464653664217e-7
7711 8.353092423355287e-7
7712 8.350016247159361e-7
7713 8.358956395688434e-7
7714 8.355479669223187e-7
7715 8.358956395688434e-7
7716 8.360830939411861e-7
7717 8.384030462392661e-7
7718 8.384030462392661e-7
7719 8.384030462392661e-7
7720 8.384030462392661e-7
7721 8.384030462392661e-7
7722 8.384030462392661e-7
7723 8.384030462392661e-7
7724 8.384030462392661e-7
7725 8.384030462392661e-7
7726 8.384030462392661e-7
7727 8.384030462392661e-7
7728 8.380553742039234e-7
7729 8.380553742039234e-7
7730 8.380553742039234e-7
7731 8.380553742039234e-7
7732 8.380553742039234e-7
7733 8.380553742039234e-7
7734 8.380553742039234e-7
7735 8.380553742039234e-7
7736 8.380553742039234e-7
7737 8.380553742039234e-7
7738 8.380553742039234e-7
7739 8.380553742039234e-7
7740 8.380553742039234e-7
7741 8.380553742039234e-7
7742 8.380553742039234e-7
7743 8.380553742039234e-7
7744 8.380553742039234e-7
7745 8.380553742039234e-7
7746 8.380553742039234e-7
7747 8.380553742039234e-7
7748 8.380553742039234e-7
7749 8.380553742039234e-7
7750 8.380553742039234e-7
7751 8.380553742039234e-7
7752 8.380553742039234e-7
7753 8.380553742039234e-7
7754 8.380553742039234e-7
7755 8.380553742039234e-7
7756 8.380553742039234e-7
7757 8.380553742039234e-7
7758 8.389590011142724e-7
7759 8.39465290127269e-7
7760 8.391304351871517e-7
7761 8.396495400730099e-7
7762 8.402327322685408e-7
7763 8.389622061520563e-7
7764 8.388564625189236e-7
7765 8.388516555734299e-7
7766 8.394364502878527e-7
7767 8.395646249071982e-7
7768 8.391096067198309e-7
7769 8.391592731930226e-7
7770 8.3888690426605e-7
7771 8.3888690426605e-7
7772 8.398273817767291e-7
7773 8.398257798690192e-7
7774 8.398257798690192e-7
7775 8.402599695890655e-7
7776 8.401526240482229e-7
7777 8.401526240482229e-7
7778 8.401526240482229e-7
7779 8.406396858904266e-7
7780 8.406172555153957e-7
7781 8.409633256430284e-7
7782 8.405467593525193e-7
7783 8.409521104555129e-7
7784 8.409617237353184e-7
7785 8.40950508547803e-7
7786 8.409136579474729e-7
7787 8.409633256430284e-7
7788 8.412036521375284e-7
7789 8.414183438303957e-7
7790 8.413895046021612e-7
7791 8.406476966513402e-7
7792 8.410914996511921e-7
7793 8.421681619309484e-7
7794 8.422178296265038e-7
7795 8.422674973220593e-7
7796 8.420592144823957e-7
7797 8.427914091534111e-7
7798 8.444288338648493e-7
7799 8.455087005712075e-7
7800 8.455087005712075e-7
7801 8.455087005712075e-7
7802 8.455087005712075e-7
7803 8.455087005712075e-7
7804 8.459653212774666e-7
7805 8.461832167857539e-7
7806 8.462617237095438e-7
7807 8.463498433019574e-7
7808 8.463466388753555e-7
7809 8.464700065492074e-7
7810 8.462120560139883e-7
7811 8.462120560139883e-7
7812 8.462120560139883e-7
7813 8.462120560139883e-7
7814 8.462120560139883e-7
7815 8.470660158399637e-7
7816 8.475690998151764e-7
7817 8.479536218396673e-7
7818 8.475354536414482e-7
7819 8.477485434266055e-7
7820 8.479279876492164e-7
7821 8.480273218179636e-7
7822 8.480417414320809e-7
7823 8.4809941988855e-7
7824 8.488892930160346e-7
7825 8.51103501680982e-7
7826 8.51103501680982e-7
7827 8.51103501680982e-7
7828 8.51103501680982e-7
7829 8.51103501680982e-7
7830 8.51103501680982e-7
7831 8.51103501680982e-7
7832 8.51103501680982e-7
7833 8.51103501680982e-7
7834 8.51103501680982e-7
7835 8.51103501680982e-7
7836 8.51103501680982e-7
7837 8.51103501680982e-7
7838 8.51103501680982e-7
7839 8.51103501680982e-7
7840 8.51103501680982e-7
7841 8.51103501680982e-7
7842 8.51103501680982e-7
7843 8.51103501680982e-7
7844 8.51103501680982e-7
7845 8.51103501680982e-7
7846 8.51103501680982e-7
7847 8.51103501680982e-7
7848 8.51103501680982e-7
7849 8.51103501680982e-7
7850 8.51103501680982e-7
7851 8.51103501680982e-7
7852 8.51103501680982e-7
7853 8.51103501680982e-7
7854 8.51103501680982e-7
7855 8.51103501680982e-7
7856 8.51103501680982e-7
7857 8.51103501680982e-7
7858 8.51103501680982e-7
7859 8.51103501680982e-7
7860 8.51103501680982e-7
7861 8.51103501680982e-7
7862 8.51103501680982e-7
7863 8.51103501680982e-7
7864 8.51103501680982e-7
7865 8.51103501680982e-7
7866 8.51103501680982e-7
7867 8.51103501680982e-7
7868 8.51103501680982e-7
7869 8.51103501680982e-7
7870 8.51103501680982e-7
7871 8.51103501680982e-7
7872 8.51103501680982e-7
7873 8.51103501680982e-7
7874 8.51103501680982e-7
7875 8.51103501680982e-7
7876 8.51103501680982e-7
7877 8.51103501680982e-7
7878 8.51103501680982e-7
7879 8.51103501680982e-7
7880 8.51103501680982e-7
7881 8.51103501680982e-7
7882 8.51103501680982e-7
7883 8.51103501680982e-7
7884 8.51103501680982e-7
7885 8.51103501680982e-7
7886 8.51103501680982e-7
7887 8.51103501680982e-7
7888 8.51103501680982e-7
7889 8.523307695662966e-7
7890 8.522330366940775e-7
7891 8.52223423414272e-7
7892 8.526512042811147e-7
7893 8.525406549248521e-7
7894 8.522714885909356e-7
7895 8.528306485037256e-7
7896 8.526592156532102e-7
7897 8.523435866615219e-7
7898 8.524365131994292e-7
7899 8.523948562647873e-7
7900 8.523948562647873e-7
7901 8.527152909796055e-7
7902 8.527152909796055e-7
7903 8.527152909796055e-7
7904 8.527152909796055e-7
7905 8.533096983626518e-7
7906 8.537823405907382e-7
7907 8.543831562158063e-7
7908 8.542357562592136e-7
7909 8.549359072753927e-7
7910 8.542437670201273e-7
7911 8.542998441800683e-7
7912 8.542149284030746e-7
7913 8.539441607726301e-7
7914 8.539201278787074e-7
7915 8.539073101723001e-7
7916 8.538976968924946e-7
7917 8.536109077402228e-7
7918 8.543030479954882e-7
7919 8.552178907045346e-7
7920 8.555367241228246e-7
7921 8.558122980875809e-7
7922 8.553652906611273e-7
7923 8.556969411746428e-7
7924 8.559613005630655e-7
7925 8.560013543676337e-7
7926 8.563105751173001e-7
7927 8.563874795221983e-7
7928 8.564900187287292e-7
7929 8.567047110327784e-7
7930 8.567687977312693e-7
7931 8.57255858962291e-7
7932 8.574064633454856e-7
7933 8.568312819108683e-7
7934 8.568312819108683e-7
7935 8.568809489952418e-7
7936 8.569818856828809e-7
7937 8.569818856828809e-7
7938 8.574336994436463e-7
7939 8.573952469356063e-7
7940 8.575666797861217e-7
7941 8.586465471036617e-7
7942 8.585568243811744e-7
7943 8.582860567507298e-7
7944 8.587282584540535e-7
7945 8.589109058809025e-7
7946 8.591047703288126e-7
7947 8.586882034271216e-7
7948 8.587955495791462e-7
7949 8.59478077165788e-7
7950 8.591704595461954e-7
7951 8.605835792849608e-7
7952 8.622658653576428e-7
7953 8.624437070613619e-7
7954 8.625254178005718e-7
7955 8.632351827077383e-7
7956 8.634194326534791e-7
7957 8.634947345394854e-7
7958 8.634434655474018e-7
7959 8.633281092456454e-7
7960 8.634466699740036e-7
7961 8.633970022784481e-7
7962 8.634947345394853e-7
7963 8.636100914524234e-7
7964 8.640859387182935e-7
7965 8.641099710010344e-7
7966 8.640747235307781e-7
7967 8.639545596723462e-7
7968 8.634450674551116e-7
7969 8.633281092456453e-7
7970 8.631166219793799e-7
7971 8.63095793512059e-7
7972 8.632063434795035e-7
7973 8.633633579382654e-7
7974 8.633954009819199e-7
7975 8.633329155799571e-7
7976 8.633745719034171e-7
7977 8.634482724928953e-7
7978 8.63472305386818e-7
7979 8.633184959658398e-7
7980 8.634050136505435e-7
7981 8.635315851398153e-7
7982 8.637270514954354e-7
7983 8.628602733518707e-7
7984 8.628602733518707e-7
7985 8.628602733518707e-7
7986 8.628602733518707e-7
7987 8.628602733518707e-7
7988 8.637478787403925e-7
7989 8.637222433275779e-7
7990 8.640683146775744e-7
7991 8.651882357996826e-7
7992 8.6511934276688e-7
7993 8.667663795357599e-7
7994 8.685864535075927e-7
7995 8.684246339368827e-7
7996 8.679455828555927e-7
7997 8.679455828555927e-7
7998 8.683493308285126e-7
7999 8.683493308285126e-7
8000 8.690190407087472e-7
8001 8.690190407087472e-7
8002 8.6916323684992e-7
8003 8.6916323684992e-7
8004 8.6916323684992e-7
8005 8.6916323684992e-7
8006 8.6916323684992e-7
8007 8.6916323684992e-7
8008 8.6916323684992e-7
8009 8.6916323684992e-7
8010 8.6916323684992e-7
8011 8.694372089069663e-7
8012 8.695317373525836e-7
8013 8.698633872549172e-7
8014 8.699963682085745e-7
8015 8.701181333635345e-7
8016 8.700524441461518e-7
8017 8.700524441461518e-7
8018 8.708439191813463e-7
8019 8.706772926651427e-7
8020 8.706772926651427e-7
8021 8.706772926651427e-7
8022 8.708759628361827e-7
8023 8.71308550648519e-7
8024 8.714255094691672e-7
8025 8.717859998220991e-7
8026 8.719221839799945e-7
8027 8.7160815811838e-7
8028 8.711146874229727e-7
8029 8.711146874229727e-7
8030 8.711146874229727e-7
8031 8.711146874229727e-7
8032 8.711146874229727e-7
8033 8.711146874229727e-7
8034 8.711146874229727e-7
8035 8.711146874229727e-7
8036 8.711146874229727e-7
8037 8.711146874229727e-7
8038 8.711146874229727e-7
8039 8.711146874229727e-7
8040 8.712364531891145e-7
8041 8.712364531891145e-7
8042 8.712364531891145e-7
8043 8.712364531891145e-7
8044 8.712364531891145e-7
8045 8.714847898333463e-7
8046 8.713518094908709e-7
8047 8.713518094908709e-7
8048 8.716402011620345e-7
8049 8.718308599609791e-7
8050 8.716177707870036e-7
8051 8.713277765969483e-7
8052 8.711178918495746e-7
8053 8.709272324394482e-7
8054 8.709176197708246e-7
8055 8.707830362982754e-7
8056 8.722281990806955e-7
8057 8.722586414390037e-7
8058 8.727889621235593e-7
8059 8.734009947696885e-7
8060 8.73457069484902e-7
8061 8.736541365258683e-7
8062 8.735948567728712e-7
8063 8.728498443954484e-7
8064 8.728498443954484e-7
8065 8.730725468492293e-7
8066 8.733961866018311e-7
8067 8.734074017893465e-7
8068 8.742677710797075e-7
8069 8.743863318080656e-7
8070 8.746138412073402e-7
8071 8.742837919903528e-7
8072 8.742837919903528e-7
8073 8.742837919903528e-7
8074 8.742837919903528e-7
8075 8.742837919903528e-7
8076 8.749663195769947e-7
8077 8.753444333594638e-7
8078 8.762080064652446e-7
8079 8.76039778041331e-7
8080 8.759933153835592e-7
8081 8.759676799707447e-7
8082 8.762368456934792e-7
8083 8.75336423209732e-7
8084 8.75980497677152e-7
8085 8.759724869162383e-7
8086 8.760926495523064e-7
8087 8.765284424024266e-7
8088 8.763554070330193e-7
8089 8.762913197233465e-7
8090 8.770058909648247e-7
8091 8.776499660434266e-7
8092 8.777749350138065e-7
8093 8.774785325817293e-7
8094 8.797311937547167e-7
8095 8.80588358007294e-7
8096 8.802535030671768e-7
8097 8.800163816104605e-7
8098 8.800163816104605e-7
8099 8.800163816104605e-7
8100 8.804249365288741e-7
8101 8.80889567384865e-7
8102 8.805851541918742e-7
8103 8.805851541918742e-7
8104 8.805851541918742e-7
8105 8.805851541918742e-7
8106 8.805851541918742e-7
8107 8.805851541918742e-7
8108 8.818108195582969e-7
8109 8.818108195582969e-7
8110 8.820895991720188e-7
8111 8.820895991720188e-7
8112 8.820895991720188e-7
8113 8.826183173376824e-7
8114 8.826183173376824e-7
8115 8.835587948483614e-7
8116 8.841275674297751e-7
8117 8.842012674080714e-7
8118 8.845281115872751e-7
8119 8.84512089454266e-7
8120 8.842301072474879e-7
8121 8.845681660030251e-7
8122 8.852490904595932e-7
8123 8.86471552010596e-7
8124 8.86471552010596e-7
8125 8.86471552010596e-7
8126 8.86471552010596e-7
8127 8.86471552010596e-7
8128 8.86471552010596e-7
8129 8.86471552010596e-7
8130 8.879055002166824e-7
8131 8.877356698850588e-7
8132 8.877212502709415e-7
8133 8.877292610318552e-7
8134 8.884566493685588e-7
8135 8.88777083472195e-7
8136 8.882099140208551e-7
8137 8.890045940938333e-7
8138 8.888812264199814e-7
8139 8.884902943199232e-7
8140 8.89129564286577e-7
8141 8.88908463740506e-7
8142 8.89006197835089e-7
8143 8.895877875117279e-7
8144 8.899899335769379e-7
8145 8.915873026502624e-7
8146 8.923755738700369e-7
8147 8.928353990028978e-7
8148 8.924685004079442e-7
8149 8.928514205247251e-7
8150 8.927408705572805e-7
8151 8.92792140160546e-7
8152 8.933032342854905e-7
8153 8.934073753997314e-7
8154 8.932519640710432e-7
8155 8.931686514241232e-7
8156 8.943991231248577e-7
8157 8.942533256871568e-7
8158 8.947580109588977e-7
8159 8.945240933176014e-7
8160 8.937854897933823e-7
8161 8.937614575106414e-7
8162 8.940258162878822e-7
8163 8.938575878639686e-7
8164 8.93952116309586e-7
8165 8.939136638015459e-7
8166 8.940290207144841e-7
8167 8.946042015379195e-7
8168 8.944007250325676e-7
8169 8.944119402200831e-7
8170 8.944215534998886e-7
8171 8.957609738715396e-7
8172 8.962832837951814e-7
8173 8.962832837951814e-7
8174 8.962832837951814e-7
8175 8.966469785747151e-7
8176 8.966469785747151e-7
8177 8.966469785747151e-7
8178 8.973439263866561e-7
8179 8.981001527292305e-7
8180 8.980633033512642e-7
8181 8.98470255750786e-7
8182 8.981770577453106e-7
8183 8.98489481699215e-7
8184 8.998369128317796e-7
8185 9.009632428070914e-7
8186 9.009632428070914e-7
8187 9.009632428070914e-7
8188 9.009632428070914e-7
8189 9.014198629021687e-7
8190 9.016505761168632e-7
8191 9.014983698259586e-7
8192 9.015977046058878e-7
8193 9.021616702418077e-7
8194 9.024340403911441e-7
8195 9.02474094806894e-7
8196 9.023234910348815e-7
8197 9.023923840676841e-7
8198 9.024901175510851e-7
8199 9.024052017740914e-7
8200 9.017995785923478e-7
8201 9.021472512388724e-7
8202 9.021472512388724e-7
8203 9.021472512388724e-7
8204 9.021472512388724e-7
8205 9.026647542170205e-7
8206 9.02874639575576e-7
8207 9.027961332629678e-7
8208 9.027961332629678e-7
8209 9.027961332629678e-7
8210 9.027961332629678e-7
8211 9.027961332629678e-7
8212 9.030508793715851e-7
8213 9.034097665944432e-7
8214 9.036773297982859e-7
8215 9.036773297982859e-7
8216 9.038743974504341e-7
8217 9.041467675997706e-7
8218 9.041115201295142e-7
8219 9.041227353170297e-7
8220 9.041227353170297e-7
8221 9.047155401811842e-7
8222 9.046466471483815e-7
8223 9.046466471483815e-7
8224 9.054188968463288e-7
8225 9.052490659035234e-7
8226 9.048004565693597e-7
8227 9.051977963002579e-7
8228 9.051977963002579e-7
8229 9.051977963002579e-7
8230 9.051977963002579e-7
8231 9.051977963002579e-7
8232 9.060197124713969e-7
8233 9.066285388573787e-7
8234 9.066125179467334e-7
8235 9.06777542555227e-7
8236 9.06519591408826e-7
8237 9.066285388573787e-7
8238 9.066445616015697e-7
8239 9.06479536993076e-7
8240 9.065548388790823e-7
8241 9.064763325664742e-7
8242 9.064587085257551e-7
8243 9.061911453219124e-7
8244 9.063978256426842e-7
8245 9.067246704330697e-7
8246 9.06718261579866e-7
8247 9.056351898357242e-7
8248 9.056351898357242e-7
8249 9.058594941972151e-7
8250 9.059315922678014e-7
8251 9.059315922678014e-7
8252 9.059876688165606e-7
8253 9.067150571532642e-7
8254 9.067839501860668e-7
8255 9.072950449221933e-7
8256 9.073655404738877e-7
8257 9.071364297780851e-7
8258 9.070643317074987e-7
8259 9.068464349768478e-7
8260 9.07061127280897e-7
8261 9.066637875499988e-7
8262 9.066701957920205e-7
8263 9.060117010993015e-7
8264 9.061959516562242e-7
8265 9.064442889116378e-7
8266 9.063289326098814e-7
8267 9.063289326098814e-7
8268 9.063289326098814e-7
8269 9.063289326098814e-7
8270 9.063289326098814e-7
8271 9.063289326098814e-7
8272 9.063289326098814e-7
8273 9.063289326098814e-7
8274 9.063289326098814e-7
8275 9.067503052347023e-7
8276 9.067503052347023e-7
8277 9.067503052347023e-7
8278 9.067503052347023e-7
8279 9.067503052347023e-7
8280 9.067503052347023e-7
8281 9.067503052347023e-7
8282 9.067503052347023e-7
8283 9.067503052347023e-7
8284 9.071636670986097e-7
8285 9.080240357777887e-7
8286 9.080448642451097e-7
8287 9.081890597751005e-7
8288 9.080640908047206e-7
8289 9.085239147152178e-7
8290 9.08278781886406e-7
8291 9.084822577805759e-7
8292 9.112363997987023e-7
8293 9.112363997987023e-7
8294 9.112363997987023e-7
8295 9.112363997987023e-7
8296 9.112363997987023e-7
8297 9.112363997987023e-7
8298 9.119878210293287e-7
8299 9.123931715211406e-7
8300 9.12604658787406e-7
8301 9.129170833524923e-7
8302 9.13123764284446e-7
8303 9.129939877573905e-7
8304 9.127985220129523e-7
8305 9.125053240074769e-7
8306 9.124540537930295e-7
8307 9.127921125485669e-7
8308 9.134570167056715e-7
8309 9.13386521153977e-7
8310 9.157096772674769e-7
8311 9.157096772674769e-7
8312 9.160733708246469e-7
8313 9.163617631069924e-7
8314 9.159980689386405e-7
8315 9.163329238787577e-7
8316 9.163297200633378e-7
8317 9.167735224520077e-7
8318 9.166405414983504e-7
8319 9.16622918679995e-7
8320 9.165364003841095e-7
8321 9.168328028161867e-7
8322 9.169834078105631e-7
8323 9.165940788405786e-7
8324 9.166084984546959e-7
8325 9.168392116693904e-7
8326 9.164482807916959e-7
8327 9.163249131178441e-7
8328 9.163553542537886e-7
8329 9.16605294028094e-7
8330 9.164995503949613e-7
8331 9.164995503949613e-7
8332 9.164995503949613e-7
8333 9.167174459032485e-7
8334 9.167174459032485e-7
8335 9.167174459032485e-7
8336 9.172525729221159e-7
8337 9.17955927753715e-7
8338 9.176883651610542e-7
8339 9.181081352669832e-7
8340 9.179607346992087e-7
8341 9.178597974003877e-7
8342 9.184846471417424e-7
8343 9.180264239165914e-7
8344 9.181369744952177e-7
8345 9.179751543133259e-7
8346 9.17991176446335e-7
8347 9.181289637343042e-7
8348 9.180648764246314e-7
8349 9.179559289760787e-7
8350 9.180776941310387e-7
8351 9.178774220522887e-7
8352 9.180216181934615e-7
8353 9.182363092751468e-7
8354 9.189108254896932e-7
8355 9.188835887803506e-7
8356 9.192392715766068e-7
8357 9.193241873536006e-7
8358 9.210865816466006e-7
8359 9.210865816466006e-7
8360 9.210865816466006e-7
8361 9.210865816466006e-7
8362 9.210865816466006e-7
8363 9.210865816466006e-7
8364 9.210865816466006e-7
8365 9.219854028338197e-7
8366 9.216761826953351e-7
8367 9.221376091247241e-7
8368 9.216954086437642e-7
8369 9.216954086437642e-7
8370 9.216954086437642e-7
8371 9.216954086437642e-7
8372 9.216954086437642e-7
8373 9.221504274423133e-7
8374 9.226855538499987e-7
8375 9.22816932895946e-7
8376 9.226519082874524e-7
8377 9.227816854256898e-7
8378 9.225397564122979e-7
8379 9.224820779558288e-7
8380 9.239929305668133e-7
8381 9.236244294529678e-7
8382 9.238519388522424e-7
8383 9.234866421649987e-7
8384 9.228057170972487e-7
8385 9.230300220699215e-7
8386 9.232415093361869e-7
8387 9.232351004829832e-7
8388 9.23118141662335e-7
8389 9.236676882953196e-7
8390 9.235635465698968e-7
8391 9.235571383278751e-7
8392 9.235699554231006e-7
8393 9.23643655401397e-7
8394 9.235795687029061e-7
8395 9.23601999077937e-7
8396 9.236084079311406e-7
8397 9.234497927870324e-7
8398 9.235266971919306e-7
8399 9.237061414145415e-7
8400 9.236564731078041e-7
8401 9.23595590835915e-7
8402 9.233776941052641e-7
8403 9.233776941052641e-7
8404 9.233776941052641e-7
8405 9.233776941052641e-7
8406 9.233776941052641e-7
8407 9.233776941052641e-7
8408 9.233776941052641e-7
8409 9.245841329120759e-7
8410 9.245841329120759e-7
8411 9.257569255451595e-7
8412 9.254989756211223e-7
8413 9.256784192325514e-7
8414 9.258114001862086e-7
8415 9.259571982350913e-7
8416 9.26245589906255e-7
8417 9.26245589906255e-7
8418 9.266781783297732e-7
8419 9.268464067536868e-7
8420 9.268223732485822e-7
8421 9.266893935172886e-7
8422 9.266349188762395e-7
8423 9.271107655309276e-7
8424 9.265451973761159e-7
8425 9.267935340203476e-7
8426 9.270098282321068e-7
8427 9.266701669576777e-7
8428 9.265548100447396e-7
8429 9.269313219194987e-7
8430 9.271267870527551e-7
8431 9.270562908898787e-7
8432 9.270098282321069e-7
8433 9.27246950911187e-7
8434 9.27229326259286e-7
8435 9.271716478028168e-7
8436 9.265644233245451e-7
8437 9.269024826912642e-7
8438 9.269409339769405e-7
8439 9.267246409875451e-7
8440 9.268880624659651e-7
8441 9.277740665579588e-7
8442 9.278637892804461e-7
8443 9.276955602453506e-7
8444 9.27809314639397e-7
8445 9.275433533432643e-7
8446 9.278782082833815e-7
8447 9.275529666230697e-7
8448 9.273847375879742e-7
8449 9.273847375879742e-7
8450 9.278846171365852e-7
8451 9.278317456256097e-7
8452 9.28528692215187e-7
8453 9.28347646696048e-7
8454 9.284165397288506e-7
8455 9.28448583383687e-7
8456 9.289612800275233e-7
8457 9.312956519397207e-7
8458 9.312956519397207e-7
8459 9.312956519397207e-7
8460 9.312956519397207e-7
8461 9.312956519397207e-7
8462 9.312956519397207e-7
8463 9.312956519397207e-7
8464 9.312956519397207e-7
8465 9.312956519397207e-7
8466 9.312956519397207e-7
8467 9.312956519397207e-7
8468 9.312956519397207e-7
8469 9.312956519397207e-7
8470 9.312956519397207e-7
8471 9.312956519397207e-7
8472 9.312956519397207e-7
8473 9.319124903089798e-7
8474 9.320390624094335e-7
8475 9.323659059774552e-7
8476 9.323306578960171e-7
8477 9.320743098796898e-7
8478 9.319205004587116e-7
8479 9.318291770508781e-7
8480 9.322713781430199e-7
8481 9.320150289043289e-7
8482 9.320759117873998e-7
8483 9.316256999343443e-7
8484 9.320887288826252e-7
8485 9.324940805968008e-7
8486 9.323450781213162e-7
8487 9.330676595125261e-7
8488 9.328609779693906e-7
8489 9.322569579177206e-7
8490 9.324396053445696e-7
8491 9.330163892980787e-7
8492 9.330195937246806e-7
8493 9.329971633496497e-7
8494 9.330596481404306e-7
8495 9.331061107982024e-7
8496 9.328401495020697e-7
8497 9.327808691378907e-7
8498 9.325966191921498e-7
8499 9.328641823959925e-7
8500 9.332455012162454e-7
8501 9.330997025561808e-7
8502 9.323274528582335e-7
8503 9.323274528582335e-7
8504 9.326078343796654e-7
8505 9.32816117219329e-7
8506 9.334057182680636e-7
8507 9.33498644194789e-7
8508 9.332150588579371e-7
8509 9.327808691378908e-7
8510 9.329587108416099e-7
8511 9.336075922545235e-7
8512 9.33876757977258e-7
8513 9.33920016208428e-7
8514 9.336893029937334e-7
8515 9.333480385892306e-7
8516 9.33258317089107e-7
8517 9.336748827684343e-7
8518 9.338895750724835e-7
8519 9.340690186839125e-7
8520 9.339232206350298e-7
8521 9.340033294665298e-7
8522 9.340113402274435e-7
8523 9.34304538232919e-7
8524 9.341555363686163e-7
8525 9.341170832493944e-7
8526 9.341042661541689e-7
8527 9.338671446974526e-7
8528 9.338863700346998e-7
8529 9.335050518256289e-7
8530 9.335050518256289e-7
8531 9.341699553715517e-7
8532 9.336877010860236e-7
8533 9.338527244721535e-7
8534 9.343862495833108e-7
8535 9.343638192082799e-7
8536 9.342917211376936e-7
8537 9.344631539882091e-7
8538 9.350928094526936e-7
8539 9.350896056372736e-7
8540 9.349806569663572e-7
8541 9.350976157870054e-7
8542 9.350143031400854e-7
8543 9.365988557293663e-7
8544 9.374416009790082e-7
8545 9.374416009790082e-7
8546 9.374416009790082e-7
8547 9.374416009790082e-7
8548 9.374416009790082e-7
8549 9.374416009790082e-7
8550 9.374416009790082e-7
8551 9.374416009790082e-7
8552 9.374416009790082e-7
8553 9.374416009790082e-7
8554 9.374416009790082e-7
8555 9.374416009790082e-7
8556 9.374416009790082e-7
8557 9.374416009790082e-7
8558 9.390758212638446e-7
8559 9.403831973694773e-7
8560 9.403559606601346e-7
8561 9.404456821602583e-7
8562 9.401717101032119e-7
8563 9.402582271767336e-7
8564 9.402582271767336e-7
8565 9.402582271767336e-7
8566 9.402582271767336e-7
8567 9.411426293610173e-7
8568 9.406427498124063e-7
8569 9.406427498124063e-7
8570 9.406427498124063e-7
8571 9.406427498124063e-7
8572 9.406427498124063e-7
8573 9.423763054883537e-7
8574 9.415816254153754e-7
8575 9.415784209887735e-7
8576 9.422032701189463e-7
8577 9.420013955213044e-7
8578 9.414598602604154e-7
8579 9.414598602604154e-7
8580 9.414598602604154e-7
8581 9.430572299449217e-7
8582 9.436372177138507e-7
8583 9.435250658386963e-7
8584 9.429242496024462e-7
8585 9.432446849284463e-7
8586 9.43352030469289e-7
8587 9.435138506511808e-7
8588 9.437365531049617e-7
8589 9.435715291076499e-7
8590 9.437942315614307e-7
8591 9.442556586020017e-7
8592 9.442989174443535e-7
8593 9.443806281835634e-7
8594 9.445184154715326e-7
8595 9.445760945391835e-7
8596 9.454428714603844e-7
8597 9.463977685851808e-7
8598 9.463977685851808e-7
8599 9.463977685851808e-7
8600 9.463977685851808e-7
8601 9.463977685851808e-7
8602 9.463977685851808e-7
8603 9.463977685851808e-7
8604 9.463977685851808e-7
8605 9.463977685851808e-7
8606 9.463977685851808e-7
8607 9.463977685851808e-7
8608 9.463977685851808e-7
8609 9.463977685851808e-7
8610 9.463977685851808e-7
8611 9.463977685851808e-7
8612 9.463977685851808e-7
8613 9.463977685851808e-7
8614 9.463977685851808e-7
8615 9.463977685851808e-7
8616 9.463977685851808e-7
8617 9.463977685851808e-7
8618 9.463977685851808e-7
8619 9.463977685851808e-7
8620 9.463977685851808e-7
8621 9.463977685851808e-7
8622 9.463977685851808e-7
8623 9.465804172343936e-7
8624 9.465804172343936e-7
8625 9.465804172343936e-7
8626 9.465804172343936e-7
8627 9.465804172343936e-7
8628 9.465804172343936e-7
8629 9.465804172343936e-7
8630 9.465804172343936e-7
8631 9.465804172343936e-7
8632 9.465804172343936e-7
8633 9.465804172343936e-7
8634 9.465804172343936e-7
8635 9.465804172343936e-7
8636 9.465804172343936e-7
8637 9.465804172343936e-7
8638 9.465804172343936e-7
8639 9.465804172343936e-7
8640 9.465804172343936e-7
8641 9.465804172343936e-7
8642 9.465804172343936e-7
8643 9.465804172343936e-7
8644 9.47291783438088e-7
8645 9.476554782176217e-7
8646 9.477788452802916e-7
8647 9.477788452802916e-7
8648 9.477788452802916e-7
8649 9.477788452802916e-7
8650 9.485559013125507e-7
8651 9.485559013125507e-7
8652 9.489548435623408e-7
8653 9.491086523721371e-7
8654 9.491951694456589e-7
8655 9.491951694456589e-7
8656 9.491951694456589e-7
8657 9.491951694456589e-7
8658 9.491951694456589e-7
8659 9.491951694456589e-7
8660 9.491951694456589e-7
8661 9.501068077281034e-7
8662 9.498039958316406e-7
8663 9.497927806441252e-7
8664 9.500539356059461e-7
8665 9.507460764723934e-7
8666 9.505073518856034e-7
8667 9.506419347469706e-7
8668 9.510376725701589e-7
8669 9.510072314342143e-7
8670 9.506195043719398e-7
8671 9.502574121112979e-7
8672 9.504929322714862e-7
8673 9.503182949943689e-7
8674 9.505938689591253e-7
8675 9.508341954536253e-7
8676 9.509223156572208e-7
8677 9.522312942817454e-7
8678 9.529538756729554e-7
8679 9.535466817594737e-7
8680 9.535466817594737e-7
8681 9.535466817594737e-7
8682 9.535466817594737e-7
8683 9.535466817594737e-7
8684 9.535466817594737e-7
8685 9.539664518654028e-7
8686 9.547290888947266e-7
8687 9.54346167555582e-7
8688 9.539920872782176e-7
8689 9.539920872782176e-7
8690 9.539920872782176e-7
8691 9.539920872782176e-7
8692 9.539920872782176e-7
8693 9.539920872782176e-7
8694 9.539920872782176e-7
8695 9.539920872782176e-7
8696 9.546329579302177e-7
8697 9.544999769765604e-7
8698 9.54485557973625e-7
8699 9.55007867286085e-7
8700 9.551039976394122e-7
8701 9.56111766886366e-7
8702 9.567382185354305e-7
8703 9.56505902801844e-7
8704 9.576963206980106e-7
8705 9.576963206980106e-7
8706 9.576963206980106e-7
8707 9.576963206980106e-7
8708 9.576963206980106e-7
8709 9.576963206980106e-7
8710 9.576963206980106e-7
8711 9.576963206980106e-7
8712 9.576963206980106e-7
8713 9.576963206980106e-7
8714 9.576963206980106e-7
8715 9.576963206980106e-7
8716 9.576963206980106e-7
8717 9.576963206980106e-7
8718 9.576963206980106e-7
8719 9.576963206980106e-7
8720 9.576963206980106e-7
8721 9.576963206980106e-7
8722 9.576963206980106e-7
8723 9.576963206980106e-7
8724 9.576963206980106e-7
8725 9.576963206980106e-7
8726 9.576963206980106e-7
8727 9.585582912848996e-7
8728 9.586848627741713e-7
8729 9.588354683797297e-7
8730 9.590822031162514e-7
8731 9.584589565049705e-7
8732 9.58269899613736e-7
8733 9.58269899613736e-7
8734 9.58269899613736e-7
8735 9.58269899613736e-7
8736 9.58269899613736e-7
8737 9.589716531488068e-7
8738 9.59426671336174e-7
8739 9.593770030294367e-7
8740 9.590998271569704e-7
8741 9.590998271569704e-7
8742 9.590998271569704e-7
8743 9.590998271569704e-7
8744 9.590998271569704e-7
8745 9.596333522681278e-7
8746 9.596333522681278e-7
8747 9.596333522681278e-7
8748 9.596333522681278e-7
8749 9.596333522681278e-7
8750 9.59807989545245e-7
8751 9.59807989545245e-7
8752 9.59807989545245e-7
8753 9.59807989545245e-7
8754 9.59807989545245e-7
8755 9.59807989545245e-7
8756 9.59807989545245e-7
8757 9.59807989545245e-7
8758 9.59807989545245e-7
8759 9.59807989545245e-7
8760 9.59807989545245e-7
8761 9.59807989545245e-7
8762 9.59807989545245e-7
8763 9.59807989545245e-7
8764 9.59807989545245e-7
8765 9.59807989545245e-7
8766 9.59807989545245e-7
8767 9.59807989545245e-7
8768 9.59807989545245e-7
8769 9.59807989545245e-7
8770 9.59807989545245e-7
8771 9.59807989545245e-7
8772 9.599569920207296e-7
8773 9.599569920207296e-7
8774 9.601027900696124e-7
8775 9.608798461018715e-7
8776 9.611602264009396e-7
8777 9.612227111917205e-7
8778 9.610192346863687e-7
8779 9.609391258548688e-7
8780 9.609391258548688e-7
8781 9.609391258548688e-7
8782 9.609391258548688e-7
8783 9.610656979553225e-7
8784 9.613332611591652e-7
8785 9.61315637118446e-7
8786 9.613733149637333e-7
8787 9.613733149637333e-7
8788 9.613733149637333e-7
8789 9.613733149637333e-7
8790 9.613733149637333e-7
8791 9.613733149637333e-7
8792 9.613733149637333e-7
8793 9.613733149637333e-7
8794 9.613733149637333e-7
8795 9.613733149637333e-7
8796 9.613733149637333e-7
8797 9.613733149637333e-7
8798 9.613733149637333e-7
8799 9.613733149637333e-7
8800 9.613733149637333e-7
8801 9.613733149637333e-7
8802 9.613733149637333e-7
8803 9.613733149637333e-7
8804 9.613733149637333e-7
8805 9.613733149637333e-7
8806 9.613733149637333e-7
8807 9.618155160558752e-7
8808 9.620382185096561e-7
8809 9.622432969227179e-7
8810 9.622881576727796e-7
8811 9.619981634827241e-7
8812 9.618651831402488e-7
8813 9.627575954742643e-7
8814 9.622929640070915e-7
8815 9.627207454851162e-7
8816 9.623378259795171e-7
8817 9.616889439554217e-7
8818 9.616889439554217e-7
8819 9.620910906318135e-7
8820 9.618507641373135e-7
8821 9.618507641373135e-7
8822 9.624003101591161e-7
8823 9.632046035119e-7
8824 9.64306900593289e-7
8825 9.659603468265545e-7
8826 9.659603468265545e-7
8827 9.659603468265545e-7
8828 9.659603468265545e-7
8829 9.667245857635883e-7
8830 9.665964105330608e-7
8831 9.668655756446134e-7
8832 9.674039070900825e-7
8833 9.682754921791408e-7
8834 9.681985871630608e-7
8835 9.684244946546254e-7
8836 9.683443852119436e-7
8837 9.6857990476095e-7
8838 9.682915137009682e-7
8839 9.674503709702182e-7
8840 9.678797543559528e-7
8841 9.680511872064683e-7
8842 9.680624023939837e-7
8843 9.680976504754219e-7
8844 9.680399720189528e-7
8845 9.680848327690146e-7
8846 9.681184789427428e-7
8847 9.6813610237228e-7
8848 9.680527891141782e-7
8849 9.68059197967382e-7
8850 9.680559935407802e-7
8851 9.681441131331937e-7
8852 9.683860415354036e-7
8853 9.682322321144254e-7
8854 9.682931162198602e-7
8855 9.689147597010674e-7
8856 9.69103816592302e-7
8857 9.694306607715058e-7
8858 9.693537563666077e-7
8859 9.693377342335986e-7
8860 9.681617359515495e-7
8861 9.684068700027252e-7
8862 9.684821718887315e-7
8863 9.68208199831685e-7
8864 9.68208199831685e-7
8865 9.68390847258534e-7
8866 9.686007326170894e-7
8867 9.691727108474686e-7
8868 9.691727108474686e-7
8869 9.691727108474686e-7
8870 9.691727108474686e-7
8871 9.691727108474686e-7
8872 9.691727108474686e-7
8873 9.691727108474686e-7
8874 9.691727108474686e-7
8875 9.691727108474686e-7
8876 9.691727108474686e-7
8877 9.691727108474686e-7
8878 9.691727108474686e-7
8879 9.691727108474686e-7
8880 9.691727108474686e-7
8881 9.691727108474686e-7
8882 9.691727108474686e-7
8883 9.691727108474686e-7
8884 9.691727108474686e-7
8885 9.691727108474686e-7
8886 9.691727108474686e-7
8887 9.691727108474686e-7
8888 9.691727108474686e-7
8889 9.697158492384313e-7
8890 9.700378858609594e-7
8891 9.701356187331784e-7
8892 9.694274569560857e-7
8893 9.694274569560857e-7
8894 9.694274569560857e-7
8895 9.694274569560857e-7
8896 9.694274569560857e-7
8897 9.694274569560857e-7
8898 9.694274569560857e-7
8899 9.694274569560857e-7
8900 9.694274569560857e-7
8901 9.694274569560857e-7
8902 9.694274569560857e-7
8903 9.694274569560857e-7
8904 9.694274569560857e-7
8905 9.694274569560857e-7
8906 9.6978313914116e-7
8907 9.6978313914116e-7
8908 9.6978313914116e-7
8909 9.6978313914116e-7
8910 9.703006427304902e-7
8911 9.707764887739964e-7
8912 9.711177525673174e-7
8913 9.705377641872064e-7
8914 9.706947780347864e-7
8915 9.707075951300117e-7
8916 9.707332299316444e-7
8917 9.709335020103944e-7
8918 9.708165438009282e-7
8919 9.70822951431768e-7
8920 9.70840576083669e-7
8921 9.708517912711844e-7
8922 9.707236172630208e-7
8923 9.703326857741444e-7
8924 9.703326857741444e-7
8925 9.703326857741444e-7
8926 9.705041186246599e-7
8927 9.705617976923108e-7
8928 9.705730128798263e-7
8929 9.705730128798263e-7
8930 9.710680860941254e-7
8931 9.711113443252954e-7
8932 9.713260366293446e-7
8933 9.716913327054063e-7
8934 9.718451409040207e-7
8935 9.712939923633262e-7
8936 9.714301783547672e-7
8937 9.714894587189463e-7
8938 9.715727719770482e-7
8939 9.727679962075264e-7
8940 9.723802691452519e-7
8941 9.725452925313819e-7
8942 9.724699918677394e-7
8943 9.727968354357613e-7
8944 9.728384911480393e-7
8945 9.72604573506743e-7
8946 9.726590475366102e-7
8947 9.728368892403294e-7
8948 9.72825674052814e-7
8949 9.72784017729354e-7
8950 9.735001902673604e-7
8951 9.735114054548758e-7
8952 9.735114054548758e-7
8953 9.735450510174221e-7
8954 9.742708380575976e-7
8955 9.740673615522458e-7
8956 9.742932684326285e-7
8957 9.743140968999495e-7
8958 9.743140968999495e-7
8959 9.746489518400667e-7
8960 9.76263946176474e-7
8961 9.754644603803657e-7
8962 9.757352280108102e-7
8963 9.760268241085756e-7
8964 9.762463221357546e-7
8965 9.774014913393008e-7
8966 9.791030033604117e-7
8967 9.791030033604117e-7
8968 9.795676354387664e-7
8969 9.795676354387664e-7
8970 9.795676354387664e-7
8971 9.795676354387664e-7
8972 9.795676354387664e-7
8973 9.795676354387664e-7
8974 9.799313302183002e-7
8975 9.799617713542447e-7
8976 9.79939340368032e-7
8977 9.804600483839637e-7
8978 9.80234140892399e-7
8979 9.80594631245331e-7
8980 9.8033347628351e-7
8981 9.803238630037045e-7
8982 9.804183914493218e-7
8983 9.803478952864455e-7
8984 9.803126478161893e-7
8985 9.815863783592756e-7
8986 9.813043949301335e-7
8987 9.814806347261426e-7
8988 9.814357739760809e-7
8989 9.822496781639427e-7
8990 9.825220495356428e-7
8991 9.8257812547322e-7
8992 9.825492856338037e-7
8993 9.820365889899673e-7
8994 9.821086870605537e-7
8995 9.821086870605537e-7
8996 9.823586268348591e-7
8997 9.8233940088643e-7
8998 9.827671823644547e-7
8999 9.827415469516401e-7
9000 9.8230094837839e-7
9001 9.82264098389242e-7
9002 9.829930886336557e-7
9003 9.835009783319983e-7
9004 9.833391587612884e-7
9005 9.831997701767912e-7
9006 9.832013720845011e-7
9007 9.834112574430565e-7
9008 9.82461166652572e-7
9009 9.830555740356183e-7
9010 9.83103639212282e-7
9011 9.82845688677063e-7
9012 9.831084455465937e-7
9013 9.835153985572974e-7
9014 9.831709303373747e-7
9015 9.832798790082911e-7
9016 9.83262254967572e-7
9017 9.832718676361955e-7
9018 9.840985907528283e-7
9019 9.848868619726028e-7
9020 9.867950537033037e-7
9021 9.867950537033037e-7
9022 9.870642194260383e-7
9023 9.870642194260383e-7
9024 9.870642194260383e-7
9025 9.87631390099742e-7
9026 9.88071988672992e-7
9027 9.879406096270447e-7
9028 9.88134473463773e-7
9029 9.87911771009992e-7
9030 9.883747999582728e-7
9031 9.884693284038901e-7
9032 9.883683911050693e-7
9033 9.883010993687947e-7
9034 9.88998046569554e-7
9035 9.896132824199212e-7
9036 9.915647336041558e-7
9037 9.921415169464831e-7
9038 9.924667586067949e-7
9039 9.924667586067949e-7
9040 9.927118914356067e-7
9041 9.927519458513567e-7
9042 9.927519458513567e-7
9043 9.927519458513567e-7
9044 9.932133728919277e-7
9045 9.932133728919277e-7
9046 9.932133728919277e-7
9047 9.932133728919277e-7
9048 9.935386151634213e-7
9049 9.93445688625514e-7
9050 9.941153978945665e-7
9051 9.94286830745082e-7
9052 9.942804218918782e-7
9053 9.94363735761162e-7
9054 9.940144612069276e-7
9055 9.940144612069276e-7
9056 9.940144612069276e-7
9057 9.950751025760386e-7
9058 9.945832337883412e-7
9059 9.946793653640323e-7
9060 9.945656103588042e-7
9061 9.947450539702333e-7
9062 9.945143407555387e-7
9063 9.946040622556622e-7
9064 9.946393109482822e-7
9065 9.948155501331094e-7
9066 9.950542741087175e-7
9067 9.949533374210783e-7
9068 9.951824481168809e-7
9069 9.95217696809501e-7
9070 9.966292140293745e-7
9071 9.98377189319439e-7
9072 9.98377189319439e-7
9073 9.98377189319439e-7
9074 9.98377189319439e-7
9075 9.98377189319439e-7
9076 9.98377189319439e-7
9077 9.98377189319439e-7
9078 9.98377189319439e-7
9079 9.98377189319439e-7
9080 9.98377189319439e-7
9081 9.98377189319439e-7
9082 9.98377189319439e-7
9083 9.98377189319439e-7
9084 9.98377189319439e-7
9085 9.98377189319439e-7
9086 9.98377189319439e-7
9087 9.98377189319439e-7
9088 9.98377189319439e-7
9089 9.98377189319439e-7
9090 9.98377189319439e-7
9091 9.98377189319439e-7
9092 9.98377189319439e-7
9093 9.98377189319439e-7
9094 9.98377189319439e-7
9095 9.98377189319439e-7
9096 9.98377189319439e-7
9097 9.98377189319439e-7
9098 9.98377189319439e-7
9099 9.98377189319439e-7
9100 9.98377189319439e-7
9101 9.98377189319439e-7
9102 9.98377189319439e-7
9103 9.98377189319439e-7
9104 9.98377189319439e-7
9105 9.98377189319439e-7
9106 9.98377189319439e-7
9107 9.98377189319439e-7
9108 9.98377189319439e-7
9109 9.98377189319439e-7
9110 9.98377189319439e-7
9111 9.98377189319439e-7
9112 9.98377189319439e-7
9113 9.98377189319439e-7
9114 9.98377189319439e-7
9115 9.98377189319439e-7
9116 9.98377189319439e-7
9117 9.98377189319439e-7
9118 9.98377189319439e-7
9119 9.98739280968899e-7
9120 9.985902784934144e-7
9121 9.98777733476939e-7
9122 9.992631928002507e-7
9123 9.98918724580328e-7
9124 9.992728060800562e-7
9125 9.996188762076889e-7
9126 9.986639784717106e-7
9127 9.986639784717106e-7
9128 9.986639784717106e-7
9129 9.986639784717106e-7
9130 9.986639784717106e-7
9131 9.986639784717106e-7
9132 9.992888269907014e-7
9133 9.992888269907014e-7
9134 9.992888269907014e-7
9135 9.992888269907014e-7
9136 9.992888269907014e-7
9137 9.992888269907014e-7
9138 9.992888269907014e-7
9139 9.992888269907014e-7
9140 9.992888269907014e-7
9141 9.992888269907014e-7
9142 9.992888269907014e-7
9143 9.992888269907014e-7
9144 9.992888269907014e-7
9145 9.992888269907014e-7
9146 9.995019161646768e-7
9147 9.995067231101705e-7
9148 1.0000338393681241e-6
9149 1.0002357133545841e-6
9150 1.0001107431618403e-6
9151 1.0008028840282876e-6
9152 1.000634654993192e-6
9153 1.0005385246398648e-6
9154 1.0013636446264237e-6
9155 1.0012098358166275e-6
9156 1.0017529742075902e-6
9157 1.0016408217212539e-6
9158 1.0019083849250966e-6
9159 1.0013716553873374e-6
9160 1.0021887658353466e-6
9161 1.0021759487401212e-6
9162 1.0031324477726275e-6
9163 1.0057952657717385e-6
9164 1.0066988939044513e-6
9165 1.0092287315610868e-6
9166 1.0087817235234514e-6
9167 1.0087528849063987e-6
9168 1.0082706293985068e-6
9169 1.0083923945534667e-6
9170 1.0083923945534667e-6
9171 1.0085478058821548e-6
9172 1.0093344745830375e-6
9173 1.0091037613683429e-6
9174 1.0101179388573182e-6
9175 1.0100170015584973e-6
9176 1.010124347710522e-6
9177 1.0102765546126083e-6
9178 1.01000418385209e-6
9179 1.0104559982240374e-6
9180 1.01096388792238e-6
9181 1.0110343840852563e-6
9182 1.0105745589523953e-6
9183 1.0101355628980372e-6
9184 1.010697926626247e-6
9185 1.0112362580717161e-6
9186 1.0107475943218026e-6
9187 1.0108741664222563e-6
9188 1.0110696315555126e-6
9189 1.011138525810679e-6
9190 1.012237618465466e-6
9191 1.0141794563698955e-6
9192 1.0157511924751328e-6
9193 1.01556373810279e-6
9194 1.0152801521547564e-6
9195 1.01572876148892e-6
9196 1.0182618029609756e-6
9197 1.0180310891350993e-6
9198 1.0180759498851612e-6
9199 1.0189283084146085e-6
9200 1.0196653094199356e-6
9201 1.01961564172438e-6
9202 1.0197069651322137e-6
9203 1.0196685132353555e-6
9204 1.020839703960729e-6
9205 1.020841306479621e-6
9206 1.0210608045067999e-6
9207 1.0225764640632782e-6
9208 1.022619722294448e-6
9209 1.0225476248350435e-6
9210 1.0224418812019108e-6
9211 1.0228744684030652e-6
9212 1.0228071772779726e-6
9213 1.0231131929898552e-6
9214 1.0231388271803061e-6
9215 1.0232493777589325e-6
9216 1.0236387061177353e-6
9217 1.023387163824538e-6
9218 1.0234336264823097e-6
9219 1.023424013813686e-6
9220 1.0241273698676488e-6
9221 1.0243709007887507e-6
9222 1.0264937848235008e-6
9223 1.0267805733645907e-6
9224 1.0271827206521646e-6
9225 1.0292158825756093e-6
9226 1.0297654292085939e-6
9227 1.030422321382421e-6
9228 1.0304062998605937e-6
9229 1.0305681194313037e-6
9230 1.0314108646809455e-6
9231 1.0329457501858528e-6
9232 1.0329457501858528e-6
9233 1.0329457501858528e-6
9234 1.0329457501858528e-6
9235 1.0329457501858528e-6
9236 1.0329457501858528e-6
9237 1.0329457501858528e-6
9238 1.0329457501858528e-6
9239 1.0329457501858528e-6
9240 1.0329457501858528e-6
9241 1.0329457501858528e-6
9242 1.0329457501858528e-6
9243 1.0329457501858528e-6
9244 1.0329457501858528e-6
9245 1.0335129208595565e-6
9246 1.0335385556611892e-6
9247 1.0353954790109882e-6
9248 1.0353361980356273e-6
9249 1.0353361980356273e-6
9250 1.0356085681849637e-6
9251 1.0360219306600528e-6
9252 1.0357928187418864e-6
9253 1.0357928187418864e-6
9254 1.0357928187418864e-6
9255 1.0365105944099665e-6
9256 1.0367909753202165e-6
9257 1.0373469308064048e-6
9258 1.0376561509448894e-6
9259 1.0371290352981177e-6
9260 1.037422233303593e-6
9261 1.0375648275370558e-6
9262 1.0373565440862103e-6
9263 1.0374286427679787e-6
9264 1.0376209034746332e-6
9265 1.0375375902165313e-6
9266 1.0373501358441887e-6
9267 1.0371466593388368e-6
9268 1.037864434395735e-6
9269 1.0385181221429605e-6
9270 1.0419772215115778e-6
9271 1.041789767750417e-6
9272 1.0420861701824943e-6
9273 1.042795933867297e-6
9274 1.0429321204699197e-6
9275 1.0436883468124943e-6
9276 1.046112440224815e-6
9277 1.046112440224815e-6
9278 1.0466315451106732e-6
9279 1.047211534101966e-6
9280 1.048217700218846e-6
9281 1.0498583293568861e-6
9282 1.0498583293568861e-6
9283 1.0498583293568861e-6
9284 1.0498583293568861e-6
9285 1.0498583293568861e-6
9286 1.0498583293568861e-6
9287 1.0498583293568861e-6
9288 1.0498583293568861e-6
9289 1.0498583293568861e-6
9290 1.0498583293568861e-6
9291 1.0498583293568861e-6
9292 1.0498583293568861e-6
9293 1.0498583293568861e-6
9294 1.0498583293568861e-6
9295 1.0498583293568861e-6
9296 1.0498583293568861e-6
9297 1.0498583293568861e-6
9298 1.0498583293568861e-6
9299 1.0498583293568861e-6
9300 1.0498583293568861e-6
9301 1.0498583293568861e-6
9302 1.0498583293568861e-6
9303 1.0498583293568861e-6
9304 1.0498583293568861e-6
9305 1.0498583293568861e-6
9306 1.0498583293568861e-6
9307 1.0498583293568861e-6
9308 1.0498583293568861e-6
9309 1.0498583293568861e-6
9310 1.0498583293568861e-6
9311 1.0498583293568861e-6
9312 1.0498583293568861e-6
9313 1.0498583293568861e-6
9314 1.0500602033433461e-6
9315 1.0508837226445588e-6
9316 1.0510487466418705e-6
9317 1.0507267094081606e-6
9318 1.0504895867290805e-6
9319 1.0510743814435032e-6
9320 1.0508933353131822e-6
9321 1.0505728999871822e-6
9322 1.0510695744980094e-6
9323 1.051051951068472e-6
9324 1.0513259237367002e-6
9325 1.0513275256444102e-6
9326 1.0516784021063548e-6
9327 1.0502909165580401e-6
9328 1.0507811834380274e-6
9329 1.0505793088403855e-6
9330 1.0507956024409627e-6
9331 1.0507956024409627e-6
9332 1.0511048225794473e-6
9333 1.0514236559977374e-6
9334 1.051175318131142e-6
9335 1.051175318131142e-6
9336 1.0517376818593518e-6
9337 1.051952374163401e-6
9338 1.0535080875244472e-6
9339 1.053152404117009e-6
9340 1.0535465394213054e-6
9341 1.0534472046413764e-6
9342 1.0546023738449226e-6
9343 1.0563791883632218e-6
9344 1.0563791883632218e-6
9345 1.0563791883632218e-6
9346 1.0563791883632218e-6
9347 1.0563791883632218e-6
9348 1.0563791883632218e-6
9349 1.0572027070532527e-6
9350 1.0570681248030673e-6
9351 1.0574238069881416e-6
9352 1.0573292785425243e-6
9353 1.0582857781862125e-6
9354 1.0580438497840025e-6
9355 1.0584652224088234e-6
9356 1.0578644061725733e-6
9357 1.058639858463577e-6
9358 1.0587055482921416e-6
9359 1.0588865944224626e-6
9360 1.058979520349188e-6
9361 1.058876981142657e-6
9362 1.059042004528787e-6
9363 1.0582633478111817e-6
9364 1.0582633478111817e-6
9365 1.0582633478111817e-6
9366 1.0582633478111817e-6
9367 1.0582633478111817e-6
9368 1.0585164914009072e-6
9369 1.0589426709712217e-6
9370 1.058793668495737e-6
9371 1.058793668495737e-6
9372 1.058793668495737e-6
9373 1.058793668495737e-6
9374 1.0598991706149099e-6
9375 1.0600337528650953e-6
9376 1.06049998685116e-6
9377 1.0599023750415116e-6
9378 1.0597293396721043e-6
9379 1.0597437592862216e-6
9380 1.0599872902073235e-6
9381 1.0599280092319626e-6
9382 1.0597565763814471e-6
9383 1.060036957902879e-6
9384 1.0600129243977744e-6
9385 1.0598286744520336e-6
9386 1.0599728705932063e-6
9387 1.0600609901856198e-6
9388 1.059913590229027e-6
9389 1.0592438797376107e-6
9390 1.0592438797376107e-6
9391 1.059857513069086e-6
9392 1.0624578462774162e-6
9393 1.0624338127723115e-6
9394 1.0626933658264225e-6
9395 1.0648899504506507e-6
9396 1.0648899504506507e-6
9397 1.065742308980098e-6
9398 1.0658961177898943e-6
9399 1.0661716923658325e-6
9400 1.0661396487109962e-6
9401 1.0660595392683143e-6
9402 1.0662501986784408e-6
9403 1.06606755064041e-6
9404 1.0661797031267462e-6
9405 1.0662598113470644e-6
9406 1.066222961969098e-6
9407 1.066206939836089e-6
9408 1.0664104163414408e-6
9409 1.0670897395014808e-6
9410 1.0692046127753173e-6
9411 1.0692046127753173e-6
9412 1.0692046127753173e-6
9413 1.0692046127753173e-6
9414 1.0692046127753173e-6
9415 1.0692046127753173e-6
9416 1.0692046127753173e-6
9417 1.0692046127753173e-6
9418 1.0692046127753173e-6
9419 1.0692046127753173e-6
9420 1.0692046127753173e-6
9421 1.0692046127753173e-6
9422 1.0692046127753173e-6
9423 1.0692046127753173e-6
9424 1.0692046127753173e-6
9425 1.0692046127753173e-6
9426 1.0692046127753173e-6
9427 1.0692046127753173e-6
9428 1.0692046127753173e-6
9429 1.0692046127753173e-6
9430 1.0692046127753173e-6
9431 1.0703085129867802e-6
9432 1.0707811552148665e-6
9433 1.0707298850004191e-6
9434 1.0704767414106936e-6
9435 1.0704767414106936e-6
9436 1.0704767414106936e-6
9437 1.0704767414106936e-6
9438 1.0704767414106936e-6
9439 1.070809994443101e-6
9440 1.070809994443101e-6
9441 1.0713803695434064e-6
9442 1.07171041753803e-6
9443 1.0712970562853046e-6
9444 1.0712970562853046e-6
9445 1.0712970562853046e-6
9446 1.0712970562853046e-6
9447 1.0712970562853046e-6
9448 1.0712970562853046e-6
9449 1.0712970562853046e-6
9450 1.0712970562853046e-6
9451 1.0712970562853046e-6
9452 1.0712970562853046e-6
9453 1.0712970562853046e-6
9454 1.0712970562853046e-6
9455 1.0712970562853046e-6
9456 1.0727181867849836e-6
9457 1.0731043107171844e-6
9458 1.0730402240186935e-6
9459 1.0729008348230145e-6
9460 1.0725611735485853e-6
9461 1.0724362033558415e-6
9462 1.0728559740729525e-6
9463 1.073450380844817e-6
9464 1.0732773466977736e-6
9465 1.0736746858174899e-6
9466 1.0734776187765235e-6
9467 1.0737051269534342e-6
9468 1.0728143171383106e-6
9469 1.0730963005674524e-6
9470 1.0730786765267332e-6
9471 1.0724394077824433e-6
9472 1.0724538280077424e-6
9473 1.0728559740729523e-6
9474 1.0732388935785514e-6
9475 1.0734760162576314e-6
9476 1.073163591692545e-6
9477 1.0740319711326378e-6
9478 1.0736586642956623e-6
9479 1.073163591692545e-6
9480 1.0732356897631315e-6
9481 1.0729408892387643e-6
9482 1.0729408892387643e-6
9483 1.0729408892387643e-6
9484 1.0729408892387643e-6
9485 1.0729408892387643e-6
9486 1.0729408892387643e-6
9487 1.0729408892387643e-6
9488 1.074812230980317e-6
9489 1.0751038270780824e-6
9490 1.0748362632630577e-6
9491 1.0744405260510514e-6
9492 1.0744405260510514e-6
9493 1.0744405260510514e-6
9494 1.0744405260510514e-6
9495 1.0747898006052858e-6
9496 1.0748170379258103e-6
9497 1.0748170379258103e-6
9498 1.0748170379258103e-6
9499 1.0748170379258103e-6
9500 1.0755732654907485e-6
9501 1.0758167964118504e-6
9502 1.0758344204525696e-6
9503 1.0753137124366377e-6
9504 1.075424263015264e-6
9505 1.0753233257164432e-6
9506 1.0753233257164432e-6
9507 1.0753233257164432e-6
9508 1.0753233257164432e-6
9509 1.0765105391860078e-6
9510 1.0764993239984924e-6
9511 1.0764993239984924e-6
9512 1.0764993239984924e-6
9513 1.0764993239984924e-6
9514 1.0764993239984924e-6
9515 1.0764993239984924e-6
9516 1.0764993239984924e-6
9517 1.0764993239984924e-6
9518 1.0773052186478041e-6
9519 1.0773052186478041e-6
9520 1.0773052186478041e-6
9521 1.0773052186478041e-6
9522 1.0777201830306032e-6
9523 1.0777201830306032e-6
9524 1.0777201830306032e-6
9525 1.0782697308859516e-6
9526 1.078042220875495e-6
9527 1.0778996272532143e-6
9528 1.0784539802205107e-6
9529 1.0786798871008934e-6
9530 1.079006731891279e-6
9531 1.0787984484404334e-6
9532 1.0792005951168252e-6
9533 1.0793624146875352e-6
9534 1.0800946099697325e-6
9535 1.081387566461248e-6
9536 1.081387566461248e-6
9537 1.081387566461248e-6
9538 1.081387566461248e-6
9539 1.081387566461248e-6
9540 1.081387566461248e-6
9541 1.081387566461248e-6
9542 1.081387566461248e-6
9543 1.081387566461248e-6
9544 1.081387566461248e-6
9545 1.081387566461248e-6
9546 1.081387566461248e-6
9547 1.081387566461248e-6
9548 1.081387566461248e-6
9549 1.081387566461248e-6
9550 1.081387566461248e-6
9551 1.081387566461248e-6
9552 1.0820909225152106e-6
9553 1.0828455481724388e-6
9554 1.083124326563797e-6
9555 1.0844765628083096e-6
9556 1.0850485410386889e-6
9557 1.0850485410386889e-6
9558 1.0850485410386889e-6
9559 1.0850485410386889e-6
9560 1.0850485410386889e-6
9561 1.086245367176877e-6
9562 1.0864856930601952e-6
9563 1.0864856930601952e-6
9564 1.0864856930601952e-6
9565 1.0864856930601952e-6
9566 1.0864856930601952e-6
9567 1.0864856930601952e-6
9568 1.0864856930601952e-6
9569 1.0864856930601952e-6
9570 1.0864856930601952e-6
9571 1.0873765034865007e-6
9572 1.087669702103158e-6
9573 1.0877754457362908e-6
9574 1.087456611706819e-6
9575 1.0873668902066954e-6
9576 1.087815500152041e-6
9577 1.0876713040108683e-6
9578 1.087994944374652e-6
9579 1.0874421927038839e-6
9580 1.0872835775597757e-6
9581 1.0872835775597757e-6
9582 1.0872835775597757e-6
9583 1.0877466065080566e-6
9584 1.0877466065080566e-6
9585 1.0877466065080566e-6
9586 1.088578135959001e-6
9587 1.088578135959001e-6
9588 1.088578135959001e-6
9589 1.088578135959001e-6
9590 1.088578135959001e-6
9591 1.088578135959001e-6
9592 1.088578135959001e-6
9593 1.0897749614860072e-6
9594 1.0897701551516953e-6
9595 1.089353589472368e-6
9596 1.0893071262034144e-6
9597 1.0898534690209791e-6
9598 1.090036116447828e-6
9599 1.0896852399858835e-6
9600 1.0902796473689298e-6
9601 1.089731703254837e-6
9602 1.089672422890658e-6
9603 1.089491376149155e-6
9604 1.0893840306083124e-6
9605 1.0895650767386333e-6
9606 1.0900232993526025e-6
9607 1.0901210322248216e-6
9608 1.090231582803448e-6
9609 1.0899191576271797e-6
9610 1.0898550709286888e-6
9611 1.089750929203266e-6
9612 1.0897333051625468e-6
9613 1.090191527776516e-6
9614 1.0895394419370005e-6
9615 1.0899351791490068e-6
9616 1.0901803125890006e-6
9617 1.0896003248200715e-6
9618 1.0895426463636025e-6
9619 1.0895586678854298e-6
9620 1.089593915966868e-6
9621 1.0893407717659608e-6
9622 1.0893407717659608e-6
9623 1.0898326405536582e-6
9624 1.0901114189450163e-6
9625 1.0901819151078926e-6
9626 1.0901963341108281e-6
9627 1.0894993875212508e-6
9628 1.0898005968988218e-6
9629 1.0900937949042971e-6
9630 1.0905680390400934e-6
9631 1.090254013178479e-6
9632 1.0901594847328617e-6
9633 1.090515167529118e-6
9634 1.090515167529118e-6
9635 1.090733063648587e-6
9636 1.090733063648587e-6
9637 1.0914444304634635e-6
9638 1.0914380216102597e-6
9639 1.0914220000884324e-6
9640 1.0914668608384941e-6
9641 1.0913723323928768e-6
9642 1.0913947627679077e-6
9643 1.0913322773659448e-6
9644 1.0917840917378922e-6
9645 1.0916639284906422e-6
9646 1.091607852553065e-6
9647 1.0917776834958706e-6
9648 1.0923448529472104e-6
9649 1.0925483300637442e-6
9650 1.0944469091258215e-6
9651 1.0944469091258215e-6
9652 1.0944469091258215e-6
9653 1.0944469091258215e-6
9654 1.0944469091258215e-6
9655 1.0944469091258215e-6
9656 1.0944469091258215e-6
9657 1.0944469091258215e-6
9658 1.0944469091258215e-6
9659 1.0944469091258215e-6
9660 1.0944469091258215e-6
9661 1.0944469091258215e-6
9662 1.0944469091258215e-6
9663 1.0944469091258215e-6
9664 1.0944469091258215e-6
9665 1.0944469091258215e-6
9666 1.0944469091258215e-6
9667 1.0944469091258215e-6
9668 1.0944469091258215e-6
9669 1.0944469091258215e-6
9670 1.0944469091258215e-6
9671 1.0944469091258215e-6
9672 1.0944469091258215e-6
9673 1.0944469091258215e-6
9674 1.0944469091258215e-6
9675 1.0944469091258215e-6
9676 1.0944469091258215e-6
9677 1.0944469091258215e-6
9678 1.0944469091258215e-6
9679 1.0944469091258215e-6
9680 1.0944469091258215e-6
9681 1.0944469091258215e-6
9682 1.0944469091258215e-6
9683 1.0944469091258215e-6
9684 1.0944469091258215e-6
9685 1.0944469091258215e-6
9686 1.0944469091258215e-6
9687 1.0944469091258215e-6
9688 1.0944469091258215e-6
9689 1.0944469091258215e-6
9690 1.0944469091258215e-6
9691 1.0944469091258215e-6
9692 1.0944469091258215e-6
9693 1.0944469091258215e-6
9694 1.0944469091258215e-6
9695 1.0944469091258215e-6
9696 1.0944469091258215e-6
9697 1.0944469091258215e-6
9698 1.0944469091258215e-6
9699 1.0944469091258215e-6
9700 1.0944469091258215e-6
9701 1.0944469091258215e-6
9702 1.0944469091258215e-6
9703 1.0944469091258215e-6
9704 1.0944469091258215e-6
9705 1.0944469091258215e-6
9706 1.0944469091258215e-6
9707 1.0944469091258215e-6
9708 1.0944469091258215e-6
9709 1.0944469091258215e-6
9710 1.0944469091258215e-6
9711 1.0956020789405497e-6
9712 1.0956020789405497e-6
9713 1.0957222421877996e-6
9714 1.0957222421877996e-6
9715 1.0961644432799415e-6
9716 1.096214110975497e-6
9717 1.0962012926579079e-6
9718 1.0962012926579079e-6
9719 1.096576202624957e-6
9720 1.0964976950899852e-6
9721 1.0964976950899852e-6
9722 1.0964976950899852e-6
9723 1.0964976950899852e-6
9724 1.0964976950899852e-6
9725 1.0964976950899852e-6
9726 1.0964976950899852e-6
9727 1.0964976950899852e-6
9728 1.0964976950899852e-6
9729 1.0964976950899852e-6
9730 1.0975150776167444e-6
9731 1.0975150776167444e-6
9732 1.0975150776167444e-6
9733 1.0975150776167444e-6
9734 1.0975150776167444e-6
9735 1.0975150776167444e-6
9736 1.0975150776167444e-6
9737 1.0985901379887908e-6
9738 1.0977185535109143e-6
9739 1.0981447330812288e-6
9740 1.0982440678611579e-6
9741 1.0982280457281488e-6
9742 1.0983225741737661e-6
9743 1.098585331043297e-6
9744 1.0981463349889388e-6
9745 1.0979797084727352e-6
9746 1.0982681001438989e-6
9747 1.0975807662229452e-6
9748 1.0979765046573154e-6
9749 1.0982008090188062e-6
9750 1.0977826408205871e-6
9751 1.097925234442868e-6
9752 1.097644853532618e-6
9753 1.0980662261574389e-6
9754 1.0979957299945626e-6
9755 1.0978899863614298e-6
9756 1.0980998717199852e-6
9757 1.097984514807047e-6
9758 1.0976512623858215e-6
9759 1.098000536940056e-6
9760 1.097978106565025e-6
9761 1.0975327010462815e-6
9762 1.0975327010462815e-6
9763 1.0975327010462815e-6
9764 1.0975327010462815e-6
9765 1.0975327010462815e-6
9766 1.0975327010462815e-6
9767 1.0976384452905961e-6
9768 1.0983930703366424e-6
9769 1.0980453983012998e-6
9770 1.0976288320107906e-6
9771 1.0976865104672597e-6
9772 1.097660875665627e-6
9773 1.097660875665627e-6
9774 1.097660875665627e-6
9775 1.0977281674019016e-6
9776 1.0984347272712843e-6
9777 1.0984138988039634e-6
9778 1.0981046786654788e-6
9779 1.0980133546464632e-6
9780 1.0982520786220713e-6
9781 1.0982536805297812e-6
9782 1.098215229244105e-6
9783 1.0983065526519386e-6
9784 1.099017919466815e-6
9785 1.1003268974801577e-6
9786 1.1016326710668987e-6
9787 1.1016326710668987e-6
9788 1.1016326710668987e-6
9789 1.1016326710668987e-6
9790 1.1016326710668987e-6
9791 1.1016326710668987e-6
9792 1.1016326710668987e-6
9793 1.1028455187269141e-6
9794 1.1031146844496487e-6
9795 1.1031146844496487e-6
9796 1.1031146844496487e-6
9797 1.1031146844496487e-6
9798 1.1031146844496487e-6
9799 1.1031146844496487e-6
9800 1.1031146844496487e-6
9801 1.1031146844496487e-6
9802 1.1031146844496487e-6
9803 1.1031146844496487e-6
9804 1.1031146844496487e-6
9805 1.1031146844496487e-6
9806 1.1031146844496487e-6
9807 1.1044765345851488e-6
9808 1.104412447275476e-6
9809 1.1041865410062752e-6
9810 1.1043403492048897e-6
9811 1.1044508997835161e-6
9812 1.1045886870714853e-6
9813 1.1052311596311953e-6
9814 1.1053705488268743e-6
9815 1.1054698842179853e-6
9816 1.1054698842179853e-6
9817 1.1063542851799051e-6
9818 1.1062837896282105e-6
9819 1.107350839850525e-6
9820 1.1071441589185715e-6
9821 1.107012781094988e-6
9822 1.1070015646851087e-6
9823 1.1070704589402751e-6
9824 1.1070704589402751e-6
9825 1.1070704589402751e-6
9826 1.1072723329267351e-6
9827 1.1072723329267351e-6
9828 1.1078154713176978e-6
9829 1.1078154713176978e-6
9830 1.1083489964288552e-6
9831 1.1087367228799479e-6
9832 1.1089802538010498e-6
9833 1.1089754468555562e-6
9834 1.1088713063524972e-6
9835 1.1092446131894726e-6
9836 1.1093231195020807e-6
9837 1.1089498126651052e-6
9838 1.1089418012930097e-6
9839 1.1085396552277998e-6
9840 1.1086069463528924e-6
9841 1.1084675571572133e-6
9842 1.1084851811979325e-6
9843 1.1085236337059727e-6
9844 1.1085492685076053e-6
9845 1.108457943877408e-6
9846 1.1085316444668863e-6
9847 1.1084226964071518e-6
9848 1.1084803742524391e-6
9849 1.1086453988609328e-6
9850 1.1081919825812755e-6
9851 1.1081919825812755e-6
9852 1.1085460640810037e-6
9853 1.1094881441105748e-6
9854 1.1091148366624174e-6
9855 1.1097172554175592e-6
9856 1.1092958827927384e-6
9857 1.1095954896514174e-6
9858 1.109627532695072e-6
9859 1.1101562520830993e-6
9860 1.1100392932624511e-6
9861 1.112290350694183e-6
9862 1.1123944918084239e-6
9863 1.1125627202323376e-6
9864 1.1126364208218158e-6
9865 1.1126364208218158e-6
9866 1.1126364208218158e-6
9867 1.1126364208218158e-6
9868 1.1126364208218158e-6
9869 1.1126364208218158e-6
9870 1.1126364208218158e-6
9871 1.1126364208218158e-6
9872 1.1126364208218158e-6
9873 1.1126364208218158e-6
9874 1.1126364208218158e-6
9875 1.114376384128603e-6
9876 1.1145830656717386e-6
9877 1.1146439479436277e-6
9878 1.1144116328212231e-6
9879 1.1144116328212231e-6
9880 1.1144116328212231e-6
9881 1.1150268686715904e-6
9882 1.1150268686715904e-6
9883 1.1158632056792105e-6
9884 1.1160506594403714e-6
9885 1.1160490575326615e-6
9886 1.1159497227527325e-6
9887 1.1159993898371061e-6
9888 1.1159977879293962e-6
9889 1.1160234227310289e-6
9890 1.1159256898588098e-6
9891 1.1157446437284888e-6
9892 1.116101929043637e-6
9893 1.1161035315625288e-6
9894 1.1162108777145534e-6
9895 1.1161692213910934e-6
9896 1.1163518694291243e-6
9897 1.1164415909292478e-6
9898 1.1165072807578124e-6
9899 1.115791107608624e-6
9900 1.115637298187646e-6
9901 1.1156613304703867e-6
9902 1.1161531992580841e-6
9903 1.1161371777362568e-6
9904 1.1161483929237722e-6
9905 1.1162301036629823e-6
9906 1.1162445232770995e-6
9907 1.1161403821628585e-6
9908 1.1162365125161858e-6
9909 1.1169286527714512e-6
9910 1.1180966396814049e-6
9911 1.119335121531871e-6
9912 1.1193671651867075e-6
9913 1.1193287126786674e-6
9914 1.1191412583063246e-6
9915 1.1191412583063246e-6
9916 1.1191412583063246e-6
9917 1.1191412583063246e-6
9918 1.1191412583063246e-6
9919 1.1191412583063246e-6
9920 1.1191412583063246e-6
9921 1.1191412583063246e-6
9922 1.1191412583063246e-6
9923 1.1191412583063246e-6
9924 1.1191412583063246e-6
9925 1.1191412583063246e-6
9926 1.1191412583063246e-6
9927 1.1191412583063246e-6
9928 1.1191412583063246e-6
9929 1.1191412583063246e-6
9930 1.1191412583063246e-6
9931 1.1191412583063246e-6
9932 1.1191412583063246e-6
9933 1.1191412583063246e-6
9934 1.1191412583063246e-6
9935 1.1191412583063246e-6
9936 1.1191412583063246e-6
9937 1.1191412583063246e-6
9938 1.1191412583063246e-6
9939 1.1191412583063246e-6
9940 1.1191412583063246e-6
9941 1.1191412583063246e-6
9942 1.1191412583063246e-6
9943 1.1191412583063246e-6
9944 1.1191412583063246e-6
9945 1.1191412583063246e-6
9946 1.1191412583063246e-6
9947 1.1209485133493863e-6
9948 1.1209485133493863e-6
9949 1.121536512490411e-6
9950 1.1217496016643864e-6
9951 1.121738386476871e-6
9952 1.1222062217594638e-6
9953 1.1222911381476394e-6
9954 1.1215108770775966e-6
9955 1.120958126629192e-6
9956 1.120958126629192e-6
9957 1.1216566757376612e-6
9958 1.1220363914278401e-6
9959 1.1222142331315593e-6
9960 1.122021971813723e-6
9961 1.1210911075828493e-6
9962 1.1213939188681301e-6
9963 1.1219370566479111e-6
9964 1.1220860591233957e-6
9965 1.1222334590799885e-6
9966 1.1216166213219113e-6
9967 1.121240110058334e-6
9968 1.1218537433898095e-6
9969 1.1218249041615748e-6
9970 1.121417951762053e-6
9971 1.121417951762053e-6
9972 1.1216278371206084e-6
9973 1.1216278371206084e-6
9974 1.1220812527890838e-6
9975 1.1221821906990866e-6
9976 1.1220203705171947e-6
9977 1.1226436171284756e-6
9978 1.1221629641394756e-6
9979 1.1230874195171455e-6
9980 1.1230313435795683e-6
9981 1.1232043789489756e-6
9982 1.1230794093674137e-6
9983 1.12343349025596e-6
9984 1.1248450074758336e-6
9985 1.1248177707664908e-6
9986 1.1246239075409445e-6
9987 1.1248866650216572e-6
9988 1.1251029586222344e-6
9989 1.1248466106059071e-6
9990 1.1248466106059071e-6
9991 1.1248466106059071e-6
9992 1.1248466106059071e-6
9993 1.1248466106059071e-6
9994 1.1248466106059071e-6
9995 1.1248466106059071e-6
9996 1.1252631762852344e-6
9997 1.1252631762852344e-6
9998 1.1262180740212127e-6
9999 1.1260161994235708e-6
10000 1.1254586414184907e-6
10001 1.1261267500021972e-6
