1 0
2 0
3 0
4 0
5 0
6 0
7 0
8 0
9 7.530310837008284e-11
10 7.530310837008284e-11
11 7.530310837008284e-11
12 7.530310837008284e-11
13 7.530310837008284e-11
14 7.530310837008284e-11
15 7.530310837008284e-11
16 7.530310837008284e-11
17 1.0205875645428352e-9
18 6.985503308328628e-10
19 1.1167179178700828e-9
20 8.091002982773857e-10
21 9.997590972219085e-10
22 9.645116269655876e-10
23 1.451572857987358e-9
24 1.3954969204101105e-9
25 1.2721292465582847e-9
26 1.2224615510028076e-9
27 1.0446198472837068e-9
28 1.3442273171446611e-9
29 1.3201950344037897e-9
30 1.0974925806228906e-9
31 8.715850890582849e-10
32 6.825281978237345e-10
33 9.629091080737345e-10
34 9.885439097064593e-10
35 9.100375970983126e-10
36 5.431390021446613e-10
37 4.934713065891842e-10
38 6.440756897837071e-10
39 9.452850673546337e-10
40 1.049426792777386e-9
41 6.921414776292119e-10
42 8.555635672310376e-10
43 3.8131943143468907e-10
44 3.8131943143468907e-10
45 3.8131943143468907e-10
46 7.209813170456433e-10
47 8.331338033820195e-10
48 1.3634538767556154e-9
49 1.0878799119992945e-9
50 1.0478248850674135e-9
51 1.0478248850674135e-9
52 1.0926856351292116e-9
53 1.1247286787837068e-9
54 1.1247286787837068e-9
55 1.1247286787837068e-9
56 1.5877582382464866e-9
57 1.8857625780337067e-9
58 1.9017847110428354e-9
59 2.0139365861973305e-9
60 1.997915675551964e-9
61 2.190176382206459e-9
62 1.988302395746487e-9
63 2.3872446455365143e-9
64 2.199789662011936e-9
65 1.78482527921278e-9
66 1.8008474122219085e-9
67 1.6838885915737343e-9
68 1.3858842517865144e-9
69 1.411518442237358e-9
70 1.989904303456459e-9
71 1.989904303456459e-9
72 1.989904303456459e-9
73 1.989904303456459e-9
74 2.331167485595505e-9
75 2.331167485595505e-9
76 2.6403870128981744e-9
77 2.7172914177963486e-9
78 2.7172914177963486e-9
79 2.7172914177963486e-9
80 3.093803292555477e-9
81 3.508767064172752e-9
82 3.6449524444318807e-9
83 3.326119026141853e-9
84 3.5920809334564586e-9
85 3.2492146212436786e-9
86 3.282860183790027e-9
87 3.4735189827345497e-9
88 3.867654898212779e-9
89 3.5984885642963474e-9
90 3.946161210820926e-9
91 3.6561676319473294e-9
92 3.8628479527191e-9
93 3.720254330438201e-9
94 3.3004842245091277e-9
95 3.856439710697329e-9
96 3.3133013197345493e-9
97 3.750695466382724e-9
98 4.603053995830053e-9
99 4.434825571916429e-9
100 4.524547072040026e-9
101 4.289027523033705e-9
102 3.837213151086375e-9
103 4.210519988061797e-9
104 4.037485229836376e-9
105 4.170466183493679e-9
106 3.931741596703651e-9
107 3.825997963570926e-9
108 3.7827391212191e-9
109 3.997430814086376e-9
110 4.482890137398174e-9
111 4.269800963422752e-9
112 3.652962594163624e-9
113 3.5984885642963486e-9
114 3.4062278576418534e-9
115 3.822794148150982e-9
116 3.822794148150982e-9
117 3.822794148150982e-9
118 3.822794148150982e-9
119 3.822794148150982e-9
120 3.822794148150982e-9
121 3.822794148150982e-9
122 3.822794148150982e-9
123 5.192655044564605e-9
124 5.309613865212779e-9
125 5.272764487246486e-9
126 5.5931992020646046e-9
127 5.6749105524564576e-9
128 5.734190916635531e-9
129 5.689329555391852e-9
130 5.843138976370081e-9
131 5.5531447863146045e-9
132 5.251936019925559e-9
133 5.572370734743678e-9
134 5.575575161345503e-9
135 5.378507509197329e-9
136 5.671706125854632e-9
137 5.581984014549155e-9
138 5.719771302518255e-9
139 5.591597294354632e-9
140 5.835128215456457e-9
141 5.7854599087190995e-9
142 5.706953596110953e-9
143 5.251934797561797e-9
144 5.368894229391852e-9
145 5.368894229391852e-9
146 5.368894229391852e-9
147 5.368894229391852e-9
148 5.368894229391852e-9
149 5.368894229391852e-9
150 5.368894229391852e-9
151 5.368894229391852e-9
152 7.913150888962778e-9
153 8.161488755558282e-9
154 8.688604402330053e-9
155 9.023458731265447e-9
156 8.541204445737355e-9
157 9.824548268629209e-9
158 9.944710904697328e-9
159 1.0132165888221907e-8
160 9.52173637216643e-9
161 9.851784366790027e-9
162 9.790902706082863e-9
163 9.597038258172753e-9
164 9.641900230598313e-9
165 9.661125567845506e-9
166 9.694771741573735e-9
167 9.941506478095505e-9
168 9.677147700854633e-9
169 9.36632504347823e-9
170 9.125999160160111e-9
171 9.52013446445646e-9
172 9.484886383018257e-9
173 9.52654331766011e-9
174 9.712395171110955e-9
175 9.529747133080057e-9
176 9.837365363854634e-9
177 9.718804024314606e-9
178 9.17726815224368e-9
179 9.121192214666433e-9
180 9.121192214666433e-9
181 9.633888247320928e-9
182 9.581016736345506e-9
183 9.581016736345506e-9
184 9.581016736345506e-9
185 9.581016736345506e-9
186 9.581016736345506e-9
187 9.581016736345506e-9
188 9.581016736345506e-9
189 9.581016736345506e-9
190 9.581016736345506e-9
191 9.581016736345506e-9
192 9.581016736345506e-9
193 9.581016736345506e-9
194 9.581016736345506e-9
195 9.581016736345506e-9
196 9.581016736345506e-9
197 9.581016736345506e-9
198 9.581016736345506e-9
199 9.581016736345506e-9
200 9.581016736345506e-9
201 9.581016736345506e-9
202 9.581016736345506e-9
203 9.581016736345506e-9
204 9.581016736345506e-9
205 9.581016736345506e-9
206 1.0161004505274579e-8
207 1.0587183464407303e-8
208 1.0813090344790028e-8
209 1.0535913861141854e-8
210 1.0322824687166431e-8
211 1.0590387891009128e-8
212 1.1075847214320925e-8
213 1.1377056591891851e-8
214 1.1373852776471907e-8
215 1.1072643398900981e-8
216 1.1035792798570925e-8
217 1.0678508094604631e-8
218 1.08675643746573e-8
219 1.08675643746573e-8
220 1.08675643746573e-8
221 1.08675643746573e-8
222 1.0990932048509126e-8
223 1.1035792798570924e-8
224 1.1063030730277382e-8
225 1.1063030730277382e-8
226 1.1063030730277382e-8
227 1.1063030730277382e-8
228 1.1854506376653786e-8
229 1.1899367737897464e-8
230 1.189776460782373e-8
231 1.1886549420308281e-8
232 1.2005111371030189e-8
233 1.1788817159271061e-8
234 1.232554608584831e-8
235 1.2429687811271061e-8
236 1.236560111278019e-8
237 1.2139693621215584e-8
238 1.2553055485122886e-8
239 1.2521012441468391e-8
240 1.281260792805196e-8
241 1.2391235303231034e-8
242 1.2351180887481034e-8
243 1.266360545256741e-8
244 1.2189361316771062e-8
245 1.2053175936511935e-8
246 1.2053175936511935e-8
247 1.2053175936511935e-8
248 1.2053175936511935e-8
249 1.2053175936511935e-8
250 1.2053175936511935e-8
251 1.2053175936511935e-8
252 1.2053175936511935e-8
253 1.2053175936511935e-8
254 1.2053175936511935e-8
255 1.2053175936511935e-8
256 1.2053175936511935e-8
257 1.2053175936511935e-8
258 1.2053175936511935e-8
259 1.2053175936511935e-8
260 1.2053175936511935e-8
261 1.2053175936511935e-8
262 1.2053175936511935e-8
263 1.266360545256741e-8
264 1.2825425023277382e-8
265 1.2604324477206455e-8
266 1.2477752376752803e-8
267 1.2926362322098308e-8
268 1.2886307906348308e-8
269 1.3060944572283701e-8
270 1.3033707862941004e-8
271 1.260112066178651e-8
272 1.2878296534252803e-8
273 1.3301271066783702e-8
274 1.3243593221496482e-8
275 1.3216355900971904e-8
276 1.3179506523005611e-8
277 1.3225969180777382e-8
278 1.3258012835613758e-8
279 1.308177303960463e-8
280 1.3134644550580052e-8
281 1.3118623028752805e-8
282 1.3490327958018255e-8
283 1.3123429363064605e-8
284 1.2990449631771063e-8
285 1.3241991313786513e-8
286 1.3173097058620081e-8
287 1.3451876061160109e-8
288 1.3306078012277384e-8
289 1.2615539664721907e-8
290 1.2618743480141852e-8
291 1.2295104338721906e-8
292 1.2295104338721906e-8
293 1.2357589129502805e-8
294 1.2357589129502805e-8
295 1.2357589129502805e-8
296 1.2357589129502805e-8
297 1.2357589129502805e-8
298 1.2357589129502805e-8
299 1.2357589129502805e-8
300 1.2357589129502805e-8
301 1.3184311634953648e-8
302 1.3504747572135529e-8
303 1.3879656928002804e-8
304 1.3829989843629208e-8
305 1.2963211700064602e-8
306 1.3690600036768254e-8
307 1.3546404506777383e-8
308 1.3836398085650979e-8
309 1.3523973520564602e-8
310 1.3676180422650979e-8
311 1.364253486010463e-8
312 1.3443864689064602e-8
313 1.3382981805993675e-8
314 1.4160037838252803e-8
315 1.3781924055783702e-8
316 1.3862032887283702e-8
317 1.3789935427879207e-8
318 1.3487123531416427e-8
319 1.3583253884743674e-8
320 1.2940781325033703e-8
321 1.2940781325033703e-8
322 1.2940781325033703e-8
323 1.2940781325033703e-8
324 1.2940781325033703e-8
325 1.2940781325033703e-8
326 1.2940781325033703e-8
327 1.2940781325033703e-8
328 1.2940781325033703e-8
329 1.2940781325033703e-8
330 1.2940781325033703e-8
331 1.2940781325033703e-8
332 1.2940781325033703e-8
333 1.2940781325033703e-8
334 1.2940781325033703e-8
335 1.2940781325033703e-8
336 1.2940781325033703e-8
337 1.2940781325033703e-8
338 1.40094328438764e-8
339 1.372424498813272e-8
340 1.3772310775978226e-8
341 1.3772310775978226e-8
342 1.3772310775978226e-8
343 1.41295960911264e-8
344 1.4425999134385528e-8
345 1.4425999134385528e-8
346 1.4425999134385528e-8
347 1.4425999134385528e-8
348 1.4658315479153786e-8
349 1.502040712861376e-8
350 1.4682347761894658e-8
351 1.4682347761894658e-8
352 1.5432166473629208e-8
353 1.5356863976441006e-8
354 1.5377692443761932e-8
355 1.5509070878527382e-8
356 1.53841006857837e-8
357 1.5557136055191004e-8
358 1.5509070878527382e-8
359 1.5332831693700133e-8
360 1.475925216679283e-8
361 1.478168254182373e-8
362 1.5419349378403786e-8
363 1.5483436076894657e-8
364 1.5299185519971903e-8
365 1.532642284049648e-8
366 1.5403326634212773e-8
367 1.5182226699323728e-8
368 1.5182226699323728e-8
369 1.5964088454712775e-8
370 1.55315006423764e-8
371 1.55315006423764e-8
372 1.58519359683764e-8
373 1.58519359683764e-8
374 1.58519359683764e-8
375 1.58519359683764e-8
376 1.6398278174759125e-8
377 1.6398278174759125e-8
378 1.6398278174759125e-8
379 1.6853295750944517e-8
380 1.7718471375617268e-8
381 1.7495768921836368e-8
382 1.7662395438040018e-8
383 1.7683223294179064e-8
384 1.7284281655570918e-8
385 1.737560567458637e-8
386 1.765118025052457e-8
387 1.7252238000734544e-8
388 1.6959039384077242e-8
389 1.6959039384077242e-8
390 1.8018078845478223e-8
391 1.8018078845478223e-8
392 1.8018078845478223e-8
393 1.8375364771808276e-8
394 1.841862300297822e-8
395 1.8804748157542825e-8
396 1.8916900643879203e-8
397 1.8671767203885524e-8
398 1.8750274127675553e-8
399 1.869259506002457e-8
400 1.9187668274323726e-8
401 1.9187668274323726e-8
402 2.02883634480028e-8
403 2.031880458394732e-8
404 2.0286760929110944e-8
405 2.0089693276962768e-8
406 1.9514511842345493e-8
407 1.9514511842345493e-8
408 1.9817323738808274e-8
409 1.9817323738808274e-8
410 1.9817323738808274e-8
411 1.9817323738808274e-8
412 1.9817323738808274e-8
413 1.9817323738808274e-8
414 1.9817323738808274e-8
415 1.9817323738808274e-8
416 1.9817323738808274e-8
417 1.9817323738808274e-8
418 1.9817323738808274e-8
419 1.9817323738808274e-8
420 1.9817323738808274e-8
421 1.9817323738808274e-8
422 1.9817323738808274e-8
423 1.9817323738808274e-8
424 1.9817323738808274e-8
425 1.9817323738808274e-8
426 1.9817323738808274e-8
427 1.9817323738808274e-8
428 1.9817323738808274e-8
429 1.9817323738808274e-8
430 1.9817323738808274e-8
431 1.9817323738808274e-8
432 1.9817323738808274e-8
433 1.9817323738808274e-8
434 1.9817323738808274e-8
435 1.9817323738808274e-8
436 1.9817323738808274e-8
437 1.9817323738808274e-8
438 1.9817323738808274e-8
439 1.9817323738808274e-8
440 1.9817323738808274e-8
441 1.9817323738808274e-8
442 1.9817323738808274e-8
443 1.9817323738808274e-8
444 1.9817323738808274e-8
445 1.9817323738808274e-8
446 1.9817323738808274e-8
447 1.9817323738808274e-8
448 1.9817323738808274e-8
449 1.9817323738808274e-8
450 1.9817323738808274e-8
451 1.9817323738808274e-8
452 1.9817323738808274e-8
453 1.9817323738808274e-8
454 1.9817323738808274e-8
455 1.9817323738808274e-8
456 1.9817323738808274e-8
457 1.9817323738808274e-8
458 2.0908406855045632e-8
459 2.071454240713552e-8
460 2.1081441002089174e-8
461 2.101094606157653e-8
462 2.0642445558912907e-8
463 2.118878715411375e-8
464 2.1054204903928355e-8
465 2.116635677908285e-8
466 2.1163152352481023e-8
467 2.0911610670465575e-8
468 2.08170822248483e-8
469 2.08170822248483e-8
470 2.173833317591642e-8
471 2.149640477370645e-8
472 2.176076355094732e-8
473 2.116154983358917e-8
474 2.1140721366268244e-8
475 2.1289724452934674e-8
476 2.1289724452934674e-8
477 2.1289724452934674e-8
478 2.182965841729563e-8
479 2.251539043053931e-8
480 2.2595498650857428e-8
481 2.2896708028428354e-8
482 2.2340752542240154e-8
483 2.2648370773014732e-8
484 2.221738486838833e-8
485 2.2401635425311082e-8
486 2.2367989862764733e-8
487 2.183286284389746e-8
488 2.183286284389746e-8
489 2.183286284389746e-8
490 2.183286284389746e-8
491 2.183286284389746e-8
492 2.183286284389746e-8
493 2.183286284389746e-8
494 2.183286284389746e-8
495 2.183286284389746e-8
496 2.183286284389746e-8
497 2.183286284389746e-8
498 2.183286284389746e-8
499 2.243528098785743e-8
500 2.243528098785743e-8
501 2.243528098785743e-8
502 2.243528098785743e-8
503 2.243528098785743e-8
504 2.243528098785743e-8
505 2.3066538971233834e-8
506 2.423772969660743e-8
507 2.4553358688295634e-8
508 2.4540540981888332e-8
509 2.4306623340591984e-8
510 2.418325566674016e-8
511 2.4224911990200132e-8
512 2.5346435631200132e-8
513 2.5746979788700133e-8
514 2.5859132275036507e-8
515 2.5485825438061086e-8
516 2.572294750595926e-8
517 2.6069017633591986e-8
518 2.576941077491291e-8
519 2.6075426486795635e-8
520 2.5630020968051957e-8
521 2.5601181739817406e-8
522 2.5601181739817406e-8
523 2.5961670870385525e-8
524 2.6298128329394655e-8
525 2.6379839679786507e-8
526 2.652563772866923e-8
527 2.6227632166518247e-8
528 2.6455141565792826e-8
529 2.6115480291363753e-8
530 2.6115480291363753e-8
531 2.6115480291363753e-8
532 2.6115480291363753e-8
533 2.6115480291363753e-8
534 2.6115480291363753e-8
535 2.6115480291363753e-8
536 2.6115480291363753e-8
537 2.6115480291363753e-8
538 2.6115480291363753e-8
539 2.6115480291363753e-8
540 2.6115480291363753e-8
541 2.6115480291363753e-8
542 2.6115480291363753e-8
543 2.6115480291363753e-8
544 2.6115480291363753e-8
545 2.6115480291363753e-8
546 2.6115480291363753e-8
547 2.7245015304459258e-8
548 2.7873067638870073e-8
549 2.822554723088833e-8
550 2.7967596084487347e-8
551 2.7781744231036503e-8
552 2.79868226440983e-8
553 2.8036490339653777e-8
554 2.7994833405011924e-8
555 2.8068533994490152e-8
556 2.8060522622394647e-8
557 2.799483340501192e-8
558 2.802847896755827e-8
559 2.8624489480678352e-8
560 2.9903025746894645e-8
561 2.9903025746894645e-8
562 2.9903025746894645e-8
563 2.9499277773974702e-8
564 2.9499277773974702e-8
565 2.9499277773974702e-8
566 2.9499277773974702e-8
567 2.9499277773974702e-8
568 2.9499277773974702e-8
569 3.020904206995925e-8
570 3.025069900460111e-8
571 3.028434456714745e-8
572 3.060958622745925e-8
573 3.06656621650365e-8
574 3.1160735379335654e-8
575 3.132415746893748e-8
576 3.168304530297751e-8
577 3.272446011247751e-8
578 3.282219298469661e-8
579 3.282219298469661e-8
580 3.282219298469661e-8
581 3.282219298469661e-8
582 3.282219298469661e-8
583 3.282219298469661e-8
584 3.282219298469661e-8
585 3.282219298469661e-8
586 3.282219298469661e-8
587 3.282219298469661e-8
588 3.282219298469661e-8
589 3.282219298469661e-8
590 3.282219298469661e-8
591 3.282219298469661e-8
592 3.282219298469661e-8
593 3.282219298469661e-8
594 3.282219298469661e-8
595 3.282219298469661e-8
596 3.282219298469661e-8
597 3.282219298469661e-8
598 3.282219298469661e-8
599 3.282219298469661e-8
600 3.282219298469661e-8
601 3.282219298469661e-8
602 3.282219298469661e-8
603 3.282219298469661e-8
604 3.282219298469661e-8
605 3.282219298469661e-8
606 3.282219298469661e-8
607 3.282219298469661e-8
608 3.282219298469661e-8
609 3.282219298469661e-8
610 3.282219298469661e-8
611 3.282219298469661e-8
612 3.282219298469661e-8
613 3.282219298469661e-8
614 3.282219298469661e-8
615 3.282219298469661e-8
616 3.282219298469661e-8
617 3.282219298469661e-8
618 3.282219298469661e-8
619 3.282219298469661e-8
620 3.282219298469661e-8
621 3.282219298469661e-8
622 3.282219298469661e-8
623 3.282219298469661e-8
624 3.282219298469661e-8
625 3.282219298469661e-8
626 3.282219298469661e-8
627 3.282219298469661e-8
628 3.282219298469661e-8
629 3.282219298469661e-8
630 3.282219298469661e-8
631 3.282219298469661e-8
632 3.282219298469661e-8
633 3.316986502003931e-8
634 3.316986502003931e-8
635 3.316986502003931e-8
636 3.316986502003931e-8
637 3.316986502003931e-8
638 3.316986502003931e-8
639 3.316986502003931e-8
640 3.316986502003931e-8
641 3.316986502003931e-8
642 3.316986502003931e-8
643 3.316986502003931e-8
644 3.316986502003931e-8
645 3.316986502003931e-8
646 3.316986502003931e-8
647 3.316986502003931e-8
648 3.316986502003931e-8
649 3.316986502003931e-8
650 3.316986502003931e-8
651 3.316986502003931e-8
652 3.316986502003931e-8
653 3.316986502003931e-8
654 3.316986502003931e-8
655 3.316986502003931e-8
656 3.316986502003931e-8
657 3.316986502003931e-8
658 3.316986502003931e-8
659 3.316986502003931e-8
660 3.316986502003931e-8
661 3.316986502003931e-8
662 3.365212052793116e-8
663 3.365212052793116e-8
664 3.365212052793116e-8
665 3.365212052793116e-8
666 3.365212052793116e-8
667 3.365212052793116e-8
668 3.365212052793116e-8
669 3.365212052793116e-8
670 3.365212052793116e-8
671 3.456856575586936e-8
672 3.429138927222118e-8
673 3.476242959259759e-8
674 3.485215109272119e-8
675 3.442757465248032e-8
676 3.4619835359134815e-8
677 3.4339455060066696e-8
678 3.4623040396918525e-8
679 3.471917075024577e-8
680 3.4562157513847597e-8
681 3.437630443803299e-8
682 3.4618233451424844e-8
683 3.4333045595681166e-8
684 3.4429176560190295e-8
685 3.485855994592485e-8
686 3.5287942720477516e-8
687 3.5046014929449425e-8
688 3.470635243265659e-8
689 3.470635243265659e-8
690 3.5643625516733833e-8
691 3.5627603994906585e-8
692 3.565804574203299e-8
693 3.537446040518116e-8
694 3.503159409296838e-8
695 3.5033196611860235e-8
696 3.5130929484079335e-8
697 3.5130929484079335e-8
698 3.5675669782752085e-8
699 3.5744562815554754e-8
700 3.633576577199928e-8
701 3.594643680201473e-8
702 3.6306927154946614e-8
703 3.623643160325209e-8
704 3.600731968508566e-8
705 3.602975006011656e-8
706 3.623803351096207e-8
707 3.638383155984479e-8
708 3.638863789415659e-8
709 3.617074238586937e-8
710 3.6106655076196615e-8
711 3.609223546207934e-8
712 3.6234829084360235e-8
713 3.580224188320574e-8
714 3.577981150817484e-8
715 3.603135319019029e-8
716 3.662896499983846e-8
717 3.6673825138718376e-8
718 3.668824536401753e-8
719 3.663857766846205e-8
720 3.661614729343115e-8
721 3.699105726048031e-8
722 3.739480523340026e-8
723 3.7380386230464865e-8
724 3.810296823285672e-8
725 3.7894684170829335e-8
726 3.816224859703579e-8
727 3.7899491727504894e-8
728 3.8368929528989445e-8
729 3.799241765423032e-8
730 3.813821570311304e-8
731 3.8127001126779476e-8
732 3.7865845553776664e-8
733 3.7867447461486636e-8
734 3.8117387846973996e-8
735 3.807573030115026e-8
736 3.8157442262723995e-8
737 3.822473338781669e-8
738 3.818467836088482e-8
739 3.718972743152035e-8
740 3.6819624409964874e-8
741 3.6819624409964874e-8
742 3.7341933722424845e-8
743 3.7854630977443104e-8
744 3.761911142843678e-8
745 3.7752091770912206e-8
746 3.833848839304493e-8
747 3.831125168370223e-8
748 3.831125168370223e-8
749 3.8602848392649564e-8
750 3.8602848392649564e-8
751 3.8602848392649564e-8
752 3.8602848392649564e-8
753 3.8602848392649564e-8
754 3.8602848392649564e-8
755 3.969713532430687e-8
756 3.9649070147643245e-8
757 3.971475936502597e-8
758 4.0081657959979624e-8
759 3.980127704972962e-8
760 3.980127704972962e-8
761 3.980127704972962e-8
762 4.092440320962147e-8
763 4.131373217960602e-8
764 4.123362273692414e-8
765 4.103976012255967e-8
766 4.123522586699787e-8
767 4.09404253426306e-8
768 4.114229932909057e-8
769 4.2311888146754195e-8
770 4.23695666032233e-8
771 4.181841806252877e-8
772 4.204752875833144e-8
773 4.166621054926051e-8
774 4.197863511434689e-8
775 4.153483272567694e-8
776 4.1812008598143235e-8
777 4.169505038867694e-8
778 4.1847256679581435e-8
779 4.233912485609689e-8
780 4.279254113575419e-8
781 4.354556427409056e-8
782 4.443477279268606e-8
783 4.463985120574786e-8
784 4.463985120574786e-8
785 4.463985120574786e-8
786 4.463985120574786e-8
787 4.463985120574786e-8
788 4.463985120574786e-8
789 4.463985120574786e-8
790 4.463985120574786e-8
791 4.463985120574786e-8
792 4.463985120574786e-8
793 4.463985120574786e-8
794 4.463985120574786e-8
795 4.463985120574786e-8
796 4.463985120574786e-8
797 4.463985120574786e-8
798 4.463985120574786e-8
799 4.463985120574786e-8
800 4.463985120574786e-8
801 4.463985120574786e-8
802 4.463985120574786e-8
803 4.463985120574786e-8
804 4.512691243676963e-8
805 4.512691243676963e-8
806 4.512691243676963e-8
807 4.5599555276037885e-8
808 4.610744497438058e-8
809 4.613147786830333e-8
810 4.6117057643004174e-8
811 4.570209448256878e-8
812 4.550823064584055e-8
813 4.550823064584055e-8
814 4.550823064584055e-8
815 4.550823064584055e-8
816 4.550823064584055e-8
817 4.550823064584055e-8
818 4.550823064584055e-8
819 4.550823064584055e-8
820 4.607219750412426e-8
821 4.620998479209336e-8
822 4.6109046882090557e-8
823 4.621158669980334e-8
824 4.643589106129421e-8
825 4.662975489802244e-8
826 4.714084902296696e-8
827 4.770801969667061e-8
828 4.7581447596216964e-8
829 4.756222103660601e-8
830 4.752216662085601e-8
831 4.7624706438568795e-8
832 4.771122351209057e-8
833 4.9524887408356015e-8
834 4.9524887408356015e-8
835 4.9524887408356015e-8
836 4.9524887408356015e-8
837 4.9524887408356015e-8
838 5.041890226126332e-8
839 5.040288073943607e-8
840 5.03708370845997e-8
841 5.03708370845997e-8
842 5.03708370845997e-8
843 5.03708370845997e-8
844 5.069928317151332e-8
845 5.069928317151332e-8
846 5.069928317151332e-8
847 5.108060199176613e-8
848 5.1865668173757e-8
849 5.140103670658425e-8
850 5.141385380180967e-8
851 5.18880985487879e-8
852 5.230947117360883e-8
853 5.198743393989886e-8
854 5.200505798061796e-8
855 5.171826760598243e-8
856 5.1844839706436076e-8
857 5.180318277179422e-8
858 5.203229468996065e-8
859 5.18127960515997e-8
860 5.165097648088973e-8
861 5.157887841030335e-8
862 5.167500937481248e-8
863 5.1482748056976106e-8
864 5.1349767103318804e-8
865 5.1349767103318804e-8
866 5.1349767103318804e-8
867 5.1349767103318804e-8
868 5.1349767103318804e-8
869 5.1349767103318804e-8
870 5.180158086408425e-8
871 5.180158086408425e-8
872 5.24136122878497e-8
873 5.24136122878497e-8
874 5.3016030431809673e-8
875 5.27692956952879e-8
876 5.2948739306716976e-8
877 5.346464037715518e-8
878 5.346464037715518e-8
879 5.370656877936515e-8
880 5.370656877936515e-8
881 5.370656877936515e-8
882 5.370656877936515e-8
883 5.370656877936515e-8
884 5.370656877936515e-8
885 5.370656877936515e-8
886 5.370656877936515e-8
887 5.370656877936515e-8
888 5.5188582162115156e-8
889 5.641745195513974e-8
890 5.6470322854933275e-8
891 5.6588884194473306e-8
892 5.634535327337148e-8
893 5.625242673546418e-8
894 5.5980057197309685e-8
895 5.630209443101966e-8
896 5.5750945279143254e-8
897 5.652960383029423e-8
898 5.665937974616783e-8
899 5.649756017545786e-8
900 5.6404633637550556e-8
901 5.6712251868325135e-8
902 5.638060135480969e-8
903 5.6479936745920645e-8
904 5.614508119462149e-8
905 5.628126657488062e-8
906 5.63790000582816e-8
907 5.713843143863975e-8
908 5.690291127845155e-8
909 5.674750056094523e-8
910 5.6652971504146074e-8
911 5.666739172944523e-8
912 5.6422258900633434e-8
913 5.6201158354562505e-8
914 5.623961025142065e-8
915 5.61210495230625e-8
916 5.6084200145096207e-8
917 5.627005199854705e-8
918 5.6417451955139745e-8
919 5.651999177285253e-8
920 5.649275445232795e-8
921 5.807570574508076e-8
922 5.885917001936166e-8
923 5.976760387520435e-8
924 5.976760387520435e-8
925 6.006560943735533e-8
926 6.006560943735533e-8
927 6.006560943735533e-8
928 6.006560943735533e-8
929 6.006560943735533e-8
930 6.006560943735533e-8
931 6.006560943735533e-8
932 6.006560943735533e-8
933 6.006560943735533e-8
934 6.021781695062358e-8
935 6.021781695062358e-8
936 6.021781695062358e-8
937 6.100769007810812e-8
938 6.100769007810812e-8
939 6.136177157783635e-8
940 6.136177157783635e-8
941 6.136177157783635e-8
942 6.136177157783635e-8
943 6.136177157783635e-8
944 6.210838586296907e-8
945 6.227501237917272e-8
946 6.221893583041359e-8
947 6.239357371871275e-8
948 6.243362813446275e-8
949 6.243362813446275e-8
950 6.243362813446275e-8
951 6.314980128365095e-8
952 6.299278804725278e-8
953 6.34237733406973e-8
954 6.34237733406973e-8
955 6.34237733406973e-8
956 6.34237733406973e-8
957 6.34237733406973e-8
958 6.34237733406973e-8
959 6.34237733406973e-8
960 6.34237733406973e-8
961 6.34237733406973e-8
962 6.34237733406973e-8
963 6.414315030530544e-8
964 6.48833557372345e-8
965 6.46606532834536e-8
966 6.477921401181175e-8
967 6.435143314496905e-8
968 6.415917182713267e-8
969 6.39925459221109e-8
970 6.436585275908632e-8
971 6.435463757157087e-8
972 6.447960776431455e-8
973 6.442673564215725e-8
974 6.438187489209545e-8
975 6.465744946803365e-8
976 6.46782773241727e-8
977 6.460297543816637e-8
978 6.464463115044447e-8
979 6.464142672384265e-8
980 6.387879152806455e-8
981 6.414154839759546e-8
982 6.422806547111723e-8
983 6.482407598423731e-8
984 6.48384949871727e-8
985 6.495705571553085e-8
986 6.51364999381418e-8
987 6.44075090825463e-8
988 6.440590717483632e-8
989 6.446358502012353e-8
990 6.445877929699361e-8
991 6.448281157973448e-8
992 6.443634892196271e-8
993 6.444596220176819e-8
994 6.446038120470358e-8
995 6.440750908254628e-8
996 6.545052641093814e-8
997 6.540726756858631e-8
998 6.573571426668181e-8
999 6.575494021511088e-8
1000 6.567483138361088e-8
1001 6.780412366038265e-8
1002 6.780412366038265e-8
1003 6.780412366038265e-8
1004 6.780412366038265e-8
1005 6.780412366038265e-8
1006 6.797235208429627e-8
1007 6.797235208429627e-8
1008 6.861322273629627e-8
1009 6.861322273629627e-8
1010 6.888719479334261e-8
1011 6.91819953177099e-8
1012 6.974596156481172e-8
1013 7.007921398603714e-8
1014 7.075373020058349e-8
1015 7.095560479822534e-8
1016 7.053423217340442e-8
1017 7.033556322472816e-8
1018 7.03115303308054e-8
1019 7.008241902382085e-8
1020 7.06848377789627e-8
1021 7.118151228978994e-8
1022 7.092676618117267e-8
1023 7.062876184138544e-8
1024 7.045412395308629e-8
1025 7.09123465670554e-8
1026 7.096682059692267e-8
1027 7.100847753156452e-8
1028 7.124079326515089e-8
1029 7.124559898828081e-8
1030 7.157725011297814e-8
1031 7.366168225087e-8
1032 7.366168225087e-8
1033 7.366168225087e-8
1034 7.366168225087e-8
1035 7.366168225087e-8
1036 7.366168225087e-8
1037 7.366168225087e-8
1038 7.366168225087e-8
1039 7.366168225087e-8
1040 7.366168225087e-8
1041 7.366168225087e-8
1042 7.366168225087e-8
1043 7.366168225087e-8
1044 7.366168225087e-8
1045 7.366168225087e-8
1046 7.366168225087e-8
1047 7.366168225087e-8
1048 7.366168225087e-8
1049 7.366168225087e-8
1050 7.408946434007646e-8
1051 7.467906538881101e-8
1052 7.492259569873095e-8
1053 7.469829133724009e-8
1054 7.46406122695891e-8
1055 7.47559691825273e-8
1056 7.430575732947183e-8
1057 7.438266234555189e-8
1058 7.480563687808278e-8
1059 7.382830876707366e-8
1060 7.382830876707366e-8
1061 7.408145235679908e-8
1062 7.408145235679908e-8
1063 7.444194209854908e-8
1064 7.488894952500274e-8
1065 7.494502546257999e-8
1066 7.547214172053364e-8
1067 7.558429420687001e-8
1068 7.542567845157999e-8
1069 7.558269229916004e-8
1070 7.643024388311369e-8
1071 7.688526207048098e-8
1072 7.717365435282648e-8
1073 7.832882294519095e-8
1074 7.882389615949011e-8
1075 7.882389615949011e-8
1076 7.968586735756103e-8
1077 7.978520274867199e-8
1078 7.937504531136652e-8
1079 7.942150796913829e-8
1080 7.952564969456104e-8
1081 7.855953615988548e-8
1082 7.855953615988548e-8
1083 7.855953615988548e-8
1084 7.855953615988548e-8
1085 7.855953615988548e-8
1086 7.855953615988548e-8
1087 7.855953615988548e-8
1088 7.855953615988548e-8
1089 7.855953615988548e-8
1090 7.855953615988548e-8
1091 7.855953615988548e-8
1092 7.855953615988548e-8
1093 7.855953615988548e-8
1094 7.855953615988548e-8
1095 7.855953615988548e-8
1096 7.855953615988548e-8
1097 7.855953615988548e-8
1098 7.855953615988548e-8
1099 7.855953615988548e-8
1100 7.951122885808e-8
1101 7.983006166518815e-8
1102 8.00191185564227e-8
1103 8.003994702374362e-8
1104 8.013607798825274e-8
1105 7.982685784976819e-8
1106 7.971150093682999e-8
1107 7.971150093682999e-8
1108 7.991497744218182e-8
1109 7.991497744218182e-8
1110 8.058628923012634e-8
1111 8.067601134143182e-8
1112 8.104451184409545e-8
1113 8.174946919458632e-8
1114 8.176388941988548e-8
1115 8.179753498243183e-8
1116 8.184079321360178e-8
1117 8.181195398536722e-8
1118 8.171101729772818e-8
1119 8.204587223784545e-8
1120 8.194012860471273e-8
1121 8.180554574334546e-8
1122 8.183919130589181e-8
1123 8.154439078152453e-8
1124 8.172864072726541e-8
1125 8.12608054446727e-8
1126 8.136334526238548e-8
1127 8.145306676250907e-8
1128 8.146908828433632e-8
1129 8.105893145821273e-8
1130 8.105893145821273e-8
1131 8.105893145821273e-8
1132 8.105893145821273e-8
1133 8.105893145821273e-8
1134 8.105893145821273e-8
1135 8.105893145821273e-8
1136 8.105893145821273e-8
1137 8.105893145821273e-8
1138 8.105893145821273e-8
1139 8.165814578675276e-8
1140 8.169179134929911e-8
1141 8.169179134929911e-8
1142 8.169179134929911e-8
1143 8.169179134929911e-8
1144 8.169179134929911e-8
1145 8.243039487351822e-8
1146 8.237912588143465e-8
1147 8.25024929441046e-8
1148 8.246884738155824e-8
1149 8.28004978950737e-8
1150 8.277967003893465e-8
1151 8.282933712330825e-8
1152 8.27956915607619e-8
1153 8.29655218923855e-8
1154 8.267552831351191e-8
1155 8.301358768023101e-8
1156 8.275083081070011e-8
1157 8.301358768023101e-8
1158 8.309850284604281e-8
1159 8.300878073473732e-8
1160 8.30728674332282e-8
1161 8.320264457146555e-8
1162 8.310010475375277e-8
1163 8.297513517219097e-8
1164 8.337087299537917e-8
1165 8.389638734562285e-8
1166 8.392682787038549e-8
1167 8.392362344378367e-8
1168 8.415113284305824e-8
1169 8.389638734562285e-8
1170 8.389318230783914e-8
1171 8.383550385137004e-8
1172 8.4055002489731e-8
1173 8.581579426383914e-8
1174 8.581579426383914e-8
1175 8.581579426383914e-8
1176 8.676908886974364e-8
1177 8.674826040242271e-8
1178 8.774801888846274e-8
1179 8.765349044284546e-8
1180 8.763426510559827e-8
1181 8.796271119251189e-8
1182 8.769835180408914e-8
1183 8.82254680620428e-8
1184 8.854910720346274e-8
1185 8.991896809987636e-8
1186 8.991896809987636e-8
1187 8.991896809987636e-8
1188 8.991896809987636e-8
1189 8.991896809987636e-8
1190 8.991896809987636e-8
1191 8.991896809987636e-8
1192 8.991896809987636e-8
1193 8.991896809987636e-8
1194 8.991896809987636e-8
1195 8.991896809987636e-8
1196 8.991896809987636e-8
1197 8.991896809987636e-8
1198 8.991896809987636e-8
1199 8.991896809987636e-8
1200 8.991896809987636e-8
1201 8.991896809987636e-8
1202 8.991896809987636e-8
1203 8.991896809987636e-8
1204 8.991896809987636e-8
1205 8.991896809987636e-8
1206 8.991896809987636e-8
1207 8.991896809987636e-8
1208 8.991896809987636e-8
1209 8.991896809987636e-8
1210 8.991896809987636e-8
1211 8.991896809987636e-8
1212 8.991896809987636e-8
1213 8.991896809987636e-8
1214 8.991896809987636e-8
1215 8.991896809987636e-8
1216 8.991896809987636e-8
1217 8.991896809987636e-8
1218 8.991896809987636e-8
1219 8.991896809987636e-8
1220 8.991896809987636e-8
1221 8.991896809987636e-8
1222 8.991896809987636e-8
1223 8.991896809987636e-8
1224 8.991896809987636e-8
1225 8.991896809987636e-8
1226 8.991896809987636e-8
1227 9.029387745574363e-8
1228 9.029387745574363e-8
1229 9.029387745574363e-8
1230 9.029387745574363e-8
1231 9.029387745574363e-8
1232 9.029387745574363e-8
1233 9.029387745574363e-8
1234 9.089629559970361e-8
1235 9.077132724050558e-8
1236 9.081939180598732e-8
1237 9.084502721880193e-8
1238 9.094276009102103e-8
1239 9.079055257775278e-8
1240 9.236389059070011e-8
1241 9.193610850149364e-8
1242 9.366325532423731e-8
1243 9.361358823986371e-8
1244 9.360397557124012e-8
1245 9.346298263430544e-8
1246 9.401733682396556e-8
1247 9.383308687822468e-8
1248 9.380745146541007e-8
1249 9.35030382724192e-8
1250 9.400612163645009e-8
1251 9.436180443270641e-8
1252 9.394523814219729e-8
1253 9.342293005210108e-8
1254 9.330436810137916e-8
1255 9.330436810137916e-8
1256 9.312172006334827e-8
1257 9.312011754445641e-8
1258 9.305603023478366e-8
1259 9.314415043837917e-8
1260 9.314415043837917e-8
1261 9.314415043837917e-8
1262 9.314415043837917e-8
1263 9.350784521791287e-8
1264 9.368087997613829e-8
1265 9.368087997613829e-8
1266 9.368087997613829e-8
1267 9.368087997613829e-8
1268 9.368087997613829e-8
1269 9.478958713309475e-8
1270 9.48376516985765e-8
1271 9.474953271734476e-8
1272 9.47527365327647e-8
1273 9.46373796198265e-8
1274 9.464058404642832e-8
1275 9.475754347825838e-8
1276 9.479439346740655e-8
1277 9.482964093766287e-8
1278 9.472389730453015e-8
1279 9.486488901910107e-8
1280 9.47126821170147e-8
1281 9.44899796632338e-8
1282 9.47527365327647e-8
1283 9.47527365327647e-8
1284 9.47527365327647e-8
1285 9.47527365327647e-8
1286 9.532150911417832e-8
1287 9.507157056223662e-8
1288 9.680993135013198e-8
1289 9.686760980660108e-8
1290 9.693329963516568e-8
1291 9.72136799342338e-8
1292 9.717362490730192e-8
1293 9.770394620303928e-8
1294 9.925485322977383e-8
1295 9.925485322977383e-8
1296 9.925485322977383e-8
1297 9.925485322977383e-8
1298 9.925485322977383e-8
1299 9.925485322977383e-8
1300 9.925485322977383e-8
1301 9.925485322977383e-8
1302 9.925485322977383e-8
1303 9.925485322977383e-8
1304 9.925485322977383e-8
1305 9.925485322977383e-8
1306 9.925485322977383e-8
1307 9.925485322977383e-8
1308 9.925485322977383e-8
1309 9.925485322977383e-8
1310 9.925485322977383e-8
1311 9.925485322977383e-8
1312 9.925485322977383e-8
1313 9.925485322977383e-8
1314 9.925485322977383e-8
1315 9.925485322977383e-8
1316 9.925485322977383e-8
1317 9.925485322977383e-8
1318 9.925485322977383e-8
1319 9.925485322977383e-8
1320 9.925485322977383e-8
1321 9.925485322977383e-8
1322 9.925485322977383e-8
1323 9.925485322977383e-8
1324 9.925485322977383e-8
1325 9.925485322977383e-8
1326 9.925485322977383e-8
1327 9.925485322977383e-8
1328 9.925485322977383e-8
1329 9.925485322977383e-8
1330 9.925485322977383e-8
1331 9.925485322977383e-8
1332 9.925485322977383e-8
1333 9.925485322977383e-8
1334 9.925485322977383e-8
1335 9.925485322977383e-8
1336 9.925485322977383e-8
1337 9.925485322977383e-8
1338 9.953363284349574e-8
1339 9.965219357185388e-8
1340 9.988931502857018e-8
1341 9.997903775105754e-8
1342 9.996141309915656e-8
1343 9.978517330314742e-8
1344 1.0007356558549293e-7
1345 1.0037157053646203e-7
1346 1.002177611154838e-7
1347 1.0015527693588478e-7
1348 9.971147332485108e-8
1349 9.99053371615793e-8
1350 1.0008157695758843e-7
1351 1.0009439405281385e-7
1352 9.978998085982298e-8
1353 1.0029306422385387e-7
1354 1.0020334211254839e-7
1355 1.0030427941136931e-7
1356 9.973069988446201e-8
1357 9.961213915610386e-8
1358 9.995019791164108e-8
1359 9.997743523216565e-8
1360 1.0000787697929206e-7
1361 9.987008908014108e-8
1362 9.98684871724311e-8
1363 1.0013925480287563e-7
1364 1.0006235039797745e-7
1365 1.0037797938966565e-7
1366 9.994218715072745e-8
1367 9.998704851197113e-8
1368 1.0003030735432295e-7
1369 1.0005433963706382e-7
1370 1.00011080794712e-7
1371 1.0000787697929205e-7
1372 9.994058463183559e-8
1373 9.993898272412561e-8
1374 1.0018571746064738e-7
1375 1.0005914597137562e-7
1376 1.0016488960450833e-7
1377 1.0023538576738474e-7
1378 1.0017610540320566e-7
1379 1.0030427941136928e-7
1380 1.0032030093319653e-7
1381 1.0021936424555749e-7
1382 1.0030107437358559e-7
1383 1.0016008327019654e-7
1384 1.0021135287346199e-7
1385 9.966501066707927e-8
1386 9.970506508282928e-8
1387 1.0082819124272113e-7
1388 1.0091150388964107e-7
1389 1.0085382604435385e-7
1390 1.0186479971790933e-7
1391 1.0209070720947394e-7
1392 1.0208590026398027e-7
1393 1.0185999399477942e-7
1394 1.0178469149759122e-7
1395 1.0183435858196482e-7
1396 1.0177507821778575e-7
1397 1.0185038071497395e-7
1398 1.0184397125058842e-7
1399 1.0195612434810668e-7
1400 1.0177988455209755e-7
1401 1.0193048893529207e-7
1402 1.021067287313012e-7
1403 1.0219805275031665e-7
1404 1.0208910407940022e-7
1405 1.0214678314705121e-7
1406 1.0194170412280753e-7
1407 1.0194170412280753e-7
1408 1.0194170412280753e-7
1409 1.0194170412280753e-7
1410 1.0194170412280753e-7
1411 1.0194170412280753e-7
1412 1.0194170412280753e-7
1413 1.0194170412280753e-7
1414 1.0194170412280753e-7
1415 1.0194170412280753e-7
1416 1.0194170412280753e-7
1417 1.0194170412280753e-7
1418 1.0194170412280753e-7
1419 1.0194170412280753e-7
1420 1.0194170412280753e-7
1421 1.0194170412280753e-7
1422 1.0194170412280753e-7
1423 1.0194170412280753e-7
1424 1.0194170412280753e-7
1425 1.0194170412280753e-7
1426 1.0194170412280753e-7
1427 1.0194170412280753e-7
1428 1.0194170412280753e-7
1429 1.0194170412280753e-7
1430 1.0227335524750486e-7
1431 1.0227335524750486e-7
1432 1.0276682594291216e-7
1433 1.0276682594291216e-7
1434 1.0332278081791848e-7
1435 1.0382105845881946e-7
1436 1.0392039323874853e-7
1437 1.0374255153502944e-7
1438 1.0361117310026398e-7
1439 1.0343012758112494e-7
1440 1.0383227364633492e-7
1441 1.038194565511095e-7
1442 1.0402934068730122e-7
1443 1.0397326474972397e-7
1444 1.0426486145867129e-7
1445 1.0384188692614039e-7
1446 1.0466380309727943e-7
1447 1.0515086493948308e-7
1448 1.0529025413516215e-7
1449 1.0494899034184123e-7
1450 1.0531428702908491e-7
1451 1.055450008549613e-7
1452 1.0540561165928223e-7
1453 1.0519572568954487e-7
1454 1.05011475743804e-7
1455 1.046589973741495e-7
1456 1.0460932967859402e-7
1457 1.048592694528995e-7
1458 1.0497622827354767e-7
1459 1.0537036296666214e-7
1460 1.0507235862687491e-7
1461 1.0513003647216213e-7
1462 1.0412066531749851e-7
1463 1.0435298166226676e-7
1464 1.0467822271139668e-7
1465 1.0445231644219584e-7
1466 1.0434817471677308e-7
1467 1.046686094315912e-7
1468 1.0456286579845849e-7
1469 1.0456286579845849e-7
1470 1.0456286579845849e-7
1471 1.0557704328743391e-7
1472 1.0625316202087211e-7
1473 1.060785253549367e-7
1474 1.0609134245016212e-7
1475 1.0609935321107574e-7
1476 1.0605769688761577e-7
1477 1.0617625761597392e-7
1478 1.0542163195874569e-7
1479 1.0559947366246479e-7
1480 1.0572123942860664e-7
1481 1.0534953388815931e-7
1482 1.0616344052074849e-7
1483 1.0592631784166843e-7
1484 1.057757134584739e-7
1485 1.0587504823840298e-7
1486 1.0592631784166844e-7
1487 1.0580935902102027e-7
1488 1.0591830646957294e-7
1489 1.0586863999638123e-7
1490 1.0595195325448306e-7
1491 1.0608012726264668e-7
1492 1.0561549579547394e-7
1493 1.0551135468123306e-7
1494 1.0567637806736298e-7
1495 1.0567637806736298e-7
1496 1.0567637806736298e-7
1497 1.0567637806736298e-7
1498 1.0567637806736298e-7
1499 1.0567637806736298e-7
1500 1.0567637806736298e-7
1501 1.0567637806736298e-7
1502 1.066456948062766e-7
1503 1.0663447961876115e-7
1504 1.0656398345588474e-7
1505 1.0660724229823657e-7
1506 1.0761340902629837e-7
1507 1.0716960602644654e-7
1508 1.0752849386048657e-7
1509 1.0858432828410385e-7
1510 1.086964813816221e-7
1511 1.0869968519704204e-7
1512 1.0862278079214386e-7
1513 1.0806522339824569e-7
1514 1.0823986067536297e-7
1515 1.084561548871221e-7
1516 1.0966419621282574e-7
1517 1.1106129381858207e-7
1518 1.1116703806289668e-7
1519 1.113096310739957e-7
1520 1.1115101531870566e-7
1521 1.1157078603581662e-7
1522 1.1156918412810664e-7
1523 1.1268429891590299e-7
1524 1.1610654890655396e-7
1525 1.1671057018058767e-7
1526 1.1704542512070494e-7
1527 1.1776159826989314e-7
1528 1.1790899822648584e-7
1529 1.179907095768777e-7
1530 1.1834959679973585e-7
1531 1.1848738408770495e-7
1532 1.1930609644342405e-7
1533 1.199838176957541e-7
1534 1.2067115222788964e-7
1535 1.2053656936652237e-7
1536 1.2096274771447322e-7
1537 1.2107490081199148e-7
1538 1.209547375647415e-7
1539 1.2045646053502238e-7
1540 1.2017928405137422e-7
1541 1.2073844335298237e-7
1542 1.2095153252695778e-7
1543 1.2105727677127238e-7
1544 1.2127997983623517e-7
1545 1.2198814222450977e-7
1546 1.2172378283608702e-7
1547 1.216757176594234e-7
1548 1.216404695779852e-7
1549 1.2199455046653154e-7
1550 1.216164372952443e-7
1551 1.2111976217323518e-7
1552 1.2110854698571974e-7
1553 1.2131202349107156e-7
1554 1.2082816607546973e-7
1555 1.2091949009448518e-7
1556 1.2090987742586158e-7
1557 1.2090987742586158e-7
1558 1.2090987742586158e-7
1559 1.2090987742586158e-7
1560 1.2090987742586158e-7
1561 1.2090987742586158e-7
1562 1.214482082601488e-7
1563 1.214482082601488e-7
1564 1.214482082601488e-7
1565 1.214482082601488e-7
1566 1.214482082601488e-7
1567 1.214482082601488e-7
1568 1.214482082601488e-7
1569 1.214482082601488e-7
1570 1.220009587085533e-7
1571 1.2209708906188054e-7
1572 1.2209708906188054e-7
1573 1.2209708906188054e-7
1574 1.2209708906188054e-7
1575 1.2209708906188054e-7
1576 1.2209708906188054e-7
1577 1.2209708906188054e-7
1578 1.2209708906188054e-7
1579 1.2209708906188054e-7
1580 1.2209708906188054e-7
1581 1.2209708906188054e-7
1582 1.2209708906188054e-7
1583 1.2209708906188054e-7
1584 1.2290138180348235e-7
1585 1.232826994013714e-7
1586 1.2329071077346691e-7
1587 1.2320419308876326e-7
1588 1.2320419308876326e-7
1589 1.2320419308876326e-7
1590 1.2320419308876326e-7
1591 1.2320419308876326e-7
1592 1.2320419308876326e-7
1593 1.2320419308876326e-7
1594 1.236207593792724e-7
1595 1.2403251872428785e-7
1596 1.2404693833840513e-7
1597 1.241991452404915e-7
1598 1.2455162422132788e-7
1599 1.2434494328937425e-7
1600 1.2455643055563968e-7
1601 1.2458526978387422e-7
1602 1.2449554828375062e-7
1603 1.2401489468356875e-7
1604 1.240293149088679e-7
1605 1.238867206754051e-7
1606 1.2457725902296058e-7
1607 1.2523254928907786e-7
1608 1.2524056066117337e-7
1609 1.2522774234358418e-7
1610 1.2608010026184964e-7
1611 1.2630440523452238e-7
1612 1.2634606155798237e-7
1613 1.2557701750900062e-7
1614 1.2613777871831872e-7
1615 1.2640373940326956e-7
1616 1.2650147288667054e-7
1617 1.2697571763364874e-7
1618 1.2802834640830042e-7
1619 1.2918191553768244e-7
1620 1.2948312552643524e-7
1621 1.2958406160289242e-7
1622 1.2960489007021334e-7
1623 1.2955201794805606e-7
1624 1.2915948516265157e-7
1625 1.2878137138018247e-7
1626 1.2869325117658695e-7
1627 1.287092733095961e-7
1628 1.2955682489354974e-7
1629 1.2904573076860522e-7
1630 1.2947511415433978e-7
1631 1.2926683131467617e-7
1632 1.2938058570872251e-7
1633 1.2879579160548164e-7
1634 1.2937417685551887e-7
1635 1.2858270120914247e-7
1636 1.2858270120914247e-7
1637 1.2858270120914247e-7
1638 1.2932450977114527e-7
1639 1.2902810672788614e-7
1640 1.2896882636370708e-7
1641 1.291418611219325e-7
1642 1.2886148021168248e-7
1643 1.2887429791808979e-7
1644 1.2873010177691703e-7
1645 1.2909539785297882e-7
1646 1.2951997490440156e-7
1647 1.2992372409968527e-7
1648 1.2978753871942613e-7
1649 1.3032266512711153e-7
1650 1.3052454033593526e-7
1651 1.30412387238417e-7
1652 1.2986604503203427e-7
1653 1.299269279151052e-7
1654 1.2994775638242612e-7
1655 1.296641710455743e-7
1656 1.2961770716543876e-7
1657 1.2992372409968524e-7
1658 1.307280156189233e-7
1659 1.3274034968622878e-7
1660 1.3284929774596333e-7
1661 1.3284929774596333e-7
1662 1.3284929774596333e-7
1663 1.3284929774596333e-7
1664 1.3284929774596333e-7
1665 1.3284929774596333e-7
1666 1.3284929774596333e-7
1667 1.3284929774596333e-7
1668 1.3284929774596333e-7
1669 1.3284929774596333e-7
1670 1.3284929774596333e-7
1671 1.3284929774596333e-7
1672 1.3284929774596333e-7
1673 1.3284929774596333e-7
1674 1.3284929774596333e-7
1675 1.3284929774596333e-7
1676 1.3284929774596333e-7
1677 1.3284929774596333e-7
1678 1.3284929774596333e-7
1679 1.3284929774596333e-7
1680 1.3284929774596333e-7
1681 1.3284929774596333e-7
1682 1.3284929774596333e-7
1683 1.3284929774596333e-7
1684 1.3284929774596333e-7
1685 1.3284929774596333e-7
1686 1.3284929774596333e-7
1687 1.3284929774596333e-7
1688 1.3284929774596333e-7
1689 1.3284929774596333e-7
1690 1.3284929774596333e-7
1691 1.3284929774596333e-7
1692 1.3284929774596333e-7
1693 1.3284929774596333e-7
1694 1.3284929774596333e-7
1695 1.3284929774596333e-7
1696 1.3284929774596333e-7
1697 1.3284929774596333e-7
1698 1.3284929774596333e-7
1699 1.338698834769605e-7
1700 1.3386187332722876e-7
1701 1.339451859741487e-7
1702 1.3375292465631232e-7
1703 1.3393877712094503e-7
1704 1.3419512513727227e-7
1705 1.3408297326211777e-7
1706 1.3433611746302507e-7
1707 1.3434573013164867e-7
1708 1.350026229166578e-7
1709 1.3449793642255316e-7
1710 1.3444025796608405e-7
1711 1.3409258531955947e-7
1712 1.3404772456949767e-7
1713 1.3345171466755947e-7
1714 1.334052520097877e-7
1715 1.334052520097877e-7
1716 1.336039221808277e-7
1717 1.336039221808277e-7
1718 1.343008699927687e-7
1719 1.3502986023718233e-7
1720 1.34898481191235e-7
1721 1.3505709633534314e-7
1722 1.3494013812587684e-7
1723 1.3483439388156224e-7
1724 1.3478793122379046e-7
1725 1.348295881584323e-7
1726 1.3479594259588597e-7
1727 1.3514041020462684e-7
1728 1.3480555465332768e-7
1729 1.3489848119123497e-7
1730 1.3479754450359592e-7
1731 1.3479754450359592e-7
1732 1.3526858421279044e-7
1733 1.3513079692482135e-7
1734 1.356755372234941e-7
1735 1.3577327009571322e-7
1736 1.3627795536745408e-7
1737 1.3573321506878133e-7
1738 1.3558902014997235e-7
1739 1.3576365681590774e-7
1740 1.3531825190834594e-7
1741 1.3550089994637683e-7
1742 1.3566912837029044e-7
1743 1.3556178282944773e-7
1744 1.3507151717182413e-7
1745 1.3527659497370404e-7
1746 1.3512438868279955e-7
1747 1.3574603338637047e-7
1748 1.3550730879958044e-7
1749 1.3554095436212678e-7
1750 1.3523013231593225e-7
1751 1.352685842127904e-7
1752 1.350907425090713e-7
1753 1.3532786518815134e-7
1754 1.358501745006113e-7
1755 1.3589663776956495e-7
1756 1.3581332451146312e-7
1757 1.3574443025629668e-7
1758 1.3587420739453405e-7
1759 1.3586459411472856e-7
1760 1.358838206743395e-7
1761 1.3562266571251858e-7
1762 1.3562266571251858e-7
1763 1.3562266571251858e-7
1764 1.3562266571251858e-7
1765 1.3562266571251858e-7
1766 1.3562266571251858e-7
1767 1.3562266571251858e-7
1768 1.3562266571251858e-7
1769 1.3562266571251858e-7
1770 1.3562266571251858e-7
1771 1.3562266571251858e-7
1772 1.3562266571251858e-7
1773 1.3562266571251858e-7
1774 1.3562266571251858e-7
1775 1.3562266571251858e-7
1776 1.3562266571251858e-7
1777 1.3562266571251858e-7
1778 1.3562266571251858e-7
1779 1.3562266571251858e-7
1780 1.3562266571251858e-7
1781 1.3562266571251858e-7
1782 1.3562266571251858e-7
1783 1.3562266571251858e-7
1784 1.3562266571251858e-7
1785 1.3658557359822855e-7
1786 1.3667850013613584e-7
1787 1.3676822163625944e-7
1788 1.3670894127208038e-7
1789 1.369300418181513e-7
1790 1.3713191580461128e-7
1791 1.369172247229259e-7
1792 1.369444608210867e-7
1793 1.3681308299750314e-7
1794 1.3689319121782126e-7
1795 1.3689639625560497e-7
1796 1.3656474513090763e-7
1797 1.3667529570953402e-7
1798 1.3629237498157123e-7
1799 1.3692042853834582e-7
1800 1.3692042853834582e-7
1801 1.3685634183985494e-7
1802 1.3668170395155577e-7
1803 1.3664966090790127e-7
1804 1.3659678878574396e-7
1805 1.36393312891574e-7
1806 1.36393312891574e-7
1807 1.3687236397286404e-7
1808 1.3687236397286404e-7
1809 1.3687236397286404e-7
1810 1.3687236397286404e-7
1811 1.3687236397286404e-7
1812 1.3687236397286404e-7
1813 1.3687236397286404e-7
1814 1.3687236397286404e-7
1815 1.3814609451595042e-7
1816 1.3805797431235493e-7
1817 1.379602420513177e-7
1818 1.3805797431235493e-7
1819 1.3831111790208035e-7
1820 1.3922596122230858e-7
1821 1.396697648333423e-7
1822 1.399100907166604e-7
1823 1.4038753989024046e-7
1824 1.4041958293389496e-7
1825 1.4045162658873135e-7
1826 1.4057499426258318e-7
1827 1.4050129428428684e-7
1828 1.4053013351252138e-7
1829 1.4087460173244414e-7
1830 1.408457625042096e-7
1831 1.412046503382496e-7
1832 1.43141681297185e-7
1833 1.43141681297185e-7
1834 1.43141681297185e-7
1835 1.43141681297185e-7
1836 1.43141681297185e-7
1837 1.43141681297185e-7
1838 1.43141681297185e-7
1839 1.43141681297185e-7
1840 1.43141681297185e-7
1841 1.43141681297185e-7
1842 1.43141681297185e-7
1843 1.43141681297185e-7
1844 1.43141681297185e-7
1845 1.4324101607711408e-7
1846 1.4324101607711408e-7
1847 1.4324101607711408e-7
1848 1.4324101607711408e-7
1849 1.4324101607711408e-7
1850 1.4324101607711408e-7
1851 1.4357747292494132e-7
1852 1.4400365249525593e-7
1853 1.4391553229166044e-7
1854 1.4391553229166044e-7
1855 1.4423596822884232e-7
1856 1.4500180785122224e-7
1857 1.4478711676953685e-7
1858 1.449377211527314e-7
1859 1.4543920260905232e-7
1860 1.4530942547081495e-7
1861 1.457772619757714e-7
1862 1.4589902713073138e-7
1863 1.459919530574568e-7
1864 1.4635404470691677e-7
1865 1.4632200105208039e-7
1866 1.4609128783738587e-7
1867 1.4603040495431494e-7
1868 1.4618421437529316e-7
1869 1.4668729773932407e-7
1870 1.472384462800186e-7
1871 1.4816610669547225e-7
1872 1.4824461423044415e-7
1873 1.486723938749231e-7
1874 1.486723938749231e-7
1875 1.486723938749231e-7
1876 1.486723938749231e-7
1877 1.4900564690733038e-7
1878 1.4900564690733038e-7
1879 1.4997336173853404e-7
1880 1.4992850037729037e-7
1881 1.498820377195186e-7
1882 1.4950712775246942e-7
1883 1.503402597223058e-7
1884 1.507728475346422e-7
1885 1.5113173475750034e-7
1886 1.5174857373794135e-7
1887 1.5213149385472228e-7
1888 1.5214591346883953e-7
1889 1.522676786237995e-7
1890 1.523429811209877e-7
1891 1.5267302911561132e-7
1892 1.527146854390713e-7
1893 1.5295821574899124e-7
1894 1.5267943919117872e-7
1895 1.5260413547162675e-7
1896 1.5308799288722855e-7
1897 1.5314086378702208e-7
1898 1.5404449253091674e-7
1899 1.5556175399510495e-7
1900 1.567361479247166e-7
1901 1.564990264680003e-7
1902 1.562586999735003e-7
1903 1.561305259653367e-7
1904 1.557876602643058e-7
1905 1.5562744260130581e-7
1906 1.554415901366731e-7
1907 1.560904721607686e-7
1908 1.5611931077782129e-7
1909 1.5598793234305583e-7
1910 1.5661758780754037e-7
1911 1.5555534514190134e-7
1912 1.5540954648183674e-7
1913 1.557716381312967e-7
1914 1.5583572544096946e-7
1915 1.5609367597618856e-7
1916 1.5610328925599405e-7
1917 1.5584053238646315e-7
1918 1.5613373100312046e-7
1919 1.5601997599789222e-7
1920 1.5602638485109586e-7
1921 1.5699089586687956e-7
1922 1.562731208099814e-7
1923 1.562731208099814e-7
1924 1.5664963146237676e-7
1925 1.5663681436715134e-7
1926 1.5703575661694136e-7
1927 1.5848893016027493e-7
1928 1.582325821439477e-7
1929 1.582950675459105e-7
1930 1.5856583456517315e-7
1931 1.5765579880162047e-7
1932 1.5751480769823142e-7
1933 1.5801148282024055e-7
1934 1.5800507396703691e-7
1935 1.579602132169751e-7
1936 1.579570087903733e-7
1937 1.5786087843704605e-7
1938 1.5757248615470053e-7
1939 1.5830147639911416e-7
1940 1.5837197256199057e-7
1941 1.5837197256199057e-7
1942 1.5837197256199057e-7
1943 1.5837197256199057e-7
1944 1.5837197256199057e-7
1945 1.5837197256199057e-7
1946 1.5837197256199057e-7
1947 1.5837197256199057e-7
1948 1.5837197256199057e-7
1949 1.5837197256199057e-7
1950 1.5837197256199057e-7
1951 1.5837197256199057e-7
1952 1.5837197256199057e-7
1953 1.5837197256199057e-7
1954 1.5837197256199057e-7
1955 1.5837197256199057e-7
1956 1.5837197256199057e-7
1957 1.5837197256199057e-7
1958 1.5934609624639787e-7
1959 1.5934609624639787e-7
1960 1.5934609624639787e-7
1961 1.5934609624639787e-7
1962 1.6011674281427145e-7
1963 1.6019685164577146e-7
1964 1.6018723897714787e-7
1965 1.5993249286853058e-7
1966 1.6006226878440417e-7
1967 1.5975945749912325e-7
1968 1.6040193005883323e-7
1969 1.6009911877355232e-7
1970 1.6057656794713238e-7
1971 1.6093385326228055e-7
1972 1.6228769263686692e-7
1973 1.6284685193847507e-7
1974 1.6284685193847507e-7
1975 1.6284685193847507e-7
1976 1.6284685193847507e-7
1977 1.6284685193847507e-7
1978 1.6284685193847507e-7
1979 1.6284685193847507e-7
1980 1.6284685193847507e-7
1981 1.6284685193847507e-7
1982 1.6284685193847507e-7
1983 1.6284685193847507e-7
1984 1.6284685193847507e-7
1985 1.6284685193847507e-7
1986 1.6284685193847507e-7
1987 1.6284685193847507e-7
1988 1.6284685193847507e-7
1989 1.6284685193847507e-7
1990 1.6284685193847507e-7
1991 1.6284685193847507e-7
1992 1.6284685193847507e-7
1993 1.6284685193847507e-7
1994 1.6284685193847507e-7
1995 1.6284685193847507e-7
1996 1.6284685193847507e-7
1997 1.6284685193847507e-7
1998 1.6284685193847507e-7
1999 1.6284685193847507e-7
2000 1.6284685193847507e-7
2001 1.6284685193847507e-7
2002 1.6284685193847507e-7
2003 1.6284685193847507e-7
2004 1.6284685193847507e-7
2005 1.6284685193847507e-7
2006 1.6284685193847507e-7
2007 1.6284685193847507e-7
2008 1.6284685193847507e-7
2009 1.6284685193847507e-7
2010 1.6284685193847507e-7
2011 1.6284685193847507e-7
2012 1.6284685193847507e-7
2013 1.6284685193847507e-7
2014 1.6284685193847507e-7
2015 1.6284685193847507e-7
2016 1.6284685193847507e-7
2017 1.6284685193847507e-7
2018 1.6284685193847507e-7
2019 1.6284685193847507e-7
2020 1.6284685193847507e-7
2021 1.6284685193847507e-7
2022 1.6284685193847507e-7
2023 1.6284685193847507e-7
2024 1.6284685193847507e-7
2025 1.6284685193847507e-7
2026 1.6284685193847507e-7
2027 1.6284685193847507e-7
2028 1.6284685193847507e-7
2029 1.6284685193847507e-7
2030 1.6284685193847507e-7
2031 1.6284685193847507e-7
2032 1.6284685193847507e-7
2033 1.6284685193847507e-7
2034 1.6284685193847507e-7
2035 1.6284685193847507e-7
2036 1.6284685193847507e-7
2037 1.6284685193847507e-7
2038 1.6284685193847507e-7
2039 1.6284685193847507e-7
2040 1.6311441575349964e-7
2041 1.6354059471263235e-7
2042 1.6356783142197505e-7
2043 1.6379534021006775e-7
2044 1.6326502013669414e-7
2045 1.6370882313654597e-7
2046 1.6370882313654597e-7
2047 1.6370882313654597e-7
2048 1.654343674403978e-7
2049 1.656795002692096e-7
2050 1.6499537138603966e-7
2051 1.6576601795391324e-7
2052 1.6617457348350875e-7
2053 1.6654467589388234e-7
2054 1.6670008722257053e-7
2055 1.6627871520893148e-7
2056 1.6564905913326502e-7
2057 1.6783603047768778e-7
2058 1.676213381736386e-7
2059 1.6758288688796236e-7
2060 1.6810199238500236e-7
2061 1.6800265699389144e-7
2062 1.675860907033823e-7
2063 1.6767741533357965e-7
2064 1.6767741533357965e-7
2065 1.6777514759461687e-7
2066 1.6761493054279874e-7
2067 1.678969133607587e-7
2068 1.6765498495854872e-7
2069 1.676790172412896e-7
2070 1.6792575197781138e-7
2071 1.679818291377524e-7
2072 1.6781199819494692e-7
2073 1.6769343685540689e-7
2074 1.6776713683370323e-7
2075 1.678792893200396e-7
2076 1.6769503937429873e-7
2077 1.6789531145304873e-7
2078 1.6800906523591318e-7
2079 1.683855771106723e-7
2080 1.687060124366723e-7
2081 1.6865153840680503e-7
2082 1.6917705214586684e-7
2083 1.6902003952065056e-7
2084 1.6944782038749325e-7
2085 1.6925716097736685e-7
2086 1.6942859443906417e-7
2087 1.6932445271364142e-7
2088 1.6960963995820322e-7
2089 1.6969615825408876e-7
2090 1.696016298084715e-7
2091 1.6962245766461053e-7
2092 1.6962886651781417e-7
2093 1.6980190188722147e-7
2094 1.6965289880055505e-7
2095 1.697217924445396e-7
2096 1.6952312227349957e-7
2097 1.6963847918643777e-7
2098 1.6920589198528327e-7
2099 1.692123008384869e-7
2100 1.6936610903710137e-7
2101 1.6925075273534505e-7
2102 1.6931483943383593e-7
2103 1.693725185014869e-7
2104 1.6931003309952413e-7
2105 1.6951030517827413e-7
2106 1.696096399582032e-7
2107 1.69149816047706e-7
2108 1.687364535726168e-7
2109 1.687364535726168e-7
2110 1.6966411337688857e-7
2111 1.6936771094481133e-7
2112 1.6978748166192227e-7
2113 1.7040111499339768e-7
2114 1.7005824990354866e-7
2115 1.697362120586568e-7
2116 1.6952792921899318e-7
2117 1.695535640206259e-7
2118 1.69491079229845e-7
2119 1.699460968060304e-7
2120 1.6996211893903952e-7
2121 1.6968494184420947e-7
2122 1.6965930765375864e-7
2123 1.6966090956146861e-7
2124 1.6909534079547493e-7
2125 1.6909534079547493e-7
2126 1.6909534079547493e-7
2127 1.7030017769457675e-7
2128 1.7012233537967576e-7
2129 1.7012233537967576e-7
2130 1.7012233537967576e-7
2131 1.7092662812127757e-7
2132 1.7092662812127757e-7
2133 1.7161876776536116e-7
2134 1.715322506918394e-7
2135 1.7142490515099669e-7
2136 1.7142490515099669e-7
2137 1.7168445820510764e-7
2138 1.723061022974967e-7
2139 1.7196483850417575e-7
2140 1.7196483850417575e-7
2141 1.7196483850417575e-7
2142 1.7208980808573754e-7
2143 1.7226925169716662e-7
2144 1.7232212381932393e-7
2145 1.7232212381932393e-7
2146 1.7232212381932393e-7
2147 1.7232212381932393e-7
2148 1.7232212381932393e-7
2149 1.7232212381932393e-7
2150 1.7232212381932393e-7
2151 1.7232212381932393e-7
2152 1.7232212381932393e-7
2153 1.7232212381932393e-7
2154 1.7232212381932393e-7
2155 1.7232212381932393e-7
2156 1.7232212381932393e-7
2157 1.7232212381932393e-7
2158 1.7232212381932393e-7
2159 1.7232212381932393e-7
2160 1.7232212381932393e-7
2161 1.7232212381932393e-7
2162 1.7232212381932393e-7
2163 1.7232212381932393e-7
2164 1.7232212381932393e-7
2165 1.7232212381932393e-7
2166 1.7232212381932393e-7
2167 1.7232212381932393e-7
2168 1.7232212381932393e-7
2169 1.7232212381932393e-7
2170 1.7232212381932393e-7
2171 1.7232212381932393e-7
2172 1.7232212381932393e-7
2173 1.7232212381932393e-7
2174 1.7232212381932393e-7
2175 1.7232212381932393e-7
2176 1.7232212381932393e-7
2177 1.7232212381932393e-7
2178 1.7232212381932393e-7
2179 1.7232212381932393e-7
2180 1.7232212381932393e-7
2181 1.7232212381932393e-7
2182 1.7232212381932393e-7
2183 1.7232212381932393e-7
2184 1.7232212381932393e-7
2185 1.7232212381932393e-7
2186 1.7232212381932393e-7
2187 1.7232212381932393e-7
2188 1.7232212381932393e-7
2189 1.7232212381932393e-7
2190 1.7232212381932393e-7
2191 1.7232212381932393e-7
2192 1.7232212381932393e-7
2193 1.7307194253105848e-7
2194 1.730751475688422e-7
2195 1.730751475688422e-7
2196 1.7370960936763853e-7
2197 1.7373524355808936e-7
2198 1.7349972400908304e-7
2199 1.7431843636480214e-7
2200 1.7353977842483305e-7
2201 1.7365193029998755e-7
2202 1.7365193029998755e-7
2203 1.7365193029998755e-7
2204 1.7365193029998755e-7
2205 1.7365193029998755e-7
2206 1.7365193029998755e-7
2207 1.7443219075884852e-7
2208 1.7459721414497844e-7
2209 1.7499775830247844e-7
2210 1.745187078323703e-7
2211 1.7502339371529305e-7
2212 1.7505062981345386e-7
2213 1.749641127399321e-7
2214 1.7441136229152762e-7
2215 1.7441136229152762e-7
2216 1.748503577347039e-7
2217 1.748087014112439e-7
2218 1.748087014112439e-7
2219 1.748087014112439e-7
2220 1.748087014112439e-7
2221 1.748087014112439e-7
2222 1.748087014112439e-7
2223 1.748087014112439e-7
2224 1.748087014112439e-7
2225 1.7553608974794756e-7
2226 1.7553608974794756e-7
2227 1.7553608974794756e-7
2228 1.7553608974794756e-7
2229 1.7553608974794756e-7
2230 1.7588856811760204e-7
2231 1.758645352236793e-7
2232 1.758725465957748e-7
2233 1.760648079136112e-7
2234 1.760648079136112e-7
2235 1.760648079136112e-7
2236 1.760648079136112e-7
2237 1.7641888880215754e-7
2238 1.769588221553366e-7
2239 1.7707097464167298e-7
2240 1.7692998292710204e-7
2241 1.7927396750792297e-7
2242 1.79512692094713e-7
2243 1.8041471770853393e-7
2244 1.8117575160778392e-7
2245 1.8113409467314207e-7
2246 1.8202810952604938e-7
2247 1.8313521538647773e-7
2248 1.8489280212280216e-7
2249 1.8516517227213852e-7
2250 1.850113628511603e-7
2251 1.856201904595058e-7
2252 1.8551604873408306e-7
2253 1.8535422916337308e-7
2254 1.8604957384524035e-7
2255 1.850642349733176e-7
2256 1.8495688882129302e-7
2257 1.8506103054671577e-7
2258 1.8497130904659216e-7
2259 1.8533179878834216e-7
2260 1.8540870319324032e-7
2261 1.8529174376141026e-7
2262 1.8522285011742571e-7
2263 1.8519881783468484e-7
2264 1.8527892666618485e-7
2265 1.8547118798402123e-7
2266 1.8513152670959216e-7
2267 1.8523566782383302e-7
2268 1.856730619704812e-7
2269 1.8613288710334215e-7
2270 1.862690718724194e-7
2271 1.869371792337621e-7
2272 1.877558922006631e-7
2273 1.882445565617586e-7
2274 1.882445565617586e-7
2275 1.884544419203141e-7
2276 1.8926994984943137e-7
2277 1.8915459354767505e-7
2278 1.8952309405033868e-7
2279 1.893356390668141e-7
2280 1.8917381888492224e-7
2281 1.8974900031953951e-7
2282 1.8994606858286956e-7
2283 1.8936608081394048e-7
2284 1.8936608081394048e-7
2285 1.8936608081394048e-7
2286 1.8936608081394048e-7
2287 1.8936608081394048e-7
2288 1.8936608081394048e-7
2289 1.8936608081394048e-7
2290 1.8958878326772138e-7
2291 1.8958878326772138e-7
2292 1.901960089683569e-7
2293 1.901960089683569e-7
2294 1.9030335450919962e-7
2295 1.9076317964206057e-7
2296 1.908016315389187e-7
2297 1.9115571303864692e-7
2298 1.9163476350875506e-7
2299 1.9181580963907598e-7
2300 1.9160111733502683e-7
2301 1.9149216988647417e-7
2302 1.915129977426132e-7
2303 1.9216989052762233e-7
2304 1.9195039250044328e-7
2305 1.9196961906005422e-7
2306 1.9219552532925508e-7
2307 1.9237496894068416e-7
2308 1.9158990336987518e-7
2309 1.9147935279124878e-7
2310 1.911412934245297e-7
2311 1.9129510223432605e-7
2312 1.909266017316624e-7
2313 1.9108521748695243e-7
2314 1.9130311299523964e-7
2315 1.9130791994073333e-7
2316 1.913319522234742e-7
2317 1.9139283510654513e-7
2318 1.912422307233506e-7
2319 1.915674723836624e-7
2320 1.9182862795666523e-7
2321 1.9159310840765891e-7
2322 1.9151299896497704e-7
2323 1.9140244838635065e-7
2324 1.9154824704641527e-7
2325 1.915738812368661e-7
2326 1.918494558128043e-7
2327 1.9217149365769614e-7
2328 1.921650854156744e-7
2329 1.92014480421298e-7
2330 1.9175652927489703e-7
2331 1.9160111794620883e-7
2332 1.9160111794620883e-7
2333 1.917629381281007e-7
2334 1.9170846348705154e-7
2335 1.9186387481573973e-7
2336 1.9186387481573973e-7
2337 1.9233331200604241e-7
2338 1.9222917028061966e-7
2339 1.9222917028061966e-7
2340 1.9222917028061966e-7
2341 1.9222917028061966e-7
2342 1.9222917028061966e-7
2343 1.9222917028061966e-7
2344 1.9222917028061966e-7
2345 1.9222917028061966e-7
2346 1.9222917028061966e-7
2347 1.928027491963451e-7
2348 1.9287644917464144e-7
2349 1.9312318513352697e-7
2350 1.9298219280777417e-7
2351 1.9268258656027697e-7
2352 1.9263772581021517e-7
2353 1.9260728406308876e-7
2354 1.927130276962215e-7
2355 1.929757845657524e-7
2356 1.92464689829626e-7
2357 1.92464689829626e-7
2358 1.92464689829626e-7
2359 1.9321450793017867e-7
2360 1.9307992567999328e-7
2361 1.9320169083495325e-7
2362 1.9254800247654594e-7
2363 1.9254800247654594e-7
2364 1.9254800247654594e-7
2365 1.9254800247654594e-7
2366 1.9254800247654594e-7
2367 1.9254800247654594e-7
2368 1.9254800247654594e-7
2369 1.9254800247654594e-7
2370 1.9254800247654594e-7
2371 1.9303185989214777e-7
2372 1.933731236854687e-7
2373 1.93530136310685e-7
2374 1.9349168502500872e-7
2375 1.9294374029973414e-7
2376 1.9302865546554595e-7
2377 1.9306550545469414e-7
2378 1.929004820685642e-7
2379 1.9308793582972504e-7
2380 1.9288445932437322e-7
2381 1.9328179966645326e-7
2382 1.9328179966645326e-7
2383 1.9389703551682054e-7
2384 1.938281412616541e-7
2385 1.9386659376969413e-7
2386 1.939338855059687e-7
2387 1.9355256729689778e-7
2388 1.9353173882957686e-7
2389 1.9447381947032966e-7
2390 1.9413736201132052e-7
2391 1.9370317229127418e-7
2392 1.941021145410642e-7
2393 1.939418968780642e-7
2394 1.9380410959009512e-7
2395 1.942318904569378e-7
2396 1.9515314140800593e-7
2397 1.9548158749491956e-7
2398 1.9567064438615413e-7
2399 1.9542551094616046e-7
2400 1.956818595736696e-7
2401 1.95830862660336e-7
2402 1.954046830900214e-7
2403 1.954223071307405e-7
2404 1.9528932678826507e-7
2405 1.953598223399596e-7
2406 1.960455537420214e-7
2407 1.960455537420214e-7
2408 1.960455537420214e-7
2409 1.960455537420214e-7
2410 1.960455537420214e-7
2411 1.960455537420214e-7
2412 1.960455537420214e-7
2413 1.960455537420214e-7
2414 1.960455537420214e-7
2415 1.9701967681524683e-7
2416 1.9680658764127142e-7
2417 1.9713984067367871e-7
2418 1.970997862579287e-7
2419 1.9704851604348138e-7
2420 1.9735132793994415e-7
2421 1.9735132793994415e-7
2422 1.9735132793994415e-7
2423 1.9735132793994415e-7
2424 1.9735132793994415e-7
2425 1.9735132793994415e-7
2426 1.9735132793994415e-7
2427 1.9735132793994415e-7
2428 1.9735132793994415e-7
2429 1.9735132793994415e-7
2430 1.9735132793994415e-7
2431 1.9735132793994415e-7
2432 1.9735132793994415e-7
2433 1.9735132793994415e-7
2434 1.9735132793994415e-7
2435 1.9735132793994415e-7
2436 1.9735132793994415e-7
2437 1.9790407961071241e-7
2438 1.9808031879553967e-7
2439 1.9808031879553967e-7
2440 1.9868594136610146e-7
2441 1.9868594136610146e-7
2442 1.9868594136610146e-7
2443 1.9868594136610146e-7
2444 1.9868594136610146e-7
2445 1.9868594136610146e-7
2446 1.9920664938203334e-7
2447 1.9920664938203334e-7
2448 1.9920664938203334e-7
2449 1.9920664938203334e-7
2450 1.9948703090346521e-7
2451 1.9944216893103966e-7
2452 1.9965525932737883e-7
2453 1.9965525932737883e-7
2454 2.0018557940075243e-7
2455 2.0018557940075243e-7
2456 2.005060153379343e-7
2457 2.0074954564785425e-7
2458 2.0082965447935426e-7
2459 2.0082965447935426e-7
2460 2.0082965447935426e-7
2461 2.0082965447935426e-7
2462 2.0082965447935426e-7
2463 2.0082965447935426e-7
2464 2.0082965447935426e-7
2465 2.0082965447935426e-7
2466 2.0082965447935426e-7
2467 2.0108279806907968e-7
2468 2.0108279806907968e-7
2469 2.011212505771197e-7
2470 2.011212505771197e-7
2471 2.011212505771197e-7
2472 2.014817403188697e-7
2473 2.01334340362277e-7
2474 2.01334340362277e-7
2475 2.0144649223743152e-7
2476 2.0144649223743152e-7
2477 2.0144649223743152e-7
2478 2.0144649223743152e-7
2479 2.0144649223743152e-7
2480 2.0144649223743152e-7
2481 2.018518427292433e-7
2482 2.017509048192405e-7
2483 2.0225719260987322e-7
2484 2.0245746468862321e-7
2485 2.0245746468862321e-7
2486 2.0276027597390412e-7
2487 2.0290126829965693e-7
2488 2.0290126829965693e-7
2489 2.0335308206042237e-7
2490 2.0416218235869976e-7
2491 2.0409168680700524e-7
2492 2.0396191027994976e-7
2493 2.0413174122275524e-7
2494 2.0430157216556072e-7
2495 2.0506100415710074e-7
2496 2.0481266629050522e-7
2497 2.042967658312489e-7
2498 2.0432079811398978e-7
2499 2.0432079811398978e-7
2500 2.0432079811398978e-7
2501 2.0489117260311337e-7
2502 2.0498089410323697e-7
2503 2.0498089410323697e-7
2504 2.0498089410323697e-7
2505 2.0498089410323697e-7
2506 2.0498089410323697e-7
2507 2.0498089410323697e-7
2508 2.0498089410323697e-7
2509 2.0498089410323697e-7
2510 2.0579640264353612e-7
2511 2.063539600374343e-7
2512 2.0628026005913794e-7
2513 2.0602230952391884e-7
2514 2.0606396584737882e-7
2515 2.056826476383079e-7
2516 2.0634915309194062e-7
2517 2.0637158346697153e-7
2518 2.063058942495888e-7
2519 2.063058942495888e-7
2520 2.064885422876197e-7
2521 2.070893585238697e-7
2522 2.0721593062432335e-7
2523 2.0802823412683878e-7
2524 2.0829579733068148e-7
2525 2.0835187387944061e-7
2526 2.0832784098551787e-7
2527 2.082509365806197e-7
2528 2.0857938266753334e-7
2529 2.0859380289283249e-7
2530 2.0858739403962885e-7
2531 2.085281130642679e-7
2532 2.0848164979531425e-7
2533 2.0799298665658252e-7
2534 2.0843198271094065e-7
2535 2.0814839676290693e-7
2536 2.0878125665399332e-7
2537 2.0880529015909795e-7
2538 2.0848485422191607e-7
2539 2.0855214595819064e-7
2540 2.085152953578606e-7
2541 2.0821729101807337e-7
2542 2.078551987574315e-7
2543 2.0792249049370608e-7
2544 2.0796895315147786e-7
2545 2.0837750868107336e-7
2546 2.0834706693394695e-7
2547 2.0843518713754244e-7
2548 2.0841916500453332e-7
2549 2.0834226121081702e-7
2550 2.085665655723079e-7
2551 2.0844960675165973e-7
2552 2.0785199433082966e-7
2553 2.0849767131714146e-7
2554 2.0848965994504595e-7
2555 2.0845761690139145e-7
2556 2.0823010811329876e-7
2557 2.0823010811329876e-7
2558 2.0823010811329876e-7
2559 2.0823010811329876e-7
2560 2.0823010811329876e-7
2561 2.086947395804715e-7
2562 2.0898793819712882e-7
2563 2.093179868029343e-7
2564 2.092026298899961e-7
2565 2.0865628768361337e-7
2566 2.088950116592215e-7
2567 2.0917058623515971e-7
2568 2.0935964312639427e-7
2569 2.0929715833561337e-7
2570 2.0926671719966885e-7
2571 2.0912412296620607e-7
2572 2.0921224316980156e-7
2573 2.092987608545052e-7
2574 2.0916257547424607e-7
2575 2.0960157152860423e-7
2576 2.0966726135716885e-7
2577 2.0941892349057334e-7
2578 2.093532348843725e-7
2579 2.0961278732730156e-7
2580 2.0961438923501154e-7
2581 2.101767529632215e-7
2582 2.1058530727045323e-7
2583 2.1114767222102695e-7
2584 2.1291166781055505e-7
2585 2.132305006176632e-7
2586 2.1326735121799325e-7
2587 2.1280272036200237e-7
2588 2.1288443049003046e-7
2589 2.1317282277237598e-7
2590 2.1336508347903047e-7
2591 2.133907182806632e-7
2592 2.1350607519360138e-7
2593 2.1322409237564142e-7
2594 2.133282334898823e-7
2595 2.1351568847340687e-7
2596 2.1306868104695323e-7
2597 2.1306868104695323e-7
2598 2.1306868104695323e-7
2599 2.1306868104695323e-7
2600 2.1306868104695323e-7
2601 2.1306868104695323e-7
2602 2.135909903594132e-7
2603 2.1428313061467864e-7
2604 2.140395996935768e-7
2605 2.1456190961721867e-7
2606 2.1499770124497498e-7
2607 2.148182582447278e-7
2608 2.1474455826643145e-7
2609 2.1485510823387598e-7
2610 2.1533736374176783e-7
2611 2.150361543641969e-7
2612 2.1494322843747147e-7
2613 2.1547034469542513e-7
2614 2.1519316760059507e-7
2615 2.1459876021754872e-7
2616 2.1474776269303327e-7
2617 2.147862152010733e-7
2618 2.1513068342099606e-7
2619 2.1513228532870604e-7
2620 2.1526045994805153e-7
2621 2.150393594019806e-7
2622 2.1525725552144971e-7
2623 2.1518515745086335e-7
2624 2.1518996378517514e-7
2625 2.153037181792215e-7
2626 2.1568022883161686e-7
2627 2.156722186818851e-7
2628 2.1539824662483876e-7
2629 2.1555045352692514e-7
2630 2.1538863395621517e-7
2631 2.15991052711357e-7
2632 2.154591295079097e-7
2633 2.158580717576997e-7
2634 2.1551841048327064e-7
2635 2.1593978310809156e-7
2636 2.1613044190703608e-7
2637 2.161208286272306e-7
2638 2.1603110651592512e-7
2639 2.1643805952662878e-7
2640 2.164813183689806e-7
2641 2.1634353108101152e-7
2642 2.1626021782290969e-7
2643 2.158596736654097e-7
2644 2.1595580401873693e-7
2645 2.1604873055664422e-7
2646 2.163387247466997e-7
2647 2.1651496393152695e-7
2648 2.161833134180115e-7
2649 2.1609198939899605e-7
2650 2.1612403244265054e-7
2651 2.1663512717877696e-7
2652 2.1661269619256417e-7
2653 2.1673286066217794e-7
2654 2.1657424429570603e-7
2655 2.1672004295577063e-7
2656 2.1674888096164142e-7
2657 2.1655982468158875e-7
2658 2.1680015117608875e-7
2659 2.1669440754295605e-7
2660 2.1670722524936335e-7
2661 2.1689788465948976e-7
2662 2.162201634071597e-7
2663 2.1589652426573976e-7
2664 2.156289598395333e-7
2665 2.1610961343971518e-7
2666 2.16297067200876e-7
2667 2.161977330321288e-7
2668 2.1693152899967234e-7
2669 2.1737212879528613e-7
2670 2.1715743649123698e-7
2671 2.1703086439078332e-7
2672 2.1811073170832335e-7
2673 2.1810111903969976e-7
2674 2.1793769633891605e-7
2675 2.1712379092869061e-7
2676 2.175307433282124e-7
2677 2.1747626929834513e-7
2678 2.1758521735807968e-7
2679 2.1754356042343783e-7
2680 2.1751632371409513e-7
2681 2.1777747928709795e-7
2682 2.1764770214886058e-7
2683 2.1757079774396242e-7
2684 2.1753394775481423e-7
2685 2.1758521735807968e-7
2686 2.1751472180638515e-7
2687 2.1707892956744695e-7
2688 2.1707892956744695e-7
2689 2.1707892956744695e-7
2690 2.1707892956744695e-7
2691 2.1707892956744695e-7
2692 2.1773101479578052e-7
2693 2.1773101479578052e-7
2694 2.1773101479578052e-7
2695 2.1773101479578052e-7
2696 2.1773101479578052e-7
2697 2.1773101479578052e-7
2698 2.1773101479578052e-7
2699 2.1773101479578052e-7
2700 2.1822768930660777e-7
2701 2.1822768930660777e-7
2702 2.1867790115966325e-7
2703 2.1905441303442237e-7
2704 2.196872723143269e-7
2705 2.2000930954803689e-7
2706 2.1982666212118788e-7
2707 2.2090973386532973e-7
2708 2.2059730868906147e-7
2709 2.207511174988578e-7
2710 2.2007980571091327e-7
2711 2.1990837286039782e-7
2712 2.2020637781136693e-7
2713 2.2006218228137606e-7
2714 2.195030229797679e-7
2715 2.1992920132771877e-7
2716 2.201358828708543e-7
2717 2.2016151706130513e-7
2718 2.201262695910488e-7
2719 2.2056526625658883e-7
2720 2.2050117894691609e-7
2721 2.2082962564501158e-7
2722 2.2070785926768783e-7
2723 2.208376364059252e-7
2724 2.2053322260175245e-7
2725 2.2048515681390693e-7
2726 2.2154900199843783e-7
2727 2.2114685593322786e-7
2728 2.2142243050916607e-7
2729 2.215185614736752e-7
2730 2.2129105146321875e-7
2731 2.2138397800112607e-7
2732 2.2125580460414433e-7
2733 2.2125580460414433e-7
2734 2.2125580460414433e-7
2735 2.2217064792437256e-7
2736 2.2205689291914432e-7
2737 2.2251351362540345e-7
2738 2.226769351038234e-7
2739 2.230806842991071e-7
2740 2.2275384011990346e-7
2741 2.226673224351998e-7
2742 2.2277146416062256e-7
2743 2.2273461417147437e-7
2744 2.2266892434290976e-7
2745 2.226705274729835e-7
2746 2.2260323512552703e-7
2747 2.2272179707624893e-7
2748 2.2300378050539078e-7
2749 2.2289162740787252e-7
2750 2.2314316908988796e-7
2751 2.2299096279898348e-7
2752 2.2397149533659444e-7
2753 2.2348763730981072e-7
2754 2.2402917318188166e-7
2755 2.2389939665482618e-7
2756 2.2366547901352984e-7
2757 2.239474618314898e-7
2758 2.2452424578499895e-7
2759 2.2445695404872438e-7
2760 2.242775104372953e-7
2761 2.2439607116565345e-7
2762 2.245226432661071e-7
2763 2.2447137366284166e-7
2764 2.243640275108171e-7
2765 2.2472451725256708e-7
2766 2.247549589996935e-7
2767 2.2476136785289713e-7
2768 2.2472611977145893e-7
2769 2.2447137366284164e-7
2770 2.2502732914902983e-7
2771 2.2500970571949262e-7
2772 2.2549196000502071e-7
2773 2.2545510940469066e-7
2774 2.2578675991820612e-7
2775 2.2554803655377987e-7
2776 2.2535737653247158e-7
2777 2.2527887021986344e-7
2778 2.2619211041001794e-7
2779 2.2595659024982973e-7
2780 2.26309069841848e-7
2781 2.2657823495340068e-7
2782 2.2686822853227428e-7
2783 2.2692430508103341e-7
2784 2.2702524176867246e-7
2785 2.2790964456413804e-7
2786 2.280458293332153e-7
2787 2.2807787298805168e-7
2788 2.280890881755671e-7
2789 2.2729921504808255e-7
2790 2.2729921504808255e-7
2791 2.279464951644681e-7
2792 2.274450130969653e-7
2793 2.2827013430588803e-7
2794 2.2747705675180165e-7
2795 2.2811312045830797e-7
2796 2.2754915482238802e-7
2797 2.2772058767290348e-7
2798 2.2786318190636626e-7
2799 2.277638465152553e-7
2800 2.2772058767290348e-7
2801 2.2780069650440349e-7
2802 2.2801058186295897e-7
2803 2.282797481968754e-7
2804 2.2870592654482624e-7
2805 2.2843515830319982e-7
2806 2.2796091416740348e-7
2807 2.288308967375699e-7
2808 2.2861139809920897e-7
2809 2.2837427603131078e-7
2810 2.2786318190636626e-7
2811 2.282925652921008e-7
2812 2.2849604179745261e-7
2813 2.2820124066190346e-7
2814 2.2742258272193436e-7
2815 2.2742258272193436e-7
2816 2.2742258272193436e-7
2817 2.2742258272193436e-7
2818 2.2742258272193436e-7
2819 2.2826052041490065e-7
2820 2.2826052041490065e-7
2821 2.2826052041490065e-7
2822 2.2826052041490065e-7
2823 2.2826052041490065e-7
2824 2.2826052041490065e-7
2825 2.2826052041490065e-7
2826 2.2912729794728338e-7
2827 2.291881808303543e-7
2828 2.2921702005858885e-7
2829 2.2926027890094067e-7
2830 2.2962878001478617e-7
2831 2.2998606532993434e-7
2832 2.3040263162044347e-7
2833 2.3077433654970892e-7
2834 2.3079195997924614e-7
2835 2.3106272760969066e-7
2836 2.3057246195206708e-7
2837 2.3025042410717523e-7
2838 2.3025042410717523e-7
2839 2.303898126916724e-7
2840 2.3033854308840696e-7
2841 2.3033854308840696e-7
2842 2.3033854308840696e-7
2843 2.3033854308840696e-7
2844 2.3070864549878055e-7
2845 2.3054041707486694e-7
2846 2.30599697439046e-7
2847 2.3075831319433602e-7
2848 2.304042316946078e-7
2849 2.3072947396610148e-7
2850 2.313158705882342e-7
2851 2.3126299907725877e-7
2852 2.3141039903385146e-7
2853 2.3121333138170328e-7
2854 2.3122294405032687e-7
2855 2.3119410482209233e-7
2856 2.3128542945228967e-7
2857 2.3155779960162604e-7
2858 2.314216142213669e-7
2859 2.3151293885156423e-7
2860 2.3149531481084513e-7
2861 2.3158503631096873e-7
2862 2.3119090100667238e-7
2863 2.3158663882986058e-7
2864 2.314937122919533e-7
2865 2.315241540390797e-7
2866 2.3108035103922787e-7
2867 2.3106432890621875e-7
2868 2.310611250907988e-7
2869 2.3117167444706143e-7
2870 2.3143603383548418e-7
2871 2.3171321031913234e-7
2872 2.3172282421011972e-7
2873 2.3152735785449963e-7
2874 2.3156901478914147e-7
2875 2.3163630591423418e-7
2876 2.3154658441411057e-7
2877 2.315225521313697e-7
2878 2.3152095022365971e-7
2879 2.3139277499313233e-7
2880 2.3138476484340057e-7
2881 2.3138476484340057e-7
2882 2.3172442611782964e-7
2883 2.3206248487336687e-7
2884 2.3206248487336687e-7
2885 2.3206248487336687e-7
2886 2.3206248487336687e-7
2887 2.3206248487336687e-7
2888 2.3206248487336687e-7
2889 2.3236209173204593e-7
2890 2.3253032015595955e-7
2891 2.3232844616949957e-7
2892 2.3232844616949957e-7
2893 2.3232844616949957e-7
2894 2.3232844616949957e-7
2895 2.3232844616949957e-7
2896 2.3232844616949957e-7
2897 2.3232844616949957e-7
2898 2.3232844616949957e-7
2899 2.3232844616949957e-7
2900 2.3232844616949957e-7
2901 2.3232844616949957e-7
2902 2.3232844616949957e-7
2903 2.3232844616949957e-7
2904 2.3232844616949957e-7
2905 2.3232844616949957e-7
2906 2.3232844616949957e-7
2907 2.3232844616949957e-7
2908 2.3232844616949957e-7
2909 2.3232844616949957e-7
2910 2.3232844616949957e-7
2911 2.3268412957693776e-7
2912 2.3269854919105505e-7
2913 2.3267131248171235e-7
2914 2.3267932324262597e-7
2915 2.3267932324262597e-7
2916 2.3267932324262597e-7
2917 2.3267932324262597e-7
2918 2.3267932324262597e-7
2919 2.3267932324262597e-7
2920 2.332160527803851e-7
2921 2.3337947486998692e-7
2922 2.33316990079206e-7
2923 2.3326091353044688e-7
2924 2.3335544197606415e-7
2925 2.3335544197606415e-7
2926 2.3354610077500866e-7
2927 2.3354610077500866e-7
2928 2.3354610077500866e-7
2929 2.3354610077500866e-7
2930 2.3354610077500866e-7
2931 2.3354610077500866e-7
2932 2.3354610077500866e-7
2933 2.3450420293758872e-7
2934 2.3433437199478324e-7
2935 2.3419978913341597e-7
2936 2.342110043209314e-7
2937 2.3385852595127692e-7
2938 2.342510587366814e-7
2939 2.3441768525288507e-7
2940 2.3447536370935418e-7
2941 2.34478568135956e-7
2942 2.3437282450282327e-7
2943 2.342430479757678e-7
2944 2.3416934738628956e-7
2945 2.3401714109538507e-7
2946 2.3394824745140053e-7
2947 2.3394824745140053e-7
2948 2.3394824745140053e-7
2949 2.347108832583605e-7
2950 2.3464199022555781e-7
2951 2.3464199022555781e-7
2952 2.358308056028324e-7
2953 2.3609196056465332e-7
2954 2.3576671890434153e-7
2955 2.3606953018962244e-7
2956 2.3606953018962244e-7
2957 2.3563053352408242e-7
2958 2.3563053352408242e-7
2959 2.3563053352408242e-7
2960 2.359333454205452e-7
2961 2.3606792828191247e-7
2962 2.363835566624188e-7
2963 2.3640758955634154e-7
2964 2.3648449335005784e-7
2965 2.3654057050999886e-7
2966 2.366142704882952e-7
2967 2.3599743211903608e-7
2968 2.3613842383360702e-7
2969 2.3670719702620252e-7
2970 2.3681133752926152e-7
2971 2.3654537684431068e-7
2972 2.3616886496955156e-7
2973 2.3675365968397432e-7
2974 2.3621372633079526e-7
2975 2.3628101745588796e-7
2976 2.3628101745588796e-7
2977 2.366126679694034e-7
2978 2.3657902240685707e-7
2979 2.3657902240685707e-7
2980 2.3657902240685707e-7
2981 2.3657902240685707e-7
2982 2.3657902240685707e-7
2983 2.3657902240685707e-7
2984 2.3723431267297436e-7
2985 2.3690907040148068e-7
2986 2.3690907040148068e-7
2987 2.3690907040148068e-7
2988 2.3690907040148068e-7
2989 2.3791043079523068e-7
2990 2.3784794722681355e-7
2991 2.3851765649586623e-7
2992 2.386217976101071e-7
2993 2.3937962769393713e-7
2994 2.412093131120298e-7
2995 2.407142411200944e-7
2996 2.4078473606060705e-7
2997 2.4078473606060705e-7
2998 2.4078473606060705e-7
2999 2.4078473606060705e-7
3000 2.4078473606060705e-7
3001 2.4078473606060705e-7
3002 2.4078473606060705e-7
3003 2.4078473606060705e-7
3004 2.4078473606060705e-7
3005 2.4090329678896517e-7
3006 2.4090329678896517e-7
3007 2.4090329678896517e-7
3008 2.4139676748437246e-7
3009 2.421914475573507e-7
3010 2.414336180847025e-7
3011 2.415633940005761e-7
3012 2.415633940005761e-7
3013 2.418101293482798e-7
3014 2.419975837206225e-7
3015 2.428451353045761e-7
3016 2.4291082513314074e-7
3017 2.4310468835868707e-7
3018 2.427938657013107e-7
3019 2.42708949924317e-7
3020 2.424157525300235e-7
3021 2.424285696252489e-7
3022 2.4252950631288793e-7
3023 2.4291563146745254e-7
3024 2.4353086670663795e-7
3025 2.4357412616017164e-7
3026 2.43806441893758e-7
3027 2.4538939257532894e-7
3028 2.4538939257532894e-7
3029 2.4538939257532894e-7
3030 2.4538939257532894e-7
3031 2.4538939257532894e-7
3032 2.461616422732763e-7
3033 2.461616422732763e-7
3034 2.461616422732763e-7
3035 2.461616422732763e-7
3036 2.461616422732763e-7
3037 2.461616422732763e-7
3038 2.461616422732763e-7
3039 2.461616422732763e-7
3040 2.461616422732763e-7
3041 2.461616422732763e-7
3042 2.465045079743072e-7
3043 2.466070471808381e-7
3044 2.4623534225157265e-7
3045 2.4623534225157265e-7
3046 2.4711653939807266e-7
3047 2.4798011250385354e-7
3048 2.486257894901653e-7
3049 2.4860976796833807e-7
3050 2.485248521913444e-7
3051 2.4828612882691813e-7
3052 2.4861136987604805e-7
3053 2.494621258866035e-7
3054 2.5048751917427625e-7
3055 2.5048751917427625e-7
3056 2.5048751917427625e-7
3057 2.5048751917427625e-7
3058 2.5048751917427625e-7
3059 2.5048751917427625e-7
3060 2.5048751917427625e-7
3061 2.5048751917427625e-7
3062 2.5048751917427625e-7
3063 2.5048751917427625e-7
3064 2.5048751917427625e-7
3065 2.5048751917427625e-7
3066 2.5048751917427625e-7
3067 2.5048751917427625e-7
3068 2.5048751917427625e-7
3069 2.5048751917427625e-7
3070 2.5048751917427625e-7
3071 2.5048751917427625e-7
3072 2.5048751917427625e-7
3073 2.5048751917427625e-7
3074 2.5048751917427625e-7
3075 2.5048751917427625e-7
3076 2.5048751917427625e-7
3077 2.5048751917427625e-7
3078 2.5048751917427625e-7
3079 2.5048751917427625e-7
3080 2.5048751917427625e-7
3081 2.5048751917427625e-7
3082 2.5048751917427625e-7
3083 2.5048751917427625e-7
3084 2.5048751917427625e-7
3085 2.5048751917427625e-7
3086 2.5048751917427625e-7
3087 2.5048751917427625e-7
3088 2.5048751917427625e-7
3089 2.5048751917427625e-7
3090 2.5048751917427625e-7
3091 2.5048751917427625e-7
3092 2.5048751917427625e-7
3093 2.5048751917427625e-7
3094 2.5048751917427625e-7
3095 2.5048751917427625e-7
3096 2.5048751917427625e-7
3097 2.5048751917427625e-7
3098 2.5048751917427625e-7
3099 2.5048751917427625e-7
3100 2.5048751917427625e-7
3101 2.5048751917427625e-7
3102 2.5048751917427625e-7
3103 2.5048751917427625e-7
3104 2.5048751917427625e-7
3105 2.5048751917427625e-7
3106 2.5116844424202623e-7
3107 2.514183834051498e-7
3108 2.512485530735262e-7
3109 2.512261226984953e-7
3110 2.512261226984953e-7
3111 2.512261226984953e-7
3112 2.512261226984953e-7
3113 2.512261226984953e-7
3114 2.512261226984953e-7
3115 2.512261226984953e-7
3116 2.512261226984953e-7
3117 2.512261226984953e-7
3118 2.512261226984953e-7
3119 2.512261226984953e-7
3120 2.512261226984953e-7
3121 2.512261226984953e-7
3122 2.512261226984953e-7
3123 2.516330750980171e-7
3124 2.5188782181781624e-7
3125 2.5172279720932256e-7
3126 2.520272110134953e-7
3127 2.518237351193254e-7
3128 2.518221319892516e-7
3129 2.5164268837782255e-7
3130 2.513863403614953e-7
3131 2.513863403614953e-7
3132 2.513863403614953e-7
3133 2.513863403614953e-7
3134 2.513863403614953e-7
3135 2.513863403614953e-7
3136 2.519551129429089e-7
3137 2.5186058449729165e-7
3138 2.5186058449729165e-7
3139 2.5186058449729165e-7
3140 2.5186058449729165e-7
3141 2.5186058449729165e-7
3142 2.5186058449729165e-7
3143 2.5186058449729165e-7
3144 2.5186058449729165e-7
3145 2.5186058449729165e-7
3146 2.5186058449729165e-7
3147 2.5186058449729165e-7
3148 2.5186058449729165e-7
3149 2.5186058449729165e-7
3150 2.5186058449729165e-7
3151 2.5186058449729165e-7
3152 2.5186058449729165e-7
3153 2.5186058449729165e-7
3154 2.5186058449729165e-7
3155 2.5186058449729165e-7
3156 2.5186058449729165e-7
3157 2.5186058449729165e-7
3158 2.5186058449729165e-7
3159 2.5186058449729165e-7
3160 2.5186058449729165e-7
3161 2.5186058449729165e-7
3162 2.5186058449729165e-7
3163 2.5186058449729165e-7
3164 2.5186058449729165e-7
3165 2.5186058449729165e-7
3166 2.524790253854426e-7
3167 2.5271774997223267e-7
3168 2.532785117927327e-7
3169 2.532304460048872e-7
3170 2.531807789205136e-7
3171 2.529901201215691e-7
3172 2.534627611272917e-7
3173 2.5279144995052904e-7
3174 2.527866430050354e-7
3175 2.526023930592945e-7
3176 2.52312398869239e-7
3177 2.5263443671413084e-7
3178 2.5279144995052904e-7
3179 2.5284912779581625e-7
3180 2.5235085137727903e-7
3181 2.5206406161382536e-7
3182 2.52230688130029e-7
3183 2.52230688130029e-7
3184 2.530189593498036e-7
3185 2.5292443090418633e-7
3186 2.5258957535288717e-7
3187 2.5258957535288717e-7
3188 2.5258957535288717e-7
3189 2.525975861138008e-7
3190 2.5268730822510626e-7
3191 2.529580758555508e-7
3192 2.5273697530947986e-7
3193 2.528186866598717e-7
3194 2.5331696307840893e-7
3195 2.5310547581214347e-7
3196 2.526857057062144e-7
3197 2.526857057062144e-7
3198 2.526857057062144e-7
3199 2.526857057062144e-7
3200 2.532592858443036e-7
3201 2.532977383523436e-7
3202 2.532977383523436e-7
3203 2.532977383523436e-7
3204 2.544112506212481e-7
3205 2.539850722732973e-7
3206 2.542686576101491e-7
3207 2.542686576101491e-7
3208 2.5465798658013364e-7
3209 2.545362208139918e-7
3210 2.5489671116692364e-7
3211 2.5508416492808447e-7
3212 2.556337121722509e-7
3213 2.5556481852826634e-7
3214 2.5571862733806267e-7
3215 2.556449273597663e-7
3216 2.556545400283899e-7
3217 2.561383974439917e-7
3218 2.5663186752821714e-7
3219 2.577694126910444e-7
3220 2.577694126910444e-7
3221 2.577694126910444e-7
3222 2.577694126910444e-7
3223 2.577694126910444e-7
3224 2.577694126910444e-7
3225 2.577694126910444e-7
3226 2.577694126910444e-7
3227 2.577694126910444e-7
3228 2.577694126910444e-7
3229 2.577694126910444e-7
3230 2.577694126910444e-7
3231 2.577694126910444e-7
3232 2.577694126910444e-7
3233 2.578335000007172e-7
3234 2.578335000007172e-7
3235 2.583013358944918e-7
3236 2.583013358944918e-7
3237 2.583013358944918e-7
3238 2.5870508386741174e-7
3239 2.5870508386741174e-7
3240 2.5902712048993984e-7
3241 2.5902712048993984e-7
3242 2.5902712048993984e-7
3243 2.5902712048993984e-7
3244 2.5902712048993984e-7
3245 2.5940042732691525e-7
3246 2.5943567540835345e-7
3247 2.5943567540835345e-7
3248 2.601774833591744e-7
3249 2.598746720738935e-7
3250 2.598746720738935e-7
3251 2.599579853319953e-7
3252 2.605507901961498e-7
3253 2.6095293687254164e-7
3254 2.611820481795262e-7
3255 2.6119646718246157e-7
3256 2.611580152856034e-7
3257 2.6113718681828246e-7
3258 2.6126856586422977e-7
3259 2.613871265925879e-7
3260 2.613022114267761e-7
3261 2.612237051141679e-7
3262 2.6098658243508784e-7
3263 2.6109553049482237e-7
3264 2.6114039124488417e-7
3265 2.605379731009242e-7
3266 2.6068537366869883e-7
3267 2.608215584377761e-7
3268 2.609112799378997e-7
3269 2.6124613548919885e-7
3270 2.617283909970907e-7
3271 2.617331973314025e-7
3272 2.620119763339425e-7
3273 2.6179888593760333e-7
3274 2.6308062724160333e-7
3275 2.633129429751897e-7
3276 2.6356768847262506e-7
3277 2.635084074972641e-7
3278 2.633962556221096e-7
3279 2.6347956888021144e-7
3280 2.629604633831714e-7
3281 2.630469816790569e-7
3282 2.6309825128232236e-7
3283 2.6309825128232236e-7
3284 2.6355487198858146e-7
3285 2.6355487198858146e-7
3286 2.6355487198858146e-7
3287 2.6355487198858146e-7
3288 2.6427104513776965e-7
3289 2.6427104513776965e-7
3290 2.6427104513776965e-7
3291 2.645081678168497e-7
3292 2.645081678168497e-7
3293 2.6564731549856883e-7
3294 2.6577068317242067e-7
3295 2.663426601804361e-7
3296 2.662545405880225e-7
3297 2.6600299951718895e-7
3298 2.6600299951718895e-7
3299 2.6600299951718895e-7
3300 2.6600299951718895e-7
3301 2.6600299951718895e-7
3302 2.6707966301930904e-7
3303 2.6722706297590173e-7
3304 2.679752797799263e-7
3305 2.6746098061719807e-7
3306 2.677798140354881e-7
3307 2.681130670678954e-7
3308 2.684351036904235e-7
3309 2.683197467774853e-7
3310 2.6837902775284626e-7
3311 2.683373714293863e-7
3312 2.685007929078062e-7
3313 2.6840145812787714e-7
3314 2.6851040618761166e-7
3315 2.6769650016620433e-7
3316 2.6734722622315164e-7
3317 2.6741932429373803e-7
3318 2.675667242503307e-7
3319 2.6752506792687074e-7
3320 2.6739208697321344e-7
3321 2.6756832676922256e-7
3322 2.672270629759016e-7
3323 2.6736164522608703e-7
3324 2.669130365031053e-7
3325 2.669130365031053e-7
3326 2.669130365031053e-7
3327 2.669130365031053e-7
3328 2.669130365031053e-7
3329 2.669130365031053e-7
3330 2.669130365031053e-7
3331 2.669130365031053e-7
3332 2.669130365031053e-7
3333 2.669130365031053e-7
3334 2.669130365031053e-7
3335 2.669130365031053e-7
3336 2.669130365031053e-7
3337 2.669130365031053e-7
3338 2.669130365031053e-7
3339 2.669130365031053e-7
3340 2.6820118604912706e-7
3341 2.6849438466578437e-7
3342 2.689782420813862e-7
3343 2.6924099956209897e-7
3344 2.685504606033616e-7
3345 2.6848156757055896e-7
3346 2.6862416180402176e-7
3347 2.6862416180402176e-7
3348 2.6862416180402176e-7
3349 2.692121609450463e-7
3350 2.692121609450463e-7
3351 2.692121609450463e-7
3352 2.692121609450463e-7
3353 2.705339572759782e-7
3354 2.7098096409124997e-7
3355 2.7206884216970364e-7
3356 2.729788785444382e-7
3357 2.729788785444382e-7
3358 2.729788785444382e-7
3359 2.729788785444382e-7
3360 2.729788785444382e-7
3361 2.729788785444382e-7
3362 2.729788785444382e-7
3363 2.729788785444382e-7
3364 2.729788785444382e-7
3365 2.729788785444382e-7
3366 2.729788785444382e-7
3367 2.729788785444382e-7
3368 2.729788785444382e-7
3369 2.729788785444382e-7
3370 2.729788785444382e-7
3371 2.729788785444382e-7
3372 2.729788785444382e-7
3373 2.729788785444382e-7
3374 2.729788785444382e-7
3375 2.729788785444382e-7
3376 2.729788785444382e-7
3377 2.743166963971973e-7
3378 2.743166963971973e-7
3379 2.743166963971973e-7
3380 2.743166963971973e-7
3381 2.743166963971973e-7
3382 2.743166963971973e-7
3383 2.751273979920028e-7
3384 2.751273979920028e-7
3385 2.751273979920028e-7
3386 2.75322863736441e-7
3387 2.759380995868083e-7
3388 2.7564810478557093e-7
3389 2.7629538490195646e-7
3390 2.7577788192380827e-7
3391 2.7577788192380827e-7
3392 2.7577788192380827e-7
3393 2.7577788192380827e-7
3394 2.76380301290132e-7
3395 2.766398537330611e-7
3396 2.762937829942465e-7
3397 2.76740791031882e-7
3398 2.767728346867184e-7
3399 2.7679686696945923e-7
3400 2.7683692138520923e-7
3401 2.766526708282865e-7
3402 2.7679526506174925e-7
3403 2.768337169586074e-7
3404 2.767343815674965e-7
3405 2.7698912767611377e-7
3406 2.770580219312802e-7
3407 2.772358636349993e-7
3408 2.771365282438884e-7
3409 2.7682891062429567e-7
3410 2.767600169803111e-7
3411 2.7674079103188204e-7
3412 2.7720862631447477e-7
3413 2.7718779784715387e-7
3414 2.771733788442185e-7
3415 2.773576294011412e-7
3416 2.772903376648666e-7
3417 2.7749381355903655e-7
3418 2.775306641593666e-7
3419 2.773079617055857e-7
3420 2.7724387500709484e-7
3421 2.7744094204806113e-7
3422 2.776075679530829e-7
3423 2.7789115390111665e-7
3424 2.7825965440378026e-7
3425 2.782035790773849e-7
3426 2.782308145643638e-7
3427 2.77524255306163e-7
3428 2.780754044580394e-7
3429 2.7820678228162297e-7
3430 2.782115892271167e-7
3431 2.7798728425444394e-7
3432 2.779968969230676e-7
3433 2.776444185534131e-7
3434 2.7814750191744396e-7
3435 2.775226527872712e-7
3436 2.7781104506961674e-7
3437 2.7763480588478954e-7
3438 2.783750107055367e-7
3439 2.7798568173555215e-7
3440 2.781202652081013e-7
3441 2.778975627543204e-7
3442 2.7813788802645664e-7
3443 2.7785590581967854e-7
3444 2.7773253753464484e-7
3445 2.777020963987003e-7
3446 2.780946297952867e-7
3447 2.784214745856722e-7
3448 2.7846633533573403e-7
3449 2.7829329935514486e-7
3450 2.781619215315613e-7
3451 2.782868911131231e-7
3452 2.7840064611835133e-7
3453 2.783766126132467e-7
3454 2.7818755572201216e-7
3455 2.783461714773022e-7
3456 2.7827727844449954e-7
3457 2.7833495628978676e-7
3458 2.786842314552032e-7
3459 2.788829010150613e-7
3460 2.799643702403113e-7
3461 2.799355316232586e-7
3462 2.800396733486813e-7
3463 2.8064850034584496e-7
3464 2.8071258765551773e-7
3465 2.81087497011385e-7
3466 2.831607139617614e-7
3467 2.845898546111722e-7
3468 2.85315640428984e-7
3469 2.854277923041385e-7
3470 2.8532204867100577e-7
3471 2.852932100539531e-7
3472 2.8622567680371857e-7
3473 2.859068439966104e-7
3474 2.8551911693433584e-7
3475 2.8559441943152405e-7
3476 2.85214703741345e-7
3477 2.860526420454932e-7
3478 2.860029749611196e-7
3479 2.8587640286066593e-7
3480 2.8681207342585133e-7
3481 2.868008582383359e-7
3482 2.8653009121907324e-7
3483 2.864531862029932e-7
3484 2.857610459477277e-7
3485 2.8603021167046226e-7
3486 2.8650605832515047e-7
3487 2.8649324122992505e-7
3488 2.86656662708345e-7
3489 2.867127386459222e-7
3490 2.865829627300486e-7
3491 2.867768253444131e-7
3492 2.8641152987953315e-7
3493 2.8616639705072137e-7
3494 2.8630258120861676e-7
3495 2.8630258120861676e-7
3496 2.8630258120861676e-7
3497 2.8738885676817853e-7
3498 2.8709245433610126e-7
3499 2.874897946781813e-7
3500 2.873343833494931e-7
3501 2.8760675349882945e-7
3502 2.8741128714320936e-7
3503 2.875282465750394e-7
3504 2.8773332498810124e-7
3505 2.883085076450823e-7
3506 2.8760354968340955e-7
3507 2.881050305285486e-7
3508 2.876323883004622e-7
3509 2.876323883004622e-7
3510 2.876323883004622e-7
3511 2.876323883004622e-7
3512 2.876323883004622e-7
3513 2.8816110585494396e-7
3514 2.8891412899328034e-7
3515 2.891816928083049e-7
3516 2.892714143084285e-7
3517 2.89120809925234e-7
3518 2.889397637949131e-7
3519 2.8884203153387586e-7
3520 2.888532467213913e-7
3521 2.8884203153387586e-7
3522 2.886898246317895e-7
3523 2.8889810747145315e-7
3524 2.888083853601477e-7
3525 2.8841104624043137e-7
3526 2.8841104624043137e-7
3527 2.8841104624043137e-7
3528 2.8841104624043137e-7
3529 2.8841104624043137e-7
3530 2.8841104624043137e-7
3531 2.8841104624043137e-7
3532 2.8841104624043137e-7
3533 2.8841104624043137e-7
3534 2.8841104624043137e-7
3535 2.899539425062523e-7
3536 2.899138880905023e-7
3537 2.8948610722365957e-7
3538 2.8961267871293136e-7
3539 2.892217478352368e-7
3540 2.892217478352368e-7
3541 2.892217478352368e-7
3542 2.892217478352368e-7
3543 2.89961952655984e-7
3544 2.900869228487277e-7
3545 2.902759797399622e-7
3546 2.9011736398467217e-7
3547 2.9017984938663497e-7
3548 2.9024233417741585e-7
3549 2.9007730956892217e-7
3550 2.902247101366967e-7
3551 2.898289729246904e-7
3552 2.9023752723192213e-7
3553 2.902823885931658e-7
3554 2.899267051857276e-7
3555 2.9004046019095585e-7
3556 2.9027758164767214e-7
3557 2.9012537535676765e-7
3558 2.900436640063758e-7
3559 2.90160622827024e-7
3560 2.905531562236104e-7
3561 2.90578791636425e-7
3562 2.903929385606104e-7
3563 2.903000120227031e-7
3564 2.9044741259047767e-7
3565 2.905403385172031e-7
3566 2.904778537264222e-7
3567 2.9078226753059497e-7
3568 2.908671826964068e-7
3569 2.906028239191659e-7
3570 2.9103701363921226e-7
3571 2.907950846258204e-7
3572 2.9141993436717504e-7
3573 2.935316032144096e-7
3574 2.935316032144096e-7
3575 2.935316032144096e-7
3576 2.935316032144096e-7
3577 2.935316032144096e-7
3578 2.935316032144096e-7
3579 2.935316032144096e-7
3580 2.935316032144096e-7
3581 2.935316032144096e-7
3582 2.9423816308379234e-7
3583 2.9515300640402057e-7
3584 2.952106842493078e-7
3585 2.946803641759342e-7
3586 2.944448434045641e-7
3587 2.947396439289314e-7
3588 2.9471080531187873e-7
3589 2.9471080531187873e-7
3590 2.9471080531187873e-7
3591 2.9471080531187873e-7
3592 2.9471080531187873e-7
3593 2.9471080531187873e-7
3594 2.955263126298141e-7
3595 2.955263126298141e-7
3596 2.955263126298141e-7
3597 2.955263126298141e-7
3598 2.955263126298141e-7
3599 2.955263126298141e-7
3600 2.955263126298141e-7
3601 2.9628574401017226e-7
3602 2.9634182055893137e-7
3603 2.9626331363514134e-7
3604 2.965388882110795e-7
3605 2.963145832384068e-7
3606 2.96030997901555e-7
3607 2.962953572899777e-7
3608 2.9566730434438503e-7
3609 2.9615436496422495e-7
3610 2.9620883960527413e-7
3611 2.96393089551015e-7
3612 2.965837489611414e-7
3613 2.968593229258977e-7
3614 2.9662540528460136e-7
3615 2.9662540528460136e-7
3616 2.9662540528460136e-7
3617 2.9662540528460136e-7
3618 2.9662540528460136e-7
3619 2.9662540528460136e-7
3620 2.9662540528460136e-7
3621 2.9662540528460136e-7
3622 2.9662540528460136e-7
3623 2.9662540528460136e-7
3624 2.968833552086386e-7
3625 2.966526419939441e-7
3626 2.967087185427032e-7
3627 2.967087185427032e-7
3628 2.967087185427032e-7
3629 2.972518563224841e-7
3630 2.9739925689025863e-7
3631 2.9775013335220316e-7
3632 2.977309067925922e-7
3633 2.9744732206692225e-7
3634 2.9733997591489765e-7
3635 2.9768284100474665e-7
3636 2.98052944637484e-7
3637 2.976844441348204e-7
3638 2.9817951551557395e-7
3639 2.98256420531654e-7
3640 2.9752422524945666e-7
3641 2.9758671065141946e-7
3642 2.9741848161632396e-7
3643 2.9741848161632396e-7
3644 2.980128896105522e-7
3645 2.980128896105522e-7
3646 2.980128896105522e-7
3647 2.980128896105522e-7
3648 2.982179674124321e-7
3649 2.9829166800191035e-7
3650 2.988716557708394e-7
3651 2.99220930325074e-7
3652 2.9901264809659225e-7
3653 2.991456278278858e-7
3654 2.9907673479508316e-7
3655 2.986729855997995e-7
3656 2.984134337680523e-7
3657 2.984134337680523e-7
3658 2.984134337680523e-7
3659 2.9901745381972223e-7
3660 2.9901745381972223e-7
3661 2.9901745381972223e-7
3662 2.9901745381972223e-7
3663 2.9997235094451856e-7
3664 2.9997235094451856e-7
3665 2.9997235094451856e-7
3666 3.0030720588463586e-7
3667 3.0103619612904946e-7
3668 3.008391284769013e-7
3669 3.0114033785447224e-7
3670 3.002607432268641e-7
3671 3.0066449119978403e-7
3672 3.003104097000558e-7
3673 3.009288505882068e-7
3674 3.0113553152016044e-7
3675 3.0129735109087044e-7
3676 3.008423329035032e-7
3677 3.0128132895786134e-7
3678 3.0053952161822227e-7
3679 3.005907912214877e-7
3680 3.004930589604505e-7
3681 3.0038250838182407e-7
3682 3.005827804605741e-7
3683 3.0013897746072227e-7
3684 3.0013897746072227e-7
3685 3.0013897746072227e-7
3686 3.0013897746072227e-7
3687 3.0013897746072227e-7
3688 3.0013897746072227e-7
3689 3.0013897746072227e-7
3690 3.0013897746072227e-7
3691 3.0013897746072227e-7
3692 3.0013897746072227e-7
3693 3.0013897746072227e-7
3694 3.0013897746072227e-7
3695 3.0013897746072227e-7
3696 3.0047703621625947e-7
3697 3.006164260231204e-7
3698 3.007141588953395e-7
3699 3.012556947674104e-7
3700 3.0126690995492584e-7
3701 3.014799991289013e-7
3702 3.0253262912591675e-7
3703 3.0246693990853405e-7
3704 3.02684836639185e-7
3705 3.0348111800869135e-7
3706 3.0477247320367873e-7
3707 3.0477247320367873e-7
3708 3.0477247320367873e-7
3709 3.0477247320367873e-7
3710 3.0477247320367873e-7
3711 3.0477247320367873e-7
3712 3.0477247320367873e-7
3713 3.0477247320367873e-7
3714 3.0477247320367873e-7
3715 3.0477247320367873e-7
3716 3.0477247320367873e-7
3717 3.0477247320367873e-7
3718 3.0477247320367873e-7
3719 3.0477247320367873e-7
3720 3.0569212285821876e-7
3721 3.0557997037188236e-7
3722 3.0539251599953967e-7
3723 3.0542616156208603e-7
3724 3.055975944126015e-7
3725 3.0611669929845966e-7
3726 3.0614393661898425e-7
3727 3.0601416070311064e-7
3728 3.0621122774407693e-7
3729 3.0558317479848423e-7
3730 3.0558317479848423e-7
3731 3.067255262956233e-7
3732 3.0727667544749973e-7
3733 3.0743529120278977e-7
3734 3.074176671620707e-7
3735 3.0753943292821255e-7
3736 3.0700270339045344e-7
3737 3.076019177189935e-7
3738 3.073792140428488e-7
3739 3.0752501270291343e-7
3740 3.075490449856543e-7
3741 3.077573278253179e-7
3742 3.0767561769728985e-7
3743 3.0778136133042256e-7
3744 3.073455684803025e-7
3745 3.07534625371537e-7
3746 3.075842936782744e-7
3747 3.0751059308879617e-7
3748 3.076003145889198e-7
3749 3.074881627137653e-7
3750 3.0734396657259256e-7
3751 3.0744009753710167e-7
3752 3.079704176104753e-7
3753 3.081803023578489e-7
3754 3.0827963774895983e-7
3755 3.084014029039198e-7
3756 3.0994910550405255e-7
3757 3.0994910550405255e-7
3758 3.0994910550405255e-7
3759 3.0994910550405255e-7
3760 3.0994910550405255e-7
3761 3.0994910550405255e-7
3762 3.0994910550405255e-7
3763 3.0994910550405255e-7
3764 3.0994910550405255e-7
3765 3.0994910550405255e-7
3766 3.0994910550405255e-7
3767 3.0994910550405255e-7
3768 3.0994910550405255e-7
3769 3.0994910550405255e-7
3770 3.0994910550405255e-7
3771 3.0994910550405255e-7
3772 3.0994910550405255e-7
3773 3.0994910550405255e-7
3774 3.0994910550405255e-7
3775 3.0994910550405255e-7
3776 3.0994910550405255e-7
3777 3.0994910550405255e-7
3778 3.0994910550405255e-7
3779 3.0994910550405255e-7
3780 3.0994910550405255e-7
3781 3.0994910550405255e-7
3782 3.116762523267962e-7
3783 3.116762523267962e-7
3784 3.1216491607670985e-7
3785 3.1220497049245985e-7
3786 3.123587799134381e-7
3787 3.1254302985917897e-7
3788 3.1239402738369444e-7
3789 3.130012524731481e-7
3790 3.1337295740241353e-7
3791 3.135155510246944e-7
3792 3.147796682879753e-7
3793 3.163433930211171e-7
3794 3.163433930211171e-7
3795 3.163433930211171e-7
3796 3.165949347031326e-7
3797 3.165949347031326e-7
3798 3.165949347031326e-7
3799 3.165949347031326e-7
3800 3.165949347031326e-7
3801 3.165949347031326e-7
3802 3.165949347031326e-7
3803 3.165949347031326e-7
3804 3.165949347031326e-7
3805 3.165949347031326e-7
3806 3.165949347031326e-7
3807 3.165949347031326e-7
3808 3.165949347031326e-7
3809 3.165949347031326e-7
3810 3.165949347031326e-7
3811 3.165949347031326e-7
3812 3.165949347031326e-7
3813 3.165949347031326e-7
3814 3.165949347031326e-7
3815 3.165949347031326e-7
3816 3.165949347031326e-7
3817 3.165949347031326e-7
3818 3.165949347031326e-7
3819 3.165949347031326e-7
3820 3.165949347031326e-7
3821 3.17466519181009e-7
3822 3.17466519181009e-7
3823 3.1801606581399353e-7
3824 3.1801606581399353e-7
3825 3.182403701754844e-7
3826 3.182403701754844e-7
3827 3.182403701754844e-7
3828 3.182403701754844e-7
3829 3.189485319525771e-7
3830 3.1943719570249074e-7
3831 3.1976564240058626e-7
3832 3.1974000698777165e-7
3833 3.19813706966068e-7
3834 3.1969674875660174e-7
3835 3.196679089171853e-7
3836 3.1961984435170355e-7
3837 3.1889886425702165e-7
3838 3.19571778563858e-7
3839 3.197287918002562e-7
3840 3.197287918002562e-7
3841 3.201469593872934e-7
3842 3.1990983793057713e-7
3843 3.199514942540371e-7
3844 3.198858044254725e-7
3845 3.198858044254725e-7
3846 3.198858044254725e-7
3847 3.202286707376853e-7
3848 3.2059877314805887e-7
3849 3.2078462622387345e-7
3850 3.208198736941298e-7
3851 3.209384344224879e-7
3852 3.212508589875743e-7
3853 3.218068144737625e-7
3854 3.218436644629107e-7
3855 3.2183084736768527e-7
3856 3.2274408755783975e-7
3857 3.243446628913117e-7
3858 3.243446628913117e-7
3859 3.243446628913117e-7
3860 3.243446628913117e-7
3861 3.243446628913117e-7
3862 3.243446628913117e-7
3863 3.243446628913117e-7
3864 3.243446628913117e-7
3865 3.243446628913117e-7
3866 3.2475001399430534e-7
3867 3.249903404888053e-7
3868 3.247596272741108e-7
3869 3.247580253664008e-7
3870 3.247580253664008e-7
3871 3.247580253664008e-7
3872 3.247580253664008e-7
3873 3.247580253664008e-7
3874 3.2497912591247174e-7
3875 3.2497912591247174e-7
3876 3.253668529747463e-7
3877 3.253668529747463e-7
3878 3.261567261022309e-7
3879 3.2629291148249e-7
3880 3.262208134119036e-7
3881 3.262208134119036e-7
3882 3.2697383716142184e-7
3883 3.268168233138418e-7
3884 3.2654765759110723e-7
3885 3.2713405421323994e-7
3886 3.2708759155546816e-7
3887 3.270859890365763e-7
3888 3.2723659403095274e-7
3889 3.272269807511473e-7
3890 3.269818479223355e-7
3891 3.270267086723973e-7
3892 3.270651605692555e-7
3893 3.2733272438428004e-7
3894 3.2716289405265643e-7
3895 3.270587523272337e-7
3896 3.271741092401719e-7
3897 3.275570287457709e-7
3898 3.2866413277265365e-7
3899 3.3078701802976743e-7
3900 3.3078701802976743e-7
3901 3.3078701802976743e-7
3902 3.3078701802976743e-7
3903 3.3078701802976743e-7
3904 3.3078701802976743e-7
3905 3.3078701802976743e-7
3906 3.3078701802976743e-7
3907 3.3078701802976743e-7
3908 3.3078701802976743e-7
3909 3.3078701802976743e-7
3910 3.3078701802976743e-7
3911 3.3078701802976743e-7
3912 3.3078701802976743e-7
3913 3.314471152413784e-7
3914 3.315592677277148e-7
3915 3.316105373309802e-7
3916 3.320094789695884e-7
3917 3.3226422568938753e-7
3918 3.325590262137548e-7
3919 3.326231129122457e-7
3920 3.327288565453784e-7
3921 3.323635604693166e-7
3922 3.323010750673538e-7
3923 3.3198224226024565e-7
3924 3.32377979472252e-7
3925 3.322786446923229e-7
3926 3.3234914085519934e-7
3927 3.32257816225002e-7
3928 3.324500775428384e-7
3929 3.324100231270884e-7
3930 3.3228985987983836e-7
3931 3.3238599084434747e-7
3932 3.3207516879815294e-7
3933 3.3223378394226107e-7
3934 3.322033428063165e-7
3935 3.3211522260272103e-7
3936 3.318011961299247e-7
3937 3.3243245411330106e-7
3938 3.3234593581741555e-7
3939 3.3222096684703565e-7
3940 3.3228345102663467e-7
3941 3.323795819911438e-7
3942 3.32253010501872e-7
3943 3.323811845100356e-7
3944 3.3238919465976737e-7
3945 3.323683661924464e-7
3946 3.327817286675356e-7
3947 3.324596908226438e-7
3948 3.3218091243128565e-7
3949 3.3253980026532566e-7
3950 3.3264714580616834e-7
3951 3.3308614247170837e-7
3952 3.3318067091732564e-7
3953 3.3316304687660656e-7
3954 3.3329602783026385e-7
3955 3.336885606156683e-7
3956 3.33533149898162e-7
3957 3.332303386128811e-7
3958 3.331582405422947e-7
3959 3.3290029061825746e-7
3960 3.332463601347083e-7
3961 3.3334890056360295e-7
3962 3.333649220854302e-7
3963 3.336933687835257e-7
3964 3.334786777018403e-7
3965 3.336965732101275e-7
3966 3.336661326853649e-7
3967 3.3370298206333117e-7
3968 3.336469061257539e-7
3969 3.335603878298684e-7
3970 3.338888351391458e-7
3971 3.3414518315547306e-7
3972 3.3394491107672304e-7
3973 3.342893792966458e-7
3974 3.3446561848147305e-7
3975 3.3465147094610577e-7
3976 3.3465627728041756e-7
3977 3.3430700333736487e-7
3978 3.343983273563803e-7
3979 3.344704254269667e-7
3980 3.3486936767675673e-7
3981 3.353259871606521e-7
3982 3.3553427000031575e-7
3983 3.3551504466306856e-7
3984 3.352330612339267e-7
3985 3.35567916174044e-7
3986 3.355727225083558e-7
3987 3.355150440518867e-7
3988 3.355150440518867e-7
3989 3.356304009648249e-7
3990 3.3589956668755946e-7
3991 3.358707274593249e-7
3992 3.3643789752184663e-7
3993 3.3715246937450676e-7
3994 3.3732390161384035e-7
3995 3.376459388475503e-7
3996 3.373415256545595e-7
3997 3.3744406486109037e-7
3998 3.37532184453504e-7
3999 3.372165554618158e-7
4000 3.3737196679050403e-7
4001 3.373479345077632e-7
4002 3.37772510948004e-7
4003 3.386537074833221e-7
4004 3.3865531000221396e-7
4005 3.3857039483640215e-7
4006 3.3809454940407767e-7
4007 3.3828841201844213e-7
4008 3.3806570895347937e-7
4009 3.379839982142694e-7
4010 3.3830443354026937e-7
4011 3.387610536353466e-7
4012 3.38530341031834e-7
4013 3.387690662298059e-7
4014 3.387834852327413e-7
4015 3.387081827355531e-7
4016 3.383829410752413e-7
4017 3.3858161063509945e-7
4018 3.3924651356984033e-7
4019 3.39373085670294e-7
4020 3.398921905561521e-7
4021 3.3970954312930307e-7
4022 3.3987777094203485e-7
4023 3.397576083059667e-7
4024 3.4004599997713035e-7
4025 3.405154377786149e-7
4026 3.410986305853277e-7
4027 3.407637756452104e-7
4028 3.414350874331549e-7
4029 3.4185806318804955e-7
4030 3.4246368575861127e-7
4031 3.4202308657417935e-7
4032 3.422698225330649e-7
4033 3.4181320243798764e-7
4034 3.4194778468817305e-7
4035 3.4182281571779316e-7
4036 3.418772897476604e-7
4037 3.419846352885031e-7
4038 3.419141391256267e-7
4039 3.427264426281421e-7
4040 3.428033476442222e-7
4041 3.4297638240244756e-7
4042 3.4245407186762384e-7
4043 3.4271843247841037e-7
4044 3.434634442446512e-7
4045 3.436813403641203e-7
4046 3.434490246305339e-7
4047 3.4371498531548476e-7
4048 3.4371498531548476e-7
4049 3.4371498531548476e-7
4050 3.442437034811484e-7
4051 3.442388971468366e-7
4052 3.447403792143394e-7
4053 3.450784379698766e-7
4054 3.445993868885866e-7
4055 3.4434624268767927e-7
4056 3.442789515625866e-7
4057 3.442789515625866e-7
4058 3.442789515625866e-7
4059 3.442789515625866e-7
4060 3.442789515625866e-7
4061 3.442789515625866e-7
4062 3.442789515625866e-7
4063 3.442789515625866e-7
4064 3.442789515625866e-7
4065 3.4471794761694476e-7
4066 3.4471794761694476e-7
4067 3.4471794761694476e-7
4068 3.4518898793732117e-7
4069 3.4525307524699394e-7
4070 3.4541169039110207e-7
4071 3.458955478067039e-7
4072 3.458955478067039e-7
4073 3.458955478067039e-7
4074 3.458955478067039e-7
4075 3.458955478067039e-7
4076 3.4615509963845106e-7
4077 3.4657487035556203e-7
4078 3.4657487035556203e-7
4079 3.4657487035556203e-7
4080 3.4657487035556203e-7
4081 3.4657487035556203e-7
4082 3.4657487035556203e-7
4083 3.4657487035556203e-7
4084 3.4657487035556203e-7
4085 3.4657487035556203e-7
4086 3.476835769013366e-7
4087 3.4764832820871653e-7
4088 3.4884034801259293e-7
4089 3.4917680486042015e-7
4090 3.4923928965120103e-7
4091 3.4934182946891383e-7
4092 3.492905598656484e-7
4093 3.494011098330929e-7
4094 3.5173067541097843e-7
4095 3.5173067541097843e-7
4096 3.5173067541097843e-7
4097 3.5173067541097843e-7
4098 3.5173067541097843e-7
4099 3.5173067541097843e-7
4100 3.525686137151266e-7
4101 3.528986623209321e-7
4102 3.5269198138897844e-7
4103 3.5304285846210484e-7
4104 3.527160142829012e-7
4105 3.527160142829012e-7
4106 3.527160142829012e-7
4107 3.527160142829012e-7
4108 3.527160142829012e-7
4109 3.527160142829012e-7
4110 3.527160142829012e-7
4111 3.527160142829012e-7
4112 3.527160142829012e-7
4113 3.527160142829012e-7
4114 3.527160142829012e-7
4115 3.527160142829012e-7
4116 3.527160142829012e-7
4117 3.527160142829012e-7
4118 3.527160142829012e-7
4119 3.527160142829012e-7
4120 3.527160142829012e-7
4121 3.527160142829012e-7
4122 3.533232393723549e-7
4123 3.5367892277979307e-7
4124 3.536580943124721e-7
4125 3.5363886836404307e-7
4126 3.536869335407067e-7
4127 3.5359400761398126e-7
4128 3.537029550625339e-7
4129 3.5374140757057395e-7
4130 3.535571570136512e-7
4131 3.532190976469321e-7
4132 3.531165584404012e-7
4133 3.5316302170935486e-7
4134 3.5353152221201847e-7
4135 3.539288625540985e-7
4136 3.53739805662864e-7
4137 3.5410990807323756e-7
4138 3.5461299204845036e-7
4139 3.5511287037469756e-7
4140 3.5640903190399674e-7
4141 3.5640903190399674e-7
4142 3.570226652354722e-7
4143 3.5726459363768213e-7
4144 3.5693935136618843e-7
4145 3.5690250198822216e-7
4146 3.5682559758332397e-7
4147 3.5711719306990753e-7
4148 3.571989044202994e-7
4149 3.5710277406697213e-7
4150 3.5722133479533025e-7
4151 3.5736713284421296e-7
4152 3.5685443620037657e-7
4153 3.5667339007005565e-7
4154 3.5689609252383655e-7
4155 3.568880823741048e-7
4156 3.5680637102371295e-7
4157 3.568159843035184e-7
4158 3.571588500045493e-7
4159 3.5692172793665116e-7
4160 3.5684962986606477e-7
4161 3.5669261662966657e-7
4162 3.5642985976013567e-7
4163 3.562728459125556e-7
4164 3.5636737496935473e-7
4165 3.562071573063547e-7
4166 3.562071573063547e-7
4167 3.562071573063547e-7
4168 3.569457602193919e-7
4169 3.571956993825155e-7
4170 3.572597873033701e-7
4171 3.574119935942746e-7
4172 3.5717807595297827e-7
4173 3.5705310637141646e-7
4174 3.5708034308075913e-7
4175 3.5708034308075913e-7
4176 3.5708034308075913e-7
4177 3.573767455128364e-7
4178 3.573158626297655e-7
4179 3.5753536126812644e-7
4180 3.5750491952100003e-7
4181 3.57802925083151e-7
4182 3.577148048795555e-7
4183 3.577148048795555e-7
4184 3.577148048795555e-7
4185 3.577148048795555e-7
4186 3.577148048795555e-7
4187 3.577148048795555e-7
4188 3.577148048795555e-7
4189 3.577148048795555e-7
4190 3.577148048795555e-7
4191 3.577148048795555e-7
4192 3.577148048795555e-7
4193 3.577148048795555e-7
4194 3.577148048795555e-7
4195 3.577148048795555e-7
4196 3.577148048795555e-7
4197 3.577148048795555e-7
4198 3.577148048795555e-7
4199 3.577148048795555e-7
4200 3.577148048795555e-7
4201 3.5853191532756467e-7
4202 3.5853191532756467e-7
4203 3.5946598459622196e-7
4204 3.5946598459622196e-7
4205 3.5946598459622196e-7
4206 3.5946598459622196e-7
4207 3.5946598459622196e-7
4208 3.5946598459622196e-7
4209 3.5946598459622196e-7
4210 3.5946598459622196e-7
4211 3.5946598459622196e-7
4212 3.5946598459622196e-7
4213 3.5946598459622196e-7
4214 3.5946598459622196e-7
4215 3.5946598459622196e-7
4216 3.5946598459622196e-7
4217 3.5946598459622196e-7
4218 3.5946598459622196e-7
4219 3.5946598459622196e-7
4220 3.5946598459622196e-7
4221 3.5946598459622196e-7
4222 3.5946598459622196e-7
4223 3.5946598459622196e-7
4224 3.5946598459622196e-7
4225 3.5946598459622196e-7
4226 3.5946598459622196e-7
4227 3.5946598459622196e-7
4228 3.5946598459622196e-7
4229 3.5946598459622196e-7
4230 3.6000912298718476e-7
4231 3.6054104496826835e-7
4232 3.606211544109502e-7
4233 3.6078137146276833e-7
4234 3.607557372723175e-7
4235 3.606179499843484e-7
4236 3.6068684301715106e-7
4237 3.607877809271539e-7
4238 3.607252955251911e-7
4239 3.6075894108773745e-7
4240 3.601164685280275e-7
4241 3.601164685280275e-7
4242 3.601164685280275e-7
4243 3.601164685280275e-7
4244 3.609431922558421e-7
4245 3.6094479477473395e-7
4246 3.607893834460457e-7
4247 3.607893834460457e-7
4248 3.607893834460457e-7
4249 3.607893834460457e-7
4250 3.607893834460457e-7
4251 3.607893834460457e-7
4252 3.607893834460457e-7
4253 3.607893834460457e-7
4254 3.607893834460457e-7
4255 3.607893834460457e-7
4256 3.607893834460457e-7
4257 3.6137578006817844e-7
4258 3.6130208008988207e-7
4259 3.6130208008988207e-7
4260 3.6130208008988207e-7
4261 3.6130208008988207e-7
4262 3.6130208008988207e-7
4263 3.620919532173666e-7
4264 3.620919532173666e-7
4265 3.620919532173666e-7
4266 3.620919532173666e-7
4267 3.620919532173666e-7
4268 3.620919532173666e-7
4269 3.620919532173666e-7
4270 3.620919532173666e-7
4271 3.620919532173666e-7
4272 3.620919532173666e-7
4273 3.620919532173666e-7
4274 3.6234029108396214e-7
4275 3.6227780629318126e-7
4276 3.6227780629318126e-7
4277 3.6227780629318126e-7
4278 3.6227780629318126e-7
4279 3.6227780629318126e-7
4280 3.6227780629318126e-7
4281 3.6227780629318126e-7
4282 3.6227780629318126e-7
4283 3.6227780629318126e-7
4284 3.6227780629318126e-7
4285 3.6227780629318126e-7
4286 3.626142637521904e-7
4287 3.626142637521904e-7
4288 3.6356435515385684e-7
4289 3.6278890164048954e-7
4290 3.6278890164048954e-7
4291 3.6278890164048954e-7
4292 3.634233640504678e-7
4293 3.6300679775995864e-7
4294 3.6365728169176413e-7
4295 3.6388959620298676e-7
4296 3.6413472903179854e-7
4297 3.6428052769186316e-7
4298 3.6400655502363496e-7
4299 3.641507511648077e-7
4300 3.6431897958872133e-7
4301 3.643670453765668e-7
4302 3.641779884853323e-7
4303 3.6384473545292496e-7
4304 3.6391362909690953e-7
4305 3.639873290752059e-7
4306 3.643510232435577e-7
4307 3.653139317404495e-7
4308 3.654212778924741e-7
4309 3.667302565169987e-7
4310 3.6720770569057877e-7
4311 3.6720770569057877e-7
4312 3.6720770569057877e-7
4313 3.6720770569057877e-7
4314 3.6720770569057877e-7
4315 3.6720770569057877e-7
4316 3.6720770569057877e-7
4317 3.6720770569057877e-7
4318 3.6720770569057877e-7
4319 3.6720770569057877e-7
4320 3.6720770569057877e-7
4321 3.675153233101715e-7
4322 3.683548641332115e-7
4323 3.6845099448653874e-7
4324 3.684782311958814e-7
4325 3.6866728808711595e-7
4326 3.685278988914369e-7
4327 3.680584610899523e-7
4328 3.6820906608432873e-7
4329 3.6793669532381045e-7
4330 3.6861922291045233e-7
4331 3.6834685276111596e-7
4332 3.6813216167943054e-7
4333 3.6833723948131045e-7
4334 3.6816580724197686e-7
4335 3.6812094649191505e-7
4336 3.680408370492332e-7
4337 3.6807288070406957e-7
4338 3.6836928313614684e-7
4339 3.683708850438568e-7
4340 3.682731527828196e-7
4341 3.6821707684524235e-7
4342 3.6807608513067144e-7
4343 3.6828917491582874e-7
4344 3.6772520805754504e-7
4345 3.674784733210233e-7
4346 3.679270826551869e-7
4347 3.677380257639524e-7
4348 3.677380257639524e-7
4349 3.6790945800328597e-7
4350 3.680424383457614e-7
4351 3.680504497178569e-7
4352 3.692857283640851e-7
4353 3.695741206464306e-7
4354 3.6922324296212236e-7
4355 3.693962789427115e-7
4356 3.6922484609219607e-7
4357 3.692344581496378e-7
4358 3.691142955135697e-7
4359 3.692152328123906e-7
4360 3.6847182234267783e-7
4361 3.6894286266305424e-7
4362 3.6829718506556055e-7
4363 3.6829718506556055e-7
4364 3.686384488588815e-7
4365 3.6898291707880425e-7
4366 3.6890761458161603e-7
4367 3.6900374554612514e-7
4368 3.686769013669215e-7
4369 3.6929694294041873e-7
4370 3.691463385572242e-7
4371 3.6871375074488784e-7
4372 3.6871375074488784e-7
4373 3.692937385138169e-7
4374 3.690774443020578e-7
4375 3.690774443020578e-7
4376 3.690774443020578e-7
4377 3.690774443020578e-7
4378 3.690774443020578e-7
4379 3.690774443020578e-7
4380 3.690774443020578e-7
4381 3.690774443020578e-7
4382 3.690774443020578e-7
4383 3.690774443020578e-7
4384 3.690774443020578e-7
4385 3.690774443020578e-7
4386 3.6994422183444053e-7
4387 3.6994422183444053e-7
4388 3.6994422183444053e-7
4389 3.707613310600859e-7
4390 3.703239375246196e-7
4391 3.708414405027678e-7
4392 3.706363614785241e-7
4393 3.7029830211180497e-7
4394 3.7047614381552407e-7
4395 3.7053862860630495e-7
4396 3.7053862860630495e-7
4397 3.7053862860630495e-7
4398 3.708254177585767e-7
4399 3.708254177585767e-7
4400 3.708254177585767e-7
4401 3.708254177585767e-7
4402 3.708254177585767e-7
4403 3.7118751063040046e-7
4404 3.7118751063040046e-7
4405 3.7118751063040046e-7
4406 3.7118751063040046e-7
4407 3.7118751063040046e-7
4408 3.7118751063040046e-7
4409 3.7118751063040046e-7
4410 3.7152236557051775e-7
4411 3.7181075724168136e-7
4412 3.715608180785578e-7
4413 3.7149032191568137e-7
4414 3.7149032191568137e-7
4415 3.7149032191568137e-7
4416 3.718267787635086e-7
4417 3.7228179756205777e-7
4418 3.723875418063724e-7
4419 3.727416220837369e-7
4420 3.728073113011196e-7
4421 3.728874201326196e-7
4422 3.7279609611360414e-7
4423 3.7261184616786327e-7
4424 3.720238470268387e-7
4425 3.720238470268387e-7
4426 3.720238470268387e-7
4427 3.720238470268387e-7
4428 3.720238470268387e-7
4429 3.720238470268387e-7
4430 3.720238470268387e-7
4431 3.720238470268387e-7
4432 3.7288101127941595e-7
4433 3.7259101708936045e-7
4434 3.7259101708936045e-7
4435 3.7287940937170597e-7
4436 3.729499055345824e-7
4437 3.7294830301569054e-7
4438 3.7315178013222425e-7
4439 3.731149295318942e-7
4440 3.7294830301569054e-7
4441 3.7306045550202694e-7
4442 3.732270820182306e-7
4443 3.7354591482533875e-7
4444 3.735651413849497e-7
4445 3.7339531044214424e-7
4446 3.7339851486874606e-7
4447 3.7393844822192513e-7
4448 3.7364845464305155e-7
4449 3.735939806131843e-7
4450 3.738775659500361e-7
4451 3.7365646540396517e-7
4452 3.7384391977630786e-7
4453 3.739656855424497e-7
4454 3.73819887493567e-7
4455 3.7374618690408877e-7
4456 3.737285628633697e-7
4457 3.7424606645269975e-7
4458 3.763080676043788e-7
4459 3.763080676043788e-7
4460 3.763080676043788e-7
4461 3.763080676043788e-7
4462 3.763080676043788e-7
4463 3.763080676043788e-7
4464 3.763080676043788e-7
4465 3.763080676043788e-7
4466 3.763080676043788e-7
4467 3.763080676043788e-7
4468 3.76662149104107e-7
4469 3.76662149104107e-7
4470 3.76662149104107e-7
4471 3.76662149104107e-7
4472 3.76662149104107e-7
4473 3.76662149104107e-7
4474 3.76662149104107e-7
4475 3.773190412779343e-7
4476 3.7741356972355155e-7
4477 3.7725815839486333e-7
4478 3.77703563913607e-7
4479 3.7802239672071514e-7
4480 3.778365442560824e-7
4481 3.7766671331327694e-7
4482 3.7776604870438787e-7
4483 3.776186487477952e-7
4484 3.7779809235922426e-7
4485 3.7768593987288786e-7
4486 3.7835404723423056e-7
4487 3.779519011690206e-7
4488 3.7775323099798054e-7
4489 3.788395077799061e-7
4490 3.7948358285850795e-7
4491 3.79502808806937e-7
4492 3.7974633972803885e-7
4493 3.81428624578357e-7
4494 3.81428624578357e-7
4495 3.81428624578357e-7
4496 3.81428624578357e-7
4497 3.81428624578357e-7
4498 3.81428624578357e-7
4499 3.81428624578357e-7
4500 3.81428624578357e-7
4501 3.81428624578357e-7
4502 3.81428624578357e-7
4503 3.81428624578357e-7
4504 3.81428624578357e-7
4505 3.81428624578357e-7
4506 3.81428624578357e-7
4507 3.81428624578357e-7
4508 3.81428624578357e-7
4509 3.81428624578357e-7
4510 3.81428624578357e-7
4511 3.81428624578357e-7
4512 3.81428624578357e-7
4513 3.8260141843380433e-7
4514 3.826430753684462e-7
4515 3.827760557109216e-7
4516 3.828513575969279e-7
4517 3.827392057217734e-7
4518 3.828337341673907e-7
4519 3.835338851835698e-7
4520 3.832631169419434e-7
4521 3.8353068075696796e-7
4522 3.838543211207517e-7
4523 3.8356112250409437e-7
4524 3.835467022787952e-7
4525 3.8368929651225795e-7
4526 3.8368929651225795e-7
4527 3.8352427190376427e-7
4528 3.833720656128598e-7
4529 3.8337847385488156e-7
4530 3.8341051750971794e-7
4531 3.832326764171807e-7
4532 3.826462791838661e-7
4533 3.836155965339616e-7
4534 3.832999675422734e-7
4535 3.837325553546098e-7
4536 3.837325553546098e-7
4537 3.837325553546098e-7
4538 3.837325553546098e-7
4539 3.8418757354197703e-7
4540 3.8418757354197703e-7
4541 3.846922594248998e-7
4542 3.8470667903901707e-7
4543 3.8469866827810345e-7
4544 3.84487181011838e-7
4545 3.84487181011838e-7
4546 3.84487181011838e-7
4547 3.84487181011838e-7
4548 3.84487181011838e-7
4549 3.84487181011838e-7
4550 3.84487181011838e-7
4551 3.84487181011838e-7
4552 3.84487181011838e-7
4553 3.84487181011838e-7
4554 3.84487181011838e-7
4555 3.84487181011838e-7
4556 3.84487181011838e-7
4557 3.84487181011838e-7
4558 3.84487181011838e-7
4559 3.853811958647453e-7
4560 3.853811958647453e-7
4561 3.853811958647453e-7
4562 3.853811958647453e-7
4563 3.853811958647453e-7
4564 3.856295337313408e-7
4565 3.855894793155908e-7
4566 3.8561190969062166e-7
4567 3.8548694072024176e-7
4568 3.859627867637481e-7
4569 3.8571124508173264e-7
4570 3.857977621552544e-7
4571 3.8590190388067715e-7
4572 3.861358215219735e-7
4573 3.858794735056462e-7
4574 3.8598361523106895e-7
4575 3.8607654176897624e-7
4576 3.860925626796216e-7
4577 3.859323456278035e-7
4578 3.8551738124500434e-7
4579 3.855141768184025e-7
4580 3.8566317929388705e-7
4581 3.860685303968807e-7
4582 3.862479740083098e-7
4583 3.8663570107058436e-7
4584 3.8643542899183434e-7
4585 3.862736088099425e-7
4586 3.870106098152697e-7
4587 3.870106098152697e-7
4588 3.870106098152697e-7
4589 3.870106098152697e-7
4590 3.870106098152697e-7
4591 3.870106098152697e-7
4592 3.870106098152697e-7
4593 3.870106098152697e-7
4594 3.870106098152697e-7
4595 3.870106098152697e-7
4596 3.870106098152697e-7
4597 3.874816501356461e-7
4598 3.876723089345906e-7
4599 3.8777805256772333e-7
4600 3.875617583559642e-7
4601 3.8808406827960606e-7
4602 3.881625745922142e-7
4603 3.882218555675752e-7
4604 3.880584340891553e-7
4605 3.8797512083105345e-7
4606 3.880103683013098e-7
4607 3.880263904343189e-7
4608 3.8836925613534975e-7
4609 3.885535066922725e-7
4610 3.8833721248051337e-7
4611 3.883516320946306e-7
4612 3.884012991790042e-7
4613 3.88265114409927e-7
4614 3.8815616635019245e-7
4615 3.8859356049684063e-7
4616 3.8851185036881256e-7
4617 3.8820583404574797e-7
4618 3.8820583404574797e-7
4619 3.8820583404574797e-7
4620 3.8820583404574797e-7
4621 3.8820583404574797e-7
4622 3.8820583404574797e-7
4623 3.8950840381706887e-7
4624 3.8913509636891154e-7
4625 3.8913509636891154e-7
4626 3.8913509636891154e-7
4627 3.89304927311717e-7
4628 3.89304927311717e-7
4629 3.900403264093343e-7
4630 3.901685010286798e-7
4631 3.900547460234516e-7
4632 3.902854592381461e-7
4633 3.9065556225970155e-7
4634 3.9123394812092064e-7
4635 3.914214031044452e-7
4636 3.9068920782224786e-7
4637 3.9095837415616427e-7
4638 3.9090710394171696e-7
4639 3.9076931726492973e-7
4640 3.9133808984634337e-7
4641 3.90985610865507e-7
4642 3.9124997025392974e-7
4643 3.9185078649017976e-7
4644 3.9177227956638973e-7
4645 3.917738814740997e-7
4646 3.9357633140521345e-7
4647 3.9357633140521345e-7
4648 3.9357633140521345e-7
4649 3.9357633140521345e-7
4650 3.9357633140521345e-7
4651 3.9357633140521345e-7
4652 3.9357633140521345e-7
4653 3.9357633140521345e-7
4654 3.9357633140521345e-7
4655 3.9357633140521345e-7
4656 3.9452321776909616e-7
4657 3.9452321776909616e-7
4658 3.9452321776909616e-7
4659 3.9452321776909616e-7
4660 3.953291130295898e-7
4661 3.9528264976063617e-7
4662 3.9468824237758984e-7
4663 3.952409928259943e-7
4664 3.952409928259943e-7
4665 3.952409928259943e-7
4666 3.952409928259943e-7
4667 3.952409928259943e-7
4668 3.952409928259943e-7
4669 3.952409928259943e-7
4670 3.952409928259943e-7
4671 3.952409928259943e-7
4672 3.9555341677989883e-7
4673 3.9555341677989883e-7
4674 3.9555341677989883e-7
4675 3.9555341677989883e-7
4676 3.966140575378279e-7
4677 3.9634969876058703e-7
4678 3.956511496521179e-7
4679 3.955854598235533e-7
4680 3.955854598235533e-7
4681 3.955854598235533e-7
4682 3.958690451604051e-7
4683 3.9619108300529693e-7
4684 3.9618787796751325e-7
4685 3.960869412798742e-7
4686 3.962888158775161e-7
4687 3.9594755147301327e-7
4688 3.9577451671478784e-7
4689 3.960180476358897e-7
4690 3.960180476358897e-7
4691 3.9657079808429417e-7
4692 3.9640737660587425e-7
4693 3.9640737660587425e-7
4694 3.9640737660587425e-7
4695 3.9737188639929417e-7
4696 3.981489424315533e-7
4697 3.984837973716706e-7
4698 3.9843412967611514e-7
4699 3.982258468364515e-7
4700 3.982082227957324e-7
4701 3.98156953192467e-7
4702 3.9779325902411517e-7
4703 3.9807684436096697e-7
4704 3.9801596147789607e-7
4705 3.977580115538588e-7
4706 3.977580115538588e-7
4707 3.977580115538588e-7
4708 3.977580115538588e-7
4709 3.977580115538588e-7
4710 3.977580115538588e-7
4711 3.977580115538588e-7
4712 3.977580115538588e-7
4713 3.977580115538588e-7
4714 3.977580115538588e-7
4715 3.977580115538588e-7
4716 3.977580115538588e-7
4717 3.977580115538588e-7
4718 3.977580115538588e-7
4719 3.98456560051146e-7
4720 3.988138453662942e-7
4721 3.982434708771706e-7
4722 3.982434708771706e-7
4723 3.98496614466896e-7
4724 3.98496614466896e-7
4725 3.98496614466896e-7
4726 3.98496614466896e-7
4727 3.98496614466896e-7
4728 3.98496614466896e-7
4729 3.98496614466896e-7
4730 3.993874248932015e-7
4731 3.999033259636397e-7
4732 4.0072203831935883e-7
4733 4.0043524855590515e-7
4734 4.011770565067261e-7
4735 4.025004553565498e-7
4736 4.030836463297169e-7
4737 4.039568327153033e-7
4738 4.0390716501974784e-7
4739 4.0452240025893326e-7
4740 4.045111850714178e-7
4741 4.0490371907918606e-7
4742 4.042628484271861e-7
4743 4.04466324321356e-7
4744 4.039600365307233e-7
4745 4.040193175060843e-7
4746 4.042948914708406e-7
4747 4.046201337423343e-7
4748 4.0524017531583153e-7
4749 4.0523056203602607e-7
4750 4.061918674028442e-7
4751 4.063328603397789e-7
4752 4.0620789014703524e-7
4753 4.057753023346989e-7
4754 4.0568077327789977e-7
4755 4.0599159593527616e-7
4756 4.062879989785353e-7
4757 4.064658406822544e-7
4758 4.0715317399202615e-7
4759 4.080984584481989e-7
4760 4.1003388749942433e-7
4761 4.106715543360044e-7
4762 4.1081094353168347e-7
4763 4.1123872500970806e-7
4764 4.111490028984026e-7
4765 4.112499401972235e-7
4766 4.113652964989798e-7
4767 4.107452543143007e-7
4768 4.109166871648162e-7
4769 4.1099198905082247e-7
4770 4.10759673928418e-7
4771 4.1055459551535615e-7
4772 4.101828899749088e-7
4773 4.1074525431430067e-7
4774 4.1067796257802607e-7
4775 4.1067796257802607e-7
4776 4.1121629402349516e-7
4777 4.113332534553252e-7
4778 4.1109933520284697e-7
4779 4.1109933520284697e-7
4780 4.1109933520284697e-7
4781 4.1109933520284697e-7
4782 4.1182992735497055e-7
4783 4.12384279711085e-7
4784 4.130187421210632e-7
4785 4.131933793981805e-7
4786 4.1327509074857234e-7
4787 4.1308282881955407e-7
4788 4.136003324088841e-7
4789 4.1359712737110044e-7
4790 4.138374538656004e-7
4791 4.1411623347932234e-7
4792 4.1384706714540593e-7
4793 4.136836450558041e-7
4794 4.1380541082194595e-7
4795 4.138310450123968e-7
4796 4.136692254416868e-7
4797 4.1436937584668395e-7
4798 4.1448953970511583e-7
4799 4.1438699988740303e-7
4800 4.137749690748195e-7
4801 4.135554710476404e-7
4802 4.136900539090077e-7
4803 4.1347536160495853e-7
4804 4.135090071675049e-7
4805 4.1358270714580126e-7
4806 4.1391115445507865e-7
4807 4.1396883230036587e-7
4808 4.137301077135758e-7
4809 4.135346425803195e-7
4810 4.1339525338464044e-7
4811 4.132013895479122e-7
4812 4.13525029300514e-7
4813 4.1340326353437214e-7
4814 4.1340326353437214e-7
4815 4.1340326353437214e-7
4816 4.1340326353437214e-7
4817 4.14045736705264e-7
4818 4.148740623407886e-7
4819 4.143661726424459e-7
4820 4.145904770039368e-7
4821 4.1469782254477947e-7
4822 4.144318618598286e-7
4823 4.1422037459356315e-7
4824 4.143886030174768e-7
4825 4.146369396617085e-7
4826 4.1442705430315303e-7
4827 4.1430689166708493e-7
4828 4.144318618598286e-7
4829 4.1439661316720854e-7
4830 4.1431169800139673e-7
4831 4.147090377322949e-7
4832 4.1443987262074223e-7
4833 4.1426042778694937e-7
4834 4.146241225664831e-7
4835 4.1458246563184125e-7
4836 4.1448313146309405e-7
4837 4.147042313979831e-7
4838 4.147378769605295e-7
4839 4.142107613137577e-7
4840 4.1470262887909127e-7
4841 4.149814078816313e-7
4842 4.150166553518876e-7
4843 4.1526979955279493e-7
4844 4.153515109031868e-7
4845 4.1643938898164045e-7
4846 4.1755770880722053e-7
4847 4.1755770880722053e-7
4848 4.1755770880722053e-7
4849 4.1755770880722053e-7
4850 4.1755770880722053e-7
4851 4.1755770880722053e-7
4852 4.1755770880722053e-7
4853 4.1755770880722053e-7
4854 4.1755770880722053e-7
4855 4.1815692252457866e-7
4856 4.1815211619026686e-7
4857 4.185462514945632e-7
4858 4.1825946173110954e-7
4859 4.180223396632114e-7
4860 4.180223396632114e-7
4861 4.180223396632114e-7
4862 4.180223396632114e-7
4863 4.180223396632114e-7
4864 4.1857989766829145e-7
4865 4.18768954559526e-7
4866 4.187369109046896e-7
4867 4.187369109046896e-7
4868 4.187369109046896e-7
4869 4.187369109046896e-7
4870 4.187369109046896e-7
4871 4.187369109046896e-7
4872 4.187369109046896e-7
4873 4.187369109046896e-7
4874 4.187369109046896e-7
4875 4.187369109046896e-7
4876 4.187369109046896e-7
4877 4.194258467333532e-7
4878 4.189532045052668e-7
4879 4.189532045052668e-7
4880 4.191983373340786e-7
4881 4.19571644171054e-7
4882 4.19571644171054e-7
4883 4.19571644171054e-7
4884 4.19571644171054e-7
4885 4.19571644171054e-7
4886 4.19571644171054e-7
4887 4.19571644171054e-7
4888 4.19571644171054e-7
4889 4.19571644171054e-7
4890 4.19571644171054e-7
4891 4.198680472143131e-7
4892 4.198680472143131e-7
4893 4.198680472143131e-7
4894 4.198680472143131e-7
4895 4.198680472143131e-7
4896 4.198680472143131e-7
4897 4.198680472143131e-7
4898 4.198680472143131e-7
4899 4.198680472143131e-7
4900 4.198680472143131e-7
4901 4.209511177360912e-7
4902 4.2147983712411863e-7
4903 4.2147983712411863e-7
4904 4.2163044211849505e-7
4905 4.2241550830048595e-7
4906 4.223754544959178e-7
4907 4.2242672409918325e-7
4908 4.2269588921073593e-7
4909 4.2338001870508773e-7
4910 4.243188943080568e-7
4911 4.257880912067633e-7
4912 4.257880912067633e-7
4913 4.257880912067633e-7
4914 4.257880912067633e-7
4915 4.257880912067633e-7
4916 4.257880912067633e-7
4917 4.257880912067633e-7
4918 4.257880912067633e-7
4919 4.257880912067633e-7
4920 4.257880912067633e-7
4921 4.257880912067633e-7
4922 4.257880912067633e-7
4923 4.257880912067633e-7
4924 4.257880912067633e-7
4925 4.257880912067633e-7
4926 4.257880912067633e-7
4927 4.257880912067633e-7
4928 4.257880912067633e-7
4929 4.257880912067633e-7
4930 4.257880912067633e-7
4931 4.257880912067633e-7
4932 4.257880912067633e-7
4933 4.257880912067633e-7
4934 4.257880912067633e-7
4935 4.257880912067633e-7
4936 4.257880912067633e-7
4937 4.257880912067633e-7
4938 4.257880912067633e-7
4939 4.257880912067633e-7
4940 4.257880912067633e-7
4941 4.257880912067633e-7
4942 4.257880912067633e-7
4943 4.257880912067633e-7
4944 4.257880912067633e-7
4945 4.257880912067633e-7
4946 4.257880912067633e-7
4947 4.257880912067633e-7
4948 4.257880912067633e-7
4949 4.257880912067633e-7
4950 4.257880912067633e-7
4951 4.257880912067633e-7
4952 4.257880912067633e-7
4953 4.257880912067633e-7
4954 4.257880912067633e-7
4955 4.257880912067633e-7
4956 4.257880912067633e-7
4957 4.257880912067633e-7
4958 4.257880912067633e-7
4959 4.265443187717015e-7
4960 4.2715474828775697e-7
4961 4.271082856299852e-7
4962 4.27137123635856e-7
4963 4.268711629509051e-7
4964 4.2708745716266424e-7
4965 4.269640894888124e-7
4966 4.2700254138567057e-7
4967 4.2699453062475695e-7
4968 4.272428678801706e-7
4969 4.271146932608251e-7
4970 4.2683271044286514e-7
4971 4.2694486292920154e-7
4972 4.2664205164392063e-7
4973 4.2664205164392063e-7
4974 4.2664205164392063e-7
4975 4.2664205164392063e-7
4976 4.2664205164392063e-7
4977 4.2664205164392063e-7
4978 4.2664205164392063e-7
4979 4.27755564524007e-7
4980 4.2818014096424785e-7
4981 4.2824583079281246e-7
4982 4.2789495371968607e-7
4983 4.276482189831643e-7
4984 4.276482189831643e-7
4985 4.276482189831643e-7
4986 4.276482189831643e-7
4987 4.276482189831643e-7
4988 4.276482189831643e-7
4989 4.276482189831643e-7
4990 4.276482189831643e-7
4991 4.276482189831643e-7
4992 4.276482189831643e-7
4993 4.276482189831643e-7
4994 4.2857748130632794e-7
4995 4.287120641676952e-7
4996 4.2865919204553793e-7
4997 4.2848135034181883e-7
4998 4.2865919204553793e-7
4999 4.2865919204553793e-7
5000 4.288322280261271e-7
5001 4.293577417651889e-7
5002 4.291574696864389e-7
5003 4.295259701891025e-7
5004 4.2955641132504703e-7
5005 4.296076809283125e-7
5006 4.295692290314543e-7
5007 4.296605524392879e-7
5008 4.295451961375316e-7
5009 4.303494888791334e-7
5010 4.301043554391397e-7
5011 4.295291746157043e-7
5012 4.295788423112598e-7
5013 4.297999428573307e-7
5014 4.300098269935224e-7
5015 4.2985441688719796e-7
5016 4.294394525043988e-7
5017 4.2952917461570426e-7
5018 4.2898283240932155e-7
5019 4.290196817872878e-7
5020 4.294234309825715e-7
5021 4.294907221076642e-7
5022 4.2951475439040503e-7
5023 4.2947790501243876e-7
5024 4.294843138656424e-7
5025 4.29452270210806e-7
5026 4.2953878789550966e-7
5027 4.29013273545266e-7
5028 4.2950834614838325e-7
5029 4.2957243345805603e-7
5030 4.296653599959633e-7
5031 4.293529348196951e-7
5032 4.2880338818671056e-7
5033 4.2880338818671056e-7
5034 4.2880338818671056e-7
5035 4.2880338818671056e-7
5036 4.2880338818671056e-7
5037 4.2880338818671056e-7
5038 4.2880338818671056e-7
5039 4.2880338818671056e-7
5040 4.2938337595563963e-7
5041 4.3040075848239875e-7
5042 4.300691079688833e-7
5043 4.301668408411024e-7
5044 4.295115505749851e-7
5045 4.297182308957569e-7
5046 4.2908216718925056e-7
5047 4.289075299121333e-7
5048 4.293481284853833e-7
5049 4.2979834033843875e-7
5050 4.2992010549339874e-7
5051 4.3003546179515504e-7
5052 4.300755168220869e-7
5053 4.2918951273009324e-7
5054 4.2900366026546053e-7
5055 4.293481284853833e-7
5056 4.2973265112105605e-7
5057 4.2974707012399144e-7
5058 4.299841928030715e-7
5059 4.2979193087405324e-7
5060 4.29856018183726e-7
5061 4.3001142951241424e-7
5062 4.306138476563742e-7
5063 4.3057860018611785e-7
5064 4.326005475332288e-7
5065 4.326005475332288e-7
5066 4.326005475332288e-7
5067 4.326005475332288e-7
5068 4.326005475332288e-7
5069 4.326005475332288e-7
5070 4.326005475332288e-7
5071 4.326005475332288e-7
5072 4.326005475332288e-7
5073 4.326005475332288e-7
5074 4.3418510134487345e-7
5075 4.3591224755643525e-7
5076 4.3591224755643525e-7
5077 4.363111898062253e-7
5078 4.3627113539047527e-7
5079 4.3667167954797527e-7
5080 4.3693764023292613e-7
5081 4.372052046591326e-7
5082 4.368975858171762e-7
5083 4.37379841325068e-7
5084 4.3719398824925345e-7
5085 4.371250952164508e-7
5086 4.3689758581717623e-7
5087 4.3700813639580265e-7
5088 4.3669731373842626e-7
5089 4.367662079935927e-7
5090 4.3656593591484267e-7
5091 4.3608688483355264e-7
5092 4.3608688483355264e-7
5093 4.377916012812654e-7
5094 4.386375503463272e-7
5095 4.38522193433389e-7
5096 4.3836357767809897e-7
5097 4.3908135273499714e-7
5098 4.3912461157734896e-7
5099 4.3888909141716073e-7
5100 4.391822894226362e-7
5101 4.394995203220344e-7
5102 4.4169770685397256e-7
5103 4.4185472009037076e-7
5104 4.418322897153399e-7
5105 4.422825009572135e-7
5106 4.4291375894058987e-7
5107 4.441490375868181e-7
5108 4.446104640162072e-7
5109 4.443396957745808e-7
5110 4.44932501861099e-7
5111 4.441057787444663e-7
5112 4.441346179727009e-7
5113 4.443637292796855e-7
5114 4.446617342306546e-7
5115 4.4432207234504363e-7
5116 4.4456239822836175e-7
5117 4.4479631648084e-7
5118 4.456903307225654e-7
5119 4.4517923781998465e-7
5120 4.453779067686609e-7
5121 4.446521203396672e-7
5122 4.458681730374664e-7
5123 4.4730532628133647e-7
5124 4.4853900179749094e-7
5125 4.4853900179749094e-7
5126 4.4853900179749094e-7
5127 4.4853900179749094e-7
5128 4.4853900179749094e-7
5129 4.4853900179749094e-7
5130 4.4853900179749094e-7
5131 4.4816409305280555e-7
5132 4.4816409305280555e-7
5133 4.4816409305280555e-7
5134 4.4816409305280555e-7
5135 4.4816409305280555e-7
5136 4.4816409305280555e-7
5137 4.4816409305280555e-7
5138 4.4816409305280555e-7
5139 4.4816409305280555e-7
5140 4.4816409305280555e-7
5141 4.4816409305280555e-7
5142 4.4816409305280555e-7
5143 4.4816409305280555e-7
5144 4.4816409305280555e-7
5145 4.4816409305280555e-7
5146 4.4816409305280555e-7
5147 4.4816409305280555e-7
5148 4.4816409305280555e-7
5149 4.4816409305280555e-7
5150 4.4816409305280555e-7
5151 4.4816409305280555e-7
5152 4.4816409305280555e-7
5153 4.4816409305280555e-7
5154 4.4816409305280555e-7
5155 4.4816409305280555e-7
5156 4.4816409305280555e-7
5157 4.4816409305280555e-7
5158 4.4816409305280555e-7
5159 4.486896074030492e-7
5160 4.4901805287878097e-7
5161 4.4881457698461104e-7
5162 4.489459554193765e-7
5163 4.4960124507431186e-7
5164 4.491446249792346e-7
5165 4.492519705200773e-7
5166 4.4922954014504643e-7
5167 4.493817476583147e-7
5168 4.491718622997592e-7
5169 4.491718622997592e-7
5170 4.491718622997592e-7
5171 4.491718622997592e-7
5172 4.491718622997592e-7
5173 4.4957400958733297e-7
5174 4.4987842216914194e-7
5175 4.499873708400584e-7
5176 4.498527879786911e-7
5177 4.4986881011170026e-7
5178 4.4956760012294747e-7
5179 4.4956760012294747e-7
5180 4.4956760012294747e-7
5181 4.4956760012294747e-7
5182 4.4956760012294747e-7
5183 4.4956760012294747e-7
5184 4.4956760012294747e-7
5185 4.4956760012294747e-7
5186 4.4956760012294747e-7
5187 4.4956760012294747e-7
5188 4.4956760012294747e-7
5189 4.501940511608302e-7
5190 4.505769712776111e-7
5191 4.501363727043611e-7
5192 4.501363727043611e-7
5193 4.501363727043611e-7
5194 4.505705636467712e-7
5195 4.505705636467712e-7
5196 4.505705636467712e-7
5197 4.505705636467712e-7
5198 4.5084453570381754e-7
5199 4.5099994703250576e-7
5200 4.507964705271539e-7
5201 4.515222563449657e-7
5202 4.5121624063308297e-7
5203 4.5088298821185756e-7
5204 4.5138126524157665e-7
5205 4.51636010739012e-7
5206 4.5177219611927113e-7
5207 4.5188274669789755e-7
5208 4.516263980703884e-7
5209 4.51535074051373e-7
5210 4.519388226354748e-7
5211 4.5195644667619387e-7
5212 4.5180584168181745e-7
5213 4.5189235997770296e-7
5214 4.517097113284902e-7
5215 4.518410903744375e-7
5216 4.513972873745857e-7
5217 4.5141811584190664e-7
5218 4.5147258926059204e-7
5219 4.51491815820203e-7
5220 4.515911499889502e-7
5221 4.516680543938484e-7
5222 4.5167926958136384e-7
5223 4.516808714890738e-7
5224 4.5282963306178026e-7
5225 4.5445263877028306e-7
5226 4.5445263877028306e-7
5227 4.5445263877028306e-7
5228 4.5445263877028306e-7
5229 4.5445263877028306e-7
5230 4.5445263877028306e-7
5231 4.5445263877028306e-7
5232 4.5445263877028306e-7
5233 4.5445263877028306e-7
5234 4.5445263877028306e-7
5235 4.5445263877028306e-7
5236 4.5445263877028306e-7
5237 4.5445263877028306e-7
5238 4.5445263877028306e-7
5239 4.5445263877028306e-7
5240 4.5445263877028306e-7
5241 4.5445263877028306e-7
5242 4.5445263877028306e-7
5243 4.5445263877028306e-7
5244 4.5445263877028306e-7
5245 4.5445263877028306e-7
5246 4.5445263877028306e-7
5247 4.5445263877028306e-7
5248 4.5445263877028306e-7
5249 4.5445263877028306e-7
5250 4.5445263877028306e-7
5251 4.5445263877028306e-7
5252 4.5445263877028306e-7
5253 4.5445263877028306e-7
5254 4.5445263877028306e-7
5255 4.5445263877028306e-7
5256 4.5445263877028306e-7
5257 4.5445263877028306e-7
5258 4.5445263877028306e-7
5259 4.5445263877028306e-7
5260 4.5445263877028306e-7
5261 4.5445263877028306e-7
5262 4.5445263877028306e-7
5263 4.5536587957161946e-7
5264 4.5536587957161946e-7
5265 4.556799060444158e-7
5266 4.562230444353786e-7
5267 4.5646657535648046e-7
5268 4.5630315265569676e-7
5269 4.561092900413323e-7
5270 4.562791203729559e-7
5271 4.5608205272080775e-7
5272 4.56516243052036e-7
5273 4.5618299001962866e-7
5274 4.5649220954693134e-7
5275 4.559891267940823e-7
5276 4.565643082286996e-7
5277 4.567517626010423e-7
5278 4.567437518401287e-7
5279 4.57117059288286e-7
5280 4.5709623082096505e-7
5281 4.5710263906298683e-7
5282 4.5725644848396507e-7
5283 4.570898219677614e-7
5284 4.5870962263848053e-7
5285 4.5870962263848053e-7
5286 4.5870962263848053e-7
5287 4.5870962263848053e-7
5288 4.5870962263848053e-7
5289 4.5870962263848053e-7
5290 4.5870962263848053e-7
5291 4.5870962263848053e-7
5292 4.5870962263848053e-7
5293 4.5870962263848053e-7
5294 4.5870962263848053e-7
5295 4.5870962263848053e-7
5296 4.5870962263848053e-7
5297 4.5870962263848053e-7
5298 4.5870962263848053e-7
5299 4.5870962263848053e-7
5300 4.5870962263848053e-7
5301 4.5870962263848053e-7
5302 4.5870962263848053e-7
5303 4.5870962263848053e-7
5304 4.5870962263848053e-7
5305 4.5870962263848053e-7
5306 4.5870962263848053e-7
5307 4.5870962263848053e-7
5308 4.5870962263848053e-7
5309 4.5870962263848053e-7
5310 4.5870962263848053e-7
5311 4.5870962263848053e-7
5312 4.5870962263848053e-7
5313 4.5870962263848053e-7
5314 4.5870962263848053e-7
5315 4.5870962263848053e-7
5316 4.5870962263848053e-7
5317 4.5870962263848053e-7
5318 4.5870962263848053e-7
5319 4.5870962263848053e-7
5320 4.5870962263848053e-7
5321 4.5870962263848053e-7
5322 4.5870962263848053e-7
5323 4.5955076536923053e-7
5324 4.597045747902088e-7
5325 4.597045747902088e-7
5326 4.597045747902088e-7
5327 4.597045747902088e-7
5328 4.604527909830515e-7
5329 4.6004743988005783e-7
5330 4.600121924098015e-7
5331 4.600121924098015e-7
5332 4.6093985221407327e-7
5333 4.607459895997088e-7
5334 4.604704150237706e-7
5335 4.6010031261339703e-7
5336 4.607459895997088e-7
5337 4.6055853461618425e-7
5338 4.6100233761603607e-7
5339 4.6085173323284156e-7
5340 4.6101355280355156e-7
5341 4.610680268334188e-7
5342 4.6100073570832615e-7
5343 4.6107603759433244e-7
5344 4.607700218824497e-7
5345 4.607700218824497e-7
5346 4.6151663616758244e-7
5347 4.6162077789300517e-7
5348 4.6118979259956063e-7
5349 4.610568122570852e-7
5350 4.610568122570852e-7
5351 4.610568122570852e-7
5352 4.6165122025131344e-7
5353 4.6165122025131344e-7
5354 4.6165122025131344e-7
5355 4.6165122025131344e-7
5356 4.6165122025131344e-7
5357 4.621254643871098e-7
5358 4.6272467871564986e-7
5359 4.627759483189153e-7
5360 4.6265258064506347e-7
5361 4.6268943063421165e-7
5362 4.6275191542499253e-7
5363 4.6271826986244617e-7
5364 4.6274710909068073e-7
5365 4.6251639526480435e-7
5366 4.6251639526480435e-7
5367 4.6251639526480435e-7
5368 4.6251639526480435e-7
5369 4.6251639526480435e-7
5370 4.627054521560389e-7
5371 4.628624653924371e-7
5372 4.628624653924371e-7
5373 4.631572659168044e-7
5374 4.636779727103725e-7
5375 4.6375327581874255e-7
5376 4.6398238651454523e-7
5377 4.6385901945187526e-7
5378 4.636347144792025e-7
5379 4.6319732033255433e-7
5380 4.6319732033255433e-7
5381 4.6319732033255433e-7
5382 4.6319732033255433e-7
5383 4.6319732033255433e-7
5384 4.6319732033255433e-7
5385 4.6319732033255433e-7
5386 4.6319732033255433e-7
5387 4.6319732033255433e-7
5388 4.6319732033255433e-7
5389 4.6319732033255433e-7
5390 4.6424194017983804e-7
5391 4.643412749597671e-7
5392 4.64761045676878e-7
5393 4.6462325838890893e-7
5394 4.6484756336158167e-7
5395 4.648491658804735e-7
5396 4.6451751475577617e-7
5397 4.6460723686708164e-7
5398 4.646280653344026e-7
5399 4.646857431796898e-7
5400 4.6406890542161255e-7
5401 4.638606225819489e-7
5402 4.6389106371789346e-7
5403 4.640945402232453e-7
5404 4.64680936845378e-7
5405 4.6549644477449527e-7
5406 4.6541793785070523e-7
5407 4.652945701768534e-7
5408 4.6530418345665886e-7
5409 4.651792132639152e-7
5410 4.6531379612528245e-7
5411 4.662174248691771e-7
5412 4.6623825272531615e-7
5413 4.656662757173007e-7
5414 4.658537300896434e-7
5415 4.663055450727726e-7
5416 4.6662758230648257e-7
5417 4.6650100959484705e-7
5418 4.660491958340816e-7
5419 4.66159746412708e-7
5420 4.656550605297852e-7
5421 4.660524002606834e-7
5422 4.656438447310879e-7
5423 4.661517344294306e-7
5424 4.661068736793688e-7
5425 4.65579758032597e-7
5426 4.657095339484706e-7
5427 4.658120737661834e-7
5428 4.6550765996201065e-7
5429 4.661068736793688e-7
5430 4.6598831233982874e-7
5431 4.6602195851355697e-7
5432 4.6614692870630065e-7
5433 4.6612449772008786e-7
5434 4.661437236685169e-7
5435 4.6600273256512786e-7
5436 4.657912452988624e-7
5437 4.6557815612488696e-7
5438 4.6541473342410326e-7
5439 4.655381010979551e-7
5440 4.6542755051932867e-7
5441 4.6547561630717416e-7
5442 4.6603798003538415e-7
5443 4.6606041041041503e-7
5444 4.6632316727994593e-7
5445 4.66119691385776e-7
5446 4.6566307129069877e-7
5447 4.6544197074462785e-7
5448 4.6538268976926687e-7
5449 4.656967168532451e-7
5450 4.6591781678813414e-7
5451 4.663023394238069e-7
5452 4.6582328895369874e-7
5453 4.6558616627461866e-7
5454 4.6659073170615237e-7
5455 4.68180090629745e-7
5456 4.681736817765414e-7
5457 4.6880654166762774e-7
5458 4.7100472758838404e-7
5459 4.7100472758838404e-7
5460 4.7100472758838404e-7
5461 4.7135720595803855e-7
5462 4.7186990260187495e-7
5463 4.7206536773513126e-7
5464 4.716359849605786e-7
5465 4.712226224854894e-7
5466 4.716984697513595e-7
5467 4.71849074134554e-7
5468 4.720749810149367e-7
5469 4.72089400629054e-7
5470 4.720317221725849e-7
5471 4.7243386823779487e-7
5472 4.725956890308686e-7
5473 4.726870124387022e-7
5474 4.7253961187092763e-7
5475 4.725572359116467e-7
5476 4.7278154088431945e-7
5477 4.727655193624922e-7
5478 4.7416101506053854e-7
5479 4.7450227946504134e-7
5480 4.7450227946504134e-7
5481 4.7450227946504134e-7
5482 4.7450227946504134e-7
5483 4.7450227946504134e-7
5484 4.7450227946504134e-7
5485 4.7450227946504134e-7
5486 4.753978962256586e-7
5487 4.752873462582141e-7
5488 4.754619835353314e-7
5489 4.755613189264423e-7
5490 4.752825393127204e-7
5491 4.7508226723397036e-7
5492 4.749605026901923e-7
5493 4.750662457121431e-7
5494 4.750662457121431e-7
5495 4.750662457121431e-7
5496 4.750662457121431e-7
5497 4.750662457121431e-7
5498 4.750662457121431e-7
5499 4.759266150025041e-7
5500 4.759266150025041e-7
5501 4.7633837495870145e-7
5502 4.770865917627261e-7
5503 4.7671809126006247e-7
5504 4.7640406417608426e-7
5505 4.76887921591686e-7
5506 4.767389191162015e-7
5507 4.7679980138809054e-7
5508 4.767517368226088e-7
5509 4.77049741162396e-7
5510 4.771843240237632e-7
5511 4.769439975292632e-7
5512 4.769039431135133e-7
5513 4.769856544639051e-7
5514 4.769936652248188e-7
5515 4.768526735102479e-7
5516 4.771010107656615e-7
5517 4.771827221160533e-7
5518 4.769536108090687e-7
5519 4.769023405946214e-7
5520 4.769968696514206e-7
5521 4.7648897934189596e-7
5522 4.764425160729423e-7
5523 4.780366819420286e-7
5524 4.782209324989514e-7
5525 4.789066639010132e-7
5526 4.786374975670967e-7
5527 4.795443307375932e-7
5528 4.796212351424914e-7
5529 4.803838709494513e-7
5530 4.809622568106705e-7
5531 4.825964764843249e-7
5532 4.830066339216304e-7
5533 4.829489554651613e-7
5534 4.832902192584823e-7
5535 4.833254661175567e-7
5536 4.834119844134422e-7
5537 4.832325401908313e-7
5538 4.832453578972386e-7
5539 4.843716878725504e-7
5540 4.85959445499615e-7
5541 4.866435743827849e-7
5542 4.868758901163713e-7
5543 4.866692085732357e-7
5544 4.867669414454548e-7
5545 4.870232900729639e-7
5546 4.869800306194302e-7
5547 4.87260412140862e-7
5548 4.874110165240566e-7
5549 4.874831145946429e-7
5550 4.881704485155966e-7
5551 4.901555458735593e-7
5552 4.903862590882539e-7
5553 4.905833273515839e-7
5554 4.905512836967475e-7
5555 4.906826615203311e-7
5556 4.907948146178493e-7
5557 4.909069671041857e-7
5558 4.907515557754975e-7
5559 4.904679704386456e-7
5560 4.904215077808738e-7
5561 4.903333875772783e-7
5562 4.904247115962938e-7
5563 4.903894641260374e-7
5564 4.90500014093482e-7
5565 4.904759818107411e-7
5566 4.904887989059666e-7
5567 4.903894641260374e-7
5568 4.903029458301519e-7
5569 4.903269793352565e-7
5570 4.903686356587165e-7
5571 4.902292458518555e-7
5572 4.899168218979511e-7
5573 4.899168218979511e-7
5574 4.899168218979511e-7
5575 4.901058787891856e-7
5576 4.901058787891856e-7
5577 4.901058787891856e-7
5578 4.901058787891856e-7
5579 4.901058787891856e-7
5580 4.909694518949665e-7
5581 4.910127107373183e-7
5582 4.910848081967229e-7
5583 4.914677289246857e-7
5584 4.913459631585439e-7
5585 4.913059087427939e-7
5586 4.913683935335748e-7
5587 4.915350200497785e-7
5588 4.915029763949421e-7
5589 4.915526440904976e-7
5590 4.913699960524667e-7
5591 4.914661270169758e-7
5592 4.920332970794976e-7
5593 4.922127406909267e-7
5594 4.92243182438053e-7
5595 4.922095368755067e-7
5596 4.925684240983648e-7
5597 4.918939078838185e-7
5598 4.932285206987939e-7
5599 4.93228520087612e-7
5600 4.933182428100993e-7
5601 4.930747118889976e-7
5602 4.93505697793624e-7
5603 4.934800623808093e-7
5604 4.936530977502166e-7
5605 4.939751355951084e-7
5606 4.940199963451702e-7
5607 4.940808780058774e-7
5608 4.940760722827475e-7
5609 4.938357457882476e-7
5610 4.938037021334112e-7
5611 4.936434844704112e-7
5612 4.938517679212567e-7
5613 4.937764660352505e-7
5614 4.936098395190468e-7
5615 4.937924869458958e-7
5616 4.934912781795068e-7
5617 4.938261325084422e-7
5618 4.941706007283649e-7
5619 4.937988964102813e-7
5620 4.937364110083186e-7
5621 4.941625899674513e-7
5622 4.941433646302041e-7
5623 4.932637693914141e-7
5624 4.932637693914141e-7
5625 4.932637693914141e-7
5626 4.932637693914141e-7
5627 4.932637693914141e-7
5628 4.932637693914141e-7
5629 4.932637693914141e-7
5630 4.932637693914141e-7
5631 4.938101115977969e-7
5632 4.93883812187275e-7
5633 4.950646161924541e-7
5634 4.951559396002877e-7
5635 4.950053352170932e-7
5636 4.944061208885532e-7
5637 4.94809869472655e-7
5638 4.94688104317695e-7
5639 4.951543376925778e-7
5640 4.95449138216945e-7
5641 4.955676989453032e-7
5642 4.95670238151834e-7
5643 4.954811812605995e-7
5644 4.955949362658278e-7
5645 4.965434251486023e-7
5646 4.973381046103987e-7
5647 4.973381046103987e-7
5648 4.973381046103987e-7
5649 4.973381046103987e-7
5650 4.973381046103987e-7
5651 4.979821803001823e-7
5652 4.982801852511514e-7
5653 4.985125009847377e-7
5654 4.986550946070187e-7
5655 4.983106263870959e-7
5656 4.982032808462532e-7
5657 4.977995316509695e-7
5658 4.977995316509695e-7
5659 4.977995316509695e-7
5660 4.977995316509695e-7
5661 4.977995316509695e-7
5662 4.977995316509695e-7
5663 4.977995316509695e-7
5664 4.977995316509695e-7
5665 4.977995316509695e-7
5666 4.98571780737735e-7
5667 4.98571780737735e-7
5668 4.99012379310985e-7
5669 4.990940906613768e-7
5670 5.001178820413396e-7
5671 5.011625012774414e-7
5672 5.011320601414969e-7
5673 5.00832452671636e-7
5674 5.010375316958796e-7
5675 5.004431243128333e-7
5676 5.003213585466914e-7
5677 5.008372596171297e-7
5678 5.004655546878642e-7
5679 5.006498046336051e-7
5680 5.002780997043396e-7
5681 5.001274953211451e-7
5682 5.005777065630187e-7
5683 5.006834501961515e-7
5684 5.003085414514661e-7
5685 5.002764977966297e-7
5686 5.001435168429724e-7
5687 5.004287040875341e-7
5688 5.007251071307933e-7
5689 5.003550041092378e-7
5690 5.006834501961514e-7
5691 5.002668845168241e-7
5692 5.002668845168241e-7
5693 5.008276457261422e-7
5694 5.007891932181022e-7
5695 5.008340551905278e-7
5696 5.009878633891423e-7
5697 5.013483537420742e-7
5698 5.01273050633704e-7
5699 5.015950884785959e-7
5700 5.015277973535032e-7
5701 5.011769202803768e-7
5702 5.009526159188859e-7
5703 5.016047017584013e-7
5704 5.016511644161731e-7
5705 5.01631938467744e-7
5706 5.026669444240404e-7
5707 5.026012552066577e-7
5708 5.026701482394603e-7
5709 5.026941811333831e-7
5710 5.025323609514912e-7
5711 5.028832380246176e-7
5712 5.026012552066576e-7
5713 5.025676096441113e-7
5714 5.026413096224076e-7
5715 5.032613511959048e-7
5716 5.034792479265558e-7
5717 5.067556986459602e-7
5718 5.07020058034383e-7
5719 5.073773433495312e-7
5720 5.07257180713463e-7
5721 5.073565148822102e-7
5722 5.069976276593521e-7
5723 5.070521016892194e-7
5724 5.075231413984139e-7
5725 5.067476884962285e-7
5726 5.068838738764876e-7
5727 5.069431536294847e-7
5728 5.074045806700557e-7
5729 5.071274047975894e-7
5730 5.073324825994693e-7
5731 5.074382262326021e-7
5732 5.074302154716884e-7
5733 5.069928213250403e-7
5734 5.069928213250403e-7
5735 5.074350218060002e-7
5736 5.074350218060002e-7
5737 5.074350218060002e-7
5738 5.077522533165803e-7
5739 5.077522533165803e-7
5740 5.077522533165803e-7
5741 5.078403735201758e-7
5742 5.078403735201758e-7
5743 5.078403735201758e-7
5744 5.080262259848086e-7
5745 5.080262259848086e-7
5746 5.080262259848086e-7
5747 5.080262259848086e-7
5748 5.091253198619595e-7
5749 5.090163711910431e-7
5750 5.085325137754413e-7
5751 5.085325137754413e-7
5752 5.090147692833332e-7
5753 5.087952706449722e-7
5754 5.087952706449722e-7
5755 5.091717819085494e-7
5756 5.093400109436449e-7
5757 5.097822114246048e-7
5758 5.099904942642685e-7
5759 5.099216006202839e-7
5760 5.097501677697684e-7
5761 5.097693943293794e-7
5762 5.08819302927713e-7
5763 5.08819302927713e-7
5764 5.08819302927713e-7
5765 5.094265286283486e-7
5766 5.096828766446758e-7
5767 5.098767404814041e-7
5768 5.102564561715832e-7
5769 5.102660694513887e-7
5770 5.11341129823435e-7
5771 5.108588743155431e-7
5772 5.114869278723176e-7
5773 5.112466001554539e-7
5774 5.110078767910276e-7
5775 5.113058811308148e-7
5776 5.122527681058795e-7
5777 5.121774656086913e-7
5778 5.148082405641477e-7
5779 5.149700601348577e-7
5780 5.15143095504265e-7
5781 5.148531013142095e-7
5782 5.148531013142095e-7
5783 5.148531013142095e-7
5784 5.148531013142095e-7
5785 5.148531013142095e-7
5786 5.150693955259686e-7
5787 5.152504416562896e-7
5788 5.156125326945677e-7
5789 5.158464515582278e-7
5790 5.161845109249469e-7
5791 5.157118680856786e-7
5792 5.156557915369195e-7
5793 5.153081195015768e-7
5794 5.155404358463451e-7
5795 5.157631383001259e-7
5796 5.158720857486786e-7
5797 5.158352363707124e-7
5798 5.159970559414223e-7
5799 5.15503585246015e-7
5800 5.155051871537249e-7
5801 5.165898608055767e-7
5802 5.16585053860083e-7
5803 5.170416745663421e-7
5804 5.170689112756847e-7
5805 5.169888024441847e-7
5806 5.17022448006731e-7
5807 5.167757126590274e-7
5808 5.170336631942465e-7
5809 5.170384695285583e-7
5810 5.17020846099021e-7
5811 5.171490201071846e-7
5812 5.171057612648328e-7
5813 5.169471461207246e-7
5814 5.166347215556383e-7
5815 5.167404645775891e-7
5816 5.169663714579718e-7
5817 5.169375328409191e-7
5818 5.168734455312464e-7
5819 5.17100954319339e-7
5820 5.173621092811599e-7
5821 5.177706648107554e-7
5822 5.180462387755118e-7
5823 5.180045824520518e-7
5824 5.180654653351227e-7
5825 5.18062260297339e-7
5826 5.174261965908327e-7
5827 5.170448783817617e-7
5828 5.169038866671908e-7
5829 5.164104165829654e-7
5830 5.169631670313699e-7
5831 5.169631670313699e-7
5832 5.169631670313699e-7
5833 5.169631670313699e-7
5834 5.169631670313699e-7
5835 5.175527680801044e-7
5836 5.17181063150839e-7
5837 5.181968425475245e-7
5838 5.185028588705891e-7
5839 5.180302166425027e-7
5840 5.182256823869409e-7
5841 5.180782818191664e-7
5842 5.187752284087436e-7
5843 5.189098112701109e-7
5844 5.186534632537836e-7
5845 5.183218133514501e-7
5846 5.184083304249718e-7
5847 5.18424351946799e-7
5848 5.189290384409036e-7
5849 5.194257129517309e-7
5850 5.193039477967709e-7
5851 5.197189115683882e-7
5852 5.195731129083237e-7
5853 5.198759254159684e-7
5854 5.193071522233729e-7
5855 5.195891362636967e-7
5856 5.195026179678111e-7
5857 5.191725693620056e-7
5858 5.19228644688401e-7
5859 5.193199699297803e-7
5860 5.195795223727093e-7
5861 5.196179736583856e-7
5862 5.195618989431722e-7
5863 5.196932767667558e-7
5864 5.199512279131568e-7
5865 5.195138331553267e-7
5866 5.194064876144841e-7
5867 5.19627588160555e-7
5868 5.196131679352559e-7
5869 5.194833920193823e-7
5870 5.193359914516077e-7
5871 5.192334516338949e-7
5872 5.190780415275706e-7
5873 5.192478718591942e-7
5874 5.185573335116387e-7
5875 5.192238389652715e-7
5876 5.193808522016696e-7
5877 5.193808522016696e-7
5878 5.19674050207145e-7
5879 5.198502900031542e-7
5880 5.198502900031542e-7
5881 5.202059734105924e-7
5882 5.202059734105924e-7
5883 5.206882289184843e-7
5884 5.215822437713916e-7
5885 5.213659495596325e-7
5886 5.21096783225716e-7
5887 5.211640755731725e-7
5888 5.210919775025861e-7
5889 5.210999882634998e-7
5890 5.207731440842961e-7
5891 5.209509857880152e-7
5892 5.210342996572989e-7
5893 5.210294921006234e-7
5894 5.211288268805525e-7
5895 5.212778299672189e-7
5896 5.210711490352653e-7
5897 5.217777089046481e-7
5898 5.215966621631453e-7
5899 5.218385911765372e-7
5900 5.217552779184354e-7
5901 5.215021337175281e-7
5902 5.214813052502071e-7
5903 5.217456646386299e-7
5904 5.21019879432e-7
5905 5.209445763236299e-7
5906 5.20922145948599e-7
5907 5.209061244267718e-7
5908 5.209061244267718e-7
5909 5.214300362581236e-7
5910 5.216367165788954e-7
5911 5.217472671575217e-7
5912 5.216511368041945e-7
5913 5.216367165788954e-7
5914 5.220388632552872e-7
5915 5.217280405979108e-7
5916 5.21801741187389e-7
5917 5.211224186385308e-7
5918 5.213675514673426e-7
5919 5.213675514673426e-7
5920 5.213675514673426e-7
5921 5.213675514673426e-7
5922 5.213675514673426e-7
5923 5.221446074996017e-7
5924 5.22035660051049e-7
5925 5.22035660051049e-7
5926 5.22035660051049e-7
5927 5.22035660051049e-7
5928 5.22035660051049e-7
5929 5.22035660051049e-7
5930 5.22035660051049e-7
5931 5.22035660051049e-7
5932 5.22035660051049e-7
5933 5.225820028686136e-7
5934 5.225820028686136e-7
5935 5.225820028686136e-7
5936 5.225820028686136e-7
5937 5.225820028686136e-7
5938 5.226541003280181e-7
5939 5.226541003280181e-7
5940 5.226541003280181e-7
5941 5.226541003280181e-7
5942 5.226541003280181e-7
5943 5.238349043331972e-7
5944 5.241040706671137e-7
5945 5.241040706671137e-7
5946 5.238925834008482e-7
5947 5.243492034959255e-7
5948 5.262077293646165e-7
5949 5.277297971631164e-7
5950 5.286590600974619e-7
5951 5.287103303119092e-7
5952 5.2869751199432e-7
5953 5.287551910619709e-7
5954 5.283594526276009e-7
5955 5.280197913531718e-7
5956 5.284155291763601e-7
5957 5.287728151026901e-7
5958 5.287728151026901e-7
5959 5.287728151026901e-7
5960 5.296716362899092e-7
5961 5.293335769231901e-7
5962 5.299424045315356e-7
5963 5.29835058379511e-7
5964 5.29557881284681e-7
5965 5.297757780153319e-7
5966 5.294617509313537e-7
5967 5.295130205346192e-7
5968 5.295130205346192e-7
5969 5.295130205346192e-7
5970 5.295130205346192e-7
5971 5.300705779285174e-7
5972 5.30160299428641e-7
5973 5.306922226320884e-7
5974 5.307755358901902e-7
5975 5.309149250858692e-7
5976 5.308636548714219e-7
5977 5.307194587302491e-7
5978 5.310735402299774e-7
5979 5.311392294473601e-7
5980 5.310767446565792e-7
5981 5.309902269718755e-7
5982 5.309966358250792e-7
5983 5.3094216118403e-7
5984 5.306697922570574e-7
5985 5.308716662435174e-7
5986 5.30821998547962e-7
5987 5.311007769393201e-7
5988 5.308508377761965e-7
5989 5.30640952417641e-7
5990 5.306553720317583e-7
5991 5.306858131677028e-7
5992 5.306665872192737e-7
5993 5.306457587519528e-7
5994 5.306425549365328e-7
5995 5.311184009800392e-7
5996 5.309950333061873e-7
5997 5.308732681512273e-7
5998 5.313747489963664e-7
5999 5.312738123087274e-7
6000 5.317496589634155e-7
6001 5.318121437541965e-7
6002 5.317480570557056e-7
6003 5.318377785558292e-7
6004 5.317432494990301e-7
6005 5.321870531100638e-7
6006 5.335168602019093e-7
6007 5.335168602019093e-7
6008 5.335168602019093e-7
6009 5.335168602019093e-7
6010 5.335168602019093e-7
6011 5.338100588185665e-7
6012 5.337716063105265e-7
6013 5.339398347344401e-7
6014 5.339398347344401e-7
6015 5.339398347344401e-7
6016 5.343227542400392e-7
6017 5.343227542400392e-7
6018 5.349988723622955e-7
6019 5.354923430577028e-7
6020 5.353625665306473e-7
6021 5.3562852782678e-7
6022 5.355339993811627e-7
6023 5.359489631527799e-7
6024 5.358480264651409e-7
6025 5.3582719799782e-7
6026 5.359922213839499e-7
6027 5.361812782751844e-7
6028 5.362165269678045e-7
6029 5.35928134685459e-7
6030 5.357422822208262e-7
6031 5.352904684600608e-7
6032 5.349940660279836e-7
6033 5.349940660279836e-7
6034 5.349940660279836e-7
6035 5.349940660279836e-7
6036 5.349940660279836e-7
6037 5.349940660279836e-7
6038 5.349940660279836e-7
6039 5.349940660279836e-7
6040 5.349940660279836e-7
6041 5.349940660279836e-7
6042 5.349940660279836e-7
6043 5.349940660279836e-7
6044 5.349940660279836e-7
6045 5.349940660279836e-7
6046 5.349940660279836e-7
6047 5.359377479652645e-7
6048 5.361844833129682e-7
6049 5.364264117151781e-7
6050 5.364344224760918e-7
6051 5.364023794324373e-7
6052 5.362613871066845e-7
6053 5.363222699897554e-7
6054 5.363430984570764e-7
6055 5.364007769135455e-7
6056 5.359153175902337e-7
6057 5.363350876961629e-7
6058 5.363350876961629e-7
6059 5.363350876961629e-7
6060 5.363350876961629e-7
6061 5.363350876961629e-7
6062 5.363350876961629e-7
6063 5.363350876961629e-7
6064 5.363350876961629e-7
6065 5.363350876961629e-7
6066 5.363350876961629e-7
6067 5.363350876961629e-7
6068 5.363350876961629e-7
6069 5.363350876961629e-7
6070 5.363350876961629e-7
6071 5.363350876961629e-7
6072 5.363350876961629e-7
6073 5.363350876961629e-7
6074 5.363350876961629e-7
6075 5.363350876961629e-7
6076 5.363350876961629e-7
6077 5.363350876961629e-7
6078 5.363350876961629e-7
6079 5.363350876961629e-7
6080 5.363350876961629e-7
6081 5.363350876961629e-7
6082 5.363350876961629e-7
6083 5.363350876961629e-7
6084 5.363350876961629e-7
6085 5.363350876961629e-7
6086 5.363350876961629e-7
6087 5.363350876961629e-7
6088 5.363350876961629e-7
6089 5.363350876961629e-7
6090 5.363350876961629e-7
6091 5.363350876961629e-7
6092 5.363350876961629e-7
6093 5.363350876961629e-7
6094 5.370640779405766e-7
6095 5.370640779405766e-7
6096 5.370640779405766e-7
6097 5.377305833942093e-7
6098 5.377305833942093e-7
6099 5.377305833942093e-7
6100 5.377305833942093e-7
6101 5.377305833942093e-7
6102 5.377305833942093e-7
6103 5.381743863940612e-7
6104 5.387703962959994e-7
6105 5.386534368641694e-7
6106 5.38461175546333e-7
6107 5.389161937337003e-7
6108 5.391581227470921e-7
6109 5.387127178395303e-7
6110 5.382288598127466e-7
6111 5.382288598127466e-7
6112 5.382288598127466e-7
6113 5.382288598127466e-7
6114 5.389065810650767e-7
6115 5.393535878803484e-7
6116 5.393648030678638e-7
6117 5.396259586408666e-7
6118 5.395490536247866e-7
6119 5.396483884047156e-7
6120 5.392830917174719e-7
6121 5.395346340106692e-7
6122 5.396660112230708e-7
6123 5.396932479324135e-7
6124 5.3960192452458e-7
6125 5.396644093153609e-7
6126 5.3976374409529e-7
6127 5.398614763563272e-7
6128 5.396531935166636e-7
6129 5.4020274076083e-7
6130 5.398999288643672e-7
6131 5.399335744269135e-7
6132 5.394721473863426e-7
6133 5.3960192452458e-7
6134 5.400601465273672e-7
6135 5.405616279836882e-7
6136 5.400857819401818e-7
6137 5.400281028725309e-7
6138 5.397893782857409e-7
6139 5.400505332475617e-7
6140 5.409926132771326e-7
6141 5.414652561164008e-7
6142 5.414492345945736e-7
6143 5.414636548198727e-7
6144 5.416142585918853e-7
6145 5.417167990207799e-7
6146 5.418129287629254e-7
6147 5.418289508959345e-7
6148 5.418818224069099e-7
6149 5.418850274446936e-7
6150 5.4235606776507e-7
6151 5.42359270969308e-7
6152 5.423192159423762e-7
6153 5.42601199371518e-7
6154 5.42780642982947e-7
6155 5.430834548794098e-7
6156 5.429280435507216e-7
6157 5.430546150399933e-7
6158 5.450076687431197e-7
6159 5.450076687431197e-7
6160 5.450076687431197e-7
6161 5.450076687431197e-7
6162 5.450076687431197e-7
6163 5.454610844115952e-7
6164 5.454162230503515e-7
6165 5.454162230503515e-7
6166 5.466002320933143e-7
6167 5.464464226723361e-7
6168 5.464159815363916e-7
6169 5.469847541178052e-7
6170 5.47228285038907e-7
6171 5.476608722400615e-7
6172 5.477233576420243e-7
6173 5.491300691387679e-7
6174 5.498510486222679e-7
6175 5.498510486222679e-7
6176 5.498510486222679e-7
6177 5.498510486222679e-7
6178 5.498510486222679e-7
6179 5.498510486222679e-7
6180 5.498510486222679e-7
6181 5.498510486222679e-7
6182 5.498510486222679e-7
6183 5.498510486222679e-7
6184 5.494360842394687e-7
6185 5.494360842394687e-7
6186 5.494360842394687e-7
6187 5.494360842394687e-7
6188 5.494360842394687e-7
6189 5.494360842394687e-7
6190 5.494360842394687e-7
6191 5.494360842394687e-7
6192 5.494360842394687e-7
6193 5.494360842394687e-7
6194 5.494360842394687e-7
6195 5.505624142147806e-7
6196 5.508187622311078e-7
6197 5.508187622311078e-7
6198 5.508187622311078e-7
6199 5.508187622311078e-7
6200 5.516294638259133e-7
6201 5.516935505244042e-7
6202 5.518361441466851e-7
6203 5.520844820132806e-7
6204 5.527317609073024e-7
6205 5.528743551407652e-7
6206 5.533357821813362e-7
6207 5.554394390452933e-7
6208 5.554394390452933e-7
6209 5.554394390452933e-7
6210 5.554394390452933e-7
6211 5.554394390452933e-7
6212 5.554394390452933e-7
6213 5.554394390452933e-7
6214 5.554394390452933e-7
6215 5.554394390452933e-7
6216 5.554394390452933e-7
6217 5.554394390452933e-7
6218 5.554394390452933e-7
6219 5.554394390452933e-7
6220 5.554394390452933e-7
6221 5.554394390452933e-7
6222 5.554394390452933e-7
6223 5.554394390452933e-7
6224 5.554394390452933e-7
6225 5.554394390452933e-7
6226 5.558976610480806e-7
6227 5.558976610480806e-7
6228 5.558976610480806e-7
6229 5.566602974662225e-7
6230 5.569390758575806e-7
6231 5.564600253874725e-7
6232 5.571617783113616e-7
6233 5.56833332224448e-7
6234 5.563622919040716e-7
6235 5.560947287002289e-7
6236 5.560947287002289e-7
6237 5.560947287002289e-7
6238 5.560947287002289e-7
6239 5.560947287002289e-7
6240 5.560947287002289e-7
6241 5.560947287002289e-7
6242 5.560947287002289e-7
6243 5.560947287002289e-7
6244 5.560947287002289e-7
6245 5.560947287002289e-7
6246 5.560947287002289e-7
6247 5.560947287002289e-7
6248 5.560947287002289e-7
6249 5.560947287002289e-7
6250 5.560947287002289e-7
6251 5.560947287002289e-7
6252 5.566074247328834e-7
6253 5.568942144963371e-7
6254 5.56953495471698e-7
6255 5.568685796947043e-7
6256 5.569406777652906e-7
6257 5.568653758792843e-7
6258 5.571169175612998e-7
6259 5.570800669609697e-7
6260 5.571954238739079e-7
6261 5.572691238522043e-7
6262 5.574966332514788e-7
6263 5.574806111184697e-7
6264 5.587062758737105e-7
6265 5.600216639626206e-7
6266 5.600216639626206e-7
6267 5.600216639626206e-7
6268 5.600216639626206e-7
6269 5.600216639626206e-7
6270 5.600216639626206e-7
6271 5.600216639626206e-7
6272 5.600216639626206e-7
6273 5.610054003156515e-7
6274 5.613194267884479e-7
6275 5.611720268318552e-7
6276 5.609461193402905e-7
6277 5.607057934569724e-7
6278 5.611640154597597e-7
6279 5.614027400465497e-7
6280 5.614940640655651e-7
6281 5.614652248373306e-7
6282 5.61035841451596e-7
6283 5.610935199080652e-7
6284 5.612361135303461e-7
6285 5.614011381388397e-7
6286 5.613322438836734e-7
6287 5.60978162995127e-7
6288 5.611159502830962e-7
6289 5.606993846037689e-7
6290 5.606993846037689e-7
6291 5.609333022450652e-7
6292 5.612425229947316e-7
6293 5.612425229947316e-7
6294 5.616382602067379e-7
6295 5.618048867229416e-7
6296 5.624826073640897e-7
6297 5.62878345187278e-7
6298 5.631635324318398e-7
6299 5.627613863666298e-7
6300 5.629119907498243e-7
6301 5.623800675463769e-7
6302 5.623800675463769e-7
6303 5.623800675463769e-7
6304 5.623800675463769e-7
6305 5.623800675463769e-7
6306 5.62998507823346e-7
6307 5.62998507823346e-7
6308 5.62998507823346e-7
6309 5.635624740704479e-7
6310 5.638316397931824e-7
6311 5.638060043803678e-7
6312 5.637755632444233e-7
6313 5.638172195678833e-7
6314 5.640367182062443e-7
6315 5.634054602228679e-7
6316 5.634054602228679e-7
6317 5.634054602228679e-7
6318 5.634054602228679e-7
6319 5.634054602228679e-7
6320 5.634054602228679e-7
6321 5.634054602228679e-7
6322 5.634054602228679e-7
6323 5.634054602228679e-7
6324 5.634054602228679e-7
6325 5.634054602228679e-7
6326 5.634054602228679e-7
6327 5.634054602228679e-7
6328 5.634054602228679e-7
6329 5.634054602228679e-7
6330 5.634054602228679e-7
6331 5.634054602228679e-7
6332 5.634054602228679e-7
6333 5.634054602228679e-7
6334 5.634054602228679e-7
6335 5.634054602228679e-7
6336 5.634054602228679e-7
6337 5.634054602228679e-7
6338 5.634054602228679e-7
6339 5.634054602228679e-7
6340 5.634054602228679e-7
6341 5.634054602228679e-7
6342 5.634054602228679e-7
6343 5.634054602228679e-7
6344 5.639582112824543e-7
6345 5.640046739402261e-7
6346 5.64027104315257e-7
6347 5.64027104315257e-7
6348 5.64027104315257e-7
6349 5.64027104315257e-7
6350 5.64027104315257e-7
6351 5.64027104315257e-7
6352 5.64027104315257e-7
6353 5.64027104315257e-7
6354 5.643106896521088e-7
6355 5.643106896521088e-7
6356 5.653312759942879e-7
6357 5.654995044182015e-7
6358 5.649723881602478e-7
6359 5.649563666384206e-7
6360 5.650765298856706e-7
6361 5.653521044616087e-7
6362 5.647705141737878e-7
6363 5.652527690704978e-7
6364 5.649531622118187e-7
6365 5.647224489971242e-7
6366 5.647224489971242e-7
6367 5.647224489971242e-7
6368 5.649515603041088e-7
6369 5.649179141303806e-7
6370 5.652319412143588e-7
6371 5.652319412143588e-7
6372 5.654818815998461e-7
6373 5.654818815998461e-7
6374 5.654818815998461e-7
6375 5.658872327028398e-7
6376 5.665985989065343e-7
6377 5.666386533222842e-7
6378 5.666354495068643e-7
6379 5.659929763359724e-7
6380 5.660923111159016e-7
6381 5.658664042355188e-7
6382 5.657238106132379e-7
6383 5.659641371077379e-7
6384 5.660458484581298e-7
6385 5.65904856132377e-7
6386 5.667075469662688e-7
6387 5.664880489390897e-7
6388 5.663534660777224e-7
6389 5.662317009227624e-7
6390 5.669078190450188e-7
6391 5.676239928053889e-7
6392 5.677008965991052e-7
6393 5.67744155441457e-7
6394 5.67342009376247e-7
6395 5.67104886697167e-7
6396 5.670920696019415e-7
6397 5.665281039660216e-7
6398 5.669398633110371e-7
6399 5.666386539334661e-7
6400 5.667508064198025e-7
6401 5.666322450802625e-7
6402 5.666963323899353e-7
6403 5.673532245637625e-7
6404 5.675006245203552e-7
6405 5.672538897838335e-7
6406 5.673964834061144e-7
6407 5.675006245203553e-7
6408 5.675038289469572e-7
6409 5.676159814332936e-7
6410 5.676656491288491e-7
6411 5.678098446588399e-7
6412 5.677041010257072e-7
6413 5.681527109710527e-7
6414 5.681911634790927e-7
6415 5.682344217102626e-7
6416 5.682232065227471e-7
6417 5.682888963513118e-7
6418 5.682296159871327e-7
6419 5.697580926388363e-7
6420 5.697580926388363e-7
6421 5.697580926388363e-7
6422 5.697580926388363e-7
6423 5.697580926388363e-7
6424 5.697580926388363e-7
6425 5.697580926388363e-7
6426 5.697580926388363e-7
6427 5.697580926388363e-7
6428 5.697580926388363e-7
6429 5.697580926388363e-7
6430 5.697580926388363e-7
6431 5.697580926388363e-7
6432 5.697580926388363e-7
6433 5.697580926388363e-7
6434 5.697580926388363e-7
6435 5.697580926388363e-7
6436 5.697580926388363e-7
6437 5.700064305054318e-7
6438 5.7032045758941e-7
6439 5.700593026275892e-7
6440 5.703348765923456e-7
6441 5.706024397961883e-7
6442 5.704999012008393e-7
6443 5.707354207498456e-7
6444 5.71988323436793e-7
6445 5.724128998770338e-7
6446 5.724193087302374e-7
6447 5.724962131351356e-7
6448 5.736385646322747e-7
6449 5.730858141838702e-7
6450 5.740775619089966e-7
6451 5.741736910399602e-7
6452 5.738115993905002e-7
6453 5.737923734420711e-7
6454 5.736433709665866e-7
6455 5.738532557139601e-7
6456 5.740198822301638e-7
6457 5.736113273117502e-7
6458 5.736129292194601e-7
6459 5.733421622001974e-7
6460 5.742089391213983e-7
6461 5.750116299552903e-7
6462 5.748241755829476e-7
6463 5.746895921103984e-7
6464 5.74619095947522e-7
6465 5.747697015530802e-7
6466 5.751734495260001e-7
6467 5.749475432567993e-7
6468 5.754041633518765e-7
6469 5.754458196753365e-7
6470 5.770367811178211e-7
6471 5.770367811178211e-7
6472 5.770367811178211e-7
6473 5.770367811178211e-7
6474 5.770367811178211e-7
6475 5.770367811178211e-7
6476 5.779019573536757e-7
6477 5.779019573536757e-7
6478 5.779019573536757e-7
6479 5.779019573536757e-7
6480 5.784995697745057e-7
6481 5.78352169817913e-7
6482 5.785684628073084e-7
6483 5.787495095488112e-7
6484 5.787495095488112e-7
6485 5.78831220899203e-7
6486 5.78831220899203e-7
6487 5.78831220899203e-7
6488 5.78831220899203e-7
6489 5.78831220899203e-7
6490 5.78831220899203e-7
6491 5.78831220899203e-7
6492 5.78831220899203e-7
6493 5.78831220899203e-7
6494 5.794031972960366e-7
6495 5.794448542306785e-7
6496 5.794448542306785e-7
6497 5.79814957252234e-7
6498 5.801850596626076e-7
6499 5.801065533499994e-7
6500 5.802090919453484e-7
6501 5.802090919453484e-7
6502 5.803645032740366e-7
6503 5.803645032740366e-7
6504 5.806288626624594e-7
6505 5.806304651813512e-7
6506 5.808115107004903e-7
6507 5.811928289095612e-7
6508 5.814443705915767e-7
6509 5.815853623061476e-7
6510 5.814619952434777e-7
6511 5.813274117709285e-7
6512 5.806112386217403e-7
6513 5.80837145502123e-7
6514 5.812521098849222e-7
6515 5.810902890918484e-7
6516 5.809733308823821e-7
6517 5.810999023716539e-7
6518 5.815661357465367e-7
6519 5.814876294339285e-7
6520 5.815581255968049e-7
6521 5.822534702786721e-7
6522 5.820499931621385e-7
6523 5.822358456267713e-7
6524 5.821413177923359e-7
6525 5.83522393265083e-7
6526 5.84099177829774e-7
6527 5.84099177829774e-7
6528 5.84099177829774e-7
6529 5.84099177829774e-7
6530 5.84099177829774e-7
6531 5.84099177829774e-7
6532 5.84099177829774e-7
6533 5.84099177829774e-7
6534 5.84099177829774e-7
6535 5.84099177829774e-7
6536 5.84099177829774e-7
6537 5.84099177829774e-7
6538 5.84099177829774e-7
6539 5.843923758352495e-7
6540 5.844260213977958e-7
6541 5.848297699818976e-7
6542 5.849098788133976e-7
6543 5.84882641492873e-7
6544 5.849259003352249e-7
6545 5.849259003352249e-7
6546 5.855555557997094e-7
6547 5.854690375038238e-7
6548 5.853905311912157e-7
6549 5.858487538051848e-7
6550 5.860602410714502e-7
6551 5.857894734410057e-7
6552 5.862525017781048e-7
6553 5.868789534271693e-7
6554 5.87244250114413e-7
6555 5.871817653236321e-7
6556 5.872138089784685e-7
6557 5.872714868237557e-7
6558 5.872827020112712e-7
6559 5.88731069220293e-7
6560 5.885452167556602e-7
6561 5.886525629076848e-7
6562 5.897436441903766e-7
6563 5.898173453910367e-7
6564 5.897372359483548e-7
6565 5.906953381109349e-7
6566 5.932988745235029e-7
6567 5.931915283714783e-7
6568 5.933773808361111e-7
6569 5.941448235885648e-7
6570 5.936914085312713e-7
6571 5.940727267403422e-7
6572 5.94418796256793e-7
6573 5.942105134171294e-7
6574 5.941720602979075e-7
6575 5.943434931484229e-7
6576 5.943162564390802e-7
6577 5.940919520775894e-7
6578 5.947071885391385e-7
6579 5.947808891286168e-7
6580 5.947488448625986e-7
6581 5.947135967811604e-7
6582 5.949971827291941e-7
6583 5.944524424305213e-7
6584 5.945549816370522e-7
6585 5.961731797888795e-7
6586 5.981566752391322e-7
6587 5.981855138561849e-7
6588 5.983104834377467e-7
6589 5.983681625053976e-7
6590 5.980797702230522e-7
6591 5.979339727853514e-7
6592 5.979836392585431e-7
6593 5.979291658398578e-7
6594 5.978939177584196e-7
6595 5.982816448206942e-7
6596 5.982095467501079e-7
6597 5.983233017553361e-7
6598 5.980172860434534e-7
6599 5.978794981443024e-7
6600 5.974084584351079e-7
6601 5.974084584351079e-7
6602 5.975814931933333e-7
6603 5.975814931933333e-7
6604 5.975814931933333e-7
6605 5.975814931933333e-7
6606 5.975814931933333e-7
6607 5.975814931933333e-7
6608 5.988728483883206e-7
6609 5.98985000874657e-7
6610 5.991275938857561e-7
6611 5.992253267579751e-7
6612 5.993150488692807e-7
6613 5.997588518691325e-7
6614 5.997011740238453e-7
6615 5.998309499397189e-7
6616 5.997892936162589e-7
6617 5.995746019233916e-7
6618 5.998309499397189e-7
6619 6.017054967190553e-7
6620 6.017054967190553e-7
6621 6.017054967190553e-7
6622 6.017054967190553e-7
6623 6.017054967190553e-7
6624 6.017054967190553e-7
6625 6.017054967190553e-7
6626 6.017054967190553e-7
6627 6.017054967190553e-7
6628 6.017054967190553e-7
6629 6.017054967190553e-7
6630 6.017054967190553e-7
6631 6.017054967190553e-7
6632 6.017054967190553e-7
6633 6.017054967190553e-7
6634 6.018000251646726e-7
6635 6.024777464170027e-7
6636 6.026139305748981e-7
6637 6.026972438329999e-7
6638 6.025386286888917e-7
6639 6.026892336832681e-7
6640 6.02613930574898e-7
6641 6.029760228355398e-7
6642 6.027004488707834e-7
6643 6.025065850340552e-7
6644 6.018224555397034e-7
6645 6.018256605774871e-7
6646 6.018256605774871e-7
6647 6.018256605774871e-7
6648 6.018256605774871e-7
6649 6.018256605774871e-7
6650 6.018256605774871e-7
6651 6.018256605774871e-7
6652 6.018256605774871e-7
6653 6.018256605774871e-7
6654 6.018256605774871e-7
6655 6.018256605774871e-7
6656 6.018256605774871e-7
6657 6.018256605774871e-7
6658 6.018256605774871e-7
6659 6.018256605774871e-7
6660 6.018256605774871e-7
6661 6.018256605774871e-7
6662 6.018256605774871e-7
6663 6.018256605774871e-7
6664 6.018256605774871e-7
6665 6.018256605774871e-7
6666 6.018256605774871e-7
6667 6.018256605774871e-7
6668 6.018256605774871e-7
6669 6.018256605774871e-7
6670 6.018256605774871e-7
6671 6.018256605774871e-7
6672 6.018256605774871e-7
6673 6.024296818515208e-7
6674 6.024296818515208e-7
6675 6.024296818515208e-7
6676 6.024296818515208e-7
6677 6.024296818515208e-7
6678 6.024296818515208e-7
6679 6.024296818515208e-7
6680 6.024296818515208e-7
6681 6.024296818515208e-7
6682 6.028494519574498e-7
6683 6.028494519574498e-7
6684 6.028494519574498e-7
6685 6.028494519574498e-7
6686 6.028494519574498e-7
6687 6.028494519574498e-7
6688 6.028494519574498e-7
6689 6.028494519574498e-7
6690 6.028494519574498e-7
6691 6.028494519574498e-7
6692 6.037242402507462e-7
6693 6.035159574110826e-7
6694 6.038764477640145e-7
6695 6.039325237015918e-7
6696 6.041808603458235e-7
6697 6.036409269926444e-7
6698 6.036409269926444e-7
6699 6.036409269926444e-7
6700 6.036409269926444e-7
6701 6.036409269926444e-7
6702 6.046871481364562e-7
6703 6.048697955633052e-7
6704 6.053840947260334e-7
6705 6.055298927749161e-7
6706 6.053280187884561e-7
6707 6.049659265278143e-7
6708 6.05512268734197e-7
6709 6.055058604921753e-7
6710 6.05273544758589e-7
6711 6.050973055737617e-7
6712 6.050973055737617e-7
6713 6.050973055737617e-7
6714 6.050973055737617e-7
6715 6.050973055737617e-7
6716 6.050973055737617e-7
6717 6.050973055737617e-7
6718 6.050973055737617e-7
6719 6.050973055737617e-7
6720 6.056116041253081e-7
6721 6.057654135462863e-7
6722 6.063614228370426e-7
6723 6.063341861276999e-7
6724 6.061259032880363e-7
6725 6.060217615626135e-7
6726 6.060249653780335e-7
6727 6.060586121629436e-7
6728 6.062108184538482e-7
6729 6.057558002664809e-7
6730 6.057558002664809e-7
6731 6.063726380245581e-7
6732 6.063726380245581e-7
6733 6.063726380245581e-7
6734 6.063726380245581e-7
6735 6.063726380245581e-7
6736 6.063726380245581e-7
6737 6.068180429321199e-7
6738 6.068180429321199e-7
6739 6.073659870462126e-7
6740 6.079668032824626e-7
6741 6.077216704536508e-7
6742 6.078834900243607e-7
6743 6.079091254371753e-7
6744 6.077553160161971e-7
6745 6.077601223505089e-7
6746 6.077729400569162e-7
6747 6.083016588337617e-7
6748 6.083929828527771e-7
6749 6.08939324447978e-7
6750 6.089217010184407e-7
6751 6.090242396137898e-7
6752 6.090562832686262e-7
6753 6.102707322251697e-7
6754 6.11405073572577e-7
6755 6.11405073572577e-7
6756 6.11763961406617e-7
6757 6.121308600015707e-7
6758 6.124336718980335e-7
6759 6.124753282214934e-7
6760 6.12262239047518e-7
6761 6.124993605042342e-7
6762 6.129367552620643e-7
6763 6.130889615529688e-7
6764 6.129639919714071e-7
6765 6.127396869987343e-7
6766 6.126772022079533e-7
6767 6.127220629580151e-7
6768 6.12701235101876e-7
6769 6.127076439550797e-7
6770 6.127172566237033e-7
6771 6.127172566237033e-7
6772 6.127172566237033e-7
6773 6.128406242975551e-7
6774 6.128406242975551e-7
6775 6.135632062999469e-7
6776 6.138147473707805e-7
6777 6.14083913704697e-7
6778 6.140502681421506e-7
6779 6.139797719792742e-7
6780 6.140791073703852e-7
6781 6.140182244873143e-7
6782 6.141191611749533e-7
6783 6.140759023326015e-7
6784 6.139220935228051e-7
6785 6.141031396531261e-7
6786 6.141223656015552e-7
6787 6.139140827618915e-7
6788 6.141544092563916e-7
6789 6.142136896205706e-7
6790 6.142136896205706e-7
6791 6.142136896205706e-7
6792 6.142136896205706e-7
6793 6.142136896205706e-7
6794 6.142136896205706e-7
6795 6.142136896205706e-7
6796 6.142136896205706e-7
6797 6.152663196175861e-7
6798 6.151237259953051e-7
6799 6.155402916746324e-7
6800 6.15626809970518e-7
6801 6.151365437017125e-7
6802 6.153239980740552e-7
6803 6.154409575058852e-7
6804 6.153848815683079e-7
6805 6.15125328514197e-7
6806 6.153400195958824e-7
6807 6.154281397994778e-7
6808 6.151285323296169e-7
6809 6.150083696935488e-7
6810 6.150131754166787e-7
6811 6.153720632507187e-7
6812 6.155290764871169e-7
6813 6.155947663156815e-7
6814 6.157325536036506e-7
6815 6.156187992096043e-7
6816 6.153848815683079e-7
6817 6.14925056435447e-7
6818 6.15104500046876e-7
6819 6.153768701962125e-7
6820 6.153111809788298e-7
6821 6.156380251580334e-7
6822 6.155739384595426e-7
6823 6.154057094244471e-7
6824 6.153448265413762e-7
6825 6.156620574407743e-7
6826 6.156236049327343e-7
6827 6.156860903346971e-7
6828 6.156011745577033e-7
6829 6.156780789626015e-7
6830 6.156572504952805e-7
6831 6.155835505169841e-7
6832 6.154874201636569e-7
6833 6.160081281795888e-7
6834 6.159712775792587e-7
6835 6.147520216772215e-7
6836 6.150131754166787e-7
6837 6.148978191149223e-7
6838 6.156284118782278e-7
6839 6.158511143320087e-7
6840 6.156236049327341e-7
6841 6.152070398645887e-7
6842 6.152775348051014e-7
6843 6.153223961663451e-7
6844 6.158559206663205e-7
6845 6.160161389405023e-7
6846 6.157437687911659e-7
6847 6.157229403238449e-7
6848 6.160738167857894e-7
6849 6.159824933779559e-7
6850 6.165272324542649e-7
6851 6.163125413725795e-7
6852 6.166826437829531e-7
6853 6.166041374703449e-7
6854 6.184979101981103e-7
6855 6.184979101981103e-7
6856 6.184979101981103e-7
6857 6.191179529939713e-7
6858 6.191179529939713e-7
6859 6.191179529939713e-7
6860 6.203500272135977e-7
6861 6.205102448765977e-7
6862 6.20724936569465e-7
6863 6.205054385422859e-7
6864 6.205358796782305e-7
6865 6.208579169119404e-7
6866 6.209204017027214e-7
6867 6.212776876290514e-7
6868 6.213690116480668e-7
6869 6.213497850884559e-7
6870 6.214555293327705e-7
6871 6.209075846074959e-7
6872 6.20523062583005e-7
6873 6.213513876073477e-7
6874 6.212873002976749e-7
6875 6.21364204702573e-7
6876 6.214090660638167e-7
6877 6.216590052269403e-7
6878 6.230336730688477e-7
6879 6.230336730688477e-7
6880 6.230336730688477e-7
6881 6.230336730688477e-7
6882 6.230336730688477e-7
6883 6.230336730688477e-7
6884 6.230336730688477e-7
6885 6.230336730688477e-7
6886 6.230336730688477e-7
6887 6.230336730688477e-7
6888 6.230336730688477e-7
6889 6.230336730688477e-7
6890 6.230336730688477e-7
6891 6.230336730688477e-7
6892 6.230336730688477e-7
6893 6.230336730688477e-7
6894 6.230336730688477e-7
6895 6.241792296037704e-7
6896 6.245349130112086e-7
6897 6.245349130112086e-7
6898 6.245349130112086e-7
6899 6.245349130112086e-7
6900 6.245349130112086e-7
6901 6.245349130112086e-7
6902 6.245349130112086e-7
6903 6.245349130112086e-7
6904 6.245349130112086e-7
6905 6.245349130112086e-7
6906 6.245349130112086e-7
6907 6.245349130112086e-7
6908 6.245349130112086e-7
6909 6.245349130112086e-7
6910 6.245349130112086e-7
6911 6.245349130112086e-7
6912 6.245349130112086e-7
6913 6.245349130112086e-7
6914 6.245349130112086e-7
6915 6.245349130112086e-7
6916 6.245349130112086e-7
6917 6.245349130112086e-7
6918 6.245349130112086e-7
6919 6.245349130112086e-7
6920 6.250267817989059e-7
6921 6.257621808965232e-7
6922 6.263309534779368e-7
6923 6.258438916357331e-7
6924 6.259993029644214e-7
6925 6.259576460297795e-7
6926 6.258839460514831e-7
6927 6.263053180651222e-7
6928 6.25965657401875e-7
6929 6.260313460080758e-7
6930 6.263854275078041e-7
6931 6.259432270268442e-7
6932 6.25907978945406e-7
6933 6.259015700922024e-7
6934 6.254385411439215e-7
6935 6.258791397171715e-7
6936 6.258198587418105e-7
6937 6.25768589138545e-7
6938 6.25768589138545e-7
6939 6.25768589138545e-7
6940 6.25768589138545e-7
6941 6.25768589138545e-7
6942 6.261947680976777e-7
6943 6.266001185894896e-7
6944 6.265584622660296e-7
6945 6.265392363176005e-7
6946 6.264126642171469e-7
6947 6.263918357498259e-7
6948 6.263037155462304e-7
6949 6.270967937114987e-7
6950 6.269814367985604e-7
6951 6.266834324587733e-7
6952 6.26875692554246e-7
6953 6.264254813123724e-7
6954 6.26793981815036e-7
6955 6.268260254698724e-7
6956 6.267603362524897e-7
6957 6.271961284914279e-7
6958 6.271224285131315e-7
6959 6.270487285348352e-7
6960 6.268260260810543e-7
6961 6.268260260810543e-7
6962 6.268260260810543e-7
6963 6.268260260810543e-7
6964 6.272169569587489e-7
6965 6.273210986841716e-7
6966 6.275758447927888e-7
6967 6.272185594776406e-7
6968 6.277280510836933e-7
6969 6.281446173742024e-7
6970 6.279843997112023e-7
6971 6.276046827986595e-7
6972 6.277216422304896e-7
6973 6.279972168064278e-7
6974 6.281382091321806e-7
6975 6.271368487384307e-7
6976 6.271897202494061e-7
6977 6.272249677196624e-7
6978 6.271624829288815e-7
6979 6.271624829288815e-7
6980 6.276783839993197e-7
6981 6.280837344911316e-7
6982 6.28154230654008e-7
6983 6.281926819396843e-7
6984 6.282119084992952e-7
6985 6.281670477492334e-7
6986 6.279988193253199e-7
6987 6.276960074288571e-7
6988 6.276383295835699e-7
6989 6.276383295835699e-7
6990 6.276383295835699e-7
6991 6.276383295835699e-7
6992 6.276383295835699e-7
6993 6.276383295835699e-7
6994 6.276383295835699e-7
6995 6.284073742437335e-7
6996 6.286701305020825e-7
6997 6.289216727952797e-7
6998 6.288143266432551e-7
6999 6.289425006514188e-7
7000 6.290802879393879e-7
7001 6.291844296648106e-7
7002 6.29317410618468e-7
7003 6.285435590128107e-7
7004 6.285435590128107e-7
7005 6.285435590128107e-7
7006 6.285435590128107e-7
7007 6.285435590128107e-7
7008 6.285435590128107e-7
7009 6.285435590128107e-7
7010 6.292869688713415e-7
7011 6.296875130288416e-7
7012 6.296314370912643e-7
7013 6.295865763412025e-7
7014 6.292853663524497e-7
7015 6.293814967057769e-7
7016 6.299294414310515e-7
7017 6.297660199526316e-7
7018 6.292853663524497e-7
7019 6.291732138661133e-7
7020 6.291732138661133e-7
7021 6.291732138661133e-7
7022 6.293830992246688e-7
7023 6.293830992246688e-7
7024 6.293830992246688e-7
7025 6.293830992246688e-7
7026 6.29698728216357e-7
7027 6.29698728216357e-7
7028 6.29698728216357e-7
7029 6.29698728216357e-7
7030 6.29698728216357e-7
7031 6.29698728216357e-7
7032 6.29698728216357e-7
7033 6.29698728216357e-7
7034 6.304982140124652e-7
7035 6.304982140124652e-7
7036 6.304982140124652e-7
7037 6.304982140124652e-7
7038 6.304982140124652e-7
7039 6.304982140124652e-7
7040 6.304982140124652e-7
7041 6.304982140124652e-7
7042 6.304982140124652e-7
7043 6.304982140124652e-7
7044 6.304982140124652e-7
7045 6.304982140124652e-7
7046 6.304982140124652e-7
7047 6.304982140124652e-7
7048 6.304982140124652e-7
7049 6.304982140124652e-7
7050 6.304982140124652e-7
7051 6.304982140124652e-7
7052 6.304982140124652e-7
7053 6.304982140124652e-7
7054 6.304982140124652e-7
7055 6.304982140124652e-7
7056 6.304982140124652e-7
7057 6.304982140124652e-7
7058 6.304982140124652e-7
7059 6.315652642347798e-7
7060 6.317895685962706e-7
7061 6.315876946098106e-7
7062 6.313826155855669e-7
7063 6.315043813517087e-7
7064 6.308554993276133e-7
7065 6.311871504523106e-7
7066 6.313874225310606e-7
7067 6.324144171152615e-7
7068 6.32222155797425e-7
7069 6.319241514576378e-7
7070 6.321404444470332e-7
7071 6.321228210174959e-7
7072 6.325233639526321e-7
7073 6.324512658820458e-7
7074 6.325169550994285e-7
7075 6.325169550994285e-7
7076 6.325169550994285e-7
7077 6.325169550994285e-7
7078 6.325169550994285e-7
7079 6.325169550994285e-7
7080 6.325169550994285e-7
7081 6.325169550994285e-7
7082 6.325169550994285e-7
7083 6.325169550994285e-7
7084 6.325169550994285e-7
7085 6.325169550994285e-7
7086 6.325169550994285e-7
7087 6.325169550994285e-7
7088 6.325169550994285e-7
7089 6.325169550994285e-7
7090 6.325169550994285e-7
7091 6.325169550994285e-7
7092 6.325169550994285e-7
7093 6.325169550994285e-7
7094 6.325169550994285e-7
7095 6.332267187842311e-7
7096 6.332267187842311e-7
7097 6.332267187842311e-7
7098 6.332267187842311e-7
7099 6.332267187842311e-7
7100 6.332267187842311e-7
7101 6.332267187842311e-7
7102 6.332267187842311e-7
7103 6.332267187842311e-7
7104 6.332267187842311e-7
7105 6.332267187842311e-7
7106 6.332267187842311e-7
7107 6.337474261889812e-7
7108 6.34213658952682e-7
7109 6.34213658952682e-7
7110 6.345901708274411e-7
7111 6.349218219521384e-7
7112 6.347215498733884e-7
7113 6.347263555965183e-7
7114 6.347263555965183e-7
7115 6.347263555965183e-7
7116 6.357309198056883e-7
7117 6.357309198056883e-7
7118 6.357309198056883e-7
7119 6.357309198056883e-7
7120 6.361859379930556e-7
7121 6.361843360853456e-7
7122 6.361843360853456e-7
7123 6.361843360853456e-7
7124 6.361843360853456e-7
7125 6.361843360853456e-7
7126 6.361843360853456e-7
7127 6.361843360853456e-7
7128 6.361843360853456e-7
7129 6.361843360853456e-7
7130 6.361843360853456e-7
7131 6.361843360853456e-7
7132 6.361843360853456e-7
7133 6.361843360853456e-7
7134 6.361843360853456e-7
7135 6.361843360853456e-7
7136 6.361843360853456e-7
7137 6.361843360853456e-7
7138 6.361843360853456e-7
7139 6.361843360853456e-7
7140 6.361843360853456e-7
7141 6.361843360853456e-7
7142 6.361843360853456e-7
7143 6.368380244437529e-7
7144 6.374981216553639e-7
7145 6.37336301473472e-7
7146 6.369982421067529e-7
7147 6.373875710767374e-7
7148 6.370254788160956e-7
7149 6.374244210658856e-7
7150 6.372609989762838e-7
7151 6.372609989762838e-7
7152 6.372609989762838e-7
7153 6.372609989762838e-7
7154 6.372609989762838e-7
7155 6.382575524245402e-7
7156 6.383552859079412e-7
7157 6.383552859079412e-7
7158 6.383552859079412e-7
7159 6.383552859079412e-7
7160 6.388663800328857e-7
7161 6.394095184238485e-7
7162 6.389432844377839e-7
7163 6.389432844377839e-7
7164 6.389432844377839e-7
7165 6.389432844377839e-7
7166 6.397507822171695e-7
7167 6.397684050355248e-7
7168 6.398308904374876e-7
7169 6.398308904374876e-7
7170 6.398308904374876e-7
7171 6.398308904374876e-7
7172 6.398308904374876e-7
7173 6.398308904374876e-7
7174 6.398308904374876e-7
7175 6.398308904374876e-7
7176 6.404621478096821e-7
7177 6.410533507661267e-7
7178 6.411014159427903e-7
7179 6.410293178722039e-7
7180 6.403548016576575e-7
7181 6.403548016576575e-7
7182 6.403548016576575e-7
7183 6.403548016576575e-7
7184 6.408530780761948e-7
7185 6.412568266602966e-7
7186 6.414218506576084e-7
7187 6.411110286114139e-7
7188 6.41389807002772e-7
7189 6.410629628235683e-7
7190 6.410629628235683e-7
7191 6.425225458312874e-7
7192 6.422037130241792e-7
7193 6.430240272876083e-7
7194 6.433012043824383e-7
7195 6.434534106733428e-7
7196 6.433749037495529e-7
7197 6.431586101489757e-7
7198 6.427981197960438e-7
7199 6.426923767740929e-7
7200 6.423382952743646e-7
7201 6.423270800868492e-7
7202 6.425882350486701e-7
7203 6.426058590893892e-7
7204 6.418624486196764e-7
7205 6.418624486196764e-7
7206 6.418624486196764e-7
7207 6.418624486196764e-7
7208 6.418624486196764e-7
7209 6.424536515761209e-7
7210 6.422790149101855e-7
7211 6.42367134502599e-7
7212 6.427100008148119e-7
7213 6.428590026791145e-7
7214 6.4278850712742e-7
7215 6.426667419724601e-7
7216 6.426266869455282e-7
7217 6.427019894427164e-7
7218 6.427981197960436e-7
7219 6.427788938476145e-7
7220 6.425609983393273e-7
7221 6.428798311464355e-7
7222 6.427869046085282e-7
7223 6.428173463556546e-7
7224 6.429727576843428e-7
7225 6.4303043552963e-7
7226 6.423318870323428e-7
7227 6.4242961929338e-7
7228 6.428958526682627e-7
7229 6.430993297847964e-7
7230 6.425914388640899e-7
7231 6.429182836544754e-7
7232 6.429999937825035e-7
7233 6.4310734054571e-7
7234 6.428173457444726e-7
7235 6.427148065379418e-7
7236 6.426683432689881e-7
7237 6.435703694939908e-7
7238 6.434181619807226e-7
7239 6.434453993012472e-7
7240 6.434822492903953e-7
7241 6.43688930222349e-7
7242 6.435431321734662e-7
7243 6.430416507171453e-7
7244 6.434662277685681e-7
7245 6.433684942851671e-7
7246 6.426202780923244e-7
7247 6.426202780923244e-7
7248 6.429871766872781e-7
7249 6.430752956685098e-7
7250 6.432659550786362e-7
7251 6.429006583913925e-7
7252 6.436873270922752e-7
7253 6.437369947878307e-7
7254 6.434646246384942e-7
7255 6.434453986900651e-7
7256 6.433204284973215e-7
7257 6.434838511981052e-7
7258 6.432996006411824e-7
7259 6.435719701793369e-7
7260 6.439452782386761e-7
7261 6.435511423231979e-7
7262 6.43972514336837e-7
7263 6.437626295894634e-7
7264 6.436729080893398e-7
7265 6.434550119698708e-7
7266 6.434053436631334e-7
7267 6.433604829130716e-7
7268 6.431666202987072e-7
7269 6.434053436631335e-7
7270 6.428173451332907e-7
7271 6.428173451332907e-7
7272 6.428173451332907e-7
7273 6.428173451332907e-7
7274 6.428173451332907e-7
7275 6.428173451332907e-7
7276 6.428173451332907e-7
7277 6.428173451332907e-7
7278 6.428173451332907e-7
7279 6.428173451332907e-7
7280 6.428173451332907e-7
7281 6.428173451332907e-7
7282 6.428173451332907e-7
7283 6.428173451332907e-7
7284 6.440814623965716e-7
7285 6.443602413991117e-7
7286 6.442817344753217e-7
7287 6.448601203365408e-7
7288 6.448008405835437e-7
7289 6.448809488038618e-7
7290 6.447575811300099e-7
7291 6.449258095539235e-7
7292 6.448216678285008e-7
7293 6.44576534999689e-7
7294 6.444643831245345e-7
7295 6.446053742279235e-7
7296 6.445108463934881e-7
7297 6.4483288423838e-7
7298 6.443794679587227e-7
7299 6.440590320215408e-7
7300 6.439116320649481e-7
7301 6.438715770380162e-7
7302 6.438715770380162e-7
7303 6.446582451277171e-7
7304 6.453167404316181e-7
7305 6.452174050405071e-7
7306 6.450539829509054e-7
7307 6.454112688772354e-7
7308 6.454080644506335e-7
7309 6.451405006356089e-7
7310 6.450716076028062e-7
7311 6.453263537114235e-7
7312 6.45499387858467e-7
7313 6.454433119208898e-7
7314 6.453648049970998e-7
7315 6.448408937769298e-7
7316 6.448408937769298e-7
7317 6.448408937769298e-7
7318 6.448408937769298e-7
7319 6.448408937769298e-7
7320 6.448408937769298e-7
7321 6.448408937769298e-7
7322 6.448408937769298e-7
7323 6.448408937769298e-7
7324 6.448408937769298e-7
7325 6.448408937769298e-7
7326 6.457877801408125e-7
7327 6.460024724448617e-7
7328 6.460249028198926e-7
7329 6.460777749420499e-7
7330 6.463597583711917e-7
7331 6.466129019609171e-7
7332 6.460729679965562e-7
7333 6.468115709095935e-7
7334 6.472025030096517e-7
7335 6.471352112733772e-7
7336 6.473034396972908e-7
7337 6.471480283686025e-7
7338 6.473659244880716e-7
7339 6.482599387297971e-7
7340 6.488014752130498e-7
7341 6.488014752130498e-7
7342 6.488014752130498e-7
7343 6.488014752130498e-7
7344 6.488014752130498e-7
7345 6.488014752130498e-7
7346 6.488014752130498e-7
7347 6.488014752130498e-7
7348 6.488014752130498e-7
7349 6.488014752130498e-7
7350 6.494487541070717e-7
7351 6.493686446643897e-7
7352 6.493686446643897e-7
7353 6.501601203107661e-7
7354 6.511102111012507e-7
7355 6.509323693975316e-7
7356 6.508298295798188e-7
7357 6.506696125280007e-7
7358 6.507673447890379e-7
7359 6.508506580471396e-7
7360 6.508506580471396e-7
7361 6.508506580471396e-7
7362 6.508506580471396e-7
7363 6.508506580471396e-7
7364 6.516164988918833e-7
7365 6.522221214624451e-7
7366 6.526675269811888e-7
7367 6.525954289106025e-7
7368 6.524736637556425e-7
7369 6.528213364021671e-7
7370 6.527620554268062e-7
7371 6.529639294132662e-7
7372 6.529527142257507e-7
7373 6.532827622203744e-7
7374 6.531529863045008e-7
7375 6.532811603126644e-7
7376 6.529238749975162e-7
7377 6.529206711820963e-7
7378 6.530039838290162e-7
7379 6.532218805596672e-7
7380 6.531241470762662e-7
7381 6.526979687283153e-7
7382 6.532106653721516e-7
7383 6.532939774078897e-7
7384 6.537137481250007e-7
7385 6.550163185075035e-7
7386 6.555979081841425e-7
7387 6.555979081841425e-7
7388 6.555979081841425e-7
7389 6.555979081841425e-7
7390 6.555979081841425e-7
7391 6.555979081841425e-7
7392 6.555979081841425e-7
7393 6.555979081841425e-7
7394 6.555979081841425e-7
7395 6.555979081841425e-7
7396 6.555979081841425e-7
7397 6.555979081841425e-7
7398 6.555979081841425e-7
7399 6.555979081841425e-7
7400 6.555979081841425e-7
7401 6.555979081841425e-7
7402 6.555979081841425e-7
7403 6.555979081841425e-7
7404 6.555979081841425e-7
7405 6.555979081841425e-7
7406 6.555979081841425e-7
7407 6.555979081841425e-7
7408 6.555979081841425e-7
7409 6.555979081841425e-7
7410 6.555979081841425e-7
7411 6.555979081841425e-7
7412 6.566681628330589e-7
7413 6.566681628330589e-7
7414 6.566681628330589e-7
7415 6.566681628330589e-7
7416 6.566681628330589e-7
7417 6.571071582762352e-7
7418 6.571552240640807e-7
7419 6.578377516507226e-7
7420 6.577448251128153e-7
7421 6.57669523226809e-7
7422 6.576294681998771e-7
7423 6.577880839551671e-7
7424 6.576150491969417e-7
7425 6.575926188219109e-7
7426 6.577928909006608e-7
7427 6.575301340311299e-7
7428 6.568780481916145e-7
7429 6.572145050394418e-7
7430 6.57192074053229e-7
7431 6.5733146386009e-7
7432 6.57310635392769e-7
7433 6.570206412027136e-7
7434 6.570206412027136e-7
7435 6.580636579199235e-7
7436 6.581966388735809e-7
7437 6.580764756263309e-7
7438 6.58073271199729e-7
7439 6.579963667948309e-7
7440 6.581886281126673e-7
7441 6.583712755395163e-7
7442 6.589480594930254e-7
7443 6.587926481643372e-7
7444 6.58874359514729e-7
7445 6.588118747239481e-7
7446 6.587413785610717e-7
7447 6.588246918191734e-7
7448 6.588663487538153e-7
7449 6.587477874142753e-7
7450 6.587365722267599e-7
7451 6.58832703191269e-7
7452 6.59673845922019e-7
7453 6.611927086827353e-7
7454 6.611927086827353e-7
7455 6.611927086827353e-7
7456 6.611927086827353e-7
7457 6.611927086827353e-7
7458 6.611927086827353e-7
7459 6.611927086827353e-7
7460 6.611927086827353e-7
7461 6.611927086827353e-7
7462 6.611927086827353e-7
7463 6.611927086827353e-7
7464 6.611927086827353e-7
7465 6.611927086827353e-7
7466 6.611927086827353e-7
7467 6.611927086827353e-7
7468 6.611927086827353e-7
7469 6.611927086827353e-7
7470 6.611927086827353e-7
7471 6.611927086827353e-7
7472 6.611927086827353e-7
7473 6.620050121852507e-7
7474 6.621171646715871e-7
7475 6.621171646715871e-7
7476 6.621171646715871e-7
7477 6.632370864048771e-7
7478 6.634341534458434e-7
7479 6.635943711088434e-7
7480 6.638106653206025e-7
7481 6.637065242063616e-7
7482 6.637065242063616e-7
7483 6.637065242063616e-7
7484 6.640269595323617e-7
7485 6.640878424154326e-7
7486 6.643185556301271e-7
7487 6.647110890267135e-7
7488 6.646966694125962e-7
7489 6.647415301626579e-7
7490 6.647703700020743e-7
7491 6.647976061002352e-7
7492 6.647847890050097e-7
7493 6.649321895727843e-7
7494 6.65236603376957e-7
7495 6.655698564093643e-7
7496 6.649786528417379e-7
7497 6.650459439668306e-7
7498 6.656051038796206e-7
7499 6.653872077601515e-7
7500 6.651709135483924e-7
7501 6.657749342112442e-7
7502 6.655762640402041e-7
7503 6.655762640402041e-7
7504 6.658918930318924e-7
7505 6.656243292168677e-7
7506 6.655698551870005e-7
7507 6.656932228608523e-7
7508 6.65939958208556e-7
7509 6.658246012956178e-7
7510 6.65960786064695e-7
7511 6.661498429559295e-7
7512 6.658502367084324e-7
7513 6.658502367084324e-7
7514 6.658502367084324e-7
7515 6.658502367084324e-7
7516 6.658502367084324e-7
7517 6.658502367084324e-7
7518 6.658502367084324e-7
7519 6.658502367084324e-7
7520 6.658502367084324e-7
7521 6.658502367084324e-7
7522 6.661194030423488e-7
7523 6.666337015938952e-7
7524 6.67298605139818e-7
7525 6.67298605139818e-7
7526 6.67298605139818e-7
7527 6.690321602045835e-7
7528 6.692724866990835e-7
7529 6.688895659711207e-7
7530 6.688895659711207e-7
7531 6.690513855418307e-7
7532 6.690513855418307e-7
7533 6.690513855418307e-7
7534 6.690513855418307e-7
7535 6.690513855418307e-7
7536 6.692180120580344e-7
7537 6.692180120580344e-7
7538 6.692180120580344e-7
7539 6.705478185386979e-7
7540 6.705910773810497e-7
7541 6.703315243269388e-7
7542 6.701136288186516e-7
7543 6.704629033728861e-7
7544 6.705109679383678e-7
7545 6.704244508648461e-7
7546 6.70687207734377e-7
7547 6.701985439844634e-7
7548 6.704420749055652e-7
7549 6.704837318402071e-7
7550 6.702818572425653e-7
7551 6.702946749489725e-7
7552 6.703315243269388e-7
7553 6.702145655062906e-7
7554 6.699774434383924e-7
7555 6.699774434383924e-7
7556 6.714578543022506e-7
7557 6.714915010871608e-7
7558 6.714498441525189e-7
7559 6.715123289432998e-7
7560 6.715123289432998e-7
7561 6.715123289432998e-7
7562 6.715123289432998e-7
7563 6.726707031846298e-7
7564 6.726707031846298e-7
7565 6.726707031846298e-7
7566 6.726707031846298e-7
7567 6.726707031846298e-7
7568 6.738643242850343e-7
7569 6.738050445320372e-7
7570 6.742232127302563e-7
7571 6.745148082168399e-7
7572 6.758702494991362e-7
7573 6.772641426782908e-7
7574 6.772641426782908e-7
7575 6.772641426782908e-7
7576 6.772641426782908e-7
7577 6.772641426782908e-7
7578 6.782847290204698e-7
7579 6.79000902169658e-7
7580 6.790874198543617e-7
7581 6.79161119832658e-7
7582 6.800022619522262e-7
7583 6.803291067426117e-7
7584 6.804252377071207e-7
7585 6.802634175252289e-7
7586 6.801945238812443e-7
7587 6.801368454247752e-7
7588 6.803243004082998e-7
7589 6.800278973650406e-7
7590 6.803323111692133e-7
7591 6.800599410198769e-7
7592 6.802297719626823e-7
7593 6.802489979111114e-7
7594 6.802778377505279e-7
7595 6.811253887232997e-7
7596 6.825096686226487e-7
7597 6.822885686877597e-7
7598 6.822885686877597e-7
7599 6.829150197256424e-7
7600 6.834293176660069e-7
7601 6.834293176660069e-7
7602 6.834293176660069e-7
7603 6.839404124021333e-7
7604 6.83809033356186e-7
7605 6.83607159369726e-7
7606 6.833219721251642e-7
7607 6.83863508608417e-7
7608 6.840012958963861e-7
7609 6.844483027116579e-7
7610 6.84183943934417e-7
7611 6.840317370323307e-7
7612 6.838939503555435e-7
7613 6.839259933991979e-7
7614 6.84283279325528e-7
7615 6.843425590785251e-7
7616 6.845748748121115e-7
7617 6.848135993989015e-7
7618 6.84864869002167e-7
7619 6.848808905239942e-7
7620 6.848103949722997e-7
7621 6.85747668056377e-7
7622 6.854368460101825e-7
7623 6.855009333198552e-7
7624 6.855377826978215e-7
7625 6.869621188464661e-7
7626 6.886011448544324e-7
7627 6.886011448544324e-7
7628 6.886011448544324e-7
7629 6.886011448544324e-7
7630 6.886011448544324e-7
7631 6.886011448544324e-7
7632 6.886011448544324e-7
7633 6.886011448544324e-7
7634 6.886011448544324e-7
7635 6.886011448544324e-7
7636 6.886011448544324e-7
7637 6.886011448544324e-7
7638 6.886011448544324e-7
7639 6.889456118519914e-7
7640 6.896665919466733e-7
7641 6.896842153762106e-7
7642 6.898540469301979e-7
7643 6.898588532645097e-7
7644 6.89954983617837e-7
7645 6.895207938977906e-7
7646 6.895688596856362e-7
7647 6.894743312400188e-7
7648 6.893557692892969e-7
7649 6.892420148952506e-7
7650 6.894871483352442e-7
7651 6.894871483352442e-7
7652 6.894871483352442e-7
7653 6.894871483352442e-7
7654 6.899694026207723e-7
7655 6.902818271858586e-7
7656 6.899005095879696e-7
7657 6.89732281164056e-7
7658 6.898252070907814e-7
7659 6.906343061666951e-7
7660 6.906118757916642e-7
7661 6.909291060798804e-7
7662 6.913280483296705e-7
7663 6.915587621555469e-7
7664 6.914065552534605e-7
7665 6.93697668323306e-7
7666 6.93697668323306e-7
7667 6.93697668323306e-7
7668 6.93697668323306e-7
7669 6.93697668323306e-7
7670 6.93697668323306e-7
7671 6.93697668323306e-7
7672 6.93697668323306e-7
7673 6.93697668323306e-7
7674 6.93697668323306e-7
7675 6.93697668323306e-7
7676 6.93697668323306e-7
7677 6.93697668323306e-7
7678 6.93697668323306e-7
7679 6.93697668323306e-7
7680 6.93697668323306e-7
7681 6.93697668323306e-7
7682 6.93697668323306e-7
7683 6.93697668323306e-7
7684 6.93697668323306e-7
7685 6.93697668323306e-7
7686 6.93697668323306e-7
7687 6.94401023766087e-7
7688 6.943497541628215e-7
7689 6.943497541628215e-7
7690 6.943497541628215e-7
7691 6.955978499042751e-7
7692 6.950867551681487e-7
7693 6.950867551681487e-7
7694 6.954937075676705e-7
7695 6.952934354889205e-7
7696 6.952934354889205e-7
7697 6.952934354889205e-7
7698 6.950066457254669e-7
7699 6.950066457254669e-7
7700 6.950066457254669e-7
7701 6.950066457254669e-7
7702 6.952021108587232e-7
7703 6.955946436441277e-7
7704 6.953751462281305e-7
7705 6.953014462498342e-7
7706 6.953014462498342e-7
7707 6.953014462498342e-7
7708 6.953014462498342e-7
7709 6.953014462498342e-7
7710 6.953014462498342e-7
7711 6.953014462498342e-7
7712 6.953014462498342e-7
7713 6.953014462498342e-7
7714 6.953014462498342e-7
7715 6.953014462498342e-7
7716 6.953014462498342e-7
7717 6.953014462498342e-7
7718 6.953014462498342e-7
7719 6.953014462498342e-7
7720 6.953014462498342e-7
7721 6.953014462498342e-7
7722 6.953014462498342e-7
7723 6.953014462498342e-7
7724 6.953014462498342e-7
7725 6.953014462498342e-7
7726 6.953014462498342e-7
7727 6.953014462498342e-7
7728 6.953014462498342e-7
7729 6.953014462498342e-7
7730 6.953014462498342e-7
7731 6.953014462498342e-7
7732 6.953014462498342e-7
7733 6.953014462498342e-7
7734 6.953014462498342e-7
7735 6.953014462498342e-7
7736 6.953014462498342e-7
7737 6.953014462498342e-7
7738 6.953014462498342e-7
7739 6.953014462498342e-7
7740 6.962291078876516e-7
7741 6.96243526890587e-7
7742 6.96461423010056e-7
7743 6.961153528824234e-7
7744 6.96381314178556e-7
7745 6.961554072981733e-7
7746 6.958894453908587e-7
7747 6.963989382192751e-7
7748 6.96419766686596e-7
7749 6.96419766686596e-7
7750 6.96419766686596e-7
7751 6.96419766686596e-7
7752 6.96419766686596e-7
7753 6.96419766686596e-7
7754 6.96419766686596e-7
7755 6.96419766686596e-7
7756 6.96419766686596e-7
7757 6.96419766686596e-7
7758 6.970077658276206e-7
7759 6.980267496509078e-7
7760 6.980972452026023e-7
7761 6.982110002078306e-7
7762 6.985778988027842e-7
7763 6.984833703571669e-7
7764 6.98363206498735e-7
7765 6.983567982567133e-7
7766 6.98382433058346e-7
7767 6.985058007321979e-7
7768 6.985811032293861e-7
7769 6.984977893601024e-7
7770 6.983664115365188e-7
7771 6.980139325556824e-7
7772 6.97600570691775e-7
7773 6.978489085583706e-7
7774 6.971407455589141e-7
7775 6.971407455589141e-7
7776 6.971407455589141e-7
7777 6.971407455589141e-7
7778 6.971407455589141e-7
7779 6.971407455589141e-7
7780 6.979498446348278e-7
7781 6.981741502186824e-7
7782 6.977495725560777e-7
7783 6.983023242268459e-7
7784 6.982270217296577e-7
7785 6.985410482024541e-7
7786 6.985538659088614e-7
7787 6.984657457052659e-7
7788 6.984657457052659e-7
7789 6.984657457052659e-7
7790 6.984657457052659e-7
7791 6.984657457052659e-7
7792 6.984657457052659e-7
7793 6.984657457052659e-7
7794 6.984657457052659e-7
7795 6.984657457052659e-7
7796 6.984657457052659e-7
7797 6.984657457052659e-7
7798 6.988967316098923e-7
7799 6.988967316098923e-7
7800 6.995199782211732e-7
7801 6.995199782211732e-7
7802 7.000134489165805e-7
7803 7.000134489165805e-7
7804 7.000134489165805e-7
7805 7.005501778431578e-7
7806 7.005501778431578e-7
7807 7.005501778431578e-7
7808 7.010981219572505e-7
7809 7.013785028675005e-7
7810 7.013785028675005e-7
7811 7.013785028675005e-7
7812 7.013785028675005e-7
7813 7.013785028675005e-7
7814 7.013785028675005e-7
7815 7.013785028675005e-7
7816 7.013785028675005e-7
7817 7.013785028675005e-7
7818 7.013785028675005e-7
7819 7.013785028675005e-7
7820 7.013785028675005e-7
7821 7.013785028675005e-7
7822 7.013785028675005e-7
7823 7.013785028675005e-7
7824 7.021363329513305e-7
7825 7.017774451172905e-7
7826 7.018623602831023e-7
7827 7.021010842587105e-7
7828 7.02310969617266e-7
7829 7.023894765410559e-7
7830 7.021395367667505e-7
7831 7.021699785138769e-7
7832 7.027531700982258e-7
7833 7.027980320706514e-7
7834 7.024263259190222e-7
7835 7.024727897991577e-7
7836 7.024599720927504e-7
7837 7.027900213097378e-7
7838 7.029822820163923e-7
7839 7.026714599701978e-7
7840 7.030848212229232e-7
7841 7.033459755735622e-7
7842 7.041598828173333e-7
7843 7.049785951730524e-7
7844 7.049048945835742e-7
7845 7.049048945835742e-7
7846 7.049048945835742e-7
7847 7.049048945835742e-7
7848 7.049048945835742e-7
7849 7.054896886868151e-7
7850 7.052605773798305e-7
7851 7.052605773798305e-7
7852 7.052605773798305e-7
7853 7.052605773798305e-7
7854 7.052605773798305e-7
7855 7.052605773798305e-7
7856 7.052605773798305e-7
7857 7.052605773798305e-7
7858 7.055329475291669e-7
7859 7.055329475291669e-7
7860 7.055329475291669e-7
7861 7.060472466918951e-7
7862 7.060472466918951e-7
7863 7.060472466918951e-7
7864 7.064205541400524e-7
7865 7.067041394769042e-7
7866 7.06971702680747e-7
7867 7.072600943519106e-7
7868 7.07171974759497e-7
7869 7.070293805260343e-7
7870 7.067570109878798e-7
7871 7.067570109878798e-7
7872 7.077423498598025e-7
7873 7.078000283162716e-7
7874 7.073305905147871e-7
7875 7.073305905147871e-7
7876 7.073305905147871e-7
7877 7.073305905147871e-7
7878 7.073305905147871e-7
7879 7.078096409848952e-7
7880 7.074619683383706e-7
7881 7.074795923790897e-7
7882 7.081605180580215e-7
7883 7.082374218517379e-7
7884 7.080323434386761e-7
7885 7.08035547865278e-7
7886 7.079858801697225e-7
7887 7.083303483896452e-7
7888 7.08037149772988e-7
7889 7.076109708138553e-7
7890 7.076109708138553e-7
7891 7.083912306615343e-7
7892 7.081124522701762e-7
7893 7.082710680254662e-7
7894 7.084072527945434e-7
7895 7.08354380672386e-7
7896 7.080756022810279e-7
7897 7.080243326777624e-7
7898 7.078016302239816e-7
7899 7.077631777159415e-7
7900 7.077631777159415e-7
7901 7.077631777159415e-7
7902 7.077631777159415e-7
7903 7.077631777159415e-7
7904 7.077631777159415e-7
7905 7.077631777159415e-7
7906 7.077631777159415e-7
7907 7.077631777159415e-7
7908 7.077631777159415e-7
7909 7.077631777159415e-7
7910 7.077631777159415e-7
7911 7.077631777159415e-7
7912 7.077631777159415e-7
7913 7.077631777159415e-7
7914 7.077631777159415e-7
7915 7.077631777159415e-7
7916 7.077631777159415e-7
7917 7.077631777159415e-7
7918 7.077631777159415e-7
7919 7.081204636422716e-7
7920 7.082326155174261e-7
7921 7.082326155174261e-7
7922 7.086443748624415e-7
7923 7.083431660960525e-7
7924 7.083127243489262e-7
7925 7.084697375853243e-7
7926 7.086075248732935e-7
7927 7.082694655065743e-7
7928 7.092740303269262e-7
7929 7.091154145716362e-7
7930 7.095271739166517e-7
7931 7.094470650851517e-7
7932 7.092131474438553e-7
7933 7.090288974981145e-7
7934 7.090016601775899e-7
7935 7.091827056967289e-7
7936 7.092371797265962e-7
7937 7.092532018596053e-7
7938 7.089151424928862e-7
7939 7.089151424928862e-7
7940 7.096120896936453e-7
7941 7.096120896936453e-7
7942 7.096120896936453e-7
7943 7.104884805058335e-7
7944 7.103939520602162e-7
7945 7.104564368509971e-7
7946 7.100751192531081e-7
7947 7.101824647939508e-7
7948 7.100831300140217e-7
7949 7.100831300140217e-7
7950 7.100831300140217e-7
7951 7.109643265493398e-7
7952 7.109643265493398e-7
7953 7.114081295491916e-7
7954 7.114081295491916e-7
7955 7.114081295491916e-7
7956 7.11720554114278e-7
7957 7.117189522065681e-7
7958 7.116564668046053e-7
7959 7.11722156021988e-7
7960 7.119464603834789e-7
7961 7.12422307649349e-7
7962 7.121787761170653e-7
7963 7.125392664699972e-7
7964 7.130711884510807e-7
7965 7.13124060573238e-7
7966 7.131416846139571e-7
7967 7.131545023203644e-7
7968 7.148816485319262e-7
7969 7.148816485319262e-7
7970 7.148816485319262e-7
7971 7.148816485319262e-7
7972 7.148816485319262e-7
7973 7.148816485319262e-7
7974 7.148816485319262e-7
7975 7.148816485319262e-7
7976 7.148816485319262e-7
7977 7.148816485319262e-7
7978 7.148816485319262e-7
7979 7.148816485319262e-7
7980 7.148816485319262e-7
7981 7.148816485319262e-7
7982 7.148816485319262e-7
7983 7.148816485319262e-7
7984 7.148816485319262e-7
7985 7.148816485319262e-7
7986 7.148816485319262e-7
7987 7.148816485319262e-7
7988 7.148816485319262e-7
7989 7.148816485319262e-7
7990 7.148816485319262e-7
7991 7.148816485319262e-7
7992 7.148816485319262e-7
7993 7.148816485319262e-7
7994 7.148816485319262e-7
7995 7.155369387980434e-7
7996 7.158910196865898e-7
7997 7.154055597520961e-7
7998 7.153590970943243e-7
7999 7.15706769740849e-7
8000 7.156538976186916e-7
8001 7.156538976186916e-7
8002 7.156538976186916e-7
8003 7.156538976186916e-7
8004 7.156538976186916e-7
8005 7.156538976186916e-7
8006 7.164902340151298e-7
8007 7.165927732216607e-7
8008 7.164213403711452e-7
8009 7.165559238436944e-7
8010 7.165767516998334e-7
8011 7.163284138332379e-7
8012 7.162402948520062e-7
8013 7.162402948520062e-7
8014 7.168379072728362e-7
8015 7.169532641857744e-7
8016 7.177014803786171e-7
8017 7.175572842374443e-7
8018 7.176726411503824e-7
8019 7.17518832340586e-7
8020 7.169628768543979e-7
8021 7.166728826643424e-7
8022 7.166728826643424e-7
8023 7.166728826643424e-7
8024 7.171919875502006e-7
8025 7.17062211634327e-7
8026 7.172112141098116e-7
8027 7.175620899605743e-7
8028 7.176341886423425e-7
8029 7.176678342048888e-7
8030 7.175813165201852e-7
8031 7.175316488246297e-7
8032 7.17627779177957e-7
8033 7.174835836479661e-7
8034 7.169981243246543e-7
8035 7.171647502296761e-7
8036 7.171647502296761e-7
8037 7.180106992947378e-7
8038 7.179866670119969e-7
8039 7.179994841072224e-7
8040 7.180795935499043e-7
8041 7.18025119520037e-7
8042 7.17605349414108e-7
8043 7.182414131206144e-7
8044 7.181004214060435e-7
8045 7.179546233571607e-7
8046 7.177431360908953e-7
8047 7.176518120718799e-7
8048 7.17707888620639e-7
8049 7.17707888620639e-7
8050 7.17707888620639e-7
8051 7.17707888620639e-7
8052 7.185538376857007e-7
8053 7.188214008895434e-7
8054 7.189335533758798e-7
8055 7.191402336966516e-7
8056 7.198612137913335e-7
8057 7.222436508801945e-7
8058 7.2249038683908e-7
8059 7.2297264173579e-7
8060 7.231040201705554e-7
8061 7.230367284342808e-7
8062 7.231280530644782e-7
8063 7.237288686895463e-7
8064 7.242591905964655e-7
8065 7.243360943901819e-7
8066 7.239099148198673e-7
8067 7.238490325479782e-7
8068 7.24835972716429e-7
8069 7.250090080858363e-7
8070 7.249000600261018e-7
8071 7.247927138740772e-7
8072 7.274218850882781e-7
8073 7.280098842293027e-7
8074 7.282806518597473e-7
8075 7.285177745388274e-7
8076 7.283126955145837e-7
8077 7.283094916991638e-7
8078 7.290913540657346e-7
8079 7.291538382453337e-7
8080 7.285321941529446e-7
8081 7.286427441203892e-7
8082 7.28644346639281e-7
8083 7.289375446447564e-7
8084 7.280627557402783e-7
8085 7.28365567636741e-7
8086 7.284729131775837e-7
8087 7.279778405744665e-7
8088 7.279778405744665e-7
8089 7.288366079571174e-7
8090 7.291890863267719e-7
8091 7.291233971093892e-7
8092 7.291169888673675e-7
8093 7.294774786091175e-7
8094 7.292916261444847e-7
8095 7.294518431963028e-7
8096 7.288510269600528e-7
8097 7.287981554490774e-7
8098 7.289920192858056e-7
8099 7.293925634433057e-7
8100 7.294165957260466e-7
8101 7.291810761770403e-7
8102 7.292723995848738e-7
8103 7.291906894568457e-7
8104 7.292740021037656e-7
8105 7.290609123186084e-7
8106 7.291586458020094e-7
8107 7.293380894134384e-7
8108 7.29264389435142e-7
8109 7.293380894134384e-7
8110 7.291778711392566e-7
8111 7.29447037473173e-7
8112 7.29450241288593e-7
8113 7.290400838512875e-7
8114 7.294085843539512e-7
8115 7.295816203345404e-7
8116 7.292820128646795e-7
8117 7.288622421475686e-7
8118 7.287004225768586e-7
8119 7.286123035956268e-7
8120 7.289439534979604e-7
8121 7.289439534979604e-7
8122 7.289439534979604e-7
8123 7.289439534979604e-7
8124 7.289439534979604e-7
8125 7.289439534979604e-7
8126 7.289439534979604e-7
8127 7.289439534979604e-7
8128 7.289439534979604e-7
8129 7.289439534979604e-7
8130 7.289439534979604e-7
8131 7.289439534979604e-7
8132 7.289439534979604e-7
8133 7.289439534979604e-7
8134 7.289439534979604e-7
8135 7.293477026932441e-7
8136 7.298091285114513e-7
8137 7.298091285114513e-7
8138 7.298091285114513e-7
8139 7.305429257013585e-7
8140 7.305429257013585e-7
8141 7.306326472014821e-7
8142 7.308120914240931e-7
8143 7.308120914240931e-7
8144 7.320137238965931e-7
8145 7.320778112062659e-7
8146 7.323549876899141e-7
8147 7.320601871655468e-7
8148 7.319336150650932e-7
8149 7.319752719997351e-7
8150 7.318278714319606e-7
8151 7.319304112496734e-7
8152 7.313888747664206e-7
8153 7.31600362032686e-7
8154 7.316099753124915e-7
8155 7.317349448940533e-7
8156 7.320185302309051e-7
8157 7.320025087090779e-7
8158 7.315635126547197e-7
8159 7.312318615300224e-7
8160 7.312318615300224e-7
8161 7.312318615300224e-7
8162 7.312318615300224e-7
8163 7.312318615300224e-7
8164 7.312318615300224e-7
8165 7.312318615300224e-7
8166 7.313263893644578e-7
8167 7.319432277337169e-7
8168 7.327234881925779e-7
8169 7.331704956190315e-7
8170 7.342311357657787e-7
8171 7.338305928306424e-7
8172 7.339379377603033e-7
8173 7.327363046766214e-7
8174 7.328853065409241e-7
8175 7.328660812036769e-7
8176 7.329125444726306e-7
8177 7.329365767553715e-7
8178 7.328997267662233e-7
8179 7.332105488124178e-7
8180 7.332185595733315e-7
8181 7.324350959102325e-7
8182 7.324350959102325e-7
8183 7.324350959102325e-7
8184 7.324350959102325e-7
8185 7.331112140324888e-7
8186 7.334572847713034e-7
8187 7.334973391870534e-7
8188 7.335357910839115e-7
8189 7.334684999588188e-7
8190 7.335005430024732e-7
8191 7.33383584181825e-7
8192 7.328068002283159e-7
8193 7.328068002283159e-7
8194 7.328068002283159e-7
8195 7.330391153507204e-7
8196 7.333787772363313e-7
8197 7.338962808256614e-7
8198 7.338033542877541e-7
8199 7.339539586709486e-7
8200 7.340773263448004e-7
8201 7.341141769451305e-7
8202 7.346428951107941e-7
8203 7.352789594284823e-7
8204 7.363620311726241e-7
8205 7.383327083052878e-7
8206 7.38246191231766e-7
8207 7.388838568459823e-7
8208 7.394301990523651e-7
8209 7.391738510360378e-7
8210 7.392010877453805e-7
8211 7.39249153533226e-7
8212 7.395327388700779e-7
8213 7.414745761633251e-7
8214 7.414745761633251e-7
8215 7.414745761633251e-7
8216 7.414745761633251e-7
8217 7.414745761633251e-7
8218 7.414745761633251e-7
8219 7.414745761633251e-7
8220 7.414745761633251e-7
8221 7.414745761633251e-7
8222 7.414745761633251e-7
8223 7.414745761633251e-7
8224 7.414745761633251e-7
8225 7.414745761633251e-7
8226 7.414745761633251e-7
8227 7.414745761633251e-7
8228 7.414745761633251e-7
8229 7.414745761633251e-7
8230 7.414745761633251e-7
8231 7.414745761633251e-7
8232 7.419295949618742e-7
8233 7.419295949618742e-7
8234 7.419295949618742e-7
8235 7.424887548746643e-7
8236 7.424503023666243e-7
8237 7.427531136519051e-7
8238 7.42834824391115e-7
8239 7.43172884369016e-7
8240 7.431184097279668e-7
8241 7.429229445947104e-7
8242 7.424775396871486e-7
8243 7.428989123119695e-7
8244 7.427178655704667e-7
8245 7.423798062037476e-7
8246 7.427146617550468e-7
8247 7.426553807796858e-7
8248 7.421555018422567e-7
8249 7.42150695507945e-7
8250 7.425544440920468e-7
8251 7.433379083663277e-7
8252 7.432658096845594e-7
8253 7.427627269317104e-7
8254 7.425288086792322e-7
8255 7.426746067281149e-7
8256 7.432674128146332e-7
8257 7.43331499513124e-7
8258 7.427451028909913e-7
8259 7.422932891302259e-7
8260 7.422932891302259e-7
8261 7.422932891302259e-7
8262 7.422932891302259e-7
8263 7.427755446381178e-7
8264 7.431889058908432e-7
8265 7.432193476379696e-7
8266 7.430671401247013e-7
8267 7.437256354286023e-7
8268 7.438954657602259e-7
8269 7.438954657602259e-7
8270 7.438954657602259e-7
8271 7.438954657602259e-7
8272 7.438954657602259e-7
8273 7.438954657602259e-7
8274 7.438954657602259e-7
8275 7.438954657602259e-7
8276 7.438954657602259e-7
8277 7.438954657602259e-7
8278 7.438954657602259e-7
8279 7.438954657602259e-7
8280 7.438954657602259e-7
8281 7.438954657602259e-7
8282 7.438954657602259e-7
8283 7.438954657602259e-7
8284 7.452012399581487e-7
8285 7.458196802351178e-7
8286 7.457780239116578e-7
8287 7.457443783491115e-7
8288 7.457732169661642e-7
8289 7.451499703548833e-7
8290 7.451499703548833e-7
8291 7.451499703548833e-7
8292 7.451499703548833e-7
8293 7.451499703548833e-7
8294 7.451499703548833e-7
8295 7.451499703548833e-7
8296 7.451499703548833e-7
8297 7.451499703548833e-7
8298 7.451499703548833e-7
8299 7.451499703548833e-7
8300 7.451499703548833e-7
8301 7.451499703548833e-7
8302 7.451499703548833e-7
8303 7.451499703548833e-7
8304 7.451499703548833e-7
8305 7.451499703548833e-7
8306 7.451499703548833e-7
8307 7.451499703548833e-7
8308 7.451499703548833e-7
8309 7.451499703548833e-7
8310 7.451499703548833e-7
8311 7.451499703548833e-7
8312 7.451499703548833e-7
8313 7.451499703548833e-7
8314 7.451499703548833e-7
8315 7.451499703548833e-7
8316 7.451499703548833e-7
8317 7.451499703548833e-7
8318 7.451499703548833e-7
8319 7.451499703548833e-7
8320 7.451499703548833e-7
8321 7.451499703548833e-7
8322 7.451499703548833e-7
8323 7.451499703548833e-7
8324 7.451499703548833e-7
8325 7.451499703548833e-7
8326 7.451499703548833e-7
8327 7.451499703548833e-7
8328 7.458661435040715e-7
8329 7.460375769657688e-7
8330 7.45595375873627e-7
8331 7.459462523355715e-7
8332 7.459462523355715e-7
8333 7.467329210364542e-7
8334 7.469636348623306e-7
8335 7.469508177671051e-7
8336 7.47013302557886e-7
8337 7.468659019901115e-7
8338 7.469812589030497e-7
8339 7.468578912291978e-7
8340 7.462955275009878e-7
8341 7.464349166966669e-7
8342 7.46934795022914e-7
8343 7.469460102104295e-7
8344 7.467120925691331e-7
8345 7.467809868242995e-7
8346 7.466255754956113e-7
8347 7.466496077783522e-7
8348 7.469844633296513e-7
8349 7.469668386777503e-7
8350 7.46692866620704e-7
8351 7.468034171993304e-7
8352 7.467617608758704e-7
8353 7.467649646912903e-7
8354 7.465182299547686e-7
8355 7.465182299547686e-7
8356 7.465182299547686e-7
8357 7.471206480987285e-7
8358 7.471206480987285e-7
8359 7.471206480987285e-7
8360 7.471206480987285e-7
8361 7.474122441964939e-7
8362 7.483831628431176e-7
8363 7.48152449628423e-7
8364 7.480018452452285e-7
8365 7.493861257557595e-7
8366 7.505509088502931e-7
8367 7.499597046714848e-7
8368 7.496793243724166e-7
8369 7.497898749510431e-7
8370 7.495030845764076e-7
8371 7.49376512475954e-7
8372 7.494357934513148e-7
8373 7.496953458942439e-7
8374 7.495159022828148e-7
8375 7.494598257340557e-7
8376 7.504307449918613e-7
8377 7.504659930732995e-7
8378 7.499597052826667e-7
8379 7.497321958833922e-7
8380 7.493973415544567e-7
8381 7.501711925489321e-7
8382 7.509033866087657e-7
8383 7.514032673797404e-7
8384 7.512718883337931e-7
8385 7.514240958470614e-7
8386 7.513375775511758e-7
8387 7.513600079262067e-7
8388 7.512382427712467e-7
8389 7.508873663093022e-7
8390 7.511453168445213e-7
8391 7.51151725697725e-7
8392 7.509097966843331e-7
8393 7.505573177034967e-7
8394 7.512622750539875e-7
8395 7.51070014347333e-7
8396 7.511276921926202e-7
8397 7.517429292653512e-7
8398 7.51752541322793e-7
8399 7.518839209799222e-7
8400 7.518166286324658e-7
8401 7.519223722655985e-7
8402 7.521578930369686e-7
8403 7.522748518576167e-7
8404 7.522764537653267e-7
8405 7.52693019444654e-7
8406 7.531977053275767e-7
8407 7.525904802381231e-7
8408 7.529734009660859e-7
8409 7.528083763575922e-7
8410 7.528292048249132e-7
8411 7.523485518359132e-7
8412 7.520761816865768e-7
8413 7.522492164448022e-7
8414 7.520217076567095e-7
8415 7.525840719961014e-7
8416 7.526433523602804e-7
8417 7.52694621352364e-7
8418 7.527154498196849e-7
8419 7.528820763358886e-7
8420 7.527026327244596e-7
8421 7.524687150831632e-7
8422 7.523501543548051e-7
8423 7.519880614829813e-7
8424 7.519239747844905e-7
8425 7.527795371293577e-7
8426 7.527795371293577e-7
8427 7.53474881811225e-7
8428 7.53474881811225e-7
8429 7.53474881811225e-7
8430 7.53474881811225e-7
8431 7.53474881811225e-7
8432 7.53474881811225e-7
8433 7.53474881811225e-7
8434 7.540468594304223e-7
8435 7.538353715529749e-7
8436 7.538353715529749e-7
8437 7.538353715529749e-7
8438 7.538353715529749e-7
8439 7.540244284442095e-7
8440 7.546733104683049e-7
8441 7.545467383678513e-7
8442 7.54070892324345e-7
8443 7.54070892324345e-7
8444 7.55032198302345e-7
8445 7.55312579212595e-7
8446 7.553141817314868e-7
8447 7.556442303372923e-7
8448 7.55512851291345e-7
8449 7.552981602096596e-7
8450 7.553814734677614e-7
8451 7.552837399843604e-7
8452 7.550978881309095e-7
8453 7.552725247968449e-7
8454 7.552549013673077e-7
8455 7.549857350333912e-7
8456 7.551363400277676e-7
8457 7.545996104900085e-7
8458 7.548175066094775e-7
8459 7.547950762344466e-7
8460 7.549761223647676e-7
8461 7.551699862014959e-7
8462 7.552356754188786e-7
8463 7.553510317206349e-7
8464 7.552132450438477e-7
8465 7.553798703376876e-7
8466 7.550081654084222e-7
8467 7.547790541014376e-7
8468 7.549328635224158e-7
8469 7.550161767805176e-7
8470 7.547357958702676e-7
8471 7.543544776611966e-7
8472 7.547422047234712e-7
8473 7.547422047234712e-7
8474 7.547422047234712e-7
8475 7.547422047234712e-7
8476 7.56030354269493e-7
8477 7.56890723559854e-7
8478 7.570076823805022e-7
8479 7.574819271274804e-7
8480 7.577174472876686e-7
8481 7.580555066543877e-7
8482 7.580907547358259e-7
8483 7.583679306082922e-7
8484 7.583134571896069e-7
8485 7.577446839970114e-7
8486 7.581980996654869e-7
8487 7.583855546490115e-7
8488 7.582301433203233e-7
8489 7.576277251763633e-7
8490 7.576870049293605e-7
8491 7.582605850674496e-7
8492 7.577430814781196e-7
8493 7.583567148095951e-7
8494 7.588197437578759e-7
8495 7.590472525459687e-7
8496 7.585345565133143e-7
8497 7.584288128801815e-7
8498 7.598195022439161e-7
8499 7.59600004216737e-7
8500 7.602488856296507e-7
8501 7.603321988877524e-7
8502 7.602681115780797e-7
8503 7.604283292410797e-7
8504 7.615017883165979e-7
8505 7.614184744473142e-7
8506 7.61682833835737e-7
8507 7.621122172214715e-7
8508 7.621122172214715e-7
8509 7.621122172214715e-7
8510 7.621122172214715e-7
8511 7.632994306910362e-7
8512 7.630094371121626e-7
8513 7.631904826313016e-7
8514 7.640652715357798e-7
8515 7.642447145360269e-7
8516 7.637784817723261e-7
8517 7.638666007535579e-7
8518 7.63961129810357e-7
8519 7.641085297669497e-7
8520 7.640796905387152e-7
8521 7.641261538076689e-7
8522 7.635878223621998e-7
8523 7.635878223621998e-7
8524 7.641854347830299e-7
8525 7.641950474516535e-7
8526 7.641950474516535e-7
8527 7.641950474516535e-7
8528 7.641950474516535e-7
8529 7.641950474516535e-7
8530 7.641950474516535e-7
8531 7.641950474516535e-7
8532 7.641950474516535e-7
8533 7.641950474516535e-7
8534 7.641950474516535e-7
8535 7.641950474516535e-7
8536 7.641950474516535e-7
8537 7.641950474516535e-7
8538 7.641950474516535e-7
8539 7.641950474516535e-7
8540 7.641950474516535e-7
8541 7.641950474516535e-7
8542 7.641950474516535e-7
8543 7.641950474516535e-7
8544 7.641950474516535e-7
8545 7.641950474516535e-7
8546 7.641950474516535e-7
8547 7.641950474516535e-7
8548 7.641950474516535e-7
8549 7.641950474516535e-7
8550 7.641950474516535e-7
8551 7.641950474516535e-7
8552 7.641950474516535e-7
8553 7.641950474516535e-7
8554 7.641950474516535e-7
8555 7.641950474516535e-7
8556 7.641950474516535e-7
8557 7.649801142448262e-7
8558 7.650730401715516e-7
8559 7.65146740149848e-7
8560 7.651819882312861e-7
8561 7.653037533862461e-7
8562 7.654367343399035e-7
8563 7.65286129956709e-7
8564 7.65286129956709e-7
8565 7.655889418531718e-7
8566 7.655889418531718e-7
8567 7.655889418531718e-7
8568 7.655889418531718e-7
8569 7.655889418531718e-7
8570 7.665262143260671e-7
8571 7.665262143260671e-7
8572 7.665262143260671e-7
8573 7.671574723094435e-7
8574 7.678367948583017e-7
8575 7.68709981243888e-7
8576 7.684408161323354e-7
8577 7.6878848877886e-7
8578 7.687804774067646e-7
8579 7.696600726455546e-7
8580 7.698042687867273e-7
8581 7.69490242313931e-7
8582 7.698266991617583e-7
8583 7.696039967079775e-7
8584 7.706037551940175e-7
8585 7.703345900824649e-7
8586 7.712654543133385e-7
8587 7.710812037564157e-7
8588 7.712878852995512e-7
8589 7.71052365139363e-7
8590 7.709930853863658e-7
8591 7.707815981201004e-7
8592 7.706982848619987e-7
8593 7.707287259979432e-7
8594 7.706341975523259e-7
8595 7.706646392994522e-7
8596 7.701343180037149e-7
8597 7.705044210252704e-7
8598 7.70912975943684e-7
8599 7.706662412071623e-7
8600 7.712029701337395e-7
8601 7.709866759219804e-7
8602 7.71154904345894e-7
8603 7.716916338836531e-7
8604 7.715634592643077e-7
8605 7.710731936066841e-7
8606 7.712045720414495e-7
8607 7.709946866828941e-7
8608 7.712638524056286e-7
8609 7.714224681609187e-7
8610 7.719063249653387e-7
8611 7.72402999476166e-7
8612 7.723469235385887e-7
8613 7.725183563891042e-7
8614 7.727378544162833e-7
8615 7.730566878345733e-7
8616 7.729909986171906e-7
8617 7.731688403209097e-7
8618 7.733755206416814e-7
8619 7.73280992196064e-7
8620 7.730967422503232e-7
8621 7.733194447041041e-7
8622 7.734604358074931e-7
8623 7.754968033799031e-7
8624 7.754968033799031e-7
8625 7.754968033799031e-7
8626 7.754968033799031e-7
8627 7.754968033799031e-7
8628 7.754968033799031e-7
8629 7.756361925755822e-7
8630 7.756554191351931e-7
8631 7.757291191134895e-7
8632 7.75918176004724e-7
8633 7.75918176004724e-7
8634 7.764116460889495e-7
8635 7.764500992081714e-7
8636 7.764549049313013e-7
8637 7.764549049313013e-7
8638 7.774562653250513e-7
8639 7.772944457543413e-7
8640 7.772944457543413e-7
8641 7.772944457543413e-7
8642 7.772944457543413e-7
8643 7.772944457543413e-7
8644 7.772944457543413e-7
8645 7.772944457543413e-7
8646 7.772944457543413e-7
8647 7.772944457543413e-7
8648 7.772944457543413e-7
8649 7.772944457543413e-7
8650 7.772944457543413e-7
8651 7.772944457543413e-7
8652 7.772944457543413e-7
8653 7.772944457543413e-7
8654 7.772944457543413e-7
8655 7.77842389868434e-7
8656 7.786258541427149e-7
8657 7.785841978192549e-7
8658 7.785169066941622e-7
8659 7.786899414523876e-7
8660 7.786755218382703e-7
8661 7.786867370257857e-7
8662 7.785841978192548e-7
8663 7.786594997052611e-7
8664 7.785265199739676e-7
8665 7.786979522133011e-7
8666 7.785425408846129e-7
8667 7.785425408846129e-7
8668 7.795262778488257e-7
8669 7.789735261780575e-7
8670 7.801351048459894e-7
8671 7.79825884096323e-7
8672 7.803017307510112e-7
8673 7.803113434196348e-7
8674 7.801399105691193e-7
8675 7.800533934955976e-7
8676 7.793820810964711e-7
8677 7.795999772159402e-7
8678 7.797185385554802e-7
8679 7.797682056398538e-7
8680 7.800325650282765e-7
8681 7.800485871612857e-7
8682 7.801671478896438e-7
8683 7.801270934738938e-7
8684 7.810595608348412e-7
8685 7.809137621747765e-7
8686 7.808753102779184e-7
8687 7.819728010249956e-7
8688 7.828652133590111e-7
8689 7.828652133590111e-7
8690 7.828652133590111e-7
8691 7.828652133590111e-7
8692 7.828652133590111e-7
8693 7.828652133590111e-7
8694 7.828652133590111e-7
8695 7.828652133590111e-7
8696 7.828652133590111e-7
8697 7.828652133590111e-7
8698 7.828652133590111e-7
8699 7.828652133590111e-7
8700 7.828652133590111e-7
8701 7.837768522526374e-7
8702 7.837768522526374e-7
8703 7.837768522526374e-7
8704 7.837768522526374e-7
8705 7.837768522526374e-7
8706 7.837768522526374e-7
8707 7.837768522526374e-7
8708 7.837768522526374e-7
8709 7.837768522526374e-7
8710 7.837768522526374e-7
8711 7.837768522526374e-7
8712 7.837768522526374e-7
8713 7.837768522526374e-7
8714 7.837768522526374e-7
8715 7.837768522526374e-7
8716 7.837768522526374e-7
8717 7.843296033122238e-7
8718 7.843296033122238e-7
8719 7.852588662465694e-7
8720 7.860503412817639e-7
8721 7.861256431677702e-7
8722 7.868498276890538e-7
8723 7.869026992000292e-7
8724 7.885080802566311e-7
8725 7.885080802566311e-7
8726 7.885080802566311e-7
8727 7.885080802566311e-7
8728 7.885080802566311e-7
8729 7.888237086371374e-7
8730 7.889903351533411e-7
8731 7.891441439631375e-7
8732 7.892771249167948e-7
8733 7.892771249167948e-7
8734 7.901583226744767e-7
8735 7.899035765658595e-7
8736 7.902688732531032e-7
8737 7.902688732531032e-7
8738 7.902688732531032e-7
8739 7.902688732531032e-7
8740 7.902688732531032e-7
8741 7.91436859551875e-7
8742 7.915922708805633e-7
8743 7.917572954890569e-7
8744 7.915986797337669e-7
8745 7.920504941057143e-7
8746 7.923869509535415e-7
8747 7.92318057309557e-7
8748 7.924462307065387e-7
8749 7.925263401492206e-7
8750 7.929252823990106e-7
8751 7.928692052390696e-7
8752 7.92779483738946e-7
8753 7.927858925921496e-7
8754 7.923436915000078e-7
8755 7.928211406735879e-7
8756 7.928067204482888e-7
8757 7.927554514562052e-7
8758 7.930470469427888e-7
8759 7.944617704228098e-7
8760 7.944617704228098e-7
8761 7.944617704228098e-7
8762 7.959005255743898e-7
8763 7.957499205800134e-7
8764 7.95358989091137e-7
8765 7.959934515011152e-7
8766 7.96060742626208e-7
8767 7.959533970853653e-7
8768 7.958556648243281e-7
8769 7.958556648243281e-7
8770 7.958556648243281e-7
8771 7.958556648243281e-7
8772 7.958556648243281e-7
8773 7.958556648243281e-7
8774 7.958556648243281e-7
8775 7.958556648243281e-7
8776 7.958556648243281e-7
8777 7.958556648243281e-7
8778 7.961809070958217e-7
8779 7.961809070958217e-7
8780 7.965830531610317e-7
8781 7.965830531610317e-7
8782 7.965830531610317e-7
8783 7.976324793426272e-7
8784 7.972399459460409e-7
8785 7.976693293317754e-7
8786 7.977061793209236e-7
8787 7.973905509404173e-7
8788 7.974866812937445e-7
8789 7.974322072638773e-7
8790 7.973905509404173e-7
8791 7.973905509404173e-7
8792 7.973905509404173e-7
8793 7.973905509404173e-7
8794 7.973905509404173e-7
8795 7.973905509404173e-7
8796 7.973905509404173e-7
8797 7.973905509404173e-7
8798 7.973905509404173e-7
8799 7.973905509404173e-7
8800 7.979977760298709e-7
8801 7.979977760298709e-7
8802 7.979977760298709e-7
8803 7.979977760298709e-7
8804 7.979977760298709e-7
8805 7.979977760298709e-7
8806 7.979977760298709e-7
8807 7.979977760298709e-7
8808 7.979977760298709e-7
8809 7.979977760298709e-7
8810 7.979977760298709e-7
8811 7.979977760298709e-7
8812 7.979977760298709e-7
8813 7.979977760298709e-7
8814 7.991962040757691e-7
8815 7.995326615347782e-7
8816 7.995230482549727e-7
8817 7.9953586596138e-7
8818 7.995438767222936e-7
8819 7.997809994013737e-7
8820 7.997425468933337e-7
8821 7.997425468933337e-7
8822 7.997425468933337e-7
8823 7.997425468933337e-7
8824 7.997425468933337e-7
8825 7.997425468933337e-7
8826 7.997425468933337e-7
8827 7.997425468933337e-7
8828 7.997425468933337e-7
8829 7.997425468933337e-7
8830 7.997425468933337e-7
8831 7.997425468933337e-7
8832 7.997425468933337e-7
8833 7.997425468933337e-7
8834 7.997425468933337e-7
8835 7.997425468933337e-7
8836 7.997425468933337e-7
8837 7.997425468933337e-7
8838 7.997425468933337e-7
8839 7.997425468933337e-7
8840 7.997425468933337e-7
8841 7.997425468933337e-7
8842 7.997425468933337e-7
8843 7.997425468933337e-7
8844 7.997425468933337e-7
8845 8.005660655833646e-7
8846 8.00673412346571e-7
8847 8.00673412346571e-7
8848 8.011780982294937e-7
8849 8.010547305556419e-7
8850 8.010547305556419e-7
8851 8.015033405009874e-7
8852 8.015033405009874e-7
8853 8.015033405009874e-7
8854 8.015033405009874e-7
8855 8.015033405009874e-7
8856 8.015033405009874e-7
8857 8.020849313999902e-7
8858 8.022884072941602e-7
8859 8.020320592778329e-7
8860 8.020320592778329e-7
8861 8.026969628237557e-7
8862 8.028331475928329e-7
8863 8.028603849133575e-7
8864 8.029917633481229e-7
8865 8.023589034570365e-7
8866 8.026200584188573e-7
8867 8.028539760601537e-7
8868 8.029116551278047e-7
8869 8.027354153317955e-7
8870 8.029549133589746e-7
8871 8.029965696824346e-7
8872 8.036278282769929e-7
8873 8.037031307741811e-7
8874 8.035653434862119e-7
8875 8.030366253205484e-7
8876 8.032224771739992e-7
8877 8.032224771739992e-7
8878 8.032224771739992e-7
8879 8.039498655107028e-7
8880 8.037912503665946e-7
8881 8.037784326601874e-7
8882 8.046291892819247e-7
8883 8.042334508475547e-7
8884 8.04361626078082e-7
8885 8.04566703879962e-7
8886 8.042366558853384e-7
8887 8.041693641490638e-7
8888 8.043311843309557e-7
8889 8.043584210402984e-7
8890 8.034243523828229e-7
8891 8.034243523828229e-7
8892 8.034243523828229e-7
8893 8.039883180187429e-7
8894 8.039883180187429e-7
8895 8.039883180187429e-7
8896 8.039883180187429e-7
8897 8.046163709643356e-7
8898 8.046163709643356e-7
8899 8.046163709643356e-7
8900 8.046163709643356e-7
8901 8.046163709643356e-7
8902 8.046163709643356e-7
8903 8.046163709643356e-7
8904 8.046163709643356e-7
8905 8.046163709643356e-7
8906 8.054430934697864e-7
8907 8.059894356761691e-7
8908 8.057699376489901e-7
8909 8.059509831681291e-7
8910 8.06032694518521e-7
8911 8.062233533174655e-7
8912 8.060535229858419e-7
8913 8.062409779693665e-7
8914 8.061865039394993e-7
8915 8.060230812387156e-7
8916 8.060294907031011e-7
8917 8.060294907031011e-7
8918 8.060294907031011e-7
8919 8.060294907031011e-7
8920 8.060294907031011e-7
8921 8.060294907031011e-7
8922 8.060294907031011e-7
8923 8.060294907031011e-7
8924 8.060294907031011e-7
8925 8.060294907031011e-7
8926 8.075179129390548e-7
8927 8.075179129390548e-7
8928 8.082645272241875e-7
8929 8.082645272241875e-7
8930 8.092018003082648e-7
8931 8.092610812836258e-7
8932 8.095238381531567e-7
8933 8.096007425580548e-7
8934 8.094036742947248e-7
8935 8.086955125176321e-7
8936 8.089102042104994e-7
8937 8.087612017350148e-7
8938 8.090031301372248e-7
8939 8.090031301372248e-7
8940 8.090031301372248e-7
8941 8.090031301372248e-7
8942 8.095030090746538e-7
8943 8.095398584526201e-7
8944 8.097000767268019e-7
8945 8.096231717107219e-7
8946 8.096343868982373e-7
8947 8.092098104579965e-7
8948 8.095462673058237e-7
8949 8.092738977676692e-7
8950 8.09600741335691e-7
8951 8.098843266725429e-7
8952 8.102848708300429e-7
8953 8.100108987729966e-7
8954 8.098106266942466e-7
8955 8.096776463517712e-7
8956 8.091521326127093e-7
8957 8.091521326127093e-7
8958 8.091521326127093e-7
8959 8.102704512159256e-7
8960 8.10579671965592e-7
8961 8.106133175281383e-7
8962 8.107735351911383e-7
8963 8.108552465415302e-7
8964 8.107190611612711e-7
8965 8.106629852236938e-7
8966 8.10480336574481e-7
8967 8.107430940551938e-7
8968 8.104162498759901e-7
8969 8.104306701012892e-7
8970 8.10558843498271e-7
8971 8.109033111070118e-7
8972 8.105139821370273e-7
8973 8.103473562320055e-7
8974 8.10337743563382e-7
8975 8.104210568214837e-7
8976 8.107126523080673e-7
8977 8.109417636150519e-7
8978 8.108536446338202e-7
8979 8.108536446338202e-7
8980 8.108936978272064e-7
8981 8.108167940334901e-7
8982 8.105492308296474e-7
8983 8.10477132759061e-7
8984 8.113743514273883e-7
8985 8.123965402884592e-7
8986 8.124061529570828e-7
8987 8.127906755927555e-7
8988 8.127906755927555e-7
8989 8.131896178425455e-7
8990 8.131896178425455e-7
8991 8.131896178425455e-7
8992 8.137455733287337e-7
8993 8.140051257716627e-7
8994 8.134748050871072e-7
8995 8.140884396409464e-7
8996 8.144441218260209e-7
8997 8.135372898778881e-7
8998 8.135372898778881e-7
8999 8.135372898778881e-7
9000 8.135372898778881e-7
9001 8.141172776468172e-7
9002 8.143287661354464e-7
9003 8.138224771224499e-7
9004 8.143527984181872e-7
9005 8.143015282037399e-7
9006 8.143640136057027e-7
9007 8.144088743557644e-7
9008 8.143864439807335e-7
9009 8.145434572171317e-7
9010 8.146427919970608e-7
9011 8.149279792416226e-7
9012 8.152500170865145e-7
9013 8.154262568825236e-7
9014 8.154967518230363e-7
9015 8.162257432898137e-7
9016 8.165365659471902e-7
9017 8.174401922463573e-7
9018 8.1706207907507e-7
9019 8.172158884960482e-7
9020 8.174289770588418e-7
9021 8.176036149471409e-7
9022 8.172927922897645e-7
9023 8.172222973492518e-7
9024 8.185104475064554e-7
9025 8.184287361560635e-7
9026 8.191465118241435e-7
9027 8.190551871939462e-7
9028 8.185120494141653e-7
9029 8.184063057810326e-7
9030 8.184928234657363e-7
9031 8.184223273028599e-7
9032 8.182236571318198e-7
9033 8.180522242813044e-7
9034 8.187555797240853e-7
9035 8.193852370221155e-7
9036 8.1957749772877e-7
9037 8.200341178238472e-7
9038 8.199267722830045e-7
9039 8.20080580481619e-7
9040 8.209137130626372e-7
9041 8.208400130843408e-7
9042 8.205051581442236e-7
9043 8.206285245957117e-7
9044 8.208656478859736e-7
9045 8.202936708779581e-7
9046 8.204410714457328e-7
9047 8.204891360112145e-7
9048 8.204154360329181e-7
9049 8.205372017990599e-7
9050 8.207887434810754e-7
9051 8.205323948535663e-7
9052 8.204074258831864e-7
9053 8.202872620247545e-7
9054 8.203881993235755e-7
9055 8.204699094516036e-7
9056 8.205756536959182e-7
9057 8.204843296769027e-7
9058 8.199716330330664e-7
9059 8.199844501282918e-7
9060 8.208512276606745e-7
9061 8.216186698019463e-7
9062 8.210450902750389e-7
9063 8.21081940875369e-7
9064 8.21601046372409e-7
9065 8.218397703480172e-7
9066 8.221169468316654e-7
9067 8.220784949348073e-7
9068 8.2186380324194e-7
9069 8.217083919132518e-7
9070 8.217083919132518e-7
9071 8.222419170244091e-7
9072 8.225879871520418e-7
9073 8.226937307851745e-7
9074 8.225927928751718e-7
9075 8.225719650190327e-7
9076 8.226825155976591e-7
9077 8.224598131438783e-7
9078 8.222178841304864e-7
9079 8.220368373889836e-7
9080 8.219182766606255e-7
9081 8.219310943670328e-7
9082 8.219342987936346e-7
9083 8.219342987936346e-7
9084 8.219342987936346e-7
9085 8.219342987936346e-7
9086 8.219342987936346e-7
9087 8.219342987936346e-7
9088 8.219342987936346e-7
9089 8.219342987936346e-7
9090 8.219342987936346e-7
9091 8.219342987936346e-7
9092 8.219342987936346e-7
9093 8.219342987936346e-7
9094 8.219342987936346e-7
9095 8.219342987936346e-7
9096 8.219342987936346e-7
9097 8.219342987936346e-7
9098 8.219342987936346e-7
9099 8.219342987936346e-7
9100 8.219342987936346e-7
9101 8.219342987936346e-7
9102 8.219342987936346e-7
9103 8.219342987936346e-7
9104 8.219342987936346e-7
9105 8.219342987936346e-7
9106 8.219342987936346e-7
9107 8.219342987936346e-7
9108 8.219342987936346e-7
9109 8.219342987936346e-7
9110 8.219342987936346e-7
9111 8.219342987936346e-7
9112 8.219342987936346e-7
9113 8.219342987936346e-7
9114 8.219342987936346e-7
9115 8.219342987936346e-7
9116 8.219342987936346e-7
9117 8.219342987936346e-7
9118 8.219342987936346e-7
9119 8.219342987936346e-7
9120 8.219342987936346e-7
9121 8.219342987936346e-7
9122 8.219342987936346e-7
9123 8.227610212990855e-7
9124 8.227610212990855e-7
9125 8.227610212990855e-7
9126 8.227610212990855e-7
9127 8.231038863889345e-7
9128 8.231038863889345e-7
9129 8.231038863889345e-7
9130 8.231038863889345e-7
9131 8.231038863889345e-7
9132 8.240219335245827e-7
9133 8.243119277146382e-7
9134 8.243119277146382e-7
9135 8.244384992039099e-7
9136 8.244384992039099e-7
9137 8.254927311086353e-7
9138 8.259605676135918e-7
9139 8.260342675918882e-7
9140 8.260663106355427e-7
9141 8.256689709046445e-7
9142 8.258612322224809e-7
9143 8.257266499722956e-7
9144 8.264091775589374e-7
9145 8.264444256403756e-7
9146 8.268241413305547e-7
9147 8.26758452113172e-7
9148 8.265117167654683e-7
9149 8.265117167654683e-7
9150 8.271894374066165e-7
9151 8.276108100314374e-7
9152 8.275323037188292e-7
9153 8.274089360449774e-7
9154 8.281715712407554e-7
9155 8.285737166947836e-7
9156 8.286073634796937e-7
9157 8.294565175825393e-7
9158 8.294068498869838e-7
9159 8.298442434224501e-7
9160 8.29666401718731e-7
9161 8.299163414930365e-7
9162 8.309209063133882e-7
9163 8.308824538053482e-7
9164 8.312926112426536e-7
9165 8.3068698806091e-7
9166 8.309080886069809e-7
9167 8.30866431672339e-7
9168 8.307927316940426e-7
9169 8.308936696040454e-7
9170 8.308423993895981e-7
9171 8.308423993895981e-7
9172 8.308423993895981e-7
9173 8.308423993895981e-7
9174 8.31105156259129e-7
9175 8.31105156259129e-7
9176 8.31105156259129e-7
9177 8.31105156259129e-7
9178 8.31846963598768e-7
9179 8.320744729980426e-7
9180 8.321113229871908e-7
9181 8.322523147017617e-7
9182 8.321754102968636e-7
9183 8.322603254626754e-7
9184 8.320792793323544e-7
9185 8.322202710469253e-7
9186 8.322619279815672e-7
9187 8.321161293215026e-7
9188 8.321193337481045e-7
9189 8.321417641231353e-7
9190 8.320600533839254e-7
9191 8.321802166311754e-7
9192 8.31986353405629e-7
9193 8.317620484329562e-7
9194 8.317620484329562e-7
9195 8.317620484329562e-7
9196 8.317620484329562e-7
9197 8.317620484329562e-7
9198 8.317620484329562e-7
9199 8.317620484329562e-7
9200 8.317620484329562e-7
9201 8.317620484329562e-7
9202 8.317620484329562e-7
9203 8.317620484329562e-7
9204 8.317620484329562e-7
9205 8.317620484329562e-7
9206 8.317620484329562e-7
9207 8.317620484329562e-7
9208 8.317620484329562e-7
9209 8.317620484329562e-7
9210 8.317620484329562e-7
9211 8.317620484329562e-7
9212 8.317620484329562e-7
9213 8.317620484329562e-7
9214 8.317620484329562e-7
9215 8.317620484329562e-7
9216 8.317620484329562e-7
9217 8.317620484329562e-7
9218 8.328210866719934e-7
9219 8.326897088484098e-7
9220 8.326800955686043e-7
9221 8.32708934185657e-7
9222 8.328226891908853e-7
9223 8.331142852886507e-7
9224 8.331238985684562e-7
9225 8.328995942069653e-7
9226 8.330646175930952e-7
9227 8.33027767603947e-7
9228 8.331607479464225e-7
9229 8.346155240086479e-7
9230 8.366438814313263e-7
9231 8.370716622981691e-7
9232 8.369595104230146e-7
9233 8.370396186433327e-7
9234 8.372270736268573e-7
9235 8.364676416353173e-7
9236 8.365365358904836e-7
9237 8.365365358904836e-7
9238 8.365365358904836e-7
9239 8.380810346751964e-7
9240 8.380810346751964e-7
9241 8.380810346751964e-7
9242 8.389702419714282e-7
9243 8.387859926368692e-7
9244 8.383021346100854e-7
9245 8.383021346100854e-7
9246 8.386562161098137e-7
9247 8.383261675040083e-7
9248 8.383261675040083e-7
9249 8.383261675040083e-7
9250 8.383261675040083e-7
9251 8.383261675040083e-7
9252 8.383261675040083e-7
9253 8.383261675040083e-7
9254 8.387042812864773e-7
9255 8.390759868269247e-7
9256 8.392378063976346e-7
9257 8.393563671259927e-7
9258 8.393627759791964e-7
9259 8.3941084115586e-7
9260 8.391384716177055e-7
9261 8.391224494846963e-7
9262 8.3908720201444e-7
9263 8.386642274819091e-7
9264 8.387731749304618e-7
9265 8.391368690988137e-7
9266 8.391368690988137e-7
9267 8.391609019927364e-7
9268 8.391609019927364e-7
9269 8.394557025171037e-7
9270 8.393820025388073e-7
9271 8.4012861682394e-7
9272 8.400228731908073e-7
9273 8.401670687207981e-7
9274 8.404073952152982e-7
9275 8.406829691800545e-7
9276 8.407374438211037e-7
9277 8.413382606685356e-7
9278 8.414440036904864e-7
9279 8.431791618853257e-7
9280 8.435508668145911e-7
9281 8.435284364395602e-7
9282 8.433409814560356e-7
9283 8.430477828393783e-7
9284 8.430477828393783e-7
9285 8.430477828393783e-7
9286 8.430477828393783e-7
9287 8.430477828393783e-7
9288 8.430477828393783e-7
9289 8.430477828393783e-7
9290 8.430477828393783e-7
9291 8.437703648417702e-7
9292 8.441036172629956e-7
9293 8.437639559885665e-7
9294 8.439722388282302e-7
9295 8.441805216678938e-7
9296 8.438761084749029e-7
9297 8.437319123337301e-7
9298 8.439305825047702e-7
9299 8.438328490213692e-7
9300 8.44194941282011e-7
9301 8.445394095019338e-7
9302 8.443038893417455e-7
9303 8.443807937466437e-7
9304 8.445474202628473e-7
9305 8.444384722031128e-7
9306 8.445618398769646e-7
9307 8.440747780347609e-7
9308 8.440747780347609e-7
9309 8.440026805753564e-7
9310 8.440571546052237e-7
9311 8.440587565129336e-7
9312 8.442077589884182e-7
9313 8.442878678199182e-7
9314 8.440891982600601e-7
9315 8.446996271649337e-7
9316 8.448422207872146e-7
9317 8.448630486433537e-7
9318 8.447845423307455e-7
9319 8.45476682586011e-7
9320 8.473448211233255e-7
9321 8.473448211233255e-7
9322 8.473448211233255e-7
9323 8.473448211233255e-7
9324 8.473448211233255e-7
9325 8.473448211233255e-7
9326 8.473448211233255e-7
9327 8.473448211233255e-7
9328 8.473448211233255e-7
9329 8.473448211233255e-7
9330 8.473448211233255e-7
9331 8.473448211233255e-7
9332 8.473448211233255e-7
9333 8.473448211233255e-7
9334 8.473448211233255e-7
9335 8.473448211233255e-7
9336 8.476604501150138e-7
9337 8.47694096288742e-7
9338 8.475194584004429e-7
9339 8.475194584004429e-7
9340 8.475194584004429e-7
9341 8.475194584004429e-7
9342 8.475194584004429e-7
9343 8.475194584004429e-7
9344 8.475194584004429e-7
9345 8.475194584004429e-7
9346 8.475194584004429e-7
9347 8.475194584004429e-7
9348 8.475194584004429e-7
9349 8.475194584004429e-7
9350 8.475194584004429e-7
9351 8.475194584004429e-7
9352 8.475194584004429e-7
9353 8.475194584004429e-7
9354 8.475194584004429e-7
9355 8.475194584004429e-7
9356 8.475194584004429e-7
9357 8.475194584004429e-7
9358 8.475194584004429e-7
9359 8.475194584004429e-7
9360 8.475194584004429e-7
9361 8.475194584004429e-7
9362 8.475194584004429e-7
9363 8.475194584004429e-7
9364 8.475194584004429e-7
9365 8.475194584004429e-7
9366 8.475194584004429e-7
9367 8.475194584004429e-7
9368 8.475194584004429e-7
9369 8.475194584004429e-7
9370 8.475194584004429e-7
9371 8.475194584004429e-7
9372 8.475194584004429e-7
9373 8.486473908946465e-7
9374 8.494580924894521e-7
9375 8.492466052231866e-7
9376 8.493491450408994e-7
9377 8.493491450408994e-7
9378 8.493491450408994e-7
9379 8.493491450408994e-7
9380 8.50294430108254e-7
9381 8.504049800756986e-7
9382 8.499884143963713e-7
9383 8.503521079535413e-7
9384 8.503937648881832e-7
9385 8.497753240000321e-7
9386 8.496904088342203e-7
9387 8.497625069048067e-7
9388 8.505251439341304e-7
9389 8.505812198717077e-7
9390 8.503473022304113e-7
9391 8.498810682443467e-7
9392 8.498810682443467e-7
9393 8.498810682443467e-7
9394 8.498810682443467e-7
9395 8.498810682443467e-7
9396 8.498810682443467e-7
9397 8.498810682443467e-7
9398 8.50557186977785e-7
9399 8.50557186977785e-7
9400 8.508215463662077e-7
9401 8.512701550891895e-7
9402 8.513967271896431e-7
9403 8.512124772439022e-7
9404 8.511916487765813e-7
9405 8.513342423988622e-7
9406 8.513086075972295e-7
9407 8.514079423771586e-7
9408 8.515024708227759e-7
9409 8.525262615915569e-7
9410 8.524429489446369e-7
9411 8.529508392541614e-7
9412 8.530197322869641e-7
9413 8.531959720829733e-7
9414 8.530790132623251e-7
9415 8.524477552789487e-7
9416 8.529139886538314e-7
9417 8.526864792545569e-7
9418 8.524605729853561e-7
9419 8.524605729853561e-7
9420 8.526816729202451e-7
9421 8.526816729202451e-7
9422 8.526816729202451e-7
9423 8.526816729202451e-7
9424 8.526816729202451e-7
9425 8.534395023928933e-7
9426 8.534395023928933e-7
9427 8.534395023928933e-7
9428 8.534395023928933e-7
9429 8.544777133869733e-7
9430 8.54386388756776e-7
9431 8.542982691643624e-7
9432 8.542982691643624e-7
9433 8.542982691643624e-7
9434 8.542982691643624e-7
9435 8.542982691643624e-7
9436 8.542982691643624e-7
9437 8.542982691643624e-7
9438 8.542982691643624e-7
9439 8.542982691643624e-7
9440 8.542982691643624e-7
9441 8.542982691643624e-7
9442 8.542982691643624e-7
9443 8.546155000637606e-7
9444 8.54724448734677e-7
9445 8.54724448734677e-7
9446 8.551314017453807e-7
9447 8.555511724624917e-7
9448 8.556505066312389e-7
9449 8.555575807045135e-7
9450 8.555575807045135e-7
9451 8.563778949679426e-7
9452 8.563330342178808e-7
9453 8.565925872719918e-7
9454 8.563250234569672e-7
9455 8.564708215058499e-7
9456 8.56389110155458e-7
9457 8.563041949896462e-7
9458 8.56448391130819e-7
9459 8.568425258239335e-7
9460 8.566967283862327e-7
9461 8.561936450222018e-7
9462 8.564596063183344e-7
9463 8.563843038211462e-7
9464 8.563618734461154e-7
9465 8.562641399627144e-7
9466 8.558283483349581e-7
9467 8.559965767588716e-7
9468 8.559965767588716e-7
9469 8.566166189435507e-7
9470 8.567528043238098e-7
9471 8.567431910440043e-7
9472 8.563266247534952e-7
9473 8.565973929951216e-7
9474 8.563923139708779e-7
9475 8.563218184191834e-7
9476 8.563138076582697e-7
9477 8.563138076582697e-7
9478 8.563138076582697e-7
9479 8.563138076582697e-7
9480 8.563138076582697e-7
9481 8.563138076582697e-7
9482 8.563138076582697e-7
9483 8.579320064212789e-7
9484 8.579512329808898e-7
9485 8.576756584049516e-7
9486 8.581675259702852e-7
9487 8.584559182526306e-7
9488 8.575667097340351e-7
9489 8.575667097340351e-7
9490 8.575667097340351e-7
9491 8.575667097340351e-7
9492 8.575667097340351e-7
9493 8.575667097340351e-7
9494 8.575667097340351e-7
9495 8.575667097340351e-7
9496 8.575667097340351e-7
9497 8.575667097340351e-7
9498 8.575667097340351e-7
9499 8.575667097340351e-7
9500 8.575667097340351e-7
9501 8.575667097340351e-7
9502 8.575667097340351e-7
9503 8.575667097340351e-7
9504 8.575667097340351e-7
9505 8.575667097340351e-7
9506 8.575667097340351e-7
9507 8.575667097340351e-7
9508 8.575667097340351e-7
9509 8.575667097340351e-7
9510 8.575667097340351e-7
9511 8.575667097340351e-7
9512 8.575667097340351e-7
9513 8.575667097340351e-7
9514 8.575667097340351e-7
9515 8.575667097340351e-7
9516 8.575667097340351e-7
9517 8.575667097340351e-7
9518 8.575667097340351e-7
9519 8.581002348451924e-7
9520 8.581002348451924e-7
9521 8.585135960979179e-7
9522 8.587619333533314e-7
9523 8.586642004811124e-7
9524 8.588532573723469e-7
9525 8.589189465897296e-7
9526 8.58992646568026e-7
9527 8.588949143069888e-7
9528 8.591656819374333e-7
9529 8.594588805540905e-7
9530 8.589606035243714e-7
9531 8.589221516275133e-7
9532 8.593034692254023e-7
9533 8.59269823662856e-7
9534 8.590503256356769e-7
9535 8.588612687444424e-7
9536 8.59026293352936e-7
9537 8.594749020759178e-7
9538 8.59349932494356e-7
9539 8.604506282792169e-7
9540 8.607983003145596e-7
9541 8.605996301435196e-7
9542 8.606380832627415e-7
9543 8.606380832627415e-7
9544 8.608720015152197e-7
9545 8.609473040124079e-7
9546 8.613414387055224e-7
9547 8.613446437433061e-7
9548 8.613446437433061e-7
9549 8.613446437433061e-7
9550 8.613446437433061e-7
9551 8.613446437433061e-7
9552 8.613446437433061e-7
9553 8.613446437433061e-7
9554 8.613446437433061e-7
9555 8.613446437433061e-7
9556 8.613446437433061e-7
9557 8.613446437433061e-7
9558 8.613446437433061e-7
9559 8.613446437433061e-7
9560 8.613446437433061e-7
9561 8.613446437433061e-7
9562 8.613446437433061e-7
9563 8.613446437433061e-7
9564 8.613446437433061e-7
9565 8.613446437433061e-7
9566 8.613446437433061e-7
9567 8.613446437433061e-7
9568 8.613446437433061e-7
9569 8.613446437433061e-7
9570 8.613446437433061e-7
9571 8.613446437433061e-7
9572 8.613446437433061e-7
9573 8.613446437433061e-7
9574 8.613446437433061e-7
9575 8.613446437433061e-7
9576 8.613446437433061e-7
9577 8.613446437433061e-7
9578 8.613446437433061e-7
9579 8.613446437433061e-7
9580 8.613446437433061e-7
9581 8.613446437433061e-7
9582 8.613446437433061e-7
9583 8.613446437433061e-7
9584 8.613446437433061e-7
9585 8.613446437433061e-7
9586 8.613446437433061e-7
9587 8.613446437433061e-7
9588 8.613446437433061e-7
9589 8.613446437433061e-7
9590 8.613446437433061e-7
9591 8.613446437433061e-7
9592 8.613446437433061e-7
9593 8.613446437433061e-7
9594 8.613446437433061e-7
9595 8.613446437433061e-7
9596 8.613446437433061e-7
9597 8.613446437433061e-7
9598 8.613446437433061e-7
9599 8.613446437433061e-7
9600 8.613446437433061e-7
9601 8.613446437433061e-7
9602 8.613446437433061e-7
9603 8.613446437433061e-7
9604 8.613446437433061e-7
9605 8.613446437433061e-7
9606 8.613446437433061e-7
9607 8.614600006562443e-7
9608 8.619038036560961e-7
9609 8.616746917379297e-7
9610 8.616746917379297e-7
9611 8.621970010503897e-7
9612 8.624052838900533e-7
9613 8.623572193245716e-7
9614 8.624068864089452e-7
9615 8.624805863872415e-7
9616 8.628106356042289e-7
9617 8.63289686074337e-7
9618 8.634050423760934e-7
9619 8.633249341557753e-7
9620 8.632608462349207e-7
9621 8.632784708868217e-7
9622 8.633585797183217e-7
9623 8.633810100933526e-7
9624 8.633649879603434e-7
9625 8.634002366529635e-7
9626 8.632063722050534e-7
9627 8.633393531587108e-7
9628 8.633201272102817e-7
9629 8.633265360634853e-7
9630 8.632368139521798e-7
9631 8.637158650334698e-7
9632 8.654029574404635e-7
9633 8.654029574404635e-7
9634 8.654029574404635e-7
9635 8.654029574404635e-7
9636 8.654029574404635e-7
9637 8.661880236224544e-7
9638 8.66157581875328e-7
9639 8.666174070081889e-7
9640 8.666174070081889e-7
9641 8.666174070081889e-7
9642 8.666174070081889e-7
9643 8.672791061275099e-7
9644 8.681394754178708e-7
9645 8.682324013445962e-7
9646 8.681587013662998e-7
9647 8.681651096083216e-7
9648 8.681603032740098e-7
9649 8.67636391442658e-7
9650 8.680753881081981e-7
9651 8.68400629157328e-7
9652 8.685031701974045e-7
9653 8.686697961024263e-7
9654 8.685864828443244e-7
9655 8.680625704017907e-7
9656 8.684214582358307e-7
9657 8.686105157382472e-7
9658 8.685191911080498e-7
9659 8.686457632085034e-7
9660 8.69212933882207e-7
9661 8.691055877301824e-7
9662 8.690495117926051e-7
9663 8.690495117926051e-7
9664 8.690495117926051e-7
9665 8.690495117926051e-7
9666 8.690495117926051e-7
9667 8.690495117926051e-7
9668 8.690495117926051e-7
9669 8.690495117926051e-7
9670 8.690495117926051e-7
9671 8.690495117926051e-7
9672 8.690495117926051e-7
9673 8.697256311372252e-7
9674 8.699915924333579e-7
9675 8.699707639660369e-7
9676 8.697528678465679e-7
9677 8.698826443736233e-7
9678 8.699419247378024e-7
9679 8.699419247378024e-7
9680 8.699419247378024e-7
9681 8.699419247378024e-7
9682 8.699419247378024e-7
9683 8.708583699657406e-7
9684 8.709336718517469e-7
9685 8.708936174359969e-7
9686 8.711435572103023e-7
9687 8.708791972106977e-7
9688 8.70408158112685e-7
9689 8.70408158112685e-7
9690 8.70408158112685e-7
9691 8.70408158112685e-7
9692 8.70408158112685e-7
9693 8.70408158112685e-7
9694 8.707974870826695e-7
9695 8.722074023948332e-7
9696 8.723532004437159e-7
9697 8.721785625554168e-7
9698 8.720616037347687e-7
9699 8.725150194032441e-7
9700 8.724893852127933e-7
9701 8.725743003786051e-7
9702 8.727313142261851e-7
9703 8.724781700252778e-7
9704 8.728018097778796e-7
9705 8.732616342995587e-7
9706 8.73154288758716e-7
9707 8.737390834731388e-7
9708 8.73617317706997e-7
9709 8.740210656799169e-7
9710 8.738704612967224e-7
9711 8.736397480820279e-7
9712 8.736253284679106e-7
9713 8.73779137277707e-7
9714 8.739345486063952e-7
9715 8.731959444709942e-7
9716 8.737535030872561e-7
9717 8.737502992718362e-7
9718 8.738159878780371e-7
9719 8.737086423371944e-7
9720 8.736557702150371e-7
9721 8.735179835382498e-7
9722 8.736125119838672e-7
9723 8.733946158643981e-7
9724 8.734266589080526e-7
9725 8.738640536658826e-7
9726 8.73216774160679e-7
9727 8.729444034001608e-7
9728 8.729444034001608e-7
9729 8.736109082426116e-7
9730 8.739537745548244e-7
9731 8.736942215007135e-7
9732 8.735227892613799e-7
9733 8.73442679818698e-7
9734 8.735051646094789e-7
9735 8.734314646311826e-7
9736 8.73684608220908e-7
9737 8.743975775546762e-7
9738 8.741636599133798e-7
9739 8.738368157341761e-7
9740 8.737983632261361e-7
9741 8.736077044271915e-7
9742 8.73799965133846e-7
9743 8.738944935794633e-7
9744 8.736605759381669e-7
9745 8.737855461309106e-7
9746 8.737855461309106e-7
9747 8.747772932448552e-7
9748 8.74700388839957e-7
9749 8.746763559460343e-7
9750 8.746971838021734e-7
9751 8.747436476823089e-7
9752 8.754165626003271e-7
9753 8.754165626003271e-7
9754 8.759244522986699e-7
9755 8.758507523203735e-7
9756 8.762881464670216e-7
9757 8.78685002558818e-7
9758 8.785311937490216e-7
9759 8.779239686595679e-7
9760 8.780345192381943e-7
9761 8.780377236647962e-7
9762 8.782940716811234e-7
9763 8.785087633739907e-7
9764 8.781482736322407e-7
9765 8.78685002558818e-7
9766 8.788948879173735e-7
9767 8.788948879173735e-7
9768 8.788948879173735e-7
9769 8.788948879173735e-7
9770 8.789878144552808e-7
9771 8.789878144552808e-7
9772 8.789878144552808e-7
9773 8.789878144552808e-7
9774 8.789878144552808e-7
9775 8.795229414741481e-7
9776 8.796158680120554e-7
9777 8.79965141955108e-7
9778 8.799939817945244e-7
9779 8.799971856099444e-7
9780 8.802615449983671e-7
9781 8.808479416204999e-7
9782 8.809024156503671e-7
9783 8.81025783324219e-7
9784 8.812580990578053e-7
9785 8.812036244167561e-7
9786 8.811026877291171e-7
9787 8.805066778271789e-7
9788 8.801926507432007e-7
9789 8.806156264980953e-7
9790 8.802054690607899e-7
9791 8.802214899714352e-7
9792 8.803064057484289e-7
9793 8.80562754375938e-7
9794 8.804041392318298e-7
9795 8.803656861126079e-7
9796 8.803656861126079e-7
9797 8.803656861126079e-7
9798 8.803656861126079e-7
9799 8.803656861126079e-7
9800 8.803656861126079e-7
9801 8.803656861126079e-7
9802 8.803656861126079e-7
9803 8.803656861126079e-7
9804 8.803656861126079e-7
9805 8.803656861126079e-7
9806 8.803656861126079e-7
9807 8.803656861126079e-7
9808 8.81181194652907e-7
9809 8.805499366695306e-7
9810 8.805499366695306e-7
9811 8.805499366695306e-7
9812 8.805499366695306e-7
9813 8.805499366695306e-7
9814 8.805499366695306e-7
9815 8.805499366695306e-7
9816 8.805499366695306e-7
9817 8.813462186502188e-7
9818 8.813462186502188e-7
9819 8.820175304381633e-7
9820 8.822931056252834e-7
9821 8.816746653483143e-7
9822 8.816746653483143e-7
9823 8.823075246282188e-7
9824 8.823075246282188e-7
9825 8.823075246282188e-7
9826 8.823075246282188e-7
9827 8.823075246282188e-7
9828 8.823075246282188e-7
9829 8.823075246282188e-7
9830 8.823075246282188e-7
9831 8.823075246282188e-7
9832 8.823075246282188e-7
9833 8.823075246282188e-7
9834 8.823075246282188e-7
9835 8.823075246282188e-7
9836 8.823075246282188e-7
9837 8.823075246282188e-7
9838 8.823075246282188e-7
9839 8.823075246282188e-7
9840 8.831358496525615e-7
9841 8.831791084949133e-7
9842 8.830461281524379e-7
9843 8.83164688880796e-7
9844 8.831887211635369e-7
9845 8.830621490630833e-7
9846 8.829243623862961e-7
9847 8.829243623862961e-7
9848 8.831262369839379e-7
9849 8.83103806608907e-7
9850 8.83645341869796e-7
9851 8.833120894485706e-7
9852 8.832960673155615e-7
9853 8.836565570573115e-7
9854 8.836020830274442e-7
9855 8.836036849351541e-7
9856 8.836918051387496e-7
9857 8.837703114513578e-7
9858 8.845009048258451e-7
9859 8.847652642142679e-7
9860 8.849591268286323e-7
9861 8.87166926640376e-7
9862 8.87166926640376e-7
9863 8.875386321808234e-7
9864 8.878334327051906e-7
9865 8.879343693928297e-7
9866 8.878814972706724e-7
9867 8.888988797974315e-7
9868 8.88828384245737e-7
9869 8.886184988871815e-7
9870 8.886184988871815e-7
9871 8.89451630245836e-7
9872 8.891648410935641e-7
9873 8.888732443846168e-7
9874 8.888155665393296e-7
9875 8.895077061834131e-7
9876 8.896150523354377e-7
9877 8.897816788516414e-7
9878 8.896230630963514e-7
9879 8.897480332890951e-7
9880 8.899819509303915e-7
9881 8.89669526976487e-7
9882 8.901854274357433e-7
9883 8.901309527946941e-7
9884 8.899979730634006e-7
9885 8.904545931584779e-7
9886 8.920119090384161e-7
9887 8.927873631629653e-7
9888 8.94674727037527e-7
9889 8.949038389556935e-7
9890 8.950175933497398e-7
9891 8.947724599097461e-7
9892 8.941684404692581e-7
9893 8.945609732546625e-7
9894 8.949487003169371e-7
9895 8.949695287842581e-7
9896 8.949310756650361e-7
9897 8.949567110778507e-7
9898 8.950688629530052e-7
9899 8.959532645261069e-7
9900 8.967207078897424e-7
9901 8.96613361126536e-7
9902 8.966790509551006e-7
9903 8.965364573328197e-7
9904 8.967815901616315e-7
9905 8.970876064846962e-7
9906 8.970876064846962e-7
9907 8.970876064846962e-7
9908 8.970876064846962e-7
9909 8.970876064846962e-7
9910 8.970876064846962e-7
9911 8.970876064846962e-7
9912 8.970876064846962e-7
9913 8.970876064846962e-7
9914 8.970876064846962e-7
9915 8.970876064846962e-7
9916 8.970876064846962e-7
9917 8.970876064846962e-7
9918 8.970876064846962e-7
9919 8.970876064846962e-7
9920 8.970876064846962e-7
9921 8.970876064846962e-7
9922 8.970876064846962e-7
9923 8.970876064846962e-7
9924 8.970876064846962e-7
9925 8.970876064846962e-7
9926 8.970876064846962e-7
9927 8.974336766123289e-7
9928 8.977685315524461e-7
9929 8.978662644246652e-7
9930 8.977861549819833e-7
9931 8.981210105332824e-7
9932 8.978678663323751e-7
9933 8.981113972534769e-7
9934 8.979896320985169e-7
9935 8.979383624952514e-7
9936 8.978214036746032e-7
9937 8.978390271041405e-7
9938 8.971693172239059e-7
9939 8.971693172239059e-7
9940 8.971693172239059e-7
9941 8.971693172239059e-7
9942 8.984510585279058e-7
9943 8.984991237045695e-7
9944 8.984782952372485e-7
9945 8.989397222778195e-7
9946 8.99128779169054e-7
9947 8.992072854816622e-7
9948 9.014279029998132e-7
9949 9.014279029998132e-7
9950 9.011971903963006e-7
9951 9.011459207930351e-7
9952 9.009664765704241e-7
9953 9.009584651983287e-7
9954 9.008943778886559e-7
9955 9.010610044048596e-7
9956 9.010610044048596e-7
9957 9.00971282904736e-7
9958 9.00971282904736e-7
9959 9.00971282904736e-7
9960 9.00971282904736e-7
9961 9.00971282904736e-7
9962 9.00971282904736e-7
9963 9.00971282904736e-7
9964 9.00971282904736e-7
9965 9.00971282904736e-7
9966 9.00971282904736e-7
9967 9.00971282904736e-7
9968 9.00971282904736e-7
9969 9.00971282904736e-7
9970 9.015320453364178e-7
9971 9.021392698146896e-7
9972 9.026840101133623e-7
9973 9.027721297057759e-7
9974 9.028266043468251e-7
9975 9.027993670263005e-7
9976 9.029643910236123e-7
9977 9.017931996870568e-7
9978 9.015720991409859e-7
9979 9.014711624533468e-7
9980 9.013445903528932e-7
9981 9.017948022059487e-7
9982 9.018300496762051e-7
9983 9.01410279570276e-7
9984 9.014295055187051e-7
9985 9.020046875645043e-7
9986 9.021344634803779e-7
9987 9.01930987586208e-7
9988 9.01930987586208e-7
9989 9.01930987586208e-7
9990 9.01930987586208e-7
9991 9.01930987586208e-7
9992 9.01930987586208e-7
9993 9.01930987586208e-7
9994 9.030653283224334e-7
9995 9.030653283224334e-7
9996 9.030653283224334e-7
9997 9.030653283224334e-7
9998 9.04334251920026e-7
9999 9.046979460883779e-7
10000 9.052731275229952e-7
10001 9.05034403547387e-7
