1 0
2 0
3 0
4 0
5 0
6 0
7 0
8 0
9 0
10 0
11 0
12 0
13 0
14 0
15 0
16 0
17 0
18 0
19 0
20 0
21 0
22 0
23 0
24 0
25 0
26 0
27 0
28 0
29 0
30 0
31 0
32 0
33 0
34 0
35 0
36 0
37 0
38 0
39 0
40 0
41 0
42 0
43 0
44 0
45 0
46 0
47 0
48 0
49 0
50 0
51 0
52 0
53 0
54 0
55 0
56 1.1119097500126417e-9
57 1.0702540377345503e-9
58 1.9883005622008433e-9
59 3.4318620480926965e-9
60 3.6834037301081458e-9
61 4.132013675453651e-9
62 5.31602210723455e-9
63 5.31602210723455e-9
64 5.31602210723455e-9
65 5.31602210723455e-9
66 5.31602210723455e-9
67 5.31602210723455e-9
68 5.31602210723455e-9
69 5.31602210723455e-9
70 5.31602210723455e-9
71 5.31602210723455e-9
72 5.31602210723455e-9
73 5.31602210723455e-9
74 5.31602210723455e-9
75 5.31602210723455e-9
76 4.867412773070926e-9
77 4.867412773070926e-9
78 4.867412773070926e-9
79 4.867412773070926e-9
80 4.867412773070926e-9
81 4.867412773070926e-9
82 5.189449395599017e-9
83 5.806288376040027e-9
84 8.54280635344733e-9
85 8.54280635344733e-9
86 8.54280635344733e-9
87 8.54280635344733e-9
88 8.54280635344733e-9
89 8.54280635344733e-9
90 8.54280635344733e-9
91 7.809009163540026e-9
92 7.809009163540026e-9
93 8.41142791868188e-9
94 8.41142791868188e-9
95 9.26378583694733e-9
96 9.26378583694733e-9
97 9.26378583694733e-9
98 9.042685290876402e-9
99 9.042685290876402e-9
100 9.042685290876402e-9
101 9.042685290876402e-9
102 9.042685290876402e-9
103 9.042685290876402e-9
104 9.042685290876402e-9
105 9.042685290876402e-9
106 9.042685290876402e-9
107 1.0106531086589182e-8
108 1.173754633364185e-8
109 1.24072562138764e-8
110 1.3913302490549153e-8
111 1.3913302490549153e-8
112 1.3913302490549153e-8
113 1.3913302490549153e-8
114 1.3913302490549153e-8
115 1.3913302490549153e-8
116 1.3913302490549153e-8
117 1.3913302490549153e-8
118 1.3913302490549153e-8
119 1.3913302490549153e-8
120 1.4783284449533703e-8
121 1.4783284449533703e-8
122 1.4783284449533703e-8
123 1.4783284449533703e-8
124 1.4783284449533703e-8
125 1.4783284449533703e-8
126 1.4409976390194519e-8
127 1.4437213710719097e-8
128 1.4329868169876399e-8
129 1.4413181427978224e-8
130 1.4249759338376399e-8
131 1.4344287172811792e-8
132 1.4344287172811792e-8
133 1.4344287172811792e-8
134 1.4344287172811792e-8
135 1.4344287172811792e-8
136 1.4344287172811792e-8
137 1.2742110542811793e-8
138 1.242007269791994e-8
139 1.263155996418539e-8
140 1.2365598668052664e-8
141 1.2365598668052664e-8
142 1.224863984740449e-8
143 1.224863984740449e-8
144 1.224863984740449e-8
145 1.224863984740449e-8
146 1.224863984740449e-8
147 1.224863984740449e-8
148 1.224863984740449e-8
149 1.224863984740449e-8
150 1.268923842065449e-8
151 1.4837757868219095e-8
152 1.525912988185814e-8
153 1.559718924857724e-8
154 1.5010792626444515e-8
155 1.5130955262512634e-8
156 1.539851968871909e-8
157 1.5409734876234542e-8
158 1.5587576579953643e-8
159 1.5451391199694515e-8
160 1.563243671883356e-8
161 1.5646856332950836e-8
162 1.573978287085814e-8
163 1.570613730831179e-8
164 1.6329384530774572e-8
165 1.6329384530774572e-8
166 1.6329384530774572e-8
167 1.6329384530774572e-8
168 1.6329384530774572e-8
169 1.6329384530774572e-8
170 1.6329384530774572e-8
171 1.6329384530774572e-8
172 1.6329384530774572e-8
173 1.6329384530774572e-8
174 1.6329384530774572e-8
175 1.6329384530774572e-8
176 1.796520672332092e-8
177 1.8479505274867265e-8
178 1.9967927510820918e-8
179 2.0543108945438193e-8
180 2.0618410831444515e-8
181 2.0668079138181873e-8
182 2.078503734764817e-8
183 2.1687063572650975e-8
184 2.1687063572650975e-8
185 2.1687063572650975e-8
186 2.1687063572650975e-8
187 2.1687063572650975e-8
188 2.1687063572650975e-8
189 2.1687063572650975e-8
190 2.1687063572650975e-8
191 2.2156501374135526e-8
192 2.2156501374135526e-8
193 2.2156501374135526e-8
194 2.2156501374135526e-8
195 2.2156501374135526e-8
196 2.2156501374135526e-8
197 2.2156501374135526e-8
198 2.3329294007219094e-8
199 2.516859331629915e-8
200 2.53977046232837e-8
201 2.642790424526825e-8
202 2.7443684864317405e-8
203 2.7759313244823724e-8
204 2.856520789413552e-8
205 2.9481653122073724e-8
206 3.023627877930195e-8
207 3.13513935670983e-8
208 3.189933829237288e-8
209 3.33541143545983e-8
210 3.39276938815056e-8
211 3.3602452221193804e-8
212 3.37322281370674e-8
213 3.374664775118468e-8
214 3.374664775118468e-8
215 3.374664775118468e-8
216 3.374664775118468e-8
217 3.374664775118468e-8
218 3.374664775118468e-8
219 3.374664775118468e-8
220 3.374664775118468e-8
221 3.374664775118468e-8
222 3.374664775118468e-8
223 3.374664775118468e-8
224 3.374664775118468e-8
225 3.374664775118468e-8
226 3.374664775118468e-8
227 3.374664775118468e-8
228 3.374664775118468e-8
229 3.374664775118468e-8
230 3.374664775118468e-8
231 3.374664775118468e-8
232 3.374664775118468e-8
233 3.374664775118468e-8
234 3.3166659982255605e-8
235 3.319710111820013e-8
236 3.333809222158918e-8
237 3.346626684093468e-8
238 3.346626684093468e-8
239 3.346626684093468e-8
240 3.346626684093468e-8
241 3.346626684093468e-8
242 3.346626684093468e-8
243 3.346626684093468e-8
244 3.346626684093468e-8
245 3.346626684093468e-8
246 3.346626684093468e-8
247 3.346626684093468e-8
248 3.467751259324016e-8
249 3.613389117435744e-8
250 3.803247084761656e-8
251 3.803247084761656e-8
252 3.803247084761656e-8
253 3.803247084761656e-8
254 3.803247084761656e-8
255 3.8626878230662914e-8
256 3.8626878230662914e-8
257 3.8626878230662914e-8
258 3.8626878230662914e-8
259 3.8626878230662914e-8
260 3.8626878230662914e-8
261 3.8626878230662914e-8
262 3.8626878230662914e-8
263 3.9061067950709264e-8
264 3.905145528208567e-8
265 3.932542733913202e-8
266 4.0089666276165725e-8
267 4.153643157747752e-8
268 4.1714273281196625e-8
269 4.209238706366573e-8
270 4.209238706366573e-8
271 4.209238706366573e-8
272 4.209238706366573e-8
273 4.209238706366573e-8
274 4.209238706366573e-8
275 4.2805355175070225e-8
276 4.2805355175070225e-8
277 4.354235618039747e-8
278 4.455813679944663e-8
279 4.4649460818462075e-8
280 4.556109971208848e-8
281 4.6873282763214884e-8
282 4.721935227966573e-8
283 4.7560616072986653e-8
284 4.8042871580878503e-8
285 4.784099637205477e-8
286 4.784099637205477e-8
287 4.7113608646533004e-8
288 4.730266553776755e-8
289 4.8586009360659405e-8
290 4.874943145026123e-8
291 4.8967327569730334e-8
292 4.890804659436938e-8
293 4.935825844742485e-8
294 4.912273767605477e-8
295 5.049099666475842e-8
296 5.1231202707869374e-8
297 5.2146045416915725e-8
298 5.2146045416915725e-8
299 5.2146045416915725e-8
300 5.2146045416915725e-8
301 5.2146045416915725e-8
302 5.228863903919662e-8
303 5.228703774266853e-8
304 5.228703774266853e-8
305 5.228703774266853e-8
306 5.288144512571488e-8
307 5.285901475068398e-8
308 5.3682533440714874e-8
309 5.5478573296261224e-8
310 5.545614292123032e-8
311 5.553464923383847e-8
312 5.598966803238763e-8
313 5.598966803238763e-8
314 5.54433258260049e-8
315 5.51581385814431e-8
316 5.5033168388699424e-8
317 5.5284710681896756e-8
318 5.5244655654964873e-8
319 5.5244655654964873e-8
320 5.4850520961850406e-8
321 5.4850520961850406e-8
322 5.4850520961850406e-8
323 5.4850520961850406e-8
324 5.4850520961850406e-8
325 5.4850520961850406e-8
326 5.4850520961850406e-8
327 5.4850520961850406e-8
328 5.4850520961850406e-8
329 5.4850520961850406e-8
330 5.4850520961850406e-8
331 5.4850520961850406e-8
332 5.4850520961850406e-8
333 5.4850520961850406e-8
334 5.4850520961850406e-8
335 5.4850520961850406e-8
336 5.4850520961850406e-8
337 5.4850520961850406e-8
338 5.4850520961850406e-8
339 5.3999764951294926e-8
340 5.3999764951294926e-8
341 5.3999764951294926e-8
342 5.362165116882582e-8
343 5.346784297021135e-8
344 5.346784297021135e-8
345 5.346784297021135e-8
346 5.346784297021135e-8
347 5.346784297021135e-8
348 5.346784297021135e-8
349 5.346784297021135e-8
350 5.346784297021135e-8
351 5.346784297021135e-8
352 5.346784297021135e-8
353 5.346784297021135e-8
354 5.346784297021135e-8
355 5.346784297021135e-8
356 5.346784297021135e-8
357 5.346784297021135e-8
358 5.346784297021135e-8
359 5.346784297021135e-8
360 5.346784297021135e-8
361 5.346784297021135e-8
362 5.346784297021135e-8
363 5.346784297021135e-8
364 5.346784297021135e-8
365 5.346784297021135e-8
366 5.346784297021135e-8
367 5.346784297021135e-8
368 5.346784297021135e-8
369 5.346784297021135e-8
370 5.346784297021135e-8
371 5.346784297021135e-8
372 5.346784297021135e-8
373 5.346784297021135e-8
374 5.346784297021135e-8
375 5.346784297021135e-8
376 5.346784297021135e-8
377 5.346784297021135e-8
378 5.3929269399600395e-8
379 5.3929269399600395e-8
380 5.401258204652034e-8
381 5.401258204652034e-8
382 5.401258204652034e-8
383 5.401258204652034e-8
384 5.401258204652034e-8
385 5.470952863609759e-8
386 5.470952863609759e-8
387 5.470952863609759e-8
388 5.470952863609759e-8
389 5.470952863609759e-8
390 5.470952863609759e-8
391 5.470952863609759e-8
392 5.470952863609759e-8
393 5.470952863609759e-8
394 5.470952863609759e-8
395 5.470952863609759e-8
396 5.470952863609759e-8
397 5.5302333500252085e-8
398 5.716886951867484e-8
399 5.815100335281388e-8
400 5.820547799386303e-8
401 5.820547799386303e-8
402 5.820547799386303e-8
403 5.820547799386303e-8
404 5.820547799386303e-8
405 5.820547799386303e-8
406 5.820547799386303e-8
407 5.820547799386303e-8
408 5.820547799386303e-8
409 5.9213247240816686e-8
410 6.005278806385672e-8
411 6.09708351995049e-8
412 6.097243710721487e-8
413 6.177352542221487e-8
414 6.145949894941852e-8
415 6.145949894941852e-8
416 6.145949894941852e-8
417 6.145949894941852e-8
418 6.145949894941852e-8
419 6.145949894941852e-8
420 6.145949894941852e-8
421 6.145949894941852e-8
422 6.145949894941852e-8
423 6.145949894941852e-8
424 6.145949894941852e-8
425 6.145949894941852e-8
426 6.145949894941852e-8
427 6.145949894941852e-8
428 6.145949894941852e-8
429 6.145949894941852e-8
430 6.145949894941852e-8
431 6.145949894941852e-8
432 6.145949894941852e-8
433 6.145949894941852e-8
434 6.145949894941852e-8
435 6.145949894941852e-8
436 6.145949894941852e-8
437 6.145949894941852e-8
438 6.145949894941852e-8
439 6.145949894941852e-8
440 6.145949894941852e-8
441 6.145949894941852e-8
442 6.145949894941852e-8
443 6.145949894941852e-8
444 6.145949894941852e-8
445 6.145949894941852e-8
446 6.145949894941852e-8
447 6.145949894941852e-8
448 6.145949894941852e-8
449 6.145949894941852e-8
450 6.145949894941852e-8
451 6.145949894941852e-8
452 6.145949894941852e-8
453 6.145949894941852e-8
454 6.145949894941852e-8
455 6.145949894941852e-8
456 6.145949894941852e-8
457 6.145949894941852e-8
458 6.145949894941852e-8
459 6.145949894941852e-8
460 6.145949894941852e-8
461 6.145949894941852e-8
462 6.145949894941852e-8
463 6.145949894941852e-8
464 6.145949894941852e-8
465 6.145949894941852e-8
466 6.145949894941852e-8
467 6.101409404185672e-8
468 6.079780044127947e-8
469 6.079780044127947e-8
470 6.364166334834758e-8
471 6.397171195415306e-8
472 6.42777270548539e-8
473 6.461738894046486e-8
474 6.461738894046486e-8
475 6.449722508203298e-8
476 6.449722508203298e-8
477 6.449722508203298e-8
478 6.449722508203298e-8
479 6.449722508203298e-8
480 6.449722508203298e-8
481 6.449722508203298e-8
482 6.478882117979842e-8
483 6.478882117979842e-8
484 6.478882117979842e-8
485 6.478882117979842e-8
486 6.478882117979842e-8
487 6.478882117979842e-8
488 6.478882117979842e-8
489 6.478882117979842e-8
490 6.478882117979842e-8
491 6.511726665553017e-8
492 6.511726665553017e-8
493 6.511726665553017e-8
494 6.511726665553017e-8
495 6.511726665553017e-8
496 6.511726665553017e-8
497 6.511726665553017e-8
498 6.511726665553017e-8
499 6.511726665553017e-8
500 6.511726665553017e-8
501 6.511726665553017e-8
502 6.511726665553017e-8
503 6.511726665553017e-8
504 6.511726665553017e-8
505 6.542007794081106e-8
506 6.546173365308916e-8
507 6.566521076962286e-8
508 6.559791964453017e-8
509 6.616829413365377e-8
510 6.786179478266923e-8
511 6.901215765190378e-8
512 6.901215765190378e-8
513 6.878144382602737e-8
514 6.878144382602737e-8
515 6.833603830728369e-8
516 6.854592366583916e-8
517 6.851227810329281e-8
518 6.851227810329281e-8
519 6.851227810329281e-8
520 6.851227810329281e-8
521 7.026826354308916e-8
522 7.328195739296275e-8
523 7.328195739296275e-8
524 7.328195739296275e-8
525 7.328195739296275e-8
526 7.328195739296275e-8
527 7.328195739296275e-8
528 7.328195739296275e-8
529 7.328195739296275e-8
530 7.328195739296275e-8
531 7.328195739296275e-8
532 7.328195739296275e-8
533 7.328195739296275e-8
534 7.328195739296275e-8
535 7.328195739296275e-8
536 7.328195739296275e-8
537 7.328195739296275e-8
538 7.328195739296275e-8
539 7.328195739296275e-8
540 7.328195739296275e-8
541 7.328195739296275e-8
542 7.328195739296275e-8
543 7.328195739296275e-8
544 7.328195739296275e-8
545 7.328195739296275e-8
546 7.328195739296275e-8
547 7.357835982503999e-8
548 7.424486527867272e-8
549 7.395326856972539e-8
550 7.416315392828086e-8
551 7.514208394699997e-8
552 7.59511830229136e-8
553 7.600085132965095e-8
554 7.665133465027455e-8
555 7.730181797089815e-8
556 7.730181797089815e-8
557 7.730181797089815e-8
558 7.730181797089815e-8
559 7.730181797089815e-8
560 7.80067759325709e-8
561 7.79795392232282e-8
562 7.83352226306664e-8
563 7.858676431268186e-8
564 7.858676431268186e-8
565 7.858676431268186e-8
566 7.858676431268186e-8
567 7.858676431268186e-8
568 7.858676431268186e-8
569 7.858676431268186e-8
570 7.86796896282254e-8
571 7.86796896282254e-8
572 7.86796896282254e-8
573 7.86796896282254e-8
574 7.900493251090095e-8
575 7.90433844077591e-8
576 7.88158756196664e-8
577 7.88158756196664e-8
578 7.92164197771664e-8
579 7.92164197771664e-8
580 7.92164197771664e-8
581 7.98701081355737e-8
582 8.009441310824646e-8
583 8.009441310824646e-8
584 8.009441310824646e-8
585 8.009441310824646e-8
586 8.009441310824646e-8
587 8.009441310824646e-8
588 8.009441310824646e-8
589 8.009441310824646e-8
590 8.009441310824646e-8
591 8.009441310824646e-8
592 8.076091917306106e-8
593 8.076091917306106e-8
594 8.076091917306106e-8
595 8.076091917306106e-8
596 8.135212274068746e-8
597 8.135212274068746e-8
598 8.135212274068746e-8
599 8.135212274068746e-8
600 8.135212274068746e-8
601 8.135212274068746e-8
602 8.135212274068746e-8
603 8.135212274068746e-8
604 8.135212274068746e-8
605 8.200100476478297e-8
606 8.200100476478297e-8
607 8.200100476478297e-8
608 8.200100476478297e-8
609 8.200100476478297e-8
610 8.200100476478297e-8
611 8.200100476478297e-8
612 8.200100476478297e-8
613 8.200100476478297e-8
614 8.200100476478297e-8
615 8.200100476478297e-8
616 8.237110717515657e-8
617 8.428410646253298e-8
618 8.467023161709759e-8
619 8.50355270819775e-8
620 8.545369589137848e-8
621 8.545369589137848e-8
622 8.545369589137848e-8
623 8.545369589137848e-8
624 8.545369589137848e-8
625 8.545369589137848e-8
626 8.545369589137848e-8
627 8.545369589137848e-8
628 8.545369589137848e-8
629 8.545369589137848e-8
630 8.545369589137848e-8
631 8.545369589137848e-8
632 8.545369589137848e-8
633 8.545369589137848e-8
634 8.545369589137848e-8
635 8.545369589137848e-8
636 8.545369589137848e-8
637 8.545369589137848e-8
638 8.545369589137848e-8
639 8.545369589137848e-8
640 8.545369589137848e-8
641 8.545369589137848e-8
642 8.630284999422399e-8
643 8.648549803225489e-8
644 8.633809807566218e-8
645 8.633809807566218e-8
646 8.635091578206949e-8
647 8.635091578206949e-8
648 8.635091578206949e-8
649 8.635091578206949e-8
650 8.635091578206949e-8
651 8.681074091493044e-8
652 8.681394595271415e-8
653 8.689405478421415e-8
654 8.709432686296414e-8
655 8.763105578954139e-8
656 8.769354058032229e-8
657 8.920439319130683e-8
658 8.927969507731315e-8
659 8.945593487332228e-8
660 9.164290682892692e-8
661 9.164290682892692e-8
662 9.226775595909967e-8
663 9.238471539092973e-8
664 9.226294962478787e-8
665 9.194571811420781e-8
666 9.194571811420781e-8
667 9.227416481230332e-8
668 9.215079652726961e-8
669 9.195372948630332e-8
670 9.199538642094517e-8
671 9.205146235852242e-8
672 9.228698129634686e-8
673 9.228698129634686e-8
674 9.228698129634686e-8
675 9.228698129634686e-8
676 9.228698129634686e-8
677 9.228698129634686e-8
678 9.123915824482508e-8
679 9.123915824482508e-8
680 9.246161857346412e-8
681 9.303680061926328e-8
682 9.492576640153505e-8
683 9.527343904805963e-8
684 9.510040428983421e-8
685 9.523819096662142e-8
686 9.523819096662142e-8
687 9.523819096662142e-8
688 9.523819096662142e-8
689 9.523819096662142e-8
690 9.523819096662142e-8
691 9.523819096662142e-8
692 9.523819096662142e-8
693 9.523819096662142e-8
694 9.523819096662142e-8
695 9.523819096662142e-8
696 9.523819096662142e-8
697 9.563713382759333e-8
698 9.563713382759333e-8
699 9.563713382759333e-8
700 9.563713382759333e-8
701 9.563713382759333e-8
702 9.563713382759333e-8
703 9.563713382759333e-8
704 9.665451574317058e-8
705 9.615784123234333e-8
706 9.615784123234333e-8
707 9.661766514284053e-8
708 9.717842757452241e-8
709 9.713036239785879e-8
710 9.668015115598519e-8
711 9.700539342747888e-8
712 9.703743647113337e-8
713 9.663048346042972e-8
714 9.62715956263897e-8
715 9.656799928083071e-8
716 9.645424488678436e-8
717 9.637734048188618e-8
718 9.634689873475977e-8
719 9.655998851991708e-8
720 9.67554536531734e-8
721 9.716240666387705e-8
722 9.71383737699543e-8
723 9.72537306828925e-8
724 9.737549644903436e-8
725 9.866845232936792e-8
726 9.86956896498925e-8
727 9.881905793492621e-8
728 9.891518828825345e-8
729 9.938302357084616e-8
730 9.964738234808703e-8
731 1.0006074360081245e-7
732 9.961533869325065e-8
733 9.953843489953435e-8
734 9.953843489953435e-8
735 9.953843489953435e-8
736 9.953843489953435e-8
737 9.953843489953435e-8
738 9.88286706035498e-8
739 9.88286706035498e-8
740 9.88286706035498e-8
741 9.88286706035498e-8
742 9.88286706035498e-8
743 9.812851897618885e-8
744 9.812851897618885e-8
745 9.791863361763338e-8
746 9.791863361763338e-8
747 9.791863361763338e-8
748 9.791863361763338e-8
749 9.791863361763338e-8
750 9.817818544938058e-8
751 9.830956510650978e-8
752 9.830956510650978e-8
753 9.830956510650978e-8
754 9.830956510650978e-8
755 9.830956510650978e-8
756 9.874375604891989e-8
757 9.853226756029067e-8
758 9.857072067951257e-8
759 9.857072067951257e-8
760 9.857072067951257e-8
761 9.857072067951257e-8
762 9.857072067951257e-8
763 9.857072067951257e-8
764 9.765427606275625e-8
765 9.747002489465162e-8
766 9.745400398400625e-8
767 9.764145957871271e-8
768 9.833039479619446e-8
769 9.991494799665724e-8
770 1.0056863635506455e-7
771 1.0157961002862003e-7
772 1.0157961002862003e-7
773 1.0157961002862003e-7
774 1.0157961002862003e-7
775 1.0157961002862003e-7
776 1.0157961002862003e-7
777 1.0290460956378997e-7
778 1.0271074633824362e-7
779 1.0313532338966637e-7
780 1.0460612158490093e-7
781 1.0460932601150275e-7
782 1.053367143482064e-7
783 1.0638774243751187e-7
784 1.0638774243751187e-7
785 1.0638774243751187e-7
786 1.0709590421460456e-7
787 1.0666812334776187e-7
788 1.0673060813854276e-7
789 1.0674342584495006e-7
790 1.0674342584495006e-7
791 1.0674342584495006e-7
792 1.0719363830918742e-7
793 1.0719363830918742e-7
794 1.0719363830918742e-7
795 1.0719363830918742e-7
796 1.0719363830918742e-7
797 1.0719363830918742e-7
798 1.0793544564882646e-7
799 1.0797870510236017e-7
800 1.0773196975465651e-7
801 1.0773196975465651e-7
802 1.0773196975465651e-7
803 1.0829112905626466e-7
804 1.0829112905626466e-7
805 1.0829112905626466e-7
806 1.0829112905626466e-7
807 1.0829112905626466e-7
808 1.0936779194720286e-7
809 1.103675504332429e-7
810 1.113240500769311e-7
811 1.1157879618554837e-7
812 1.1185597205801467e-7
813 1.1185597205801467e-7
814 1.1185597205801467e-7
815 1.1185597205801467e-7
816 1.1185597205801467e-7
817 1.1185597205801467e-7
818 1.1254811353564389e-7
819 1.1257695276387844e-7
820 1.1228856048153294e-7
821 1.1228856048153294e-7
822 1.1228856048153294e-7
823 1.1228856048153294e-7
824 1.1228856048153294e-7
825 1.1228856048153294e-7
826 1.1228856048153294e-7
827 1.1228856048153294e-7
828 1.1319058548417199e-7
829 1.1319058548417199e-7
830 1.1319058548417199e-7
831 1.1364560428272114e-7
832 1.1364560428272114e-7
833 1.1364560428272114e-7
834 1.1364560428272114e-7
835 1.1364560428272114e-7
836 1.1364560428272114e-7
837 1.1364560428272114e-7
838 1.1364560428272114e-7
839 1.1364560428272114e-7
840 1.139948788369557e-7
841 1.139948788369557e-7
842 1.1447232801053575e-7
843 1.1460050201869937e-7
844 1.1680029045834753e-7
845 1.178785552569957e-7
846 1.1803556910457576e-7
847 1.1804678429209121e-7
848 1.1804678429209121e-7
849 1.1913145855512491e-7
850 1.1913145855512491e-7
851 1.1913145855512491e-7
852 1.1913145855512491e-7
853 1.1913145855512491e-7
854 1.1913145855512491e-7
855 1.1913145855512491e-7
856 1.1913145855512491e-7
857 1.1913145855512491e-7
858 1.1913145855512491e-7
859 1.1930129010911228e-7
860 1.2008795819881313e-7
861 1.2001425822051678e-7
862 1.2235984532022955e-7
863 1.2229575862173867e-7
864 1.2325065513535313e-7
865 1.2348937911096126e-7
866 1.2363197273324215e-7
867 1.251236000069795e-7
868 1.251236000069795e-7
869 1.2579010607179412e-7
870 1.2833276143483693e-7
871 1.289095441659823e-7
872 1.2899125551637415e-7
873 1.2986764632856235e-7
874 1.2986764632856235e-7
875 1.2986764632856235e-7
876 1.2986764632856235e-7
877 1.2986764632856235e-7
878 1.2986764632856235e-7
879 1.2986764632856235e-7
880 1.2986764632856235e-7
881 1.2986764632856235e-7
882 1.2986764632856235e-7
883 1.2986764632856235e-7
884 1.2986764632856235e-7
885 1.2986764632856235e-7
886 1.2986764632856235e-7
887 1.3085618901590504e-7
888 1.307969080405441e-7
889 1.310180091977969e-7
890 1.3100198767596967e-7
891 1.3115419396687416e-7
892 1.3061586252140507e-7
893 1.3040277334742965e-7
894 1.309475136461024e-7
895 1.3192804557253148e-7
896 1.338762923301642e-7
897 1.3372889237357152e-7
898 1.3365038606096338e-7
899 1.3358950317789245e-7
900 1.3356226585736786e-7
901 1.3338762919143247e-7
902 1.3334437034908065e-7
903 1.336664075827906e-7
904 1.340188859524451e-7
905 1.3423838459080604e-7
906 1.3430727762360872e-7
907 1.342816422107941e-7
908 1.352477551342878e-7
909 1.3519488362331237e-7
910 1.3522692727814876e-7
911 1.351452159277569e-7
912 1.351852703435069e-7
913 1.3556498603368598e-7
914 1.3738345626426323e-7
915 1.3738345626426323e-7
916 1.3738345626426323e-7
917 1.3738345626426323e-7
918 1.3738345626426323e-7
919 1.3738345626426323e-7
920 1.3803874714156238e-7
921 1.3803874714156238e-7
922 1.3810764078554693e-7
923 1.382470305924079e-7
924 1.381637167231242e-7
925 1.382822786738461e-7
926 1.3843128114933066e-7
927 1.384280773339107e-7
928 1.384280773339107e-7
929 1.384280773339107e-7
930 1.384697330461888e-7
931 1.384697330461888e-7
932 1.384697330461888e-7
933 1.384697330461888e-7
934 1.384697330461888e-7
935 1.384697330461888e-7
936 1.3932209096445423e-7
937 1.3982837875508696e-7
938 1.4021129887186785e-7
939 1.41908004558667e-7
940 1.4268025364543246e-7
941 1.4268025364543246e-7
942 1.4359349383558696e-7
943 1.4381459499283977e-7
944 1.438674658926333e-7
945 1.43590290020167e-7
946 1.4406613667485521e-7
947 1.4472463136757432e-7
948 1.461057074515034e-7
949 1.4731695320380887e-7
950 1.4731695320380887e-7
951 1.4731695320380887e-7
952 1.4731695320380887e-7
953 1.4731695320380887e-7
954 1.4731695320380887e-7
955 1.4731695320380887e-7
956 1.4731695320380887e-7
957 1.4731695320380887e-7
958 1.4731695320380887e-7
959 1.4731695320380887e-7
960 1.4731695320380887e-7
961 1.4731695320380887e-7
962 1.4731695320380887e-7
963 1.4731695320380887e-7
964 1.4731695320380887e-7
965 1.4731695320380887e-7
966 1.4811163266560522e-7
967 1.4806196558123162e-7
968 1.48837418483417e-7
969 1.511381442218861e-7
970 1.511381442218861e-7
971 1.5197287809943247e-7
972 1.5197287809943247e-7
973 1.5197287809943247e-7
974 1.5253684373535242e-7
975 1.5253684373535242e-7
976 1.531296485995069e-7
977 1.531296485995069e-7
978 1.535349990913187e-7
979 1.5324981062439314e-7
980 1.5324981062439314e-7
981 1.5324981062439314e-7
982 1.5324981062439314e-7
983 1.5324981062439314e-7
984 1.5324981062439314e-7
985 1.5381217374142122e-7
986 1.541454273850104e-7
987 1.5564987053160942e-7
988 1.568611162839149e-7
989 1.568611162839149e-7
990 1.568611162839149e-7
991 1.568611162839149e-7
992 1.568611162839149e-7
993 1.568611162839149e-7
994 1.568611162839149e-7
995 1.568611162839149e-7
996 1.568611162839149e-7
997 1.568611162839149e-7
998 1.568611162839149e-7
999 1.568611162839149e-7
1000 1.568611162839149e-7
1001 1.5622345005851672e-7
1002 1.5622345005851672e-7
1003 1.566336068846403e-7
1004 1.5689476123527935e-7
1005 1.5689476123527935e-7
1006 1.579169494851684e-7
1007 1.5931404892447035e-7
1008 1.6027535306892472e-7
1009 1.6189355244311573e-7
1010 1.646172533252976e-7
1011 1.6485117096659393e-7
1012 1.645403489203994e-7
1013 1.6445062680909393e-7
1014 1.6488481714032216e-7
1015 1.6488481714032216e-7
1016 1.6488481714032216e-7
1017 1.6488481714032216e-7
1018 1.6662317976176316e-7
1019 1.6688433289003844e-7
1020 1.6688433289003844e-7
1021 1.6688433289003844e-7
1022 1.6688433289003844e-7
1023 1.6688433289003844e-7
1024 1.6688433289003844e-7
1025 1.6688433289003844e-7
1026 1.6714869227846119e-7
1027 1.6715029479735303e-7
1028 1.6715029479735303e-7
1029 1.6715029479735303e-7
1030 1.6715029479735303e-7
1031 1.6727206056349489e-7
1032 1.6727206056349489e-7
1033 1.6727206056349489e-7
1034 1.6727206056349489e-7
1035 1.6727206056349489e-7
1036 1.6727206056349489e-7
1037 1.6727206056349489e-7
1038 1.6727206056349489e-7
1039 1.6727206056349489e-7
1040 1.6727206056349489e-7
1041 1.6727206056349489e-7
1042 1.6727206056349489e-7
1043 1.6727206056349489e-7
1044 1.6727206056349489e-7
1045 1.6727206056349489e-7
1046 1.6727206056349489e-7
1047 1.6727206056349489e-7
1048 1.6727206056349489e-7
1049 1.6864192084872663e-7
1050 1.6824137669122663e-7
1051 1.6824137669122663e-7
1052 1.6824137669122663e-7
1053 1.6824137669122663e-7
1054 1.6824137669122663e-7
1055 1.6824137669122663e-7
1056 1.6824137669122663e-7
1057 1.6824137669122663e-7
1058 1.6824137669122663e-7
1059 1.6824137669122663e-7
1060 1.6824137669122663e-7
1061 1.6824137669122663e-7
1062 1.6824137669122663e-7
1063 1.6824137669122663e-7
1064 1.6921389846792395e-7
1065 1.7087855988870484e-7
1066 1.7090419469033756e-7
1067 1.713287717417603e-7
1068 1.70955464293603e-7
1069 1.7060618973936845e-7
1070 1.7078082762766762e-7
1071 1.7124866291026032e-7
1072 1.7142650461397942e-7
1073 1.7334751405108756e-7
1074 1.7368236838002296e-7
1075 1.7417263403764657e-7
1076 1.7626027060214026e-7
1077 1.7667683689264938e-7
1078 1.767793760991803e-7
1079 1.764317040638376e-7
1080 1.764317040638376e-7
1081 1.7728085877786498e-7
1082 1.768322482213376e-7
1083 1.768322482213376e-7
1084 1.768322482213376e-7
1085 1.768322482213376e-7
1086 1.7729687968851035e-7
1087 1.7729687968851035e-7
1088 1.778416199871831e-7
1089 1.778416199871831e-7
1090 1.778416199871831e-7
1091 1.7824056162579126e-7
1092 1.7828542237585306e-7
1093 1.7860746144310867e-7
1094 1.7875005506538956e-7
1095 1.7875005506538956e-7
1096 1.788557980873404e-7
1097 1.788557980873404e-7
1098 1.788557980873404e-7
1099 1.7933004222313675e-7
1100 1.7917783593223226e-7
1101 1.7917783593223226e-7
1102 1.7917783593223226e-7
1103 1.79682521815155e-7
1104 1.802961563689942e-7
1105 1.801327342793924e-7
1106 1.803858778691178e-7
1107 1.7966810281221965e-7
1108 1.7966810281221965e-7
1109 1.7966810281221965e-7
1110 1.8147055152096964e-7
1111 1.8147055152096964e-7
1112 1.8239020056432778e-7
1113 1.8239020056432778e-7
1114 1.8239020056432778e-7
1115 1.8239020056432778e-7
1116 1.8239020056432778e-7
1117 1.8239020056432778e-7
1118 1.8239020056432778e-7
1119 1.8239020056432778e-7
1120 1.8239020056432778e-7
1121 1.8239020056432778e-7
1122 1.8239020056432778e-7
1123 1.8239020056432778e-7
1124 1.8239020056432778e-7
1125 1.8239020056432778e-7
1126 1.8239020056432778e-7
1127 1.8239020056432778e-7
1128 1.8239020056432778e-7
1129 1.8239020056432778e-7
1130 1.8239020056432778e-7
1131 1.8239020056432778e-7
1132 1.8294295101273226e-7
1133 1.8267218399346963e-7
1134 1.8270743085254408e-7
1135 1.828836712597351e-7
1136 1.8348128245820138e-7
1137 1.8330344136566417e-7
1138 1.83490895126825e-7
1139 1.831912888793278e-7
1140 1.835341545803587e-7
1141 1.8468451744959324e-7
1142 1.8554007979446053e-7
1143 1.8765655558718875e-7
1144 1.879785934320806e-7
1145 1.8880531593753146e-7
1146 1.904058906598215e-7
1147 1.904507514098833e-7
1148 1.9157227688442896e-7
1149 1.9114769922182433e-7
1150 1.912918953629971e-7
1151 1.912117859203152e-7
1152 1.9108521381986156e-7
1153 1.911893555452843e-7
1154 1.9228204118041354e-7
1155 1.9262811069686438e-7
1156 1.924406563245217e-7
1157 1.924630866995526e-7
1158 1.9221955638963266e-7
1159 1.9221955638963266e-7
1160 1.9221955638963266e-7
1161 1.9221955638963266e-7
1162 1.9247910822137985e-7
1163 1.9247910822137985e-7
1164 1.9247910822137985e-7
1165 1.926056803218335e-7
1166 1.9270181067516075e-7
1167 1.9270181067516075e-7
1168 1.9270181067516075e-7
1169 1.930703105666425e-7
1170 1.9303345996631245e-7
1171 1.9303345996631245e-7
1172 1.9303345996631245e-7
1173 1.9303345996631245e-7
1174 1.9303345996631245e-7
1175 1.9370957869975066e-7
1176 1.9370957869975066e-7
1177 1.9370957869975066e-7
1178 1.9370957869975066e-7
1179 1.9370957869975066e-7
1180 1.9370957869975066e-7
1181 1.9370957869975066e-7
1182 1.944690100801088e-7
1183 1.944690100801088e-7
1184 1.944690100801088e-7
1185 1.944690100801088e-7
1186 1.944690100801088e-7
1187 1.944690100801088e-7
1188 1.944690100801088e-7
1189 1.944690100801088e-7
1190 1.944690100801088e-7
1191 1.9472215428101612e-7
1192 1.9472215428101612e-7
1193 1.9472215428101612e-7
1194 1.9486635042218887e-7
1195 1.9486635042218887e-7
1196 1.9486635042218887e-7
1197 1.9486635042218887e-7
1198 1.9486635042218887e-7
1199 1.9486635042218887e-7
1200 1.9486635042218887e-7
1201 1.9486635042218887e-7
1202 1.9486635042218887e-7
1203 1.9486635042218887e-7
1204 1.9486635042218887e-7
1205 1.9486635042218887e-7
1206 1.9486635042218887e-7
1207 1.9486635042218887e-7
1208 1.9486635042218887e-7
1209 1.9486635042218887e-7
1210 1.9509866676695712e-7
1211 1.9545274765550348e-7
1212 1.9550882359308072e-7
1213 1.9517717307956527e-7
1214 1.952332490171425e-7
1215 1.952332490171425e-7
1216 1.952332490171425e-7
1217 1.952332490171425e-7
1218 1.952332490171425e-7
1219 1.952332490171425e-7
1220 1.952332490171425e-7
1221 1.9554086663673521e-7
1222 1.9554086663673521e-7
1223 1.9554086663673521e-7
1224 1.9554086663673521e-7
1225 1.9554086663673521e-7
1226 1.9554086663673521e-7
1227 1.9554086663673521e-7
1228 1.9554086663673521e-7
1229 1.9554086663673521e-7
1230 1.9554086663673521e-7
1231 1.9554086663673521e-7
1232 1.9588693737554981e-7
1233 1.9639482829625628e-7
1234 1.9683863190729e-7
1235 1.9729525200236723e-7
1236 1.9685945976342902e-7
1237 1.9698603125270079e-7
1238 1.9650537887488267e-7
1239 1.9676973826330542e-7
1240 1.969844293449908e-7
1241 1.978431961164599e-7
1242 1.9780314108952802e-7
1243 1.9782397077921272e-7
1244 1.9778391514109896e-7
1245 1.9757403100490726e-7
1246 1.9784319611645994e-7
1247 1.9798899477652457e-7
1248 1.9812357824907373e-7
1249 1.9790087396174718e-7
1250 1.975964613799382e-7
1251 1.9744585638556181e-7
1252 1.9753077216255549e-7
1253 1.9736254312745998e-7
1254 1.976108803828736e-7
1255 1.9744265195896e-7
1256 1.9755640635300634e-7
1257 1.9781275559169736e-7
1258 1.9841357121676547e-7
1259 1.9846804524663273e-7
1260 2.0029132242270365e-7
1261 2.0122699298788905e-7
1262 2.0226840779738905e-7
1263 2.0226840779738905e-7
1264 2.0226840779738905e-7
1265 2.0350688964785534e-7
1266 2.036062244277844e-7
1267 2.0403240338691712e-7
1268 2.0425831026729984e-7
1269 2.0544231869908073e-7
1270 2.054663509818216e-7
1271 2.0549519021005615e-7
1272 2.060046824272907e-7
1273 2.071358187369143e-7
1274 2.0708134470704705e-7
1275 2.0748188947572893e-7
1276 2.0766774255154354e-7
1277 2.071630566686208e-7
1278 2.074562552852781e-7
1279 2.0795453109263343e-7
1280 2.080346405353153e-7
1281 2.0777348557349438e-7
1282 2.0801060703021067e-7
1283 2.0811154494021347e-7
1284 2.0920262683408707e-7
1285 2.0890782753208356e-7
1286 2.0871876880730338e-7
1287 2.0881810419841434e-7
1288 2.0867551057613345e-7
1289 2.0867551057613345e-7
1290 2.0874600551664608e-7
1291 2.0874600551664608e-7
1292 2.0874600551664608e-7
1293 2.0874600551664608e-7
1294 2.0874600551664608e-7
1295 2.0874600551664608e-7
1296 2.0909207625546068e-7
1297 2.0991719685320155e-7
1298 2.0931317619034974e-7
1299 2.0932599389675704e-7
1300 2.0932599389675704e-7
1301 2.0981625955438065e-7
1302 2.0984189496719526e-7
1303 2.0984189496719526e-7
1304 2.0984189496719526e-7
1305 2.0984189496719526e-7
1306 2.0984189496719526e-7
1307 2.0984189496719526e-7
1308 2.0984189496719526e-7
1309 2.0984189496719526e-7
1310 2.0984189496719526e-7
1311 2.0984189496719526e-7
1312 2.0984189496719526e-7
1313 2.0984189496719526e-7
1314 2.1018956822490173e-7
1315 2.1079999712977532e-7
1316 2.1109319574643263e-7
1317 2.1239256047996985e-7
1318 2.130350336508617e-7
1319 2.1402037252278445e-7
1320 2.1402037252278445e-7
1321 2.1402037252278445e-7
1322 2.1402037252278445e-7
1323 2.1402037252278445e-7
1324 2.1402037252278445e-7
1325 2.1402037252278445e-7
1326 2.1402037252278445e-7
1327 2.1402037252278445e-7
1328 2.1402037252278445e-7
1329 2.1402037252278445e-7
1330 2.146580393593645e-7
1331 2.14890354481769e-7
1332 2.1501372154443894e-7
1333 2.1501372154443894e-7
1334 2.1559691251760608e-7
1335 2.1552161124278165e-7
1336 2.1563216059904429e-7
1337 2.1558249351467068e-7
1338 2.1533255435154709e-7
1339 2.156497846397634e-7
1340 2.1537100624840525e-7
1341 2.1596220981603165e-7
1342 2.1539183532690806e-7
1343 2.154879656802353e-7
1344 2.158084010062353e-7
1345 2.1612723442452533e-7
1346 2.1617529960118895e-7
1347 2.1656783299777533e-7
1348 2.1619452554961804e-7
1349 2.1616408441367352e-7
1350 2.167616962233217e-7
1351 2.1642203494889262e-7
1352 2.165614241445717e-7
1353 2.1773581929654713e-7
1354 2.1828055959521988e-7
1355 2.1821326847012718e-7
1356 2.1847282030187437e-7
1357 2.1880286951886174e-7
1358 2.1880286951886174e-7
1359 2.1880286951886174e-7
1360 2.1880286951886174e-7
1361 2.1880286951886174e-7
1362 2.1880286951886174e-7
1363 2.1880286951886174e-7
1364 2.1880286951886174e-7
1365 2.1880286951886174e-7
1366 2.1880286951886174e-7
1367 2.1909927195093898e-7
1368 2.1887336445937437e-7
1369 2.1887336445937437e-7
1370 2.1887336445937437e-7
1371 2.1887336445937437e-7
1372 2.1887336445937437e-7
1373 2.1887336445937437e-7
1374 2.1887336445937437e-7
1375 2.1887336445937437e-7
1376 2.1887336445937437e-7
1377 2.1915534666615247e-7
1378 2.1915534666615247e-7
1379 2.1931396181026062e-7
1380 2.192018099351061e-7
1381 2.192018099351061e-7
1382 2.192018099351061e-7
1383 2.192018099351061e-7
1384 2.200173172530415e-7
1385 2.2373436776805974e-7
1386 2.2485428950134977e-7
1387 2.261023858539853e-7
1388 2.2724954368543614e-7
1389 2.2724954368543614e-7
1390 2.2724954368543614e-7
1391 2.2724954368543614e-7
1392 2.2724954368543614e-7
1393 2.2700921719093614e-7
1394 2.269659589597662e-7
1395 2.2701722856303165e-7
1396 2.2713258547596984e-7
1397 2.2713258547596984e-7
1398 2.2713258547596984e-7
1399 2.2713258547596984e-7
1400 2.2713258547596984e-7
1401 2.2713258547596984e-7
1402 2.2713258547596984e-7
1403 2.2713258547596984e-7
1404 2.2739373982660888e-7
1405 2.2739373982660888e-7
1406 2.2739373982660888e-7
1407 2.2739373982660888e-7
1408 2.2896707722837433e-7
1409 2.285537159756489e-7
1410 2.2784875862515805e-7
1411 2.2784875862515805e-7
1412 2.2825571163586172e-7
1413 2.2825571163586172e-7
1414 2.2825571163586172e-7
1415 2.2825571163586172e-7
1416 2.2825571163586172e-7
1417 2.2825571163586172e-7
1418 2.2929392262994176e-7
1419 2.2929392262994176e-7
1420 2.2929392262994176e-7
1421 2.2929392262994176e-7
1422 2.297313173877718e-7
1423 2.297313173877718e-7
1424 2.3055163226238275e-7
1425 2.304186525310892e-7
1426 2.302151754145555e-7
1427 2.303065006559347e-7
1428 2.303209196588701e-7
1429 2.303209196588701e-7
1430 2.3087847644158638e-7
1431 2.3087847644158638e-7
1432 2.3087847644158638e-7
1433 2.312501825932156e-7
1434 2.3133349646249928e-7
1435 2.332464945275119e-7
1436 2.3410846572558284e-7
1437 2.345250307937282e-7
1438 2.345250307937282e-7
1439 2.345250307937282e-7
1440 2.3465640983967552e-7
1441 2.3452983773922187e-7
1442 2.3417735936956738e-7
1443 2.3428150109499014e-7
1444 2.3453464468471555e-7
1445 2.3522838745887287e-7
1446 2.3522838745887287e-7
1447 2.3522838745887287e-7
1448 2.3522838745887287e-7
1449 2.3522838745887287e-7
1450 2.3610638201231667e-7
1451 2.3610638201231667e-7
1452 2.3610638201231667e-7
1453 2.3568500938749575e-7
1454 2.3568500938749575e-7
1455 2.3529728232522117e-7
1456 2.356465574906376e-7
1457 2.356465574906376e-7
1458 2.356465574906376e-7
1459 2.3609676873251119e-7
1460 2.3637875216165304e-7
1461 2.3665592803411934e-7
1462 2.3613522062936932e-7
1463 2.3601345486322747e-7
1464 2.3665753055301118e-7
1465 2.3665753055301118e-7
1466 2.3665753055301118e-7
1467 2.3744419986507578e-7
1468 2.3791363766656032e-7
1469 2.3948537377179766e-7
1470 2.396087414456495e-7
1471 2.407142429536404e-7
1472 2.407975568229241e-7
1473 2.420841044612359e-7
1474 2.420841044612359e-7
1475 2.420841044612359e-7
1476 2.428179016511432e-7
1477 2.429140332268342e-7
1478 2.429733129798314e-7
1479 2.4326170526217693e-7
1480 2.4326170526217693e-7
1481 2.4326170526217693e-7
1482 2.440932347131215e-7
1483 2.4510581029438693e-7
1484 2.4589728532958147e-7
1485 2.4640517625028793e-7
1486 2.4734725627985884e-7
1487 2.471133386385625e-7
1488 2.471133386385625e-7
1489 2.4755714102723246e-7
1490 2.484127033720997e-7
1491 2.491513062851369e-7
1492 2.505259747382261e-7
1493 2.5179009200150695e-7
1494 2.5179009200150695e-7
1495 2.5201439575181596e-7
1496 2.5182213504516147e-7
1497 2.5205284887103785e-7
1498 2.5205284887103785e-7
1499 2.5205284887103785e-7
1500 2.524101347973679e-7
1501 2.5264084862324427e-7
1502 2.532144275389697e-7
1503 2.546900314573342e-7
1504 2.5601503099250414e-7
1505 2.567568389433251e-7
1506 2.5761720762250413e-7
1507 2.5761720762250413e-7
1508 2.5761720762250413e-7
1509 2.5774217720406595e-7
1510 2.5774217720406595e-7
1511 2.5790720120137776e-7
1512 2.5784151259517693e-7
1513 2.5809465679608424e-7
1514 2.579857087363497e-7
1515 2.5800173025817695e-7
1516 2.5778223284217973e-7
1517 2.578286948887696e-7
1518 2.5782068473903784e-7
1519 2.580962580926123e-7
1520 2.578895783830224e-7
1521 2.578895783830224e-7
1522 2.5880281979554067e-7
1523 2.5974169539850976e-7
1524 2.6072222732493883e-7
1525 2.615505529604634e-7
1526 2.615505529604634e-7
1527 2.615505529604634e-7
1528 2.615505529604634e-7
1529 2.615505529604634e-7
1530 2.615505529604634e-7
1531 2.6252627794139883e-7
1532 2.6287234806903156e-7
1533 2.642710488048616e-7
1534 2.6427585452799156e-7
1535 2.645706556635407e-7
1536 2.6579632041878156e-7
1537 2.6579632041878156e-7
1538 2.6699154342689605e-7
1539 2.6828450052959336e-7
1540 2.693996153173897e-7
1541 2.699940239227998e-7
1542 2.7106587986824433e-7
1543 2.728875545254234e-7
1544 2.728875545254234e-7
1545 2.7239088001459616e-7
1546 2.72634410935698e-7
1547 2.729276095523553e-7
1548 2.729340177943771e-7
1549 2.742510077909972e-7
1550 2.753549067800962e-7
1551 2.759220774537999e-7
1552 2.7650206522272895e-7
1553 2.7725348645335534e-7
1554 2.7768927869229355e-7
1555 2.7768927869229355e-7
1556 2.7768927869229355e-7
1557 2.7768927869229355e-7
1558 2.7768927869229355e-7
1559 2.7768927869229355e-7
1560 2.7768927869229355e-7
1561 2.7795524059960814e-7
1562 2.7795524059960814e-7
1563 2.7795524059960814e-7
1564 2.784278822165126e-7
1565 2.785079910480126e-7
1566 2.785079910480126e-7
1567 2.798217753956671e-7
1568 2.798217753956671e-7
1569 2.803873435504789e-7
1570 2.803873435504789e-7
1571 2.803873435504789e-7
1572 2.803873435504789e-7
1573 2.803873435504789e-7
1574 2.803873435504789e-7
1575 2.803873435504789e-7
1576 2.803873435504789e-7
1577 2.803873435504789e-7
1578 2.8108749517783986e-7
1579 2.8108749517783986e-7
1580 2.8108749517783986e-7
1581 2.8108749517783986e-7
1582 2.8108749517783986e-7
1583 2.8108749517783986e-7
1584 2.8108749517783986e-7
1585 2.8108749517783986e-7
1586 2.8108749517783986e-7
1587 2.8108749517783986e-7
1588 2.8108749517783986e-7
1589 2.8108749517783986e-7
1590 2.814207469878834e-7
1591 2.812621318437753e-7
1592 2.812621318437753e-7
1593 2.812621318437753e-7
1594 2.812621318437753e-7
1595 2.812621318437753e-7
1596 2.8238365670713904e-7
1597 2.8228592383491996e-7
1598 2.827185110360745e-7
1599 2.8262878953595087e-7
1600 2.8312706656566996e-7
1601 2.8429665538333356e-7
1602 2.8440880725848804e-7
1603 2.8506089370918537e-7
1604 2.8562165491850347e-7
1605 2.858075073831362e-7
1606 2.8564889223902806e-7
1607 2.8740968523549996e-7
1608 2.874481371323581e-7
1609 2.8784066991776264e-7
1610 2.886289411375372e-7
1611 2.890038504934045e-7
1612 2.8869463035491997e-7
1613 2.8974725912957166e-7
1614 2.895069326350716e-7
1615 2.896415161076208e-7
1616 2.8966234396375985e-7
1617 2.8978090469211797e-7
1618 2.9003725393080896e-7
1619 2.923443873001179e-7
1620 2.930221073300842e-7
1621 2.932624344357661e-7
1622 2.9322718696550977e-7
1623 2.9329127366400063e-7
1624 2.935812672428742e-7
1625 2.938183899219543e-7
1626 2.9394015568809614e-7
1627 2.944192049358405e-7
1628 2.9422694422918603e-7
1629 2.9422694422918603e-7
1630 2.946963820306706e-7
1631 2.9531001536214604e-7
1632 2.9677440470417694e-7
1633 2.9735599560317977e-7
1634 2.970003115845597e-7
1635 2.981811162009207e-7
1636 2.9827564525771986e-7
1637 2.984999502303926e-7
1638 2.9920811322984904e-7
1639 2.9957501060243894e-7
1640 3.001069331947044e-7
1641 3.006020051866398e-7
1642 3.026111348273434e-7
1643 3.036140977399853e-7
1644 3.041844722291089e-7
1645 3.0340100795482803e-7
1646 3.031526713105963e-7
1647 3.0342984779424446e-7
1648 3.0342984779424446e-7
1649 3.041780652094509e-7
1650 3.044424239866918e-7
1651 3.051073281437964e-7
1652 3.0632177710033994e-7
1653 3.062673030704727e-7
1654 3.0747214119193827e-7
1655 3.078502549744074e-7
1656 3.072510406458674e-7
1657 3.074961734746792e-7
1658 3.077188759284601e-7
1659 3.0746092539324097e-7
1660 3.0734717099919465e-7
1661 3.073311494773674e-7
1662 3.084879211998056e-7
1663 3.0827643393354014e-7
1664 3.0820113143635193e-7
1665 3.0863211734097834e-7
1666 3.0914801841141655e-7
1667 3.123988349403702e-7
1668 3.123988349403702e-7
1669 3.123988349403702e-7
1670 3.1282821832610474e-7
1671 3.130877713802157e-7
1672 3.1295799424197835e-7
1673 3.131502561709966e-7
1674 3.1322075233387304e-7
1675 3.1356521994261393e-7
1676 3.1347069149699667e-7
1677 3.1423172539624666e-7
1678 3.140891311627839e-7
1679 3.1525711807273753e-7
1680 3.162568765587776e-7
1681 3.1577141723546577e-7
1682 3.1577141723546577e-7
1683 3.1577141723546577e-7
1684 3.1577141723546577e-7
1685 3.1577141723546577e-7
1686 3.1577141723546577e-7
1687 3.1577141723546577e-7
1688 3.1577141723546577e-7
1689 3.1577141723546577e-7
1690 3.1577141723546577e-7
1691 3.1577141723546577e-7
1692 3.1577141723546577e-7
1693 3.1577141723546577e-7
1694 3.1577141723546577e-7
1695 3.1577141723546577e-7
1696 3.1577141723546577e-7
1697 3.1577141723546577e-7
1698 3.1577141723546577e-7
1699 3.166430017133422e-7
1700 3.164763751971385e-7
1701 3.1668145361020034e-7
1702 3.166301840069349e-7
1703 3.1689454339535765e-7
1704 3.1834130869666947e-7
1705 3.186681528758731e-7
1706 3.18950136305015e-7
1707 3.192833893374223e-7
1708 3.1941636906871586e-7
1709 3.1941636906871586e-7
1710 3.1896295340024044e-7
1711 3.1896295340024044e-7
1712 3.1896295340024044e-7
1713 3.1896295340024044e-7
1714 3.1896295340024044e-7
1715 3.1896295340024044e-7
1716 3.1896295340024044e-7
1717 3.1896295340024044e-7
1718 3.1896295340024044e-7
1719 3.1896295340024044e-7
1720 3.1896295340024044e-7
1721 3.1896295340024044e-7
1722 3.1896295340024044e-7
1723 3.1896295340024044e-7
1724 3.1896295340024044e-7
1725 3.1896295340024044e-7
1726 3.1896295340024044e-7
1727 3.1896295340024044e-7
1728 3.198281290249132e-7
1729 3.1978166636714143e-7
1730 3.211947861059069e-7
1731 3.221785218477559e-7
1732 3.219894649565214e-7
1733 3.2226503953245957e-7
1734 3.221192420947587e-7
1735 3.2284663043146234e-7
1736 3.2284663043146234e-7
1737 3.2311419363530505e-7
1738 3.231061834855733e-7
1739 3.2299883672236683e-7
1740 3.2414279196076147e-7
1741 3.2574176416415964e-7
1742 3.2583308879435695e-7
1743 3.25874744506635e-7
1744 3.2606380139786955e-7
1745 3.2788227223962867e-7
1746 3.2788227223962867e-7
1747 3.2788227223962867e-7
1748 3.2788227223962867e-7
1749 3.2788227223962867e-7
1750 3.2788227223962867e-7
1751 3.2788227223962867e-7
1752 3.2788227223962867e-7
1753 3.2788227223962867e-7
1754 3.2788227223962867e-7
1755 3.2788227223962867e-7
1756 3.2788227223962867e-7
1757 3.2788227223962867e-7
1758 3.2788227223962867e-7
1759 3.2788227223962867e-7
1760 3.2788227223962867e-7
1761 3.2788227223962867e-7
1762 3.2788227223962867e-7
1763 3.2788227223962867e-7
1764 3.2788227223962867e-7
1765 3.2788227223962867e-7
1766 3.2788227223962867e-7
1767 3.2788227223962867e-7
1768 3.2788227223962867e-7
1769 3.2788227223962867e-7
1770 3.2788227223962867e-7
1771 3.2788227223962867e-7
1772 3.2788227223962867e-7
1773 3.2788227223962867e-7
1774 3.2788227223962867e-7
1775 3.2788227223962867e-7
1776 3.2788227223962867e-7
1777 3.2788227223962867e-7
1778 3.2788227223962867e-7
1779 3.2788227223962867e-7
1780 3.2788227223962867e-7
1781 3.2788227223962867e-7
1782 3.2788227223962867e-7
1783 3.2788227223962867e-7
1784 3.2788227223962867e-7
1785 3.2788227223962867e-7
1786 3.284173998696778e-7
1787 3.285615947884868e-7
1788 3.292825754943506e-7
1789 3.3083348190990326e-7
1790 3.3153203101837237e-7
1791 3.323475389474896e-7
1792 3.323475389474896e-7
1793 3.323475389474896e-7
1794 3.323475389474896e-7
1795 3.323475389474896e-7
1796 3.3274327554831404e-7
1797 3.3274327554831404e-7
1798 3.3274327554831404e-7
1799 3.3274327554831404e-7
1800 3.3274327554831404e-7
1801 3.335956334665795e-7
1802 3.335956334665795e-7
1803 3.335956334665795e-7
1804 3.335956334665795e-7
1805 3.335956334665795e-7
1806 3.335956334665795e-7
1807 3.335956334665795e-7
1808 3.335956334665795e-7
1809 3.335956334665795e-7
1810 3.335956334665795e-7
1811 3.335956334665795e-7
1812 3.335956334665795e-7
1813 3.335956334665795e-7
1814 3.337959055453295e-7
1815 3.337959055453295e-7
1816 3.337959055453295e-7
1817 3.337959055453295e-7
1818 3.337959055453295e-7
1819 3.337959055453295e-7
1820 3.337959055453295e-7
1821 3.337959055453295e-7
1822 3.337959055453295e-7
1823 3.337959055453295e-7
1824 3.337959055453295e-7
1825 3.337959055453295e-7
1826 3.337959055453295e-7
1827 3.3412755605884493e-7
1828 3.3426374205028596e-7
1829 3.3401700548021856e-7
1830 3.3434224836289413e-7
1831 3.3434224836289413e-7
1832 3.3434224836289413e-7
1833 3.3434224836289413e-7
1834 3.3434224836289413e-7
1835 3.3489660133019046e-7
1836 3.3489660133019046e-7
1837 3.3497510886516235e-7
1838 3.358514990661687e-7
1839 3.3621839766112233e-7
1840 3.3823393554384773e-7
1841 3.3823393554384773e-7
1842 3.3823393554384773e-7
1843 3.3823393554384773e-7
1844 3.3823393554384773e-7
1845 3.3823393554384773e-7
1846 3.386585125952705e-7
1847 3.386585125952705e-7
1848 3.386585125952705e-7
1849 3.386585125952705e-7
1850 3.4110824142040605e-7
1851 3.411819413987024e-7
1852 3.4289146295836323e-7
1853 3.438175214661069e-7
1854 3.4446800478673053e-7
1855 3.4491981976985975e-7
1856 3.4445999463699877e-7
1857 3.4445999463699877e-7
1858 3.4445999463699877e-7
1859 3.45336385449187e-7
1860 3.452434589112797e-7
1861 3.450880481937734e-7
1862 3.450511982046252e-7
1863 3.4542770885702056e-7
1864 3.453972689434398e-7
1865 3.4483490338168416e-7
1866 3.4509605895468695e-7
1867 3.4509605895468695e-7
1868 3.451729627484032e-7
1869 3.454325151913323e-7
1870 3.45571906220557e-7
1871 3.4566803657388427e-7
1872 3.455398631769025e-7
1873 3.45211416478807e-7
1874 3.45211416478807e-7
1875 3.454693670140261e-7
1876 3.4678955899252047e-7
1877 3.468103868486595e-7
1878 3.4780694151927954e-7
1879 3.4778771618203235e-7
1880 3.474800979512578e-7
1881 3.5058351452361877e-7
1882 3.512099649503196e-7
1883 3.512099649503196e-7
1884 3.513333320129896e-7
1885 3.5145830281691514e-7
1886 3.515304002763196e-7
1887 3.513797958931251e-7
1888 3.5113626497202325e-7
1889 3.512500199772515e-7
1890 3.51681005270696e-7
1891 3.51400624360446e-7
1892 3.5228983165667776e-7
1893 3.523587259118442e-7
1894 3.5189409383348956e-7
1895 3.519982355589123e-7
1896 3.5191171787420864e-7
1897 3.5189569696356327e-7
1898 3.5162172429533506e-7
1899 3.5186365330872693e-7
1900 3.5199823555891234e-7
1901 3.517274685396497e-7
1902 3.522129278629615e-7
1903 3.5232027340380417e-7
1904 3.524003822353042e-7
1905 3.527720871645696e-7
1906 3.528650137024769e-7
1907 3.528650137024769e-7
1908 3.528650137024769e-7
1909 3.529146807868505e-7
1910 3.555005943810633e-7
1911 3.5669581800035965e-7
1912 3.5742641076366515e-7
1913 3.573446994132733e-7
1914 3.5939228156201695e-7
1915 3.6076855070045236e-7
1916 3.6019817621132875e-7
1917 3.6019817621132875e-7
1918 3.6019817621132875e-7
1919 3.593858727088133e-7
1920 3.593858727088133e-7
1921 3.5997707627643974e-7
1922 3.59792825719517e-7
1923 3.59792825719517e-7
1924 3.59792825719517e-7
1925 3.59792825719517e-7
1926 3.6009723952368976e-7
1927 3.602478445180662e-7
1928 3.601581230179426e-7
1929 3.602013818602944e-7
1930 3.60066799610109e-7
1931 3.6068363675700434e-7
1932 3.6254857025653523e-7
1933 3.6313977321297974e-7
1934 3.6296193150926065e-7
1935 3.628882315309643e-7
1936 3.628882315309643e-7
1937 3.6243481586248886e-7
1938 3.6243481586248886e-7
1939 3.6243481586248886e-7
1940 3.6243481586248886e-7
1941 3.6243481586248886e-7
1942 3.6297314730795795e-7
1943 3.633352395685998e-7
1944 3.6338811169075707e-7
1945 3.6338811169075707e-7
1946 3.6416356459294245e-7
1947 3.650495686849361e-7
1948 3.664963345974298e-7
1949 3.6685041548597616e-7
1950 3.6685041548597616e-7
1951 3.671900773715871e-7
1952 3.671900773715871e-7
1953 3.671900773715871e-7
1954 3.671900773715871e-7
1955 3.671900773715871e-7
1956 3.671900773715871e-7
1957 3.671900773715871e-7
1958 3.671900773715871e-7
1959 3.671900773715871e-7
1960 3.676290734259453e-7
1961 3.6806807070266717e-7
1962 3.68233094699979e-7
1963 3.685439167461735e-7
1964 3.69875325745729e-7
1965 3.7085105133784625e-7
1966 3.7085105133784625e-7
1967 3.7085105133784625e-7
1968 3.7085105133784625e-7
1969 3.7085105133784625e-7
1970 3.7085105133784625e-7
1971 3.714182220115499e-7
1972 3.714662877993954e-7
1973 3.714662877993954e-7
1974 3.714662877993954e-7
1975 3.7173224970671e-7
1976 3.716649585816173e-7
1977 3.716649585816173e-7
1978 3.720014166518083e-7
1979 3.72288206415262e-7
1980 3.722529583338238e-7
1981 3.721792583555274e-7
1982 3.721792583555274e-7
1983 3.722529583338238e-7
1984 3.722529583338238e-7
1985 3.722257216244811e-7
1986 3.722705823745429e-7
1987 3.723635089124502e-7
1988 3.723635089124502e-7
1989 3.727864834449811e-7
1990 3.732270820182311e-7
1991 3.731678010428701e-7
1992 3.736404432709565e-7
1993 3.755806792676756e-7
1994 3.7663330926469106e-7
1995 3.7663330926469106e-7
1996 3.771844571942037e-7
1997 3.7700821800937645e-7
1998 3.7740555712909276e-7
1999 3.7733025585426833e-7
2000 3.774327938384355e-7
2001 3.782467004710247e-7
2002 3.7966462654410194e-7
2003 3.819893851764938e-7
2004 3.819893851764938e-7
2005 3.819893851764938e-7
2006 3.819893851764938e-7
2007 3.8266870772535195e-7
2008 3.8266870772535195e-7
2009 3.8332560112154294e-7
2010 3.8332560112154294e-7
2011 3.8332560112154294e-7
2012 3.8332560112154294e-7
2013 3.8332560112154294e-7
2014 3.8332560112154294e-7
2015 3.843413811294102e-7
2016 3.8479479740906755e-7
2017 3.8476275375423116e-7
2018 3.8487009990625576e-7
2019 3.8649470630010477e-7
2020 3.874047426748393e-7
2021 3.8781009377783295e-7
2022 3.885022340330984e-7
2023 3.8828273539473747e-7
2024 3.88330801182583e-7
2025 3.883356075168948e-7
2026 3.8837405941375297e-7
2027 3.884205226827066e-7
2028 3.8845256694872487e-7
2029 3.8925686030150855e-7
2030 3.896461892714931e-7
2031 3.8986248287207037e-7
2032 3.911025672414285e-7
2033 3.916825562327214e-7
2034 3.923618787815795e-7
2035 3.923618787815795e-7
2036 3.923618787815795e-7
2037 3.923618787815795e-7
2038 3.923618787815795e-7
2039 3.923618787815795e-7
2040 3.9265026984156126e-7
2041 3.930331911807059e-7
2042 3.9306843803978033e-7
2043 3.9506795501186036e-7
2044 3.9549894091648677e-7
2045 3.9654676335682666e-7
2046 3.9755773764156405e-7
2047 3.975417155085549e-7
2048 3.9963896596403594e-7
2049 4.001308335293695e-7
2050 4.0073004846909143e-7
2051 4.0101203250941517e-7
2052 4.013805324008969e-7
2053 4.0117385024657947e-7
2054 4.016448917893196e-7
2055 4.029763001776932e-7
2056 4.034745772074123e-7
2057 4.031461305093168e-7
2058 4.0366363409864684e-7
2059 4.0470344761161875e-7
2060 4.0545326448980766e-7
2061 4.0725891823634136e-7
2062 4.076674725435731e-7
2063 4.078517231004959e-7
2064 4.0820099765473045e-7
2065 4.0820099765473045e-7
2066 4.0820099765473045e-7
2067 4.0820099765473045e-7
2068 4.0820099765473045e-7
2069 4.0820099765473045e-7
2070 4.0820099765473045e-7
2071 4.0820099765473045e-7
2072 4.0827630015191867e-7
2073 4.0827630015191867e-7
2074 4.086832531626223e-7
2075 4.086832531626223e-7
2076 4.0914948592632314e-7
2077 4.092824656576167e-7
2078 4.099698008009341e-7
2079 4.0990571349126133e-7
2080 4.100483071135422e-7
2081 4.116072249011904e-7
2082 4.118283254472613e-7
2083 4.1266786565911947e-7
2084 4.1266786565911947e-7
2085 4.1266786565911947e-7
2086 4.1266786565911947e-7
2087 4.1266786565911947e-7
2088 4.1266786565911947e-7
2089 4.1266786565911947e-7
2090 4.1266786565911947e-7
2091 4.1266786565911947e-7
2092 4.1266786565911947e-7
2093 4.1266786565911947e-7
2094 4.1266786565911947e-7
2095 4.1266786565911947e-7
2096 4.1266786565911947e-7
2097 4.1266786565911947e-7
2098 4.1266786565911947e-7
2099 4.1266786565911947e-7
2100 4.1266786565911947e-7
2101 4.1266786565911947e-7
2102 4.1266786565911947e-7
2103 4.1266786565911947e-7
2104 4.1266786565911947e-7
2105 4.1266786565911947e-7
2106 4.127976427973568e-7
2107 4.127976427973568e-7
2108 4.127976427973568e-7
2109 4.127976427973568e-7
2110 4.137413247346377e-7
2111 4.1352182609627675e-7
2112 4.138855208758105e-7
2113 4.139367904790759e-7
2114 4.1462252065877397e-7
2115 4.17182799451354e-7
2116 4.1796626433681675e-7
2117 4.1817134336106044e-7
2118 4.2038715332253587e-7
2119 4.2012439706418683e-7
2120 4.201083749311777e-7
2121 4.206050494420049e-7
2122 4.2066593293625774e-7
2123 4.2112575684675493e-7
2124 4.2094310880872404e-7
2125 4.2085979616180407e-7
2126 4.2085979616180407e-7
2127 4.2085979616180407e-7
2128 4.2085979616180407e-7
2129 4.2085979616180407e-7
2130 4.2085979616180407e-7
2131 4.2085979616180407e-7
2132 4.2085979616180407e-7
2133 4.2085979616180407e-7
2134 4.2085979616180407e-7
2135 4.2085979616180407e-7
2136 4.2085979616180407e-7
2137 4.2085979616180407e-7
2138 4.2085979616180407e-7
2139 4.2085979616180407e-7
2140 4.2085979616180407e-7
2141 4.2085979616180407e-7
2142 4.2210628938436587e-7
2143 4.2205662229999227e-7
2144 4.217217679710569e-7
2145 4.217217679710569e-7
2146 4.217217679710569e-7
2147 4.2223126018829146e-7
2148 4.2223126018829146e-7
2149 4.228128498649305e-7
2150 4.22796829565467e-7
2151 4.230435636908069e-7
2152 4.224956195767142e-7
2153 4.2243954363913697e-7
2154 4.223434132858097e-7
2155 4.225100398020134e-7
2156 4.225100398020134e-7
2157 4.225100398020134e-7
2158 4.2318776105434346e-7
2159 4.2298748897559344e-7
2160 4.230547801006861e-7
2161 4.235674767445225e-7
2162 4.2302273705703164e-7
2163 4.235354330896861e-7
2164 4.232919027797662e-7
2165 4.237517266902634e-7
2166 4.2297787630696984e-7
2167 4.2297787630696984e-7
2168 4.2297787630696984e-7
2169 4.2297787630696984e-7
2170 4.2297787630696984e-7
2171 4.2297787630696984e-7
2172 4.2297787630696984e-7
2173 4.2297787630696984e-7
2174 4.2297787630696984e-7
2175 4.2338963687434906e-7
2176 4.2340085083950077e-7
2177 4.2340085083950077e-7
2178 4.2376134058125076e-7
2179 4.239728278475162e-7
2180 4.239728278475162e-7
2181 4.239728278475162e-7
2182 4.239728278475162e-7
2183 4.240144835597943e-7
2184 4.2406895820084347e-7
2185 4.2409138857587434e-7
2186 4.2424039105135887e-7
2187 4.2424039105135887e-7
2188 4.251344046819024e-7
2189 4.2545163558130054e-7
2190 4.270586191567942e-7
2191 4.277651796373588e-7
2192 4.283163287892352e-7
2193 4.287393033217661e-7
2194 4.287393033217661e-7
2195 4.288626716067998e-7
2196 4.288626716067998e-7
2197 4.288626716067998e-7
2198 4.288626716067998e-7
2199 4.288626716067998e-7
2200 4.288626716067998e-7
2201 4.288626716067998e-7
2202 4.288626716067998e-7
2203 4.288626716067998e-7
2204 4.288626716067998e-7
2205 4.288626716067998e-7
2206 4.288626716067998e-7
2207 4.288626716067998e-7
2208 4.288626716067998e-7
2209 4.288626716067998e-7
2210 4.288626716067998e-7
2211 4.3009634834531803e-7
2212 4.316072003451207e-7
2213 4.3235862096456524e-7
2214 4.3216636025791075e-7
2215 4.3228011465195707e-7
2216 4.32140725456278e-7
2217 4.324082886601207e-7
2218 4.337124609503335e-7
2219 4.337124609503335e-7
2220 4.337124609503335e-7
2221 4.337124609503335e-7
2222 4.337124609503335e-7
2223 4.337124609503335e-7
2224 4.337124609503335e-7
2225 4.337124609503335e-7
2226 4.337124609503335e-7
2227 4.351367958766144e-7
2228 4.3497657821361437e-7
2229 4.3497657821361437e-7
2230 4.356366754252253e-7
2231 4.3835556875073163e-7
2232 4.3835556875073163e-7
2233 4.3835556875073163e-7
2234 4.3835556875073163e-7
2235 4.3835556875073163e-7
2236 4.3835556875073163e-7
2237 4.3835556875073163e-7
2238 4.3835556875073163e-7
2239 4.393136709133117e-7
2240 4.3933449938063264e-7
2241 4.3933770380723446e-7
2242 4.3919190514716984e-7
2243 4.388025761771853e-7
2244 4.3956361007643527e-7
2245 4.408613741246263e-7
2246 4.40407957844969e-7
2247 4.415919662767499e-7
2248 4.414958359234227e-7
2249 4.418338946789599e-7
2250 4.418338946789599e-7
2251 4.414493720432871e-7
2252 4.414493720432871e-7
2253 4.431412701734107e-7
2254 4.4392153124345354e-7
2255 4.480263082095645e-7
2256 4.4933849064950905e-7
2257 4.4883540667429625e-7
2258 4.496605284944009e-7
2259 4.496605284944009e-7
2260 4.496605284944009e-7
2261 4.496605284944009e-7
2262 4.496605284944009e-7
2263 4.496605284944009e-7
2264 4.496605284944009e-7
2265 4.5043598139658626e-7
2266 4.5052089656239807e-7
2267 4.5052089656239807e-7
2268 4.5052089656239807e-7
2269 4.5177700367594724e-7
2270 4.5187954227129626e-7
2271 4.520990409096572e-7
2272 4.51180993774009e-7
2273 4.5110248746140085e-7
2274 4.5110248746140085e-7
2275 4.5110248746140085e-7
2276 4.5110248746140085e-7
2277 4.5110248746140085e-7
2278 4.5110248746140085e-7
2279 4.5172252903489806e-7
2280 4.5198528590442897e-7
2281 4.5265980273015717e-7
2282 4.538806611510862e-7
2283 4.5531140493057075e-7
2284 4.5769063698164797e-7
2285 4.594482249403362e-7
2286 4.60013793095148e-7
2287 4.60013793095148e-7
2288 4.60013793095148e-7
2289 4.60013793095148e-7
2290 4.60013793095148e-7
2291 4.60013793095148e-7
2292 4.604271549590553e-7
2293 4.6044477899977436e-7
2294 4.604527891495061e-7
2295 4.60595382771787e-7
2296 4.6051207012486703e-7
2297 4.606786966410707e-7
2298 4.611465313124815e-7
2299 4.62556447235827e-7
2300 4.6272788069752433e-7
2301 4.6301627175750606e-7
2302 4.6284323638809876e-7
2303 4.6293616292600605e-7
2304 4.641217738766788e-7
2305 4.641217738766788e-7
2306 4.6549804423747795e-7
2307 4.6611488260673707e-7
2308 4.677811459352279e-7
2309 4.683835646903698e-7
2310 4.695595623612371e-7
2311 4.695595623612371e-7
2312 4.7035584556428906e-7
2313 4.7016678745069075e-7
2314 4.7016678745069075e-7
2315 4.7016678745069075e-7
2316 4.7016678745069075e-7
2317 4.7016678745069075e-7
2318 4.7016678745069075e-7
2319 4.7016678745069075e-7
2320 4.7016678745069075e-7
2321 4.7016678745069075e-7
2322 4.7016678745069075e-7
2323 4.7016678745069075e-7
2324 4.7016678745069075e-7
2325 4.7034943548872164e-7
2326 4.702613165074899e-7
2327 4.702613165074899e-7
2328 4.7076119605610086e-7
2329 4.709166073847891e-7
2330 4.7100953270033264e-7
2331 4.7090218715948996e-7
2332 4.71363613588879e-7
2333 4.714068730424127e-7
2334 4.7338395902828e-7
2335 4.737300291559127e-7
2336 4.7402643158799e-7
2337 4.7402482968028e-7
2338 4.743532757671936e-7
2339 4.743532757671936e-7
2340 4.743532757671936e-7
2341 4.743532757671936e-7
2342 4.743532757671936e-7
2343 4.743532757671936e-7
2344 4.743532757671936e-7
2345 4.743532757671936e-7
2346 4.743532757671936e-7
2347 4.743532757671936e-7
2348 4.743532757671936e-7
2349 4.743532757671936e-7
2350 4.743532757671936e-7
2351 4.743532757671936e-7
2352 4.7473138954966273e-7
2353 4.7507906158500545e-7
2354 4.7520403116656726e-7
2355 4.757199322370055e-7
2356 4.779966250815519e-7
2357 4.779966250815519e-7
2358 4.779966250815519e-7
2359 4.787063893775364e-7
2360 4.794241638232527e-7
2361 4.791630088614318e-7
2362 4.791630088614318e-7
2363 4.795170909723419e-7
2364 4.795170909723419e-7
2365 4.795170909723419e-7
2366 4.795170909723419e-7
2367 4.804223210127646e-7
2368 4.804223210127646e-7
2369 4.804223210127646e-7
2370 4.804223210127646e-7
2371 4.804223210127646e-7
2372 4.804223210127646e-7
2373 4.804223210127646e-7
2374 4.809670613114374e-7
2375 4.808805436267337e-7
2376 4.808805436267337e-7
2377 4.808805436267337e-7
2378 4.808805436267337e-7
2379 4.808805436267337e-7
2380 4.808805436267337e-7
2381 4.808805436267337e-7
2382 4.808805436267337e-7
2383 4.808805436267337e-7
2384 4.808805436267337e-7
2385 4.808805436267337e-7
2386 4.808805436267337e-7
2387 4.808805436267337e-7
2388 4.817569332165582e-7
2389 4.815278219095736e-7
2390 4.815278219095736e-7
2391 4.822744368058883e-7
2392 4.846312384819347e-7
2393 4.846552713758574e-7
2394 4.849548782345365e-7
2395 4.849548782345365e-7
2396 4.849548782345365e-7
2397 4.849548782345365e-7
2398 4.849548782345365e-7
2399 4.849548782345365e-7
2400 4.849548782345365e-7
2401 4.849548782345365e-7
2402 4.854050894764101e-7
2403 4.854050894764101e-7
2404 4.854050894764101e-7
2405 4.854050894764101e-7
2406 4.854050894764101e-7
2407 4.864032460547401e-7
2408 4.865874953892991e-7
2409 4.869319636092218e-7
2410 4.892567222416137e-7
2411 4.899007973202155e-7
2412 4.899007973202155e-7
2413 4.899007973202155e-7
2414 4.899007973202155e-7
2415 4.899007973202155e-7
2416 4.899007973202155e-7
2417 4.899007973202155e-7
2418 4.899007973202155e-7
2419 4.903013414777156e-7
2420 4.906345932877591e-7
2421 4.906345932877591e-7
2422 4.906345932877591e-7
2423 4.906345932877591e-7
2424 4.912241943364937e-7
2425 4.911008272738238e-7
2426 4.910095032548084e-7
2427 4.910095032548084e-7
2428 4.914276714530275e-7
2429 4.912658512711356e-7
2430 4.912658512711356e-7
2431 4.913571752901511e-7
2432 4.913571752901511e-7
2433 4.9186185995071e-7
2434 4.9186185995071e-7
2435 4.925828382118463e-7
2436 4.930026089289573e-7
2437 4.927078090157719e-7
2438 4.926805710840654e-7
2439 4.928279710406581e-7
2440 4.932557531298646e-7
2441 4.929128874288336e-7
2442 4.934992840509664e-7
2443 4.934528213931946e-7
2444 4.935697796026609e-7
2445 4.931820531515682e-7
2446 4.931820531515682e-7
2447 4.943276096864909e-7
2448 4.950982568655464e-7
2449 4.971554516829137e-7
2450 5.002508562719973e-7
2451 5.002508562719973e-7
2452 5.002508562719973e-7
2453 5.016976215733091e-7
2454 5.036987404530991e-7
2455 5.039647017492318e-7
2456 5.039967447928863e-7
2457 5.039967447928863e-7
2458 5.037980752330281e-7
2459 5.037980752330281e-7
2460 5.048282748550127e-7
2461 5.048282748550127e-7
2462 5.048282748550127e-7
2463 5.048282748550127e-7
2464 5.048282748550127e-7
2465 5.050573861619973e-7
2466 5.050573861619973e-7
2467 5.050573861619973e-7
2468 5.050573861619973e-7
2469 5.050573861619973e-7
2470 5.050573861619973e-7
2471 5.050573861619973e-7
2472 5.056630087325591e-7
2473 5.055156087759664e-7
2474 5.058312377676546e-7
2475 5.085853785634173e-7
2476 5.088112860549819e-7
2477 5.088112860549819e-7
2478 5.082024584466364e-7
2479 5.084411836446083e-7
2480 5.084411836446083e-7
2481 5.092759175221547e-7
2482 5.093704465789538e-7
2483 5.093704465789538e-7
2484 5.093704465789538e-7
2485 5.093704465789538e-7
2486 5.09827066674031e-7
2487 5.09889551464812e-7
2488 5.101186627717966e-7
2489 5.118073570865002e-7
2490 5.123809360022256e-7
2491 5.134495875210683e-7
2492 5.134495875210683e-7
2493 5.134495875210683e-7
2494 5.134495875210683e-7
2495 5.135088672740655e-7
2496 5.135120723118492e-7
2497 5.134816305647228e-7
2498 5.135761596215219e-7
2499 5.135761596215219e-7
2500 5.135761596215219e-7
2501 5.135761596215219e-7
2502 5.135761596215219e-7
2503 5.135761596215219e-7
2504 5.135761596215219e-7
2505 5.135761596215219e-7
2506 5.135761596215219e-7
2507 5.135761596215219e-7
2508 5.135761596215219e-7
2509 5.135761596215219e-7
2510 5.135761596215219e-7
2511 5.135761596215219e-7
2512 5.144108934990682e-7
2513 5.144108934990682e-7
2514 5.148450832191146e-7
2515 5.153481665831455e-7
2516 5.172771873923492e-7
2517 5.175960201994574e-7
2518 5.173989519361274e-7
2519 5.181007060823802e-7
2520 5.181007060823802e-7
2521 5.181007060823802e-7
2522 5.181007060823802e-7
2523 5.181007060823802e-7
2524 5.181007060823802e-7
2525 5.181007060823802e-7
2526 5.181007060823802e-7
2527 5.186582628650965e-7
2528 5.186582628650965e-7
2529 5.186582628650965e-7
2530 5.188056628216892e-7
2531 5.189258260689392e-7
2532 5.189258260689392e-7
2533 5.195170296365656e-7
2534 5.195170296365656e-7
2535 5.195170296365656e-7
2536 5.195170296365656e-7
2537 5.203677850359391e-7
2538 5.220580818695346e-7
2539 5.223032146983464e-7
2540 5.230209897552447e-7
2541 5.226284569698402e-7
2542 5.226284569698402e-7
2543 5.226284569698402e-7
2544 5.226284569698402e-7
2545 5.226284569698402e-7
2546 5.226284569698402e-7
2547 5.226284569698402e-7
2548 5.226284569698402e-7
2549 5.226284569698402e-7
2550 5.228463518669455e-7
2551 5.232100466464792e-7
2552 5.235769452414328e-7
2553 5.233862858313065e-7
2554 5.229120416955101e-7
2555 5.2295529992668e-7
2556 5.237724103746892e-7
2557 5.234888250378373e-7
2558 5.229488910734764e-7
2559 5.231828087147728e-7
2560 5.231828087147728e-7
2561 5.235240718969119e-7
2562 5.2384130279631e-7
2563 5.24302729836881e-7
2564 5.26606660001952e-7
2565 5.26606660001952e-7
2566 5.26606660001952e-7
2567 5.26606660001952e-7
2568 5.26606660001952e-7
2569 5.26606660001952e-7
2570 5.269126763250166e-7
2571 5.269126763250166e-7
2572 5.269126763250166e-7
2573 5.269126763250166e-7
2574 5.269126763250166e-7
2575 5.269126763250166e-7
2576 5.269126763250166e-7
2577 5.262525791134056e-7
2578 5.262525791134056e-7
2579 5.260571133689674e-7
2580 5.260571133689674e-7
2581 5.260571133689674e-7
2582 5.260571133689674e-7
2583 5.260571133689674e-7
2584 5.260571133689674e-7
2585 5.254819313231682e-7
2586 5.255203838312083e-7
2587 5.255203838312083e-7
2588 5.255203838312083e-7
2589 5.255203838312083e-7
2590 5.255203838312083e-7
2591 5.255203838312083e-7
2592 5.255203838312083e-7
2593 5.255203838312083e-7
2594 5.255203838312083e-7
2595 5.255203838312083e-7
2596 5.255203838312083e-7
2597 5.255203838312083e-7
2598 5.255203838312083e-7
2599 5.255203838312083e-7
2600 5.255203838312083e-7
2601 5.255203838312083e-7
2602 5.255203838312083e-7
2603 5.250301181735847e-7
2604 5.250365264156064e-7
2605 5.252912731354056e-7
2606 5.252912725242237e-7
2607 5.256469559316619e-7
2608 5.256469559316619e-7
2609 5.260475000891619e-7
2610 5.260475000891619e-7
2611 5.256870103474119e-7
2612 5.262734063583628e-7
2613 5.262734063583628e-7
2614 5.264704733993291e-7
2615 5.270744946733628e-7
2616 5.270744946733628e-7
2617 5.270744946733628e-7
2618 5.270744946733628e-7
2619 5.275439336972112e-7
2620 5.283257954526003e-7
2621 5.283466233087393e-7
2622 5.288256750012112e-7
2623 5.299007353732576e-7
2624 5.307402755851157e-7
2625 5.304502820062421e-7
2626 5.303717744712702e-7
2627 5.304454744495666e-7
2628 5.306233161532857e-7
2629 5.304983465717239e-7
2630 5.305095617592394e-7
2631 5.303301181478103e-7
2632 5.306809952209367e-7
2633 5.312481658946403e-7
2634 5.312481658946403e-7
2635 5.312481658946403e-7
2636 5.312481658946403e-7
2637 5.312481658946403e-7
2638 5.312481658946403e-7
2639 5.312481658946403e-7
2640 5.312481658946403e-7
2641 5.312481658946403e-7
2642 5.312481658946403e-7
2643 5.312481658946403e-7
2644 5.312481658946403e-7
2645 5.312481658946403e-7
2646 5.312481658946403e-7
2647 5.312481658946403e-7
2648 5.312481658946403e-7
2649 5.312481658946403e-7
2650 5.312481658946403e-7
2651 5.312481658946403e-7
2652 5.312481658946403e-7
2653 5.312481658946403e-7
2654 5.312481658946403e-7
2655 5.312481658946403e-7
2656 5.312481658946403e-7
2657 5.312481658946403e-7
2658 5.309245261420385e-7
2659 5.309245261420385e-7
2660 5.309245261420385e-7
2661 5.309245261420385e-7
2662 5.309245261420385e-7
2663 5.317464423131776e-7
2664 5.315253423782886e-7
2665 5.314532436965203e-7
2666 5.314372221746931e-7
2667 5.317608613161131e-7
2668 5.320508561173504e-7
2669 5.336129783316004e-7
2670 5.347921804290695e-7
2671 5.350228942549459e-7
2672 5.350228942549459e-7
2673 5.353433283585821e-7
2674 5.352648220459739e-7
2675 5.354410612308012e-7
2676 5.351542726897113e-7
2677 5.352872536433687e-7
2678 5.353497384341496e-7
2679 5.35505148540474e-7
2680 5.357374642740603e-7
2681 5.354090181871467e-7
2682 5.351366474266285e-7
2683 5.351398524644122e-7
2684 5.351398524644122e-7
2685 5.351398524644122e-7
2686 5.351398524644122e-7
2687 5.351398524644122e-7
2688 5.354042118528349e-7
2689 5.354987396872703e-7
2690 5.353337156899585e-7
2691 5.357743130408448e-7
2692 5.38185590580304e-7
2693 5.398742842838257e-7
2694 5.396019135233075e-7
2695 5.398726817649339e-7
2696 5.395218059141712e-7
2697 5.416366785768257e-7
2698 5.432676944350602e-7
2699 5.432676944350602e-7
2700 5.432676944350602e-7
2701 5.432676944350602e-7
2702 5.432676944350602e-7
2703 5.432981361821866e-7
2704 5.432981361821866e-7
2705 5.432981361821866e-7
2706 5.432981361821866e-7
2707 5.432981361821866e-7
2708 5.432981361821866e-7
2709 5.432981361821866e-7
2710 5.432981361821866e-7
2711 5.432981361821866e-7
2712 5.432981361821866e-7
2713 5.432981361821866e-7
2714 5.432981361821866e-7
2715 5.432981361821866e-7
2716 5.432981361821866e-7
2717 5.432981361821866e-7
2718 5.436858614109155e-7
2719 5.436858614109155e-7
2720 5.442322042284801e-7
2721 5.442322042284801e-7
2722 5.442322042284801e-7
2723 5.442322042284801e-7
2724 5.446599863176865e-7
2725 5.45372955040273e-7
2726 5.463278521650693e-7
2727 5.476720788710321e-7
2728 5.48777580379023e-7
2729 5.48777580379023e-7
2730 5.48777580379023e-7
2731 5.48777580379023e-7
2732 5.48777580379023e-7
2733 5.48777580379023e-7
2734 5.48777580379023e-7
2735 5.48777580379023e-7
2736 5.48777580379023e-7
2737 5.48777580379023e-7
2738 5.48777580379023e-7
2739 5.48777580379023e-7
2740 5.48777580379023e-7
2741 5.510670915411586e-7
2742 5.530425756193159e-7
2743 5.552904298468096e-7
2744 5.56102733349325e-7
2745 5.560418504662541e-7
2746 5.562212940776831e-7
2747 5.562132833167694e-7
2748 5.563542750313403e-7
2749 5.565000730802231e-7
2750 5.563014035203649e-7
2751 5.565481382568867e-7
2752 5.564520072923775e-7
2753 5.570095652974575e-7
2754 5.570095652974575e-7
2755 5.570095652974575e-7
2756 5.579836889818648e-7
2757 5.57937226324093e-7
2758 5.597476857937567e-7
2759 5.601722628451794e-7
2760 5.601738647528894e-7
2761 5.604782779458803e-7
2762 5.614620155212749e-7
2763 5.631410971673549e-7
2764 5.641344461890094e-7
2765 5.63581695129423e-7
2766 5.636009210778521e-7
2767 5.637643437786358e-7
2768 5.637082672298767e-7
2769 5.638957222134013e-7
2770 5.637515260722285e-7
2771 5.637435153113149e-7
2772 5.636874387625558e-7
2773 5.653809406339349e-7
2774 5.652767982973303e-7
2775 5.657350203001175e-7
2776 5.657125905362684e-7
2777 5.658872284245675e-7
2778 5.654274039028884e-7
2779 5.654274039028884e-7
2780 5.654274039028884e-7
2781 5.654274039028884e-7
2782 5.659465087887466e-7
2783 5.659465087887466e-7
2784 5.659465087887466e-7
2785 5.659465087887466e-7
2786 5.659465087887466e-7
2787 5.661948466553421e-7
2788 5.66797265410484e-7
2789 5.67120904551904e-7
2790 5.671881962881785e-7
2791 5.681911585896385e-7
2792 5.694360499044904e-7
2793 5.692229607305149e-7
2794 5.692229607305149e-7
2795 5.692229607305149e-7
2796 5.692229607305149e-7
2797 5.692229607305149e-7
2798 5.692229607305149e-7
2799 5.692229607305149e-7
2800 5.692229607305149e-7
2801 5.692229607305149e-7
2802 5.692229607305149e-7
2803 5.692229607305149e-7
2804 5.692229607305149e-7
2805 5.692229607305149e-7
2806 5.692229607305149e-7
2807 5.695546100216666e-7
2808 5.695546100216666e-7
2809 5.70166641445432e-7
2810 5.70166641445432e-7
2811 5.70166641445432e-7
2812 5.705223248528702e-7
2813 5.702996211767256e-7
2814 5.713089929425711e-7
2815 5.714964473149138e-7
2816 5.727365322954539e-7
2817 5.73513588327713e-7
2818 5.73513588327713e-7
2819 5.73513588327713e-7
2820 5.73513588327713e-7
2821 5.73513588327713e-7
2822 5.73513588327713e-7
2823 5.73513588327713e-7
2824 5.73513588327713e-7
2825 5.73513588327713e-7
2826 5.73513588327713e-7
2827 5.73513588327713e-7
2828 5.73513588327713e-7
2829 5.73513588327713e-7
2830 5.73513588327713e-7
2831 5.73513588327713e-7
2832 5.73513588327713e-7
2833 5.73513588327713e-7
2834 5.73513588327713e-7
2835 5.73513588327713e-7
2836 5.73513588327713e-7
2837 5.73513588327713e-7
2838 5.73513588327713e-7
2839 5.73513588327713e-7
2840 5.73513588327713e-7
2841 5.738580565476357e-7
2842 5.740583286263857e-7
2843 5.748834498353084e-7
2844 5.759521013541511e-7
2845 5.776584197095738e-7
2846 5.776584197095738e-7
2847 5.776584197095738e-7
2848 5.776584197095738e-7
2849 5.776584197095738e-7
2850 5.776584197095738e-7
2851 5.776584197095738e-7
2852 5.776584197095738e-7
2853 5.776584197095738e-7
2854 5.776584197095738e-7
2855 5.776584197095738e-7
2856 5.776584197095738e-7
2857 5.776584197095738e-7
2858 5.776584197095738e-7
2859 5.776584197095738e-7
2860 5.776584197095738e-7
2861 5.776584197095738e-7
2862 5.776584197095738e-7
2863 5.776584197095738e-7
2864 5.776584197095738e-7
2865 5.776584197095738e-7
2866 5.776584197095738e-7
2867 5.776584197095738e-7
2868 5.776584197095738e-7
2869 5.776584197095738e-7
2870 5.776584197095738e-7
2871 5.776584197095738e-7
2872 5.776584197095738e-7
2873 5.776584197095738e-7
2874 5.776584197095738e-7
2875 5.776584197095738e-7
2876 5.776584197095738e-7
2877 5.776584197095738e-7
2878 5.776584197095738e-7
2879 5.776584197095738e-7
2880 5.776584197095738e-7
2881 5.787527066412311e-7
2882 5.780878043176721e-7
2883 5.782239890867493e-7
2884 5.787623199210365e-7
2885 5.791548533176229e-7
2886 5.80973324159382e-7
2887 5.80973324159382e-7
2888 5.80973324159382e-7
2889 5.80973324159382e-7
2890 5.80973324159382e-7
2891 5.80973324159382e-7
2892 5.80973324159382e-7
2893 5.80973324159382e-7
2894 5.80973324159382e-7
2895 5.80973324159382e-7
2896 5.80973324159382e-7
2897 5.80973324159382e-7
2898 5.80973324159382e-7
2899 5.80973324159382e-7
2900 5.80973324159382e-7
2901 5.80973324159382e-7
2902 5.80973324159382e-7
2903 5.80973324159382e-7
2904 5.81711927683601e-7
2905 5.81711927683601e-7
2906 5.817792188086938e-7
2907 5.819987174470548e-7
2908 5.820371705662767e-7
2909 5.817808213275857e-7
2910 5.817599934714467e-7
2911 5.819810934063357e-7
2912 5.822983243057339e-7
2913 5.818513174904621e-7
2914 5.818513174904621e-7
2915 5.826668248083975e-7
2916 5.826668248083975e-7
2917 5.828286437679257e-7
2918 5.828062133928948e-7
2919 5.830497449251785e-7
2920 5.846983848241322e-7
2921 5.869766795763885e-7
2922 5.869766795763885e-7
2923 5.869766795763885e-7
2924 5.869766795763885e-7
2925 5.869766795763885e-7
2926 5.869766795763885e-7
2927 5.869766795763885e-7
2928 5.869766795763885e-7
2929 5.874124718153267e-7
2930 5.874589350842804e-7
2931 5.88045332317595e-7
2932 5.880517405596168e-7
2933 5.881014082551722e-7
2934 5.895145279939377e-7
2935 5.901826359664622e-7
2936 5.901505923116259e-7
2937 5.906088149255949e-7
2938 5.903652840044931e-7
2939 5.903652840044931e-7
2940 5.903652840044931e-7
2941 5.903652840044931e-7
2942 5.903652840044931e-7
2943 5.903652840044931e-7
2944 5.903652840044931e-7
2945 5.910910698223049e-7
2946 5.910910698223049e-7
2947 5.913554292107277e-7
2948 5.913554292107277e-7
2949 5.913554292107277e-7
2950 5.913554292107277e-7
2951 5.919850834528485e-7
2952 5.919370188873668e-7
2953 5.923087238166322e-7
2954 5.919866859717403e-7
2955 5.919866859717403e-7
2956 5.919866859717403e-7
2957 5.919866859717403e-7
2958 5.919866859717403e-7
2959 5.919866859717403e-7
2960 5.919866859717403e-7
2961 5.919866859717403e-7
2962 5.919866859717403e-7
2963 5.919866859717403e-7
2964 5.919866859717403e-7
2965 5.929624109526757e-7
2966 5.929351742433331e-7
2967 5.935327860529812e-7
2968 5.935327860529812e-7
2969 5.935327860529812e-7
2970 5.935327860529812e-7
2971 5.935327860529812e-7
2972 5.935327860529812e-7
2973 5.935327860529812e-7
2974 5.935327860529812e-7
2975 5.935327860529812e-7
2976 5.935327860529812e-7
2977 5.935327860529812e-7
2978 5.935327860529812e-7
2979 5.935327860529812e-7
2980 5.944364147968758e-7
2981 5.943338743679812e-7
2982 5.943338743679812e-7
2983 5.943338743679812e-7
2984 5.943338743679812e-7
2985 5.943338743679812e-7
2986 5.943338743679812e-7
2987 5.943338743679812e-7
2988 5.947600527159321e-7
2989 5.950115956203113e-7
2990 5.946174590936511e-7
2991 5.94958723498154e-7
2992 5.948898286318056e-7
2993 5.948898286318056e-7
2994 5.948898286318056e-7
2995 5.970175202232312e-7
2996 5.969310025385274e-7
2997 5.983361109051974e-7
2998 6.000103856057837e-7
2999 6.000103856057837e-7
3000 6.013417946053392e-7
3001 6.007890435457528e-7
3002 6.008867764179719e-7
3003 6.008867764179719e-7
3004 6.008867764179719e-7
3005 6.008867764179719e-7
3006 6.008867764179719e-7
3007 6.014731724289227e-7
3008 6.010950598688174e-7
3009 6.010950598688174e-7
3010 6.014347205320646e-7
3011 6.014491407573637e-7
3012 6.013113534693946e-7
3013 6.017695760833637e-7
3014 6.01864104528981e-7
3015 6.03903675916811e-7
3016 6.053440323649192e-7
3017 6.053440323649192e-7
3018 6.053440323649192e-7
3019 6.058294916882309e-7
3020 6.062893155987281e-7
3021 6.062893155987281e-7
3022 6.062893155987281e-7
3023 6.062893155987281e-7
3024 6.062893155987281e-7
3025 6.062893155987281e-7
3026 6.068564862724317e-7
3027 6.065584813214627e-7
3028 6.065584813214627e-7
3029 6.065584813214627e-7
3030 6.065584813214627e-7
3031 6.065584813214627e-7
3032 6.065584813214627e-7
3033 6.065584813214627e-7
3034 6.065584813214627e-7
3035 6.065584813214627e-7
3036 6.065584813214627e-7
3037 6.065584813214627e-7
3038 6.065584813214627e-7
3039 6.065584813214627e-7
3040 6.065584813214627e-7
3041 6.071625025954964e-7
3042 6.072858696581663e-7
3043 6.073707860463418e-7
3044 6.082279502989191e-7
3045 6.1005603319812e-7
3046 6.108779505916228e-7
3047 6.108779505916228e-7
3048 6.108779505916228e-7
3049 6.108779505916228e-7
3050 6.115220250590427e-7
3051 6.115220250590427e-7
3052 6.121484767081073e-7
3053 6.118729021321691e-7
3054 6.118729021321691e-7
3055 6.120843893984345e-7
3056 6.120843893984345e-7
3057 6.120843893984345e-7
3058 6.123263184118264e-7
3059 6.123263184118264e-7
3060 6.128902852701101e-7
3061 6.128902852701101e-7
3062 6.128902852701101e-7
3063 6.128902852701101e-7
3064 6.128902852701101e-7
3065 6.128902852701101e-7
3066 6.135295534032183e-7
3067 6.1393810771045e-7
3068 6.15075653484459e-7
3069 6.162292207802955e-7
3070 6.165849041877337e-7
3071 6.169373825573882e-7
3072 6.171264394486227e-7
3073 6.171264394486227e-7
3074 6.171264394486227e-7
3075 6.171264394486227e-7
3076 6.171264394486227e-7
3077 6.171264394486227e-7
3078 6.171264394486227e-7
3079 6.171264394486227e-7
3080 6.171264394486227e-7
3081 6.177480847633755e-7
3082 6.177480847633755e-7
3083 6.177480847633755e-7
3084 6.182287377523754e-7
3085 6.182287377523754e-7
3086 6.182287377523754e-7
3087 6.188728128309773e-7
3088 6.191227526052827e-7
3089 6.185571832281071e-7
3090 6.185571832281071e-7
3091 6.185571832281071e-7
3092 6.185571832281071e-7
3093 6.187911008694035e-7
3094 6.187911008694035e-7
3095 6.187911008694035e-7
3096 6.187911008694035e-7
3097 6.187911008694035e-7
3098 6.187911008694035e-7
3099 6.187911008694035e-7
3100 6.187911008694035e-7
3101 6.187911008694035e-7
3102 6.187911008694035e-7
3103 6.192188805138824e-7
3104 6.191563969454653e-7
3105 6.197283739534807e-7
3106 6.198020739317771e-7
3107 6.197155562470734e-7
3108 6.20026378293268e-7
3109 6.212312158035517e-7
3110 6.211591177329654e-7
3111 6.225530109121199e-7
3112 6.225530109121199e-7
3113 6.225530109121199e-7
3114 6.225530109121199e-7
3115 6.225530109121199e-7
3116 6.225530109121199e-7
3117 6.225530109121199e-7
3118 6.225530109121199e-7
3119 6.225530109121199e-7
3120 6.225530109121199e-7
3121 6.229359310289008e-7
3122 6.230304588633362e-7
3123 6.230304588633362e-7
3124 6.230304588633362e-7
3125 6.230304588633362e-7
3126 6.230304588633362e-7
3127 6.230304588633362e-7
3128 6.230304588633362e-7
3129 6.230304588633362e-7
3130 6.230304588633362e-7
3131 6.230304588633362e-7
3132 6.230304588633362e-7
3133 6.230304588633362e-7
3134 6.230304588633362e-7
3135 6.230304588633362e-7
3136 6.230304588633362e-7
3137 6.230304588633362e-7
3138 6.230304588633362e-7
3139 6.230304588633362e-7
3140 6.234245941676325e-7
3141 6.233893460861943e-7
3142 6.233893460861943e-7
3143 6.245300962868053e-7
3144 6.244467836398853e-7
3145 6.245701507025552e-7
3146 6.251389238951508e-7
3147 6.253696371098453e-7
3148 6.247800366722926e-7
3149 6.251164935201199e-7
3150 6.255795224684008e-7
3151 6.282503506172435e-7
3152 6.285868074650707e-7
3153 6.279427329976508e-7
3154 6.28540344807299e-7
3155 6.303780409863053e-7
3156 6.329767722869254e-7
3157 6.329767722869254e-7
3158 6.329767722869254e-7
3159 6.329767722869254e-7
3160 6.329767722869254e-7
3161 6.329767722869254e-7
3162 6.329767722869254e-7
3163 6.329767722869254e-7
3164 6.329767722869254e-7
3165 6.329767722869254e-7
3166 6.329767722869254e-7
3167 6.329767722869254e-7
3168 6.329767722869254e-7
3169 6.330536760806417e-7
3170 6.330536760806417e-7
3171 6.335151025100307e-7
3172 6.335151025100307e-7
3173 6.337362036672836e-7
3174 6.338211188330954e-7
3175 6.338211188330954e-7
3176 6.338211188330954e-7
3177 6.344748059691389e-7
3178 6.353752302864317e-7
3179 6.364038267783426e-7
3180 6.37036686669429e-7
3181 6.372193353186418e-7
3182 6.372193353186418e-7
3183 6.372193353186418e-7
3184 6.372193353186418e-7
3185 6.372193353186418e-7
3186 6.372193353186418e-7
3187 6.372193353186418e-7
3188 6.372193353186418e-7
3189 6.372193353186418e-7
3190 6.372193353186418e-7
3191 6.372193353186418e-7
3192 6.372193353186418e-7
3193 6.372193353186418e-7
3194 6.372193353186418e-7
3195 6.372193353186418e-7
3196 6.372193353186418e-7
3197 6.372193353186418e-7
3198 6.372193353186418e-7
3199 6.372193353186418e-7
3200 6.372193353186418e-7
3201 6.372193353186418e-7
3202 6.372193353186418e-7
3203 6.372193353186418e-7
3204 6.372193353186418e-7
3205 6.376615364107836e-7
3206 6.3741480106308e-7
3207 6.380092084461263e-7
3208 6.394063066630646e-7
3209 6.401256836276727e-7
3210 6.401096621058455e-7
3211 6.404653449021018e-7
3212 6.403147405189072e-7
3213 6.402939126627682e-7
3214 6.408114150297345e-7
3215 6.408114150297345e-7
3216 6.413449401408918e-7
3217 6.41481124909969e-7
3218 6.413257135812808e-7
3219 6.413257135812808e-7
3220 6.413257135812808e-7
3221 6.413257135812808e-7
3222 6.413257135812808e-7
3223 6.413257135812808e-7
3224 6.413257135812808e-7
3225 6.413257135812808e-7
3226 6.413257135812808e-7
3227 6.413257135812808e-7
3228 6.420979626680463e-7
3229 6.420290690240617e-7
3230 6.420290690240617e-7
3231 6.420290690240617e-7
3232 6.420290690240617e-7
3233 6.420290690240617e-7
3234 6.420290690240617e-7
3235 6.424776789694072e-7
3236 6.428333623768454e-7
3237 6.428333623768454e-7
3238 6.428333623768454e-7
3239 6.428333623768454e-7
3240 6.430592686460462e-7
3241 6.430592686460462e-7
3242 6.430592686460462e-7
3243 6.430592686460462e-7
3244 6.432579382059043e-7
3245 6.432579382059043e-7
3246 6.432579382059043e-7
3247 6.439548847954816e-7
3248 6.444675814393179e-7
3249 6.46769909085497e-7
3250 6.466401331696234e-7
3251 6.466401331696234e-7
3252 6.467298540585651e-7
3253 6.465151629768797e-7
3254 6.465151629768797e-7
3255 6.471592374442997e-7
3256 6.471592374442997e-7
3257 6.483224174087597e-7
3258 6.48578765425087e-7
3259 6.495048239328306e-7
3260 6.496858694519697e-7
3261 6.499310028919633e-7
3262 6.502097812833215e-7
3263 6.507833614214106e-7
3264 6.507833614214106e-7
3265 6.507833614214106e-7
3266 6.507833614214106e-7
3267 6.507833614214106e-7
3268 6.507833614214106e-7
3269 6.507833614214106e-7
3270 6.507833614214106e-7
3271 6.507833614214106e-7
3272 6.507833614214106e-7
3273 6.507833614214106e-7
3274 6.507833614214106e-7
3275 6.507833614214106e-7
3276 6.507833614214106e-7
3277 6.507833614214106e-7
3278 6.507833614214106e-7
3279 6.507833614214106e-7
3280 6.507833614214106e-7
3281 6.507833614214106e-7
3282 6.507833614214106e-7
3283 6.507833614214106e-7
3284 6.507833614214106e-7
3285 6.507833614214106e-7
3286 6.507833614214106e-7
3287 6.507833614214106e-7
3288 6.507833614214106e-7
3289 6.507833614214106e-7
3290 6.507833614214106e-7
3291 6.507833614214106e-7
3292 6.507833614214106e-7
3293 6.507833614214106e-7
3294 6.507833614214106e-7
3295 6.507833614214106e-7
3296 6.507833614214106e-7
3297 6.507833614214106e-7
3298 6.507833614214106e-7
3299 6.507833614214106e-7
3300 6.507833614214106e-7
3301 6.514755016766761e-7
3302 6.513281017200833e-7
3303 6.512047334350496e-7
3304 6.510172790627069e-7
3305 6.512399815164877e-7
3306 6.515203624267377e-7
3307 6.52158028040954e-7
3308 6.528982346952468e-7
3309 6.531145276846422e-7
3310 6.538387122059259e-7
3311 6.547695764367995e-7
3312 6.547695764367995e-7
3313 6.547695764367995e-7
3314 6.547695764367995e-7
3315 6.547695764367995e-7
3316 6.547695764367995e-7
3317 6.547695764367995e-7
3318 6.547695764367995e-7
3319 6.547695764367995e-7
3320 6.547695764367995e-7
3321 6.547695764367995e-7
3322 6.547695764367995e-7
3323 6.547695764367995e-7
3324 6.547695764367995e-7
3325 6.547695764367995e-7
3326 6.547695764367995e-7
3327 6.547695764367995e-7
3328 6.547695764367995e-7
3329 6.547695764367995e-7
3330 6.55017914303395e-7
3331 6.550643775723487e-7
3332 6.550643775723487e-7
3333 6.550643775723487e-7
3334 6.550643775723487e-7
3335 6.550643775723487e-7
3336 6.550643775723487e-7
3337 6.550643775723487e-7
3338 6.550643775723487e-7
3339 6.550643775723487e-7
3340 6.550643775723487e-7
3341 6.562772252323642e-7
3342 6.562932467541914e-7
3343 6.567915237839105e-7
3344 6.583376244763333e-7
3345 6.586740813241606e-7
3346 6.594575462096233e-7
3347 6.594575462096233e-7
3348 6.594575462096233e-7
3349 6.594575462096233e-7
3350 6.594575462096233e-7
3351 6.594575462096233e-7
3352 6.613256847469379e-7
3353 6.613256847469379e-7
3354 6.613256847469379e-7
3355 6.615483872007188e-7
3356 6.617102073826106e-7
3357 6.615772264289533e-7
3358 6.615131391192805e-7
3359 6.61561204907126e-7
3360 6.61561204907126e-7
3361 6.619473300616907e-7
3362 6.620066110370517e-7
3363 6.620819135342399e-7
3364 6.619553414337863e-7
3365 6.618992642738453e-7
3366 6.621059452057989e-7
3367 6.618912541241135e-7
3368 6.618912541241135e-7
3369 6.618912541241135e-7
3370 6.620723008656163e-7
3371 6.625962120857863e-7
3372 6.625962120857863e-7
3373 6.62764439898518e-7
3374 6.632979650096753e-7
3375 6.64650201254188e-7
3376 6.668644093079534e-7
3377 6.668644093079534e-7
3378 6.67290588878268e-7
3379 6.671415864027834e-7
3380 6.671415864027834e-7
3381 6.671415864027834e-7
3382 6.677359937858298e-7
3383 6.676606925110053e-7
3384 6.677936734646627e-7
3385 6.677936734646627e-7
3386 6.686155896358017e-7
3387 6.684137162605236e-7
3388 6.689151977168445e-7
3389 6.687037098393972e-7
3390 6.684537706762736e-7
3391 6.681926151032708e-7
3392 6.682759289725545e-7
3393 6.683368112444436e-7
3394 6.685691275892119e-7
3395 6.68746969292931e-7
3396 6.68746969292931e-7
3397 6.68746969292931e-7
3398 6.68746969292931e-7
3399 6.687982388961965e-7
3400 6.693638070510082e-7
3401 6.689648654124001e-7
3402 6.68790227524101e-7
3403 6.693798285728356e-7
3404 6.699662258061502e-7
3405 6.711966975068847e-7
3406 6.711342127161038e-7
3407 6.712111165098201e-7
3408 6.720202161969156e-7
3409 6.71933698512212e-7
3410 6.71791104889931e-7
3411 6.71791104889931e-7
3412 6.71153438053351e-7
3413 6.711454279036193e-7
3414 6.709804032951256e-7
3415 6.711101792109992e-7
3416 6.711518355344592e-7
3417 6.711598469065546e-7
3418 6.712287405505392e-7
3419 6.710589096077338e-7
3420 6.712495690178602e-7
3421 6.711934924691011e-7
3422 6.709852090182556e-7
3423 6.707609046567647e-7
3424 6.708506267680703e-7
3425 6.709755969608139e-7
3426 6.709755969608139e-7
3427 6.709755969608139e-7
3428 6.709755969608139e-7
3429 6.709755969608139e-7
3430 6.709755969608139e-7
3431 6.709755969608139e-7
3432 6.709755969608139e-7
3433 6.709755969608139e-7
3434 6.701809168878357e-7
3435 6.701809168878357e-7
3436 6.701809168878357e-7
3437 6.713248696815028e-7
3438 6.703683712601785e-7
3439 6.710717260917774e-7
3440 6.712063095643266e-7
3441 6.704212433823358e-7
3442 6.703122953226013e-7
3443 6.69897331550984e-7
3444 6.702466061052186e-7
3445 6.699710321404622e-7
3446 6.69833245463675e-7
3447 6.70435663607635e-7
3448 6.709307362107523e-7
3449 6.720186142892059e-7
3450 6.724287711153296e-7
3451 6.72659484941206e-7
3452 6.729863291204097e-7
3453 6.729863291204097e-7
3454 6.729863291204097e-7
3455 6.729863291204097e-7
3456 6.729863291204097e-7
3457 6.729863291204097e-7
3458 6.729863291204097e-7
3459 6.729863291204097e-7
3460 6.729863291204097e-7
3461 6.726851197428387e-7
3462 6.734797985934532e-7
3463 6.732859359790888e-7
3464 6.734125068571786e-7
3465 6.734125068571786e-7
3466 6.739428269305522e-7
3467 6.735599068137714e-7
3468 6.735118410259258e-7
3469 6.73960452193635e-7
3470 6.738402889463851e-7
3471 6.74503589973416e-7
3472 6.74503589973416e-7
3473 6.75186116948876e-7
3474 6.762083058099469e-7
3475 6.774980584860425e-7
3476 6.786195821270425e-7
3477 6.783135658039778e-7
3478 6.785378707766505e-7
3479 6.792588502601505e-7
3480 6.800935841376968e-7
3481 6.801320366457369e-7
3482 6.802746308791996e-7
3483 6.80508548520496e-7
3484 6.816460936833233e-7
3485 6.816460936833233e-7
3486 6.816460936833233e-7
3487 6.816460936833233e-7
3488 6.816460936833233e-7
3489 6.816460936833233e-7
3490 6.816460936833233e-7
3491 6.816460936833233e-7
3492 6.816460936833233e-7
3493 6.816460936833233e-7
3494 6.816460936833233e-7
3495 6.816460936833233e-7
3496 6.816460936833233e-7
3497 6.816460936833233e-7
3498 6.816460936833233e-7
3499 6.816460936833233e-7
3500 6.816460936833233e-7
3501 6.816460936833233e-7
3502 6.816460936833233e-7
3503 6.816460936833233e-7
3504 6.816460936833233e-7
3505 6.816460936833233e-7
3506 6.816460936833233e-7
3507 6.816460936833233e-7
3508 6.816460936833233e-7
3509 6.821860264253205e-7
3510 6.823077928026442e-7
3511 6.822469099195733e-7
3512 6.822517162538851e-7
3513 6.823093947103542e-7
3514 6.818399569088697e-7
3515 6.817758695991969e-7
3516 6.817758695991969e-7
3517 6.817758695991969e-7
3518 6.817758695991969e-7
3519 6.817758695991969e-7
3520 6.817758695991969e-7
3521 6.817758695991969e-7
3522 6.817758695991969e-7
3523 6.817758695991969e-7
3524 6.817758695991969e-7
3525 6.824087288791014e-7
3526 6.820081847216014e-7
3527 6.820081847216014e-7
3528 6.820081847216014e-7
3529 6.820081847216014e-7
3530 6.820081847216014e-7
3531 6.820081847216014e-7
3532 6.820081847216014e-7
3533 6.820081847216014e-7
3534 6.820081847216014e-7
3535 6.820081847216014e-7
3536 6.820081847216014e-7
3537 6.820081847216014e-7
3538 6.826378401860859e-7
3539 6.826378401860859e-7
3540 6.826378401860859e-7
3541 6.826378401860859e-7
3542 6.826378401860859e-7
3543 6.834581550606968e-7
3544 6.836119638704932e-7
3545 6.843057066446505e-7
3546 6.857396548507369e-7
3547 6.862251147852306e-7
3548 6.862347274538542e-7
3549 6.863260514728696e-7
3550 6.863068255244405e-7
3551 6.865615716330578e-7
3552 6.865615716330578e-7
3553 6.863116318587523e-7
3554 6.863116318587523e-7
3555 6.863116318587523e-7
3556 6.863116318587523e-7
3557 6.863116318587523e-7
3558 6.863116318587523e-7
3559 6.863116318587523e-7
3560 6.863116318587523e-7
3561 6.863116318587523e-7
3562 6.870806771300979e-7
3563 6.867570367663141e-7
3564 6.867233912037678e-7
3565 6.867233912037678e-7
3566 6.86837146820178e-7
3567 6.86878802532456e-7
3568 6.86878802532456e-7
3569 6.86878802532456e-7
3570 6.879650780920178e-7
3571 6.881429197957369e-7
3572 6.87900990782345e-7
3573 6.87900990782345e-7
3574 6.87900990782345e-7
3575 6.87900990782345e-7
3576 6.87900990782345e-7
3577 6.883864501056568e-7
3578 6.883512020242186e-7
3579 6.886508094940795e-7
3580 6.885803145535669e-7
3581 6.885803145535669e-7
3582 6.885803145535669e-7
3583 6.885803145535669e-7
3584 6.885803145535669e-7
3585 6.893093041867986e-7
3586 6.893093041867986e-7
3587 6.893093041867986e-7
3588 6.896697951509123e-7
3589 6.896922255259432e-7
3590 6.899870254391286e-7
3591 6.899293469826594e-7
3592 6.897643229853476e-7
3593 6.895752660941131e-7
3594 6.900639304552086e-7
3595 6.898268077761285e-7
3596 6.898460331133757e-7
3597 6.898460331133757e-7
3598 6.900254773359867e-7
3599 6.902706101647985e-7
3600 6.904003860806721e-7
3601 6.902706101647985e-7
3602 6.900046482574839e-7
3603 6.900094545917957e-7
3604 6.905477860372648e-7
3605 6.920201867513912e-7
3606 6.929622667809621e-7
3607 6.928421029225303e-7
3608 6.93266679973953e-7
3609 6.928148668243695e-7
3610 6.929093952699868e-7
3611 6.928837598571723e-7
3612 6.939924664029468e-7
3613 6.941719106255578e-7
3614 6.943593643867186e-7
3615 6.943273207318822e-7
3616 6.943673751476321e-7
3617 6.947919521990549e-7
3618 6.960640808344312e-7
3619 6.964341832448048e-7
3620 6.970574304672676e-7
3621 6.970574304672676e-7
3622 6.970574304672676e-7
3623 6.970574304672676e-7
3624 6.970574304672676e-7
3625 6.970574304672676e-7
3626 6.967770501681995e-7
3627 6.967770501681995e-7
3628 6.967770501681995e-7
3629 6.967770501681995e-7
3630 6.967770501681995e-7
3631 6.967770501681995e-7
3632 6.971535614317767e-7
3633 6.969228469947184e-7
3634 6.973650486980421e-7
3635 6.982045895210822e-7
3636 6.98691650752104e-7
3637 6.995632352299804e-7
3638 6.989976670751686e-7
3639 6.991578847381686e-7
3640 6.998564332354558e-7
3641 6.998564332354558e-7
3642 6.998564332354558e-7
3643 6.998564332354558e-7
3644 6.998564332354558e-7
3645 6.998564332354558e-7
3646 6.998564332354558e-7
3647 6.998564332354558e-7
3648 6.998564332354558e-7
3649 6.998564332354558e-7
3650 6.998564332354558e-7
3651 6.998564332354558e-7
3652 7.001111787328912e-7
3653 7.001111787328912e-7
3654 7.006815544443786e-7
3655 7.004812823656286e-7
3656 7.00391560865505e-7
3657 7.00391560865505e-7
3658 7.00391560865505e-7
3659 7.00391560865505e-7
3660 7.00391560865505e-7
3661 7.00391560865505e-7
3662 7.00391560865505e-7
3663 7.00391560865505e-7
3664 7.00391560865505e-7
3665 7.00391560865505e-7
3666 7.00391560865505e-7
3667 7.00391560865505e-7
3668 7.00391560865505e-7
3669 7.00391560865505e-7
3670 7.00391560865505e-7
3671 7.00391560865505e-7
3672 7.00391560865505e-7
3673 7.00391560865505e-7
3674 7.00391560865505e-7
3675 7.00391560865505e-7
3676 7.00391560865505e-7
3677 7.00391560865505e-7
3678 7.00391560865505e-7
3679 7.00391560865505e-7
3680 7.00391560865505e-7
3681 7.00391560865505e-7
3682 7.00391560865505e-7
3683 7.010564644114278e-7
3684 7.010564644114278e-7
3685 7.016636895008815e-7
3686 7.013064035745514e-7
3687 7.013064035745514e-7
3688 7.013064035745514e-7
3689 7.013064035745514e-7
3690 7.013064035745514e-7
3691 7.026954916417579e-7
3692 7.027852131418815e-7
3693 7.026618460792116e-7
3694 7.047126320433753e-7
3695 7.053647178828907e-7
3696 7.056146570460143e-7
3697 7.056146570460143e-7
3698 7.056146570460143e-7
3699 7.056146570460143e-7
3700 7.056146570460143e-7
3701 7.056146570460143e-7
3702 7.056146570460143e-7
3703 7.056146570460143e-7
3704 7.056146570460143e-7
3705 7.056146570460143e-7
3706 7.056146570460143e-7
3707 7.056146570460143e-7
3708 7.056146570460143e-7
3709 7.056146570460143e-7
3710 7.056146570460143e-7
3711 7.056146570460143e-7
3712 7.056146570460143e-7
3713 7.056146570460143e-7
3714 7.056146570460143e-7
3715 7.056146570460143e-7
3716 7.056146570460143e-7
3717 7.056146570460143e-7
3718 7.056146570460143e-7
3719 7.056146570460143e-7
3720 7.056146570460143e-7
3721 7.056146570460143e-7
3722 7.056146570460143e-7
3723 7.056146570460143e-7
3724 7.056146570460143e-7
3725 7.056146570460143e-7
3726 7.056146570460143e-7
3727 7.056146570460143e-7
3728 7.059527164127334e-7
3729 7.059527164127334e-7
3730 7.059527164127334e-7
3731 7.059527164127334e-7
3732 7.059527164127334e-7
3733 7.059527164127334e-7
3734 7.059527164127334e-7
3735 7.059527164127334e-7
3736 7.065775655429062e-7
3737 7.065775655429062e-7
3738 7.065775655429062e-7
3739 7.065775655429062e-7
3740 7.065775655429062e-7
3741 7.067922566245915e-7
3742 7.069781097004061e-7
3743 7.069781097004061e-7
3744 7.069781097004061e-7
3745 7.069781097004061e-7
3746 7.069781097004061e-7
3747 7.069781097004061e-7
3748 7.078432865474426e-7
3749 7.078432865474426e-7
3750 7.078432865474426e-7
3751 7.078432865474426e-7
3752 7.078432865474426e-7
3753 7.078432865474426e-7
3754 7.078432865474426e-7
3755 7.078881472975044e-7
3756 7.078881472975044e-7
3757 7.078881472975044e-7
3758 7.078881472975044e-7
3759 7.078881472975044e-7
3760 7.078881472975044e-7
3761 7.078881472975044e-7
3762 7.078881472975044e-7
3763 7.078881472975044e-7
3764 7.078881472975044e-7
3765 7.082999066425198e-7
3766 7.083063154957235e-7
3767 7.083848230306954e-7
3768 7.091730930281062e-7
3769 7.089680146150444e-7
3770 7.086908381313962e-7
3771 7.08636363490347e-7
3772 7.083463699114734e-7
3773 7.083463699114734e-7
3774 7.083463699114734e-7
3775 7.083463699114734e-7
3776 7.083463699114734e-7
3777 7.083463699114734e-7
3778 7.083463699114734e-7
3779 7.083463699114734e-7
3780 7.083463699114734e-7
3781 7.088895076912543e-7
3782 7.087437090311897e-7
3783 7.092387822454889e-7
3784 7.087004508000198e-7
3785 7.087004508000198e-7
3786 7.087004508000198e-7
3787 7.087004508000198e-7
3788 7.087004508000198e-7
3789 7.087004508000198e-7
3790 7.087004508000198e-7
3791 7.096825846341588e-7
3792 7.093941923518134e-7
3793 7.074443436864707e-7
3794 7.082614535232979e-7
3795 7.082614535232979e-7
3796 7.087757520748443e-7
3797 7.087757520748443e-7
3798 7.090032608629369e-7
3799 7.090032608629369e-7
3800 7.090032608629369e-7
3801 7.094887201862487e-7
3802 7.094887201862487e-7
3803 7.094887201862487e-7
3804 7.094887201862487e-7
3805 7.094887201862487e-7
3806 7.094887201862487e-7
3807 7.094887201862487e-7
3808 7.094887201862487e-7
3809 7.097402618682641e-7
3810 7.097402618682641e-7
3811 7.097402618682641e-7
3812 7.097402618682641e-7
3813 7.097402618682641e-7
3814 7.097402618682641e-7
3815 7.097402618682641e-7
3816 7.097402618682641e-7
3817 7.097402618682641e-7
3818 7.100206427785141e-7
3819 7.098748453408133e-7
3820 7.102193123383724e-7
3821 7.111277474165788e-7
3822 7.121483331475759e-7
3823 7.129574328346714e-7
3824 7.13327535245045e-7
3825 7.13327535245045e-7
3826 7.13327535245045e-7
3827 7.13327535245045e-7
3828 7.13327535245045e-7
3829 7.13327535245045e-7
3830 7.13327535245045e-7
3831 7.13327535245045e-7
3832 7.13327535245045e-7
3833 7.136591869809242e-7
3834 7.144714904834396e-7
3835 7.143064664861278e-7
3836 7.143064664861278e-7
3837 7.143064664861278e-7
3838 7.143064664861278e-7
3839 7.143064664861278e-7
3840 7.143064664861278e-7
3841 7.143064664861278e-7
3842 7.143064664861278e-7
3843 7.143064664861278e-7
3844 7.143064664861278e-7
3845 7.143064664861278e-7
3846 7.143064664861278e-7
3847 7.143064664861278e-7
3848 7.143064664861278e-7
3849 7.143064664861278e-7
3850 7.143064664861278e-7
3851 7.143064664861278e-7
3852 7.143064664861278e-7
3853 7.143064664861278e-7
3854 7.143064664861278e-7
3855 7.153158382519734e-7
3856 7.153158382519734e-7
3857 7.153158382519734e-7
3858 7.153158382519734e-7
3859 7.153158382519734e-7
3860 7.153158382519734e-7
3861 7.153158382519734e-7
3862 7.153991508988933e-7
3863 7.153991508988933e-7
3864 7.153991508988933e-7
3865 7.153991508988933e-7
3866 7.153991508988933e-7
3867 7.161089139725142e-7
3868 7.161089139725142e-7
3869 7.161089139725142e-7
3870 7.161089139725142e-7
3871 7.161089139725142e-7
3872 7.161089139725142e-7
3873 7.161089139725142e-7
3874 7.161089139725142e-7
3875 7.161089139725142e-7
3876 7.161089139725142e-7
3877 7.161089139725142e-7
3878 7.161089139725142e-7
3879 7.161089139725142e-7
3880 7.161089139725142e-7
3881 7.161089139725142e-7
3882 7.169308301436532e-7
3883 7.170221553850324e-7
3884 7.170606072818905e-7
3885 7.170862414723413e-7
3886 7.17209609757375e-7
3887 7.17209609757375e-7
3888 7.17209609757375e-7
3889 7.177863930997023e-7
3890 7.177863930997023e-7
3891 7.177863930997023e-7
3892 7.177863930997023e-7
3893 7.177863930997023e-7
3894 7.177863930997023e-7
3895 7.177863930997023e-7
3896 7.177863930997023e-7
3897 7.177863930997023e-7
3898 7.177863930997023e-7
3899 7.177863930997023e-7
3900 7.177863930997023e-7
3901 7.177863930997023e-7
3902 7.177863930997023e-7
3903 7.186659877273104e-7
3904 7.182670460887023e-7
3905 7.182670460887023e-7
3906 7.182670460887023e-7
3907 7.182670460887023e-7
3908 7.182670460887023e-7
3909 7.182670460887023e-7
3910 7.182670460887023e-7
3911 7.182670460887023e-7
3912 7.182670460887023e-7
3913 7.182670460887023e-7
3914 7.182670460887023e-7
3915 7.182670460887023e-7
3916 7.182670460887023e-7
3917 7.182670460887023e-7
3918 7.182670460887023e-7
3919 7.193997849172178e-7
3920 7.193997849172178e-7
3921 7.193997849172178e-7
3922 7.193997849172178e-7
3923 7.196545316370169e-7
3924 7.197202202432178e-7
3925 7.197202202432178e-7
3926 7.197202202432178e-7
3927 7.197202202432178e-7
3928 7.197202202432178e-7
3929 7.20276175729406e-7
3930 7.203386605201869e-7
3931 7.201832491914987e-7
3932 7.20114356769878e-7
3933 7.20114356769878e-7
3934 7.207904742809524e-7
3935 7.207904742809524e-7
3936 7.207904742809524e-7
3937 7.207904742809524e-7
3938 7.207904742809524e-7
3939 7.207904742809524e-7
3940 7.207904742809524e-7
3941 7.207904742809524e-7
3942 7.207904742809524e-7
3943 7.207904742809524e-7
3944 7.207904742809524e-7
3945 7.207904742809524e-7
3946 7.207904742809524e-7
3947 7.207904742809524e-7
3948 7.207904742809524e-7
3949 7.207904742809524e-7
3950 7.207904742809524e-7
3951 7.207904742809524e-7
3952 7.201223663084278e-7
3953 7.201223663084278e-7
3954 7.210580374847951e-7
3955 7.21098091900545e-7
3956 7.21098091900545e-7
3957 7.215018398734649e-7
3958 7.219232131094677e-7
3959 7.217726081150913e-7
3960 7.223493920686004e-7
3961 7.236920162556714e-7
3962 7.244113932202795e-7
3963 7.241870882476067e-7
3964 7.256354560678103e-7
3965 7.256354560678103e-7
3966 7.257780496900913e-7
3967 7.257780496900913e-7
3968 7.257780496900913e-7
3969 7.257780496900913e-7
3970 7.257780496900913e-7
3971 7.257780496900913e-7
3972 7.260664419724368e-7
3973 7.262266596354368e-7
3974 7.26382070964125e-7
3975 7.261080989070787e-7
3976 7.261080989070787e-7
3977 7.265807405239831e-7
3978 7.265102443611067e-7
3979 7.265102443611067e-7
3980 7.267730012306376e-7
3981 7.267377531491995e-7
3982 7.269957036844186e-7
3983 7.288878738932921e-7
3984 7.292467611161503e-7
3985 7.292547724882458e-7
3986 7.291282003877922e-7
3987 7.293364838386376e-7
3988 7.300270221861931e-7
3989 7.296873603005821e-7
3990 7.296873603005821e-7
3991 7.296873603005821e-7
3992 7.296873603005821e-7
3993 7.296873603005821e-7
3994 7.296873603005821e-7
3995 7.29248363635042e-7
3996 7.293845490153011e-7
3997 7.293845490153011e-7
3998 7.287997543008784e-7
3999 7.284392645591284e-7
4000 7.290897478797519e-7
4001 7.29929288702792e-7
4002 7.303714891837519e-7
4003 7.30168013289582e-7
4004 7.302385082300946e-7
4005 7.303218220993783e-7
4006 7.30289778444542e-7
4007 7.303186176727765e-7
4008 7.301375715424555e-7
4009 7.309562845093565e-7
4010 7.311405356774611e-7
4011 7.33208945071162e-7
4012 7.332858494760601e-7
4013 7.332810431417483e-7
4014 7.336014778565664e-7
4015 7.336415328834983e-7
4016 7.334941323157237e-7
4017 7.332377842993965e-7
4018 7.334588848454674e-7
4019 7.332810431417483e-7
4020 7.334012057778165e-7
4021 7.333114842776928e-7
4022 7.332794406228565e-7
4023 7.332714298619428e-7
4024 7.331640843211001e-7
4025 7.332746342885447e-7
4026 7.332698279542329e-7
4027 7.332361823916866e-7
4028 7.331785033240356e-7
4029 7.326690117179829e-7
4030 7.32447911171912e-7
4031 7.325472459518411e-7
4032 7.322957042698257e-7
4033 7.322075840662302e-7
4034 7.322075840662302e-7
4035 7.324703409357611e-7
4036 7.324943738296838e-7
4037 7.326145370769338e-7
4038 7.325376332832174e-7
4039 7.319063746886591e-7
4040 7.315747241751437e-7
4041 7.315747241751437e-7
4042 7.316996937567054e-7
4043 7.314305280339709e-7
4044 7.314305280339709e-7
4045 7.314305280339709e-7
4046 7.314305280339709e-7
4047 7.314305280339709e-7
4048 7.314305280339709e-7
4049 7.314305280339709e-7
4050 7.314305280339709e-7
4051 7.314305280339709e-7
4052 7.314305280339709e-7
4053 7.314305280339709e-7
4054 7.314305280339709e-7
4055 7.314305280339709e-7
4056 7.314305280339709e-7
4057 7.314305280339709e-7
4058 7.315987570690664e-7
4059 7.315987570690664e-7
4060 7.315987570690664e-7
4061 7.315987570690664e-7
4062 7.315987570690664e-7
4063 7.322476390931618e-7
4064 7.325488490819147e-7
4065 7.319720645172237e-7
4066 7.331320412774455e-7
4067 7.348479723014918e-7
4068 7.357371802089055e-7
4069 7.357371802089055e-7
4070 7.357371802089055e-7
4071 7.357371802089055e-7
4072 7.357371802089055e-7
4073 7.361873914507791e-7
4074 7.379081294203191e-7
4075 7.387460683356492e-7
4076 7.393116371016429e-7
4077 7.393116371016429e-7
4078 7.40093498857032e-7
4079 7.400117875066401e-7
4080 7.402056507321865e-7
4081 7.398467635093283e-7
4082 7.398467635093283e-7
4083 7.398467635093283e-7
4084 7.398467635093283e-7
4085 7.399605191257385e-7
4086 7.401720063920039e-7
4087 7.403146000142848e-7
4088 7.399444976039113e-7
4089 7.399444976039113e-7
4090 7.399444976039113e-7
4091 7.399444976039113e-7
4092 7.401543823512848e-7
4093 7.404587961554575e-7
4094 7.402729443020067e-7
4095 7.405004530900993e-7
4096 7.411317110734757e-7
4097 7.411317110734757e-7
4098 7.411317110734757e-7
4099 7.411317110734757e-7
4100 7.411317110734757e-7
4101 7.411317110734757e-7
4102 7.411317110734757e-7
4103 7.416219767310992e-7
4104 7.416219767310992e-7
4105 7.416219767310992e-7
4106 7.416219767310992e-7
4107 7.423397511768155e-7
4108 7.423189233206765e-7
4109 7.423189233206765e-7
4110 7.423189233206765e-7
4111 7.423189233206765e-7
4112 7.423189233206765e-7
4113 7.424567106086457e-7
4114 7.424567106086457e-7
4115 7.424567106086457e-7
4116 7.431568622360066e-7
4117 7.436663532308774e-7
4118 7.438570126410037e-7
4119 7.458677448005993e-7
4120 7.475820733057537e-7
4121 7.475612454496147e-7
4122 7.475612454496147e-7
4123 7.475612454496147e-7
4124 7.475612454496147e-7
4125 7.478480339907046e-7
4126 7.484103989412783e-7
4127 7.501119103512074e-7
4128 7.500494255604265e-7
4129 7.503121824299574e-7
4130 7.508585246363402e-7
4131 7.512077991905747e-7
4132 7.512077991905747e-7
4133 7.512077991905747e-7
4134 7.512077991905747e-7
4135 7.512077991905747e-7
4136 7.512077991905747e-7
4137 7.512077991905747e-7
4138 7.512077991905747e-7
4139 7.512077991905747e-7
4140 7.512077991905747e-7
4141 7.512077991905747e-7
4142 7.514176839379483e-7
4143 7.514176839379483e-7
4144 7.520537482556365e-7
4145 7.515330408508864e-7
4146 7.515330408508864e-7
4147 7.515330408508864e-7
4148 7.515330408508864e-7
4149 7.515330408508864e-7
4150 7.515330408508864e-7
4151 7.515330408508864e-7
4152 7.515330408508864e-7
4153 7.515330408508864e-7
4154 7.515330408508864e-7
4155 7.515330408508864e-7
4156 7.518502711391027e-7
4157 7.520889951147109e-7
4158 7.540308336303218e-7
4159 7.551699813120409e-7
4160 7.551699813120409e-7
4161 7.551699813120409e-7
4162 7.551699813120409e-7
4163 7.551699813120409e-7
4164 7.551699813120409e-7
4165 7.551699813120409e-7
4166 7.551699813120409e-7
4167 7.551699813120409e-7
4168 7.545835840787263e-7
4169 7.545835840787263e-7
4170 7.545835840787263e-7
4171 7.545835840787263e-7
4172 7.545835840787263e-7
4173 7.545835840787263e-7
4174 7.545835840787263e-7
4175 7.545835840787263e-7
4176 7.545835840787263e-7
4177 7.545835840787263e-7
4178 7.545835840787263e-7
4179 7.545835840787263e-7
4180 7.545835840787263e-7
4181 7.545835840787263e-7
4182 7.5578842158901e-7
4183 7.5578842158901e-7
4184 7.5578842158901e-7
4185 7.5578842158901e-7
4186 7.5578842158901e-7
4187 7.5578842158901e-7
4188 7.5578842158901e-7
4189 7.5578842158901e-7
4190 7.5578842158901e-7
4191 7.561841594121983e-7
4192 7.561841594121983e-7
4193 7.561841594121983e-7
4194 7.561841594121983e-7
4195 7.561841594121983e-7
4196 7.561841594121983e-7
4197 7.561841594121983e-7
4198 7.561841594121983e-7
4199 7.561841594121983e-7
4200 7.561841594121983e-7
4201 7.561841594121983e-7
4202 7.561841594121983e-7
4203 7.561841594121983e-7
4204 7.561841594121983e-7
4205 7.561841594121983e-7
4206 7.561841594121983e-7
4207 7.561841594121983e-7
4208 7.565158099257138e-7
4209 7.564933795506829e-7
4210 7.568554718113247e-7
4211 7.566984591861084e-7
4212 7.566984591861084e-7
4213 7.571406590558865e-7
4214 7.571406590558865e-7
4215 7.571406590558865e-7
4216 7.571406590558865e-7
4217 7.571406590558865e-7
4218 7.571406590558865e-7
4219 7.571406590558865e-7
4220 7.571406590558865e-7
4221 7.571406590558865e-7
4222 7.583390877129666e-7
4223 7.604715844163402e-7
4224 7.618654782066766e-7
4225 7.618654782066766e-7
4226 7.618654782066766e-7
4227 7.618654782066766e-7
4228 7.618654782066766e-7
4229 7.618654782066766e-7
4230 7.630158410759111e-7
4231 7.627002120842229e-7
4232 7.648086771160375e-7
4233 7.650634226134729e-7
4234 7.653357933739911e-7
4235 7.653566212301302e-7
4236 7.653117604800684e-7
4237 7.65657831218883e-7
4238 7.66539028365383e-7
4239 7.666463739062257e-7
4240 7.683302612754356e-7
4241 7.692338881857847e-7
4242 7.695190754303465e-7
4243 7.695190754303465e-7
4244 7.691169281427728e-7
4245 7.693796850123037e-7
4246 7.693796850123037e-7
4247 7.693796850123037e-7
4248 7.693796850123037e-7
4249 7.693796850123037e-7
4250 7.693796850123037e-7
4251 7.693796850123037e-7
4252 7.693796850123037e-7
4253 7.693796850123037e-7
4254 7.693796850123037e-7
4255 7.693796850123037e-7
4256 7.698411126640564e-7
4257 7.699180164577728e-7
4258 7.698571341858837e-7
4259 7.698234886233374e-7
4260 7.698234886233374e-7
4261 7.698234886233374e-7
4262 7.703137542809609e-7
4263 7.703137542809609e-7
4264 7.703137542809609e-7
4265 7.703137542809609e-7
4266 7.710651742892235e-7
4267 7.710187122426337e-7
4268 7.711068312238654e-7
4269 7.715538386503191e-7
4270 7.728387843809209e-7
4271 7.742807427367391e-7
4272 7.742807427367391e-7
4273 7.742807427367391e-7
4274 7.742807427367391e-7
4275 7.742807427367391e-7
4276 7.742807427367391e-7
4277 7.74604381878159e-7
4278 7.74604381878159e-7
4279 7.74604381878159e-7
4280 7.748543222636464e-7
4281 7.749520551358655e-7
4282 7.749520551358655e-7
4283 7.749520551358655e-7
4284 7.757948003855074e-7
4285 7.761424724208501e-7
4286 7.76605501369131e-7
4287 7.776324959533318e-7
4288 7.793292010289491e-7
4289 7.793292010289491e-7
4290 7.793292010289491e-7
4291 7.793292010289491e-7
4292 7.793292010289491e-7
4293 7.793292010289491e-7
4294 7.793292010289491e-7
4295 7.793292010289491e-7
4296 7.793292010289491e-7
4297 7.793292010289491e-7
4298 7.793292010289491e-7
4299 7.793292010289491e-7
4300 7.793292010289491e-7
4301 7.793292010289491e-7
4302 7.793292010289491e-7
4303 7.793292010289491e-7
4304 7.793292010289491e-7
4305 7.793292010289491e-7
4306 7.793292010289491e-7
4307 7.793292010289491e-7
4308 7.793292010289491e-7
4309 7.793292010289491e-7
4310 7.796672603956682e-7
4311 7.798194679089365e-7
4312 7.804763600827637e-7
4313 7.818269950307482e-7
4314 7.824870922423592e-7
4315 7.834451937937574e-7
4316 7.834451937937574e-7
4317 7.834451937937574e-7
4318 7.834451937937574e-7
4319 7.834451937937574e-7
4320 7.834451937937574e-7
4321 7.834451937937574e-7
4322 7.834451937937574e-7
4323 7.839258467827573e-7
4324 7.840844619268655e-7
4325 7.843600377251674e-7
4326 7.864604907737046e-7
4327 7.868434115016674e-7
4328 7.877037795696645e-7
4329 7.879825579610227e-7
4330 7.87896040276319e-7
4331 7.887083450011983e-7
4332 7.891056841209146e-7
4333 7.903329520062292e-7
4334 7.904338886938682e-7
4335 7.908985195498591e-7
4336 7.913246991201737e-7
4337 7.921578310900101e-7
4338 7.921578310900101e-7
4339 7.921578310900101e-7
4340 7.921578310900101e-7
4341 7.921578310900101e-7
4342 7.921578310900101e-7
4343 7.921578310900101e-7
4344 7.921578310900101e-7
4345 7.921578310900101e-7
4346 7.921578310900101e-7
4347 7.921578310900101e-7
4348 7.921578310900101e-7
4349 7.921578310900101e-7
4350 7.921578310900101e-7
4351 7.921578310900101e-7
4352 7.921578310900101e-7
4353 7.921578310900101e-7
4354 7.921578310900101e-7
4355 7.921578310900101e-7
4356 7.921578310900101e-7
4357 7.921578310900101e-7
4358 7.921578310900101e-7
4359 7.921578310900101e-7
4360 7.921578310900101e-7
4361 7.921578310900101e-7
4362 7.921578310900101e-7
4363 7.92757046029732e-7
4364 7.925615802852938e-7
4365 7.925615802852938e-7
4366 7.925615802852938e-7
4367 7.925615802852938e-7
4368 7.925615802852938e-7
4369 7.925615802852938e-7
4370 7.925615802852938e-7
4371 7.925615802852938e-7
4372 7.925615802852938e-7
4373 7.925615802852938e-7
4374 7.925615802852938e-7
4375 7.925615802852938e-7
4376 7.927506371765284e-7
4377 7.927009700921548e-7
4378 7.92917263692732e-7
4379 7.928836181301857e-7
4380 7.928836181301857e-7
4381 7.928836181301857e-7
4382 7.928836181301857e-7
4383 7.928836181301857e-7
4384 7.928836181301857e-7
4385 7.928836181301857e-7
4386 7.928836181301857e-7
4387 7.933851001976885e-7
4388 7.951362793031731e-7
4389 7.961088010798705e-7
4390 7.962529966098614e-7
4391 7.961696827405777e-7
4392 7.961344352703213e-7
4393 7.965686249903677e-7
4394 7.965686249903677e-7
4395 7.970749133921823e-7
4396 7.96961158998136e-7
4397 7.97062095685775e-7
4398 7.975091031122287e-7
4399 7.976052334655559e-7
4400 7.972912069927595e-7
4401 7.979977674733241e-7
4402 7.991256993563459e-7
4403 8.001334679921177e-7
4404 8.001334679921177e-7
4405 8.001334679921177e-7
4406 8.001334679921177e-7
4407 8.001334679921177e-7
4408 8.001334679921177e-7
4409 8.001334679921177e-7
4410 8.003561704458985e-7
4411 8.005884855683029e-7
4412 8.007503057501948e-7
4413 8.007503057501948e-7
4414 8.009041145599912e-7
4415 8.009714056850839e-7
4416 8.009714056850839e-7
4417 8.009714056850839e-7
4418 8.009714056850839e-7
4419 8.009714056850839e-7
4420 8.009714056850839e-7
4421 8.015946522963648e-7
4422 8.015834371088494e-7
4423 8.028123062906921e-7
4424 8.034932313584421e-7
4425 8.067248219389667e-7
4426 8.067248219389667e-7
4427 8.067248219389667e-7
4428 8.068449851862167e-7
4429 8.069523319494231e-7
4430 8.068033294739385e-7
4431 8.071077432781112e-7
4432 8.076669025797193e-7
4433 8.094613399163738e-7
4434 8.102624282313738e-7
4435 8.102624282313738e-7
4436 8.102624282313738e-7
4437 8.102624282313738e-7
4438 8.102624282313738e-7
4439 8.102624282313738e-7
4440 8.102624282313738e-7
4441 8.102624282313738e-7
4442 8.102624282313738e-7
4443 8.102624282313738e-7
4444 8.102624282313738e-7
4445 8.108904811769665e-7
4446 8.10962578636371e-7
4447 8.10962578636371e-7
4448 8.10962578636371e-7
4449 8.112525722152446e-7
4450 8.113535101252474e-7
4451 8.116579227070563e-7
4452 8.121273605085409e-7
4453 8.117941074761335e-7
4454 8.115537809816335e-7
4455 8.115537809816335e-7
4456 8.115537809816335e-7
4457 8.115537809816335e-7
4458 8.115537809816335e-7
4459 8.121337681393807e-7
4460 8.118549885256588e-7
4461 8.118549885256588e-7
4462 8.121145415797697e-7
4463 8.124718262837361e-7
4464 8.121049276887824e-7
4465 8.121049276887824e-7
4466 8.121049276887824e-7
4467 8.121049276887824e-7
4468 8.121049276887824e-7
4469 8.121049276887824e-7
4470 8.121049276887824e-7
4471 8.121049276887824e-7
4472 8.121049276887824e-7
4473 8.121049276887824e-7
4474 8.121049276887824e-7
4475 8.121049276887824e-7
4476 8.121049276887824e-7
4477 8.121049276887824e-7
4478 8.121049276887824e-7
4479 8.121049276887824e-7
4480 8.129604894224679e-7
4481 8.150449215603598e-7
4482 8.16161638867048e-7
4483 8.16161638867048e-7
4484 8.163875451362488e-7
4485 8.166326779650606e-7
4486 8.174738213069925e-7
4487 8.18866112578437e-7
4488 8.191128479261407e-7
4489 8.19362788311628e-7
4490 8.199684108821898e-7
4491 8.199684108821898e-7
4492 8.202728234639988e-7
4493 8.203000613957053e-7
4494 8.203000613957053e-7
4495 8.203000613957053e-7
4496 8.206877890691618e-7
4497 8.213767242866436e-7
4498 8.229404490197855e-7
4499 8.230269667044891e-7
4500 8.243359447178319e-7
4501 8.243359447178319e-7
4502 8.243359447178319e-7
4503 8.243359447178319e-7
4504 8.243359447178319e-7
4505 8.243359447178319e-7
4506 8.243359447178319e-7
4507 8.243359447178319e-7
4508 8.243359447178319e-7
4509 8.243359447178319e-7
4510 8.243359447178319e-7
4511 8.243359447178319e-7
4512 8.243359447178319e-7
4513 8.243359447178319e-7
4514 8.243359447178319e-7
4515 8.243359447178319e-7
4516 8.243359447178319e-7
4517 8.243359447178319e-7
4518 8.243359447178319e-7
4519 8.243359447178319e-7
4520 8.243359447178319e-7
4521 8.243359447178319e-7
4522 8.247477040628474e-7
4523 8.247477040628474e-7
4524 8.247477040628474e-7
4525 8.247477040628474e-7
4526 8.247477040628474e-7
4527 8.254094025709864e-7
4528 8.258532055708382e-7
4529 8.258644207583537e-7
4530 8.278847655865728e-7
4531 8.279120022959155e-7
4532 8.279680788446746e-7
4533 8.28801210203329e-7
4534 8.291697100948108e-7
4535 8.291697100948108e-7
4536 8.291697100948108e-7
4537 8.297192567277953e-7
4538 8.318149034420207e-7
4539 8.324045044907553e-7
4540 8.328803505342617e-7
4541 8.328803505342617e-7
4542 8.328803505342617e-7
4543 8.328803505342617e-7
4544 8.328803505342617e-7
4545 8.328803505342617e-7
4546 8.328803505342617e-7
4547 8.328803505342617e-7
4548 8.328803505342617e-7
4549 8.328803505342617e-7
4550 8.328803505342617e-7
4551 8.328803505342617e-7
4552 8.328803505342617e-7
4553 8.328803505342617e-7
4554 8.328803505342617e-7
4555 8.328803505342617e-7
4556 8.328803505342617e-7
4557 8.333017225479008e-7
4558 8.333017225479008e-7
4559 8.333017225479008e-7
4560 8.333017225479008e-7
4561 8.333017225479008e-7
4562 8.348478220179597e-7
4563 8.348478220179597e-7
4564 8.353316800447435e-7
4565 8.353316800447435e-7
4566 8.353316800447435e-7
4567 8.355127255638825e-7
4568 8.356585242239471e-7
4569 8.358123330337435e-7
4570 8.371966135442745e-7
4571 8.377189234679163e-7
4572 8.374946184952435e-7
4573 8.375971577017744e-7
4574 8.379111847857526e-7
4575 8.392009368506662e-7
4576 8.398578296356754e-7
4577 8.413574658367808e-7
4578 8.422771161025027e-7
4579 8.427673823713082e-7
4580 8.427673823713082e-7
4581 8.427673823713082e-7
4582 8.432752720696509e-7
4583 8.444849159142464e-7
4584 8.448069537591383e-7
4585 8.455199230929065e-7
4586 8.458932293187001e-7
4587 8.467375764760519e-7
4588 8.475723103535982e-7
4589 8.471653573428945e-7
4590 8.468609435387218e-7
4591 8.4741689902491e-7
4592 8.474233078781136e-7
4593 8.474233078781136e-7
4594 8.474233078781136e-7
4595 8.474233078781136e-7
4596 8.474233078781136e-7
4597 8.474233078781136e-7
4598 8.474233078781136e-7
4599 8.474233078781136e-7
4600 8.474233078781136e-7
4601 8.474233078781136e-7
4602 8.47637998959799e-7
4603 8.475995470629409e-7
4604 8.475995470629409e-7
4605 8.475995470629409e-7
4606 8.475995470629409e-7
4607 8.475995470629409e-7
4608 8.475995470629409e-7
4609 8.475995470629409e-7
4610 8.475995470629409e-7
4611 8.475995470629409e-7
4612 8.475995470629409e-7
4613 8.475995470629409e-7
4614 8.475995470629409e-7
4615 8.475995470629409e-7
4616 8.475995470629409e-7
4617 8.475995470629409e-7
4618 8.475995470629409e-7
4619 8.475995470629409e-7
4620 8.475995470629409e-7
4621 8.475995470629409e-7
4622 8.475995470629409e-7
4623 8.475995470629409e-7
4624 8.475995470629409e-7
4625 8.475995470629409e-7
4626 8.475995470629409e-7
4627 8.475995470629409e-7
4628 8.475995470629409e-7
4629 8.475995470629409e-7
4630 8.475995470629409e-7
4631 8.475995470629409e-7
4632 8.484246682718636e-7
4633 8.496455273039746e-7
4634 8.507414161433418e-7
4635 8.50996162251959e-7
4636 8.52619166738098e-7
4637 8.526848559554807e-7
4638 8.530709798876815e-7
4639 8.557434105554161e-7
4640 8.567944380335397e-7
4641 8.570828290935214e-7
4642 8.579464028104842e-7
4643 8.591560460438978e-7
4644 8.588836765057433e-7
4645 8.588900853589469e-7
4646 8.588516328509069e-7
4647 8.605162942716878e-7
4648 8.607389967254687e-7
4649 8.617515723067341e-7
4650 8.62773761167805e-7
4651 8.64196494186376e-7
4652 8.64196494186376e-7
4653 8.64196494186376e-7
4654 8.64196494186376e-7
4655 8.645698016345332e-7
4656 8.647860952351104e-7
4657 8.648437749139433e-7
4658 8.653244266805795e-7
4659 8.664860059596932e-7
4660 8.668496995168632e-7
4661 8.672069848320114e-7
4662 8.677517251306841e-7
4663 8.677517251306841e-7
4664 8.677517251306841e-7
4665 8.677517251306841e-7
4666 8.677517251306841e-7
4667 8.677517251306841e-7
4668 8.677517251306841e-7
4669 8.677517251306841e-7
4670 8.677517251306841e-7
4671 8.682596160513906e-7
4672 8.682596160513906e-7
4673 8.682596160513906e-7
4674 8.685656323744553e-7
4675 8.685656323744553e-7
4676 8.68112216094798e-7
4677 8.68112216094798e-7
4678 8.68112216094798e-7
4679 8.68112216094798e-7
4680 8.68112216094798e-7
4681 8.68112216094798e-7
4682 8.682980679482488e-7
4683 8.683605527390298e-7
4684 8.682548097170789e-7
4685 8.682548097170789e-7
4686 8.682548097170789e-7
4687 8.682548097170789e-7
4688 8.682548097170789e-7
4689 8.682548097170789e-7
4690 8.683573489236098e-7
4691 8.684342539396899e-7
4692 8.686569563934707e-7
4693 8.686569563934707e-7
4694 8.686569563934707e-7
4695 8.691408144202544e-7
4696 8.698329546755199e-7
4697 8.722362208428837e-7
4698 8.728466491365754e-7
4699 8.732503977206773e-7
4700 8.737518791769982e-7
4701 8.740979493046308e-7
4702 8.751329552609272e-7
4703 8.75254721027069e-7
4704 8.75615210768819e-7
4705 8.755943823014981e-7
4706 8.756937170814272e-7
4707 8.769722551811891e-7
4708 8.769081678715163e-7
4709 8.768649096403464e-7
4710 8.768472855996273e-7
4711 8.768472855996273e-7
4712 8.768472855996273e-7
4713 8.774048436047074e-7
4714 8.774048436047074e-7
4715 8.774048436047074e-7
4716 8.774048436047074e-7
4717 8.774048436047074e-7
4718 8.774048436047074e-7
4719 8.774048436047074e-7
4720 8.774048436047074e-7
4721 8.774048436047074e-7
4722 8.782716205259082e-7
4723 8.791656353788155e-7
4724 8.809600739378337e-7
4725 8.819053571716427e-7
4726 8.819053571716427e-7
4727 8.819053571716427e-7
4728 8.819053571716427e-7
4729 8.819053571716427e-7
4730 8.819053571716427e-7
4731 8.826904251871792e-7
4732 8.826904251871792e-7
4733 8.837478615185064e-7
4734 8.838952614750992e-7
4735 8.835459869208646e-7
4736 8.833264895048675e-7
4737 8.834178135238829e-7
4738 8.834178135238829e-7
4739 8.838664222468647e-7
4740 8.843534840890684e-7
4741 8.883605275717784e-7
4742 8.887642761558802e-7
4743 8.890734962943648e-7
4744 8.908679342422012e-7
4745 8.912124024621239e-7
4746 8.914927827611921e-7
4747 8.917603471873985e-7
4748 8.907894267072293e-7
4749 8.907894267072293e-7
4750 8.907894267072293e-7
4751 8.907894267072293e-7
4752 8.910425696857729e-7
4753 8.915312340468684e-7
4754 8.91981445288742e-7
4755 8.93723011725603e-7
4756 8.945945949811157e-7
4757 8.948974074887603e-7
4758 8.96406657580853e-7
4759 8.96406657580853e-7
4760 8.96406657580853e-7
4761 8.96406657580853e-7
4762 8.96406657580853e-7
4763 8.96406657580853e-7
4764 8.96406657580853e-7
4765 8.96406657580853e-7
4766 8.96406657580853e-7
4767 8.96406657580853e-7
4768 8.96406657580853e-7
4769 8.973134889178038e-7
4770 8.973134889178038e-7
4771 8.973134889178038e-7
4772 8.973903939338839e-7
4773 8.97364759743433e-7
4774 8.974416635371494e-7
4775 8.974656964310721e-7
4776 8.973984040836156e-7
4777 8.970202915235103e-7
4778 8.976323223360938e-7
4779 8.978037551866093e-7
4780 9.002903333897111e-7
4781 9.001429334331184e-7
4782 9.001172986314856e-7
4783 9.02413218035643e-7
4784 9.015720759160748e-7
4785 9.03553967625072e-7
4786 9.041692040866211e-7
4787 9.046258241816984e-7
4788 9.046258241816984e-7
4789 9.046258241816984e-7
4790 9.046258241816984e-7
4791 9.046258241816984e-7
4792 9.041563863802139e-7
4793 9.039352864453249e-7
4794 9.039352864453249e-7
4795 9.039352864453249e-7
4796 9.041195363910657e-7
4797 9.043278186195474e-7
4798 9.044335634750439e-7
4799 9.064939627190131e-7
4800 9.069826264689267e-7
4801 9.075225598221058e-7
4802 9.075225598221058e-7
4803 9.075225598221058e-7
4804 9.075225598221058e-7
4805 9.075225598221058e-7
4806 9.073030617949267e-7
4807 9.073030617949267e-7
4808 9.073030617949267e-7
4809 9.073030617949267e-7
4810 9.073030617949267e-7
4811 9.075065376890967e-7
4812 9.075065376890967e-7
4813 9.075065376890967e-7
4814 9.075065376890967e-7
4815 9.075065376890967e-7
4816 9.075065376890967e-7
4817 9.075065376890967e-7
4818 9.075065376890967e-7
4819 9.075065376890967e-7
4820 9.075065376890967e-7
4821 9.075065376890967e-7
4822 9.075065376890967e-7
4823 9.075065376890967e-7
4824 9.075065376890967e-7
4825 9.075065376890967e-7
4826 9.075065376890967e-7
4827 9.075065376890967e-7
4828 9.075065376890967e-7
4829 9.075065376890967e-7
4830 9.075065376890967e-7
4831 9.075065376890967e-7
4832 9.075065376890967e-7
4833 9.075065376890967e-7
4834 9.075065376890967e-7
4835 9.075065376890967e-7
4836 9.075065376890967e-7
4837 9.075065376890967e-7
4838 9.075065376890967e-7
4839 9.075065376890967e-7
4840 9.075065376890967e-7
4841 9.075065376890967e-7
4842 9.082723791450222e-7
4843 9.080480729499857e-7
4844 9.080624931752848e-7
4845 9.080304501316304e-7
4846 9.080304501316304e-7
4847 9.080304501316304e-7
4848 9.080304501316304e-7
4849 9.080304501316304e-7
4850 9.080304501316304e-7
4851 9.080304501316304e-7
4852 9.080304501316304e-7
4853 9.080304501316304e-7
4854 9.080304501316304e-7
4855 9.080304501316304e-7
4856 9.080304501316304e-7
4857 9.080304501316304e-7
4858 9.080304501316304e-7
4859 9.088075055527076e-7
4860 9.088075055527076e-7
4861 9.097543913054085e-7
4862 9.11263642619865e-7
4863 9.120374936143404e-7
4864 9.125582004079085e-7
4865 9.125582004079085e-7
4866 9.133528798697048e-7
4867 9.137902740163529e-7
4868 9.147451717523311e-7
4869 9.167286659802201e-7
4870 9.167286659802201e-7
4871 9.167286659802201e-7
4872 9.167286659802201e-7
4873 9.167286659802201e-7
4874 9.173647302979083e-7
4875 9.180152136185319e-7
4876 9.182250989770874e-7
4877 9.194155162620719e-7
4878 9.194363447293928e-7
4879 9.195661218676302e-7
4880 9.204248880279174e-7
4881 9.215079597720593e-7
4882 9.219677836825565e-7
4883 9.239288481465965e-7
4884 9.245921491736274e-7
4885 9.245921491736274e-7
4886 9.245921491736274e-7
4887 9.245921491736274e-7
4888 9.261478625346738e-7
4889 9.258835037574329e-7
4890 9.260933891159884e-7
4891 9.27520929080053e-7
4892 9.291423316584821e-7
4893 9.291423316584821e-7
4894 9.291423316584821e-7
4895 9.291423316584821e-7
4896 9.300619807018402e-7
4897 9.29879333886173e-7
4898 9.303103191796175e-7
4899 9.302286078292257e-7
4900 9.305041817939821e-7
4901 9.332358934370776e-7
4902 9.336348356868676e-7
4903 9.348572966266885e-7
4904 9.348572966266885e-7
4905 9.348572966266885e-7
4906 9.348572966266885e-7
4907 9.348572966266885e-7
4908 9.348572966266885e-7
4909 9.348572966266885e-7
4910 9.348572966266885e-7
4911 9.348572966266885e-7
4912 9.348572966266885e-7
4913 9.348572966266885e-7
4914 9.348572966266885e-7
4915 9.348572966266885e-7
4916 9.348572966266885e-7
4917 9.348572966266885e-7
4918 9.348572966266885e-7
4919 9.348572966266885e-7
4920 9.348572966266885e-7
4921 9.348572966266885e-7
4922 9.348572966266885e-7
4923 9.348572966266885e-7
4924 9.348572966266885e-7
4925 9.348572966266885e-7
4926 9.348572966266885e-7
4927 9.348572966266885e-7
4928 9.348572966266885e-7
4929 9.348572966266885e-7
4930 9.348572966266885e-7
4931 9.348572966266885e-7
4932 9.348572966266885e-7
4933 9.348572966266885e-7
4934 9.348572966266885e-7
4935 9.348572966266885e-7
4936 9.348572966266885e-7
4937 9.352209914062222e-7
4938 9.360957796995185e-7
4939 9.38189824506034e-7
4940 9.393770379755987e-7
4941 9.393770379755987e-7
4942 9.393770379755987e-7
4943 9.393770379755987e-7
4944 9.393770379755987e-7
4945 9.393770379755987e-7
4946 9.393770379755987e-7
4947 9.393770379755987e-7
4948 9.393770379755987e-7
4949 9.393770379755987e-7
4950 9.393770379755987e-7
4951 9.393770379755987e-7
4952 9.399329934617868e-7
4953 9.402870737391513e-7
4954 9.399650365054413e-7
4955 9.397519479426478e-7
4956 9.396093530980031e-7
4957 9.395580834947376e-7
4958 9.399265846085831e-7
4959 9.417867117738022e-7
4960 9.426598987705704e-7
4961 9.430780657464257e-7
4962 9.429434834962404e-7
4963 9.432751340097559e-7
4964 9.431437555749905e-7
4965 9.443277633955895e-7
4966 9.445761006510031e-7
4967 9.478910051008114e-7
4968 9.47759626054864e-7
4969 9.482322682829504e-7
4970 9.499514049559625e-7
4971 9.509415489398333e-7
4972 9.529346570587097e-7
4973 9.529346570587097e-7
4974 9.529346570587097e-7
4975 9.529346570587097e-7
4976 9.529346570587097e-7
4977 9.533560302947125e-7
4978 9.533560302947125e-7
4979 9.533560302947125e-7
4980 9.533560302947125e-7
4981 9.533560302947125e-7
4982 9.533560302947125e-7
4983 9.533560302947125e-7
4984 9.533560302947125e-7
4985 9.53783812383919e-7
4986 9.53724531408558e-7
4987 9.535114416234008e-7
4988 9.535114416234008e-7
4989 9.547162779113209e-7
4990 9.548316348242591e-7
4991 9.562703899758392e-7
4992 9.563857462775956e-7
4993 9.574559997041483e-7
4994 9.574559997041483e-7
4995 9.574559997041483e-7
4996 9.574559997041483e-7
4997 9.574559997041483e-7
4998 9.574559997041483e-7
4999 9.574559997041483e-7
5000 9.574559997041483e-7
5001 9.574559997041483e-7
5002 9.574559997041483e-7
5003 9.574559997041483e-7
5004 9.574559997041483e-7
5005 9.583387981471763e-7
5006 9.58724923301741e-7
5007 9.5938341799446e-7
5008 9.607372573690464e-7
5009 9.611073603906018e-7
5010 9.614181818256145e-7
5011 9.614181818256145e-7
5012 9.614181818256145e-7
5013 9.614181818256145e-7
5014 9.614181818256145e-7
5015 9.614181818256145e-7
5016 9.614181818256145e-7
5017 9.614181818256145e-7
5018 9.614181818256145e-7
5019 9.614181818256145e-7
5020 9.614181818256145e-7
5021 9.614181818256145e-7
5022 9.614181818256145e-7
5023 9.614181818256145e-7
5024 9.614181818256145e-7
5025 9.614181818256145e-7
5026 9.614181818256145e-7
5027 9.614181818256145e-7
5028 9.614181818256145e-7
5029 9.614181818256145e-7
5030 9.614181818256145e-7
5031 9.614181818256145e-7
5032 9.614181818256145e-7
5033 9.614181818256145e-7
5034 9.614181818256145e-7
5035 9.614181818256145e-7
5036 9.614181818256145e-7
5037 9.614181818256145e-7
5038 9.614181818256145e-7
5039 9.620366221025837e-7
5040 9.620366221025837e-7
5041 9.620366221025837e-7
5042 9.620366221025837e-7
5043 9.630940590450927e-7
5044 9.647410970363364e-7
5045 9.654076024899691e-7
5046 9.654076024899691e-7
5047 9.654076024899691e-7
5048 9.654076024899691e-7
5049 9.654076024899691e-7
5050 9.654076024899691e-7
5051 9.654076024899691e-7
5052 9.654076024899691e-7
5053 9.664378021119537e-7
5054 9.664378021119537e-7
5055 9.664378021119537e-7
5056 9.664378021119537e-7
5057 9.664378021119537e-7
5058 9.664378021119537e-7
5059 9.664378021119537e-7
5060 9.664378021119537e-7
5061 9.664378021119537e-7
5062 9.664378021119537e-7
5063 9.664378021119537e-7
5064 9.664378021119537e-7
5065 9.664378021119537e-7
5066 9.664378021119537e-7
5067 9.664378021119537e-7
5068 9.664378021119537e-7
5069 9.664378021119537e-7
5070 9.664378021119537e-7
5071 9.664378021119537e-7
5072 9.664378021119537e-7
5073 9.664378021119537e-7
5074 9.664378021119537e-7
5075 9.664378021119537e-7
5076 9.664378021119537e-7
5077 9.664378021119537e-7
5078 9.664378021119537e-7
5079 9.664378021119537e-7
5080 9.664378021119537e-7
5081 9.664378021119537e-7
5082 9.664378021119537e-7
5083 9.664378021119537e-7
5084 9.664378021119537e-7
5085 9.664378021119537e-7
5086 9.664378021119537e-7
5087 9.664378021119537e-7
5088 9.664378021119537e-7
5089 9.664378021119537e-7
5090 9.664378021119537e-7
5091 9.664378021119537e-7
5092 9.664378021119537e-7
5093 9.64952584302602e-7
5094 9.648035818271173e-7
5095 9.651624696611573e-7
5096 9.651624696611573e-7
5097 9.651624696611573e-7
5098 9.651624696611573e-7
5099 9.651624696611573e-7
5100 9.648740779899936e-7
5101 9.659395256934164e-7
5102 9.672997745323882e-7
5103 9.677884382823017e-7
5104 9.678925800077246e-7
5105 9.687609582254537e-7
5106 9.694098396383672e-7
5107 9.695972946218917e-7
5108 9.69651768651759e-7
5109 9.697414907630644e-7
5110 9.696021015673853e-7
5111 9.697783401410308e-7
5112 9.699786122197809e-7
5113 9.701003792082865e-7
5114 9.702894360995211e-7
5115 9.702173380289347e-7
5116 9.703615341701074e-7
5117 9.702013165071074e-7
5118 9.697831483088882e-7
5119 9.698167944826165e-7
5120 9.703695461533847e-7
5121 9.71108149066422e-7
5122 9.708165535798384e-7
5123 9.704384397973693e-7
5124 9.704384397973693e-7
5125 9.704384397973693e-7
5126 9.704384397973693e-7
5127 9.704384397973693e-7
5128 9.704384397973693e-7
5129 9.709206953052612e-7
5130 9.709367168270886e-7
5131 9.718018924517615e-7
5132 9.720486271882832e-7
5133 9.727247459217215e-7
5134 9.751328172010332e-7
5135 9.751328172010332e-7
5136 9.757079992468323e-7
5137 9.759066688066906e-7
5138 9.788178234500333e-7
5139 9.788178234500333e-7
5140 9.788178234500333e-7
5141 9.788178234500333e-7
5142 9.788178234500333e-7
5143 9.788178234500333e-7
5144 9.788178234500333e-7
5145 9.788178234500333e-7
5146 9.788178234500333e-7
5147 9.788178234500333e-7
5148 9.788178234500333e-7
5149 9.788178234500333e-7
5150 9.788178234500333e-7
5151 9.788178234500333e-7
5152 9.796942142622214e-7
5153 9.796942142622214e-7
5154 9.796942142622214e-7
5155 9.796942142622214e-7
5156 9.804552481614714e-7
5157 9.804552481614714e-7
5158 9.804552481614714e-7
5159 9.81065677066345e-7
5160 9.818379267642924e-7
5161 9.842155562964778e-7
5162 9.842155562964778e-7
5163 9.842155562964778e-7
5164 9.842155562964778e-7
5165 9.84271632234055e-7
5166 9.843148904652249e-7
5167 9.843148904652249e-7
5168 9.843148904652249e-7
5169 9.843148904652249e-7
5170 9.843148904652249e-7
5171 9.848227801635675e-7
5172 9.85090344589774e-7
5173 9.847987472696448e-7
5174 9.847410688131757e-7
5175 9.847410688131757e-7
5176 9.847410688131757e-7
5177 9.847410688131757e-7
5178 9.847410688131757e-7
5179 9.847410688131757e-7
5180 9.847410688131757e-7
5181 9.847410688131757e-7
5182 9.847410688131757e-7
5183 9.847410688131757e-7
5184 9.847410688131757e-7
5185 9.847410688131757e-7
5186 9.847410688131757e-7
5187 9.847410688131757e-7
5188 9.847410688131757e-7
5189 9.847410688131757e-7
5190 9.847410688131757e-7
5191 9.847410688131757e-7
5192 9.847410688131757e-7
5193 9.847410688131757e-7
5194 9.847410688131757e-7
5195 9.847410688131757e-7
5196 9.847410688131757e-7
5197 9.847410688131757e-7
5198 9.847410688131757e-7
5199 9.847410688131757e-7
5200 9.847410688131757e-7
5201 9.847410688131757e-7
5202 9.847410688131757e-7
5203 9.847410688131757e-7
5204 9.847410688131757e-7
5205 9.847410688131757e-7
5206 9.847410688131757e-7
5207 9.847410688131757e-7
5208 9.847410688131757e-7
5209 9.847410688131757e-7
5210 9.847410688131757e-7
5211 9.847410688131757e-7
5212 9.847410688131757e-7
5213 9.847410688131757e-7
5214 9.847410688131757e-7
5215 9.847410688131757e-7
5216 9.850118370548021e-7
5217 9.849477509674932e-7
5218 9.849125016636912e-7
5219 9.849253205924623e-7
5220 9.849253205924623e-7
5221 9.849253205924623e-7
5222 9.849253205924623e-7
5223 9.849253205924623e-7
5224 9.849253205924623e-7
5225 9.849253205924623e-7
5226 9.849253205924623e-7
5227 9.849253205924623e-7
5228 9.849253205924623e-7
5229 9.849253205924623e-7
5230 9.849253205924623e-7
5231 9.849253205924623e-7
5232 9.849253205924623e-7
5233 9.855101140845214e-7
5234 9.855101140845214e-7
5235 9.855101140845214e-7
5236 9.855101140845214e-7
5237 9.855101140845214e-7
5238 9.855101140845214e-7
5239 9.869696970922405e-7
5240 9.869696970922405e-7
5241 9.869696970922405e-7
5242 9.869696970922405e-7
5243 9.875352652470524e-7
5244 9.877691841107124e-7
5245 9.87602556372145e-7
5246 9.880367467033732e-7
5247 9.886888325428887e-7
5248 9.896469340942869e-7
5249 9.911625936507651e-7
5250 9.911625936507651e-7
5251 9.911625936507651e-7
5252 9.911625936507651e-7
5253 9.911625936507651e-7
5254 9.911625936507651e-7
5255 9.911625936507651e-7
5256 9.911625936507651e-7
5257 9.911625936507651e-7
5258 9.911625936507651e-7
5259 9.911625936507651e-7
5260 9.913949087731697e-7
5261 9.913949087731697e-7
5262 9.913949087731697e-7
5263 9.913949087731697e-7
5264 9.920614148379843e-7
5265 9.921142857377778e-7
5266 9.925580893488115e-7
5267 9.92131909778497e-7
5268 9.921735667131389e-7
5269 9.921735667131389e-7
5270 9.929329993158607e-7
5271 9.933944251340678e-7
5272 9.944662816906943e-7
5273 9.949229017857717e-7
5274 9.950270435111945e-7
5275 9.956903445382255e-7
5276 9.964706043859044e-7
5277 9.968278903122344e-7
5278 9.968278903122344e-7
5279 9.968278903122344e-7
5280 9.968278903122344e-7
5281 9.968278903122344e-7
5282 9.968278903122344e-7
5283 9.972684876631206e-7
5284 9.972684876631206e-7
5285 9.972684876631206e-7
5286 9.976850533424479e-7
5287 9.976321812202905e-7
5288 9.97938197543355e-7
5289 9.97401467394414e-7
5290 9.974415230325277e-7
5291 9.974415230325277e-7
5292 9.974415230325277e-7
5293 9.974415230325277e-7
5294 9.974415230325277e-7
5295 9.974415230325277e-7
5296 9.975152242331879e-7
5297 9.977603570619997e-7
5298 9.978276481870923e-7
5299 9.978276481870923e-7
5300 9.98276258132438e-7
5301 9.992199400697189e-7
5302 1.0003334529498053e-6
5303 1.002643791356898e-6
5304 1.002643791356898e-6
5305 1.002964226682898e-6
5306 1.0031420683866173e-6
5307 1.0031420683866173e-6
5308 1.0034993530905835e-6
5309 1.0036595707535835e-6
5310 1.0036595707535835e-6
5311 1.0036595707535835e-6
5312 1.0036595707535835e-6
5313 1.0036595707535835e-6
5314 1.0036595707535835e-6
5315 1.0036595707535835e-6
5316 1.0036595707535835e-6
5317 1.0036595707535835e-6
5318 1.0036595707535835e-6
5319 1.0042171287586636e-6
5320 1.0042171287586636e-6
5321 1.0042171287586636e-6
5322 1.0042171287586636e-6
5323 1.0049429145764755e-6
5324 1.004532757750352e-6
5325 1.0051223587990866e-6
5326 1.0067661917525465e-6
5327 1.0075576667877411e-6
5328 1.0074150737766422e-6
5329 1.0077162825430312e-6
5330 1.0073846326406977e-6
5331 1.0073846326406977e-6
5332 1.0073846326406977e-6
5333 1.0073846326406977e-6
5334 1.0073846326406977e-6
5335 1.0073846326406977e-6
5336 1.0073846326406977e-6
5337 1.0073846326406977e-6
5338 1.0073846326406977e-6
5339 1.0073846326406977e-6
5340 1.0073846326406977e-6
5341 1.0073846326406977e-6
5342 1.0073846326406977e-6
5343 1.0073846326406977e-6
5344 1.0073846326406977e-6
5345 1.0073846326406977e-6
5346 1.0073846326406977e-6
5347 1.0073846326406977e-6
5348 1.0073846326406977e-6
5349 1.0073846326406977e-6
5350 1.0073846326406977e-6
5351 1.0073846326406977e-6
5352 1.0073846326406977e-6
5353 1.0073846326406977e-6
5354 1.0073846326406977e-6
5355 1.0073846326406977e-6
5356 1.0073846326406977e-6
5357 1.0073846326406977e-6
5358 1.0073846326406977e-6
5359 1.0073846326406977e-6
5360 1.0074455149125868e-6
5361 1.0075496566380096e-6
5362 1.0075496566380096e-6
5363 1.0081841196591698e-6
5364 1.0082081513307288e-6
5365 1.008305884202948e-6
5366 1.0104047353437751e-6
5367 1.0113131704219815e-6
5368 1.0113131704219815e-6
5369 1.0113131704219815e-6
5370 1.0113131704219815e-6
5371 1.0113131704219815e-6
5372 1.0113131704219815e-6
5373 1.0113131704219815e-6
5374 1.0113131704219815e-6
5375 1.0113131704219815e-6
5376 1.0113131704219815e-6
5377 1.0113131704219815e-6
5378 1.0113131704219815e-6
5379 1.0119636549649688e-6
5380 1.0119636549649688e-6
5381 1.0123289510410306e-6
5382 1.0121126574404534e-6
5383 1.0126686123154598e-6
5384 1.0151183411405954e-6
5385 1.0159819142463762e-6
5386 1.0159819142463762e-6
5387 1.0159819142463762e-6
5388 1.0159819142463762e-6
5389 1.0159819142463762e-6
5390 1.0159819142463762e-6
5391 1.0159819142463762e-6
5392 1.0159819142463762e-6
5393 1.0159819142463762e-6
5394 1.0159819142463762e-6
5395 1.0159819142463762e-6
5396 1.0159819142463762e-6
5397 1.0159819142463762e-6
5398 1.0159819142463762e-6
5399 1.0159819142463762e-6
5400 1.0159819142463762e-6
5401 1.0159819142463762e-6
5402 1.0159819142463762e-6
5403 1.0159819142463762e-6
5404 1.0159819142463762e-6
5405 1.0159819142463762e-6
5406 1.0159819142463762e-6
5407 1.0159819142463762e-6
5408 1.0159819142463762e-6
5409 1.0159819142463762e-6
5410 1.0159819142463762e-6
5411 1.0159819142463762e-6
5412 1.0159819142463762e-6
5413 1.0159819142463762e-6
5414 1.0159819142463762e-6
5415 1.0159819142463762e-6
5416 1.0159819142463762e-6
5417 1.0159819142463762e-6
5418 1.0159819142463762e-6
5419 1.0159819142463762e-6
5420 1.0159819142463762e-6
5421 1.0159819142463762e-6
5422 1.0159819142463762e-6
5423 1.0159819142463762e-6
5424 1.0159819142463762e-6
5425 1.0159819142463762e-6
5426 1.0159819142463762e-6
5427 1.0162590901188425e-6
5428 1.0162590901188425e-6
5429 1.0162590901188425e-6
5430 1.0162590901188425e-6
5431 1.0162590901188425e-6
5432 1.0162590901188425e-6
5433 1.0162590901188425e-6
5434 1.0162590901188425e-6
5435 1.0188962727051388e-6
5436 1.0197197913951697e-6
5437 1.019972935596077e-6
5438 1.019972935596077e-6
5439 1.019972935596077e-6
5440 1.019972935596077e-6
5441 1.019972935596077e-6
5442 1.019972935596077e-6
5443 1.020413534169327e-6
5444 1.020413534169327e-6
5445 1.020713141639188e-6
5446 1.020713141639188e-6
5447 1.020713141639188e-6
5448 1.0209678871366234e-6
5449 1.0209678871366234e-6
5450 1.0207419796450587e-6
5451 1.0212819148317835e-6
5452 1.0231756863371853e-6
5453 1.0235297678369136e-6
5454 1.0242507467092316e-6
5455 1.023779707611219e-6
5456 1.023779707611219e-6
5457 1.0231548590922282e-6
5458 1.0231548590922282e-6
5459 1.0231548590922282e-6
5460 1.0231548590922282e-6
5461 1.0231548590922282e-6
5462 1.0231548590922282e-6
5463 1.0231548590922282e-6
5464 1.0231548590922282e-6
5465 1.0239911954886664e-6
5466 1.0237460626598546e-6
5467 1.023866224684741e-6
5468 1.023866224684741e-6
5469 1.023866224684741e-6
5470 1.023866224684741e-6
5471 1.023866224684741e-6
5472 1.023866224684741e-6
5473 1.023866224684741e-6
5474 1.023866224684741e-6
5475 1.023866224684741e-6
5476 1.023866224684741e-6
5477 1.023866224684741e-6
5478 1.023866224684741e-6
5479 1.0245086978556329e-6
5480 1.025768008784602e-6
5481 1.0280719389496728e-6
5482 1.0280719389496728e-6
5483 1.0280719389496728e-6
5484 1.0280719389496728e-6
5485 1.0280719389496728e-6
5486 1.0280719389496728e-6
5487 1.0280719389496728e-6
5488 1.0280719389496728e-6
5489 1.0280719389496728e-6
5490 1.028634302066701e-6
5491 1.028634302066701e-6
5492 1.028634302066701e-6
5493 1.028634302066701e-6
5494 1.028634302066701e-6
5495 1.028634302066701e-6
5496 1.028634302066701e-6
5497 1.028634302066701e-6
5498 1.028634302066701e-6
5499 1.028634302066701e-6
5500 1.028634302066701e-6
5501 1.028634302066701e-6
5502 1.028634302066701e-6
5503 1.028634302066701e-6
5504 1.028634302066701e-6
5505 1.028634302066701e-6
5506 1.028634302066701e-6
5507 1.028634302066701e-6
5508 1.028634302066701e-6
5509 1.028634302066701e-6
5510 1.028634302066701e-6
5511 1.028634302066701e-6
5512 1.028634302066701e-6
5513 1.0296885333602445e-6
5514 1.0299432800800437e-6
5515 1.0299432800800437e-6
5516 1.0299432800800437e-6
5517 1.0299432800800437e-6
5518 1.0299432800800437e-6
5519 1.0299432800800437e-6
5520 1.0299432800800437e-6
5521 1.0299432800800437e-6
5522 1.0299432800800437e-6
5523 1.0299432800800437e-6
5524 1.0299432800800437e-6
5525 1.0299432800800437e-6
5526 1.0299432800800437e-6
5527 1.0299432800800437e-6
5528 1.0294914663192783e-6
5529 1.0293648942188246e-6
5530 1.029436992289411e-6
5531 1.029436992289411e-6
5532 1.029436992289411e-6
5533 1.029436992289411e-6
5534 1.029436992289411e-6
5535 1.029436992289411e-6
5536 1.029436992289411e-6
5537 1.029436992289411e-6
5538 1.0299016237565837e-6
5539 1.0298791933815529e-6
5540 1.0302541021262383e-6
5541 1.0302541021262383e-6
5542 1.0305344830364882e-6
5543 1.0305344830364882e-6
5544 1.0305344830364882e-6
5545 1.0317040724653338e-6
5546 1.0324651069757658e-6
5547 1.0342435221794112e-6
5548 1.0342387164562812e-6
5549 1.0351455484044139e-6
5550 1.0353025622519938e-6
5551 1.0353666495616666e-6
5552 1.0353666495616666e-6
5553 1.0353666495616666e-6
5554 1.0353666495616666e-6
5555 1.0353666495616666e-6
5556 1.0353666495616666e-6
5557 1.0353666495616666e-6
5558 1.0353666495616666e-6
5559 1.0363616023245767e-6
5560 1.0387712755115984e-6
5561 1.0387712755115984e-6
5562 1.0387712755115984e-6
5563 1.0387712755115984e-6
5564 1.0387712755115984e-6
5565 1.0387712755115984e-6
5566 1.0390676779436757e-6
5567 1.0390692792402037e-6
5568 1.0390340323811292e-6
5569 1.039218281715688e-6
5570 1.0413764138318763e-6
5571 1.0419099389430337e-6
5572 1.0423793767445184e-6
5573 1.0423793767445184e-6
5574 1.0423793767445184e-6
5575 1.0423793767445184e-6
5576 1.042747876636e-6
5577 1.042747876636e-6
5578 1.0436899572767527e-6
5579 1.044143372945228e-6
5580 1.0447842429860462e-6
5581 1.0453866617411881e-6
5582 1.045346607325438e-6
5583 1.0460659842900462e-6
5584 1.0466011119200954e-6
5585 1.0466011119200954e-6
5586 1.0466011119200954e-6
5587 1.0466011119200954e-6
5588 1.0466011119200954e-6
5589 1.0466011119200954e-6
5590 1.0466011119200954e-6
5591 1.0466011119200954e-6
5592 1.0466011119200954e-6
5593 1.0466011119200954e-6
5594 1.0469087295396882e-6
5595 1.0478524126993328e-6
5596 1.0479052842103082e-6
5597 1.0492687362535182e-6
5598 1.0499256290385273e-6
5599 1.0499031986634964e-6
5600 1.0496067956202374e-6
5601 1.049433760862012e-6
5602 1.0494722133700521e-6
5603 1.0496244196609566e-6
5604 1.0494193412478948e-6
5605 1.049656463315793e-6
5606 1.0495443108294567e-6
5607 1.049872757527552e-6
5608 1.049872757527552e-6
5609 1.0493872982042403e-6
5610 1.0493937064462622e-6
5611 1.0494145349135831e-6
5612 1.0497077341414223e-6
5613 1.0497077341414223e-6
5614 1.0497077341414223e-6
5615 1.0497077341414223e-6
5616 1.0497077341414223e-6
5617 1.0504303161438141e-6
5618 1.0504303161438141e-6
5619 1.0504303161438141e-6
5620 1.0504303161438141e-6
5621 1.0504303161438141e-6
5622 1.051468527137894e-6
5623 1.0531011449038386e-6
5624 1.0540624508818385e-6
5625 1.0540624508818385e-6
5626 1.0540624508818385e-6
5627 1.0540624508818385e-6
5628 1.0540624508818385e-6
5629 1.0540624508818385e-6
5630 1.0540624508818385e-6
5631 1.0540624508818385e-6
5632 1.0540624508818385e-6
5633 1.0540624508818385e-6
5634 1.0547337632809649e-6
5635 1.0559273849925512e-6
5636 1.0572043205734214e-6
5637 1.0568646580766286e-6
5638 1.0570601244322487e-6
5639 1.0579605456936323e-6
5640 1.0582617556823852e-6
5641 1.0602885093638078e-6
5642 1.060243648613746e-6
5643 1.061185728643317e-6
5644 1.0615750570021197e-6
5645 1.0615750570021197e-6
5646 1.0615750570021197e-6
5647 1.0615750570021197e-6
5648 1.0615750570021197e-6
5649 1.0615750570021197e-6
5650 1.0615750570021197e-6
5651 1.0615750570021197e-6
5652 1.0615750570021197e-6
5653 1.0615750570021197e-6
5654 1.0615750570021197e-6
5655 1.0615750570021197e-6
5656 1.0615750570021197e-6
5657 1.0615750570021197e-6
5658 1.0615750570021197e-6
5659 1.0615750570021197e-6
5660 1.0615750570021197e-6
5661 1.0615750570021197e-6
5662 1.0615750570021197e-6
5663 1.0615750570021197e-6
5664 1.0617849417494933e-6
5665 1.0617849417494933e-6
5666 1.0620060416843825e-6
5667 1.062134216303728e-6
5668 1.062134216303728e-6
5669 1.0622431631410987e-6
5670 1.0622431631410987e-6
5671 1.0622431631410987e-6
5672 1.0622431631410987e-6
5673 1.0624898984888024e-6
5674 1.0624898984888024e-6
5675 1.0624898984888024e-6
5676 1.0624898984888024e-6
5677 1.0628680122712714e-6
5678 1.0628680122712714e-6
5679 1.0628680122712714e-6
5680 1.0628680122712714e-6
5681 1.0628680122712714e-6
5682 1.0628680122712714e-6
5683 1.0628680122712714e-6
5684 1.0628680122712714e-6
5685 1.0628680122712714e-6
5686 1.0635104854421634e-6
5687 1.0634431943170707e-6
5688 1.0634431943170707e-6
5689 1.0634431943170707e-6
5690 1.0634431943170707e-6
5691 1.0634431943170707e-6
5692 1.0634431943170707e-6
5693 1.0634431943170707e-6
5694 1.0634431943170707e-6
5695 1.064220249738148e-6
5696 1.0643259939824626e-6
5697 1.0643259939824626e-6
5698 1.0643259939824626e-6
5699 1.0650197367566198e-6
5700 1.0650197367566198e-6
5701 1.0654298948051072e-6
5702 1.0656638124464036e-6
5703 1.06818403560087e-6
5704 1.0687319803261445e-6
5705 1.0687319803261445e-6
5706 1.0687319803261445e-6
5707 1.0687319803261445e-6
5708 1.0687319803261445e-6
5709 1.0690556194675644e-6
5710 1.0693904750188636e-6
5711 1.0690331890925335e-6
5712 1.06974455590741e-6
5713 1.0721109708632617e-6
5714 1.0718898703171907e-6
5715 1.0727566478495735e-6
5716 1.0727566478495735e-6
5717 1.0727566478495735e-6
5718 1.0727566478495735e-6
5719 1.0727566478495735e-6
5720 1.0727566478495735e-6
5721 1.0727566478495735e-6
5722 1.0727566478495735e-6
5723 1.0727566478495735e-6
5724 1.0727566478495735e-6
5725 1.0727566478495735e-6
5726 1.0727566478495735e-6
5727 1.0727566478495735e-6
5728 1.0727566478495735e-6
5729 1.0727566478495735e-6
5730 1.0727566478495735e-6
5731 1.0727566478495735e-6
5732 1.0727566478495735e-6
5733 1.0727566478495735e-6
5734 1.0727566478495735e-6
5735 1.0727566478495735e-6
5736 1.0727566478495735e-6
5737 1.0727566478495735e-6
5738 1.0743187700638237e-6
5739 1.0743139637295118e-6
5740 1.0769783836363327e-6
5741 1.0775006929487928e-6
5742 1.0775006929487928e-6
5743 1.0775006929487928e-6
5744 1.0775006929487928e-6
5745 1.0775006929487928e-6
5746 1.0775006929487928e-6
5747 1.0775006929487928e-6
5748 1.0786895077148855e-6
5749 1.0791477303288547e-6
5750 1.081706406602543e-6
5751 1.081706406602543e-6
5752 1.081706406602543e-6
5753 1.081706406602543e-6
5754 1.0819947988848885e-6
5755 1.0829609111972003e-6
5756 1.0829400827298794e-6
5757 1.0842795024903485e-6
5758 1.0842458569278022e-6
5759 1.0844172891671358e-6
5760 1.0848194358435276e-6
5761 1.0849187700122747e-6
5762 1.085630136827151e-6
5763 1.085630136827151e-6
5764 1.085630136827151e-6
5765 1.085630136827151e-6
5766 1.085630136827151e-6
5767 1.085630136827151e-6
5768 1.085630136827151e-6
5769 1.085630136827151e-6
5770 1.085630136827151e-6
5771 1.085630136827151e-6
5772 1.085630136827151e-6
5773 1.085630136827151e-6
5774 1.085630136827151e-6
5775 1.085630136827151e-6
5776 1.085630136827151e-6
5777 1.085630136827151e-6
5778 1.085630136827151e-6
5779 1.085630136827151e-6
5780 1.085630136827151e-6
5781 1.085630136827151e-6
5782 1.085630136827151e-6
5783 1.085630136827151e-6
5784 1.0864856985608365e-6
5785 1.0864856985608365e-6
5786 1.0868301655583954e-6
5787 1.0868301655583954e-6
5788 1.0871906553001455e-6
5789 1.0871906553001455e-6
5790 1.0875495425230036e-6
5791 1.0875335210011762e-6
5792 1.0875335210011762e-6
5793 1.0885460965824416e-6
5794 1.0891212786282407e-6
5795 1.0894481221962626e-6
5796 1.0921189503451054e-6
5797 1.0929520823149417e-6
5798 1.0926877229265188e-6
5799 1.0927486064207715e-6
5800 1.0931347315753362e-6
5801 1.0943363634366543e-6
5802 1.0936970946923644e-6
5803 1.0936970946923644e-6
5804 1.0940367553556116e-6
5805 1.0959529590695898e-6
5806 1.0969559207598678e-6
5807 1.0978243008111424e-6
5808 1.0978243008111424e-6
5809 1.099392831878596e-6
5810 1.1005976693888798e-6
5811 1.1013090349813924e-6
5812 1.101719192418698e-6
5813 1.101879410081698e-6
5814 1.1021902327390745e-6
5815 1.1021902327390745e-6
5816 1.1021902327390745e-6
5817 1.1021902327390745e-6
5818 1.1021902327390745e-6
5819 1.1021902327390745e-6
5820 1.1021902327390745e-6
5821 1.1021902327390745e-6
5822 1.1021902327390745e-6
5823 1.1023937098556083e-6
5824 1.1024850338746238e-6
5825 1.1029977299072784e-6
5826 1.1039269928416238e-6
5827 1.1049860316918428e-6
5828 1.1057951313789383e-6
5829 1.1057951313789383e-6
5830 1.1057951313789383e-6
5831 1.1057951313789383e-6
5832 1.1057951313789383e-6
5833 1.1057951313789383e-6
5834 1.1057951313789383e-6
5835 1.1057951313789383e-6
5836 1.1057951313789383e-6
5837 1.1050613354113946e-6
5838 1.105378565699611e-6
5839 1.1055996656344999e-6
5840 1.1056509352377654e-6
5841 1.1058480022787318e-6
5842 1.105944133243241e-6
5843 1.105944133243241e-6
5844 1.105944133243241e-6
5845 1.105944133243241e-6
5846 1.105944133243241e-6
5847 1.105944133243241e-6
5848 1.1065673810768857e-6
5849 1.1065673810768857e-6
5850 1.1065673810768857e-6
5851 1.1065673810768857e-6
5852 1.1056301079928085e-6
5853 1.1054042011124258e-6
5854 1.1056253016584968e-6
5855 1.1056253016584968e-6
5856 1.1055724295363395e-6
5857 1.1055724295363395e-6
5858 1.1055724295363395e-6
5859 1.1055724295363395e-6
5860 1.1055724295363395e-6
5861 1.1055724295363395e-6
5862 1.105322490373216e-6
5863 1.1047344906210094e-6
5864 1.105080561359824e-6
5865 1.1052904473295612e-6
5866 1.1058287781638484e-6
5867 1.1058287781638484e-6
5868 1.1058287781638484e-6
5869 1.1057262395684993e-6
5870 1.1061203748727958e-6
5871 1.105368955475715e-6
5872 1.1052632118425823e-6
5873 1.1052744270300977e-6
5874 1.1052744270300977e-6
5875 1.1046159323373787e-6
5876 1.1048674752417579e-6
5877 1.1048674752417579e-6
5878 1.1048674752417579e-6
5879 1.1048674752417579e-6
5880 1.1048674752417579e-6
5881 1.1048674752417579e-6
5882 1.1048674752417579e-6
5883 1.1048674752417579e-6
5884 1.1048674752417579e-6
5885 1.105790328100536e-6
5886 1.1058175660322424e-6
5887 1.1061860671460878e-6
5888 1.1061860671460878e-6
5889 1.1061860671460878e-6
5890 1.1061860671460878e-6
5891 1.1061860671460878e-6
5892 1.1061860671460878e-6
5893 1.1063510923657634e-6
5894 1.1063574999966033e-6
5895 1.1063574999966033e-6
5896 1.1063574999966033e-6
5897 1.1063574999966033e-6
5898 1.1063574999966033e-6
5899 1.1063574999966033e-6
5900 1.1069503060831216e-6
5901 1.1070127908739025e-6
5902 1.107530292629687e-6
5903 1.1074245489965543e-6
5904 1.1092654502133442e-6
5905 1.1099992474032517e-6
5906 1.1099992474032517e-6
5907 1.1099992474032517e-6
5908 1.1101290245414891e-6
5909 1.1101290245414891e-6
5910 1.1101290245414891e-6
5911 1.1104542662018008e-6
5912 1.1114620354487546e-6
5913 1.1114780581929455e-6
5914 1.1124265458533562e-6
5915 1.1131651493775754e-6
5916 1.1131715576195972e-6
5917 1.11355447834756e-6
5918 1.11355447834756e-6
5919 1.11355447834756e-6
5920 1.1136666314450781e-6
5921 1.1136650289261863e-6
5922 1.1137643643172972e-6
5923 1.1140783907900935e-6
5924 1.1138524832985289e-6
5925 1.1137195035672352e-6
5926 1.1138797212302353e-6
5927 1.113825246589186e-6
5928 1.113825246589186e-6
5929 1.113825246589186e-6
5930 1.113825246589186e-6
5931 1.113825246589186e-6
5932 1.1140767882712015e-6
5933 1.1140767882712015e-6
5934 1.1143026945404023e-6
5935 1.1143026945404023e-6
5936 1.1147208627386214e-6
5937 1.1147208627386214e-6
5938 1.1147208627386214e-6
5939 1.1147208627386214e-6
5940 1.1147208627386214e-6
5941 1.1147208627386214e-6
5942 1.1147208627386214e-6
5943 1.1147208627386214e-6
5944 1.1147208627386214e-6
5945 1.1147208627386214e-6
5946 1.1160458622737912e-6
5947 1.1157750952545287e-6
5948 1.1157750952545287e-6
5949 1.1157750952545287e-6
5950 1.1157750952545287e-6
5951 1.1157750952545287e-6
5952 1.1157750952545287e-6
5953 1.1157750952545287e-6
5954 1.1157750952545287e-6
5955 1.116367901341047e-6
5956 1.115951334439356e-6
5957 1.115951334439356e-6
5958 1.115951334439356e-6
5959 1.115951334439356e-6
5960 1.115951334439356e-6
5961 1.115951334439356e-6
5962 1.115951334439356e-6
5963 1.115951334439356e-6
5964 1.115951334439356e-6
5965 1.1169542973519979e-6
5966 1.1169542973519979e-6
5967 1.1169542973519979e-6
5968 1.1169542973519979e-6
5969 1.1169542973519979e-6
5970 1.1169542973519979e-6
5971 1.1169542973519979e-6
5972 1.1169542973519979e-6
5973 1.1169542973519979e-6
5974 1.1174077136316551e-6
5975 1.1174077136316551e-6
5976 1.1174077136316551e-6
5977 1.1174077136316551e-6
5978 1.1174077136316551e-6
5979 1.1174077136316551e-6
5980 1.1174077136316551e-6
5981 1.1174077136316551e-6
5982 1.1174077136316551e-6
5983 1.1174077136316551e-6
5984 1.1182071994277632e-6
5985 1.118194381721356e-6
5986 1.1182664804031243e-6
5987 1.1182664804031243e-6
5988 1.1184619461475624e-6
5989 1.1186349815169697e-6
5990 1.1186349815169697e-6
5991 1.1186349815169697e-6
5992 1.1186349815169697e-6
5993 1.1186349815169697e-6
5994 1.119091601612047e-6
5995 1.119253421793939e-6
5996 1.119253421793939e-6
5997 1.119253421793939e-6
5998 1.119253421793939e-6
5999 1.119253421793939e-6
6000 1.119253421793939e-6
6001 1.119253421793939e-6
6002 1.119253421793939e-6
6003 1.119253421793939e-6
6004 1.119253421793939e-6
6005 1.1201714683184053e-6
6006 1.1216086215622753e-6
6007 1.1222655137361025e-6
6008 1.1228839540130717e-6
6009 1.1228839540130717e-6
6010 1.1228839540130717e-6
6011 1.1228839540130717e-6
6012 1.1228839540130717e-6
6013 1.1228839540130717e-6
6014 1.1228839540130717e-6
6015 1.1228839540130717e-6
6016 1.1228839540130717e-6
6017 1.1228839540130717e-6
6018 1.1228839540130717e-6
6019 1.122954450175948e-6
6020 1.1230906349450253e-6
6021 1.1230089235946334e-6
6022 1.1230089235946334e-6
6023 1.1234351031649479e-6
6024 1.1234351031649479e-6
6025 1.1234351031649479e-6
6026 1.1242826547489016e-6
6027 1.1242826547489016e-6
6028 1.1252279392050744e-6
6029 1.1252279392050744e-6
6030 1.1252279392050744e-6
6031 1.1254890935557133e-6
6032 1.1254890935557133e-6
6033 1.1254890935557133e-6
6034 1.1258463794820434e-6
6035 1.1258591971884506e-6
6036 1.1258591971884506e-6
6037 1.1258591971884506e-6
6038 1.1258591971884506e-6
6039 1.1250949600849625e-6
6040 1.1250949600849625e-6
6041 1.1250949600849625e-6
6042 1.1250949600849625e-6
6043 1.1250949600849625e-6
6044 1.1250949600849625e-6
6045 1.1250949600849625e-6
6046 1.1250949600849625e-6
6047 1.1252695967508978e-6
6048 1.1252695967508978e-6
6049 1.1256701409083977e-6
6050 1.1256701409083977e-6
6051 1.1258287560525059e-6
6052 1.1258287560525059e-6
6053 1.1258287560525059e-6
6054 1.1265048747859441e-6
6055 1.1266939316771788e-6
6056 1.127573526304787e-6
6057 1.1291516706520461e-6
6058 1.1302491607879414e-6
6059 1.1304205948608207e-6
6060 1.1305744024482534e-6
6061 1.1305744024482534e-6
6062 1.1308035137552378e-6
6063 1.1324056909964195e-6
6064 1.1345526073139104e-6
6065 1.1345526073139104e-6
6066 1.1348602249335032e-6
6067 1.1348602249335032e-6
6068 1.1348602249335032e-6
6069 1.1348602249335032e-6
6070 1.1348602249335032e-6
6071 1.1348602249335032e-6
6072 1.1352271235284568e-6
6073 1.1352271235284568e-6
6074 1.1352271235284568e-6
6075 1.1352271235284568e-6
6076 1.1354386107947224e-6
6077 1.1354386107947224e-6
6078 1.1354386107947224e-6
6079 1.1354386107947224e-6
6080 1.1354386107947224e-6
6081 1.1354386107947224e-6
6082 1.1354386107947224e-6
6083 1.1354386107947224e-6
6084 1.1356725284360187e-6
6085 1.1356725284360187e-6
6086 1.1360394270309724e-6
6087 1.1361339560877716e-6
6088 1.1361339560877716e-6
6089 1.1368212912310891e-6
6090 1.1368212912310891e-6
6091 1.137303546738981e-6
6092 1.1374445390647339e-6
6093 1.1382888868332675e-6
6094 1.138284079276592e-6
6095 1.1383625868115639e-6
6096 1.1383625868115639e-6
6097 1.1391748903140794e-6
6098 1.1403588981346783e-6
6099 1.1433165178805204e-6
6100 1.1429944800356285e-6
6101 1.1432460217176439e-6
6102 1.1429624369919738e-6
6103 1.1429624369919738e-6
6104 1.1429624369919738e-6
6105 1.1429624369919738e-6
6106 1.1429624369919738e-6
6107 1.1429624369919738e-6
6108 1.1429624369919738e-6
6109 1.1429624369919738e-6
6110 1.1429624369919738e-6
6111 1.1429624369919738e-6
6112 1.1429624369919738e-6
6113 1.1429624369919738e-6
6114 1.1429624369919738e-6
6115 1.1429624369919738e-6
6116 1.1429624369919738e-6
6117 1.1429624369919738e-6
6118 1.1429624369919738e-6
6119 1.1429624369919738e-6
6120 1.1429624369919738e-6
6121 1.1429624369919738e-6
6122 1.1429624369919738e-6
6123 1.1429624369919738e-6
6124 1.1429624369919738e-6
6125 1.1429624369919738e-6
6126 1.1429624369919738e-6
6127 1.1429624369919738e-6
6128 1.1433004963586929e-6
6129 1.1433004963586929e-6
6130 1.1433004963586929e-6
6131 1.1433004963586929e-6
6132 1.1433004963586929e-6
6133 1.1438564518448811e-6
6134 1.1439718087578194e-6
6135 1.1439718087578194e-6
6136 1.1441544567958503e-6
6137 1.1440983808582731e-6
6138 1.1440695416300385e-6
6139 1.1440695416300385e-6
6140 1.1440695416300385e-6
6141 1.1440695416300385e-6
6142 1.1440695416300385e-6
6143 1.1440695416300385e-6
6144 1.1440695416300385e-6
6145 1.1440695416300385e-6
6146 1.1440695416300385e-6
6147 1.1450997400296592e-6
6148 1.1450997400296592e-6
6149 1.1457229866409401e-6
6150 1.1478202364852393e-6
6151 1.1500040027918783e-6
6152 1.1504013431339584e-6
6153 1.1515228661637764e-6
6154 1.151388283913591e-6
6155 1.1521829633753873e-6
6156 1.1526443904159583e-6
6157 1.1526443904159583e-6
6158 1.152346386076171e-6
6159 1.152346386076171e-6
6160 1.152346386076171e-6
6161 1.152346386076171e-6
6162 1.152346386076171e-6
6163 1.152346386076171e-6
6164 1.152346386076171e-6
6165 1.152346386076171e-6
6166 1.152346386076171e-6
6167 1.152346386076171e-6
6168 1.152346386076171e-6
6169 1.152346386076171e-6
6170 1.152346386076171e-6
6171 1.152346386076171e-6
6172 1.152346386076171e-6
6173 1.152346386076171e-6
6174 1.152346386076171e-6
6175 1.152346386076171e-6
6176 1.152346386076171e-6
6177 1.1524633442856373e-6
6178 1.152952007424369e-6
6179 1.1529247707150263e-6
6180 1.1529247707150263e-6
6181 1.1532083554406964e-6
6182 1.1533829933289955e-6
6183 1.1533958110354028e-6
6184 1.153991820937341e-6
6185 1.1542946322226218e-6
6186 1.1559432708992117e-6
6187 1.1566882832766344e-6
6188 1.157418875428758e-6
6189 1.1578835068959307e-6
6190 1.157559866532147e-6
6191 1.1579107436052735e-6
6192 1.1582472004531007e-6
6193 1.1578258272170979e-6
6194 1.1577649461675726e-6
6195 1.1577649461675726e-6
6196 1.1577649461675726e-6
6197 1.1577649461675726e-6
6198 1.1577649461675726e-6
6199 1.1577649461675726e-6
6200 1.1577649461675726e-6
6201 1.1577649461675726e-6
6202 1.1577649461675726e-6
6203 1.1590226558000137e-6
6204 1.158434657270171e-6
6205 1.158434657270171e-6
6206 1.158434657270171e-6
6207 1.158434657270171e-6
6208 1.158434657270171e-6
6209 1.1593286721230782e-6
6210 1.1593286721230782e-6
6211 1.1593286721230782e-6
6212 1.1604085388294365e-6
6213 1.1618777357281428e-6
6214 1.1622270096711956e-6
6215 1.1631883156491955e-6
6216 1.1638083584450565e-6
6217 1.16389807994518e-6
6218 1.16389807994518e-6
6219 1.1643354747030102e-6
6220 1.1643354747030102e-6
6221 1.1643354747030102e-6
6222 1.1643354747030102e-6
6223 1.1643354747030102e-6
6224 1.1643354747030102e-6
6225 1.1643354747030102e-6
6226 1.1658030690828247e-6
6227 1.1658126817514483e-6
6228 1.1658126817514483e-6
6229 1.1658126817514483e-6
6230 1.1658126817514483e-6
6231 1.1658126817514483e-6
6232 1.1661747727897264e-6
6233 1.1672338116399454e-6
6234 1.1688183642292262e-6
6235 1.1701017086633e-6
6236 1.1701017086633e-6
6237 1.1704589933672661e-6
6238 1.1704589933672661e-6
6239 1.1704589933672661e-6
6240 1.1704589933672661e-6
6241 1.1704589933672661e-6
6242 1.171165552625467e-6
6243 1.171165552625467e-6
6244 1.171165552625467e-6
6245 1.171165552625467e-6
6246 1.171165552625467e-6
6247 1.171165552625467e-6
6248 1.1714731702450598e-6
6249 1.171609355014137e-6
6250 1.171609355014137e-6
6251 1.1718993498153745e-6
6252 1.1720403409187635e-6
6253 1.1719041549273226e-6
6254 1.1719041549273226e-6
6255 1.1719041549273226e-6
6256 1.1720050928373253e-6
6257 1.1720050928373253e-6
6258 1.1720050928373253e-6
6259 1.1720050928373253e-6
6260 1.1722806674132636e-6
6261 1.1722806674132636e-6
6262 1.1722806674132636e-6
6263 1.1722806674132636e-6
6264 1.1722806674132636e-6
6265 1.172790159630498e-6
6266 1.172790159630498e-6
6267 1.172790159630498e-6
6268 1.173290039179109e-6
6269 1.173290039179109e-6
6270 1.1743683033665751e-6
6271 1.1764238962762324e-6
6272 1.1769189688793497e-6
6273 1.1771977478818897e-6
6274 1.177112832104896e-6
6275 1.1783529183077998e-6
6276 1.178346509454596e-6
6277 1.178349713270016e-6
6278 1.1780292779440159e-6
6279 1.1780965690691085e-6
6280 1.1780965690691085e-6
6281 1.1780965690691085e-6
6282 1.1785307587891548e-6
6283 1.1784875005579849e-6
6284 1.1787005891207784e-6
6285 1.179243727511741e-6
6286 1.1804293378512319e-6
6287 1.1808971743561883e-6
6288 1.1813489881169537e-6
6289 1.1819914606766637e-6
6290 1.1819914606766637e-6
6291 1.1824608984781483e-6
6292 1.1829960261081976e-6
6293 1.1834045810266112e-6
6294 1.1839332991922748e-6
6295 1.184790463444852e-6
6296 1.185428130281432e-6
6297 1.1853175797028057e-6
6298 1.1850644355018985e-6
6299 1.1850644355018985e-6
6300 1.185296750624303e-6
6301 1.1873923979497104e-6
6302 1.1890330270877505e-6
6303 1.1890330270877505e-6
6304 1.1890330270877505e-6
6305 1.1890330270877505e-6
6306 1.1890330270877505e-6
6307 1.1890330270877505e-6
6308 1.1890330270877505e-6
6309 1.190183389956985e-6
6310 1.190183389956985e-6
6311 1.190183389956985e-6
6312 1.190183389956985e-6
6313 1.190183389956985e-6
6314 1.190183389956985e-6
6315 1.190183389956985e-6
6316 1.190183389956985e-6
6317 1.190183389956985e-6
6318 1.190183389956985e-6
6319 1.190183389956985e-6
6320 1.190183389956985e-6
6321 1.1906368062366424e-6
6322 1.1906368062366424e-6
6323 1.1906368062366424e-6
6324 1.1906368062366424e-6
6325 1.1906368062366424e-6
6326 1.1906368062366424e-6
6327 1.1906368062366424e-6
6328 1.1906368062366424e-6
6329 1.1906368062366424e-6
6330 1.1906368062366424e-6
6331 1.1906368062366424e-6
6332 1.1906368062366424e-6
6333 1.1913417641983152e-6
6334 1.1914699388176608e-6
6335 1.1910149200191116e-6
6336 1.1910149200191116e-6
6337 1.1910149200191116e-6
6338 1.1910149200191116e-6
6339 1.1910149200191116e-6
6340 1.1910149200191116e-6
6341 1.1910149200191116e-6
6342 1.1910149200191116e-6
6343 1.1916605963942415e-6
6344 1.1919922475189389e-6
6345 1.1945909775971952e-6
6346 1.1971304285336363e-6
6347 1.1986220545850099e-6
6348 1.1991828170166918e-6
6349 1.1991828170166918e-6
6350 1.1991828170166918e-6
6351 1.1999278293941145e-6
6352 1.1999278293941145e-6
6353 1.1999278293941145e-6
6354 1.1999278293941145e-6
6355 1.1999278293941145e-6
6356 1.1999278293941145e-6
6357 1.1999278293941145e-6
6358 1.2009964821353209e-6
6359 1.2009820619100218e-6
6360 1.2006888645157281e-6
6361 1.2017767425941817e-6
6362 1.20153160976537e-6
6363 1.2028614156348517e-6
6364 1.2037778608627898e-6
6365 1.2038403456535708e-6
6366 1.2047295541721664e-6
6367 1.20481607185687e-6
6368 1.20481607185687e-6
6369 1.20481607185687e-6
6370 1.204335418256688e-6
6371 1.204335418256688e-6
6372 1.204335418256688e-6
6373 1.204335418256688e-6
6374 1.204335418256688e-6
6375 1.204335418256688e-6
6376 1.204335418256688e-6
6377 1.204335418256688e-6
6378 1.204335418256688e-6
6379 1.204335418256688e-6
6380 1.204335418256688e-6
6381 1.204335418256688e-6
6382 1.204335418256688e-6
6383 1.204335418256688e-6
6384 1.204335418256688e-6
6385 1.204335418256688e-6
6386 1.204335418256688e-6
6387 1.204335418256688e-6
6388 1.204335418256688e-6
6389 1.204335418256688e-6
6390 1.204335418256688e-6
6391 1.204335418256688e-6
6392 1.204335418256688e-6
6393 1.204335418256688e-6
6394 1.204335418256688e-6
6395 1.204335418256688e-6
6396 1.204335418256688e-6
6397 1.2057309151770983e-6
6398 1.2057309151770983e-6
6399 1.2057309151770983e-6
6400 1.2057309151770983e-6
6401 1.2057309151770983e-6
6402 1.2057309151770983e-6
6403 1.2057309151770983e-6
6404 1.2057309151770983e-6
6405 1.2060930062153764e-6
6406 1.2060930062153764e-6
6407 1.2060930062153764e-6
6408 1.2060930062153764e-6
6409 1.2060930062153764e-6
6410 1.2060930062153764e-6
6411 1.206205158090531e-6
6412 1.2061731150468765e-6
6413 1.2061731150468765e-6
6414 1.2063862048320338e-6
6415 1.2063862048320338e-6
6416 1.2063862048320338e-6
6417 1.206586476910784e-6
6418 1.206586476910784e-6
6419 1.206709843973454e-6
6420 1.206709843973454e-6
6421 1.206709843973454e-6
6422 1.206709843973454e-6
6423 1.2069790096961885e-6
6424 1.2069742033618766e-6
6425 1.2069966337369075e-6
6426 1.207567008226031e-6
6427 1.207567008226031e-6
6428 1.207567008226031e-6
6429 1.207567008226031e-6
6430 1.207567008226031e-6
6431 1.2079435194896082e-6
6432 1.207946723305028e-6
6433 1.207946723305028e-6
6434 1.207946723305028e-6
6435 1.207946723305028e-6
6436 1.207946723305028e-6
6437 1.207946723305028e-6
6438 1.207946723305028e-6
6439 1.207946723305028e-6
6440 1.2085875939570282e-6
6441 1.2079963916117656e-6
6442 1.2081854472806364e-6
6443 1.2082639548156083e-6
6444 1.2095424910818245e-6
6445 1.2090682469460282e-6
6446 1.2090874728944573e-6
6447 1.2089993533020438e-6
6448 1.2089592988862937e-6
6449 1.2090826671713274e-6
6450 1.209034601383482e-6
6451 1.2089576969785838e-6
6452 1.2089272558426392e-6
6453 1.2091195165492937e-6
6454 1.2091243234947873e-6
6455 1.2090650425194265e-6
6456 1.2089801273536147e-6
6457 1.2090169773427627e-6
6458 1.2090201817693645e-6
6459 1.2090554292396207e-6
6460 1.2088888027234172e-6
6461 1.2088311248781299e-6
6462 1.209648234714957e-6
6463 1.2104381078424415e-6
6464 1.2119585737332317e-6
6465 1.2119585737332317e-6
6466 1.2119585737332317e-6
6467 1.2119585737332317e-6
6468 1.2119585737332317e-6
6469 1.2119585737332317e-6
6470 1.2122950305810589e-6
6471 1.2122950305810589e-6
6472 1.2122950305810589e-6
6473 1.2122950305810589e-6
6474 1.2122950305810589e-6
6475 1.2122950305810589e-6
6476 1.2122950305810589e-6
6477 1.2122950305810589e-6
6478 1.2122950305810589e-6
6479 1.2122950305810589e-6
6480 1.2122950305810589e-6
6481 1.2122950305810589e-6
6482 1.2136809136104817e-6
6483 1.2136809136104817e-6
6484 1.2136809136104817e-6
6485 1.2136809136104817e-6
6486 1.2136809136104817e-6
6487 1.2136809136104817e-6
6488 1.2136809136104817e-6
6489 1.2136809136104817e-6
6490 1.2136809136104817e-6
6491 1.2136809136104817e-6
6492 1.2136809136104817e-6
6493 1.2143041614441264e-6
6494 1.2143041614441264e-6
6495 1.2155554603898182e-6
6496 1.2156676128761545e-6
6497 1.2167763188107471e-6
6498 1.2168099643732934e-6
6499 1.2168468149736234e-6
6500 1.2177856899654105e-6
6501 1.2188687623207344e-6
6502 1.2205254129806016e-6
6503 1.2209836355945708e-6
6504 1.221459482249259e-6
6505 1.221459482249259e-6
6506 1.221260812078219e-6
6507 1.221260812078219e-6
6508 1.221260812078219e-6
6509 1.221260812078219e-6
6510 1.2216164954856572e-6
6511 1.2216164954856572e-6
6512 1.2223406787845773e-6
6513 1.2223775293849073e-6
6514 1.2220683092464227e-6
6515 1.2220683092464227e-6
6516 1.2220683092464227e-6
6517 1.2220683092464227e-6
6518 1.2220683092464227e-6
6519 1.2220683092464227e-6
6520 1.2225329407135954e-6
6521 1.2225329407135954e-6
6522 1.2225329407135954e-6
6523 1.2225329407135954e-6
6524 1.2225329407135954e-6
6525 1.2225329407135954e-6
6526 1.2232939746128454e-6
6527 1.2238915858113118e-6
6528 1.2253832130850492e-6
6529 1.226993400475963e-6
6530 1.226993400475963e-6
6531 1.226993400475963e-6
6532 1.226993400475963e-6
6533 1.226993400475963e-6
6534 1.226993400475963e-6
6535 1.226993400475963e-6
6536 1.226993400475963e-6
6537 1.226993400475963e-6
6538 1.226993400475963e-6
6539 1.226993400475963e-6
6540 1.226993400475963e-6
6541 1.226993400475963e-6
6542 1.226993400475963e-6
6543 1.226993400475963e-6
6544 1.2276086357151482e-6
6545 1.2283760790787837e-6
6546 1.2297042836517375e-6
6547 1.2303291327819102e-6
6548 1.2303291327819102e-6
6549 1.2303291327819102e-6
6550 1.2303291327819102e-6
6551 1.2301833347330274e-6
6552 1.2301753239721137e-6
6553 1.2299013519150673e-6
6554 1.2299013519150673e-6
6555 1.2299013519150673e-6
6556 1.2299013519150673e-6
6557 1.2299013519150673e-6
6558 1.2296658311436971e-6
6559 1.2296658311436971e-6
6560 1.2296658311436971e-6
6561 1.2296658311436971e-6
6562 1.2292492660755517e-6
6563 1.2290409826247063e-6
6564 1.229308545828549e-6
6565 1.229308545828549e-6
6566 1.229308545828549e-6
6567 1.229308545828549e-6
6568 1.229308545828549e-6
6569 1.229308545828549e-6
6570 1.229308545828549e-6
6571 1.229308545828549e-6
6572 1.229308545828549e-6
6573 1.229308545828549e-6
6574 1.229308545828549e-6
6575 1.229308545828549e-6
6576 1.229308545828549e-6
6577 1.229308545828549e-6
6578 1.229308545828549e-6
6579 1.229308545828549e-6
6580 1.229308545828549e-6
6581 1.229308545828549e-6
6582 1.229308545828549e-6
6583 1.229308545828549e-6
6584 1.2289192168585645e-6
6585 1.2287750213285735e-6
6586 1.228723751725308e-6
6587 1.2287541928612526e-6
6588 1.2292428559999844e-6
6589 1.2289160118207808e-6
6590 1.2289160118207808e-6
6591 1.2289160118207808e-6
6592 1.2289160118207808e-6
6593 1.2289160118207808e-6
6594 1.2289160118207808e-6
6595 1.2289160118207808e-6
6596 1.2290009269865926e-6
6597 1.2291130800841108e-6
6598 1.2304877479260182e-6
6599 1.23073127884712e-6
6600 1.2308113870674383e-6
6601 1.2337738125364103e-6
6602 1.2352894714817067e-6
6603 1.2352894714817067e-6
6604 1.2352894714817067e-6
6605 1.2352894714817067e-6
6606 1.2352894714817067e-6
6607 1.2358117801829848e-6
6608 1.2358117801829848e-6
6609 1.2358117801829848e-6
6610 1.236066526902784e-6
6611 1.2361145914682659e-6
6612 1.2364174027535467e-6
6613 1.2364174027535467e-6
6614 1.2364174027535467e-6
6615 1.2364174027535467e-6
6616 1.2367266216696675e-6
6617 1.2366417065038557e-6
6618 1.2366417065038557e-6
6619 1.2366417065038557e-6
6620 1.2366417065038557e-6
6621 1.236877226664044e-6
6622 1.236877226664044e-6
6623 1.2370502620334512e-6
6624 1.2369861759461423e-6
6625 1.2369861759461423e-6
6626 1.2369861759461423e-6
6627 1.2369861759461423e-6
6628 1.2369861759461423e-6
6629 1.2369861759461423e-6
6630 1.2369861759461423e-6
6631 1.2369861759461423e-6
6632 1.2369861759461423e-6
6633 1.237995546489624e-6
6634 1.237995546489624e-6
6635 1.237995546489624e-6
6636 1.237995546489624e-6
6637 1.237995546489624e-6
6638 1.2384345425439822e-6
6639 1.2387485690167784e-6
6640 1.2385883513537784e-6
6641 1.2391122637963122e-6
6642 1.2408522277142814e-6
6643 1.242584180260155e-6
6644 1.242584180260155e-6
6645 1.242584180260155e-6
6646 1.242584180260155e-6
6647 1.242584180260155e-6
6648 1.242584180260155e-6
6649 1.242584180260155e-6
6650 1.242584180260155e-6
6651 1.242584180260155e-6
6652 1.242584180260155e-6
6653 1.242584180260155e-6
6654 1.242584180260155e-6
6655 1.242584180260155e-6
6656 1.242584180260155e-6
6657 1.242584180260155e-6
6658 1.242584180260155e-6
6659 1.242584180260155e-6
6660 1.242584180260155e-6
6661 1.242584180260155e-6
6662 1.242584180260155e-6
6663 1.242584180260155e-6
6664 1.242584180260155e-6
6665 1.242584180260155e-6
6666 1.242584180260155e-6
6667 1.242584180260155e-6
6668 1.242584180260155e-6
6669 1.242584180260155e-6
6670 1.242584180260155e-6
6671 1.242584180260155e-6
6672 1.242584180260155e-6
6673 1.242584180260155e-6
6674 1.242584180260155e-6
6675 1.242584180260155e-6
6676 1.242584180260155e-6
6677 1.242584180260155e-6
6678 1.242584180260155e-6
6679 1.242899809251843e-6
6680 1.2428966042140594e-6
6681 1.2456090905199077e-6
6682 1.2463188542047103e-6
6683 1.2463188542047103e-6
6684 1.2463188542047103e-6
6685 1.2463188542047103e-6
6686 1.2463188542047103e-6
6687 1.2463188542047103e-6
6688 1.2463188542047103e-6
6689 1.2463188542047103e-6
6690 1.2463188542047103e-6
6691 1.2463188542047103e-6
6692 1.2463188542047103e-6
6693 1.2463188542047103e-6
6694 1.2463188542047103e-6
6695 1.2463188542047103e-6
6696 1.2463188542047103e-6
6697 1.2463188542047103e-6
6698 1.2463188542047103e-6
6699 1.246487083239806e-6
6700 1.2468940362505096e-6
6701 1.247669489152695e-6
6702 1.2486756571031204e-6
6703 1.249547240358633e-6
6704 1.250349930581343e-6
6705 1.250349930581343e-6
6706 1.250349930581343e-6
6707 1.250349930581343e-6
6708 1.250349930581343e-6
6709 1.2507552810731549e-6
6710 1.2507552810731549e-6
6711 1.2517005643069638e-6
6712 1.2545011695940438e-6
6713 1.2545011695940438e-6
6714 1.2545011695940438e-6
6715 1.2545011695940438e-6
6716 1.2545011695940438e-6
6717 1.2545011695940438e-6
6718 1.2545011695940438e-6
6719 1.2545011695940438e-6
6720 1.2545011695940438e-6
6721 1.2545011695940438e-6
6722 1.2545011695940438e-6
6723 1.2545011695940438e-6
6724 1.2549690060990002e-6
6725 1.2548872947486083e-6
6726 1.2548872947486083e-6
6727 1.2544611157894755e-6
6728 1.2542592418030155e-6
6729 1.2542592418030155e-6
6730 1.2542592418030155e-6
6731 1.2542592418030155e-6
6732 1.2542592418030155e-6
6733 1.2542592418030155e-6
6734 1.2542592418030155e-6
6735 1.2544643202160772e-6
6736 1.2544995682975154e-6
6737 1.254429072134639e-6
6738 1.2544210607625435e-6
6739 1.2543409531534072e-6
6740 1.254425868319219e-6
6741 1.2543762000124817e-6
6742 1.2553230869875464e-6
6743 1.257034211066099e-6
6744 1.2570934920414598e-6
6745 1.2578833651689443e-6
6746 1.2578833651689443e-6
6747 1.2578833651689443e-6
6748 1.2578833651689443e-6
6749 1.2578833651689443e-6
6750 1.2578833651689443e-6
6751 1.2587982091003544e-6
6752 1.2587982091003544e-6
6753 1.2587982091003544e-6
6754 1.2587982091003544e-6
6755 1.2588991457879936e-6
6756 1.2588991457879936e-6
6757 1.2588991457879936e-6
6758 1.2588991457879936e-6
6759 1.2588991457879936e-6
6760 1.2588991457879936e-6
6761 1.2588991457879936e-6
6762 1.2588991457879936e-6
6763 1.2588991457879936e-6
6764 1.2593958202988208e-6
6765 1.2599389586897835e-6
6766 1.2597979675863945e-6
6767 1.259751503706259e-6
6768 1.2610989348388235e-6
6769 1.2623822786617153e-6
6770 1.2623822786617153e-6
6771 1.2623822786617153e-6
6772 1.2623822786617153e-6
6773 1.2623822786617153e-6
6774 1.2623822786617153e-6
6775 1.2623822786617153e-6
6776 1.2623822786617153e-6
6777 1.2615555561562645e-6
6778 1.2615555561562645e-6
6779 1.262302171052579e-6
6780 1.262747575348959e-6
6781 1.262747575348959e-6
6782 1.262747575348959e-6
6783 1.262747575348959e-6
6784 1.262747575348959e-6
6785 1.262747575348959e-6
6786 1.2635999344895883e-6
6787 1.2635999344895883e-6
6788 1.2635999344895883e-6
6789 1.2635999344895883e-6
6790 1.2635999344895883e-6
6791 1.2635999344895883e-6
6792 1.2635999344895883e-6
6793 1.2635999344895883e-6
6794 1.2635999344895883e-6
6795 1.2635999344895883e-6
6796 1.2635999344895883e-6
6797 1.2635999344895883e-6
6798 1.2635999344895883e-6
6799 1.2635999344895883e-6
6800 1.2635999344895883e-6
6801 1.2635999344895883e-6
6802 1.2635999344895883e-6
6803 1.2635999344895883e-6
6804 1.2635999344895883e-6
6805 1.2639748444566375e-6
6806 1.2639748444566375e-6
6807 1.2639748444566375e-6
6808 1.2639748444566375e-6
6809 1.2639748444566375e-6
6810 1.2639748444566375e-6
6811 1.2639748444566375e-6
6812 1.2639748444566375e-6
6813 1.2639748444566375e-6
6814 1.2639748444566375e-6
6815 1.2639748444566375e-6
6816 1.2639748444566375e-6
6817 1.2650194630815574e-6
6818 1.2661073417711929e-6
6819 1.2668379345344984e-6
6820 1.2674307393986528e-6
6821 1.2677127228277946e-6
6822 1.2687733641969057e-6
6823 1.2682366340479646e-6
6824 1.2682366340479646e-6
6825 1.2675541064613228e-6
6826 1.2679690696217583e-6
6827 1.267872939268431e-6
6828 1.2678905633091502e-6
6829 1.267893768346934e-6
6830 1.267893768346934e-6
6831 1.267893768346934e-6
6832 1.2669773231189958e-6
6833 1.2669773231189958e-6
6834 1.2668603642983476e-6
6835 1.2668603642983476e-6
6836 1.2668603642983476e-6
6837 1.2668603642983476e-6
6838 1.2668603642983476e-6
6839 1.2668603642983476e-6
6840 1.2668603642983476e-6
6841 1.2668603642983476e-6
6842 1.2668603642983476e-6
6843 1.2668603642983476e-6
6844 1.2668603642983476e-6
6845 1.267111905980363e-6
6846 1.267111905980363e-6
6847 1.267111905980363e-6
6848 1.267111905980363e-6
6849 1.2675861501161592e-6
6850 1.2675861501161592e-6
6851 1.2680075221297982e-6
6852 1.2680075221297982e-6
6853 1.2680075221297982e-6
6854 1.2680075221297982e-6
6855 1.2680075221297982e-6
6856 1.2680075221297982e-6
6857 1.2680075221297982e-6
6858 1.2680075221297982e-6
6859 1.2680075221297982e-6
6860 1.2680075221297982e-6
6861 1.2680075221297982e-6
6862 1.2680075221297982e-6
6863 1.2680075221297982e-6
6864 1.2680075221297982e-6
6865 1.2680075221297982e-6
6866 1.2680075221297982e-6
6867 1.2680075221297982e-6
6868 1.2680075221297982e-6
6869 1.2680075221297982e-6
6870 1.2680075221297982e-6
6871 1.2706575212001381e-6
6872 1.2714121462461844e-6
6873 1.2715867841344836e-6
6874 1.272137932675178e-6
6875 1.2725512939279036e-6
6876 1.2725512939279036e-6
6877 1.273164926648197e-6
6878 1.2727755976782125e-6
6879 1.273081614001277e-6
6880 1.273124872232447e-6
6881 1.2734949758651843e-6
6882 1.2734549214494342e-6
6883 1.2738154111911841e-6
6884 1.2741614807076349e-6
6885 1.276742587356354e-6
6886 1.276742587356354e-6
6887 1.276742587356354e-6
6888 1.276742587356354e-6
6889 1.276742587356354e-6
6890 1.276742587356354e-6
6891 1.276742587356354e-6
6892 1.276742587356354e-6
6893 1.276742587356354e-6
6894 1.2772408656084368e-6
6895 1.277223240345354e-6
6896 1.2773161668832614e-6
6897 1.2773161668832614e-6
6898 1.2773161668832614e-6
6899 1.2773161668832614e-6
6900 1.2773161668832614e-6
6901 1.2773161668832614e-6
6902 1.2773161668832614e-6
6903 1.2773161668832614e-6
6904 1.2773161668832614e-6
6905 1.2773161668832614e-6
6906 1.277968252722777e-6
6907 1.2782197944047923e-6
6908 1.2798796494912613e-6
6909 1.2811950369689895e-6
6910 1.2811950369689895e-6
6911 1.2811950369689895e-6
6912 1.2811950369689895e-6
6913 1.2811950369689895e-6
6914 1.2811950369689895e-6
6915 1.2811950369689895e-6
6916 1.2811950369689895e-6
6917 1.2811950369689895e-6
6918 1.2811950369689895e-6
6919 1.2811950369689895e-6
6920 1.281927231640005e-6
6921 1.281927231640005e-6
6922 1.281927231640005e-6
6923 1.281927231640005e-6
6924 1.281927231640005e-6
6925 1.2821467302783658e-6
6926 1.2821467302783658e-6
6927 1.2823101529791495e-6
6928 1.2840485143782268e-6
6929 1.2848960659621805e-6
6930 1.2854728493045078e-6
6931 1.2854728493045078e-6
6932 1.2854728493045078e-6
6933 1.2854728493045078e-6
6934 1.2854728493045078e-6
6935 1.2854728493045078e-6
6936 1.2854728493045078e-6
6937 1.2855417429484923e-6
6938 1.285609034073585e-6
6939 1.285609034073585e-6
6940 1.285609034073585e-6
6941 1.2860223959374921e-6
6942 1.2878296509805539e-6
6943 1.288488145673273e-6
6944 1.2887829461976401e-6
6945 1.288965594235671e-6
6946 1.288965594235671e-6
6947 1.2883199172493592e-6
6948 1.2883199172493592e-6
6949 1.288105225556492e-6
6950 1.288105225556492e-6
6951 1.288105225556492e-6
6952 1.288105225556492e-6
6953 1.288105225556492e-6
6954 1.288105225556492e-6
6955 1.288105225556492e-6
6956 1.288105225556492e-6
6957 1.288105225556492e-6
6958 1.288105225556492e-6
6959 1.2870333696110474e-6
6960 1.2870333696110474e-6
6961 1.2870333696110474e-6
6962 1.2870333696110474e-6
6963 1.2870333696110474e-6
6964 1.2870333696110474e-6
6965 1.2870333696110474e-6
6966 1.287256073287192e-6
6967 1.2874130859124083e-6
6968 1.2891738789088803e-6
6969 1.2898323729904174e-6
6970 1.29186393239497e-6
6971 1.29186393239497e-6
6972 1.2920802259955473e-6
6973 1.291759791891911e-6
6974 1.2915467008843901e-6
6975 1.2915755401126247e-6
6976 1.2916524451287048e-6
6977 1.2916524451287048e-6
6978 1.2916524451287048e-6
6979 1.2916524451287048e-6
6980 1.2916524451287048e-6
6981 1.2918831589545811e-6
6982 1.2917790172291583e-6
6983 1.292200390465161e-6
6984 1.2918815564356893e-6
6985 1.291884761473473e-6
6986 1.2935382077067384e-6
6987 1.2943841573829822e-6
6988 1.2948199490107386e-6
6989 1.295371097551433e-6
6990 1.295371097551433e-6
6991 1.295371097551433e-6
6992 1.295371097551433e-6
6993 1.295371097551433e-6
6994 1.295371097551433e-6
6995 1.295371097551433e-6
6996 1.2958982138093867e-6
6997 1.2958982138093867e-6
6998 1.296031194763044e-6
6999 1.296031194763044e-6
7000 1.2963452212358402e-6
7001 1.297072609572544e-6
7002 1.2982726395261522e-6
7003 1.299092954400763e-6
7004 1.2997754807650412e-6
7005 1.2997754807650412e-6
7006 1.2997754807650412e-6
7007 1.2997754807650412e-6
7008 1.2997754807650412e-6
7009 1.2997754807650412e-6
7010 1.2997754807650412e-6
7011 1.2997754807650412e-6
7012 1.2997754807650412e-6
7013 1.2997754807650412e-6
7014 1.2997754807650412e-6
7015 1.2997754807650412e-6
7016 1.2997754807650412e-6
7017 1.2997754807650412e-6
7018 1.2997754807650412e-6
7019 1.2997754807650412e-6
7020 1.2997754807650412e-6
7021 1.2997754807650412e-6
7022 1.3000350338191522e-6
7023 1.3000350338191522e-6
7024 1.300260940088353e-6
7025 1.300260940088353e-6
7026 1.300260940088353e-6
7027 1.300260940088353e-6
7028 1.300260940088353e-6
7029 1.300260940088353e-6
7030 1.300260940088353e-6
7031 1.300260940088353e-6
7032 1.300260940088353e-6
7033 1.300260940088353e-6
7034 1.300260940088353e-6
7035 1.300260940088353e-6
7036 1.300260940088353e-6
7037 1.300260940088353e-6
7038 1.300260940088353e-6
7039 1.300260940088353e-6
7040 1.300260940088353e-6
7041 1.300260940088353e-6
7042 1.300260940088353e-6
7043 1.3006887209551957e-6
7044 1.3006887209551957e-6
7045 1.3006887209551957e-6
7046 1.3006887209551957e-6
7047 1.3006887209551957e-6
7048 1.3006887209551957e-6
7049 1.3006887209551957e-6
7050 1.3007592158957084e-6
7051 1.3008937993682575e-6
7052 1.3007399905584612e-6
7053 1.301180590354075e-6
7054 1.3009867259061649e-6
7055 1.3015282623894177e-6
7056 1.3020794109301121e-6
7057 1.3035357895112293e-6
7058 1.304360910720152e-6
7059 1.304963329475294e-6
7060 1.3069372110345595e-6
7061 1.3070974286975595e-6
7062 1.3074643272925131e-6
7063 1.308750874930825e-6
7064 1.308750874930825e-6
7065 1.308750874930825e-6
7066 1.308750874930825e-6
7067 1.308750874930825e-6
7068 1.308750874930825e-6
7069 1.308750874930825e-6
7070 1.308750874930825e-6
7071 1.308750874930825e-6
7072 1.308750874930825e-6
7073 1.308750874930825e-6
7074 1.308750874930825e-6
7075 1.308750874930825e-6
7076 1.308750874930825e-6
7077 1.308750874930825e-6
7078 1.308750874930825e-6
7079 1.309974937778356e-6
7080 1.3101127262886887e-6
7081 1.3101127262886887e-6
7082 1.3105357020435833e-6
7083 1.3124839475788524e-6
7084 1.3137032040920714e-6
7085 1.3137032040920714e-6
7086 1.3137032040920714e-6
7087 1.3137032040920714e-6
7088 1.3137032040920714e-6
7089 1.3137032040920714e-6
7090 1.3137032040920714e-6
7091 1.3140140267494479e-6
7092 1.3141309849589141e-6
7093 1.3158837665832906e-6
7094 1.3166047460667905e-6
7095 1.317375393245846e-6
7096 1.317375393245846e-6
7097 1.317375393245846e-6
7098 1.317375393245846e-6
7099 1.317375393245846e-6
7100 1.317375393245846e-6
7101 1.317375393245846e-6
7102 1.317375393245846e-6
7103 1.317375393245846e-6
7104 1.3175035678651916e-6
7105 1.3174538995584544e-6
7106 1.3175420197620499e-6
7107 1.3177390880253799e-6
7108 1.3175484286152534e-6
7109 1.3175484286152534e-6
7110 1.3182485796314324e-6
7111 1.319799486658167e-6
7112 1.3209306235789724e-6
7113 1.3207031147908797e-6
7114 1.3207031147908797e-6
7115 1.3207031147908797e-6
7116 1.3207031147908797e-6
7117 1.3207031147908797e-6
7118 1.321235037383145e-6
7119 1.321457739836926e-6
7120 1.3221290522360524e-6
7121 1.321915962450895e-6
7122 1.323316265094435e-6
7123 1.3242663558849195e-6
7124 1.3242663558849195e-6
7125 1.3242663558849195e-6
7126 1.3242663558849195e-6
7127 1.3242663558849195e-6
7128 1.3242663558849195e-6
7129 1.3242663558849195e-6
7130 1.3242663558849195e-6
7131 1.3242663558849195e-6
7132 1.3242663558849195e-6
7133 1.3242663558849195e-6
7134 1.3242663558849195e-6
7135 1.3242663558849195e-6
7136 1.3242663558849195e-6
7137 1.3242663558849195e-6
7138 1.3242663558849195e-6
7139 1.3242663558849195e-6
7140 1.3242663558849195e-6
7141 1.3242663558849195e-6
7142 1.3242663558849195e-6
7143 1.3242663558849195e-6
7144 1.3242663558849195e-6
7145 1.3242663558849195e-6
7146 1.3242663558849195e-6
7147 1.3242663558849195e-6
7148 1.3242663558849195e-6
7149 1.3242663558849195e-6
7150 1.3242663558849195e-6
7151 1.3242663558849195e-6
7152 1.3242663558849195e-6
7153 1.3242663558849195e-6
7154 1.3242663558849195e-6
7155 1.3242663558849195e-6
7156 1.3242663558849195e-6
7157 1.3242663558849195e-6
7158 1.3242663558849195e-6
7159 1.3242663558849195e-6
7160 1.3242663558849195e-6
7161 1.3242663558849195e-6
7162 1.3242663558849195e-6
7163 1.3242663558849195e-6
7164 1.3242663558849195e-6
7165 1.3242663558849195e-6
7166 1.3242663558849195e-6
7167 1.3242663558849195e-6
7168 1.3242663558849195e-6
7169 1.3242663558849195e-6
7170 1.3242663558849195e-6
7171 1.3244970684884322e-6
7172 1.3245082848983114e-6
7173 1.3245082848983114e-6
7174 1.3245082848983114e-6
7175 1.3245082848983114e-6
7176 1.3245082848983114e-6
7177 1.3245082848983114e-6
7178 1.3247886645861976e-6
7179 1.3247245772765248e-6
7180 1.3251251214340248e-6
7181 1.324755019023651e-6
7182 1.3247998797737128e-6
7183 1.3247982784771848e-6
7184 1.3247982784771848e-6
7185 1.3247982784771848e-6
7186 1.3247982784771848e-6
7187 1.3247982784771848e-6
7188 1.3247982784771848e-6
7189 1.3250321961184812e-6
7190 1.3250321961184812e-6
7191 1.3250321961184812e-6
7192 1.3250321961184812e-6
7193 1.325335007403762e-6
7194 1.3251074986156694e-6
7195 1.3259294147868085e-6
7196 1.3264405089117531e-6
7197 1.3275155698949814e-6
7198 1.3279513621339195e-6
7199 1.3287925054758514e-6
7200 1.328882226364793e-6
7201 1.329699336812802e-6
7202 1.3299733100922122e-6
7203 1.3309794762090921e-6
7204 1.3321154194642095e-6
7205 1.332664966097194e-6
7206 1.3334308069419377e-6
7207 1.3334308069419377e-6
7208 1.3334308069419377e-6
7209 1.3334308069419377e-6
7210 1.3334308069419377e-6
7211 1.3334308069419377e-6
7212 1.3334308069419377e-6
7213 1.3334308069419377e-6
7214 1.3334308069419377e-6
7215 1.3334308069419377e-6
7216 1.3334308069419377e-6
7217 1.3334308069419377e-6
7218 1.3334308069419377e-6
7219 1.3334308069419377e-6
7220 1.3334308069419377e-6
7221 1.3334308069419377e-6
7222 1.3334308069419377e-6
7223 1.3334308069419377e-6
7224 1.3334308069419377e-6
7225 1.3334308069419377e-6
7226 1.3334308069419377e-6
7227 1.3334308069419377e-6
7228 1.3351307164441567e-6
7229 1.3351307164441567e-6
7230 1.3351307164441567e-6
7231 1.3351307164441567e-6
7232 1.3351307164441567e-6
7233 1.3351307164441567e-6
7234 1.3356802630771413e-6
7235 1.3355665086830948e-6
7236 1.3356802630771413e-6
7237 1.3363115204493358e-6
7238 1.3371061999111322e-6
7239 1.3379361274543667e-6
7240 1.3385545683425176e-6
7241 1.3385545683425176e-6
7242 1.3385545683425176e-6
7243 1.3385545683425176e-6
7244 1.3380915393942367e-6
7245 1.3380915393942367e-6
7246 1.3380915393942367e-6
7247 1.3380915393942367e-6
7248 1.3380915393942367e-6
7249 1.3380915393942367e-6
7250 1.3380915393942367e-6
7251 1.3380915393942367e-6
7252 1.3380915393942367e-6
7253 1.3380915393942367e-6
7254 1.3380915393942367e-6
7255 1.3380915393942367e-6
7256 1.3380915393942367e-6
7257 1.3380915393942367e-6
7258 1.3380915393942367e-6
7259 1.3398186856057986e-6
7260 1.3396408439020794e-6
7261 1.3396408439020794e-6
7262 1.3398170830869065e-6
7263 1.3398170830869065e-6
7264 1.3398170830869065e-6
7265 1.3398170830869065e-6
7266 1.3398170830869065e-6
7267 1.3398170830869065e-6
7268 1.3398170830869065e-6
7269 1.3398170830869065e-6
7270 1.3398170830869065e-6
7271 1.3398170830869065e-6
7272 1.3398170830869065e-6
7273 1.3398170830869065e-6
7274 1.3398170830869065e-6
7275 1.3398170830869065e-6
7276 1.340547676461394e-6
7277 1.340547676461394e-6
7278 1.340547676461394e-6
7279 1.340547676461394e-6
7280 1.340547676461394e-6
7281 1.340547676461394e-6
7282 1.340547676461394e-6
7283 1.3413311407356749e-6
7284 1.3415250039612212e-6
7285 1.342068142352184e-6
7286 1.3440452283380512e-6
7287 1.3440179916287084e-6
7288 1.3444505788298628e-6
7289 1.3447838312510882e-6
7290 1.3449344362454647e-6
7291 1.3449344362454647e-6
7292 1.3449344362454647e-6
7293 1.3449344362454647e-6
7294 1.3449344362454647e-6
7295 1.3449344362454647e-6
7296 1.3449344362454647e-6
7297 1.3449344362454647e-6
7298 1.3449344362454647e-6
7299 1.3449344362454647e-6
7300 1.3449344362454647e-6
7301 1.3449344362454647e-6
7302 1.3449344362454647e-6
7303 1.3461697155028748e-6
7304 1.3461697155028748e-6
7305 1.3461697155028748e-6
7306 1.3461697155028748e-6
7307 1.3461697155028748e-6
7308 1.3461697155028748e-6
7309 1.3461697155028748e-6
7310 1.3461697155028748e-6
7311 1.3461697155028748e-6
7312 1.3466647874948102e-6
7313 1.3466391533043593e-6
7314 1.3473825631628903e-6
7315 1.3469964380083257e-6
7316 1.3469964380083257e-6
7317 1.3469964380083257e-6
7318 1.3469964380083257e-6
7319 1.3469964380083257e-6
7320 1.3469964380083257e-6
7321 1.3469964380083257e-6
7322 1.3469964380083257e-6
7323 1.3480490680053411e-6
7324 1.3487283905541992e-6
7325 1.3502776956732238e-6
7326 1.3515081673739582e-6
7327 1.3515081673739582e-6
7328 1.3515081673739582e-6
7329 1.3526825631371155e-6
7330 1.3524983125801928e-6
7331 1.3524983125801928e-6
7332 1.352740240371221e-6
7333 1.3528620061373627e-6
7334 1.3532401205310137e-6
7335 1.354319987237372e-6
7336 1.354175791707381e-6
7337 1.3543103745687484e-6
7338 1.354436946669202e-6
7339 1.3548855560033657e-6
7340 1.3560150904052793e-6
7341 1.3562345890436404e-6
7342 1.3568770622145324e-6
7343 1.3586650906979833e-6
7344 1.3591377329260697e-6
7345 1.3591377329260697e-6
7346 1.3591377329260697e-6
7347 1.3591377329260697e-6
7348 1.3591377329260697e-6
7349 1.3591377329260697e-6
7350 1.3591377329260697e-6
7351 1.3591377329260697e-6
7352 1.3591377329260697e-6
7353 1.3591377329260697e-6
7354 1.3591377329260697e-6
7355 1.3591377329260697e-6
7356 1.3591377329260697e-6
7357 1.3591377329260697e-6
7358 1.3591377329260697e-6
7359 1.3591377329260697e-6
7360 1.3591377329260697e-6
7361 1.3591377329260697e-6
7362 1.359791421284477e-6
7363 1.3597465605344153e-6
7364 1.3598314757002271e-6
7365 1.3598314757002271e-6
7366 1.3599644566538844e-6
7367 1.3599644566538844e-6
7368 1.3599644566538844e-6
7369 1.3599644566538844e-6
7370 1.3603954425585108e-6
7371 1.3604162704146498e-6
7372 1.3604611311647116e-6
7373 1.3619575641615788e-6
7374 1.3626240696152115e-6
7375 1.3630854966557825e-6
7376 1.3634812344789707e-6
7377 1.3634812344789707e-6
7378 1.3644441417534989e-6
7379 1.3646139733074863e-6
7380 1.3646139733074863e-6
7381 1.3646139733074863e-6
7382 1.3646139733074863e-6
7383 1.3646139733074863e-6
7384 1.3651859503155017e-6
7385 1.365381414837576e-6
7386 1.365381414837576e-6
7387 1.365879691867295e-6
7388 1.3664740986391596e-6
7389 1.3659549931421197e-6
7390 1.366007865264277e-6
7391 1.366028693120416e-6
7392 1.366028693120416e-6
7393 1.3667624903103233e-6
7394 1.3668121586170606e-6
7395 1.3663475271498879e-6
7396 1.3688805680107615e-6
7397 1.3703609800969833e-6
7398 1.3703609800969833e-6
7399 1.3703609800969833e-6
7400 1.3707471040291841e-6
7401 1.370748706548076e-6
7402 1.3708384280481995e-6
7403 1.3708384280481995e-6
7404 1.3708384280481995e-6
7405 1.3708384280481995e-6
7406 1.3716571404039186e-6
7407 1.371871831485604e-6
7408 1.3715113429662177e-6
7409 1.3715113429662177e-6
7410 1.3715113429662177e-6
7411 1.3730894873134768e-6
7412 1.3730478309900169e-6
7413 1.3749223777693532e-6
7414 1.3755760655165786e-6
7415 1.3755760655165786e-6
7416 1.3755760655165786e-6
7417 1.3755760655165786e-6
7418 1.3755760655165786e-6
7419 1.3755760655165786e-6
7420 1.3755760655165786e-6
7421 1.3755760655165786e-6
7422 1.3759750071551867e-6
7423 1.3759189312176095e-6
7424 1.3760406969837513e-6
7425 1.3762617969186404e-6
7426 1.3766094701763469e-6
7427 1.378578542956573e-6
7428 1.380699825694795e-6
7429 1.3815409678143632e-6
7430 1.3816370987788723e-6
7431 1.3811099812985549e-6
7432 1.382968507167246e-6
7433 1.3838224676044032e-6
7434 1.384892721030956e-6
7435 1.3841893649769932e-6
7436 1.3841893649769932e-6
7437 1.3834844070153203e-6
7438 1.3834844070153203e-6
7439 1.3834331380232368e-6
7440 1.3833594380449404e-6
7441 1.3833594380449404e-6
7442 1.3833594380449404e-6
7443 1.3833594380449404e-6
7444 1.3833594380449404e-6
7445 1.3833594380449404e-6
7446 1.3833594380449404e-6
7447 1.3833594380449404e-6
7448 1.3833594380449404e-6
7449 1.3833594380449404e-6
7450 1.3833594380449404e-6
7451 1.3833594380449404e-6
7452 1.3833594380449404e-6
7453 1.3833594380449404e-6
7454 1.3833594380449404e-6
7455 1.3833594380449404e-6
7456 1.3833594380449404e-6
7457 1.3833594380449404e-6
7458 1.3833594380449404e-6
7459 1.3833594380449404e-6
7460 1.3833594380449404e-6
7461 1.3833594380449404e-6
7462 1.3836830784087241e-6
7463 1.3836830784087241e-6
7464 1.3836830784087241e-6
7465 1.3836830784087241e-6
7466 1.3836830784087241e-6
7467 1.3836830784087241e-6
7468 1.3836830784087241e-6
7469 1.3836830784087241e-6
7470 1.3836830784087241e-6
7471 1.3836830784087241e-6
7472 1.3836830784087241e-6
7473 1.3836830784087241e-6
7474 1.3836830784087241e-6
7475 1.3836830784087241e-6
7476 1.3836830784087241e-6
7477 1.3836830784087241e-6
7478 1.3836830784087241e-6
7479 1.3836830784087241e-6
7480 1.3836830784087241e-6
7481 1.3841092579790386e-6
7482 1.384106052941255e-6
7483 1.384106052941255e-6
7484 1.384106052941255e-6
7485 1.384106052941255e-6
7486 1.384106052941255e-6
7487 1.3843880363703968e-6
7488 1.3843880363703968e-6
7489 1.3843880363703968e-6
7490 1.3843880363703968e-6
7491 1.3843880363703968e-6
7492 1.3843880363703968e-6
7493 1.3843880363703968e-6
7494 1.3851362525632395e-6
7495 1.3853926018019306e-6
7496 1.3873632789345942e-6
7497 1.3872783637687824e-6
7498 1.387023617048983e-6
7499 1.3873712890843257e-6
7500 1.387924040755094e-6
7501 1.3887908182874767e-6
7502 1.3887908182874767e-6
7503 1.3883614349017422e-6
7504 1.3883614349017422e-6
7505 1.3883614349017422e-6
7506 1.3874706250866186e-6
7507 1.3873648814534858e-6
7508 1.3872543308748594e-6
7509 1.387223889127733e-6
7510 1.3875571421601403e-6
7511 1.3875571421601403e-6
7512 1.3875571421601403e-6
7513 1.3875571421601403e-6
7514 1.3875571421601403e-6
7515 1.3875571421601403e-6
7516 1.3875571421601403e-6
7517 1.3875571421601403e-6
7518 1.3875571421601403e-6
7519 1.3875571421601403e-6
7520 1.3875571421601403e-6
7521 1.3875571421601403e-6
7522 1.3875571421601403e-6
7523 1.3875571421601403e-6
7524 1.3871838353231648e-6
7525 1.3871838353231648e-6
7526 1.3871838353231648e-6
7527 1.3871838353231648e-6
7528 1.3871838353231648e-6
7529 1.3871838353231648e-6
7530 1.3871838353231648e-6
7531 1.3871838353231648e-6
7532 1.3871838353231648e-6
7533 1.3871838353231648e-6
7534 1.3871838353231648e-6
7535 1.3871838353231648e-6
7536 1.3871838353231648e-6
7537 1.3871838353231648e-6
7538 1.3871838353231648e-6
7539 1.3876324440461466e-6
7540 1.3875571415489584e-6
7541 1.3874257643365566e-6
7542 1.3874882491273375e-6
7543 1.3875218946898838e-6
7544 1.3874145491490412e-6
7545 1.3873841074019147e-6
7546 1.3873841074019147e-6
7547 1.3873841074019147e-6
7548 1.3884751892957884e-6
7549 1.3900965918742175e-6
7550 1.3906701720123066e-6
7551 1.391386344550313e-6
7552 1.391386344550313e-6
7553 1.391386344550313e-6
7554 1.391386344550313e-6
7555 1.391386344550313e-6
7556 1.3918205342703593e-6
7557 1.3918205342703593e-6
7558 1.3918205342703593e-6
7559 1.3918205342703593e-6
7560 1.3918205342703593e-6
7561 1.3918205342703593e-6
7562 1.3918205342703593e-6
7563 1.3918205342703593e-6
7564 1.3918205342703593e-6
7565 1.3923732847187639e-6
7566 1.3923732847187639e-6
7567 1.3925927833571247e-6
7568 1.3925927833571247e-6
7569 1.3925927833571247e-6
7570 1.3925927833571247e-6
7571 1.3925927833571247e-6
7572 1.3932753109437665e-6
7573 1.3932144286718774e-6
7574 1.3932128261529856e-6
7575 1.3940251296555011e-6
7576 1.3940251296555011e-6
7577 1.3940251296555011e-6
7578 1.3940251296555011e-6
7579 1.3940251296555011e-6
7580 1.3940251296555011e-6
7581 1.3940251296555011e-6
7582 1.3940251296555011e-6
7583 1.3940251296555011e-6
7584 1.3940251296555011e-6
7585 1.3940251296555011e-6
7586 1.3940251296555011e-6
7587 1.3940251296555011e-6
7588 1.3940251296555011e-6
7589 1.3940251296555011e-6
7590 1.3940251296555011e-6
7591 1.3940251296555011e-6
7592 1.3940251296555011e-6
7593 1.3940251296555011e-6
7594 1.3940251296555011e-6
7595 1.3944272775542567e-6
7596 1.394710861057563e-6
7597 1.3950216843261213e-6
7598 1.3948101976710377e-6
7599 1.3947733470707077e-6
7600 1.3945153965354886e-6
7601 1.3946227420763313e-6
7602 1.3944769446386304e-6
7603 1.3944769446386304e-6
7604 1.3950184798995193e-6
7605 1.395085771024612e-6
7606 1.3954767025134883e-6
7607 1.3956176942280592e-6
7608 1.3975995859370565e-6
7609 1.3979424522492693e-6
7610 1.4002688121781894e-6
7611 1.4010747068275012e-6
7612 1.4012397314359948e-6
7613 1.4012189035798558e-6
7614 1.4011436010826676e-6
7615 1.4008920594006522e-6
7616 1.4015441452401675e-6
7617 1.4012765820363248e-6
7618 1.4012765820363248e-6
7619 1.402114520951655e-6
7620 1.4019382817668277e-6
7621 1.4019382817668277e-6
7622 1.4019382817668277e-6
7623 1.4019382817668277e-6
7624 1.4019382817668277e-6
7625 1.4020264019704232e-6
7626 1.4020264019704232e-6
7627 1.4020264019704232e-6
7628 1.4025887650874514e-6
7629 1.4025887650874514e-6
7630 1.4025887650874514e-6
7631 1.4025887650874514e-6
7632 1.4025887650874514e-6
7633 1.4025887650874514e-6
7634 1.4025887650874514e-6
7635 1.4025887650874514e-6
7636 1.4027537890847631e-6
7637 1.4027537890847631e-6
7638 1.4027537890847631e-6
7639 1.4035148229840132e-6
7640 1.4035148229840132e-6
7641 1.4035148229840132e-6
7642 1.4035148229840132e-6
7643 1.4035148229840132e-6
7644 1.4035148229840132e-6
7645 1.4035148229840132e-6
7646 1.4035148229840132e-6
7647 1.4040547557260103e-6
7648 1.403998679788433e-6
7649 1.403998679788433e-6
7650 1.403998679788433e-6
7651 1.4050112553696985e-6
7652 1.4050112553696985e-6
7653 1.4052003122609331e-6
7654 1.4052003122609331e-6
7655 1.4052003122609331e-6
7656 1.4052003122609331e-6
7657 1.4052003122609331e-6
7658 1.4052003122609331e-6
7659 1.4052003122609331e-6
7660 1.4052003122609331e-6
7661 1.4052003122609331e-6
7662 1.4052003122609331e-6
7663 1.4054903070621705e-6
7664 1.4054903070621705e-6
7665 1.4054903070621705e-6
7666 1.4054903070621705e-6
7667 1.4054903070621705e-6
7668 1.4054903070621705e-6
7669 1.4054903070621705e-6
7670 1.4054903070621705e-6
7671 1.4054903070621705e-6
7672 1.4054903070621705e-6
7673 1.4054903070621705e-6
7674 1.4054903070621705e-6
7675 1.4054903070621705e-6
7676 1.4054903070621705e-6
7677 1.4056345019809796e-6
7678 1.4056345019809796e-6
7679 1.4056345019809796e-6
7680 1.4056345019809796e-6
7681 1.4056345019809796e-6
7682 1.4056345019809796e-6
7683 1.4056345019809796e-6
7684 1.4056345019809796e-6
7685 1.4056345019809796e-6
7686 1.4056345019809796e-6
7687 1.4071998292330132e-6
7688 1.4071998292330132e-6
7689 1.4071998292330132e-6
7690 1.4071998292330132e-6
7691 1.4071998292330132e-6
7692 1.4071998292330132e-6
7693 1.4071998292330132e-6
7694 1.4071998292330132e-6
7695 1.4071998292330132e-6
7696 1.4071998292330132e-6
7697 1.4077718074633925e-6
7698 1.4077974416538434e-6
7699 1.4077686024256088e-6
7700 1.4077686024256088e-6
7701 1.4077686024256088e-6
7702 1.4088709001181796e-6
7703 1.408338978137096e-6
7704 1.408338978137096e-6
7705 1.408338978137096e-6
7706 1.408338978137096e-6
7707 1.408338978137096e-6
7708 1.408338978137096e-6
7709 1.408338978137096e-6
7710 1.408338978137096e-6
7711 1.408338978137096e-6
7712 1.408338978137096e-6
7713 1.408338978137096e-6
7714 1.408338978137096e-6
7715 1.408635381791537e-6
7716 1.408635381791537e-6
7717 1.408635381791537e-6
7718 1.408635381791537e-6
7719 1.408635381791537e-6
7720 1.408635381791537e-6
7721 1.408635381791537e-6
7722 1.408635381791537e-6
7723 1.408635381791537e-6
7724 1.408635381791537e-6
7725 1.408635381791537e-6
7726 1.408635381791537e-6
7727 1.408635381791537e-6
7728 1.408635381791537e-6
7729 1.408635381791537e-6
7730 1.408635381791537e-6
7731 1.408635381791537e-6
7732 1.408635381791537e-6
7733 1.408635381791537e-6
7734 1.408635381791537e-6
7735 1.408635381791537e-6
7736 1.408635381791537e-6
7737 1.408635381791537e-6
7738 1.408635381791537e-6
7739 1.408635381791537e-6
7740 1.408635381791537e-6
7741 1.408635381791537e-6
7742 1.408635381791537e-6
7743 1.408635381791537e-6
7744 1.408635381791537e-6
7745 1.408635381791537e-6
7746 1.408635381791537e-6
7747 1.408635381791537e-6
7748 1.408635381791537e-6
7749 1.4095854725820214e-6
7750 1.4095854725820214e-6
7751 1.4095854725820214e-6
7752 1.4095854725820214e-6
7753 1.4095854725820214e-6
7754 1.4095854725820214e-6
7755 1.4095854725820214e-6
7756 1.4095854725820214e-6
7757 1.4095854725820214e-6
7758 1.4102712039840832e-6
7759 1.410535563372506e-6
7760 1.4110706897801915e-6
7761 1.412059233078716e-6
7762 1.4117836591139597e-6
7763 1.411900617323426e-6
7764 1.4120672438396295e-6
7765 1.4122114393696205e-6
7766 1.4120960830678642e-6
7767 1.4123267962825588e-6
7768 1.4122258595949196e-6
7769 1.4124549702907222e-6
7770 1.4129900973095895e-6
7771 1.4134050616923886e-6
7772 1.4131294877276322e-6
7773 1.4131294877276322e-6
7774 1.4131294877276322e-6
7775 1.4131294877276322e-6
7776 1.4131294877276322e-6
7777 1.4131294877276322e-6
7778 1.4131294877276322e-6
7779 1.4131294877276322e-6
7780 1.4131294877276322e-6
7781 1.4131294877276322e-6
7782 1.4131294877276322e-6
7783 1.4131294877276322e-6
7784 1.4131294877276322e-6
7785 1.4131294877276322e-6
7786 1.4131294877276322e-6
7787 1.4131294877276322e-6
7788 1.4131294877276322e-6
7789 1.4131294877276322e-6
7790 1.4131294877276322e-6
7791 1.4131294877276322e-6
7792 1.4131294877276322e-6
7793 1.4131294877276322e-6
7794 1.4131294877276322e-6
7795 1.4131294877276322e-6
7796 1.4131294877276322e-6
7797 1.4131294877276322e-6
7798 1.4131294877276322e-6
7799 1.4131294877276322e-6
7800 1.4131294877276322e-6
7801 1.4131294877276322e-6
7802 1.413775164713944e-6
7803 1.413775164713944e-6
7804 1.4145794586779095e-6
7805 1.4165373187153477e-6
7806 1.4172999545223076e-6
7807 1.4170355951338848e-6
7808 1.4168962059382057e-6
7809 1.4168962059382057e-6
7810 1.4168962059382057e-6
7811 1.4168962059382057e-6
7812 1.4183605952802366e-6
7813 1.4183605952802366e-6
7814 1.4183605952802366e-6
7815 1.4183605952802366e-6
7816 1.4183605952802366e-6
7817 1.4183605952802366e-6
7818 1.420198290848061e-6
7819 1.4200861389729064e-6
7820 1.4200861389729064e-6
7821 1.4208647975240573e-6
7822 1.4226736550860109e-6
7823 1.423833631235051e-6
7824 1.423833631235051e-6
7825 1.423833631235051e-6
7826 1.423833631235051e-6
7827 1.423833631235051e-6
7828 1.423833631235051e-6
7829 1.423833631235051e-6
7830 1.423833631235051e-6
7831 1.4235868958873473e-6
7832 1.4235868958873473e-6
7833 1.4235868958873473e-6
7834 1.4235868958873473e-6
7835 1.4235868958873473e-6
7836 1.4235868958873473e-6
7837 1.4235868958873473e-6
7838 1.4235868958873473e-6
7839 1.4235868958873473e-6
7840 1.4235868958873473e-6
7841 1.4235868958873473e-6
7842 1.4235868958873473e-6
7843 1.4235868958873473e-6
7844 1.4235868958873473e-6
7845 1.4235868958873473e-6
7846 1.4235868958873473e-6
7847 1.4235868958873473e-6
7848 1.4235868958873473e-6
7849 1.4235868958873473e-6
7850 1.4235868958873473e-6
7851 1.4235868958873473e-6
7852 1.4235868958873473e-6
7853 1.4235868958873473e-6
7854 1.4235868958873473e-6
7855 1.4235868958873473e-6
7856 1.4235868958873473e-6
7857 1.4235868958873473e-6
7858 1.4235868958873473e-6
7859 1.4235868958873473e-6
7860 1.4235868958873473e-6
7861 1.4235868958873473e-6
7862 1.4235868958873473e-6
7863 1.4235868958873473e-6
7864 1.424237379207971e-6
7865 1.424237379207971e-6
7866 1.424237379207971e-6
7867 1.424237379207971e-6
7868 1.424237379207971e-6
7869 1.424237379207971e-6
7870 1.424237379207971e-6
7871 1.424237379207971e-6
7872 1.424237379207971e-6
7873 1.424237379207971e-6
7874 1.424237379207971e-6
7875 1.424237379207971e-6
7876 1.424237379207971e-6
7877 1.4245401917156157e-6
7878 1.424810959957242e-6
7879 1.4261503791065293e-6
7880 1.429180095089412e-6
7881 1.429180095089412e-6
7882 1.429180095089412e-6
7883 1.429180095089412e-6
7884 1.429180095089412e-6
7885 1.429180095089412e-6
7886 1.429180095089412e-6
7887 1.429180095089412e-6
7888 1.429180095089412e-6
7889 1.429426829214752e-6
7890 1.4295566063529893e-6
7891 1.4295934569533193e-6
7892 1.4295934569533193e-6
7893 1.4300757112388474e-6
7894 1.4300757112388474e-6
7895 1.4300757112388474e-6
7896 1.4300757112388474e-6
7897 1.4305868059749737e-6
7898 1.430562773081051e-6
7899 1.4304345984617054e-6
7900 1.4304345984617054e-6
7901 1.4304345984617054e-6
7902 1.4311603842795173e-6
7903 1.4316698771079337e-6
7904 1.4321537345235355e-6
7905 1.4340955724279647e-6
7906 1.4365420956041347e-6
7907 1.4365420956041347e-6
7908 1.4365420956041347e-6
7909 1.4370916422371192e-6
7910 1.4368240778109126e-6
7911 1.4367760132454308e-6
7912 1.4367760132454308e-6
7913 1.4367760132454308e-6
7914 1.4367760132454308e-6
7915 1.4367760132454308e-6
7916 1.4367760132454308e-6
7917 1.4367760132454308e-6
7918 1.437618757272709e-6
7919 1.437618757272709e-6
7920 1.437618757272709e-6
7921 1.437618757272709e-6
7922 1.437618757272709e-6
7923 1.437618757272709e-6
7924 1.437618757272709e-6
7925 1.437618757272709e-6
7926 1.437618757272709e-6
7927 1.437618757272709e-6
7928 1.437618757272709e-6
7929 1.437618757272709e-6
7930 1.437618757272709e-6
7931 1.437618757272709e-6
7932 1.437618757272709e-6
7933 1.437618757272709e-6
7934 1.4381939380961445e-6
7935 1.4386217189629872e-6
7936 1.4388155821885335e-6
7937 1.4403344461716135e-6
7938 1.441347021752879e-6
7939 1.4422554568310854e-6
7940 1.4421737454806934e-6
7941 1.4421737454806934e-6
7942 1.4421737454806934e-6
7943 1.440799078249968e-6
7944 1.440799078249968e-6
7945 1.440799078249968e-6
7946 1.440799078249968e-6
7947 1.440799078249968e-6
7948 1.440799078249968e-6
7949 1.440799078249968e-6
7950 1.440799078249968e-6
7951 1.440799078249968e-6
7952 1.440917638978326e-6
7953 1.440917638978326e-6
7954 1.4411323300600115e-6
7955 1.441183599663277e-6
7956 1.441183599663277e-6
7957 1.441545690701555e-6
7958 1.441545690701555e-6
7959 1.441545690701555e-6
7960 1.441545690701555e-6
7961 1.441545690701555e-6
7962 1.441545690701555e-6
7963 1.4422955094132897e-6
7964 1.4422250132504134e-6
7965 1.4423083271196972e-6
7966 1.4422154005817898e-6
7967 1.442154517087537e-6
7968 1.4418565133589317e-6
7969 1.4418565133589317e-6
7970 1.4418565133589317e-6
7971 1.4418565133589317e-6
7972 1.4418565133589317e-6
7973 1.4418565133589317e-6
7974 1.4418565133589317e-6
7975 1.4418565133589317e-6
7976 1.4418565133589317e-6
7977 1.4418565133589317e-6
7978 1.4418565133589317e-6
7979 1.4418565133589317e-6
7980 1.442071205662981e-6
7981 1.4423067246008053e-6
7982 1.4420647968097772e-6
7983 1.4431959337305826e-6
7984 1.4451954494802989e-6
7985 1.4451954494802989e-6
7986 1.4451954494802989e-6
7987 1.4451954494802989e-6
7988 1.4451954494802989e-6
7989 1.4451954494802989e-6
7990 1.4451954494802989e-6
7991 1.4451954494802989e-6
7992 1.4451954494802989e-6
7993 1.4451954494802989e-6
7994 1.4451954494802989e-6
7995 1.4451954494802989e-6
7996 1.4451954494802989e-6
7997 1.4451954494802989e-6
7998 1.4451954494802989e-6
7999 1.4451954494802989e-6
8000 1.4451954494802989e-6
8001 1.4457257695536724e-6
8002 1.4458235024258915e-6
8003 1.4469546399578788e-6
8004 1.4488323905526352e-6
8005 1.449917064204487e-6
8006 1.449917064204487e-6
8007 1.449917064204487e-6
8008 1.449917064204487e-6
8009 1.449917064204487e-6
8010 1.449917064204487e-6
8011 1.449917064204487e-6
8012 1.449917064204487e-6
8013 1.449917064204487e-6
8014 1.449917064204487e-6
8015 1.449917064204487e-6
8016 1.4510337815111753e-6
8017 1.4517691806087925e-6
8018 1.453022082684558e-6
8019 1.4537751058228944e-6
8020 1.4538648279341998e-6
8021 1.4548902206106906e-6
8022 1.4548902206106906e-6
8023 1.4558050633197369e-6
8024 1.4558050633197369e-6
8025 1.4558050633197369e-6
8026 1.4558050633197369e-6
8027 1.4568625008734279e-6
8028 1.4584806984140733e-6
8029 1.4594724473615635e-6
8030 1.4595910080899216e-6
8031 1.4603167945189154e-6
8032 1.460683693113869e-6
8033 1.460683693113869e-6
8034 1.460683693113869e-6
8035 1.4612700903471836e-6
8036 1.4616257737546218e-6
8037 1.4619574242681372e-6
8038 1.4629011062054182e-6
8039 1.4635131376291836e-6
8040 1.4637999273926374e-6
8041 1.4636589362892484e-6
8042 1.464032242515042e-6
8043 1.4637118078002238e-6
8044 1.4637118078002238e-6
8045 1.4637118078002238e-6
8046 1.4637118078002238e-6
8047 1.4637118078002238e-6
8048 1.4637118078002238e-6
8049 1.4637118078002238e-6
8050 1.4637118078002238e-6
8051 1.4637118078002238e-6
8052 1.4637118078002238e-6
8053 1.4637118078002238e-6
8054 1.4637118078002238e-6
8055 1.4637118078002238e-6
8056 1.4637118078002238e-6
8057 1.4640322431262238e-6
8058 1.4640322431262238e-6
8059 1.4640322431262238e-6
8060 1.4640322431262238e-6
8061 1.4645785859437885e-6
8062 1.4645785859437885e-6
8063 1.4645785859437885e-6
8064 1.4645785859437885e-6
8065 1.4647147707128658e-6
8066 1.4647147707128658e-6
8067 1.4643494740256221e-6
8068 1.4648044928241712e-6
8069 1.4657433665935947e-6
8070 1.4655286761230913e-6
8071 1.4660045227777794e-6
8072 1.4660045227777794e-6
8073 1.4658314874083721e-6
8074 1.465470997666622e-6
8075 1.4652835426830975e-6
8076 1.4656183982343967e-6
8077 1.4659035854789586e-6
8078 1.4659260158539895e-6
8079 1.4659260158539895e-6
8080 1.4659260158539895e-6
8081 1.4659260158539895e-6
8082 1.4667415243942887e-6
8083 1.4667415243942887e-6
8084 1.4667415243942887e-6
8085 1.4667415243942887e-6
8086 1.4671709065576594e-6
8087 1.4671244432887058e-6
8088 1.4671244432887058e-6
8089 1.4674977507368632e-6
8090 1.4674977507368632e-6
8091 1.4674977507368632e-6
8092 1.4679751986880796e-6
8093 1.467965586019456e-6
8094 1.4679848113567032e-6
8095 1.4679848113567032e-6
8096 1.4679848113567032e-6
8097 1.4679848113567032e-6
8098 1.4679848113567032e-6
8099 1.4679848113567032e-6
8100 1.4679848113567032e-6
8101 1.4679848113567032e-6
8102 1.4679848113567032e-6
8103 1.4679848113567032e-6
8104 1.4679848113567032e-6
8105 1.4685023149460332e-6
8106 1.4685023149460332e-6
8107 1.4686993819869996e-6
8108 1.4686993819869996e-6
8109 1.4686993819869996e-6
8110 1.4686993819869996e-6
8111 1.4686993819869996e-6
8112 1.469628644921345e-6
8113 1.469628644921345e-6
8114 1.469628644921345e-6
8115 1.469628644921345e-6
8116 1.469628644921345e-6
8117 1.469628644921345e-6
8118 1.469628644921345e-6
8119 1.469628644921345e-6
8120 1.469628644921345e-6
8121 1.469628644921345e-6
8122 1.469628644921345e-6
8123 1.469628644921345e-6
8124 1.4703015598393632e-6
8125 1.470266311757925e-6
8126 1.4702230535267552e-6
8127 1.4702230535267552e-6
8128 1.4702230535267552e-6
8129 1.4709760766650916e-6
8130 1.471290102526706e-6
8131 1.4725253817841161e-6
8132 1.4729771955448816e-6
8133 1.4745248981450143e-6
8134 1.4745248981450143e-6
8135 1.4745248981450143e-6
8136 1.475792220446079e-6
8137 1.4759588469622825e-6
8138 1.4769650136903444e-6
8139 1.478374929002508e-6
8140 1.4790061863747025e-6
8141 1.4790061863747025e-6
8142 1.4790061863747025e-6
8143 1.4790061863747025e-6
8144 1.4790061863747025e-6
8145 1.4795108722576253e-6
8146 1.4795108722576253e-6
8147 1.4800203644748598e-6
8148 1.4800203644748598e-6
8149 1.4800203644748598e-6
8150 1.4800203644748598e-6
8151 1.4800203644748598e-6
8152 1.4800203644748598e-6
8153 1.4800203644748598e-6
8154 1.4800203644748598e-6
8155 1.4800203644748598e-6
8156 1.481076198287295e-6
8157 1.4825966635669033e-6
8158 1.4830741127404833e-6
8159 1.4839248687510388e-6
8160 1.4839248687510388e-6
8161 1.4839248687510388e-6
8162 1.4839248687510388e-6
8163 1.4839248687510388e-6
8164 1.4839248687510388e-6
8165 1.4839248687510388e-6
8166 1.4839248687510388e-6
8167 1.4839248687510388e-6
8168 1.4839248687510388e-6
8169 1.4839248687510388e-6
8170 1.4839248687510388e-6
8171 1.4839248687510388e-6
8172 1.4839248687510388e-6
8173 1.4839248687510388e-6
8174 1.4839248687510388e-6
8175 1.4839248687510388e-6
8176 1.4839248687510388e-6
8177 1.4839248687510388e-6
8178 1.4839248687510388e-6
8179 1.4839248687510388e-6
8180 1.4839248687510388e-6
8181 1.4839248687510388e-6
8182 1.4839248687510388e-6
8183 1.4839248687510388e-6
8184 1.4839248687510388e-6
8185 1.4839248687510388e-6
8186 1.4839248687510388e-6
8187 1.4839248687510388e-6
8188 1.4839248687510388e-6
8189 1.4839248687510388e-6
8190 1.4839248687510388e-6
8191 1.4839248687510388e-6
8192 1.4839248687510388e-6
8193 1.4839248687510388e-6
8194 1.4839248687510388e-6
8195 1.4839248687510388e-6
8196 1.4839248687510388e-6
8197 1.4839248687510388e-6
8198 1.4839248687510388e-6
8199 1.4839248687510388e-6
8200 1.4839248687510388e-6
8201 1.4839248687510388e-6
8202 1.4839248687510388e-6
8203 1.4839248687510388e-6
8204 1.4845561255120515e-6
8205 1.4842469053735669e-6
8206 1.4842469053735669e-6
8207 1.4842469053735669e-6
8208 1.4842469053735669e-6
8209 1.484504855908786e-6
8210 1.484504855908786e-6
8211 1.4846298267127114e-6
8212 1.4846474507534306e-6
8213 1.4846474507534306e-6
8214 1.4846474507534306e-6
8215 1.4846474507534306e-6
8216 1.4846474507534306e-6
8217 1.4846474507534306e-6
8218 1.4846474507534306e-6
8219 1.4846474507534306e-6
8220 1.4846474507534306e-6
8221 1.4853572150494152e-6
8222 1.485379645424446e-6
8223 1.485379645424446e-6
8224 1.485379645424446e-6
8225 1.485379645424446e-6
8226 1.485536659272026e-6
8227 1.4857625655412268e-6
8228 1.4862336058616033e-6
8229 1.4880440659424487e-6
8230 1.4886961517819642e-6
8231 1.4895501122191215e-6
8232 1.4895501122191215e-6
8233 1.4895501122191215e-6
8234 1.4895501122191215e-6
8235 1.4895501122191215e-6
8236 1.4895501122191215e-6
8237 1.4895501122191215e-6
8238 1.4895501122191215e-6
8239 1.4895501122191215e-6
8240 1.4895501122191215e-6
8241 1.4895501122191215e-6
8242 1.4895501122191215e-6
8243 1.490642796631887e-6
8244 1.490642796631887e-6
8245 1.490642796631887e-6
8246 1.490642796631887e-6
8247 1.490642796631887e-6
8248 1.491480735547217e-6
8249 1.4915960924601554e-6
8250 1.4935347265491644e-6
8251 1.4936196417149762e-6
8252 1.4940506270084207e-6
8253 1.4942989642638343e-6
8254 1.4957505365106398e-6
8255 1.4957505365106398e-6
8256 1.4957505365106398e-6
8257 1.4957505365106398e-6
8258 1.4957505365106398e-6
8259 1.4966589715888462e-6
8260 1.4966157121353125e-6
8261 1.4966157121353125e-6
8262 1.4966157121353125e-6
8263 1.4966157121353125e-6
8264 1.4975017150049425e-6
8265 1.4996566426945288e-6
8266 1.5003311589090752e-6
8267 1.499954647645498e-6
8268 1.499954647645498e-6
8269 1.499954647645498e-6
8270 1.499954647645498e-6
8271 1.499954647645498e-6
8272 1.5003199449439235e-6
8273 1.5002350297781117e-6
8274 1.5002350297781117e-6
8275 1.5002350297781117e-6
8276 1.5019605746931456e-6
8277 1.5019605746931456e-6
8278 1.5021368138779727e-6
8279 1.5021608467718955e-6
8280 1.5021608467718955e-6
8281 1.5021608467718955e-6
8282 1.5021608467718955e-6
8283 1.5021608467718955e-6
8284 1.5021608467718955e-6
8285 1.5021608467718955e-6
8286 1.5021608467718955e-6
8287 1.5021608467718955e-6
8288 1.5021608467718955e-6
8289 1.5021608467718955e-6
8290 1.5021608467718955e-6
8291 1.5021608467718955e-6
8292 1.5021608467718955e-6
8293 1.5028513857306328e-6
8294 1.5028513857306328e-6
8295 1.5028513857306328e-6
8296 1.5031189501568394e-6
8297 1.5031189501568394e-6
8298 1.5031189501568394e-6
8299 1.5031189501568394e-6
8300 1.5031189501568394e-6
8301 1.5040578257598084e-6
8302 1.5041779890070583e-6
8303 1.5039552865532774e-6
8304 1.5039552865532774e-6
8305 1.5039552865532774e-6
8306 1.5039552865532774e-6
8307 1.5039552865532774e-6
8308 1.5039552865532774e-6
8309 1.5039552865532774e-6
8310 1.5039552865532774e-6
8311 1.5039552865532774e-6
8312 1.5039552865532774e-6
8313 1.5039552865532774e-6
8314 1.5039552865532774e-6
8315 1.5039552865532774e-6
8316 1.5039552865532774e-6
8317 1.5039552865532774e-6
8318 1.5039552865532774e-6
8319 1.5039552865532774e-6
8320 1.5039552865532774e-6
8321 1.5039552865532774e-6
8322 1.5039552865532774e-6
8323 1.5040321915693575e-6
8324 1.5040321915693575e-6
8325 1.5040321915693575e-6
8326 1.5040321915693575e-6
8327 1.5040321915693575e-6
8328 1.5040321915693575e-6
8329 1.5040321915693575e-6
8330 1.5040321915693575e-6
8331 1.5040321915693575e-6
8332 1.5040321915693575e-6
8333 1.5040321915693575e-6
8334 1.5040321915693575e-6
8335 1.5040321915693575e-6
8336 1.5040321915693575e-6
8337 1.5040321915693575e-6
8338 1.5040321915693575e-6
8339 1.5040321915693575e-6
8340 1.5040321915693575e-6
8341 1.5040321915693575e-6
8342 1.5040321915693575e-6
8343 1.5040321915693575e-6
8344 1.5040321915693575e-6
8345 1.5043510243764656e-6
8346 1.5047147179336356e-6
8347 1.5047147179336356e-6
8348 1.5047147179336356e-6
8349 1.5053876316292901e-6
8350 1.5070154436721047e-6
8351 1.5070394765660274e-6
8352 1.5084013267015275e-6
8353 1.5080873002287312e-6
8354 1.5090438004836013e-6
8355 1.5104008430624257e-6
8356 1.512635879583512e-6
8357 1.512635879583512e-6
8358 1.5126086428741693e-6
8359 1.5126086428741693e-6
8360 1.5126086428741693e-6
8361 1.5126086428741693e-6
8362 1.511674573605512e-6
8363 1.5118828564451755e-6
8364 1.5119100937657e-6
8365 1.5126166542462644e-6
8366 1.5135010558193662e-6
8367 1.5140954638135944e-6
8368 1.5148901432753908e-6
8369 1.5152089766936809e-6
8370 1.5154573139490945e-6
8371 1.5156063158133971e-6
8372 1.5160613346119463e-6
8373 1.516546793935258e-6
8374 1.516546793935258e-6
8375 1.516546793935258e-6
8376 1.516546793935258e-6
8377 1.516546793935258e-6
8378 1.516546793935258e-6
8379 1.516546793935258e-6
8380 1.516546793935258e-6
8381 1.5162968541609526e-6
8382 1.5159684074628572e-6
8383 1.5159684074628572e-6
8384 1.51587227710953e-6
8385 1.51587227710953e-6
8386 1.51587227710953e-6
8387 1.51587227710953e-6
8388 1.5166413217696936e-6
8389 1.5180864851632954e-6
8390 1.5191855784292644e-6
8391 1.5191855784292644e-6
8392 1.5191855784292644e-6
8393 1.5191855784292644e-6
8394 1.5191855784292644e-6
8395 1.5191855784292644e-6
8396 1.5191855784292644e-6
8397 1.5191855784292644e-6
8398 1.5191855784292644e-6
8399 1.5191855784292644e-6
8400 1.5195396605401746e-6
8401 1.5195396605401746e-6
8402 1.5206275386186282e-6
8403 1.5207300784363411e-6
8404 1.5222168981534029e-6
8405 1.5221095526125602e-6
8406 1.5222473399005293e-6
8407 1.5222489418082392e-6
8408 1.5225757853762611e-6
8409 1.5223899335228104e-6
8410 1.523657255823875e-6
8411 1.5252578299349832e-6
8412 1.5258506354103195e-6
8413 1.525825000608687e-6
8414 1.5264995174344152e-6
8415 1.5261758782929953e-6
8416 1.5261758782929953e-6
8417 1.5257609139101962e-6
8418 1.5253924134075327e-6
8419 1.5252706482525728e-6
8420 1.5258217974044492e-6
8421 1.5258217974044492e-6
8422 1.5254020272985201e-6
8423 1.5254020272985201e-6
8424 1.5254020272985201e-6
8425 1.5254020272985201e-6
8426 1.5254020272985201e-6
8427 1.5254020272985201e-6
8428 1.5254020272985201e-6
8429 1.5254020272985201e-6
8430 1.5254020272985201e-6
8431 1.5254020272985201e-6
8432 1.5254020272985201e-6
8433 1.5254020272985201e-6
8434 1.5254020272985201e-6
8435 1.5254020272985201e-6
8436 1.5254020272985201e-6
8437 1.5255526322928965e-6
8438 1.5255766651868193e-6
8439 1.5255766651868193e-6
8440 1.5264482490535138e-6
8441 1.5281161149008964e-6
8442 1.52848461540356e-6
8443 1.5291254866667418e-6
8444 1.5291254866667418e-6
8445 1.5291254866667418e-6
8446 1.5299041446067108e-6
8447 1.5299041446067108e-6
8448 1.5299041446067108e-6
8449 1.5299041446067108e-6
8450 1.5299041446067108e-6
8451 1.5303511508108007e-6
8452 1.5303511508108007e-6
8453 1.5303511508108007e-6
8454 1.5303511508108007e-6
8455 1.5303511508108007e-6
8456 1.5303511508108007e-6
8457 1.5303511508108007e-6
8458 1.5303511508108007e-6
8459 1.5303511508108007e-6
8460 1.5303511508108007e-6
8461 1.5317770876447916e-6
8462 1.533211035850878e-6
8463 1.533571525592628e-6
8464 1.5347683517308162e-6
8465 1.5347683517308162e-6
8466 1.5347683517308162e-6
8467 1.5347683517308162e-6
8468 1.5347683517308162e-6
8469 1.5347683517308162e-6
8470 1.5347683517308162e-6
8471 1.5347683517308162e-6
8472 1.5347683517308162e-6
8473 1.5347683517308162e-6
8474 1.5347683517308162e-6
8475 1.5347683517308162e-6
8476 1.535614300795878e-6
8477 1.5355293856300662e-6
8478 1.5354364590921588e-6
8479 1.535160883293857e-6
8480 1.5351464642909214e-6
8481 1.535013483337264e-6
8482 1.5367646624427483e-6
8483 1.5373606723446865e-6
8484 1.537870164561921e-6
8485 1.5378573474666956e-6
8486 1.5381745783660938e-6
8487 1.5381745783660938e-6
8488 1.5381745783660938e-6
8489 1.5381745783660938e-6
8490 1.5379967366623746e-6
8491 1.5380399948935445e-6
8492 1.5380399948935445e-6
8493 1.5380399948935445e-6
8494 1.5380399948935445e-6
8495 1.5384181098983772e-6
8496 1.5395428379659791e-6
8497 1.5395428379659791e-6
8498 1.5395428379659791e-6
8499 1.5395428379659791e-6
8500 1.5395428379659791e-6
8501 1.5395428379659791e-6
8502 1.5395428379659791e-6
8503 1.5403759699358154e-6
8504 1.5402590111151672e-6
8505 1.5403903889387507e-6
8506 1.5403919920688245e-6
8507 1.540483315476658e-6
8508 1.5399145428952445e-6
8509 1.5406195008569173e-6
8510 1.5406195008569173e-6
8511 1.5408341919386027e-6
8512 1.5408341919386027e-6
8513 1.5408341919386027e-6
8514 1.5408341919386027e-6
8515 1.5408341919386027e-6
8516 1.5408341919386027e-6
8517 1.5408341919386027e-6
8518 1.5408341919386027e-6
8519 1.5408341919386027e-6
8520 1.5408341919386027e-6
8521 1.5408341919386027e-6
8522 1.5408341919386027e-6
8523 1.5408341919386027e-6
8524 1.5408341919386027e-6
8525 1.5408341919386027e-6
8526 1.5408341919386027e-6
8527 1.5414013626123064e-6
8528 1.5414013626123064e-6
8529 1.5414013626123064e-6
8530 1.5414013626123064e-6
8531 1.54200858770176e-6
8532 1.54200858770176e-6
8533 1.54200858770176e-6
8534 1.54200858770176e-6
8535 1.5426542646880717e-6
8536 1.5425116722881545e-6
8537 1.5425116722881545e-6
8538 1.5425116722881545e-6
8539 1.5425116722881545e-6
8540 1.5426750949889382e-6
8541 1.5426750949889382e-6
8542 1.5434777858228302e-6
8543 1.5435514858011265e-6
8544 1.5455942616155584e-6
8545 1.546805507367864e-6
8546 1.5476001868296604e-6
8547 1.547712338704815e-6
8548 1.5474031185663303e-6
8549 1.5474720122103148e-6
8550 1.5476226172046912e-6
8551 1.5478052652427221e-6
8552 1.5500691409920431e-6
8553 1.5504312326415032e-6
8554 1.5504312326415032e-6
8555 1.5514758524887869e-6
8556 1.5534417232871387e-6
8557 1.553802212417707e-6
8558 1.553976850306006e-6
8559 1.5541338635424043e-6
8560 1.5541338635424043e-6
8561 1.5541338635424043e-6
8562 1.5541338635424043e-6
8563 1.5553915719524815e-6
8564 1.5553915719524815e-6
8565 1.5553915719524815e-6
8566 1.5553915719524815e-6
8567 1.5553915719524815e-6
8568 1.5553915719524815e-6
8569 1.5553915719524815e-6
8570 1.5553915719524815e-6
8571 1.5553915719524815e-6
8572 1.5553915719524815e-6
8573 1.5553915719524815e-6
8574 1.5553915719524815e-6
8575 1.5553915719524815e-6
8576 1.5553915719524815e-6
8577 1.5553915719524815e-6
8578 1.5553915719524815e-6
8579 1.5553915719524815e-6
8580 1.5553915719524815e-6
8581 1.5553915719524815e-6
8582 1.5560789058734352e-6
8583 1.556263156430358e-6
8584 1.556263156430358e-6
8585 1.556263156430358e-6
8586 1.556263156430358e-6
8587 1.556263156430358e-6
8588 1.556662098068966e-6
8589 1.5567790575007962e-6
8590 1.5563977386805434e-6
8591 1.5562903931397007e-6
8592 1.5563528779304817e-6
8593 1.5564906652184508e-6
8594 1.5572597092674326e-6
8595 1.55871288403313e-6
8596 1.5593473458319263e-6
8597 1.5606803567391917e-6
8598 1.5606803567391917e-6
8599 1.5606803567391917e-6
8600 1.5606803567391917e-6
8601 1.5606803567391917e-6
8602 1.5616977398771327e-6
8603 1.5623962883744198e-6
8604 1.562974674235639e-6
8605 1.5642836522489817e-6
8606 1.5641875218956545e-6
8607 1.5661501888785865e-6
8608 1.5660957148487192e-6
8609 1.566576368448901e-6
8610 1.5695355882689074e-6
8611 1.569945745095031e-6
8612 1.5701492222115647e-6
8613 1.5706474986301019e-6
8614 1.5706474986301019e-6
8615 1.5706474986301019e-6
8616 1.5706474986301019e-6
8617 1.5706474986301019e-6
8618 1.5706474986301019e-6
8619 1.5706474986301019e-6
8620 1.5706474986301019e-6
8621 1.5706474986301019e-6
8622 1.5706474986301019e-6
8623 1.5706474986301019e-6
8624 1.5706474986301019e-6
8625 1.5706474986301019e-6
8626 1.5706474986301019e-6
8627 1.5706474986301019e-6
8628 1.5706474986301019e-6
8629 1.5706474986301019e-6
8630 1.5706474986301019e-6
8631 1.5706474986301019e-6
8632 1.5706474986301019e-6
8633 1.5706474986301019e-6
8634 1.5706474986301019e-6
8635 1.5706474986301019e-6
8636 1.5706474986301019e-6
8637 1.5716120084235218e-6
8638 1.5715399109641173e-6
8639 1.5715351046298054e-6
8640 1.5715286957766016e-6
8641 1.5719212285620062e-6
8642 1.5726502188064199e-6
8643 1.5746417244064044e-6
8644 1.5751095603001789e-6
8645 1.5751095603001789e-6
8646 1.5751095603001789e-6
8647 1.5751095603001789e-6
8648 1.5751095603001789e-6
8649 1.5751095603001789e-6
8650 1.5751095603001789e-6
8651 1.5751095603001789e-6
8652 1.5751095603001789e-6
8653 1.5751095603001789e-6
8654 1.5751095603001789e-6
8655 1.5751095603001789e-6
8656 1.5751095603001789e-6
8657 1.5754556298166296e-6
8658 1.5757760651426297e-6
8659 1.576243901647586e-6
8660 1.5779774561011695e-6
8661 1.5785910906550088e-6
8662 1.5787384906116015e-6
8663 1.5803903343259751e-6
8664 1.5812491017086262e-6
8665 1.5835754622487282e-6
8666 1.5839920273168735e-6
8667 1.5863904865387436e-6
8668 1.5858153044929445e-6
8669 1.5861052974606362e-6
8670 1.5872828976503952e-6
8671 1.5872828976503952e-6
8672 1.5872828976503952e-6
8673 1.5872828976503952e-6
8674 1.5880166948403025e-6
8675 1.5880166948403025e-6
8676 1.5880166948403025e-6
8677 1.5880166948403025e-6
8678 1.5880166948403025e-6
8679 1.5880166948403025e-6
8680 1.5880166948403025e-6
8681 1.5880166948403025e-6
8682 1.5880166948403025e-6
8683 1.5880166948403025e-6
8684 1.5880166948403025e-6
8685 1.5880166948403025e-6
8686 1.5880166948403025e-6
8687 1.5880166948403025e-6
8688 1.5880166948403025e-6
8689 1.5880166948403025e-6
8690 1.5883339251285189e-6
8691 1.5885790579573307e-6
8692 1.5882602251502225e-6
8693 1.5883835922128925e-6
8694 1.5883835922128925e-6
8695 1.5894073829816734e-6
8696 1.589058108427439e-6
8697 1.5893256716312816e-6
8698 1.5893833513101145e-6
8699 1.5894922981474852e-6
8700 1.5899649409867535e-6
8701 1.5903270320250316e-6
8702 1.591759378323408e-6
8703 1.5919131877443861e-6
8704 1.5921406959212969e-6
8705 1.5924034540131915e-6
8706 1.5924034540131915e-6
8707 1.5924034540131915e-6
8708 1.5924034540131915e-6
8709 1.5924034540131915e-6
8710 1.5924034540131915e-6
8711 1.5924034540131915e-6
8712 1.5924034540131915e-6
8713 1.5924034540131915e-6
8714 1.5924034540131915e-6
8715 1.5924034540131915e-6
8716 1.5932782423064878e-6
8717 1.593454481491315e-6
8718 1.593454481491315e-6
8719 1.593454481491315e-6
8720 1.593973586377173e-6
8721 1.5940585015429848e-6
8722 1.5942010963876295e-6
8723 1.5945279399556513e-6
8724 1.5930507335183951e-6
8725 1.593611495338895e-6
8726 1.5934128257790369e-6
8727 1.5934801181264933e-6
8728 1.5938694458741142e-6
8729 1.5954427838870615e-6
8730 1.5965867372919106e-6
8731 1.5965867372919106e-6
8732 1.5965867372919106e-6
8733 1.596996895340398e-6
8734 1.5975384312124688e-6
8735 1.5972179952752869e-6
8736 1.5976121305795833e-6
8737 1.5992191147662588e-6
8738 1.5996020342718578e-6
8739 1.5996020342718578e-6
8740 1.5999016417417188e-6
8741 1.5997478329319226e-6
8742 1.5997478329319226e-6
8743 1.6019684498388918e-6
8744 1.6023545743822745e-6
8745 1.6033687518712498e-6
8746 1.6033687518712498e-6
8747 1.6033687518712498e-6
8748 1.6033687518712498e-6
8749 1.6033687518712498e-6
8750 1.6033687518712498e-6
8751 1.6033687518712498e-6
8752 1.6033687518712498e-6
8753 1.6033687518712498e-6
8754 1.6033687518712498e-6
8755 1.6033687518712498e-6
8756 1.6033687518712498e-6
8757 1.6033687518712498e-6
8758 1.6036379175939844e-6
8759 1.6036891871972499e-6
8760 1.6036891871972499e-6
8761 1.6047049665939354e-6
8762 1.6047802690911236e-6
8763 1.6045848045690492e-6
8764 1.6045848045690492e-6
8765 1.6045848045690492e-6
8766 1.6050558436670619e-6
8767 1.6050718664112528e-6
8768 1.605188824620719e-6
8769 1.605188824620719e-6
8770 1.6055012497969874e-6
8771 1.6056198105253455e-6
8772 1.606930391668762e-6
8773 1.6077074464786575e-6
8774 1.6081143994893611e-6
8775 1.6084700828967993e-6
8776 1.6090564795189322e-6
8777 1.6090564795189322e-6
8778 1.6090564795189322e-6
8779 1.6090564795189322e-6
8780 1.6090564795189322e-6
8781 1.6090564795189322e-6
8782 1.6090564795189322e-6
8783 1.6090564795189322e-6
8784 1.6090564795189322e-6
8785 1.6090564795189322e-6
8786 1.6090564795189322e-6
8787 1.6090564795189322e-6
8788 1.6090564795189322e-6
8789 1.6090564795189322e-6
8790 1.6090564795189322e-6
8791 1.6090564795189322e-6
8792 1.6090564795189322e-6
8793 1.6090564795189322e-6
8794 1.6090564795189322e-6
8795 1.6090564795189322e-6
8796 1.6092118896252567e-6
8797 1.6091285769783367e-6
8798 1.6094393996357131e-6
8799 1.6093384617257104e-6
8800 1.6093384617257104e-6
8801 1.6093384617257104e-6
8802 1.6093384617257104e-6
8803 1.6093384617257104e-6
8804 1.6093384617257104e-6
8805 1.6093384617257104e-6
8806 1.6093384617257104e-6
8807 1.6093384617257104e-6
8808 1.6093384617257104e-6
8809 1.6093384617257104e-6
8810 1.6093384617257104e-6
8811 1.6093384617257104e-6
8812 1.6093384617257104e-6
8813 1.6093384617257104e-6
8814 1.6095419388422441e-6
8815 1.6095179059483214e-6
8816 1.6095147021329016e-6
8817 1.6094666363450561e-6
8818 1.609609229967337e-6
8819 1.609609229967337e-6
8820 1.609847953942945e-6
8821 1.6098639754647724e-6
8822 1.6098639754647724e-6
8823 1.6100994944025968e-6
8824 1.6110095313885131e-6
8825 1.613073135059084e-6
8826 1.614053667596695e-6
8827 1.614053667596695e-6
8828 1.614053667596695e-6
8829 1.614053667596695e-6
8830 1.614053667596695e-6
8831 1.614053667596695e-6
8832 1.6148595622460068e-6
8833 1.6146977432864788e-6
8834 1.614856358430587e-6
8835 1.6147586255583679e-6
8836 1.6152713215910224e-6
8837 1.615276129147698e-6
8838 1.615332205085275e-6
8839 1.6173669689164295e-6
8840 1.6174727125495623e-6
8841 1.618554182385994e-6
8842 1.618554182385994e-6
8843 1.618554182385994e-6
8844 1.618554182385994e-6
8845 1.618554182385994e-6
8846 1.618554182385994e-6
8847 1.618554182385994e-6
8848 1.618554182385994e-6
8849 1.618554182385994e-6
8850 1.618554182385994e-6
8851 1.618554182385994e-6
8852 1.618554182385994e-6
8853 1.618554182385994e-6
8854 1.618554182385994e-6
8855 1.618554182385994e-6
8856 1.618554182385994e-6
8857 1.618554182385994e-6
8858 1.618554182385994e-6
8859 1.618554182385994e-6
8860 1.618554182385994e-6
8861 1.618554182385994e-6
8862 1.618554182385994e-6
8863 1.6188746164896303e-6
8864 1.6188746164896303e-6
8865 1.6188746164896303e-6
8866 1.6188746164896303e-6
8867 1.6188746164896303e-6
8868 1.619502669435223e-6
8869 1.6218194166955195e-6
8870 1.6223465329534732e-6
8871 1.6223369202848496e-6
8872 1.6220853779916523e-6
8873 1.6220581418934914e-6
8874 1.622269629159757e-6
8875 1.622269629159757e-6
8876 1.622269629159757e-6
8877 1.6218947191927077e-6
8878 1.6218947191927077e-6
8879 1.621430088336717e-6
8880 1.621430088336717e-6
8881 1.6206594417688433e-6
8882 1.6206594417688433e-6
8883 1.6206594417688433e-6
8884 1.6206594417688433e-6
8885 1.6206594417688433e-6
8886 1.6206594417688433e-6
8887 1.6206594417688433e-6
8888 1.6206594417688433e-6
8889 1.6206594417688433e-6
8890 1.6206594417688433e-6
8891 1.6206594417688433e-6
8892 1.6206594417688433e-6
8893 1.6206594417688433e-6
8894 1.6206594417688433e-6
8895 1.6206594417688433e-6
8896 1.6206594417688433e-6
8897 1.6206594417688433e-6
8898 1.6206594417688433e-6
8899 1.6206594417688433e-6
8900 1.6206594417688433e-6
8901 1.6206594417688433e-6
8902 1.6206594417688433e-6
8903 1.6206594417688433e-6
8904 1.6206594417688433e-6
8905 1.6206594417688433e-6
8906 1.6206594417688433e-6
8907 1.6216303604154668e-6
8908 1.622203939942374e-6
8909 1.6223112854832167e-6
8910 1.6222087462766857e-6
8911 1.6221286374451858e-6
8912 1.6221030020323713e-6
8913 1.6220981969204232e-6
8914 1.6216127363747476e-6
8915 1.6217665451845439e-6
8916 1.6217665451845439e-6
8917 1.6217665451845439e-6
8918 1.6222696285485748e-6
8919 1.6219572033723065e-6
8920 1.6220581412823093e-6
8921 1.6218562666846674e-6
8922 1.6218819008751183e-6
8923 1.6220629476166212e-6
8924 1.6220357109072784e-6
8925 1.6234215933255193e-6
8926 1.6243620714473802e-6
8927 1.6254803906617783e-6
8928 1.6254803906617783e-6
8929 1.6254803906617783e-6
8930 1.6254803906617783e-6
8931 1.6254803906617783e-6
8932 1.6254803906617783e-6
8933 1.6254803906617783e-6
8934 1.6254803906617783e-6
8935 1.6254803906617783e-6
8936 1.6254803906617783e-6
8937 1.6254803906617783e-6
8938 1.6254803906617783e-6
8939 1.6254803906617783e-6
8940 1.6254803906617783e-6
8941 1.6254803906617783e-6
8942 1.6254803906617783e-6
8943 1.6254803906617783e-6
8944 1.6254803906617783e-6
8945 1.6254803906617783e-6
8946 1.6254803906617783e-6
8947 1.6254803906617783e-6
8948 1.6254803906617783e-6
8949 1.6254803906617783e-6
8950 1.6254803906617783e-6
8951 1.6254803906617783e-6
8952 1.6254803906617783e-6
8953 1.6254803906617783e-6
8954 1.6254803906617783e-6
8955 1.6254803906617783e-6
8956 1.6254803906617783e-6
8957 1.6254803906617783e-6
8958 1.6254803906617783e-6
8959 1.6254803906617783e-6
8960 1.6254803906617783e-6
8961 1.6254803906617783e-6
8962 1.6249196282300964e-6
8963 1.625108685121331e-6
8964 1.6258969563411056e-6
8965 1.6252320521840011e-6
8966 1.6271642774198067e-6
8967 1.6271642774198067e-6
8968 1.6271642774198067e-6
8969 1.6271642774198067e-6
8970 1.6271642774198067e-6
8971 1.6271642774198067e-6
8972 1.6271642774198067e-6
8973 1.6271642774198067e-6
8974 1.6271642774198067e-6
8975 1.6271642774198067e-6
8976 1.6271642774198067e-6
8977 1.6271642774198067e-6
8978 1.6271642774198067e-6
8979 1.6271642774198067e-6
8980 1.6271642774198067e-6
8981 1.6271642774198067e-6
8982 1.627979784737742e-6
8983 1.6281560239225692e-6
8984 1.6281031530227757e-6
8985 1.628620655389742e-6
8986 1.6285902142537974e-6
8987 1.6282313264197574e-6
8988 1.6283899421750475e-6
8989 1.6285165136643193e-6
8990 1.6283947491205411e-6
8991 1.6283210491422447e-6
8992 1.6285741927319702e-6
8993 1.629202245677563e-6
8994 1.630943812114424e-6
8995 1.6312113753182667e-6
8996 1.6305160306363994e-6
8997 1.6305160306363994e-6
8998 1.6305160306363994e-6
8999 1.6305160306363994e-6
9000 1.6305160306363994e-6
9001 1.6305160306363994e-6
9002 1.6305160306363994e-6
9003 1.6305160306363994e-6
9004 1.6305160306363994e-6
9005 1.6305160306363994e-6
9006 1.6305160306363994e-6
9007 1.6305160306363994e-6
9008 1.6305160306363994e-6
9009 1.6305160306363994e-6
9010 1.6305160306363994e-6
9011 1.6305160306363994e-6
9012 1.6305160306363994e-6
9013 1.6311136430572293e-6
9014 1.6313667872581365e-6
9015 1.6314997682117938e-6
9016 1.631374798630232e-6
9017 1.6317481048560255e-6
9018 1.6321630692388245e-6
9019 1.6320092598178463e-6
9020 1.6317224706655745e-6
9021 1.63157346819009e-6
9022 1.6318778819942626e-6
9023 1.6324835045648244e-6
9024 1.6323152755297287e-6
9025 1.6322992533967197e-6
9026 1.6322864363014943e-6
9027 1.632332898959266e-6
9028 1.6327959279075469e-6
9029 1.6326469260432442e-6
9030 1.632731841209056e-6
9031 1.6327062064074234e-6
9032 1.6326389146711489e-6
9033 1.6332397315185808e-6
9034 1.6342987691464362e-6
9035 1.6355244351240406e-6
9036 1.6374470464688587e-6
9037 1.6378171494904141e-6
9038 1.6381712309901424e-6
9039 1.6380574759849143e-6
9040 1.638142391761908e-6
9041 1.6379725608191025e-6
9042 1.638361889789087e-6
9043 1.6386358618461334e-6
9044 1.638525311267507e-6
9045 1.638525311267507e-6
9046 1.638525311267507e-6
9047 1.638525311267507e-6
9048 1.638525311267507e-6
9049 1.638525311267507e-6
9050 1.638525311267507e-6
9051 1.638525311267507e-6
9052 1.638525311267507e-6
9053 1.638525311267507e-6
9054 1.6385749795742443e-6
9055 1.638642270699337e-6
9056 1.6389242541284788e-6
9057 1.6392959590577443e-6
9058 1.642364127548667e-6
9059 1.642364127548667e-6
9060 1.6414508867473306e-6
9061 1.6414348646143216e-6
9062 1.6414797259755652e-6
9063 1.6413803905844543e-6
9064 1.6411769140791025e-6
9065 1.6411769140791025e-6
9066 1.6411769140791025e-6
9067 1.6411769140791025e-6
9068 1.6411769140791025e-6
9069 1.6411769140791025e-6
9070 1.6411769140791025e-6
9071 1.6411769140791025e-6
9072 1.6414941443673188e-6
9073 1.6420212612364544e-6
9074 1.642449042714479e-6
9075 1.6433799069453527e-6
9076 1.643652277094689e-6
9077 1.6444485590753772e-6
9078 1.6444485590753772e-6
9079 1.6444485590753772e-6
9080 1.6444485590753772e-6
9081 1.6444485590753772e-6
9082 1.6444485590753772e-6
9083 1.6444485590753772e-6
9084 1.6444485590753772e-6
9085 1.6444485590753772e-6
9086 1.6444485590753772e-6
9087 1.6444485590753772e-6
9088 1.6444485590753772e-6
9089 1.6444485590753772e-6
9090 1.6444485590753772e-6
9091 1.6444485590753772e-6
9092 1.6444485590753772e-6
9093 1.6446552400073308e-6
9094 1.6446552400073308e-6
9095 1.6446552400073308e-6
9096 1.645871292093948e-6
9097 1.6472876156481335e-6
9098 1.6474173927863709e-6
9099 1.6474750706316582e-6
9100 1.6483690854845655e-6
9101 1.6482617399437228e-6
9102 1.6482617399437228e-6
9103 1.6482617399437228e-6
9104 1.6482617399437228e-6
9105 1.6482617399437228e-6
9106 1.6482617399437228e-6
9107 1.6482617399437228e-6
9108 1.6482617399437228e-6
9109 1.6482617399437228e-6
9110 1.6482617399437228e-6
9111 1.6482617399437228e-6
9112 1.6482617399437228e-6
9113 1.6482617399437228e-6
9114 1.6486462613570318e-6
9115 1.6486462613570318e-6
9116 1.6486462613570318e-6
9117 1.6486462613570318e-6
9118 1.648981115685967e-6
9119 1.6488929967047354e-6
9120 1.649266302930529e-6
9121 1.6513218964513682e-6
9122 1.6519579601578744e-6
9123 1.6518922709404917e-6
9124 1.6521534259023126e-6
9125 1.6521534259023126e-6
9126 1.6521534259023126e-6
9127 1.6521534259023126e-6
9128 1.6521534259023126e-6
9129 1.6521534259023126e-6
9130 1.6521534259023126e-6
9131 1.6521534259023126e-6
9132 1.6521534259023126e-6
9133 1.6521534259023126e-6
9134 1.6521534259023126e-6
9135 1.6521534259023126e-6
9136 1.6521534259023126e-6
9137 1.6521534259023126e-6
9138 1.6521534259023126e-6
9139 1.6521534259023126e-6
9140 1.6521534259023126e-6
9141 1.6521534259023126e-6
9142 1.6521534259023126e-6
9143 1.6521534259023126e-6
9144 1.6526997687198773e-6
9145 1.6531660014835782e-6
9146 1.653832506326029e-6
9147 1.6555228031596245e-6
9148 1.6562293636401892e-6
9149 1.6562293636401892e-6
9150 1.6562293636401892e-6
9151 1.6562293636401892e-6
9152 1.6562293636401892e-6
9153 1.6562293636401892e-6
9154 1.6562293636401892e-6
9155 1.6562293636401892e-6
9156 1.657115367121001e-6
9157 1.6571522164989673e-6
9158 1.6571522164989673e-6
9159 1.6571522164989673e-6
9160 1.6571522164989673e-6
9161 1.657751431438689e-6
9162 1.65685261025147e-6
9163 1.6567292431887999e-6
9164 1.6563991945829945e-6
9165 1.6567244368544882e-6
9166 1.6573236505718464e-6
9167 1.6592606821419636e-6
9168 1.6595602890006427e-6
9169 1.6595090193973772e-6
9170 1.66001851100343e-6
9171 1.66001851100343e-6
9172 1.66001851100343e-6
9173 1.66001851100343e-6
9174 1.66001851100343e-6
9175 1.66001851100343e-6
9176 1.66001851100343e-6
9177 1.66001851100343e-6
9178 1.66001851100343e-6
9179 1.66001851100343e-6
9180 1.66001851100343e-6
9181 1.66001851100343e-6
9182 1.66001851100343e-6
9183 1.66001851100343e-6
9184 1.66001851100343e-6
9185 1.6606417576147109e-6
9186 1.6606417576147109e-6
9187 1.6609301498970564e-6
9188 1.6613659421359945e-6
9189 1.6611864979133835e-6
9190 1.6615101376659853e-6
9191 1.6611448422011054e-6
9192 1.6611720789104482e-6
9193 1.6609702043128063e-6
9194 1.66105672199751e-6
9195 1.66105672199751e-6
9196 1.66105672199751e-6
9197 1.66105672199751e-6
9198 1.66105672199751e-6
9199 1.66105672199751e-6
9200 1.66105672199751e-6
9201 1.66105672199751e-6
9202 1.66105672199751e-6
9203 1.66105672199751e-6
9204 1.66105672199751e-6
9205 1.66105672199751e-6
9206 1.66105672199751e-6
9207 1.66105672199751e-6
9208 1.66105672199751e-6
9209 1.661736044546368e-6
9210 1.6621093519945254e-6
9211 1.6640543943255563e-6
9212 1.6647881915154636e-6
9213 1.6647881915154636e-6
9214 1.6650573572381981e-6
9215 1.66517912300434e-6
9216 1.6652287900887136e-6
9217 1.66533934066734e-6
9218 1.6655428165615099e-6
9219 1.6653281254798245e-6
9220 1.6650108939692445e-6
9221 1.6652656406890438e-6
9222 1.665118240732451e-6
9223 1.665118240732451e-6
9224 1.665118240732451e-6
9225 1.665118240732451e-6
9226 1.665118240732451e-6
9227 1.665118240732451e-6
9228 1.665118240732451e-6
9229 1.665118240732451e-6
9230 1.665118240732451e-6
9231 1.665118240732451e-6
9232 1.665118240732451e-6
9233 1.665118240732451e-6
9234 1.665118240732451e-6
9235 1.665118240732451e-6
9236 1.665118240732451e-6
9237 1.665118240732451e-6
9238 1.6657366797870564e-6
9239 1.6657366797870564e-6
9240 1.66602667336593e-6
9241 1.6659786075780846e-6
9242 1.6660571151130564e-6
9243 1.665985016431288e-6
9244 1.666105179678538e-6
9245 1.665981812615868e-6
9246 1.665981812615868e-6
9247 1.6662830226046209e-6
9248 1.6661516441698555e-6
9249 1.6662461720042909e-6
9250 1.6663407010610901e-6
9251 1.6665169402459173e-6
9252 1.6663855618111519e-6
9253 1.6671850488296237e-6
9254 1.6693191474407074e-6
9255 1.6693191474407074e-6
9256 1.6693191474407074e-6
9257 1.6693191474407074e-6
9258 1.6693191474407074e-6
9259 1.6693191474407074e-6
9260 1.6693191474407074e-6
9261 1.6693191474407074e-6
9262 1.6693191474407074e-6
9263 1.6693191474407074e-6
9264 1.6693191474407074e-6
9265 1.6693191474407074e-6
9266 1.6693191474407074e-6
9267 1.6693191474407074e-6
9268 1.6693191474407074e-6
9269 1.6693191474407074e-6
9270 1.6693191474407074e-6
9271 1.6693191474407074e-6
9272 1.6693191474407074e-6
9273 1.6693191474407074e-6
9274 1.6693191474407074e-6
9275 1.6693191474407074e-6
9276 1.6691188753619573e-6
9277 1.6691188753619573e-6
9278 1.6691188753619573e-6
9279 1.6691188753619573e-6
9280 1.6691188753619573e-6
9281 1.6691188753619573e-6
9282 1.6691188753619573e-6
9283 1.6691188753619573e-6
9284 1.6691188753619573e-6
9285 1.6691188753619573e-6
9286 1.6691188753619573e-6
9287 1.6697693599049446e-6
9288 1.6698110156172227e-6
9289 1.6701010098072782e-6
9290 1.6725603513010374e-6
9291 1.6720893109806609e-6
9292 1.6717192085702872e-6
9293 1.6723168197687535e-6
9294 1.6723168197687535e-6
9295 1.6723168197687535e-6
9296 1.6723168197687535e-6
9297 1.6723168197687535e-6
9298 1.6723168197687535e-6
9299 1.6723168197687535e-6
9300 1.6723168197687535e-6
9301 1.6723168197687535e-6
9302 1.6723168197687535e-6
9303 1.6723168197687535e-6
9304 1.6723168197687535e-6
9305 1.6723168197687535e-6
9306 1.6723168197687535e-6
9307 1.6723168197687535e-6
9308 1.6723168197687535e-6
9309 1.6723168197687535e-6
9310 1.6723168197687535e-6
9311 1.6723168197687535e-6
9312 1.6723168197687535e-6
9313 1.6723168197687535e-6
9314 1.6723168197687535e-6
9315 1.6723168197687535e-6
9316 1.6723168197687535e-6
9317 1.6723168197687535e-6
9318 1.6723168197687535e-6
9319 1.6723168197687535e-6
9320 1.6723168197687535e-6
9321 1.6723168197687535e-6
9322 1.6723168197687535e-6
9323 1.6723168197687535e-6
9324 1.6723168197687535e-6
9325 1.6735168497223617e-6
9326 1.6738260698608463e-6
9327 1.6755644312599236e-6
9328 1.677717756430618e-6
9329 1.6772739540419482e-6
9330 1.6772739540419482e-6
9331 1.6781263125713955e-6
9332 1.6785589003837319e-6
9333 1.6806833869373738e-6
9334 1.680438254108562e-6
9335 1.680438254108562e-6
9336 1.6814043664208738e-6
9337 1.6814043664208738e-6
9338 1.6823448445427347e-6
9339 1.681896234597389e-6
9340 1.681896234597389e-6
9341 1.681896234597389e-6
9342 1.681896234597389e-6
9343 1.681896234597389e-6
9344 1.681896234597389e-6
9345 1.681896234597389e-6
9346 1.681896234597389e-6
9347 1.681896234597389e-6
9348 1.681896234597389e-6
9349 1.681896234597389e-6
9350 1.681896234597389e-6
9351 1.681896234597389e-6
9352 1.681896234597389e-6
9353 1.681896234597389e-6
9354 1.681896234597389e-6
9355 1.681896234597389e-6
9356 1.681896234597389e-6
9357 1.681896234597389e-6
9358 1.681896234597389e-6
9359 1.6822743483798582e-6
9360 1.6822743483798582e-6
9361 1.6822743483798582e-6
9362 1.6822743483798582e-6
9363 1.6822743483798582e-6
9364 1.6822743483798582e-6
9365 1.6826540634588554e-6
9366 1.6826540634588554e-6
9367 1.68272295710284e-6
9368 1.6828575393530254e-6
9369 1.6829280355159017e-6
9370 1.6829280355159017e-6
9371 1.6829280355159017e-6
9372 1.6829280355159017e-6
9373 1.6829280355159017e-6
9374 1.6829280355159017e-6
9375 1.6829280355159017e-6
9376 1.6829280355159017e-6
9377 1.6829280355159017e-6
9378 1.6829280355159017e-6
9379 1.6829280355159017e-6
9380 1.6829280355159017e-6
9381 1.6829280355159017e-6
9382 1.6829280355159017e-6
9383 1.683259687251781e-6
9384 1.6829568759665001e-6
9385 1.6829568759665001e-6
9386 1.6829568759665001e-6
9387 1.6829568759665001e-6
9388 1.6829568759665001e-6
9389 1.6829568759665001e-6
9390 1.6829568759665001e-6
9391 1.6829568759665001e-6
9392 1.6829568759665001e-6
9393 1.6829568759665001e-6
9394 1.6829568759665001e-6
9395 1.6829568759665001e-6
9396 1.6829568759665001e-6
9397 1.6829568759665001e-6
9398 1.6829568759665001e-6
9399 1.6829568759665001e-6
9400 1.6829568759665001e-6
9401 1.6829568759665001e-6
9402 1.6829568759665001e-6
9403 1.6829568759665001e-6
9404 1.6829568759665001e-6
9405 1.6840735932731884e-6
9406 1.6840735932731884e-6
9407 1.6842946932080775e-6
9408 1.6843683931863739e-6
9409 1.6843475653302348e-6
9410 1.6842450261237038e-6
9411 1.6843940273768246e-6
9412 1.6842914881702936e-6
9413 1.6842914881702936e-6
9414 1.6842914881702936e-6
9415 1.6842914881702936e-6
9416 1.6842914881702936e-6
9417 1.6842914881702936e-6
9418 1.6842914881702936e-6
9419 1.6842914881702936e-6
9420 1.6842914881702936e-6
9421 1.6842914881702936e-6
9422 1.6842914881702936e-6
9423 1.6842914881702936e-6
9424 1.68452540581159e-6
9425 1.6860426672757782e-6
9426 1.68744617434592e-6
9427 1.6879220203894262e-6
9428 1.6879220203894262e-6
9429 1.6869911561585525e-6
9430 1.6868854125254197e-6
9431 1.6869078429004506e-6
9432 1.6880325715792342e-6
9433 1.6890275225085988e-6
9434 1.688880121940824e-6
9435 1.688817637761225e-6
9436 1.6888368637096542e-6
9437 1.6903669428802496e-6
9438 1.6914115602828057e-6
9439 1.6920460220816022e-6
9440 1.6919611069157904e-6
9441 1.6919611069157904e-6
9442 1.6929160040405868e-6
9443 1.6932556659261977e-6
9444 1.6948898855998521e-6
9445 1.6959361067436638e-6
9446 1.6961331750069939e-6
9447 1.6961331750069939e-6
9448 1.6961331750069939e-6
9449 1.6961331750069939e-6
9450 1.6970159746723857e-6
9451 1.6970159746723857e-6
9452 1.6975831441237256e-6
9453 1.6994689073129412e-6
9454 1.699637135125673e-6
9455 1.6998358052967129e-6
9456 1.7005455708150613e-6
9457 1.7007458410602656e-6
9458 1.7006384967417867e-6
9459 1.7006529157447222e-6
9460 1.7006529157447222e-6
9461 1.7006529157447222e-6
9462 1.7006529157447222e-6
9463 1.7006529157447222e-6
9464 1.7012056661931268e-6
9465 1.702343211355954e-6
9466 1.7039213557032133e-6
9467 1.7039213557032133e-6
9468 1.7039213557032133e-6
9469 1.7039213557032133e-6
9470 1.7039213557032133e-6
9471 1.7039213557032133e-6
9472 1.7039213557032133e-6
9473 1.7039213557032133e-6
9474 1.7039213557032133e-6
9475 1.7039213557032133e-6
9476 1.7039213557032133e-6
9477 1.7039213557032133e-6
9478 1.7039213557032133e-6
9479 1.7039213557032133e-6
9480 1.7039213557032133e-6
9481 1.7039213557032133e-6
9482 1.7039213557032133e-6
9483 1.7059288828250251e-6
9484 1.7071128924791698e-6
9485 1.7075214467864015e-6
9486 1.7075214467864015e-6
9487 1.7075214467864015e-6
9488 1.7075214467864015e-6
9489 1.7075214467864015e-6
9490 1.7075214467864015e-6
9491 1.7075214467864015e-6
9492 1.7075214467864015e-6
9493 1.7075214467864015e-6
9494 1.7075214467864015e-6
9495 1.7075214467864015e-6
9496 1.7075214467864015e-6
9497 1.7075214467864015e-6
9498 1.7075214467864015e-6
9499 1.7075214467864015e-6
9500 1.7075214467864015e-6
9501 1.7075214467864015e-6
9502 1.7075214467864015e-6
9503 1.7075214467864015e-6
9504 1.707827463109466e-6
9505 1.7083065135795743e-6
9506 1.7077361390904507e-6
9507 1.7077169125308397e-6
9508 1.7077169125308397e-6
9509 1.7081350807290588e-6
9510 1.7084026439329015e-6
9511 1.7084026439329015e-6
9512 1.7084026439329015e-6
9513 1.7084026439329015e-6
9514 1.7084026439329015e-6
9515 1.7084026439329015e-6
9516 1.709093181669275e-6
9517 1.7088015855715096e-6
9518 1.7085884957863523e-6
9519 1.7085884957863523e-6
9520 1.7085884957863523e-6
9521 1.7094392511857258e-6
9522 1.7113874979433585e-6
9523 1.7114003150385838e-6
9524 1.711579759261195e-6
9525 1.7122030058724758e-6
9526 1.7118056655303957e-6
9527 1.7118056655303957e-6
9528 1.7118056655303957e-6
9529 1.7118056655303957e-6
9530 1.7118056655303957e-6
9531 1.7118056655303957e-6
9532 1.7118056655303957e-6
9533 1.7118056655303957e-6
9534 1.7118056655303957e-6
9535 1.7118056655303957e-6
9536 1.7118056655303957e-6
9537 1.7118056655303957e-6
9538 1.7118056655303957e-6
9539 1.7118056655303957e-6
9540 1.7118056655303957e-6
9541 1.7118056655303957e-6
9542 1.7118056655303957e-6
9543 1.7118056655303957e-6
9544 1.7118056655303957e-6
9545 1.7118056655303957e-6
9546 1.7118056655303957e-6
9547 1.7121180894843002e-6
9548 1.712042786987112e-6
9549 1.71339662697288e-6
9550 1.71359850095934e-6
9551 1.7145517955652446e-6
9552 1.7165272802545839e-6
9553 1.7165272802545839e-6
9554 1.7165272802545839e-6
9555 1.7165272802545839e-6
9556 1.7165272802545839e-6
9557 1.7166410346486303e-6
9558 1.7166410346486303e-6
9559 1.7171537306812848e-6
9560 1.7171537306812848e-6
9561 1.7179067532084393e-6
9562 1.7183265239255502e-6
9563 1.717991669596615e-6
9564 1.717991669596615e-6
9565 1.717991669596615e-6
9566 1.7184018264227385e-6
9567 1.7184018264227385e-6
9568 1.718847232552664e-6
9569 1.718847232552664e-6
9570 1.7188648565933832e-6
9571 1.7188648565933832e-6
9572 1.7188648565933832e-6
9573 1.7188648565933832e-6
9574 1.7188648565933832e-6
9575 1.7202219003945713e-6
9576 1.7220676073344913e-6
9577 1.7233285207823522e-6
9578 1.7233285207823522e-6
9579 1.7233285207823522e-6
9580 1.7241824824418733e-6
9581 1.724270601423105e-6
9582 1.7240414901161205e-6
9583 1.7250572701239876e-6
9584 1.725374501023386e-6
9585 1.7277601425388487e-6
9586 1.7280421247456267e-6
9587 1.7280421247456267e-6
9588 1.7295481710222995e-6
9589 1.7296907646445803e-6
9590 1.7296907646445803e-6
9591 1.7296907646445803e-6
9592 1.7296907646445803e-6
9593 1.7296907646445803e-6
9594 1.7305142833346113e-6
9595 1.7305142833346113e-6
9596 1.7305142833346113e-6
9597 1.7305142833346113e-6
9598 1.7308875907827687e-6
9599 1.7308875907827687e-6
9600 1.7308875907827687e-6
9601 1.7308875907827687e-6
9602 1.7308875907827687e-6
9603 1.7308875907827687e-6
9604 1.7308875907827687e-6
9605 1.7318376815732531e-6
9606 1.7319738663423304e-6
9607 1.7334783107112933e-6
9608 1.7340647067222442e-6
9609 1.7347440298822842e-6
9610 1.7347440298822842e-6
9611 1.7347440298822842e-6
9612 1.7347440298822842e-6
9613 1.7347440298822842e-6
9614 1.735102918327506e-6
9615 1.7350917031399906e-6
9616 1.7350917031399906e-6
9617 1.7350917031399906e-6
9618 1.7350917031399906e-6
9619 1.7350917031399906e-6
9620 1.7362324521182377e-6
9621 1.737506183272506e-6
9622 1.7383473260032559e-6
9623 1.739383934478444e-6
9624 1.739383934478444e-6
9625 1.739383934478444e-6
9626 1.739383934478444e-6
9627 1.739383934478444e-6
9628 1.739383934478444e-6
9629 1.739383934478444e-6
9630 1.739383934478444e-6
9631 1.739383934478444e-6
9632 1.739383934478444e-6
9633 1.739383934478444e-6
9634 1.739383934478444e-6
9635 1.7401177316683513e-6
9636 1.740125741818083e-6
9637 1.7403917037253977e-6
9638 1.7413129546764659e-6
9639 1.7419201797659194e-6
9640 1.742988831284762e-6
9641 1.7431410387980303e-6
9642 1.744067096694592e-6
9643 1.744067096694592e-6
9644 1.744067096694592e-6
9645 1.744067096694592e-6
9646 1.7449418849878883e-6
9647 1.7463117458843018e-6
9648 1.7465312439114808e-6
9649 1.74722979301995e-6
9650 1.7474348714330117e-6
9651 1.7474845391285672e-6
9652 1.7471576961717275e-6
9653 1.7473595695470056e-6
9654 1.7484009849676873e-6
9655 1.7499438812335081e-6
9656 1.7500143767852027e-6
9657 1.7500143767852027e-6
9658 1.7510830283040453e-6
9659 1.75126888137986e-6
9660 1.7527589049123417e-6
9661 1.754274563857638e-6
9662 1.7541047335260144e-6
9663 1.7549522844987862e-6
9664 1.7553015590530207e-6
9665 1.7553928830720362e-6
9666 1.7563269523406936e-6
9667 1.7584225996661009e-6
9668 1.7584225996661009e-6
9669 1.7584225996661009e-6
9670 1.7584225996661009e-6
9671 1.7584225996661009e-6
9672 1.7584225996661009e-6
9673 1.7584225996661009e-6
9674 1.7592621411003228e-6
9675 1.7595072739291347e-6
9676 1.7614731441163046e-6
9677 1.761825623097141e-6
9678 1.761825623097141e-6
9679 1.761825623097141e-6
9680 1.761825623097141e-6
9681 1.761825623097141e-6
9682 1.761825623097141e-6
9683 1.761825623097141e-6
9684 1.761825623097141e-6
9685 1.761825623097141e-6
9686 1.7626779810154064e-6
9687 1.7626779810154064e-6
9688 1.7626779810154064e-6
9689 1.7626779810154064e-6
9690 1.7626779810154064e-6
9691 1.7626779810154064e-6
9692 1.7626779810154064e-6
9693 1.7626779810154064e-6
9694 1.7626779810154064e-6
9695 1.7630208479388012e-6
9696 1.7632483555045302e-6
9697 1.7629231138442184e-6
9698 1.7630032226757183e-6
9699 1.7627212392465765e-6
9700 1.762708422762533e-6
9701 1.762849413865922e-6
9702 1.7622598122060058e-6
9703 1.7623319102765922e-6
9704 1.7624200304801877e-6
9705 1.7624200304801877e-6
9706 1.7624200304801877e-6
9707 1.7629439429227215e-6
9708 1.763458240251904e-6
9709 1.7634326060614531e-6
9710 1.7635255325993605e-6
9711 1.7652558826263422e-6
9712 1.7659528298271014e-6
9713 1.7657285254656105e-6
9714 1.7657285254656105e-6
9715 1.7657285254656105e-6
9716 1.7651373212868022e-6
9717 1.7655234464413668e-6
9718 1.7655891356587495e-6
9719 1.7654209072348359e-6
9720 1.7651100851886413e-6
9721 1.7653872616722895e-6
9722 1.765263893387256e-6
9723 1.765263893387256e-6
9724 1.765263893387256e-6
9725 1.765263893387256e-6
9726 1.765263893387256e-6
9727 1.765263893387256e-6
9728 1.7654369287566632e-6
9729 1.7657541590448796e-6
9730 1.7664527087645306e-6
9731 1.7683817289625524e-6
9732 1.7696122012744688e-6
9733 1.7696122012744688e-6
9734 1.7696122012744688e-6
9735 1.7690930963886108e-6
9736 1.769147569807296e-6
9737 1.769107515391546e-6
9738 1.769107515391546e-6
9739 1.769107515391546e-6
9740 1.769107515391546e-6
9741 1.769107515391546e-6
9742 1.7696762885841416e-6
9743 1.7705222382603854e-6
9744 1.7706728426435799e-6
9745 1.7719754124149008e-6
9746 1.7720250794992744e-6
9747 1.7726290995509443e-6
9748 1.7728293710185125e-6
9749 1.7728822431406698e-6
9750 1.7725826362819907e-6
9751 1.7726931862494352e-6
9752 1.7728005330126417e-6
9753 1.7734574251864689e-6
9754 1.773691342827765e-6
9755 1.7744411615394997e-6
9756 1.7754809744412898e-6
9757 1.7762900729060214e-6
9758 1.777517340180154e-6
9759 1.777517340180154e-6
9760 1.777517340180154e-6
9761 1.7783264392560677e-6
9762 1.7783648917641078e-6
9763 1.7783648917641078e-6
9764 1.7783648917641078e-6
9765 1.7783648917641078e-6
9766 1.7783648917641078e-6
9767 1.7783648917641078e-6
9768 1.7783648917641078e-6
9769 1.7783648917641078e-6
9770 1.7783648917641078e-6
9771 1.7783648917641078e-6
9772 1.7783648917641078e-6
9773 1.7783648917641078e-6
9774 1.7783648917641078e-6
9775 1.7783648917641078e-6
9776 1.7783648917641078e-6
9777 1.7783648917641078e-6
9778 1.7783648917641078e-6
9779 1.7783648917641078e-6
9780 1.7783648917641078e-6
9781 1.7787189726526541e-6
9782 1.7787189726526541e-6
9783 1.7787189726526541e-6
9784 1.7790874725441358e-6
9785 1.7790874725441358e-6
9786 1.7790874725441358e-6
9787 1.779786021652605e-6
9788 1.7797091166365248e-6
9789 1.780266674641605e-6
9790 1.7801401025411512e-6
9791 1.7803676119404258e-6
9792 1.7803676119404258e-6
9793 1.7803676119404258e-6
9794 1.7805742928723794e-6
9795 1.7805742928723794e-6
9796 1.7805742928723794e-6
9797 1.7805742928723794e-6
9798 1.7805742928723794e-6
9799 1.7805742928723794e-6
9800 1.7805742928723794e-6
9801 1.7805742928723794e-6
9802 1.7805742928723794e-6
9803 1.7805742928723794e-6
9804 1.7805742928723794e-6
9805 1.7805742928723794e-6
9806 1.7805742928723794e-6
9807 1.7805742928723794e-6
9808 1.7805742928723794e-6
9809 1.7805742928723794e-6
9810 1.7805742928723794e-6
9811 1.7805742928723794e-6
9812 1.7805742928723794e-6
9813 1.7805742928723794e-6
9814 1.7805742928723794e-6
9815 1.7805742928723794e-6
9816 1.7805742928723794e-6
9817 1.7805742928723794e-6
9818 1.7805742928723794e-6
9819 1.7805742928723794e-6
9820 1.7805742928723794e-6
9821 1.7805742928723794e-6
9822 1.7805742928723794e-6
9823 1.7805742928723794e-6
9824 1.7805742928723794e-6
9825 1.7805742928723794e-6
9826 1.7805742928723794e-6
9827 1.7805742928723794e-6
9828 1.7805742928723794e-6
9829 1.7805742928723794e-6
9830 1.7805742928723794e-6
9831 1.7805742928723794e-6
9832 1.781543609000111e-6
9833 1.7813705748530676e-6
9834 1.781761506341944e-6
9835 1.7821876846898949e-6
9836 1.7831618083743023e-6
9837 1.7849979026455986e-6
9838 1.7849979026455986e-6
9839 1.7849979026455986e-6
9840 1.7849979026455986e-6
9841 1.7849979026455986e-6
9842 1.7849979026455986e-6
9843 1.7849979026455986e-6
9844 1.7849979026455986e-6
9845 1.7849979026455986e-6
9846 1.785254250661926e-6
9847 1.785254250661926e-6
9848 1.785254250661926e-6
9849 1.785254250661926e-6
9850 1.7855907062873894e-6
9851 1.7855907062873894e-6
9852 1.7855907062873894e-6
9853 1.7855907062873894e-6
9854 1.7860008618911494e-6
9855 1.7860008618911494e-6
9856 1.7860008618911494e-6
9857 1.7862652212795722e-6
9858 1.7862027364887913e-6
9859 1.7862027364887913e-6
9860 1.788165403471723e-6
9861 1.788766219707973e-6
9862 1.7890209658165904e-6
9863 1.7893414005314086e-6
9864 1.7902065767672632e-6
9865 1.7902065767672632e-6
9866 1.7902065767672632e-6
9867 1.7902065767672632e-6
9868 1.7902065767672632e-6
9869 1.7902065767672632e-6
9870 1.7902065767672632e-6
9871 1.7902065767672632e-6
9872 1.7902065767672632e-6
9873 1.7902065767672632e-6
9874 1.7902065767672632e-6
9875 1.7902065767672632e-6
9876 1.7902065767672632e-6
9877 1.7902065767672632e-6
9878 1.7902065767672632e-6
9879 1.7902065767672632e-6
9880 1.7902065767672632e-6
9881 1.7902065767672632e-6
9882 1.7902065767672632e-6
9883 1.7902065767672632e-6
9884 1.7902065767672632e-6
9885 1.7902065767672632e-6
9886 1.7902065767672632e-6
9887 1.7902065767672632e-6
9888 1.7907304879874331e-6
9889 1.7907224778377014e-6
9890 1.7907224778377014e-6
9891 1.7907224778377014e-6
9892 1.791249594095655e-6
9893 1.791249594095655e-6
9894 1.791249594095655e-6
9895 1.791249594095655e-6
9896 1.791249594095655e-6
9897 1.791249594095655e-6
9898 1.7918327862911859e-6
9899 1.7918327862911859e-6
9900 1.7925073025057323e-6
9901 1.7926002290436396e-6
9902 1.7925249265464514e-6
9903 1.7927492315191242e-6
9904 1.792335869655217e-6
9905 1.7921788570300007e-6
9906 1.7921788570300007e-6
9907 1.7921788570300007e-6
9908 1.7921788570300007e-6
9909 1.7921788570300007e-6
9910 1.7921788570300007e-6
9911 1.7921788570300007e-6
9912 1.7921788570300007e-6
9913 1.7921788570300007e-6
9914 1.7921788570300007e-6
9915 1.7921788570300007e-6
9916 1.7921788570300007e-6
9917 1.7921788570300007e-6
9918 1.7921788570300007e-6
9919 1.7921788570300007e-6
9920 1.7921788570300007e-6
9921 1.7921788570300007e-6
9922 1.7921788570300007e-6
9923 1.7921788570300007e-6
9924 1.7921788570300007e-6
9925 1.7921788570300007e-6
9926 1.7921788570300007e-6
9927 1.7921788570300007e-6
9928 1.7925201202121397e-6
9929 1.7925201202121397e-6
9930 1.7925201202121397e-6
9931 1.7925201202121397e-6
9932 1.7919545526685098e-6
9933 1.7919962089919698e-6
9934 1.7918039482853153e-6
9935 1.791930520385769e-6
9936 1.7920570918750408e-6
9937 1.7920282526468062e-6
9938 1.7920282526468062e-6
9939 1.7920282526468062e-6
9940 1.7920282526468062e-6
9941 1.7929254713151335e-6
9942 1.7929254713151335e-6
9943 1.7929254713151335e-6
9944 1.7935246850324917e-6
9945 1.7935246850324917e-6
9946 1.7935246850324917e-6
9947 1.7935246850324917e-6
9948 1.7935246850324917e-6
9949 1.793878765921038e-6
9950 1.7942841164128499e-6
9951 1.7947615655864299e-6
9952 1.7949666439994917e-6
9953 1.7951508945564144e-6
9954 1.7949858693367389e-6
9955 1.7948320599157607e-6
9956 1.794942610494387e-6
9957 1.7963541283254425e-6
9958 1.7974083608413498e-6
9959 1.7974083608413498e-6
9960 1.7974083608413498e-6
9961 1.7974083608413498e-6
9962 1.7974083608413498e-6
9963 1.7974083608413498e-6
9964 1.7974083608413498e-6
9965 1.7974083608413498e-6
9966 1.7974083608413498e-6
9967 1.7974083608413498e-6
9968 1.7974083608413498e-6
9969 1.7985427009663933e-6
9970 1.7985218731102543e-6
9971 1.7990682147054552e-6
9972 1.799447931006816e-6
9973 1.7999750472647697e-6
9974 1.8001865345310352e-6
9975 1.8002426110797943e-6
9976 1.8007072419357851e-6
9977 1.8013208758784424e-6
9978 1.8031040986387634e-6
9979 1.8031040986387634e-6
9980 1.8031040986387634e-6
9981 1.8031040986387634e-6
9982 1.8031040986387634e-6
9983 1.8031040986387634e-6
9984 1.8031040986387634e-6
9985 1.8031040986387634e-6
9986 1.8031040986387634e-6
9987 1.8031040986387634e-6
9988 1.8031040986387634e-6
9989 1.8031040986387634e-6
9990 1.8031040986387634e-6
9991 1.8031040986387634e-6
9992 1.8031040986387634e-6
9993 1.8031040986387634e-6
9994 1.8036953022063898e-6
9995 1.8036199997092016e-6
9996 1.8036199997092016e-6
9997 1.8036199997092016e-6
9998 1.8036199997092016e-6
9999 1.8039596615948125e-6
10000 1.8045829082060934e-6
10001 1.8058758640864268e-6
