1 0
2 0
3 0
4 1.621401967247192e-9
5 1.621401967247192e-9
6 2.2158093502935406e-9
7 2.114872662654495e-9
8 2.114872662654495e-9
9 2.114872662654495e-9
10 2.114872662654495e-9
11 2.114872662654495e-9
12 2.114872662654495e-9
13 2.114872662654495e-9
14 2.114872662654495e-9
15 2.114872662654495e-9
16 2.114872662654495e-9
17 2.114872662654495e-9
18 2.114872662654495e-9
19 3.0136938498735958e-9
20 6.3782647728735955e-9
21 6.3782647728735955e-9
22 6.3782647728735955e-9
23 6.3782647728735955e-9
24 6.3782647728735955e-9
25 6.3782647728735955e-9
26 6.3782647728735955e-9
27 6.3782647728735955e-9
28 6.3782647728735955e-9
29 6.3782647728735955e-9
30 6.3782647728735955e-9
31 6.3782647728735955e-9
32 6.3782647728735955e-9
33 6.3782647728735955e-9
34 6.3782647728735955e-9
35 6.3782647728735955e-9
36 6.3782647728735955e-9
37 5.710157411530899e-9
38 5.710157411530899e-9
39 5.710157411530899e-9
40 5.710157411530899e-9
41 5.710157411530899e-9
42 5.710157411530899e-9
43 5.952086424922752e-9
44 6.331802726283706e-9
45 6.331802726283706e-9
46 6.331802726283706e-9
47 6.6842810959382015e-9
48 7.2674732914691e-9
49 9.020255527027385e-9
50 9.483284475308284e-9
51 9.957528611104633e-9
52 9.957528611104633e-9
53 9.957528611104633e-9
54 9.957528611104633e-9
55 9.957528611104633e-9
56 9.957528611104633e-9
57 9.957528611104633e-9
58 9.957528611104633e-9
59 9.121192214666431e-9
60 9.239753554206459e-9
61 9.348701002759128e-9
62 9.348701002759128e-9
63 9.348701002759128e-9
64 9.348701002759128e-9
65 9.348701002759128e-9
66 9.576211013215587e-9
67 9.69316922268188e-9
68 9.62908313537289e-9
69 9.507316146867275e-9
70 9.537757893993679e-9
71 9.709190744509129e-9
72 9.709190744509129e-9
73 9.776483091965588e-9
74 9.776483091965588e-9
75 9.776483091965588e-9
76 9.776483091965588e-9
77 9.776483091965588e-9
78 9.776483091965588e-9
79 9.776483091965588e-9
80 9.776483091965588e-9
81 1.0575970110437496e-8
82 1.0575970110437496e-8
83 1.0771435854875697e-8
84 1.0771435854875697e-8
85 1.0771435854875697e-8
86 1.0771435854875697e-8
87 1.0771435854875697e-8
88 1.0771435854875697e-8
89 1.0771435854875697e-8
90 1.0771435854875697e-8
91 1.0771435854875697e-8
92 1.0771435854875697e-8
93 1.0771435854875697e-8
94 1.0771435854875697e-8
95 1.1098280034079348e-8
96 1.1010161052847606e-8
97 1.1535674791909403e-8
98 1.1721526645360247e-8
99 1.3339725408369376e-8
100 1.3842809383582156e-8
101 1.3998220712270357e-8
102 1.438274273676123e-8
103 1.438274273676123e-8
104 1.438274273676123e-8
105 1.438274273676123e-8
106 1.438274273676123e-8
107 1.438274273676123e-8
108 1.438274273676123e-8
109 1.438274273676123e-8
110 1.438274273676123e-8
111 1.438274273676123e-8
112 1.438274273676123e-8
113 1.438274273676123e-8
114 1.438274273676123e-8
115 1.438274273676123e-8
116 1.438274273676123e-8
117 1.438274273676123e-8
118 1.438274273676123e-8
119 1.438274273676123e-8
120 1.438274273676123e-8
121 1.438274273676123e-8
122 1.438274273676123e-8
123 1.438274273676123e-8
124 1.438274273676123e-8
125 1.438274273676123e-8
126 1.438274273676123e-8
127 1.438274273676123e-8
128 1.438274273676123e-8
129 1.438274273676123e-8
130 1.5140572820591284e-8
131 1.532161833973033e-8
132 1.4986763399613056e-8
133 1.5398522744628505e-8
134 1.7478148548208558e-8
135 1.8562822200060383e-8
136 1.8562822200060383e-8
137 1.8562822200060383e-8
138 1.8562822200060383e-8
139 1.8562822200060383e-8
140 1.8562822200060383e-8
141 1.8562822200060383e-8
142 1.8562822200060383e-8
143 1.8562822200060383e-8
144 1.8562822200060383e-8
145 1.8562822200060383e-8
146 1.898900177037499e-8
147 1.898900177037499e-8
148 1.898900177037499e-8
149 1.898900177037499e-8
150 1.898900177037499e-8
151 1.898900177037499e-8
152 1.9471257278266842e-8
153 1.9774068563547743e-8
154 2.0382896171893248e-8
155 2.114713388656319e-8
156 2.1041390864612347e-8
157 2.1256082557479623e-8
158 2.1847286736287908e-8
159 2.1948223423926954e-8
160 2.2041148739470496e-8
161 2.2159710079010523e-8
162 2.2206173347964175e-8
163 2.1965846853464174e-8
164 2.2113246810056872e-8
165 2.2079601247510523e-8
166 2.21068385680351e-8
167 2.2034740497448724e-8
168 2.1928996864316e-8
169 2.202833164424507e-8
170 2.1943416478433273e-8
171 2.2252636005735942e-8
172 2.2161312597902375e-8
173 2.2068386059995072e-8
174 2.1985072801893246e-8
175 2.250257578004142e-8
176 2.3425429861183272e-8
177 2.417364666520785e-8
178 2.4732806577997878e-8
179 2.6081839007090576e-8
180 2.7006295607124284e-8
181 2.7201760740380604e-8
182 2.799964523996066e-8
183 2.92541486122542e-8
184 2.9587401644661504e-8
185 3.118316942145785e-8
186 3.107261945401333e-8
187 3.124565421223875e-8
188 3.148598070673875e-8
189 3.16974679730042e-8
190 3.1873707769013325e-8
191 3.1873707769013325e-8
192 3.1873707769013325e-8
193 3.1873707769013325e-8
194 3.1873707769013325e-8
195 3.229027467070433e-8
196 3.212845448881248e-8
197 3.2184530426389724e-8
198 3.213165952659618e-8
199 3.213165952659618e-8
200 3.220215568947258e-8
201 3.220215568947258e-8
202 3.2839822526052635e-8
203 3.292794272964814e-8
204 3.292794272964814e-8
205 3.292794272964814e-8
206 3.292794272964814e-8
207 3.292794272964814e-8
208 3.292794272964814e-8
209 3.292794272964814e-8
210 3.292794272964814e-8
211 3.292794272964814e-8
212 3.292794272964814e-8
213 3.292794272964814e-8
214 3.3016062933243646e-8
215 3.310738695225909e-8
216 3.260430358822819e-8
217 3.260430358822819e-8
218 3.260430358822819e-8
219 3.260430358822819e-8
220 3.260430358822819e-8
221 3.260430358822819e-8
222 3.260430358822819e-8
223 3.260430358822819e-8
224 3.260430358822819e-8
225 3.260430358822819e-8
226 3.170708369753718e-8
227 3.170708369753718e-8
228 3.2328727789926224e-8
229 3.2328727789926224e-8
230 3.2328727789926224e-8
231 3.302887941728718e-8
232 3.2626732740895324e-8
233 3.296799714539813e-8
234 3.266838967553718e-8
235 3.287987694180263e-8
236 3.345826280302173e-8
237 3.4023830957833525e-8
238 3.580384929155263e-8
239 3.688692103569448e-8
240 3.851953819045712e-8
241 3.894732027966358e-8
242 4.0962858162389e-8
243 4.1408263069950804e-8
244 4.143550039047538e-8
245 4.135058522466358e-8
246 4.1783172425818073e-8
247 4.1783172425818073e-8
248 4.1783172425818073e-8
249 4.247851649650347e-8
250 4.247851649650347e-8
251 4.2839006238253466e-8
252 4.288867332262706e-8
253 4.322192635503436e-8
254 4.33196580048897e-8
255 4.333087441476891e-8
256 4.308574158595712e-8
257 4.308574158595712e-8
258 4.308574158595712e-8
259 4.308574158595712e-8
260 4.308574158595712e-8
261 4.308574158595712e-8
262 4.331485289294167e-8
263 4.338855287123802e-8
264 4.338855287123802e-8
265 4.387881975122538e-8
266 4.384357166978718e-8
267 4.392047668586723e-8
268 4.4306600618068076e-8
269 4.395732606383353e-8
270 4.404544504506527e-8
271 4.417842599872257e-8
272 4.420406141153718e-8
273 4.411433991141358e-8
274 4.4385108153039985e-8
275 4.539608121541358e-8
276 4.670505922875628e-8
277 4.723698182102173e-8
278 4.6895718027700804e-8
279 4.6775555391632686e-8
280 4.6775555391632686e-8
281 4.6775555391632686e-8
282 4.6775555391632686e-8
283 4.6775555391632686e-8
284 4.6775555391632686e-8
285 4.6775555391632686e-8
286 4.6775555391632686e-8
287 4.6775555391632686e-8
288 4.6775555391632686e-8
289 4.6775555391632686e-8
290 4.7054333782990834e-8
291 4.7054333782990834e-8
292 4.7054333782990834e-8
293 4.7054333782990834e-8
294 4.7054333782990834e-8
295 4.7776914563018926e-8
296 4.8010832815497155e-8
297 4.9127550122185353e-8
298 5.143949043698802e-8
299 5.143949043698802e-8
300 5.143949043698802e-8
301 5.2338311624207125e-8
302 5.219091166761443e-8
303 5.2291848355253473e-8
304 5.2743662727200804e-8
305 5.388280979773803e-8
306 5.476721198202174e-8
307 5.573011925654983e-8
308 5.573011925654983e-8
309 5.573011925654983e-8
310 5.5957629267006286e-8
311 5.5875917916614434e-8
312 5.5875917916614434e-8
313 5.5875917916614434e-8
314 5.639822661789253e-8
315 5.639822661789253e-8
316 5.662894044376893e-8
317 5.679236192218887e-8
318 5.688849227551612e-8
319 5.692374157931808e-8
320 5.6761920175062463e-8
321 5.691092265054701e-8
322 5.691092265054701e-8
323 5.691092265054701e-8
324 5.691092265054701e-8
325 5.714323899531527e-8
326 5.714323899531527e-8
327 5.714323899531527e-8
328 5.829360186454982e-8
329 6.054946685295713e-8
330 6.064079087197257e-8
331 6.133933998044167e-8
332 6.133933998044167e-8
333 6.133933998044167e-8
334 6.133933998044167e-8
335 6.133933998044167e-8
336 6.133933998044167e-8
337 6.133933998044167e-8
338 6.236313136040445e-8
339 6.220611812400627e-8
340 6.206833083603717e-8
341 6.206833083603717e-8
342 6.206833083603717e-8
343 6.206833083603717e-8
344 6.22862257331425e-8
345 6.22862257331425e-8
346 6.22862257331425e-8
347 6.22862257331425e-8
348 6.22862257331425e-8
349 6.22862257331425e-8
350 6.22862257331425e-8
351 6.30023988823307e-8
352 6.30023988823307e-8
353 6.36865289878644e-8
354 6.36865289878644e-8
355 6.36865289878644e-8
356 6.36865289878644e-8
357 6.36865289878644e-8
358 6.36865289878644e-8
359 6.36865289878644e-8
360 6.36865289878644e-8
361 6.36865289878644e-8
362 6.36865289878644e-8
363 6.36865289878644e-8
364 6.36865289878644e-8
365 6.412552504222255e-8
366 6.489937603669797e-8
367 6.765351866600626e-8
368 6.765351866600626e-8
369 6.771440093789531e-8
370 6.807489067964532e-8
371 6.899614285307719e-8
372 6.994463112466989e-8
373 7.103731614861722e-8
374 7.103731614861722e-8
375 7.103731614861722e-8
376 7.103731614861722e-8
377 7.103731614861722e-8
378 7.103731614861722e-8
379 7.103731614861722e-8
380 7.103731614861722e-8
381 7.103731614861722e-8
382 7.103731614861722e-8
383 7.223414228680542e-8
384 7.420161438168534e-8
385 7.575572583502172e-8
386 7.575572583502172e-8
387 7.575572583502172e-8
388 7.575572583502172e-8
389 7.575572583502172e-8
390 7.575572583502172e-8
391 7.575572583502172e-8
392 7.575572583502172e-8
393 7.575572583502172e-8
394 7.575572583502172e-8
395 7.575572583502172e-8
396 7.575572583502172e-8
397 7.575572583502172e-8
398 7.575572583502172e-8
399 7.575572583502172e-8
400 7.575572583502172e-8
401 7.575572583502172e-8
402 7.575572583502172e-8
403 7.575572583502172e-8
404 7.575572583502172e-8
405 7.575572583502172e-8
406 7.575572583502172e-8
407 7.575572583502172e-8
408 7.575572583502172e-8
409 7.575572583502172e-8
410 7.575572583502172e-8
411 7.575572583502172e-8
412 7.575572583502172e-8
413 7.575572583502172e-8
414 7.575572583502172e-8
415 7.575572583502172e-8
416 7.575572583502172e-8
417 7.575572583502172e-8
418 7.575572583502172e-8
419 7.575572583502172e-8
420 7.575572583502172e-8
421 7.575572583502172e-8
422 7.575572583502172e-8
423 7.575572583502172e-8
424 7.575572583502172e-8
425 7.575572583502172e-8
426 7.575572583502172e-8
427 7.575572583502172e-8
428 7.575572583502172e-8
429 7.575572583502172e-8
430 7.575572583502172e-8
431 7.575572583502172e-8
432 7.575572583502172e-8
433 7.575572583502172e-8
434 7.575572583502172e-8
435 7.575572583502172e-8
436 7.575572583502172e-8
437 7.575572583502172e-8
438 7.575572583502172e-8
439 7.575572583502172e-8
440 7.575572583502172e-8
441 7.575572583502172e-8
442 7.575572583502172e-8
443 7.575572583502172e-8
444 7.675067737556807e-8
445 7.692211022608352e-8
446 7.813495788609896e-8
447 8.007038815968814e-8
448 8.014248561909263e-8
449 8.011204387196622e-8
450 8.025944505092267e-8
451 8.263226824879626e-8
452 8.330358064792266e-8
453 8.330358064792266e-8
454 8.330358064792266e-8
455 8.330358064792266e-8
456 8.330358064792266e-8
457 8.330358064792266e-8
458 8.442991062323445e-8
459 8.442991062323445e-8
460 8.442991062323445e-8
461 8.513006102823165e-8
462 8.513006102823165e-8
463 8.513006102823165e-8
464 8.513006102823165e-8
465 8.513006102823165e-8
466 8.620191697367617e-8
467 8.838247946489527e-8
468 8.903136087780889e-8
469 8.903136087780889e-8
470 8.903136087780889e-8
471 8.903136087780889e-8
472 8.903136087780889e-8
473 8.903136087780889e-8
474 8.903136087780889e-8
475 8.903136087780889e-8
476 8.903136087780889e-8
477 8.944312022282434e-8
478 8.93421835351853e-8
479 8.947356196995075e-8
480 8.947356196995075e-8
481 8.947356196995075e-8
482 8.947356196995075e-8
483 8.98644922364634e-8
484 8.966742519549711e-8
485 8.982604033960526e-8
486 9.083220706766705e-8
487 9.209151677427239e-8
488 9.329635428455609e-8
489 9.405578627609612e-8
490 9.410705587936157e-8
491 9.410705587936157e-8
492 9.485527207220427e-8
493 9.47479253089978e-8
494 9.47479253089978e-8
495 9.47479253089978e-8
496 9.480400246893881e-8
497 9.498825302586156e-8
498 9.488250878154696e-8
499 9.488250878154696e-8
500 9.543686297120706e-8
501 9.510360993879976e-8
502 9.511322260742335e-8
503 9.518532128919161e-8
504 9.518532128919161e-8
505 9.57637071504107e-8
506 9.610817537033346e-8
507 9.776322351130889e-8
508 9.910905212498164e-8
509 1.0026902827402166e-7
510 9.967622279868528e-8
511 9.984925816809258e-8
512 9.984925816809258e-8
513 1.0006074543435803e-7
514 1.0006074543435803e-7
515 1.0006074543435803e-7
516 1.0006074543435803e-7
517 1.0006074543435803e-7
518 1.0006074543435803e-7
519 1.0058305535799989e-7
520 1.0069681097441e-7
521 1.0074487553989175e-7
522 1.0082498437139175e-7
523 1.0065034648309259e-7
524 1.0065034648309259e-7
525 1.0065034648309259e-7
526 9.996141126561084e-8
527 1.0018731875717545e-7
528 1.0018731875717545e-7
529 1.0018731875717545e-7
530 1.0018731875717545e-7
531 1.008089628495645e-7
532 1.0156038469137278e-7
533 1.0347178145985734e-7
534 1.0395243444885733e-7
535 1.0408701669904273e-7
536 1.0408701669904273e-7
537 1.0408701669904273e-7
538 1.0408701669904273e-7
539 1.0408701669904273e-7
540 1.0408701669904273e-7
541 1.0408701669904273e-7
542 1.0408701669904273e-7
543 1.0408701669904273e-7
544 1.0408701669904273e-7
545 1.0408701669904273e-7
546 1.0408701669904273e-7
547 1.0408701669904273e-7
548 1.0408701669904273e-7
549 1.0408701669904273e-7
550 1.0408701669904273e-7
551 1.0408701669904273e-7
552 1.0408701669904273e-7
553 1.0408701669904273e-7
554 1.0408701669904273e-7
555 1.0408701669904273e-7
556 1.0408701669904273e-7
557 1.0408701669904273e-7
558 1.0408701669904273e-7
559 1.0408701669904273e-7
560 1.0408701669904273e-7
561 1.0408701669904273e-7
562 1.0477274810110452e-7
563 1.0502428978311997e-7
564 1.0502428978311997e-7
565 1.0502428978311997e-7
566 1.0597758438902447e-7
567 1.062163089758145e-7
568 1.0744357624994722e-7
569 1.0794665961397812e-7
570 1.0926044518399637e-7
571 1.0926044518399637e-7
572 1.0926044518399637e-7
573 1.0926044518399637e-7
574 1.0926044518399637e-7
575 1.0926044518399637e-7
576 1.0926044518399637e-7
577 1.0926044518399637e-7
578 1.0926044518399637e-7
579 1.0926044518399637e-7
580 1.0926044518399637e-7
581 1.0926044518399637e-7
582 1.0926044518399637e-7
583 1.0926044518399637e-7
584 1.0926044518399637e-7
585 1.0926044518399637e-7
586 1.0926044518399637e-7
587 1.0926044518399637e-7
588 1.0926044518399637e-7
589 1.0926044518399637e-7
590 1.0926044518399637e-7
591 1.0926044518399637e-7
592 1.0926044518399637e-7
593 1.0926044518399637e-7
594 1.0926044518399637e-7
595 1.0926044518399637e-7
596 1.0926044518399637e-7
597 1.0926044518399637e-7
598 1.0940944765948093e-7
599 1.0940944765948093e-7
600 1.0982761585770003e-7
601 1.0982761585770003e-7
602 1.0997341329540088e-7
603 1.1000866137683909e-7
604 1.1001507023004274e-7
605 1.1009998539585453e-7
606 1.1009998539585453e-7
607 1.1009998539585453e-7
608 1.1009998539585453e-7
609 1.1009998539585453e-7
610 1.1094753820217194e-7
611 1.1102604329241633e-7
612 1.1151951459900551e-7
613 1.1150509498488824e-7
614 1.1267147937595004e-7
615 1.1423360220138191e-7
616 1.1423360220138191e-7
617 1.1423360220138191e-7
618 1.1423360220138191e-7
619 1.1423360220138191e-7
620 1.1423360220138191e-7
621 1.1423360220138191e-7
622 1.1423360220138191e-7
623 1.1423360220138191e-7
624 1.1423360220138191e-7
625 1.1423360220138191e-7
626 1.1423360220138191e-7
627 1.1492894749443107e-7
628 1.1487927918769371e-7
629 1.1487927918769371e-7
630 1.1487927918769371e-7
631 1.1487927918769371e-7
632 1.1529263982923725e-7
633 1.153038550167527e-7
634 1.1517247780435101e-7
635 1.1517247780435101e-7
636 1.1517247780435101e-7
637 1.1517247780435101e-7
638 1.1517247780435101e-7
639 1.1517247780435101e-7
640 1.1517247780435101e-7
641 1.1517247780435101e-7
642 1.1517247780435101e-7
643 1.1517247780435101e-7
644 1.1517247780435101e-7
645 1.1517247780435101e-7
646 1.1517247780435101e-7
647 1.1517247780435101e-7
648 1.1517247780435101e-7
649 1.1517247780435101e-7
650 1.1517247780435101e-7
651 1.1517247780435101e-7
652 1.1517247780435101e-7
653 1.1517247780435101e-7
654 1.1517247780435101e-7
655 1.1517247780435101e-7
656 1.1517247780435101e-7
657 1.1517247780435101e-7
658 1.1517247780435101e-7
659 1.1517247780435101e-7
660 1.1517247780435101e-7
661 1.1517247780435101e-7
662 1.1517247780435101e-7
663 1.1517247780435101e-7
664 1.1593030788818108e-7
665 1.1593030788818108e-7
666 1.1593030788818108e-7
667 1.1593030788818108e-7
668 1.1593030788818108e-7
669 1.1679548229049006e-7
670 1.1887190366746829e-7
671 1.20581425838311e-7
672 1.20581425838311e-7
673 1.20581425838311e-7
674 1.20581425838311e-7
675 1.20581425838311e-7
676 1.20581425838311e-7
677 1.2126395342495284e-7
678 1.2107009019940648e-7
679 1.2115180032743458e-7
680 1.2136008377828008e-7
681 1.2137931033789103e-7
682 1.2101080922404553e-7
683 1.2167250895454834e-7
684 1.2182471524545283e-7
685 1.236095405246656e-7
686 1.2420875485320563e-7
687 1.2420875485320563e-7
688 1.2420875485320563e-7
689 1.2420875485320563e-7
690 1.2420875485320563e-7
691 1.2420875485320563e-7
692 1.2420875485320563e-7
693 1.2420875485320563e-7
694 1.2420875485320563e-7
695 1.2420875485320563e-7
696 1.2420875485320563e-7
697 1.2420875485320563e-7
698 1.2420875485320563e-7
699 1.2420875485320563e-7
700 1.2420875485320563e-7
701 1.2420875485320563e-7
702 1.2420875485320563e-7
703 1.2420875485320563e-7
704 1.2420875485320563e-7
705 1.2420875485320563e-7
706 1.2612335604829201e-7
707 1.274980238901993e-7
708 1.2818215338455113e-7
709 1.2878297023198302e-7
710 1.3021852034577935e-7
711 1.307824865928812e-7
712 1.3257211820640576e-7
713 1.34751078178733e-7
714 1.34751078178733e-7
715 1.34751078178733e-7
716 1.34751078178733e-7
717 1.34751078178733e-7
718 1.34751078178733e-7
719 1.34751078178733e-7
720 1.34751078178733e-7
721 1.34751078178733e-7
722 1.34751078178733e-7
723 1.34751078178733e-7
724 1.34751078178733e-7
725 1.34751078178733e-7
726 1.34751078178733e-7
727 1.34751078178733e-7
728 1.34751078178733e-7
729 1.34751078178733e-7
730 1.34751078178733e-7
731 1.34751078178733e-7
732 1.34751078178733e-7
733 1.34751078178733e-7
734 1.34751078178733e-7
735 1.34751078178733e-7
736 1.34751078178733e-7
737 1.34751078178733e-7
738 1.34751078178733e-7
739 1.34751078178733e-7
740 1.34751078178733e-7
741 1.34751078178733e-7
742 1.34751078178733e-7
743 1.34751078178733e-7
744 1.34751078178733e-7
745 1.34751078178733e-7
746 1.34751078178733e-7
747 1.34751078178733e-7
748 1.34751078178733e-7
749 1.34751078178733e-7
750 1.3494334010775126e-7
751 1.3490488698852934e-7
752 1.3607127137959112e-7
753 1.360055815510265e-7
754 1.360055815510265e-7
755 1.360055815510265e-7
756 1.360055815510265e-7
757 1.360055815510265e-7
758 1.360055815510265e-7
759 1.367618091159647e-7
760 1.367618091159647e-7
761 1.367618091159647e-7
762 1.367618091159647e-7
763 1.367618091159647e-7
764 1.367618091159647e-7
765 1.367618091159647e-7
766 1.367618091159647e-7
767 1.367618091159647e-7
768 1.367618091159647e-7
769 1.3750682149338745e-7
770 1.3733859245829195e-7
771 1.386267426154956e-7
772 1.4016323002811286e-7
773 1.410652556419338e-7
774 1.414866288779366e-7
775 1.414866288779366e-7
776 1.416019857908748e-7
777 1.420073362826866e-7
778 1.420826387798748e-7
779 1.4268986325814657e-7
780 1.4412381146423295e-7
781 1.4502103135492398e-7
782 1.4502103135492398e-7
783 1.4502103135492398e-7
784 1.4502103135492398e-7
785 1.4502103135492398e-7
786 1.4502103135492398e-7
787 1.4502103135492398e-7
788 1.4502103135492398e-7
789 1.4502103135492398e-7
790 1.4502103135492398e-7
791 1.4502103135492398e-7
792 1.4502103135492398e-7
793 1.4502103135492398e-7
794 1.4502103135492398e-7
795 1.4502103135492398e-7
796 1.4502103135492398e-7
797 1.4502103135492398e-7
798 1.4682828639798576e-7
799 1.4788412082160305e-7
800 1.4925398232919854e-7
801 1.49345306348214e-7
802 1.49345306348214e-7
803 1.49345306348214e-7
804 1.49345306348214e-7
805 1.49345306348214e-7
806 1.49345306348214e-7
807 1.49345306348214e-7
808 1.49345306348214e-7
809 1.49345306348214e-7
810 1.49345306348214e-7
811 1.49345306348214e-7
812 1.49345306348214e-7
813 1.49345306348214e-7
814 1.49345306348214e-7
815 1.49345306348214e-7
816 1.49345306348214e-7
817 1.49345306348214e-7
818 1.49345306348214e-7
819 1.49345306348214e-7
820 1.49345306348214e-7
821 1.49345306348214e-7
822 1.49345306348214e-7
823 1.49345306348214e-7
824 1.499092732064977e-7
825 1.499092732064977e-7
826 1.499092732064977e-7
827 1.499092732064977e-7
828 1.499092732064977e-7
829 1.499092732064977e-7
830 1.500871149102168e-7
831 1.500646845351859e-7
832 1.500646845351859e-7
833 1.500646845351859e-7
834 1.500646845351859e-7
835 1.500646845351859e-7
836 1.500646845351859e-7
837 1.500646845351859e-7
838 1.500646845351859e-7
839 1.500646845351859e-7
840 1.500646845351859e-7
841 1.5110609995586778e-7
842 1.5070715770607776e-7
843 1.5136084606448507e-7
844 1.5263297408867958e-7
845 1.5301749611317046e-7
846 1.5335555547988955e-7
847 1.54984970041596e-7
848 1.5493209791943868e-7
849 1.5521408134858053e-7
850 1.5506027253878418e-7
851 1.551035307699541e-7
852 1.551131434385777e-7
853 1.554271711337378e-7
854 1.5552009706046324e-7
855 1.5972260689879328e-7
856 1.6039552120562965e-7
857 1.6082810901796603e-7
858 1.6105081147174693e-7
859 1.6101235957488877e-7
860 1.6127191262899972e-7
861 1.6075120461306784e-7
862 1.60828109017966e-7
863 1.610428000996514e-7
864 1.600318270372778e-7
865 1.6026093834426235e-7
866 1.6060861037960504e-7
867 1.5977708031747863e-7
868 1.5930443808939227e-7
869 1.5917626285886488e-7
870 1.5921791979350673e-7
871 1.5923714635311767e-7
872 1.5940537538821317e-7
873 1.5921311345919493e-7
874 1.594983007037567e-7
875 1.5965210951355306e-7
876 1.5982834930956218e-7
877 1.6000298658667946e-7
878 1.6002061001621667e-7
879 1.6002221192392665e-7
880 1.609002052550067e-7
881 1.620569769774449e-7
882 1.630054652490376e-7
883 1.630054652490376e-7
884 1.630054652490376e-7
885 1.63083970339282e-7
886 1.630471209613157e-7
887 1.6321695129293928e-7
888 1.632073386243157e-7
889 1.632073386243157e-7
890 1.632073386243157e-7
891 1.632073386243157e-7
892 1.632073386243157e-7
893 1.6370561443167102e-7
894 1.6424554900721384e-7
895 1.6441057239334377e-7
896 1.6433527050733745e-7
897 1.6424715091492382e-7
898 1.644618426077911e-7
899 1.6516840247717383e-7
900 1.6660235007207832e-7
901 1.6839358359331287e-7
902 1.6837435703370193e-7
903 1.6827342034606288e-7
904 1.6831988361501653e-7
905 1.6831988361501653e-7
906 1.68627502456973e-7
907 1.68627502456973e-7
908 1.6936930979661204e-7
909 1.6968493878830023e-7
910 1.7005824623645752e-7
911 1.7247913522217662e-7
912 1.7247913522217662e-7
913 1.7247913522217662e-7
914 1.7247913522217662e-7
915 1.7247913522217662e-7
916 1.7247913522217662e-7
917 1.7247913522217662e-7
918 1.7340519434110218e-7
919 1.7340519434110218e-7
920 1.7340519434110218e-7
921 1.736439195390741e-7
922 1.7361027275416398e-7
923 1.7361027275416398e-7
924 1.7361027275416398e-7
925 1.7361027275416398e-7
926 1.7361027275416398e-7
927 1.7361027275416398e-7
928 1.7361027275416398e-7
929 1.7361027275416398e-7
930 1.7361027275416398e-7
931 1.7361027275416398e-7
932 1.7375927400728478e-7
933 1.7375927400728478e-7
934 1.7389545877636203e-7
935 1.752925576044821e-7
936 1.775452175551057e-7
937 1.7784482502496666e-7
938 1.7784482502496666e-7
939 1.7784482502496666e-7
940 1.7784482502496666e-7
941 1.7784482502496666e-7
942 1.7784482502496666e-7
943 1.7916181441040487e-7
944 1.8104597385836485e-7
945 1.8148016357841118e-7
946 1.8210341018969208e-7
947 1.8210341018969208e-7
948 1.8210341018969208e-7
949 1.8210341018969208e-7
950 1.8256323532255303e-7
951 1.8256323532255303e-7
952 1.8287245668340133e-7
953 1.828484225671148e-7
954 1.828484225671148e-7
955 1.8315443766781565e-7
956 1.8313841614598841e-7
957 1.8338194767827213e-7
958 1.8338194767827213e-7
959 1.8338194767827213e-7
960 1.8417662714006848e-7
961 1.8513633121035852e-7
962 1.8655425667225389e-7
963 1.8660072055238942e-7
964 1.872479994464112e-7
965 1.872479994464112e-7
966 1.8746909938130026e-7
967 1.8794975298148213e-7
968 1.8745948671267666e-7
969 1.8745948671267666e-7
970 1.874915309786949e-7
971 1.8772064228567945e-7
972 1.8799301182383395e-7
973 1.878039549325994e-7
974 1.878039549325994e-7
975 1.878039549325994e-7
976 1.8836952308741118e-7
977 1.8832626363387747e-7
978 1.8857620401936482e-7
979 1.9054848428210218e-7
980 1.915097896489203e-7
981 1.9216508113740132e-7
982 1.9207535902609585e-7
983 1.9207535902609585e-7
984 1.9254159178979668e-7
985 1.9238778298000033e-7
986 1.9246308547718854e-7
987 1.9299340555056215e-7
988 1.924486652518894e-7
989 1.924214285425467e-7
990 1.9258805444756846e-7
991 1.9278031515422296e-7
992 1.9420465069168574e-7
993 1.957956109118065e-7
994 1.9617212339774752e-7
995 1.9760767351154388e-7
996 1.9812037015538025e-7
997 1.9935244437500665e-7
998 2.001102744588367e-7
999 2.000541972988957e-7
1000 2.009321918523395e-7
1001 2.020937699090895e-7
1002 2.0388500343032406e-7
1003 2.0357097573516396e-7
1004 2.0363987060151226e-7
1005 2.038930135800558e-7
1006 2.0459316520741674e-7
1007 2.0629948295165762e-7
1008 2.0735211355985495e-7
1009 2.0735211355985495e-7
1010 2.0735211355985495e-7
1011 2.0614567414186127e-7
1012 2.0614567414186127e-7
1013 2.0614567414186127e-7
1014 2.0614567414186127e-7
1015 2.0614567414186127e-7
1016 2.0614567414186127e-7
1017 2.0614567414186127e-7
1018 2.0614567414186127e-7
1019 2.0614567414186127e-7
1020 2.0614567414186127e-7
1021 2.0614567414186127e-7
1022 2.0614567414186127e-7
1023 2.0614567414186127e-7
1024 2.0614567414186127e-7
1025 2.0614567414186127e-7
1026 2.0614567414186127e-7
1027 2.0614567414186127e-7
1028 2.0614567414186127e-7
1029 2.0614567414186127e-7
1030 2.0614567414186127e-7
1031 2.0614567414186127e-7
1032 2.0793370384767587e-7
1033 2.0848645551844413e-7
1034 2.0818524552969134e-7
1035 2.0905522809985777e-7
1036 2.1132711399891044e-7
1037 2.1132711399891044e-7
1038 2.1132711399891044e-7
1039 2.120224592919596e-7
1040 2.128908387320523e-7
1041 2.1274984701748135e-7
1042 2.1273702992225594e-7
1043 2.1417578446265412e-7
1044 2.1420141926428684e-7
1045 2.1494803354941957e-7
1046 2.16200935625185e-7
1047 2.16200935625185e-7
1048 2.16200935625185e-7
1049 2.16200935625185e-7
1050 2.1726157699429595e-7
1051 2.181091285782496e-7
1052 2.1812835452667867e-7
1053 2.1905280990434861e-7
1054 2.2133911602870043e-7
1055 2.2133911602870043e-7
1056 2.2133911602870043e-7
1057 2.2133911602870043e-7
1058 2.2133911602870043e-7
1059 2.2133911602870043e-7
1060 2.2133911602870043e-7
1061 2.2178772475168216e-7
1062 2.2168678806404312e-7
1063 2.2196716897429313e-7
1064 2.2181656397991673e-7
1065 2.2176209056123133e-7
1066 2.223420783301604e-7
1067 2.2299897050398764e-7
1068 2.2513787667174677e-7
1069 2.2513787667174677e-7
1070 2.2513787667174677e-7
1071 2.2513787667174677e-7
1072 2.2513787667174677e-7
1073 2.2618730285334228e-7
1074 2.279128471571941e-7
1075 2.283230045944996e-7
1076 2.284223387632468e-7
1077 2.285809545185368e-7
1078 2.2840631724141953e-7
1079 2.2840631724141953e-7
1080 2.2840631724141953e-7
1081 2.2840631724141953e-7
1082 2.2840631724141953e-7
1083 2.2840631724141953e-7
1084 2.2840631724141953e-7
1085 2.2840631724141953e-7
1086 2.2840631724141953e-7
1087 2.2840631724141953e-7
1088 2.2840631724141953e-7
1089 2.2840631724141953e-7
1090 2.2840631724141953e-7
1091 2.2940287130085773e-7
1092 2.2949900165418497e-7
1093 2.3155459456384227e-7
1094 2.321890569738205e-7
1095 2.321890569738205e-7
1096 2.321890569738205e-7
1097 2.321890569738205e-7
1098 2.321890569738205e-7
1099 2.321890569738205e-7
1100 2.321890569738205e-7
1101 2.321890569738205e-7
1102 2.321890569738205e-7
1103 2.331103085360705e-7
1104 2.3283153014471237e-7
1105 2.3271777452830226e-7
1106 2.3271136567509863e-7
1107 2.3271136567509863e-7
1108 2.3271136567509863e-7
1109 2.3317920095769133e-7
1110 2.3312793135442588e-7
1111 2.3301898329469133e-7
1112 2.3344195782722223e-7
1113 2.343600055740523e-7
1114 2.3550876653557686e-7
1115 2.365005136495214e-7
1116 2.365005136495214e-7
1117 2.365005136495214e-7
1118 2.365005136495214e-7
1119 2.365005136495214e-7
1120 2.365005136495214e-7
1121 2.365005136495214e-7
1122 2.365005136495214e-7
1123 2.3689144391603404e-7
1124 2.369459185570832e-7
1125 2.369987906792405e-7
1126 2.3709972736687955e-7
1127 2.372887842581141e-7
1128 2.3713978178262956e-7
1129 2.3713978178262956e-7
1130 2.3713978178262956e-7
1131 2.377389954999877e-7
1132 2.39672823254685e-7
1133 2.4107472780593504e-7
1134 2.4107472780593504e-7
1135 2.4107472780593504e-7
1136 2.4107472780593504e-7
1137 2.4107472780593504e-7
1138 2.4107472780593504e-7
1139 2.4107472780593504e-7
1140 2.4107472780593504e-7
1141 2.4258558102810144e-7
1142 2.419687426588423e-7
1143 2.419687426588423e-7
1144 2.419687426588423e-7
1145 2.419687426588423e-7
1146 2.419687426588423e-7
1147 2.419687426588423e-7
1148 2.419687426588423e-7
1149 2.419687426588423e-7
1150 2.4278104616135775e-7
1151 2.4278104616135775e-7
1152 2.4278104616135775e-7
1153 2.431431384219996e-7
1154 2.4349241297623414e-7
1155 2.45256409788126e-7
1156 2.467640579725087e-7
1157 2.467640579725087e-7
1158 2.467640579725087e-7
1159 2.467640579725087e-7
1160 2.467640579725087e-7
1161 2.467640579725087e-7
1162 2.467640579725087e-7
1163 2.467640579725087e-7
1164 2.467640579725087e-7
1165 2.467640579725087e-7
1166 2.467640579725087e-7
1167 2.467640579725087e-7
1168 2.467640579725087e-7
1169 2.467640579725087e-7
1170 2.467640579725087e-7
1171 2.467640579725087e-7
1172 2.467640579725087e-7
1173 2.467640579725087e-7
1174 2.467640579725087e-7
1175 2.467640579725087e-7
1176 2.467640579725087e-7
1177 2.467640579725087e-7
1178 2.467640579725087e-7
1179 2.467640579725087e-7
1180 2.467640579725087e-7
1181 2.467640579725087e-7
1182 2.467640579725087e-7
1183 2.467640579725087e-7
1184 2.467640579725087e-7
1185 2.467640579725087e-7
1186 2.467640579725087e-7
1187 2.467640579725087e-7
1188 2.467640579725087e-7
1189 2.467640579725087e-7
1190 2.467640579725087e-7
1191 2.467640579725087e-7
1192 2.467640579725087e-7
1193 2.467640579725087e-7
1194 2.467640579725087e-7
1195 2.467640579725087e-7
1196 2.467640579725087e-7
1197 2.467640579725087e-7
1198 2.467640579725087e-7
1199 2.467640579725087e-7
1200 2.4704283636386686e-7
1201 2.4704283636386686e-7
1202 2.4704283636386686e-7
1203 2.4704283636386686e-7
1204 2.4726073370569975e-7
1205 2.4726073370569975e-7
1206 2.4784072086344696e-7
1207 2.4784072086344696e-7
1208 2.4806502461375597e-7
1209 2.4806502461375597e-7
1210 2.4806502461375597e-7
1211 2.4806502461375597e-7
1212 2.4806502461375597e-7
1213 2.4806502461375597e-7
1214 2.4806502461375597e-7
1215 2.4806502461375597e-7
1216 2.4806502461375597e-7
1217 2.4806502461375597e-7
1218 2.4845916114041606e-7
1219 2.4845916114041606e-7
1220 2.4891417871660145e-7
1221 2.4891417871660145e-7
1222 2.4902953562953967e-7
1223 2.4973449298003056e-7
1224 2.5008697196086693e-7
1225 2.515353397810706e-7
1226 2.5155456572949965e-7
1227 2.5120048422977143e-7
1228 2.5170356820498423e-7
1229 2.5186058144138243e-7
1230 2.5252708689501516e-7
1231 2.5252708689501516e-7
1232 2.5252708689501516e-7
1233 2.5252708689501516e-7
1234 2.5252708689501516e-7
1235 2.5252708689501516e-7
1236 2.5252708689501516e-7
1237 2.5252708689501516e-7
1238 2.5252708689501516e-7
1239 2.5252708689501516e-7
1240 2.5252708689501516e-7
1241 2.5252708689501516e-7
1242 2.5252708689501516e-7
1243 2.5252708689501516e-7
1244 2.5252708689501516e-7
1245 2.5252708689501516e-7
1246 2.5252708689501516e-7
1247 2.5252708689501516e-7
1248 2.5252708689501516e-7
1249 2.5252708689501516e-7
1250 2.5252708689501516e-7
1251 2.5252708689501516e-7
1252 2.5252708689501516e-7
1253 2.5252708689501516e-7
1254 2.5252708689501516e-7
1255 2.5252708689501516e-7
1256 2.5252708689501516e-7
1257 2.5252708689501516e-7
1258 2.5252708689501516e-7
1259 2.5252708689501516e-7
1260 2.5252708689501516e-7
1261 2.5252708689501516e-7
1262 2.5252708689501516e-7
1263 2.5252708689501516e-7
1264 2.5252708689501516e-7
1265 2.517324074332188e-7
1266 2.517324074332188e-7
1267 2.517324074332188e-7
1268 2.517324074332188e-7
1269 2.517324074332188e-7
1270 2.517324074332188e-7
1271 2.517324074332188e-7
1272 2.517324074332188e-7
1273 2.517324074332188e-7
1274 2.517324074332188e-7
1275 2.517324074332188e-7
1276 2.517324074332188e-7
1277 2.517324074332188e-7
1278 2.517324074332188e-7
1279 2.526456476233733e-7
1280 2.526456476233733e-7
1281 2.526456476233733e-7
1282 2.528411133678115e-7
1283 2.529084044929042e-7
1284 2.529692867647932e-7
1285 2.529692867647932e-7
1286 2.531919892185741e-7
1287 2.532544752317188e-7
1288 2.535829207074505e-7
1289 2.535829207074505e-7
1290 2.535829207074505e-7
1291 2.539530231178241e-7
1292 2.539530231178241e-7
1293 2.539530231178241e-7
1294 2.539530231178241e-7
1295 2.539530231178241e-7
1296 2.539530231178241e-7
1297 2.5519631252496595e-7
1298 2.568065005270615e-7
1299 2.574265433229224e-7
1300 2.574265433229224e-7
1301 2.574265433229224e-7
1302 2.574265433229224e-7
1303 2.574265433229224e-7
1304 2.574265433229224e-7
1305 2.574265433229224e-7
1306 2.574265433229224e-7
1307 2.574265433229224e-7
1308 2.574265433229224e-7
1309 2.574265433229224e-7
1310 2.574265433229224e-7
1311 2.574265433229224e-7
1312 2.574265433229224e-7
1313 2.574265433229224e-7
1314 2.574265433229224e-7
1315 2.574265433229224e-7
1316 2.574265433229224e-7
1317 2.574265433229224e-7
1318 2.591761211318789e-7
1319 2.591761211318789e-7
1320 2.591761211318789e-7
1321 2.591761211318789e-7
1322 2.591761211318789e-7
1323 2.595766652893789e-7
1324 2.60151847335178e-7
1325 2.600364904222398e-7
1326 2.615665689816534e-7
1327 2.6272013627748977e-7
1328 2.6272013627748977e-7
1329 2.6272013627748977e-7
1330 2.6272013627748977e-7
1331 2.6272013627748977e-7
1332 2.6272013627748977e-7
1333 2.6272013627748977e-7
1334 2.6272013627748977e-7
1335 2.6272013627748977e-7
1336 2.6272013627748977e-7
1337 2.6272013627748977e-7
1338 2.6272013627748977e-7
1339 2.6272013627748977e-7
1340 2.633946524920361e-7
1341 2.638512731982952e-7
1342 2.6553676308639703e-7
1343 2.6593570533618705e-7
1344 2.662417210480698e-7
1345 2.662417210480698e-7
1346 2.659549312846161e-7
1347 2.6574825096384436e-7
1348 2.6574825096384436e-7
1349 2.6574825096384436e-7
1350 2.6574825096384436e-7
1351 2.6574825096384436e-7
1352 2.6574825096384436e-7
1353 2.6574825096384436e-7
1354 2.6574825096384436e-7
1355 2.6574825096384436e-7
1356 2.6574825096384436e-7
1357 2.6574825096384436e-7
1358 2.6574825096384436e-7
1359 2.6574825096384436e-7
1360 2.6574825096384436e-7
1361 2.6574825096384436e-7
1362 2.6574825096384436e-7
1363 2.6574825096384436e-7
1364 2.6574825096384436e-7
1365 2.6574825096384436e-7
1366 2.6574825096384436e-7
1367 2.6574825096384436e-7
1368 2.6574825096384436e-7
1369 2.6574825096384436e-7
1370 2.6574825096384436e-7
1371 2.659068661079525e-7
1372 2.6655895194746795e-7
1373 2.6683933285771794e-7
1374 2.669418720642488e-7
1375 2.684463158220297e-7
1376 2.695630331287179e-7
1377 2.695630331287179e-7
1378 2.695630331287179e-7
1379 2.695630331287179e-7
1380 2.695630331287179e-7
1381 2.695630331287179e-7
1382 2.695630331287179e-7
1383 2.695630331287179e-7
1384 2.695630331287179e-7
1385 2.695630331287179e-7
1386 2.695630331287179e-7
1387 2.695630331287179e-7
1388 2.695630331287179e-7
1389 2.695630331287179e-7
1390 2.695630331287179e-7
1391 2.695630331287179e-7
1392 2.695630331287179e-7
1393 2.695630331287179e-7
1394 2.695630331287179e-7
1395 2.695630331287179e-7
1396 2.695630331287179e-7
1397 2.6983380014798057e-7
1398 2.6983380014798057e-7
1399 2.7016384814260415e-7
1400 2.703144531369806e-7
1401 2.701526329550887e-7
1402 2.701526329550887e-7
1403 2.706605226534314e-7
1404 2.7050511254710695e-7
1405 2.7050511254710695e-7
1406 2.7050511254710695e-7
1407 2.7076626812010975e-7
1408 2.7072140737004794e-7
1409 2.7072140737004794e-7
1410 2.711956515058443e-7
1411 2.70998584464878e-7
1412 2.7116200594329795e-7
1413 2.712260932529707e-7
1414 2.712260932529707e-7
1415 2.712260932529707e-7
1416 2.7181569430170525e-7
1417 2.7208325750554796e-7
1418 2.7368062780123615e-7
1419 2.744176288065634e-7
1420 2.745442009070171e-7
1421 2.745442009070171e-7
1422 2.745442009070171e-7
1423 2.745442009070171e-7
1424 2.753709246348317e-7
1425 2.77569110555588e-7
1426 2.774521517349398e-7
1427 2.777469522593071e-7
1428 2.776123693979398e-7
1429 2.7816191664210626e-7
1430 2.7816191664210626e-7
1431 2.7816191664210626e-7
1432 2.7816191664210626e-7
1433 2.7816191664210626e-7
1434 2.7816191664210626e-7
1435 2.7816191664210626e-7
1436 2.7816191664210626e-7
1437 2.7919371878298263e-7
1438 2.79227364345529e-7
1439 2.79227364345529e-7
1440 2.79387582008529e-7
1441 2.798826540004644e-7
1442 2.814095281332762e-7
1443 2.821080772417453e-7
1444 2.8249099735852623e-7
1445 2.8236923220356624e-7
1446 2.828915421272081e-7
1447 2.828915421272081e-7
1448 2.828915421272081e-7
1449 2.828915421272081e-7
1450 2.828915421272081e-7
1451 2.828915421272081e-7
1452 2.828915421272081e-7
1453 2.828915421272081e-7
1454 2.828915421272081e-7
1455 2.828915421272081e-7
1456 2.828915421272081e-7
1457 2.828915421272081e-7
1458 2.828915421272081e-7
1459 2.828915421272081e-7
1460 2.828915421272081e-7
1461 2.828915421272081e-7
1462 2.828915421272081e-7
1463 2.828915421272081e-7
1464 2.828915421272081e-7
1465 2.828915421272081e-7
1466 2.828915421272081e-7
1467 2.828915421272081e-7
1468 2.828915421272081e-7
1469 2.828915421272081e-7
1470 2.828915421272081e-7
1471 2.828915421272081e-7
1472 2.828915421272081e-7
1473 2.828915421272081e-7
1474 2.828915421272081e-7
1475 2.828915421272081e-7
1476 2.828915421272081e-7
1477 2.828915421272081e-7
1478 2.828915421272081e-7
1479 2.828915421272081e-7
1480 2.828915421272081e-7
1481 2.828915421272081e-7
1482 2.828915421272081e-7
1483 2.828915421272081e-7
1484 2.828915421272081e-7
1485 2.828915421272081e-7
1486 2.828915421272081e-7
1487 2.828915421272081e-7
1488 2.828915421272081e-7
1489 2.828915421272081e-7
1490 2.828915421272081e-7
1491 2.828915421272081e-7
1492 2.828915421272081e-7
1493 2.828915421272081e-7
1494 2.828915421272081e-7
1495 2.828915421272081e-7
1496 2.828915421272081e-7
1497 2.828915421272081e-7
1498 2.828915421272081e-7
1499 2.828915421272081e-7
1500 2.828915421272081e-7
1501 2.828915421272081e-7
1502 2.828915421272081e-7
1503 2.828915421272081e-7
1504 2.828915421272081e-7
1505 2.828915421272081e-7
1506 2.828915421272081e-7
1507 2.828915421272081e-7
1508 2.828915421272081e-7
1509 2.828915421272081e-7
1510 2.828915421272081e-7
1511 2.828915421272081e-7
1512 2.828915421272081e-7
1513 2.828915421272081e-7
1514 2.828915421272081e-7
1515 2.828915421272081e-7
1516 2.828915421272081e-7
1517 2.828915421272081e-7
1518 2.828915421272081e-7
1519 2.828915421272081e-7
1520 2.828915421272081e-7
1521 2.828915421272081e-7
1522 2.839057202273654e-7
1523 2.8375030889867717e-7
1524 2.8399063539317715e-7
1525 2.84232564406569e-7
1526 2.847260351019763e-7
1527 2.8428543591754444e-7
1528 2.8414604672186537e-7
1529 2.845017295181217e-7
1530 2.8516983749064627e-7
1531 2.8543419626788715e-7
1532 2.854486158820044e-7
1533 2.878807206664208e-7
1534 2.913237991243927e-7
1535 2.913237991243927e-7
1536 2.913237991243927e-7
1537 2.913237991243927e-7
1538 2.913237991243927e-7
1539 2.913237991243927e-7
1540 2.913237991243927e-7
1541 2.913237991243927e-7
1542 2.913237991243927e-7
1543 2.913237991243927e-7
1544 2.913237991243927e-7
1545 2.913237991243927e-7
1546 2.913237991243927e-7
1547 2.913237991243927e-7
1548 2.913237991243927e-7
1549 2.913237991243927e-7
1550 2.913237991243927e-7
1551 2.913237991243927e-7
1552 2.913237991243927e-7
1553 2.913237991243927e-7
1554 2.913237991243927e-7
1555 2.913237991243927e-7
1556 2.913237991243927e-7
1557 2.913237991243927e-7
1558 2.9234919363442924e-7
1559 2.9249338855323825e-7
1560 2.9284747005296647e-7
1561 2.9453135742217644e-7
1562 2.953420590169819e-7
1563 2.953420590169819e-7
1564 2.953420590169819e-7
1565 2.953420590169819e-7
1566 2.953420590169819e-7
1567 2.953420590169819e-7
1568 2.953420590169819e-7
1569 2.953420590169819e-7
1570 2.953420590169819e-7
1571 2.953420590169819e-7
1572 2.953420590169819e-7
1573 2.953420590169819e-7
1574 2.953420590169819e-7
1575 2.953420590169819e-7
1576 2.953420590169819e-7
1577 2.953420590169819e-7
1578 2.953420590169819e-7
1579 2.953420590169819e-7
1580 2.953420590169819e-7
1581 2.953420590169819e-7
1582 2.953420590169819e-7
1583 2.953420590169819e-7
1584 2.953420590169819e-7
1585 2.953420590169819e-7
1586 2.953420590169819e-7
1587 2.953420590169819e-7
1588 2.953420590169819e-7
1589 2.953420590169819e-7
1590 2.9502482811758373e-7
1591 2.9708362484266096e-7
1592 2.97923165665701e-7
1593 2.97923165665701e-7
1594 2.97923165665701e-7
1595 2.97923165665701e-7
1596 2.97923165665701e-7
1597 2.97923165665701e-7
1598 2.97923165665701e-7
1599 2.97923165665701e-7
1600 2.97923165665701e-7
1601 2.974601367174201e-7
1602 2.9711086216318555e-7
1603 2.9711086216318555e-7
1604 2.9711086216318555e-7
1605 2.9711086216318555e-7
1606 2.9711086216318555e-7
1607 2.9711086216318555e-7
1608 2.9711086216318555e-7
1609 2.9711086216318555e-7
1610 2.9779979860303107e-7
1611 2.97562675923951e-7
1612 2.9769886069302824e-7
1613 2.9769886069302824e-7
1614 2.982708377010437e-7
1615 2.982708377010437e-7
1616 2.9841503384221643e-7
1617 2.9841503384221643e-7
1618 2.9841503384221643e-7
1619 2.9841503384221643e-7
1620 2.9841503384221643e-7
1621 2.9841503384221643e-7
1622 2.9881557799971643e-7
1623 2.9892933239376275e-7
1624 2.990366791569692e-7
1625 2.989069020187319e-7
1626 2.989069020187319e-7
1627 2.99724012466741e-7
1628 2.994532448362965e-7
1629 2.9965031248844465e-7
1630 3.001165458633274e-7
1631 3.020215337786083e-7
1632 3.016834744118892e-7
1633 3.023788190937565e-7
1634 3.023788190937565e-7
1635 3.023788190937565e-7
1636 3.023788190937565e-7
1637 3.023788190937565e-7
1638 3.023788190937565e-7
1639 3.023788190937565e-7
1640 3.023788190937565e-7
1641 3.023788190937565e-7
1642 3.023788190937565e-7
1643 3.023788190937565e-7
1644 3.023788190937565e-7
1645 3.023788190937565e-7
1646 3.023788190937565e-7
1647 3.023788190937565e-7
1648 3.023788190937565e-7
1649 3.023788190937565e-7
1650 3.023788190937565e-7
1651 3.023788190937565e-7
1652 3.0279858858850367e-7
1653 3.0284024430078173e-7
1654 3.0284024430078173e-7
1655 3.0284024430078173e-7
1656 3.0343945801813986e-7
1657 3.0343945801813986e-7
1658 3.0343945801813986e-7
1659 3.0343945801813986e-7
1660 3.0343945801813986e-7
1661 3.0448728168084353e-7
1662 3.0553190091694537e-7
1663 3.0579625969418626e-7
1664 3.0709081870459354e-7
1665 3.0709081870459354e-7
1666 3.0709081870459354e-7
1667 3.0709081870459354e-7
1668 3.0709081870459354e-7
1669 3.0709081870459354e-7
1670 3.0709081870459354e-7
1671 3.0709081870459354e-7
1672 3.0709081870459354e-7
1673 3.0709081870459354e-7
1674 3.0709081870459354e-7
1675 3.0780859315030984e-7
1676 3.0780859315030984e-7
1677 3.0780859315030984e-7
1678 3.0780859315030984e-7
1679 3.0780859315030984e-7
1680 3.0780859315030984e-7
1681 3.0780859315030984e-7
1682 3.0780859315030984e-7
1683 3.0780859315030984e-7
1684 3.082203524953253e-7
1685 3.0823637462833443e-7
1686 3.085407884325072e-7
1687 3.0860006940786816e-7
1688 3.093963507773745e-7
1689 3.0981932530990536e-7
1690 3.1117316468449176e-7
1691 3.1187491760838083e-7
1692 3.1187491760838083e-7
1693 3.1187491760838083e-7
1694 3.1187491760838083e-7
1695 3.1187491760838083e-7
1696 3.1187491760838083e-7
1697 3.1187491760838083e-7
1698 3.120415441245845e-7
1699 3.122642465783654e-7
1700 3.122642465783654e-7
1701 3.122642465783654e-7
1702 3.122642465783654e-7
1703 3.122642465783654e-7
1704 3.122642465783654e-7
1705 3.122642465783654e-7
1706 3.122642465783654e-7
1707 3.122642465783654e-7
1708 3.122642465783654e-7
1709 3.122642465783654e-7
1710 3.1263915654541455e-7
1711 3.135620106265564e-7
1712 3.1512893856393633e-7
1713 3.1524269356916457e-7
1714 3.1545418083543003e-7
1715 3.1531158721314914e-7
1716 3.1547340678385914e-7
1717 3.157858313489455e-7
1718 3.159812964822018e-7
1719 3.1573135670789633e-7
1720 3.1573135670789633e-7
1721 3.1573135670789633e-7
1722 3.1573135670789633e-7
1723 3.1573135670789633e-7
1724 3.168673005741955e-7
1725 3.168673005741955e-7
1726 3.168673005741955e-7
1727 3.168673005741955e-7
1728 3.168673005741955e-7
1729 3.168673005741955e-7
1730 3.168673005741955e-7
1731 3.169874638214455e-7
1732 3.1752900030469833e-7
1733 3.172069624598065e-7
1734 3.172069624598065e-7
1735 3.172069624598065e-7
1736 3.172069624598065e-7
1737 3.172069624598065e-7
1738 3.187258252205228e-7
1739 3.195589571903592e-7
1740 3.218676936897419e-7
1741 3.21683443744001e-7
1742 3.2328241655858106e-7
1743 3.2442316553682824e-7
1744 3.24407144015001e-7
1745 3.2402262137932824e-7
1746 3.235515816701337e-7
1747 3.2352754938739284e-7
1748 3.232391571050473e-7
1749 3.232231355832201e-7
1750 3.230565090670164e-7
1751 3.2290910911042374e-7
1752 3.228930875885965e-7
1753 3.2450327436832825e-7
1754 3.268504621533872e-7
1755 3.2680880644110915e-7
1756 3.270603481231246e-7
1757 3.2662775969960636e-7
1758 3.2662775969960636e-7
1759 3.2662775969960636e-7
1760 3.2662775969960636e-7
1761 3.2662775969960636e-7
1762 3.2662775969960636e-7
1763 3.2662775969960636e-7
1764 3.2662775969960636e-7
1765 3.2662775969960636e-7
1766 3.2662775969960636e-7
1767 3.276900029764273e-7
1768 3.2752497897911547e-7
1769 3.2771563777806e-7
1770 3.275810549166927e-7
1771 3.288147310440291e-7
1772 3.3069889110317096e-7
1773 3.3069889110317096e-7
1774 3.314839578963437e-7
1775 3.3330082560802913e-7
1776 3.344143390992974e-7
1777 3.360741947969484e-7
1778 3.366381604328683e-7
1779 3.3616391629707196e-7
1780 3.3616391629707196e-7
1781 3.3616391629707196e-7
1782 3.3616391629707196e-7
1783 3.3732228931603826e-7
1784 3.3781415810373557e-7
1785 3.3935705375837464e-7
1786 3.411643094126183e-7
1787 3.4055708432316465e-7
1788 3.409031544507974e-7
1789 3.4225699321420187e-7
1790 3.4264632218418643e-7
1791 3.419285477384701e-7
1792 3.418260079207573e-7
1793 3.4305167389836195e-7
1794 3.433657003711583e-7
1795 3.433657003711583e-7
1796 3.433657003711583e-7
1797 3.433657003711583e-7
1798 3.433657003711583e-7
1799 3.433657003711583e-7
1800 3.433657003711583e-7
1801 3.433657003711583e-7
1802 3.433657003711583e-7
1803 3.433657003711583e-7
1804 3.436028230502384e-7
1805 3.435595635967047e-7
1806 3.435595635967047e-7
1807 3.435595635967047e-7
1808 3.435595635967047e-7
1809 3.435595635967047e-7
1810 3.4511367505004105e-7
1811 3.46778336470822e-7
1812 3.487906705381275e-7
1813 3.487906705381275e-7
1814 3.487906705381275e-7
1815 3.487906705381275e-7
1816 3.487906705381275e-7
1817 3.487906705381275e-7
1818 3.487906705381275e-7
1819 3.487906705381275e-7
1820 3.487906705381275e-7
1821 3.487906705381275e-7
1822 3.487906705381275e-7
1823 3.487906705381275e-7
1824 3.487906705381275e-7
1825 3.487906705381275e-7
1826 3.487906705381275e-7
1827 3.487906705381275e-7
1828 3.487906705381275e-7
1829 3.487906705381275e-7
1830 3.487906705381275e-7
1831 3.487906705381275e-7
1832 3.487906705381275e-7
1833 3.487906705381275e-7
1834 3.487906705381275e-7
1835 3.489220501952567e-7
1836 3.489220501952567e-7
1837 3.489220501952567e-7
1838 3.489220501952567e-7
1839 3.492200551462258e-7
1840 3.492969601623059e-7
1841 3.493562399153031e-7
1842 3.4952286643150674e-7
1843 3.4963822334444495e-7
1844 3.497792156701978e-7
1845 3.501252851866486e-7
1846 3.522706002076114e-7
1847 3.5314058216659597e-7
1848 3.5314058216659597e-7
1849 3.5314058216659597e-7
1850 3.5314058216659597e-7
1851 3.5314058216659597e-7
1852 3.5314058216659597e-7
1853 3.5314058216659597e-7
1854 3.5314058216659597e-7
1855 3.5314058216659597e-7
1856 3.5314058216659597e-7
1857 3.5314058216659597e-7
1858 3.5314058216659597e-7
1859 3.5314058216659597e-7
1860 3.5314058216659597e-7
1861 3.5314058216659597e-7
1862 3.5314058216659597e-7
1863 3.5314058216659597e-7
1864 3.5314058216659597e-7
1865 3.5314058216659597e-7
1866 3.5314058216659597e-7
1867 3.5314058216659597e-7
1868 3.5314058216659597e-7
1869 3.5314058216659597e-7
1870 3.5314058216659597e-7
1871 3.5314058216659597e-7
1872 3.5314058216659597e-7
1873 3.5314058216659597e-7
1874 3.5314058216659597e-7
1875 3.525605931753031e-7
1876 3.525605931753031e-7
1877 3.518139782789885e-7
1878 3.518139782789885e-7
1879 3.518139782789885e-7
1880 3.518139782789885e-7
1881 3.518139782789885e-7
1882 3.518139782789885e-7
1883 3.518139782789885e-7
1884 3.518139782789885e-7
1885 3.518139782789885e-7
1886 3.518139782789885e-7
1887 3.518139782789885e-7
1888 3.518139782789885e-7
1889 3.518139782789885e-7
1890 3.518139782789885e-7
1891 3.518139782789885e-7
1892 3.518139782789885e-7
1893 3.518139782789885e-7
1894 3.518139782789885e-7
1895 3.518139782789885e-7
1896 3.5131409934155945e-7
1897 3.508895222901367e-7
1898 3.508895222901367e-7
1899 3.50682841358183e-7
1900 3.5058510848596393e-7
1901 3.515480169828558e-7
1902 3.5153680179534035e-7
1903 3.5172425616768305e-7
1904 3.5222253319740213e-7
1905 3.51902098482584e-7
1906 3.5221612495538035e-7
1907 3.5221612495538035e-7
1908 3.529739550392104e-7
1909 3.54643423405485e-7
1910 3.5624720194319494e-7
1911 3.5624720194319494e-7
1912 3.5624720194319494e-7
1913 3.5624720194319494e-7
1914 3.5624720194319494e-7
1915 3.5624720194319494e-7
1916 3.5624720194319494e-7
1917 3.5624720194319494e-7
1918 3.5624720194319494e-7
1919 3.5624720194319494e-7
1920 3.5624720194319494e-7
1921 3.5624720194319494e-7
1922 3.5624720194319494e-7
1923 3.5624720194319494e-7
1924 3.5624720194319494e-7
1925 3.5668780051644495e-7
1926 3.572277350919878e-7
1927 3.577404311246423e-7
1928 3.594082975832069e-7
1929 3.5987292843919774e-7
1930 3.5960856966195686e-7
1931 3.5960856966195686e-7
1932 3.5960856966195686e-7
1933 3.5960856966195686e-7
1934 3.5960856966195686e-7
1935 3.5960856966195686e-7
1936 3.5960856966195686e-7
1937 3.5960856966195686e-7
1938 3.5960856966195686e-7
1939 3.5960856966195686e-7
1940 3.5960856966195686e-7
1941 3.5960856966195686e-7
1942 3.5960856966195686e-7
1943 3.5960856966195686e-7
1944 3.5960856966195686e-7
1945 3.5960856966195686e-7
1946 3.5960856966195686e-7
1947 3.5960856966195686e-7
1948 3.5960856966195686e-7
1949 3.5960856966195686e-7
1950 3.5960856966195686e-7
1951 3.5960856966195686e-7
1952 3.5960856966195686e-7
1953 3.5960856966195686e-7
1954 3.5960856966195686e-7
1955 3.5960856966195686e-7
1956 3.5960856966195686e-7
1957 3.5960856966195686e-7
1958 3.600251353412841e-7
1959 3.600251353412841e-7
1960 3.600251353412841e-7
1961 3.600251353412841e-7
1962 3.600251353412841e-7
1963 3.600251353412841e-7
1964 3.600251353412841e-7
1965 3.600251353412841e-7
1966 3.600251353412841e-7
1967 3.608566654034105e-7
1968 3.6092716034392313e-7
1969 3.6208072825094136e-7
1970 3.6373737829962675e-7
1971 3.6419720343248773e-7
1972 3.6419720343248773e-7
1973 3.6419720343248773e-7
1974 3.6419720343248773e-7
1975 3.6419720343248773e-7
1976 3.6419720343248773e-7
1977 3.6419720343248773e-7
1978 3.6419720343248773e-7
1979 3.6419720343248773e-7
1980 3.6419720343248773e-7
1981 3.6419720343248773e-7
1982 3.6419720343248773e-7
1983 3.6419720343248773e-7
1984 3.6419720343248773e-7
1985 3.6419720343248773e-7
1986 3.6419720343248773e-7
1987 3.6419720343248773e-7
1988 3.6419720343248773e-7
1989 3.6419720343248773e-7
1990 3.6419720343248773e-7
1991 3.6419720343248773e-7
1992 3.6419720343248773e-7
1993 3.6419720343248773e-7
1994 3.6419720343248773e-7
1995 3.6419720343248773e-7
1996 3.6419720343248773e-7
1997 3.6419720343248773e-7
1998 3.6419720343248773e-7
1999 3.6419720343248773e-7
2000 3.6419720343248773e-7
2001 3.6419720343248773e-7
2002 3.6419720343248773e-7
2003 3.6419720343248773e-7
2004 3.6419720343248773e-7
2005 3.6419720343248773e-7
2006 3.6419720343248773e-7
2007 3.6419720343248773e-7
2008 3.6419720343248773e-7
2009 3.6419720343248773e-7
2010 3.6419720343248773e-7
2011 3.6419720343248773e-7
2012 3.6419720343248773e-7
2013 3.6419720343248773e-7
2014 3.6419720343248773e-7
2015 3.6419720343248773e-7
2016 3.6419720343248773e-7
2017 3.6419720343248773e-7
2018 3.6419720343248773e-7
2019 3.6419720343248773e-7
2020 3.6419720343248773e-7
2021 3.6419720343248773e-7
2022 3.6419720343248773e-7
2023 3.6419720343248773e-7
2024 3.6419720343248773e-7
2025 3.6569684085595683e-7
2026 3.6552861182086133e-7
2027 3.655798814241268e-7
2028 3.655798814241268e-7
2029 3.655798814241268e-7
2030 3.655798814241268e-7
2031 3.655798814241268e-7
2032 3.655798814241268e-7
2033 3.655798814241268e-7
2034 3.655798814241268e-7
2035 3.655798814241268e-7
2036 3.655798814241268e-7
2037 3.655798814241268e-7
2038 3.655798814241268e-7
2039 3.655798814241268e-7
2040 3.6591954208737395e-7
2041 3.6591954208737395e-7
2042 3.662479887854695e-7
2043 3.663441191387967e-7
2044 3.663280963946057e-7
2045 3.663280963946057e-7
2046 3.663280963946057e-7
2047 3.663280963946057e-7
2048 3.663280963946057e-7
2049 3.663280963946057e-7
2050 3.663280963946057e-7
2051 3.6685521265255936e-7
2052 3.6687924554648213e-7
2053 3.667991367149821e-7
2054 3.676258604427967e-7
2055 3.698753159668185e-7
2056 3.7131246859950675e-7
2057 3.7131246859950675e-7
2058 3.7131246859950675e-7
2059 3.7131246859950675e-7
2060 3.7131246859950675e-7
2061 3.7131246859950675e-7
2062 3.7131246859950675e-7
2063 3.7131246859950675e-7
2064 3.7131246859950675e-7
2065 3.7131246859950675e-7
2066 3.7193090887647585e-7
2067 3.713557268306767e-7
2068 3.717642823602722e-7
2069 3.7156401028152216e-7
2070 3.712740154802848e-7
2071 3.714150071948557e-7
2072 3.732655216914512e-7
2073 3.736067848735903e-7
2074 3.74074620156183e-7
2075 3.741018568655257e-7
2076 3.741018568655257e-7
2077 3.741018568655257e-7
2078 3.7530989758004746e-7
2079 3.752073583735166e-7
2080 3.764330231287574e-7
2081 3.770066026556647e-7
2082 3.770338393650074e-7
2083 3.7816017117386487e-7
2084 3.774472024512785e-7
2085 3.774472024512785e-7
2086 3.7712035888325674e-7
2087 3.770771000409049e-7
2088 3.770771000409049e-7
2089 3.770771000409049e-7
2090 3.770771000409049e-7
2091 3.770771000409049e-7
2092 3.770771000409049e-7
2093 3.770771000409049e-7
2094 3.770771000409049e-7
2095 3.770771000409049e-7
2096 3.770771000409049e-7
2097 3.770771000409049e-7
2098 3.7740875055442034e-7
2099 3.7944671942335854e-7
2100 3.7980240283079673e-7
2101 3.802237754556177e-7
2102 3.806803955506949e-7
2103 3.806803955506949e-7
2104 3.806803955506949e-7
2105 3.7955727000198496e-7
2106 3.7955727000198496e-7
2107 3.792881042792504e-7
2108 3.792881042792504e-7
2109 3.792881042792504e-7
2110 3.792881042792504e-7
2111 3.792881042792504e-7
2112 3.792881042792504e-7
2113 3.792881042792504e-7
2114 3.792881042792504e-7
2115 3.792881042792504e-7
2116 3.792881042792504e-7
2117 3.792881042792504e-7
2118 3.792881042792504e-7
2119 3.792881042792504e-7
2120 3.801693014257504e-7
2121 3.796357763145931e-7
2122 3.7988892051550044e-7
2123 3.796037320485749e-7
2124 3.799017382219077e-7
2125 3.80819784746374e-7
2126 3.824075423734386e-7
2127 3.828337207213894e-7
2128 3.8331116989496947e-7
2129 3.8334801927293574e-7
2130 3.832775231100593e-7
2131 3.837277355742967e-7
2132 3.8392159818866117e-7
2133 3.859932132313276e-7
2134 3.8644502699209304e-7
2135 3.863184548916394e-7
2136 3.863184548916394e-7
2137 3.863184548916394e-7
2138 3.863184548916394e-7
2139 3.863184548916394e-7
2140 3.863184548916394e-7
2141 3.863184548916394e-7
2142 3.863184548916394e-7
2143 3.863184548916394e-7
2144 3.863184548916394e-7
2145 3.863184548916394e-7
2146 3.863184548916394e-7
2147 3.863184548916394e-7
2148 3.863184548916394e-7
2149 3.863184548916394e-7
2150 3.863184548916394e-7
2151 3.863184548916394e-7
2152 3.863184548916394e-7
2153 3.863184548916394e-7
2154 3.863184548916394e-7
2155 3.863184548916394e-7
2156 3.863184548916394e-7
2157 3.8701059514690485e-7
2158 3.875297006439449e-7
2159 3.8718843685062395e-7
2160 3.8718843685062395e-7
2161 3.873486557359877e-7
2162 3.8781008216537673e-7
2163 3.889027665781422e-7
2164 3.897663396839231e-7
2165 3.90469695126704e-7
2166 3.902630141947503e-7
2167 3.8999384908319764e-7
2168 3.90386382479784e-7
2169 3.90386382479784e-7
2170 3.90386382479784e-7
2171 3.90386382479784e-7
2172 3.90386382479784e-7
2173 3.90386382479784e-7
2174 3.90386382479784e-7
2175 3.90386382479784e-7
2176 3.90386382479784e-7
2177 3.90386382479784e-7
2178 3.90386382479784e-7
2179 3.90386382479784e-7
2180 3.90386382479784e-7
2181 3.90386382479784e-7
2182 3.9073085192207056e-7
2183 3.9073085192207056e-7
2184 3.9073085192207056e-7
2185 3.9091349996010145e-7
2186 3.9086062783794417e-7
2187 3.9096797460115063e-7
2188 3.911089657045397e-7
2189 3.9089427462285426e-7
2190 3.911922795738234e-7
2191 3.935154350761415e-7
2192 3.9381504254600244e-7
2193 3.9414989748611974e-7
2194 3.9414989748611974e-7
2195 3.9414989748611974e-7
2196 3.9414989748611974e-7
2197 3.9414989748611974e-7
2198 3.9414989748611974e-7
2199 3.9414989748611974e-7
2200 3.9414989748611974e-7
2201 3.9414989748611974e-7
2202 3.9414989748611974e-7
2203 3.9414989748611974e-7
2204 3.9414989748611974e-7
2205 3.9414989748611974e-7
2206 3.9414989748611974e-7
2207 3.9414989748611974e-7
2208 3.9414989748611974e-7
2209 3.9414989748611974e-7
2210 3.9414989748611974e-7
2211 3.9414989748611974e-7
2212 3.9414989748611974e-7
2213 3.9414989748611974e-7
2214 3.9414989748611974e-7
2215 3.9414989748611974e-7
2216 3.9414989748611974e-7
2217 3.9414989748611974e-7
2218 3.9414989748611974e-7
2219 3.9414989748611974e-7
2220 3.9414989748611974e-7
2221 3.9414989748611974e-7
2222 3.9414989748611974e-7
2223 3.9414989748611974e-7
2224 3.9414989748611974e-7
2225 3.9414989748611974e-7
2226 3.9414989748611974e-7
2227 3.9414989748611974e-7
2228 3.9414989748611974e-7
2229 3.9414989748611974e-7
2230 3.9414989748611974e-7
2231 3.9414989748611974e-7
2232 3.9414989748611974e-7
2233 3.9414989748611974e-7
2234 3.9414989748611974e-7
2235 3.9414989748611974e-7
2236 3.9414989748611974e-7
2237 3.9414989748611974e-7
2238 3.9414989748611974e-7
2239 3.946497770347307e-7
2240 3.946497770347307e-7
2241 3.946497770347307e-7
2242 3.946497770347307e-7
2243 3.946497770347307e-7
2244 3.946497770347307e-7
2245 3.946497770347307e-7
2246 3.946497770347307e-7
2247 3.946497770347307e-7
2248 3.946497770347307e-7
2249 3.946497770347307e-7
2250 3.946497770347307e-7
2251 3.946497770347307e-7
2252 3.946497770347307e-7
2253 3.946497770347307e-7
2254 3.946497770347307e-7
2255 3.946497770347307e-7
2256 3.946497770347307e-7
2257 3.946497770347307e-7
2258 3.946497770347307e-7
2259 3.946497770347307e-7
2260 3.946497770347307e-7
2261 3.946497770347307e-7
2262 3.946497770347307e-7
2263 3.946497770347307e-7
2264 3.946497770347307e-7
2265 3.946497770347307e-7
2266 3.946497770347307e-7
2267 3.946497770347307e-7
2268 3.946497770347307e-7
2269 3.946497770347307e-7
2270 3.946497770347307e-7
2271 3.946497770347307e-7
2272 3.946497770347307e-7
2273 3.946497770347307e-7
2274 3.946497770347307e-7
2275 3.946497770347307e-7
2276 3.946497770347307e-7
2277 3.946497770347307e-7
2278 3.946497770347307e-7
2279 3.946497770347307e-7
2280 3.946497770347307e-7
2281 3.946497770347307e-7
2282 3.946497770347307e-7
2283 3.946497770347307e-7
2284 3.946497770347307e-7
2285 3.946497770347307e-7
2286 3.946497770347307e-7
2287 3.946497770347307e-7
2288 3.946497770347307e-7
2289 3.946497770347307e-7
2290 3.946497770347307e-7
2291 3.946497770347307e-7
2292 3.946497770347307e-7
2293 3.946497770347307e-7
2294 3.946497770347307e-7
2295 3.946497770347307e-7
2296 3.946497770347307e-7
2297 3.946497770347307e-7
2298 3.946497770347307e-7
2299 3.946497770347307e-7
2300 3.946497770347307e-7
2301 3.946497770347307e-7
2302 3.946497770347307e-7
2303 3.946497770347307e-7
2304 3.946497770347307e-7
2305 3.946497770347307e-7
2306 3.946497770347307e-7
2307 3.946497770347307e-7
2308 3.946497770347307e-7
2309 3.946497770347307e-7
2310 3.946497770347307e-7
2311 3.946497770347307e-7
2312 3.946497770347307e-7
2313 3.946497770347307e-7
2314 3.946497770347307e-7
2315 3.946497770347307e-7
2316 3.946497770347307e-7
2317 3.946497770347307e-7
2318 3.946497770347307e-7
2319 3.946497770347307e-7
2320 3.946497770347307e-7
2321 3.946497770347307e-7
2322 3.946497770347307e-7
2323 3.946497770347307e-7
2324 3.946497770347307e-7
2325 3.946497770347307e-7
2326 3.946497770347307e-7
2327 3.946497770347307e-7
2328 3.946497770347307e-7
2329 3.946497770347307e-7
2330 3.946497770347307e-7
2331 3.946497770347307e-7
2332 3.946497770347307e-7
2333 3.946497770347307e-7
2334 3.946497770347307e-7
2335 3.946497770347307e-7
2336 3.946497770347307e-7
2337 3.946497770347307e-7
2338 3.946497770347307e-7
2339 3.946497770347307e-7
2340 3.946497770347307e-7
2341 3.946497770347307e-7
2342 3.946497770347307e-7
2343 3.946497770347307e-7
2344 3.955277697546289e-7
2345 3.962535561836226e-7
2346 3.9792462584642525e-7
2347 3.978989910447925e-7
2348 3.98429311729348e-7
2349 3.98429311729348e-7
2350 3.98429311729348e-7
2351 3.98429311729348e-7
2352 3.987465420175643e-7
2353 3.986568205174407e-7
2354 3.986568205174407e-7
2355 3.986568205174407e-7
2356 3.986568205174407e-7
2357 3.986568205174407e-7
2358 4.004993236419407e-7
2359 4.0178747379914434e-7
2360 4.0188520667136343e-7
2361 4.028385012772679e-7
2362 4.028385012772679e-7
2363 4.028385012772679e-7
2364 4.028385012772679e-7
2365 4.028385012772679e-7
2366 4.028385012772679e-7
2367 4.028385012772679e-7
2368 4.028385012772679e-7
2369 4.028385012772679e-7
2370 4.028385012772679e-7
2371 4.028385012772679e-7
2372 4.028385012772679e-7
2373 4.028385012772679e-7
2374 4.028385012772679e-7
2375 4.028385012772679e-7
2376 4.028385012772679e-7
2377 4.028385012772679e-7
2378 4.028385012772679e-7
2379 4.028385012772679e-7
2380 4.028385012772679e-7
2381 4.028385012772679e-7
2382 4.028385012772679e-7
2383 4.028385012772679e-7
2384 4.028385012772679e-7
2385 4.028385012772679e-7
2386 4.028385012772679e-7
2387 4.028385012772679e-7
2388 4.028385012772679e-7
2389 4.028385012772679e-7
2390 4.028385012772679e-7
2391 4.028385012772679e-7
2392 4.028385012772679e-7
2393 4.028385012772679e-7
2394 4.028385012772679e-7
2395 4.028385012772679e-7
2396 4.028385012772679e-7
2397 4.028385012772679e-7
2398 4.028385012772679e-7
2399 4.028385012772679e-7
2400 4.028385012772679e-7
2401 4.028385012772679e-7
2402 4.028385012772679e-7
2403 4.028385012772679e-7
2404 4.028385012772679e-7
2405 4.028385012772679e-7
2406 4.028385012772679e-7
2407 4.028385012772679e-7
2408 4.028385012772679e-7
2409 4.028385012772679e-7
2410 4.028385012772679e-7
2411 4.028385012772679e-7
2412 4.0321661505973703e-7
2413 4.060412520183761e-7
2414 4.0599799378720614e-7
2415 4.0688880360232975e-7
2416 4.0688880360232975e-7
2417 4.0688880360232975e-7
2418 4.0688880360232975e-7
2419 4.0688880360232975e-7
2420 4.0688880360232975e-7
2421 4.087521345829688e-7
2422 4.094074248490861e-7
2423 4.095179748165306e-7
2424 4.08947600327407e-7
2425 4.088290383766851e-7
2426 4.08787382664407e-7
2427 4.080648006620152e-7
2428 4.0744475786615424e-7
2429 4.084076663630461e-7
2430 4.0861434668381784e-7
2431 4.0971664437638877e-7
2432 4.0984481899573427e-7
2433 4.103687308270861e-7
2434 4.107067895826233e-7
2435 4.107067895826233e-7
2436 4.1041038653936417e-7
2437 4.104456346208024e-7
2438 4.1057060481354605e-7
2439 4.1057060481354605e-7
2440 4.1057060481354605e-7
2441 4.1057060481354605e-7
2442 4.1057060481354605e-7
2443 4.1057060481354605e-7
2444 4.1057060481354605e-7
2445 4.1057060481354605e-7
2446 4.1057060481354605e-7
2447 4.1057060481354605e-7
2448 4.1057060481354605e-7
2449 4.1057060481354605e-7
2450 4.1057060481354605e-7
2451 4.1057060481354605e-7
2452 4.1057060481354605e-7
2453 4.110833020685643e-7
2454 4.110833020685643e-7
2455 4.110833020685643e-7
2456 4.110833020685643e-7
2457 4.110833020685643e-7
2458 4.1154472972031713e-7
2459 4.1154472972031713e-7
2460 4.1154472972031713e-7
2461 4.126966938860798e-7
2462 4.1462090836097167e-7
2463 4.1648584247168443e-7
2464 4.1648584247168443e-7
2465 4.1648584247168443e-7
2466 4.1648584247168443e-7
2467 4.1648584247168443e-7
2468 4.1648584247168443e-7
2469 4.1648584247168443e-7
2470 4.1648584247168443e-7
2471 4.1648584247168443e-7
2472 4.1648584247168443e-7
2473 4.1648584247168443e-7
2474 4.1648584247168443e-7
2475 4.1648584247168443e-7
2476 4.1648584247168443e-7
2477 4.1648584247168443e-7
2478 4.176714534223572e-7
2479 4.176714534223572e-7
2480 4.1792620014215634e-7
2481 4.1823381776174905e-7
2482 4.1792780143868445e-7
2483 4.182706683620791e-7
2484 4.1810564314240355e-7
2485 4.1850458600337543e-7
2486 4.1868883656029817e-7
2487 4.202493562556563e-7
2488 4.202429474024527e-7
2489 4.2038554163591543e-7
2490 4.204528327610081e-7
2491 4.205778023425699e-7
2492 4.209350876577181e-7
2493 4.209350876577181e-7
2494 4.209350876577181e-7
2495 4.209350876577181e-7
2496 4.209350876577181e-7
2497 4.209350876577181e-7
2498 4.209350876577181e-7
2499 4.209350876577181e-7
2500 4.209350876577181e-7
2501 4.209350876577181e-7
2502 4.209350876577181e-7
2503 4.209350876577181e-7
2504 4.209350876577181e-7
2505 4.209350876577181e-7
2506 4.209350876577181e-7
2507 4.209350876577181e-7
2508 4.209350876577181e-7
2509 4.209350876577181e-7
2510 4.209350876577181e-7
2511 4.209350876577181e-7
2512 4.209350876577181e-7
2513 4.209350876577181e-7
2514 4.2220240934760084e-7
2515 4.2353221582826447e-7
2516 4.237148644774772e-7
2517 4.2430446552621176e-7
2518 4.249373254172981e-7
2519 4.242836370588908e-7
2520 4.242403776053571e-7
2521 4.242403776053571e-7
2522 4.242403776053571e-7
2523 4.242403776053571e-7
2524 4.242403776053571e-7
2525 4.2481395590990064e-7
2526 4.2447429524665346e-7
2527 4.248524090291226e-7
2528 4.2487964573846525e-7
2529 4.266901052081289e-7
2530 4.27427106824638e-7
2531 4.276017441017553e-7
2532 4.2725246954752075e-7
2533 4.274239023980362e-7
2534 4.273518043274498e-7
2535 4.274527416262707e-7
2536 4.272845132023571e-7
2537 4.272364474145116e-7
2538 4.272364474145116e-7
2539 4.272364474145116e-7
2540 4.272364474145116e-7
2541 4.272364474145116e-7
2542 4.272364474145116e-7
2543 4.272364474145116e-7
2544 4.272364474145116e-7
2545 4.272364474145116e-7
2546 4.2626072121121246e-7
2547 4.261197301078234e-7
2548 4.2652988754512887e-7
2549 4.2652988754512887e-7
2550 4.2652988754512887e-7
2551 4.2652988754512887e-7
2552 4.2652988754512887e-7
2553 4.2652988754512887e-7
2554 4.271307037813789e-7
2555 4.271755645314407e-7
2556 4.272845125911752e-7
2557 4.2877293543831075e-7
2558 4.2939778395730163e-7
2559 4.3024052920694347e-7
2560 4.3024052920694347e-7
2561 4.3024052920694347e-7
2562 4.3024052920694347e-7
2563 4.3024052920694347e-7
2564 4.3024052920694347e-7
2565 4.3024052920694347e-7
2566 4.3069394548660075e-7
2567 4.306330632147117e-7
2568 4.306330632147117e-7
2569 4.314389578640235e-7
2570 4.3102559600011623e-7
2571 4.3114575924736625e-7
2572 4.3125310478820893e-7
2573 4.3119061999742805e-7
2574 4.3127553516323986e-7
2575 4.312082440381472e-7
2576 4.312082440381472e-7
2577 4.3138448322297443e-7
2578 4.314277414541444e-7
2579 4.3265661185835084e-7
2580 4.3436933906697725e-7
2581 4.343324884666472e-7
2582 4.344446409529836e-7
2583 4.345760187765672e-7
2584 4.345760187765672e-7
2585 4.345760187765672e-7
2586 4.345760187765672e-7
2587 4.345760187765672e-7
2588 4.345760187765672e-7
2589 4.345760187765672e-7
2590 4.345760187765672e-7
2591 4.345760187765672e-7
2592 4.345760187765672e-7
2593 4.345760187765672e-7
2594 4.345760187765672e-7
2595 4.345760187765672e-7
2596 4.345760187765672e-7
2597 4.345760187765672e-7
2598 4.345760187765672e-7
2599 4.345760187765672e-7
2600 4.345760187765672e-7
2601 4.345760187765672e-7
2602 4.345760187765672e-7
2603 4.345760187765672e-7
2604 4.345760187765672e-7
2605 4.345760187765672e-7
2606 4.345760187765672e-7
2607 4.352729665885082e-7
2608 4.354684323329464e-7
2609 4.365515028547245e-7
2610 4.375160126481444e-7
2611 4.3752722905802364e-7
2612 4.376570049738972e-7
2613 4.3723883738686e-7
2614 4.371987823599281e-7
2615 4.3786368529466895e-7
2616 4.373702152104435e-7
2617 4.3763938093317807e-7
2618 4.3764418726748987e-7
2619 4.385317932671935e-7
2620 4.3992408514981994e-7
2621 4.412554941493754e-7
2622 4.4284645559185996e-7
2623 4.4338638894503903e-7
2624 4.446969688660917e-7
2625 4.446969688660917e-7
2626 4.446969688660917e-7
2627 4.446969688660917e-7
2628 4.456662849938234e-7
2629 4.4757127352028617e-7
2630 4.482586068300579e-7
2631 4.482586068300579e-7
2632 4.482586068300579e-7
2633 4.482586068300579e-7
2634 4.482586068300579e-7
2635 4.482586068300579e-7
2636 4.482586068300579e-7
2637 4.482586068300579e-7
2638 4.482586068300579e-7
2639 4.482586068300579e-7
2640 4.482586068300579e-7
2641 4.4767861906112885e-7
2642 4.4740304448519066e-7
2643 4.4755525199845893e-7
2644 4.47534423531138e-7
2645 4.47476744463487e-7
2646 4.474607235528416e-7
2647 4.474575185150579e-7
2648 4.474671317948634e-7
2649 4.474783469823788e-7
2650 4.4759210137642515e-7
2651 4.4763055388446517e-7
2652 4.478644715257615e-7
2653 4.4823457454731696e-7
2654 4.4823457454731696e-7
2655 4.4849733141684787e-7
2656 4.4849733141684787e-7
2657 4.4849733141684787e-7
2658 4.489283173214743e-7
2659 4.489283173214743e-7
2660 4.489283173214743e-7
2661 4.489283173214743e-7
2662 4.489283173214743e-7
2663 4.489283173214743e-7
2664 4.489283173214743e-7
2665 4.489283173214743e-7
2666 4.489283173214743e-7
2667 4.4975824486470884e-7
2668 4.4975824486470884e-7
2669 4.5027414593514705e-7
2670 4.5036867376958246e-7
2671 4.5003542073717514e-7
2672 4.5003542073717514e-7
2673 4.5003542073717514e-7
2674 4.5003542073717514e-7
2675 4.5003542073717514e-7
2676 4.5003542073717514e-7
2677 4.5003542073717514e-7
2678 4.5003542073717514e-7
2679 4.5003542073717514e-7
2680 4.5003542073717514e-7
2681 4.5013956246259786e-7
2682 4.5013956246259786e-7
2683 4.5013956246259786e-7
2684 4.5013956246259786e-7
2685 4.5013956246259786e-7
2686 4.5013956246259786e-7
2687 4.5013956246259786e-7
2688 4.5013956246259786e-7
2689 4.5013956246259786e-7
2690 4.5013956246259786e-7
2691 4.509230267368788e-7
2692 4.509230267368788e-7
2693 4.512306443564715e-7
2694 4.5105120013386055e-7
2695 4.5105120013386055e-7
2696 4.5105120013386055e-7
2697 4.5105120013386055e-7
2698 4.5105120013386055e-7
2699 4.5105120013386055e-7
2700 4.5105120013386055e-7
2701 4.5149500374489424e-7
2702 4.5138765820405156e-7
2703 4.517946112147552e-7
2704 4.5176096565220883e-7
2705 4.5165362011136615e-7
2706 4.5165362011136615e-7
2707 4.5165362011136615e-7
2708 4.5165362011136615e-7
2709 4.5165362011136615e-7
2710 4.5165362011136615e-7
2711 4.5165362011136615e-7
2712 4.5165362011136615e-7
2713 4.5165362011136615e-7
2714 4.5165362011136615e-7
2715 4.5165362011136615e-7
2716 4.5165362011136615e-7
2717 4.5165362011136615e-7
2718 4.5165362011136615e-7
2719 4.5165362011136615e-7
2720 4.5165362011136615e-7
2721 4.5165362011136615e-7
2722 4.5165362011136615e-7
2723 4.5165362011136615e-7
2724 4.5165362011136615e-7
2725 4.5165362011136615e-7
2726 4.5165362011136615e-7
2727 4.5165362011136615e-7
2728 4.5165362011136615e-7
2729 4.5165362011136615e-7
2730 4.5165362011136615e-7
2731 4.5165362011136615e-7
2732 4.5165362011136615e-7
2733 4.5165362011136615e-7
2734 4.5165362011136615e-7
2735 4.5165362011136615e-7
2736 4.5165362011136615e-7
2737 4.5165362011136615e-7
2738 4.5165362011136615e-7
2739 4.5165362011136615e-7
2740 4.5165362011136615e-7
2741 4.5165362011136615e-7
2742 4.5165362011136615e-7
2743 4.5165362011136615e-7
2744 4.5165362011136615e-7
2745 4.5165362011136615e-7
2746 4.5165362011136615e-7
2747 4.5165362011136615e-7
2748 4.5165362011136615e-7
2749 4.5165362011136615e-7
2750 4.5165362011136615e-7
2751 4.5196924910305434e-7
2752 4.5261813112714985e-7
2753 4.5402163758610984e-7
2754 4.550326112596653e-7
2755 4.550326112596653e-7
2756 4.550326112596653e-7
2757 4.550326112596653e-7
2758 4.550326112596653e-7
2759 4.550326112596653e-7
2760 4.550326112596653e-7
2761 4.550326112596653e-7
2762 4.550326112596653e-7
2763 4.550326112596653e-7
2764 4.550326112596653e-7
2765 4.550326112596653e-7
2766 4.550326112596653e-7
2767 4.550326112596653e-7
2768 4.550326112596653e-7
2769 4.550326112596653e-7
2770 4.567885966994617e-7
2771 4.5753040403910077e-7
2772 4.5907810725041536e-7
2773 4.60209243560039e-7
2774 4.60209243560039e-7
2775 4.60209243560039e-7
2776 4.606001750489154e-7
2777 4.6046559279873e-7
2778 4.606210041274182e-7
2779 4.6046399027983814e-7
2780 4.609238154126991e-7
2781 4.6122662669798003e-7
2782 4.6267178948039995e-7
2783 4.626253268226282e-7
2784 4.6332227341220544e-7
2785 4.6375325931683185e-7
2786 4.6375325931683185e-7
2787 4.6375325931683185e-7
2788 4.6417302881157904e-7
2789 4.6471296277593997e-7
2790 4.6471296277593997e-7
2791 4.6471296277593997e-7
2792 4.6503820443625176e-7
2793 4.649645044579554e-7
2794 4.6536184480003543e-7
2795 4.6531538275344556e-7
2796 4.650846689275692e-7
2797 4.649821297210383e-7
2798 4.657479699546001e-7
2799 4.6568228012603547e-7
2800 4.663375710033346e-7
2801 4.6682623414206633e-7
2802 4.6679899743272365e-7
2803 4.6679899743272365e-7
2804 4.6724920867459725e-7
2805 4.671162289433037e-7
2806 4.671162289433037e-7
2807 4.672620276033683e-7
2808 4.6735975925322367e-7
2809 4.67851628040921e-7
2810 4.6739020100035003e-7
2811 4.6739020100035003e-7
2812 4.6772665907054103e-7
2813 4.677891438613219e-7
2814 4.676337325326337e-7
2815 4.676497540544609e-7
2816 4.6774428311126006e-7
2817 4.6768820595131904e-7
2818 4.674831275382572e-7
2819 4.6799902860869543e-7
2820 4.684732727444918e-7
2821 4.687039865703682e-7
2822 4.697726380892109e-7
2823 4.711569192109237e-7
2824 4.7180419749376357e-7
2825 4.709262047738654e-7
2826 4.7083007442053814e-7
2827 4.704824023851954e-7
2828 4.7109283129006904e-7
2829 4.720429226917355e-7
2830 4.7298340020241455e-7
2831 4.7395752327564e-7
2832 4.7395752327564e-7
2833 4.7395752327564e-7
2834 4.7395752327564e-7
2835 4.7395752327564e-7
2836 4.7395752327564e-7
2837 4.7395752327564e-7
2838 4.7431801301739e-7
2839 4.7431801301739e-7
2840 4.7431801301739e-7
2841 4.765466412964546e-7
2842 4.779084914319546e-7
2843 4.775319801683774e-7
2844 4.775319801683774e-7
2845 4.775319801683774e-7
2846 4.775319801683774e-7
2847 4.775319801683774e-7
2848 4.775319801683774e-7
2849 4.775319801683774e-7
2850 4.775319801683774e-7
2851 4.775319801683774e-7
2852 4.786278696189266e-7
2853 4.80284519667612e-7
2854 4.82067742427933e-7
2855 4.82067742427933e-7
2856 4.82067742427933e-7
2857 4.82067742427933e-7
2858 4.82067742427933e-7
2859 4.829072826397911e-7
2860 4.830482737431801e-7
2861 4.836074342671521e-7
2862 4.841810131828775e-7
2863 4.85573304454322e-7
2864 4.861164428452848e-7
2865 4.861164428452848e-7
2866 4.86832615994473e-7
2867 4.874863037416984e-7
2868 4.871065880515193e-7
2869 4.869079184916612e-7
2870 4.871642665079885e-7
2871 4.871802880298157e-7
2872 4.871947082551148e-7
2873 4.870633298203494e-7
2874 4.870633298203494e-7
2875 4.870633298203494e-7
2876 4.870633298203494e-7
2877 4.870633298203494e-7
2878 4.870633298203494e-7
2879 4.870633298203494e-7
2880 4.870633298203494e-7
2881 4.870633298203494e-7
2882 4.870633298203494e-7
2883 4.870633298203494e-7
2884 4.870633298203494e-7
2885 4.870633298203494e-7
2886 4.870633298203494e-7
2887 4.870633298203494e-7
2888 4.870633298203494e-7
2889 4.87492713206084e-7
2890 4.881079490564512e-7
2891 4.90093046414414e-7
2892 4.906457968628185e-7
2893 4.906457968628185e-7
2894 4.912658396586794e-7
2895 4.914228535062595e-7
2896 4.914228535062595e-7
2897 4.914228535062595e-7
2898 4.914228535062595e-7
2899 4.914228535062595e-7
2900 4.914228535062595e-7
2901 4.914228535062595e-7
2902 4.914228535062595e-7
2903 4.914228535062595e-7
2904 4.914228535062595e-7
2905 4.910271156830712e-7
2906 4.911232478699441e-7
2907 4.911232478699441e-7
2908 4.911232478699441e-7
2909 4.911232478699441e-7
2910 4.911232478699441e-7
2911 4.918490336877559e-7
2912 4.913667800134096e-7
2913 4.914693192199405e-7
2914 4.915462230136569e-7
2915 4.91581471095095e-7
2916 4.914132420599995e-7
2917 4.917897545459406e-7
2918 4.917833456927369e-7
2919 4.917176558641723e-7
2920 4.915670520921597e-7
2921 4.918105824020797e-7
2922 4.91983617771487e-7
2923 4.913940167227524e-7
2924 4.921646632906261e-7
2925 4.926244878123052e-7
2926 4.95351392509907e-7
2927 4.95351392509907e-7
2928 4.95351392509907e-7
2929 4.95351392509907e-7
2930 4.95351392509907e-7
2931 4.95351392509907e-7
2932 4.95351392509907e-7
2933 4.95351392509907e-7
2934 4.960243062055614e-7
2935 4.958608847271414e-7
2936 4.955148152106906e-7
2937 4.955148152106906e-7
2938 4.955148152106906e-7
2939 4.955148152106906e-7
2940 4.955148152106906e-7
2941 4.955148152106906e-7
2942 4.955148152106906e-7
2943 4.955148152106906e-7
2944 4.962053529470642e-7
2945 4.967180502020825e-7
2946 4.968141805554097e-7
2947 4.980382434029406e-7
2948 4.983042046990733e-7
2949 4.990572278374097e-7
2950 4.990572278374097e-7
2951 4.990572278374097e-7
2952 4.990572278374097e-7
2953 4.990572278374097e-7
2954 4.990572278374097e-7
2955 4.993840720166134e-7
2956 4.993840720166134e-7
2957 4.993840720166134e-7
2958 4.993840720166134e-7
2959 4.993840720166134e-7
2960 4.993840720166134e-7
2961 4.993840720166134e-7
2962 4.993840720166134e-7
2963 4.993840720166134e-7
2964 4.993840720166134e-7
2965 4.995571061636569e-7
2966 4.995571061636569e-7
2967 5.015902686982833e-7
2968 5.017873369616133e-7
2969 5.031251542031906e-7
2970 5.034263629695796e-7
2971 5.035929894857833e-7
2972 5.039775127326379e-7
2973 5.037019381566997e-7
2974 5.038797798604188e-7
2975 5.053938362868233e-7
2976 5.053938362868233e-7
2977 5.053938362868233e-7
2978 5.045238537166569e-7
2979 5.045238537166569e-7
2980 5.045238537166569e-7
2981 5.045238537166569e-7
2982 5.045238537166569e-7
2983 5.045238537166569e-7
2984 5.045238537166569e-7
2985 5.045238537166569e-7
2986 5.045238537166569e-7
2987 5.046648460424097e-7
2988 5.046648460424097e-7
2989 5.046648460424097e-7
2990 5.046648460424097e-7
2991 5.046648460424097e-7
2992 5.046648460424097e-7
2993 5.046648460424097e-7
2994 5.046648460424097e-7
2995 5.046648460424097e-7
2996 5.046648460424097e-7
2997 5.046648460424097e-7
2998 5.046648460424097e-7
2999 5.046648460424097e-7
3000 5.046648460424097e-7
3001 5.046648460424097e-7
3002 5.046648460424097e-7
3003 5.046648460424097e-7
3004 5.049836788495179e-7
3005 5.056133349251844e-7
3006 5.058504576042645e-7
3007 5.059145443027553e-7
3008 5.072731906228353e-7
3009 5.089747014215825e-7
3010 5.089747014215825e-7
3011 5.089747014215825e-7
3012 5.089747014215825e-7
3013 5.089747014215825e-7
3014 5.089747014215825e-7
3015 5.089747014215825e-7
3016 5.089747014215825e-7
3017 5.089747014215825e-7
3018 5.089747014215825e-7
3019 5.089747014215825e-7
3020 5.089747014215825e-7
3021 5.089747014215825e-7
3022 5.089747014215825e-7
3023 5.089747014215825e-7
3024 5.089747014215825e-7
3025 5.089747014215825e-7
3026 5.089747014215825e-7
3027 5.089747014215825e-7
3028 5.089747014215825e-7
3029 5.089747014215825e-7
3030 5.089747014215825e-7
3031 5.089747014215825e-7
3032 5.089747014215825e-7
3033 5.089747014215825e-7
3034 5.089747014215825e-7
3035 5.089747014215825e-7
3036 5.096572277858606e-7
3037 5.096572277858606e-7
3038 5.096572277858606e-7
3039 5.096572277858606e-7
3040 5.096572277858606e-7
3041 5.096572277858606e-7
3042 5.096572277858606e-7
3043 5.096572277858606e-7
3044 5.096572277858606e-7
3045 5.096572277858606e-7
3046 5.096572277858606e-7
3047 5.099183821364996e-7
3048 5.099183821364996e-7
3049 5.099183821364996e-7
3050 5.101635149653115e-7
3051 5.101250630684534e-7
3052 5.101250630684534e-7
3053 5.101250630684534e-7
3054 5.101250630684534e-7
3055 5.101250630684534e-7
3056 5.101250630684534e-7
3057 5.101250630684534e-7
3058 5.101250630684534e-7
3059 5.101250630684534e-7
3060 5.107146641171879e-7
3061 5.107146641171879e-7
3062 5.109613994648916e-7
3063 5.116984004702188e-7
3064 5.127430203175025e-7
3065 5.138501243443853e-7
3066 5.138180806895489e-7
3067 5.140824400779716e-7
3068 5.140824400779716e-7
3069 5.140824400779716e-7
3070 5.140824400779716e-7
3071 5.140824400779716e-7
3072 5.140824400779716e-7
3073 5.146992778360489e-7
3074 5.15838425517768e-7
3075 5.172130927484934e-7
3076 5.177354026721353e-7
3077 5.181039031747989e-7
3078 5.181039031747989e-7
3079 5.181039031747989e-7
3080 5.181039031747989e-7
3081 5.181039031747989e-7
3082 5.181039031747989e-7
3083 5.181039031747989e-7
3084 5.181039031747989e-7
3085 5.181039031747989e-7
3086 5.181039031747989e-7
3087 5.181039031747989e-7
3088 5.181039031747989e-7
3089 5.181039031747989e-7
3090 5.181039031747989e-7
3091 5.181039031747989e-7
3092 5.181039031747989e-7
3093 5.181039031747989e-7
3094 5.181039031747989e-7
3095 5.181039031747989e-7
3096 5.186021814268818e-7
3097 5.188489155522218e-7
3098 5.192270293346908e-7
3099 5.210422957498482e-7
3100 5.220564732388236e-7
3101 5.230818653041326e-7
3102 5.230818653041326e-7
3103 5.230818653041326e-7
3104 5.230818653041326e-7
3105 5.235897550024753e-7
3106 5.241409035431699e-7
3107 5.240431712821327e-7
3108 5.254610973552099e-7
3109 5.258151782437563e-7
3110 5.272202872216081e-7
3111 5.272202872216081e-7
3112 5.269447126456699e-7
3113 5.267172032463953e-7
3114 5.267172032463953e-7
3115 5.267172032463953e-7
3116 5.267172032463953e-7
3117 5.267172032463953e-7
3118 5.267172032463953e-7
3119 5.267172032463953e-7
3120 5.267172032463953e-7
3121 5.267172032463953e-7
3122 5.267172032463953e-7
3123 5.267172032463953e-7
3124 5.267172032463953e-7
3125 5.267172032463953e-7
3126 5.267172032463953e-7
3127 5.267172032463953e-7
3128 5.267172032463953e-7
3129 5.267172032463953e-7
3130 5.267172032463953e-7
3131 5.267172032463953e-7
3132 5.267172032463953e-7
3133 5.267172032463953e-7
3134 5.267172032463953e-7
3135 5.267172032463953e-7
3136 5.267172032463953e-7
3137 5.267172032463953e-7
3138 5.267172032463953e-7
3139 5.267172032463953e-7
3140 5.267172032463953e-7
3141 5.267172032463953e-7
3142 5.267172032463953e-7
3143 5.267172032463953e-7
3144 5.267172032463953e-7
3145 5.267172032463953e-7
3146 5.267172032463953e-7
3147 5.267172032463953e-7
3148 5.267172032463953e-7
3149 5.267172032463953e-7
3150 5.267172032463953e-7
3151 5.267172032463953e-7
3152 5.267172032463953e-7
3153 5.267172032463953e-7
3154 5.267172032463953e-7
3155 5.267172032463953e-7
3156 5.267172032463953e-7
3157 5.267172032463953e-7
3158 5.267172032463953e-7
3159 5.267172032463953e-7
3160 5.267172032463953e-7
3161 5.267172032463953e-7
3162 5.267172032463953e-7
3163 5.267172032463953e-7
3164 5.267172032463953e-7
3165 5.267172032463953e-7
3166 5.267172032463953e-7
3167 5.267172032463953e-7
3168 5.267172032463953e-7
3169 5.267172032463953e-7
3170 5.267172032463953e-7
3171 5.267172032463953e-7
3172 5.267172032463953e-7
3173 5.267172032463953e-7
3174 5.267172032463953e-7
3175 5.267172032463953e-7
3176 5.267172032463953e-7
3177 5.267172032463953e-7
3178 5.267172032463953e-7
3179 5.267172032463953e-7
3180 5.267172032463953e-7
3181 5.267172032463953e-7
3182 5.267172032463953e-7
3183 5.267172032463953e-7
3184 5.267172032463953e-7
3185 5.267172032463953e-7
3186 5.267172032463953e-7
3187 5.267172032463953e-7
3188 5.267172032463953e-7
3189 5.267172032463953e-7
3190 5.267172032463953e-7
3191 5.267172032463953e-7
3192 5.267172032463953e-7
3193 5.267172032463953e-7
3194 5.2782430788446e-7
3195 5.283754564251545e-7
3196 5.306633644572164e-7
3197 5.306633644572164e-7
3198 5.306633644572164e-7
3199 5.306633644572164e-7
3200 5.306633644572164e-7
3201 5.306633644572164e-7
3202 5.306633644572164e-7
3203 5.306633644572164e-7
3204 5.306633644572164e-7
3205 5.306633644572164e-7
3206 5.306633644572164e-7
3207 5.306633644572164e-7
3208 5.306633644572164e-7
3209 5.306633644572164e-7
3210 5.306633644572164e-7
3211 5.311872756773863e-7
3212 5.310430801473955e-7
3213 5.315205287097936e-7
3214 5.323921125764881e-7
3215 5.332765147607718e-7
3216 5.334383337203e-7
3217 5.336498209865654e-7
3218 5.344925662362073e-7
3219 5.344925662362073e-7
3220 5.344925662362073e-7
3221 5.345822877363309e-7
3222 5.346591915300472e-7
3223 5.348578610899053e-7
3224 5.348578610899053e-7
3225 5.348578610899053e-7
3226 5.35541991195439e-7
3227 5.358399949240444e-7
3228 5.359569555782382e-7
3229 5.359777834343773e-7
3230 5.36024246703331e-7
3231 5.368830122524362e-7
3232 5.376600682846953e-7
3233 5.39106834197189e-7
3234 5.390779949689545e-7
3235 5.38948219053081e-7
3236 5.396756073897846e-7
3237 5.396756073897846e-7
3238 5.388568950340655e-7
3239 5.388568950340655e-7
3240 5.388568950340655e-7
3241 5.388568950340655e-7
3242 5.388568950340655e-7
3243 5.388568950340655e-7
3244 5.388568950340655e-7
3245 5.388568950340655e-7
3246 5.388568950340655e-7
3247 5.388568950340655e-7
3248 5.388568950340655e-7
3249 5.388568950340655e-7
3250 5.388568950340655e-7
3251 5.388568950340655e-7
3252 5.3944969989822e-7
3253 5.396323491586147e-7
3254 5.405327716423619e-7
3255 5.419619135141365e-7
3256 5.434279053750593e-7
3257 5.434279053750593e-7
3258 5.434279053750593e-7
3259 5.434279053750593e-7
3260 5.434279053750593e-7
3261 5.434279053750593e-7
3262 5.434279053750593e-7
3263 5.434279053750593e-7
3264 5.434279053750593e-7
3265 5.434279053750593e-7
3266 5.434279053750593e-7
3267 5.434279053750593e-7
3268 5.434279053750593e-7
3269 5.434279053750593e-7
3270 5.437211039917165e-7
3271 5.443363398420838e-7
3272 5.458471918418864e-7
3273 5.467107655588491e-7
3274 5.468421446047964e-7
3275 5.468421446047964e-7
3276 5.468421446047964e-7
3277 5.468421446047964e-7
3278 5.468421446047964e-7
3279 5.468421446047964e-7
3280 5.468421446047964e-7
3281 5.468421446047964e-7
3282 5.468421446047964e-7
3283 5.468421446047964e-7
3284 5.468421446047964e-7
3285 5.468421446047964e-7
3286 5.468421446047964e-7
3287 5.468421446047964e-7
3288 5.468421446047964e-7
3289 5.468421446047964e-7
3290 5.468421446047964e-7
3291 5.468421446047964e-7
3292 5.468421446047964e-7
3293 5.468421446047964e-7
3294 5.468421446047964e-7
3295 5.468421446047964e-7
3296 5.468421446047964e-7
3297 5.468421446047964e-7
3298 5.468421446047964e-7
3299 5.468421446047964e-7
3300 5.478338911075591e-7
3301 5.478162682892037e-7
3302 5.478162682892037e-7
3303 5.478162682892037e-7
3304 5.478162682892037e-7
3305 5.478162682892037e-7
3306 5.478162682892037e-7
3307 5.478162682892037e-7
3308 5.478162682892037e-7
3309 5.478162682892037e-7
3310 5.478162682892037e-7
3311 5.478162682892037e-7
3312 5.486526034632782e-7
3313 5.483722225530282e-7
3314 5.480357657052009e-7
3315 5.483994604847346e-7
3316 5.484635465720435e-7
3317 5.485019996912655e-7
3318 5.488865211045744e-7
3319 5.501266066962963e-7
3320 5.502435649057626e-7
3321 5.516839225762345e-7
3322 5.516839225762345e-7
3323 5.516839225762345e-7
3324 5.516839225762345e-7
3325 5.516839225762345e-7
3326 5.516839225762345e-7
3327 5.52033197130469e-7
3328 5.522847388124845e-7
3329 5.527990373640309e-7
3330 5.545069582383454e-7
3331 5.551878826949135e-7
3332 5.551878826949135e-7
3333 5.551878826949135e-7
3334 5.551878826949135e-7
3335 5.551878826949135e-7
3336 5.551878826949135e-7
3337 5.551878826949135e-7
3338 5.551878826949135e-7
3339 5.551878826949135e-7
3340 5.551878826949135e-7
3341 5.551878826949135e-7
3342 5.551878826949135e-7
3343 5.551878826949135e-7
3344 5.551878826949135e-7
3345 5.555900293713054e-7
3346 5.555900293713054e-7
3347 5.555900293713054e-7
3348 5.555900293713054e-7
3349 5.555900293713054e-7
3350 5.555900293713054e-7
3351 5.555900293713054e-7
3352 5.555900293713054e-7
3353 5.555900293713054e-7
3354 5.555900293713054e-7
3355 5.555900293713054e-7
3356 5.559681431537745e-7
3357 5.562196860581537e-7
3358 5.580461664384626e-7
3359 5.591837122124717e-7
3360 5.591837122124717e-7
3361 5.591837122124717e-7
3362 5.591837122124717e-7
3363 5.591837122124717e-7
3364 5.591837122124717e-7
3365 5.591837122124717e-7
3366 5.591837122124717e-7
3367 5.591837122124717e-7
3368 5.601674485655026e-7
3369 5.601674485655026e-7
3370 5.601674485655026e-7
3371 5.610166026683482e-7
3372 5.625274546681508e-7
3373 5.639117357898635e-7
3374 5.639117357898635e-7
3375 5.639117357898635e-7
3376 5.639117357898635e-7
3377 5.639117357898635e-7
3378 5.639117357898635e-7
3379 5.639117357898635e-7
3380 5.639117357898635e-7
3381 5.639117357898635e-7
3382 5.639117357898635e-7
3383 5.639117357898635e-7
3384 5.639117357898635e-7
3385 5.639117357898635e-7
3386 5.639117357898635e-7
3387 5.639117357898635e-7
3388 5.639117357898635e-7
3389 5.639117357898635e-7
3390 5.639117357898635e-7
3391 5.639117357898635e-7
3392 5.639117357898635e-7
3393 5.639117357898635e-7
3394 5.639117357898635e-7
3395 5.639117357898635e-7
3396 5.639117357898635e-7
3397 5.639117357898635e-7
3398 5.639117357898635e-7
3399 5.639117357898635e-7
3400 5.639117357898635e-7
3401 5.639117357898635e-7
3402 5.639117357898635e-7
3403 5.639117357898635e-7
3404 5.649835917353081e-7
3405 5.648890632896908e-7
3406 5.656084402542989e-7
3407 5.671994016967835e-7
3408 5.67388458588018e-7
3409 5.674076851476289e-7
3410 5.674701699384099e-7
3411 5.673820503459963e-7
3412 5.674012762944254e-7
3413 5.679604362072154e-7
3414 5.679604362072154e-7
3415 5.679604362072154e-7
3416 5.679604362072154e-7
3417 5.679604362072154e-7
3418 5.671224979030673e-7
3419 5.671224979030673e-7
3420 5.671224979030673e-7
3421 5.671224979030673e-7
3422 5.671224979030673e-7
3423 5.671224979030673e-7
3424 5.671224979030673e-7
3425 5.671224979030673e-7
3426 5.671224979030673e-7
3427 5.671224979030673e-7
3428 5.671224979030673e-7
3429 5.671224979030673e-7
3430 5.671224979030673e-7
3431 5.671224979030673e-7
3432 5.671224979030673e-7
3433 5.671224979030673e-7
3434 5.671224979030673e-7
3435 5.671224979030673e-7
3436 5.671224979030673e-7
3437 5.671224979030673e-7
3438 5.671224979030673e-7
3439 5.671224979030673e-7
3440 5.671224979030673e-7
3441 5.671224979030673e-7
3442 5.671224979030673e-7
3443 5.671224979030673e-7
3444 5.671224979030673e-7
3445 5.671224979030673e-7
3446 5.671224979030673e-7
3447 5.671224979030673e-7
3448 5.671224979030673e-7
3449 5.671224979030673e-7
3450 5.671224979030673e-7
3451 5.671224979030673e-7
3452 5.671224979030673e-7
3453 5.671224979030673e-7
3454 5.671224979030673e-7
3455 5.671224979030673e-7
3456 5.671224979030673e-7
3457 5.671224979030673e-7
3458 5.671224979030673e-7
3459 5.671224979030673e-7
3460 5.671224979030673e-7
3461 5.671224979030673e-7
3462 5.671224979030673e-7
3463 5.671224979030673e-7
3464 5.671224979030673e-7
3465 5.671224979030673e-7
3466 5.671224979030673e-7
3467 5.671224979030673e-7
3468 5.671224979030673e-7
3469 5.671224979030673e-7
3470 5.671224979030673e-7
3471 5.692742211660518e-7
3472 5.695578065029036e-7
3473 5.700448677339254e-7
3474 5.719146087901318e-7
3475 5.726964705455209e-7
3476 5.726964705455209e-7
3477 5.726964705455209e-7
3478 5.726964705455209e-7
3479 5.726964705455209e-7
3480 5.726964705455209e-7
3481 5.726964705455209e-7
3482 5.726964705455209e-7
3483 5.726964705455209e-7
3484 5.726964705455209e-7
3485 5.726964705455209e-7
3486 5.726964705455209e-7
3487 5.726964705455209e-7
3488 5.726964705455209e-7
3489 5.726964705455209e-7
3490 5.726964705455209e-7
3491 5.726964705455209e-7
3492 5.726964705455209e-7
3493 5.726964705455209e-7
3494 5.726964705455209e-7
3495 5.726964705455209e-7
3496 5.726964705455209e-7
3497 5.726964705455209e-7
3498 5.726964705455209e-7
3499 5.726964705455209e-7
3500 5.726964705455209e-7
3501 5.726964705455209e-7
3502 5.726964705455209e-7
3503 5.726964705455209e-7
3504 5.728374616489099e-7
3505 5.728374616489099e-7
3506 5.735424196105827e-7
3507 5.733709855377035e-7
3508 5.733709855377035e-7
3509 5.734863424506416e-7
3510 5.734478905537835e-7
3511 5.734478905537835e-7
3512 5.743210763281881e-7
3513 5.741512459965644e-7
3514 5.75120562735478e-7
3515 5.759857383601508e-7
3516 5.762196560014472e-7
3517 5.767211374577681e-7
3518 5.767948368248825e-7
3519 5.767099216590707e-7
3520 5.770495835446817e-7
3521 5.789401518458453e-7
3522 5.789401518458453e-7
3523 5.789401518458453e-7
3524 5.790843479870181e-7
3525 5.790843479870181e-7
3526 5.790843479870181e-7
3527 5.790843479870181e-7
3528 5.790843479870181e-7
3529 5.794480415441881e-7
3530 5.7932307318499e-7
3531 5.7932307318499e-7
3532 5.794320212447246e-7
3533 5.809140340162927e-7
3534 5.8264438587682e-7
3535 5.8264438587682e-7
3536 5.8264438587682e-7
3537 5.8264438587682e-7
3538 5.8264438587682e-7
3539 5.8264438587682e-7
3540 5.8264438587682e-7
3541 5.8264438587682e-7
3542 5.8264438587682e-7
3543 5.8264438587682e-7
3544 5.8264438587682e-7
3545 5.8264438587682e-7
3546 5.8264438587682e-7
3547 5.8264438587682e-7
3548 5.838700500208791e-7
3549 5.837354677706937e-7
3550 5.836185095612274e-7
3551 5.837675108143482e-7
3552 5.8377231714866e-7
3553 5.836601652735055e-7
3554 5.836233158955392e-7
3555 5.836233158955392e-7
3556 5.839870094527092e-7
3557 5.859801169604037e-7
3558 5.872121905688482e-7
3559 5.872121905688482e-7
3560 5.872121905688482e-7
3561 5.872121905688482e-7
3562 5.872121905688482e-7
3563 5.872121905688482e-7
3564 5.872121905688482e-7
3565 5.872121905688482e-7
3566 5.872121905688482e-7
3567 5.872121905688482e-7
3568 5.872121905688482e-7
3569 5.872121905688482e-7
3570 5.872121905688482e-7
3571 5.872121905688482e-7
3572 5.872121905688482e-7
3573 5.872121905688482e-7
3574 5.872121905688482e-7
3575 5.872121905688482e-7
3576 5.872121905688482e-7
3577 5.872121905688482e-7
3578 5.872121905688482e-7
3579 5.872121905688482e-7
3580 5.872121905688482e-7
3581 5.872121905688482e-7
3582 5.872121905688482e-7
3583 5.872121905688482e-7
3584 5.872121905688482e-7
3585 5.872121905688482e-7
3586 5.872121905688482e-7
3587 5.872121905688482e-7
3588 5.872121905688482e-7
3589 5.872121905688482e-7
3590 5.872121905688482e-7
3591 5.872121905688482e-7
3592 5.872121905688482e-7
3593 5.872121905688482e-7
3594 5.872121905688482e-7
3595 5.872121905688482e-7
3596 5.872121905688482e-7
3597 5.872121905688482e-7
3598 5.872121905688482e-7
3599 5.872121905688482e-7
3600 5.872121905688482e-7
3601 5.872121905688482e-7
3602 5.872121905688482e-7
3603 5.872121905688482e-7
3604 5.872121905688482e-7
3605 5.872121905688482e-7
3606 5.872121905688482e-7
3607 5.872121905688482e-7
3608 5.878530612208482e-7
3609 5.885195666744809e-7
3610 5.900159996713481e-7
3611 5.898830187176908e-7
3612 5.901425717718017e-7
3613 5.904229520708699e-7
3614 5.905479222636136e-7
3615 5.904133387910644e-7
3616 5.901329584919962e-7
3617 5.901746154266381e-7
3618 5.901746154266381e-7
3619 5.901746154266381e-7
3620 5.907513987689653e-7
3621 5.909084126165454e-7
3622 5.906007937745889e-7
3623 5.90434168480749e-7
3624 5.905094697555734e-7
3625 5.92239821004919e-7
3626 5.933116769503636e-7
3627 5.950932978029745e-7
3628 5.950932978029745e-7
3629 5.950932978029745e-7
3630 5.950932978029745e-7
3631 5.950932978029745e-7
3632 5.950932978029745e-7
3633 5.950932978029745e-7
3634 5.950932978029745e-7
3635 5.950932978029745e-7
3636 5.950932978029745e-7
3637 5.950932978029745e-7
3638 5.950932978029745e-7
3639 5.951173306968972e-7
3640 5.956252203952399e-7
3641 5.956252203952399e-7
3642 5.957694165364127e-7
3643 5.956268229141318e-7
3644 5.9594245190582e-7
3645 5.959152151964774e-7
3646 5.964952023542245e-7
3647 6.008387032959436e-7
3648 6.012280316547462e-7
3649 6.032996473085945e-7
3650 6.045797860937026e-7
3651 6.045797860937026e-7
3652 6.045797860937026e-7
3653 6.045797860937026e-7
3654 6.058999799057426e-7
3655 6.070247079733444e-7
3656 6.072458085194153e-7
3657 6.089248901654954e-7
3658 6.110141286376991e-7
3659 6.111663349286036e-7
3660 6.114419095045418e-7
3661 6.1167582775702e-7
3662 6.119610150015818e-7
3663 6.114531246920572e-7
3664 6.127941469714182e-7
3665 6.127941469714182e-7
3666 6.127941469714182e-7
3667 6.127941469714182e-7
3668 6.127941469714182e-7
3669 6.127941469714182e-7
3670 6.127941469714182e-7
3671 6.127941469714182e-7
3672 6.127941469714182e-7
3673 6.127941469714182e-7
3674 6.127941469714182e-7
3675 6.133052417075446e-7
3676 6.133052417075446e-7
3677 6.134510403676092e-7
3678 6.134334163268901e-7
3679 6.134334163268901e-7
3680 6.136128605495011e-7
3681 6.136609263373466e-7
3682 6.140855021664057e-7
3683 6.141335667318874e-7
3684 6.141880401505727e-7
3685 6.14256935016921e-7
3686 6.14256935016921e-7
3687 6.152262523670165e-7
3688 6.151044878232384e-7
3689 6.159856849697384e-7
3690 6.179948133880783e-7
3691 6.185235321649238e-7
3692 6.185235321649238e-7
3693 6.185235321649238e-7
3694 6.185235321649238e-7
3695 6.179900076649484e-7
3696 6.179900076649484e-7
3697 6.179900076649484e-7
3698 6.179900076649484e-7
3699 6.179900076649484e-7
3700 6.179900076649484e-7
3701 6.179900076649484e-7
3702 6.179900076649484e-7
3703 6.179900076649484e-7
3704 6.183296695505594e-7
3705 6.18276797428402e-7
3706 6.183456910723866e-7
3707 6.183456910723866e-7
3708 6.183456910723866e-7
3709 6.183456910723866e-7
3710 6.19220479365683e-7
3711 6.193454489472447e-7
3712 6.207473534984947e-7
3713 6.219618042885839e-7
3714 6.233476867068248e-7
3715 6.237241985815839e-7
3716 6.251533404533585e-7
3717 6.268260120238712e-7
3718 6.26768334178584e-7
3719 6.275405832653494e-7
3720 6.285964183001486e-7
3721 6.295817571720713e-7
3722 6.308234440603213e-7
3723 6.315972950547967e-7
3724 6.319161284730867e-7
3725 6.316822102206085e-7
3726 6.316822102206085e-7
3727 6.316822102206085e-7
3728 6.316822102206085e-7
3729 6.312608375957876e-7
3730 6.312816660631086e-7
3731 6.311855357097813e-7
3732 6.311855357097813e-7
3733 6.311855357097813e-7
3734 6.311855357097813e-7
3735 6.311855357097813e-7
3736 6.311855357097813e-7
3737 6.311855357097813e-7
3738 6.311855357097813e-7
3739 6.311855357097813e-7
3740 6.320186682907996e-7
3741 6.320186682907996e-7
3742 6.320186682907996e-7
3743 6.320186682907996e-7
3744 6.320186682907996e-7
3745 6.320186682907996e-7
3746 6.320186682907996e-7
3747 6.320186682907996e-7
3748 6.320186682907996e-7
3749 6.320186682907996e-7
3750 6.320186682907996e-7
3751 6.320186682907996e-7
3752 6.320186682907996e-7
3753 6.320186682907996e-7
3754 6.320186682907996e-7
3755 6.320186682907996e-7
3756 6.320186682907996e-7
3757 6.320186682907996e-7
3758 6.320186682907996e-7
3759 6.320186682907996e-7
3760 6.320186682907996e-7
3761 6.320186682907996e-7
3762 6.320186682907996e-7
3763 6.320186682907996e-7
3764 6.320186682907996e-7
3765 6.333564861435588e-7
3766 6.358927314310342e-7
3767 6.358927314310342e-7
3768 6.358927314310342e-7
3769 6.367963589525651e-7
3770 6.369822120283797e-7
3771 6.390233841015559e-7
3772 6.396097807236886e-7
3773 6.406992613210341e-7
3774 6.406992613210341e-7
3775 6.406992613210341e-7
3776 6.406992613210341e-7
3777 6.406992613210341e-7
3778 6.406992613210341e-7
3779 6.406992613210341e-7
3780 6.406992613210341e-7
3781 6.406992613210341e-7
3782 6.406992613210341e-7
3783 6.406992613210341e-7
3784 6.406992613210341e-7
3785 6.406992613210341e-7
3786 6.406992613210341e-7
3787 6.406992613210341e-7
3788 6.406992613210341e-7
3789 6.406992613210341e-7
3790 6.421748658505805e-7
3791 6.437930640024077e-7
3792 6.435943944425496e-7
3793 6.439885303580278e-7
3794 6.439885303580278e-7
3795 6.439885303580278e-7
3796 6.450251376108522e-7
3797 6.467538863413059e-7
3798 6.502306103618242e-7
3799 6.501601141989478e-7
3800 6.501392863428088e-7
3801 6.510925815598951e-7
3802 6.526915537632933e-7
3803 6.526915537632933e-7
3804 6.526915537632933e-7
3805 6.540325760426543e-7
3806 6.540325760426543e-7
3807 6.540325760426543e-7
3808 6.542745038336824e-7
3809 6.542745038336824e-7
3810 6.544827872845279e-7
3811 6.548016200916361e-7
3812 6.548016200916361e-7
3813 6.548016200916361e-7
3814 6.548016200916361e-7
3815 6.548016200916361e-7
3816 6.548016200916361e-7
3817 6.548016200916361e-7
3818 6.548016200916361e-7
3819 6.548016200916361e-7
3820 6.548016200916361e-7
3821 6.548016200916361e-7
3822 6.548016200916361e-7
3823 6.55421662887497e-7
3824 6.561538581696943e-7
3825 6.561057923818488e-7
3826 6.579146499438024e-7
3827 6.597763790167314e-7
3828 6.597763790167314e-7
3829 6.597763790167314e-7
3830 6.597763790167314e-7
3831 6.597763790167314e-7
3832 6.597763790167314e-7
3833 6.597763790167314e-7
3834 6.597763790167314e-7
3835 6.597763790167314e-7
3836 6.597763790167314e-7
3837 6.597763790167314e-7
3838 6.597763790167314e-7
3839 6.597763790167314e-7
3840 6.597763790167314e-7
3841 6.597763790167314e-7
3842 6.613368999344534e-7
3843 6.630015613552343e-7
3844 6.640333634961107e-7
3845 6.647992031184906e-7
3846 6.638587256078116e-7
3847 6.641599355965644e-7
3848 6.641807634527035e-7
3849 6.641983874934225e-7
3850 6.64289711512438e-7
3851 6.64289711512438e-7
3852 6.64289711512438e-7
3853 6.655682477786542e-7
3854 6.656675831697652e-7
3855 6.673594812998888e-7
3856 6.67795273538827e-7
3857 6.676222381694197e-7
3858 6.681589677071788e-7
3859 6.674540097455061e-7
3860 6.683271961310924e-7
3861 6.683271961310924e-7
3862 6.691507148211233e-7
3863 6.698428556875706e-7
3864 6.70374778279836e-7
3865 6.700927948506942e-7
3866 6.703683700378143e-7
3867 6.70438864978327e-7
3868 6.708682483640616e-7
3869 6.708810660704688e-7
3870 6.718007157250089e-7
3871 6.721868402683916e-7
3872 6.715411632820798e-7
3873 6.716565195838362e-7
3874 6.716565195838362e-7
3875 6.711982969698671e-7
3876 6.711982969698671e-7
3877 6.711982969698671e-7
3878 6.711982969698671e-7
3879 6.711982969698671e-7
3880 6.711982969698671e-7
3881 6.711982969698671e-7
3882 6.711982969698671e-7
3883 6.711982969698671e-7
3884 6.711982969698671e-7
3885 6.713408905921481e-7
3886 6.713408905921481e-7
3887 6.716757449210835e-7
3888 6.716757449210835e-7
3889 6.716757449210835e-7
3890 6.716757449210835e-7
3891 6.716757449210835e-7
3892 6.716757449210835e-7
3893 6.716757449210835e-7
3894 6.716757449210835e-7
3895 6.726098141897408e-7
3896 6.726899224100589e-7
3897 6.723742928071889e-7
3898 6.73970061806349e-7
3899 6.740405579692254e-7
3900 6.767866880040745e-7
3901 6.790649827563308e-7
3902 6.79303706731939e-7
3903 6.79303706731939e-7
3904 6.79303706731939e-7
3905 6.807344505114235e-7
3906 6.824183378806334e-7
3907 6.831184888968125e-7
3908 6.829214218558462e-7
3909 6.832963318228953e-7
3910 6.840092999342998e-7
3911 6.850154672735435e-7
3912 6.851228134255681e-7
3913 6.856194879363954e-7
3914 6.853695481620899e-7
3915 6.856162835097936e-7
3916 6.879618699983244e-7
3917 6.884361141341208e-7
3918 6.886379881205808e-7
3919 6.88952015204559e-7
3920 6.88952015204559e-7
3921 6.88952015204559e-7
3922 6.88952015204559e-7
3923 6.88952015204559e-7
3924 6.88952015204559e-7
3925 6.88952015204559e-7
3926 6.88952015204559e-7
3927 6.88952015204559e-7
3928 6.88952015204559e-7
3929 6.88952015204559e-7
3930 6.88952015204559e-7
3931 6.88952015204559e-7
3932 6.88952015204559e-7
3933 6.897306731445281e-7
3934 6.895592402940126e-7
3935 6.897114465849172e-7
3936 6.903491134214972e-7
3937 6.922188532553399e-7
3938 6.924896214969663e-7
3939 6.927732068338181e-7
3940 6.927732068338181e-7
3941 6.927732068338181e-7
3942 6.92792433393429e-7
3943 6.926498391599663e-7
3944 6.928917681733582e-7
3945 6.932362351709172e-7
3946 6.932794946244509e-7
3947 6.954712723031855e-7
3948 6.96924446457701e-7
3949 6.973233880963091e-7
3950 6.988855103105592e-7
3951 6.999557649594756e-7
3952 6.999557649594756e-7
3953 6.999557649594756e-7
3954 6.999557649594756e-7
3955 6.999557649594756e-7
3956 6.999557649594756e-7
3957 6.999557649594756e-7
3958 6.999557649594756e-7
3959 6.999557649594756e-7
3960 6.999557649594756e-7
3961 7.007888963181301e-7
3962 7.00787295021602e-7
3963 7.00787295021602e-7
3964 7.011606012473955e-7
3965 7.015643504426793e-7
3966 7.034180687546947e-7
3967 7.037689458278211e-7
3968 7.040781659663057e-7
3969 7.042704266729602e-7
3970 7.039868413361084e-7
3971 7.039804330940866e-7
3972 7.039804330940866e-7
3973 7.037865704797222e-7
3974 7.037385046918767e-7
3975 7.03634362966454e-7
3976 7.036968483684167e-7
3977 7.036968483684167e-7
3978 7.036968483684167e-7
3979 7.036968483684167e-7
3980 7.036968483684167e-7
3981 7.036968483684167e-7
3982 7.036968483684167e-7
3983 7.036968483684167e-7
3984 7.036968483684167e-7
3985 7.036968483684167e-7
3986 7.036968483684167e-7
3987 7.036968483684167e-7
3988 7.039756267597748e-7
3989 7.04057336887803e-7
3990 7.04057336887803e-7
3991 7.04057336887803e-7
3992 7.046853898333957e-7
3993 7.049225125124757e-7
3994 7.057428273870866e-7
3995 7.068547371370993e-7
3996 7.077022893322348e-7
3997 7.077022893322348e-7
3998 7.077022893322348e-7
3999 7.077022893322348e-7
4000 7.077022893322348e-7
4001 7.077022893322348e-7
4002 7.077022893322348e-7
4003 7.077022893322348e-7
4004 7.077022893322348e-7
4005 7.077022893322348e-7
4006 7.067105422182902e-7
4007 7.066176156803829e-7
4008 7.066176156803829e-7
4009 7.066176156803829e-7
4010 7.066176156803829e-7
4011 7.066176156803829e-7
4012 7.066176156803829e-7
4013 7.066176156803829e-7
4014 7.066176156803829e-7
4015 7.066176156803829e-7
4016 7.066176156803829e-7
4017 7.066176156803829e-7
4018 7.075869318081147e-7
4019 7.091794957694911e-7
4020 7.09820366421491e-7
4021 7.10541345904991e-7
4022 7.10541345904991e-7
4023 7.10541345904991e-7
4024 7.10541345904991e-7
4025 7.10541345904991e-7
4026 7.10541345904991e-7
4027 7.10541345904991e-7
4028 7.10541345904991e-7
4029 7.10541345904991e-7
4030 7.10541345904991e-7
4031 7.10541345904991e-7
4032 7.10541345904991e-7
4033 7.10541345904991e-7
4034 7.10541345904991e-7
4035 7.10541345904991e-7
4036 7.10541345904991e-7
4037 7.10541345904991e-7
4038 7.10541345904991e-7
4039 7.10541345904991e-7
4040 7.10541345904991e-7
4041 7.10541345904991e-7
4042 7.10541345904991e-7
4043 7.10541345904991e-7
4044 7.10541345904991e-7
4045 7.10541345904991e-7
4046 7.10541345904991e-7
4047 7.10541345904991e-7
4048 7.10541345904991e-7
4049 7.10541345904991e-7
4050 7.10541345904991e-7
4051 7.10541345904991e-7
4052 7.10541345904991e-7
4053 7.10541345904991e-7
4054 7.10541345904991e-7
4055 7.10541345904991e-7
4056 7.10541345904991e-7
4057 7.10541345904991e-7
4058 7.10541345904991e-7
4059 7.10541345904991e-7
4060 7.10541345904991e-7
4061 7.10541345904991e-7
4062 7.10541345904991e-7
4063 7.10541345904991e-7
4064 7.10541345904991e-7
4065 7.10541345904991e-7
4066 7.10541345904991e-7
4067 7.10541345904991e-7
4068 7.108345432992846e-7
4069 7.108345432992846e-7
4070 7.108345432992846e-7
4071 7.110316103402509e-7
4072 7.117814290519854e-7
4073 7.141526509533309e-7
4074 7.141526509533309e-7
4075 7.141526509533309e-7
4076 7.141526509533309e-7
4077 7.141526509533309e-7
4078 7.141526509533309e-7
4079 7.141526509533309e-7
4080 7.141526509533309e-7
4081 7.141526509533309e-7
4082 7.141526509533309e-7
4083 7.141526509533309e-7
4084 7.141526509533309e-7
4085 7.141526509533309e-7
4086 7.141526509533309e-7
4087 7.141526509533309e-7
4088 7.144218166760654e-7
4089 7.145195507706482e-7
4090 7.14391374928939e-7
4091 7.148015329774263e-7
4092 7.150995379283954e-7
4093 7.160047679688181e-7
4094 7.173922522947689e-7
4095 7.179562191530527e-7
4096 7.179562191530527e-7
4097 7.179562191530527e-7
4098 7.179562191530527e-7
4099 7.179562191530527e-7
4100 7.179562191530527e-7
4101 7.179562191530527e-7
4102 7.179562191530527e-7
4103 7.184400759574726e-7
4104 7.184913455607381e-7
4105 7.189719991609199e-7
4106 7.193581237043027e-7
4107 7.20793673818099e-7
4108 7.206751130897409e-7
4109 7.2141371661396e-7
4110 7.218991759372717e-7
4111 7.218991759372717e-7
4112 7.218991759372717e-7
4113 7.218991759372717e-7
4114 7.218991759372717e-7
4115 7.218991759372717e-7
4116 7.218991759372717e-7
4117 7.218991759372717e-7
4118 7.218991759372717e-7
4119 7.218991759372717e-7
4120 7.218991759372717e-7
4121 7.218991759372717e-7
4122 7.218991759372717e-7
4123 7.218991759372717e-7
4124 7.218991759372717e-7
4125 7.218991759372717e-7
4126 7.218991759372717e-7
4127 7.218991759372717e-7
4128 7.218991759372717e-7
4129 7.230831843690526e-7
4130 7.249721507625062e-7
4131 7.253134145558271e-7
4132 7.268450944117687e-7
4133 7.268450944117687e-7
4134 7.268450944117687e-7
4135 7.268450944117687e-7
4136 7.268450944117687e-7
4137 7.268450944117687e-7
4138 7.268450944117687e-7
4139 7.268450944117687e-7
4140 7.268450944117687e-7
4141 7.268450944117687e-7
4142 7.268450944117687e-7
4143 7.268450944117687e-7
4144 7.268450944117687e-7
4145 7.268450944117687e-7
4146 7.268450944117687e-7
4147 7.268450944117687e-7
4148 7.268450944117687e-7
4149 7.268450944117687e-7
4150 7.268450944117687e-7
4151 7.268450944117687e-7
4152 7.268450944117687e-7
4153 7.268450944117687e-7
4154 7.268450944117687e-7
4155 7.268450944117687e-7
4156 7.268450944117687e-7
4157 7.268450944117687e-7
4158 7.268450944117687e-7
4159 7.268450944117687e-7
4160 7.268450944117687e-7
4161 7.268450944117687e-7
4162 7.268450944117687e-7
4163 7.268450944117687e-7
4164 7.268450944117687e-7
4165 7.268450944117687e-7
4166 7.268450944117687e-7
4167 7.268450944117687e-7
4168 7.268450944117687e-7
4169 7.268450944117687e-7
4170 7.27575687786256e-7
4171 7.276638073786696e-7
4172 7.298331546823733e-7
4173 7.296408933645369e-7
4174 7.295111168374814e-7
4175 7.308345150761233e-7
4176 7.308345150761233e-7
4177 7.308345150761233e-7
4178 7.308345150761233e-7
4179 7.308345150761233e-7
4180 7.308345150761233e-7
4181 7.308345150761233e-7
4182 7.308345150761233e-7
4183 7.308345150761233e-7
4184 7.309642909919968e-7
4185 7.310732402740952e-7
4186 7.310732402740952e-7
4187 7.310732402740952e-7
4188 7.310732402740952e-7
4189 7.310732402740952e-7
4190 7.310732402740952e-7
4191 7.310732402740952e-7
4192 7.31718917260407e-7
4193 7.321611183525488e-7
4194 7.334909248332124e-7
4195 7.339010822705178e-7
4196 7.342359372106351e-7
4197 7.343160454309532e-7
4198 7.34460241572126e-7
4199 7.34460241572126e-7
4200 7.34460241572126e-7
4201 7.34460241572126e-7
4202 7.34460241572126e-7
4203 7.34460241572126e-7
4204 7.34460241572126e-7
4205 7.34460241572126e-7
4206 7.34460241572126e-7
4207 7.34460241572126e-7
4208 7.34460241572126e-7
4209 7.34460241572126e-7
4210 7.34460241572126e-7
4211 7.34460241572126e-7
4212 7.34460241572126e-7
4213 7.34460241572126e-7
4214 7.34460241572126e-7
4215 7.34460241572126e-7
4216 7.34460241572126e-7
4217 7.34460241572126e-7
4218 7.34460241572126e-7
4219 7.347342136291723e-7
4220 7.347342136291723e-7
4221 7.347342136291723e-7
4222 7.350306172836134e-7
4223 7.358285005608297e-7
4224 7.360512036257924e-7
4225 7.375908948538297e-7
4226 7.385473944975179e-7
4227 7.385473944975179e-7
4228 7.384160160627525e-7
4229 7.384160160627525e-7
4230 7.384160160627525e-7
4231 7.384160160627525e-7
4232 7.390793170897834e-7
4233 7.401832166900642e-7
4234 7.410788334506815e-7
4235 7.415002060755024e-7
4236 7.419023527518943e-7
4237 7.429870257925642e-7
4238 7.431408346023606e-7
4239 7.427434948714625e-7
4240 7.422019589993915e-7
4241 7.422019589993915e-7
4242 7.422019589993915e-7
4243 7.427066448823143e-7
4244 7.427066448823143e-7
4245 7.427066448823143e-7
4246 7.429421650425025e-7
4247 7.429421650425025e-7
4248 7.429421650425025e-7
4249 7.432802244092216e-7
4250 7.432802244092216e-7
4251 7.432802244092216e-7
4252 7.432802244092216e-7
4253 7.432802244092216e-7
4254 7.438345773765179e-7
4255 7.438233621890025e-7
4256 7.443040157891844e-7
4257 7.460439797071535e-7
4258 7.464893846147153e-7
4259 7.467761743781689e-7
4260 7.470805875711598e-7
4261 7.493684962144036e-7
4262 7.495863923338726e-7
4263 7.503346091378972e-7
4264 7.508264767032308e-7
4265 7.508264767032308e-7
4266 7.508264767032308e-7
4267 7.51401658137848e-7
4268 7.536575237374372e-7
4269 7.561008437093691e-7
4270 7.562722765598845e-7
4271 7.560351551031683e-7
4272 7.560575854781992e-7
4273 7.561905658206746e-7
4274 7.567353055081655e-7
4275 7.576918051518537e-7
4276 7.58425602341761e-7
4277 7.589607293606283e-7
4278 7.589607293606283e-7
4279 7.589607293606283e-7
4280 7.586979724910974e-7
4281 7.594413823496283e-7
4282 7.594413823496283e-7
4283 7.600982757458193e-7
4284 7.622403857289984e-7
4285 7.628892671419121e-7
4286 7.636438921879584e-7
4287 7.636438921879584e-7
4288 7.656049560408165e-7
4289 7.670757542360511e-7
4290 7.672568003663721e-7
4291 7.673096718773475e-7
4292 7.677406577819739e-7
4293 7.677406577819739e-7
4294 7.677406577819739e-7
4295 7.677406577819739e-7
4296 7.677406577819739e-7
4297 7.677406577819739e-7
4298 7.677406577819739e-7
4299 7.688029016699767e-7
4300 7.691714015614584e-7
4301 7.706021459521249e-7
4302 7.712494254573285e-7
4303 7.713263298622266e-7
4304 7.717477024870475e-7
4305 7.717477024870475e-7
4306 7.717477024870475e-7
4307 7.717477024870475e-7
4308 7.717477024870475e-7
4309 7.717477024870475e-7
4310 7.722059263233804e-7
4311 7.729941969319732e-7
4312 7.74980895586464e-7
4313 7.758124256485904e-7
4314 7.758124256485904e-7
4315 7.758124256485904e-7
4316 7.758124256485904e-7
4317 7.758124256485904e-7
4318 7.758124256485904e-7
4319 7.758124256485904e-7
4320 7.758124256485904e-7
4321 7.758124256485904e-7
4322 7.758124256485904e-7
4323 7.75738725670294e-7
4324 7.757339187248003e-7
4325 7.757339187248003e-7
4326 7.757339187248003e-7
4327 7.760591616074759e-7
4328 7.767032360748958e-7
4329 7.781195602402631e-7
4330 7.779208900692231e-7
4331 7.77978569136874e-7
4332 7.786947422860622e-7
4333 7.783759082565903e-7
4334 7.783759082565903e-7
4335 7.783759082565903e-7
4336 7.783759082565903e-7
4337 7.783759082565903e-7
4338 7.783759082565903e-7
4339 7.783759082565903e-7
4340 7.783759082565903e-7
4341 7.783759082565903e-7
4342 7.783759082565903e-7
4343 7.783759082565903e-7
4344 7.783759082565903e-7
4345 7.783759082565903e-7
4346 7.783759082565903e-7
4347 7.783759082565903e-7
4348 7.783759082565903e-7
4349 7.783759082565903e-7
4350 7.783759082565903e-7
4351 7.783759082565903e-7
4352 7.783759082565903e-7
4353 7.783759082565903e-7
4354 7.783759082565903e-7
4355 7.783759082565903e-7
4356 7.783759082565903e-7
4357 7.783759082565903e-7
4358 7.783759082565903e-7
4359 7.783759082565903e-7
4360 7.783759082565903e-7
4361 7.783759082565903e-7
4362 7.783759082565903e-7
4363 7.783759082565903e-7
4364 7.783759082565903e-7
4365 7.783759082565903e-7
4366 7.783759082565903e-7
4367 7.783759082565903e-7
4368 7.783759082565903e-7
4369 7.783759082565903e-7
4370 7.783759082565903e-7
4371 7.783759082565903e-7
4372 7.783759082565903e-7
4373 7.783759082565903e-7
4374 7.783759082565903e-7
4375 7.783759082565903e-7
4376 7.783759082565903e-7
4377 7.783759082565903e-7
4378 7.783759082565903e-7
4379 7.783759082565903e-7
4380 7.783759082565903e-7
4381 7.783759082565903e-7
4382 7.783759082565903e-7
4383 7.783759082565903e-7
4384 7.783759082565903e-7
4385 7.783759082565903e-7
4386 7.783759082565903e-7
4387 7.783759082565903e-7
4388 7.783759082565903e-7
4389 7.783759082565903e-7
4390 7.783759082565903e-7
4391 7.783759082565903e-7
4392 7.783759082565903e-7
4393 7.783759082565903e-7
4394 7.789574979332293e-7
4395 7.786514822213466e-7
4396 7.805564701366274e-7
4397 7.807679574028928e-7
4398 7.809746383348464e-7
4399 7.805324378538865e-7
4400 7.805324378538865e-7
4401 7.805324378538865e-7
4402 7.805324378538865e-7
4403 7.805324378538865e-7
4404 7.805324378538865e-7
4405 7.815738526633865e-7
4406 7.817789310764483e-7
4407 7.819968271959174e-7
4408 7.840700435351119e-7
4409 7.847830122576983e-7
4410 7.847830122576983e-7
4411 7.847830122576983e-7
4412 7.858885143768711e-7
4413 7.853213437031675e-7
4414 7.86149669949874e-7
4415 7.876605219496766e-7
4416 7.880322268789421e-7
4417 7.885080741448122e-7
4418 7.881395736421485e-7
4419 7.881395736421485e-7
4420 7.881395736421485e-7
4421 7.881395736421485e-7
4422 7.873737327974048e-7
4423 7.873545068489757e-7
4424 7.873545068489757e-7
4425 7.873545068489757e-7
4426 7.873545068489757e-7
4427 7.861000022543185e-7
4428 7.854591316023185e-7
4429 7.860118826619049e-7
4430 7.857987922655657e-7
4431 7.859269674960931e-7
4432 7.857699542596949e-7
4433 7.858853105614513e-7
4434 7.858853105614513e-7
4435 7.858853105614513e-7
4436 7.858853105614513e-7
4437 7.858853105614513e-7
4438 7.858853105614513e-7
4439 7.857635454064913e-7
4440 7.857635454064913e-7
4441 7.857635454064913e-7
4442 7.857635454064913e-7
4443 7.869844044386022e-7
4444 7.884231595901823e-7
4445 7.888477360304231e-7
4446 7.893988845711177e-7
4447 7.904402993806177e-7
4448 7.904402993806177e-7
4449 7.904402993806177e-7
4450 7.904402993806177e-7
4451 7.904402993806177e-7
4452 7.908376397226978e-7
4453 7.911003965922287e-7
4454 7.916627603204387e-7
4455 7.915041445651487e-7
4456 7.913471319399324e-7
4457 7.911260307826795e-7
4458 7.911708915327413e-7
4459 7.911708915327413e-7
4460 7.917476760974323e-7
4461 7.930502458687532e-7
4462 7.953894235040804e-7
4463 7.953894235040804e-7
4464 7.953894235040804e-7
4465 7.953894235040804e-7
4466 7.953894235040804e-7
4467 7.953894235040804e-7
4468 7.958011828490959e-7
4469 7.958011828490959e-7
4470 7.976901486313677e-7
4471 7.996303846280868e-7
4472 7.996303846280868e-7
4473 7.996303846280868e-7
4474 7.993003360222814e-7
4475 7.993003360222814e-7
4476 7.993003360222814e-7
4477 7.993003360222814e-7
4478 7.993003360222814e-7
4479 7.993003360222814e-7
4480 7.993003360222814e-7
4481 7.993003360222814e-7
4482 7.993003360222814e-7
4483 7.993003360222814e-7
4484 7.993003360222814e-7
4485 7.993003360222814e-7
4486 7.993003360222814e-7
4487 7.993003360222814e-7
4488 7.993003360222814e-7
4489 7.993003360222814e-7
4490 7.993003360222814e-7
4491 7.993003360222814e-7
4492 7.993003360222814e-7
4493 7.994461334599822e-7
4494 7.997233105548122e-7
4495 8.003689881523059e-7
4496 8.001895445408769e-7
4497 8.015257592635623e-7
4498 8.029372764834359e-7
4499 8.029372764834359e-7
4500 8.029372764834359e-7
4501 8.025495500323432e-7
4502 8.025495500323432e-7
4503 8.025495500323432e-7
4504 8.025495500323432e-7
4505 8.025495500323432e-7
4506 8.034099193227042e-7
4507 8.034099193227042e-7
4508 8.034099193227042e-7
4509 8.034099193227042e-7
4510 8.034099193227042e-7
4511 8.034099193227042e-7
4512 8.034099193227042e-7
4513 8.034099193227042e-7
4514 8.034099193227042e-7
4515 8.034099193227042e-7
4516 8.034099193227042e-7
4517 8.034099193227042e-7
4518 8.034099193227042e-7
4519 8.047253061892506e-7
4520 8.059013044712997e-7
4521 8.07636462054957e-7
4522 8.07636462054957e-7
4523 8.07636462054957e-7
4524 8.07636462054957e-7
4525 8.07636462054957e-7
4526 8.07636462054957e-7
4527 8.07636462054957e-7
4528 8.07636462054957e-7
4529 8.07636462054957e-7
4530 8.07636462054957e-7
4531 8.07636462054957e-7
4532 8.07636462054957e-7
4533 8.07636462054957e-7
4534 8.07636462054957e-7
4535 8.07636462054957e-7
4536 8.084311415167534e-7
4537 8.085625205627007e-7
4538 8.10280053494457e-7
4539 8.113294796760525e-7
4540 8.113294796760525e-7
4541 8.113294796760525e-7
4542 8.113294796760525e-7
4543 8.113294796760525e-7
4544 8.113294796760525e-7
4545 8.113294796760525e-7
4546 8.113294796760525e-7
4547 8.120889122787745e-7
4548 8.12061674347068e-7
4549 8.121978591161452e-7
4550 8.12037642675509e-7
4551 8.122074730071326e-7
4552 8.121529983660834e-7
4553 8.120809009066789e-7
4554 8.122699577979134e-7
4555 8.122699577979134e-7
4556 8.122699577979134e-7
4557 8.125583488578951e-7
4558 8.126560817301142e-7
4559 8.139586515014351e-7
4560 8.14883107490287e-7
4561 8.152692314224878e-7
4562 8.152692314224878e-7
4563 8.152692314224878e-7
4564 8.152692314224878e-7
4565 8.152692314224878e-7
4566 8.152692314224878e-7
4567 8.152692314224878e-7
4568 8.152692314224878e-7
4569 8.152692314224878e-7
4570 8.152692314224878e-7
4571 8.152692314224878e-7
4572 8.152692314224878e-7
4573 8.152692314224878e-7
4574 8.160927501125187e-7
4575 8.160927501125187e-7
4576 8.162513664789906e-7
4577 8.172046610848951e-7
4578 8.194525147012069e-7
4579 8.194525147012069e-7
4580 8.194525147012069e-7
4581 8.194525147012069e-7
4582 8.194525147012069e-7
4583 8.194525147012069e-7
4584 8.198146069618487e-7
4585 8.204586820404505e-7
4586 8.206557490814168e-7
4587 8.220175998280987e-7
4588 8.219887605998642e-7
4589 8.22312400352466e-7
4590 8.222963782194569e-7
4591 8.231471342300123e-7
4592 8.231471342300123e-7
4593 8.231471342300123e-7
4594 8.238985542382749e-7
4595 8.238985542382749e-7
4596 8.238985542382749e-7
4597 8.238985542382749e-7
4598 8.238985542382749e-7
4599 8.238985542382749e-7
4600 8.245153919963522e-7
4601 8.246115223496794e-7
4602 8.248149994662131e-7
4603 8.262441407268058e-7
4604 8.269378835009631e-7
4605 8.271621884736359e-7
4606 8.270644556014168e-7
4607 8.27021196759065e-7
4608 8.281379140657532e-7
4609 8.281379140657532e-7
4610 8.281379140657532e-7
4611 8.281379140657532e-7
4612 8.281379140657532e-7
4613 8.281379140657532e-7
4614 8.281379140657532e-7
4615 8.281379140657532e-7
4616 8.284567468728614e-7
4617 8.287018797016732e-7
4618 8.283510038509106e-7
4619 8.283510038509106e-7
4620 8.291120377501606e-7
4621 8.313743115917716e-7
4622 8.324509744827099e-7
4623 8.335436601178391e-7
4624 8.349968342723546e-7
4625 8.359933877206109e-7
4626 8.359933877206109e-7
4627 8.359933877206109e-7
4628 8.359933877206109e-7
4629 8.359933877206109e-7
4630 8.359933877206109e-7
4631 8.359933877206109e-7
4632 8.359933877206109e-7
4633 8.359933877206109e-7
4634 8.361648217934901e-7
4635 8.361648217934901e-7
4636 8.368906076113019e-7
4637 8.375426934508173e-7
4638 8.388004018608945e-7
4639 8.390439327819963e-7
4640 8.393499484938791e-7
4641 8.408640061426473e-7
4642 8.408640061426473e-7
4643 8.408640061426473e-7
4644 8.408640061426473e-7
4645 8.408640061426473e-7
4646 8.408640061426473e-7
4647 8.408640061426473e-7
4648 8.408640061426473e-7
4649 8.408640061426473e-7
4650 8.408640061426473e-7
4651 8.408640061426473e-7
4652 8.408640061426473e-7
4653 8.408640061426473e-7
4654 8.408640061426473e-7
4655 8.408640061426473e-7
4656 8.408640061426473e-7
4657 8.408640061426473e-7
4658 8.408640061426473e-7
4659 8.408640061426473e-7
4660 8.408640061426473e-7
4661 8.408640061426473e-7
4662 8.408640061426473e-7
4663 8.408640061426473e-7
4664 8.408640061426473e-7
4665 8.410658807402891e-7
4666 8.410658807402891e-7
4667 8.410658807402891e-7
4668 8.410658807402891e-7
4669 8.410658807402891e-7
4670 8.410658807402891e-7
4671 8.410658807402891e-7
4672 8.410658807402891e-7
4673 8.418525494411718e-7
4674 8.420432082401163e-7
4675 8.419486804056809e-7
4676 8.422178461284155e-7
4677 8.452427557769865e-7
4678 8.452427557769865e-7
4679 8.452427557769865e-7
4680 8.452427557769865e-7
4681 8.452427557769865e-7
4682 8.452427557769865e-7
4683 8.452427557769865e-7
4684 8.452427557769865e-7
4685 8.452427557769865e-7
4686 8.457746783692519e-7
4687 8.457586568474247e-7
4688 8.457586568474247e-7
4689 8.457586568474247e-7
4690 8.457586568474247e-7
4691 8.457586568474247e-7
4692 8.469859235103755e-7
4693 8.469859235103755e-7
4694 8.469859235103755e-7
4695 8.456865581656564e-7
4696 8.456865581656564e-7
4697 8.456865581656564e-7
4698 8.456865581656564e-7
4699 8.456865581656564e-7
4700 8.456865581656564e-7
4701 8.456865581656564e-7
4702 8.456865581656564e-7
4703 8.456865581656564e-7
4704 8.456865581656564e-7
4705 8.456865581656564e-7
4706 8.468577501133937e-7
4707 8.468577501133937e-7
4708 8.475643093715946e-7
4709 8.475643093715946e-7
4710 8.475643093715946e-7
4711 8.480273383198755e-7
4712 8.480721990699372e-7
4713 8.505507671233073e-7
4714 8.518613476555419e-7
4715 8.518613476555419e-7
4716 8.518613476555419e-7
4717 8.518613476555419e-7
4718 8.518613476555419e-7
4719 8.518613476555419e-7
4720 8.518613476555419e-7
4721 8.51356662383801e-7
4722 8.512685427913875e-7
4723 8.51258929511582e-7
4724 8.514207490822919e-7
4725 8.514207490822919e-7
4726 8.514207490822919e-7
4727 8.514207490822919e-7
4728 8.514207490822919e-7
4729 8.514207490822919e-7
4730 8.514207490822919e-7
4731 8.514207490822919e-7
4732 8.514207490822919e-7
4733 8.514207490822919e-7
4734 8.514207490822919e-7
4735 8.514207490822919e-7
4736 8.514207490822919e-7
4737 8.516386464241248e-7
4738 8.522763120383411e-7
4739 8.521369222314801e-7
4740 8.522779145572329e-7
4741 8.523932714701711e-7
4742 8.52476584117091e-7
4743 8.523147639351992e-7
4744 8.5217697664723e-7
4745 8.526624365817237e-7
4746 8.525214454783347e-7
4747 8.523259791227146e-7
4748 8.523804531525819e-7
4749 8.517379805928719e-7
4750 8.517379805928719e-7
4751 8.527954175353811e-7
4752 8.529940877064211e-7
4753 8.527809973100819e-7
4754 8.545930592986374e-7
4755 8.550400667250911e-7
4756 8.548237731245138e-7
4757 8.549519477438594e-7
4758 8.547628908526249e-7
4759 8.545546074017794e-7
4760 8.551666388255449e-7
4761 8.556969588989185e-7
4762 8.556969588989185e-7
4763 8.556969588989185e-7
4764 8.556969588989185e-7
4765 8.556969588989185e-7
4766 8.556969588989185e-7
4767 8.556969588989185e-7
4768 8.554374058448075e-7
4769 8.554534279778167e-7
4770 8.554534279778167e-7
4771 8.554534279778167e-7
4772 8.554534279778167e-7
4773 8.554534279778167e-7
4774 8.554534279778167e-7
4775 8.554534279778167e-7
4776 8.554534279778167e-7
4777 8.554534279778167e-7
4778 8.544488631574648e-7
4779 8.548910642496067e-7
4780 8.548910642496067e-7
4781 8.548910642496067e-7
4782 8.548910642496067e-7
4783 8.548910642496067e-7
4784 8.548910642496067e-7
4785 8.548910642496067e-7
4786 8.548910642496067e-7
4787 8.548910642496067e-7
4788 8.552787907006993e-7
4789 8.554229868418721e-7
4790 8.557145829396376e-7
4791 8.57044390031483e-7
4792 8.577669720338749e-7
4793 8.58209171903653e-7
4794 8.584575097702485e-7
4795 8.584575097702485e-7
4796 8.584575097702485e-7
4797 8.584575097702485e-7
4798 8.584575097702485e-7
4799 8.584575097702485e-7
4800 8.584575097702485e-7
4801 8.584575097702485e-7
4802 8.584575097702485e-7
4803 8.584575097702485e-7
4804 8.584575097702485e-7
4805 8.584575097702485e-7
4806 8.584575097702485e-7
4807 8.584575097702485e-7
4808 8.584575097702485e-7
4809 8.584575097702485e-7
4810 8.588852906370912e-7
4811 8.590967779033566e-7
4812 8.603673046310231e-7
4813 8.616538528805167e-7
4814 8.621393122038285e-7
4815 8.621393122038285e-7
4816 8.621393122038285e-7
4817 8.621393122038285e-7
4818 8.621393122038285e-7
4819 8.621393122038285e-7
4820 8.621393122038285e-7
4821 8.621393122038285e-7
4822 8.621393122038285e-7
4823 8.621393122038285e-7
4824 8.627737740026248e-7
4825 8.627737740026248e-7
4826 8.627737740026248e-7
4827 8.627737740026248e-7
4828 8.633553636792638e-7
4829 8.637799419530503e-7
4830 8.637607153934394e-7
4831 8.641628614586494e-7
4832 8.643054550809303e-7
4833 8.662040347541894e-7
4834 8.668657332623284e-7
4835 8.668657332623284e-7
4836 8.668657332623284e-7
4837 8.668657332623284e-7
4838 8.668657332623284e-7
4839 8.668657332623284e-7
4840 8.668657332623284e-7
4841 8.67096445865841e-7
4842 8.683429396995848e-7
4843 8.701582061147421e-7
4844 8.701582061147421e-7
4845 8.701582061147421e-7
4846 8.701582061147421e-7
4847 8.701582061147421e-7
4848 8.701582061147421e-7
4849 8.701582061147421e-7
4850 8.701582061147421e-7
4851 8.712124380194675e-7
4852 8.716322081253966e-7
4853 8.731334480677575e-7
4854 8.736509510459056e-7
4855 8.744472324154119e-7
4856 8.744472324154119e-7
4857 8.744472324154119e-7
4858 8.744472324154119e-7
4859 8.744472324154119e-7
4860 8.744472324154119e-7
4861 8.744472324154119e-7
4862 8.744472324154119e-7
4863 8.744472324154119e-7
4864 8.744472324154119e-7
4865 8.744472324154119e-7
4866 8.744472324154119e-7
4867 8.744472324154119e-7
4868 8.744472324154119e-7
4869 8.744472324154119e-7
4870 8.744472324154119e-7
4871 8.744472324154119e-7
4872 8.744472324154119e-7
4873 8.744472324154119e-7
4874 8.744472324154119e-7
4875 8.744472324154119e-7
4876 8.744472324154119e-7
4877 8.744472324154119e-7
4878 8.744472324154119e-7
4879 8.744472324154119e-7
4880 8.751441790049892e-7
4881 8.769322087108038e-7
4882 8.77808599522992e-7
4883 8.784190284278656e-7
4884 8.784190284278656e-7
4885 8.784190284278656e-7
4886 8.784190284278656e-7
4887 8.784190284278656e-7
4888 8.784190284278656e-7
4889 8.784190284278656e-7
4890 8.784190284278656e-7
4891 8.784190284278656e-7
4892 8.784190284278656e-7
4893 8.784190284278656e-7
4894 8.784190284278656e-7
4895 8.784190284278656e-7
4896 8.784190284278656e-7
4897 8.784190284278656e-7
4898 8.784190284278656e-7
4899 8.784190284278656e-7
4900 8.784190284278656e-7
4901 8.784190284278656e-7
4902 8.784190284278656e-7
4903 8.784190284278656e-7
4904 8.784190284278656e-7
4905 8.784190284278656e-7
4906 8.784190284278656e-7
4907 8.784190284278656e-7
4908 8.784190284278656e-7
4909 8.784190284278656e-7
4910 8.784190284278656e-7
4911 8.784190284278656e-7
4912 8.784190284278656e-7
4913 8.784190284278656e-7
4914 8.784190284278656e-7
4915 8.784190284278656e-7
4916 8.784190284278656e-7
4917 8.784190284278656e-7
4918 8.784190284278656e-7
4919 8.784190284278656e-7
4920 8.784190284278656e-7
4921 8.784190284278656e-7
4922 8.784190284278656e-7
4923 8.784190284278656e-7
4924 8.784190284278656e-7
4925 8.784190284278656e-7
4926 8.784190284278656e-7
4927 8.784190284278656e-7
4928 8.784190284278656e-7
4929 8.784190284278656e-7
4930 8.784190284278656e-7
4931 8.784190284278656e-7
4932 8.784190284278656e-7
4933 8.784190284278656e-7
4934 8.784190284278656e-7
4935 8.784190284278656e-7
4936 8.784190284278656e-7
4937 8.784190284278656e-7
4938 8.784190284278656e-7
4939 8.784190284278656e-7
4940 8.784190284278656e-7
4941 8.784190284278656e-7
4942 8.784190284278656e-7
4943 8.784190284278656e-7
4944 8.784190284278656e-7
4945 8.784190284278656e-7
4946 8.784190284278656e-7
4947 8.784190284278656e-7
4948 8.784190284278656e-7
4949 8.784190284278656e-7
4950 8.784190284278656e-7
4951 8.784190284278656e-7
4952 8.784190284278656e-7
4953 8.784190284278656e-7
4954 8.779992589331183e-7
4955 8.776403704878965e-7
4956 8.778614710339674e-7
4957 8.778614710339674e-7
4958 8.776611989552174e-7
4959 8.776611989552174e-7
4960 8.776611989552174e-7
4961 8.776611989552174e-7
4962 8.776611989552174e-7
4963 8.776611989552174e-7
4964 8.776611989552174e-7
4965 8.776611989552174e-7
4966 8.776611989552174e-7
4967 8.776611989552174e-7
4968 8.776611989552174e-7
4969 8.776611989552174e-7
4970 8.776611989552174e-7
4971 8.776611989552174e-7
4972 8.776611989552174e-7
4973 8.776611989552174e-7
4974 8.776611989552174e-7
4975 8.776611989552174e-7
4976 8.776611989552174e-7
4977 8.776611989552174e-7
4978 8.776611989552174e-7
4979 8.776611989552174e-7
4980 8.776611989552174e-7
4981 8.776611989552174e-7
4982 8.776611989552174e-7
4983 8.776611989552174e-7
4984 8.776611989552174e-7
4985 8.776611989552174e-7
4986 8.776611989552174e-7
4987 8.776611989552174e-7
4988 8.776611989552174e-7
4989 8.776611989552174e-7
4990 8.776611989552174e-7
4991 8.776611989552174e-7
4992 8.776611989552174e-7
4993 8.776611989552174e-7
4994 8.776611989552174e-7
4995 8.776611989552174e-7
4996 8.776611989552174e-7
4997 8.776611989552174e-7
4998 8.776611989552174e-7
4999 8.776611989552174e-7
5000 8.776611989552174e-7
5001 8.776611989552174e-7
5002 8.776611989552174e-7
5003 8.776611989552174e-7
5004 8.776611989552174e-7
5005 8.776611989552174e-7
5006 8.776611989552174e-7
5007 8.776611989552174e-7
5008 8.776611989552174e-7
5009 8.776611989552174e-7
5010 8.776611989552174e-7
5011 8.776611989552174e-7
5012 8.776611989552174e-7
5013 8.776611989552174e-7
5014 8.776611989552174e-7
5015 8.776611989552174e-7
5016 8.776611989552174e-7
5017 8.776611989552174e-7
5018 8.776611989552174e-7
5019 8.776611989552174e-7
5020 8.776611989552174e-7
5021 8.776611989552174e-7
5022 8.776611989552174e-7
5023 8.776611989552174e-7
5024 8.776611989552174e-7
5025 8.776611989552174e-7
5026 8.776611989552174e-7
5027 8.776611989552174e-7
5028 8.776611989552174e-7
5029 8.776611989552174e-7
5030 8.776611989552174e-7
5031 8.776611989552174e-7
5032 8.776611989552174e-7
5033 8.776611989552174e-7
5034 8.776611989552174e-7
5035 8.776611989552174e-7
5036 8.776611989552174e-7
5037 8.776611989552174e-7
5038 8.776611989552174e-7
5039 8.776611989552174e-7
5040 8.776611989552174e-7
5041 8.776611989552174e-7
5042 8.776611989552174e-7
5043 8.776611989552174e-7
5044 8.776611989552174e-7
5045 8.776611989552174e-7
5046 8.776611989552174e-7
5047 8.776611989552174e-7
5048 8.776611989552174e-7
5049 8.776611989552174e-7
5050 8.776611989552174e-7
5051 8.776611989552174e-7
5052 8.776611989552174e-7
5053 8.776611989552174e-7
5054 8.776611989552174e-7
5055 8.776611989552174e-7
5056 8.776611989552174e-7
5057 8.776611989552174e-7
5058 8.776611989552174e-7
5059 8.776611989552174e-7
5060 8.776611989552174e-7
5061 8.776611989552174e-7
5062 8.776611989552174e-7
5063 8.776611989552174e-7
5064 8.776611989552174e-7
5065 8.776611989552174e-7
5066 8.776611989552174e-7
5067 8.776611989552174e-7
5068 8.776611989552174e-7
5069 8.776611989552174e-7
5070 8.776611989552174e-7
5071 8.776611989552174e-7
5072 8.776611989552174e-7
5073 8.776611989552174e-7
5074 8.776611989552174e-7
5075 8.776611989552174e-7
5076 8.776611989552174e-7
5077 8.776611989552174e-7
5078 8.776611989552174e-7
5079 8.776611989552174e-7
5080 8.776611989552174e-7
5081 8.776611989552174e-7
5082 8.784078126291682e-7
5083 8.7824919748506e-7
5084 8.7824919748506e-7
5085 8.7824919748506e-7
5086 8.7824919748506e-7
5087 8.7824919748506e-7
5088 8.7824919748506e-7
5089 8.7824919748506e-7
5090 8.784510720827019e-7
5091 8.784735024577327e-7
5092 8.785584176235446e-7
5093 8.785520087703409e-7
5094 8.785520087703409e-7
5095 8.787154314711246e-7
5096 8.787330555118437e-7
5097 8.787330555118437e-7
5098 8.790855338814982e-7
5099 8.791640414164701e-7
5100 8.791640414164701e-7
5101 8.791640414164701e-7
5102 8.791640414164701e-7
5103 8.791640414164701e-7
5104 8.791640414164701e-7
5105 8.791640414164701e-7
5106 8.791640414164701e-7
5107 8.791640414164701e-7
5108 8.791640414164701e-7
5109 8.791640414164701e-7
5110 8.794988969677693e-7
5111 8.798161272559855e-7
5112 8.793707223484237e-7
5113 8.794396159924083e-7
5114 8.794396159924083e-7
5115 8.794396159924083e-7
5116 8.794396159924083e-7
5117 8.794396159924083e-7
5118 8.794396159924083e-7
5119 8.794396159924083e-7
5120 8.794396159924083e-7
5121 8.794396159924083e-7
5122 8.794396159924083e-7
5123 8.794396159924083e-7
5124 8.794396159924083e-7
5125 8.794396159924083e-7
5126 8.794396159924083e-7
5127 8.794396159924083e-7
5128 8.794396159924083e-7
5129 8.794396159924083e-7
5130 8.794396159924083e-7
5131 8.798193322937692e-7
5132 8.797568475029883e-7
5133 8.796350817368465e-7
5134 8.796350817368465e-7
5135 8.796350817368465e-7
5136 8.796350817368465e-7
5137 8.802759523888464e-7
5138 8.802759523888464e-7
5139 8.802759523888464e-7
5140 8.815769196412755e-7
5141 8.829612001518064e-7
5142 8.835139512113928e-7
5143 8.837046106215192e-7
5144 8.837046106215192e-7
5145 8.837046106215192e-7
5146 8.837046106215192e-7
5147 8.837046106215192e-7
5148 8.837046106215192e-7
5149 8.837046106215192e-7
5150 8.837046106215192e-7
5151 8.837046106215192e-7
5152 8.837046106215192e-7
5153 8.837046106215192e-7
5154 8.837046106215192e-7
5155 8.837046106215192e-7
5156 8.837046106215192e-7
5157 8.837046106215192e-7
5158 8.837046106215192e-7
5159 8.837046106215192e-7
5160 8.837046106215192e-7
5161 8.837046106215192e-7
5162 8.837046106215192e-7
5163 8.837046106215192e-7
5164 8.837046106215192e-7
5165 8.837046106215192e-7
5166 8.837046106215192e-7
5167 8.837046106215192e-7
5168 8.837046106215192e-7
5169 8.837046106215192e-7
5170 8.837046106215192e-7
5171 8.835828448553774e-7
5172 8.833729594968219e-7
5173 8.833729594968219e-7
5174 8.830589330240255e-7
5175 8.83191912755319e-7
5176 8.83392184834069e-7
5177 8.843102319697172e-7
5178 8.842285212305073e-7
5179 8.849559095672109e-7
5180 8.863033406997755e-7
5181 8.872918833871181e-7
5182 8.872918833871181e-7
5183 8.872918833871181e-7
5184 8.872918833871181e-7
5185 8.872918833871181e-7
5186 8.872918833871181e-7
5187 8.872918833871181e-7
5188 8.872918833871181e-7
5189 8.872918833871181e-7
5190 8.872918833871181e-7
5191 8.872918833871181e-7
5192 8.872918833871181e-7
5193 8.873992289279608e-7
5194 8.873992289279608e-7
5195 8.873992289279608e-7
5196 8.873992289279608e-7
5197 8.882628026449236e-7
5198 8.883685462780563e-7
5199 8.886024639193527e-7
5200 8.904962366471181e-7
5201 8.921753176820164e-7
5202 8.921753176820164e-7
5203 8.924236543262481e-7
5204 8.924236543262481e-7
5205 8.924236543262481e-7
5206 8.924236543262481e-7
5207 8.924236543262481e-7
5208 8.928706617527018e-7
5209 8.931141920626218e-7
5210 8.931141920626218e-7
5211 8.93210322415949e-7
5212 8.93210322415949e-7
5213 8.934009806037117e-7
5214 8.93795115908008e-7
5215 8.947163680814398e-7
5216 8.961102618717762e-7
5217 8.965925173796681e-7
5218 8.970026748169736e-7
5219 8.966966572715452e-7
5220 8.966966572715452e-7
5221 8.976771898091561e-7
5222 8.977685126058078e-7
5223 8.977685126058078e-7
5224 8.97827792358805e-7
5225 8.980392808474342e-7
5226 8.980392808474342e-7
5227 8.984141895921196e-7
5228 8.982171225511533e-7
5229 8.981930896572306e-7
5230 8.981466263882769e-7
5231 8.981386162385452e-7
5232 8.981386162385452e-7
5233 8.981386162385452e-7
5234 8.989316944038134e-7
5235 9.000788522352643e-7
5236 9.015544567648107e-7
5237 9.018620749955852e-7
5238 9.017755573108816e-7
5239 9.021216274385143e-7
5240 9.028522202018198e-7
5241 9.034578427723816e-7
5242 9.033553035658507e-7
5243 9.032767960308788e-7
5244 9.03007631530508e-7
5245 9.03007631530508e-7
5246 9.03007631530508e-7
5247 9.03007631530508e-7
5248 9.03007631530508e-7
5249 9.03007631530508e-7
5250 9.03007631530508e-7
5251 9.030444821308381e-7
5252 9.031550327094644e-7
5253 9.031550327094644e-7
5254 9.031550327094644e-7
5255 9.034882857418718e-7
5256 9.032687871035108e-7
5257 9.036773426331063e-7
5258 9.036773426331063e-7
5259 9.036773426331063e-7
5260 9.036773426331063e-7
5261 9.040971121278535e-7
5262 9.044127411195418e-7
5263 9.046899188255537e-7
5264 9.073815754417174e-7
5265 9.073367140804737e-7
5266 9.073367140804737e-7
5267 9.077244405315664e-7
5268 9.076122886564119e-7
5269 9.075433937900636e-7
5270 9.075081469309892e-7
5271 9.075369861592237e-7
5272 9.075369861592237e-7
5273 9.079231113137883e-7
5274 9.079231113137883e-7
5275 9.079231113137883e-7
5276 9.079231113137883e-7
5277 9.079231113137883e-7
5278 9.079231113137883e-7
5279 9.079231113137883e-7
5280 9.087145869601647e-7
5281 9.087145869601647e-7
5282 9.087145869601647e-7
5283 9.087145869601647e-7
5284 9.087145869601647e-7
5285 9.089228704110102e-7
5286 9.096758929381646e-7
5287 9.115392251411674e-7
5288 9.114943643911057e-7
5289 9.114783416469147e-7
5290 9.117042485272974e-7
5291 9.122698172932911e-7
5292 9.122698172932911e-7
5293 9.122698172932911e-7
5294 9.122698172932911e-7
5295 9.122698172932911e-7
5296 9.122698172932911e-7
5297 9.122698172932911e-7
5298 9.122698172932911e-7
5299 9.122698172932911e-7
5300 9.122698172932911e-7
5301 9.122698172932911e-7
5302 9.122698172932911e-7
5303 9.122698172932911e-7
5304 9.122698172932911e-7
5305 9.122698172932911e-7
5306 9.122698172932911e-7
5307 9.122698172932911e-7
5308 9.122698172932911e-7
5309 9.122698172932911e-7
5310 9.122698172932911e-7
5311 9.122698172932911e-7
5312 9.122698172932911e-7
5313 9.122698172932911e-7
5314 9.122698172932911e-7
5315 9.122698172932911e-7
5316 9.122698172932911e-7
5317 9.122698172932911e-7
5318 9.122698172932911e-7
5319 9.122698172932911e-7
5320 9.122698172932911e-7
5321 9.122698172932911e-7
5322 9.122698172932911e-7
5323 9.122698172932911e-7
5324 9.122698172932911e-7
5325 9.122698172932911e-7
5326 9.122698172932911e-7
5327 9.128930651269357e-7
5328 9.127264386107321e-7
5329 9.129539473988247e-7
5330 9.128033424044483e-7
5331 9.137854768497693e-7
5332 9.147003201699975e-7
5333 9.155350540475438e-7
5334 9.162976904656857e-7
5335 9.162976904656857e-7
5336 9.162976904656857e-7
5337 9.162976904656857e-7
5338 9.162976904656857e-7
5339 9.162976904656857e-7
5340 9.162976904656857e-7
5341 9.162976904656857e-7
5342 9.162976904656857e-7
5343 9.162976904656857e-7
5344 9.162976904656857e-7
5345 9.162976904656857e-7
5346 9.162976904656857e-7
5347 9.162976904656857e-7
5348 9.162976904656857e-7
5349 9.162976904656857e-7
5350 9.162976904656857e-7
5351 9.162976904656857e-7
5352 9.162976904656857e-7
5353 9.162976904656857e-7
5354 9.162976904656857e-7
5355 9.162976904656857e-7
5356 9.162976904656857e-7
5357 9.162976904656857e-7
5358 9.162976904656857e-7
5359 9.162976904656857e-7
5360 9.162976904656857e-7
5361 9.162976904656857e-7
5362 9.162976904656857e-7
5363 9.162976904656857e-7
5364 9.162976904656857e-7
5365 9.162976904656857e-7
5366 9.162976904656857e-7
5367 9.162976904656857e-7
5368 9.162976904656857e-7
5369 9.162976904656857e-7
5370 9.162976904656857e-7
5371 9.162976904656857e-7
5372 9.162976904656857e-7
5373 9.162976904656857e-7
5374 9.162976904656857e-7
5375 9.162976904656857e-7
5376 9.162976904656857e-7
5377 9.162976904656857e-7
5378 9.15068821283843e-7
5379 9.153187604469666e-7
5380 9.153187604469666e-7
5381 9.153187604469666e-7
5382 9.153187604469666e-7
5383 9.153187604469666e-7
5384 9.153187604469666e-7
5385 9.148573340175776e-7
5386 9.148573340175776e-7
5387 9.148573340175776e-7
5388 9.148573340175776e-7
5389 9.14307787384593e-7
5390 9.138960274283957e-7
5391 9.138960274283957e-7
5392 9.133913427678368e-7
5393 9.138239299689913e-7
5394 9.138239299689913e-7
5395 9.138239299689913e-7
5396 9.132711789094049e-7
5397 9.132711789094049e-7
5398 9.132711789094049e-7
5399 9.128690328441949e-7
5400 9.12845000561454e-7
5401 9.12827375909553e-7
5402 9.127777088251795e-7
5403 9.127777088251795e-7
5404 9.105474786384049e-7
5405 9.105474786384049e-7
5406 9.105474786384049e-7
5407 9.105474786384049e-7
5408 9.105474786384049e-7
5409 9.105474786384049e-7
5410 9.105474786384049e-7
5411 9.105474786384049e-7
5412 9.105474786384049e-7
5413 9.105474786384049e-7
5414 9.105474786384049e-7
5415 9.105474786384049e-7
5416 9.105474786384049e-7
5417 9.105474786384049e-7
5418 9.105474786384049e-7
5419 9.105474786384049e-7
5420 9.105474786384049e-7
5421 9.105474786384049e-7
5422 9.105474786384049e-7
5423 9.105474786384049e-7
5424 9.105474786384049e-7
5425 9.105474786384049e-7
5426 9.105474786384049e-7
5427 9.105474786384049e-7
5428 9.105474786384049e-7
5429 9.105474786384049e-7
5430 9.105474786384049e-7
5431 9.105474786384049e-7
5432 9.105474786384049e-7
5433 9.105474786384049e-7
5434 9.105474786384049e-7
5435 9.105474786384049e-7
5436 9.105474786384049e-7
5437 9.105474786384049e-7
5438 9.105474786384049e-7
5439 9.105474786384049e-7
5440 9.105474786384049e-7
5441 9.105474786384049e-7
5442 9.105474786384049e-7
5443 9.105474786384049e-7
5444 9.105474786384049e-7
5445 9.105474786384049e-7
5446 9.105474786384049e-7
5447 9.105474786384049e-7
5448 9.105474786384049e-7
5449 9.105474786384049e-7
5450 9.105474786384049e-7
5451 9.105474786384049e-7
5452 9.109416139427012e-7
5453 9.109416139427012e-7
5454 9.117523149263248e-7
5455 9.122810337031703e-7
5456 9.137502299906948e-7
5457 9.14310991200013e-7
5458 9.142148608466857e-7
5459 9.144792202351085e-7
5460 9.159163728677967e-7
5461 9.159163728677967e-7
5462 9.159163728677967e-7
5463 9.159163728677967e-7
5464 9.159163728677967e-7
5465 9.159163728677967e-7
5466 9.159163728677967e-7
5467 9.159163728677967e-7
5468 9.159163728677967e-7
5469 9.159163728677967e-7
5470 9.159163728677967e-7
5471 9.159163728677967e-7
5472 9.159163728677967e-7
5473 9.159163728677967e-7
5474 9.159163728677967e-7
5475 9.159163728677967e-7
5476 9.159163728677967e-7
5477 9.159163728677967e-7
5478 9.159163728677967e-7
5479 9.159163728677967e-7
5480 9.159163728677967e-7
5481 9.153860515720593e-7
5482 9.152354471888648e-7
5483 9.152162212404357e-7
5484 9.152162212404357e-7
5485 9.152162212404357e-7
5486 9.152162212404357e-7
5487 9.152162212404357e-7
5488 9.152162212404357e-7
5489 9.152162212404357e-7
5490 9.152162212404357e-7
5491 9.152162212404357e-7
5492 9.152162212404357e-7
5493 9.152162212404357e-7
5494 9.152162212404357e-7
5495 9.152162212404357e-7
5496 9.152162212404357e-7
5497 9.152162212404357e-7
5498 9.152162212404357e-7
5499 9.152162212404357e-7
5500 9.152162212404357e-7
5501 9.152162212404357e-7
5502 9.152162212404357e-7
5503 9.152162212404357e-7
5504 9.152162212404357e-7
5505 9.152162212404357e-7
5506 9.152162212404357e-7
5507 9.152162212404357e-7
5508 9.152162212404357e-7
5509 9.152162212404357e-7
5510 9.152162212404357e-7
5511 9.152162212404357e-7
5512 9.152162212404357e-7
5513 9.152162212404357e-7
5514 9.159948791804048e-7
5515 9.164114460820959e-7
5516 9.166229327371795e-7
5517 9.180745049839849e-7
5518 9.185118991306331e-7
5519 9.191719957310621e-7
5520 9.194796133506549e-7
5521 9.194796133506549e-7
5522 9.192729330298831e-7
5523 9.192729330298831e-7
5524 9.192729330298831e-7
5525 9.192729330298831e-7
5526 9.192729330298831e-7
5527 9.192729330298831e-7
5528 9.192729330298831e-7
5529 9.192729330298831e-7
5530 9.192729330298831e-7
5531 9.192729330298831e-7
5532 9.192729330298831e-7
5533 9.192729330298831e-7
5534 9.192729330298831e-7
5535 9.192729330298831e-7
5536 9.192729330298831e-7
5537 9.192729330298831e-7
5538 9.192729330298831e-7
5539 9.192729330298831e-7
5540 9.192729330298831e-7
5541 9.195517114212412e-7
5542 9.195517114212412e-7
5543 9.191752001576639e-7
5544 9.19171995731062e-7
5545 9.193802779595438e-7
5546 9.193802779595438e-7
5547 9.184894675332382e-7
5548 9.184894675332382e-7
5549 9.182170973839018e-7
5550 9.185615649926427e-7
5551 9.185615649926427e-7
5552 9.1889481802505e-7
5553 9.189573028158309e-7
5554 9.188836028375346e-7
5555 9.192040381635346e-7
5556 9.189941521937972e-7
5557 9.189941521937972e-7
5558 9.189941521937972e-7
5559 9.19599774764359e-7
5560 9.2034158271518e-7
5561 9.2198381376093e-7
5562 9.219966308561555e-7
5563 9.232543404885964e-7
5564 9.232543404885964e-7
5565 9.232543404885964e-7
5566 9.232543404885964e-7
5567 9.232543404885964e-7
5568 9.232543404885964e-7
5569 9.232543404885964e-7
5570 9.232543404885964e-7
5571 9.232543404885964e-7
5572 9.232543404885964e-7
5573 9.236564871649883e-7
5574 9.25143307493232e-7
5575 9.265628354740191e-7
5576 9.269617777238092e-7
5577 9.269617777238092e-7
5578 9.269617777238092e-7
5579 9.269617777238092e-7
5580 9.269617777238092e-7
5581 9.269617777238092e-7
5582 9.269617777238092e-7
5583 9.269617777238092e-7
5584 9.269617777238092e-7
5585 9.269617777238092e-7
5586 9.269617777238092e-7
5587 9.269617777238092e-7
5588 9.269617777238092e-7
5589 9.269617777238092e-7
5590 9.269617777238092e-7
5591 9.277901027481518e-7
5592 9.277901027481518e-7
5593 9.277901027481518e-7
5594 9.286376537209236e-7
5595 9.299962994298218e-7
5596 9.309656167799173e-7
5597 9.322040998527473e-7
5598 9.322040998527473e-7
5599 9.322040998527473e-7
5600 9.322040998527473e-7
5601 9.322040998527473e-7
5602 9.322040998527473e-7
5603 9.322040998527473e-7
5604 9.322040998527473e-7
5605 9.322040998527473e-7
5606 9.322040998527473e-7
5607 9.322040998527473e-7
5608 9.322040998527473e-7
5609 9.322040998527473e-7
5610 9.322040998527473e-7
5611 9.322040998527473e-7
5612 9.322040998527473e-7
5613 9.322040998527473e-7
5614 9.322040998527473e-7
5615 9.322040998527473e-7
5616 9.322040998527473e-7
5617 9.322040998527473e-7
5618 9.322040998527473e-7
5619 9.322040998527473e-7
5620 9.322040998527473e-7
5621 9.322040998527473e-7
5622 9.322040998527473e-7
5623 9.322040998527473e-7
5624 9.322040998527473e-7
5625 9.322040998527473e-7
5626 9.322040998527473e-7
5627 9.322040998527473e-7
5628 9.322040998527473e-7
5629 9.322040998527473e-7
5630 9.322040998527473e-7
5631 9.322040998527473e-7
5632 9.322040998527473e-7
5633 9.322040998527473e-7
5634 9.322040998527473e-7
5635 9.322040998527473e-7
5636 9.322040998527473e-7
5637 9.322040998527473e-7
5638 9.322040998527473e-7
5639 9.322040998527473e-7
5640 9.322040998527473e-7
5641 9.322040998527473e-7
5642 9.322040998527473e-7
5643 9.322040998527473e-7
5644 9.322040998527473e-7
5645 9.322040998527473e-7
5646 9.322040998527473e-7
5647 9.322040998527473e-7
5648 9.322040998527473e-7
5649 9.322040998527473e-7
5650 9.322040998527473e-7
5651 9.322040998527473e-7
5652 9.322040998527473e-7
5653 9.322040998527473e-7
5654 9.322040998527473e-7
5655 9.32848175542531e-7
5656 9.333929158412037e-7
5657 9.345128369633119e-7
5658 9.34532062911741e-7
5659 9.34690678667031e-7
5660 9.355430365852965e-7
5661 9.355430365852965e-7
5662 9.353235379469355e-7
5663 9.354661315692165e-7
5664 9.354420986752937e-7
5665 9.354420986752937e-7
5666 9.354420986752937e-7
5667 9.354420986752937e-7
5668 9.354420986752937e-7
5669 9.356247467133246e-7
5670 9.357240821044356e-7
5671 9.357048555448246e-7
5672 9.357753517077011e-7
5673 9.365251704194356e-7
5674 9.377011680903029e-7
5675 9.383885014000746e-7
5676 9.391431276684847e-7
5677 9.392568820625311e-7
5678 9.403591791439201e-7
5679 9.405450309973709e-7
5680 9.405065803228765e-7
5681 9.405065803228765e-7
5682 9.405065803228765e-7
5683 9.410417079529257e-7
5684 9.410417079529257e-7
5685 9.41294852153833e-7
5686 9.419741747026912e-7
5687 9.438519259086294e-7
5688 9.439432499276448e-7
5689 9.440313695200584e-7
5690 9.446482078893176e-7
5691 9.448933419404931e-7
5692 9.448500837093232e-7
5693 9.463336983886014e-7
5694 9.476538928118232e-7
5695 9.480896844395795e-7
5696 9.480896844395795e-7
5697 9.480896844395795e-7
5698 9.480896844395795e-7
5699 9.480896844395795e-7
5700 9.480896844395795e-7
5701 9.480896844395795e-7
5702 9.480896844395795e-7
5703 9.480896844395795e-7
5704 9.480896844395795e-7
5705 9.480896844395795e-7
5706 9.480896844395795e-7
5707 9.480896844395795e-7
5708 9.480896844395795e-7
5709 9.480896844395795e-7
5710 9.480896844395795e-7
5711 9.480896844395795e-7
5712 9.480896844395795e-7
5713 9.480896844395795e-7
5714 9.480896844395795e-7
5715 9.480896844395795e-7
5716 9.480896844395795e-7
5717 9.480896844395795e-7
5718 9.480896844395795e-7
5719 9.480896844395795e-7
5720 9.480896844395795e-7
5721 9.480896844395795e-7
5722 9.480896844395795e-7
5723 9.480896844395795e-7
5724 9.480896844395795e-7
5725 9.480896844395795e-7
5726 9.480896844395795e-7
5727 9.49419491531425e-7
5728 9.497303141888015e-7
5729 9.495124180693324e-7
5730 9.495124180693324e-7
5731 9.495124180693324e-7
5732 9.495124180693324e-7
5733 9.499850609086007e-7
5734 9.503103025689126e-7
5735 9.510152605305853e-7
5736 9.526991485109772e-7
5737 9.531910160763107e-7
5738 9.531910160763107e-7
5739 9.54427896630249e-7
5740 9.54427896630249e-7
5741 9.550735742277426e-7
5742 9.566997837516653e-7
5743 9.575825834170572e-7
5744 9.59088629082548e-7
5745 9.59088629082548e-7
5746 9.59088629082548e-7
5747 9.59088629082548e-7
5748 9.59088629082548e-7
5749 9.59088629082548e-7
5750 9.59088629082548e-7
5751 9.59088629082548e-7
5752 9.59088629082548e-7
5753 9.59088629082548e-7
5754 9.59088629082548e-7
5755 9.59088629082548e-7
5756 9.59088629082548e-7
5757 9.59088629082548e-7
5758 9.59088629082548e-7
5759 9.59088629082548e-7
5760 9.59088629082548e-7
5761 9.59088629082548e-7
5762 9.59088629082548e-7
5763 9.59088629082548e-7
5764 9.59088629082548e-7
5765 9.59088629082548e-7
5766 9.59088629082548e-7
5767 9.59088629082548e-7
5768 9.59088629082548e-7
5769 9.59088629082548e-7
5770 9.59088629082548e-7
5771 9.58124119289128e-7
5772 9.576338530203225e-7
5773 9.590197354385633e-7
5774 9.59199180272356e-7
5775 9.59298515052285e-7
5776 9.61003230888816e-7
5777 9.610288656904487e-7
5778 9.618203407256433e-7
5779 9.631982123829705e-7
5780 9.627528074754088e-7
5781 9.631165022549426e-7
5782 9.631982123829707e-7
5783 9.647475175019953e-7
5784 9.655630254311126e-7
5785 9.659090961699272e-7
5786 9.659090961699272e-7
5787 9.659090961699272e-7
5788 9.659090961699272e-7
5789 9.659090961699272e-7
5790 9.659090961699272e-7
5791 9.659090961699272e-7
5792 9.659090961699272e-7
5793 9.659090961699272e-7
5794 9.659090961699272e-7
5795 9.659090961699272e-7
5796 9.667726704980719e-7
5797 9.6741033672347e-7
5798 9.681809839025255e-7
5799 9.695668657095845e-7
5800 9.701805002634237e-7
5801 9.701805002634237e-7
5802 9.701805002634237e-7
5803 9.701805002634237e-7
5804 9.701805002634237e-7
5805 9.701805002634237e-7
5806 9.701805002634237e-7
5807 9.701805002634237e-7
5808 9.701805002634237e-7
5809 9.701805002634237e-7
5810 9.701805002634237e-7
5811 9.701805002634237e-7
5812 9.701805002634237e-7
5813 9.701805002634237e-7
5814 9.701805002634237e-7
5815 9.701805002634237e-7
5816 9.701805002634237e-7
5817 9.701805002634237e-7
5818 9.701805002634237e-7
5819 9.701805002634237e-7
5820 9.701805002634237e-7
5821 9.701805002634237e-7
5822 9.701805002634237e-7
5823 9.701805002634237e-7
5824 9.701805002634237e-7
5825 9.701805002634237e-7
5826 9.701805002634237e-7
5827 9.702189533826455e-7
5828 9.702381787198927e-7
5829 9.703519343363028e-7
5830 9.707044127059573e-7
5831 9.71210699885408e-7
5832 9.727327682950899e-7
5833 9.738030217216426e-7
5834 9.74131468419738e-7
5835 9.735434692787133e-7
5836 9.735434692787133e-7
5837 9.737950109607287e-7
5838 9.737950109607287e-7
5839 9.737950109607287e-7
5840 9.737950109607287e-7
5841 9.728609416920714e-7
5842 9.743541702623368e-7
5843 9.747402954169015e-7
5844 9.742051683980342e-7
5845 9.74693831536766e-7
5846 9.749373630690496e-7
5847 9.749005118575377e-7
5848 9.748428334010686e-7
5849 9.75160064300467e-7
5850 9.751456465198952e-7
5851 9.748332219548089e-7
5852 9.748332219548089e-7
5853 9.75547793807469e-7
5854 9.75470888791389e-7
5855 9.75948337964969e-7
5856 9.779430461580096e-7
5857 9.783804409158398e-7
5858 9.802293522823615e-7
5859 9.81277176556247e-7
5860 9.82921009509707e-7
5861 9.845664455932407e-7
5862 9.859763609054043e-7
5863 9.862871835627807e-7
5864 9.866765125327652e-7
5865 9.86259946853438e-7
5866 9.865851885137497e-7
5867 9.881713430107404e-7
5868 9.880543841900922e-7
5869 9.888618825806597e-7
5870 9.88600727007657e-7
5871 9.895812595452678e-7
5872 9.895812595452678e-7
5873 9.895812595452678e-7
5874 9.895812595452678e-7
5875 9.895812595452678e-7
5876 9.899016948712679e-7
5877 9.902477656100825e-7
5878 9.899721910341442e-7
5879 9.90300636509876e-7
5880 9.90300636509876e-7
5881 9.90300636509876e-7
5882 9.908950438929223e-7
5883 9.907941072052831e-7
5884 9.908678071835795e-7
5885 9.910296261431075e-7
5886 9.909751527244222e-7
5887 9.908293540643576e-7
5888 9.913724930665023e-7
5889 9.936972498653485e-7
5890 9.950350677181076e-7
5891 9.96829505665944e-7
5892 9.98051965994583e-7
5893 9.98051965994583e-7
5894 9.98051965994583e-7
5895 9.981897532825522e-7
5896 9.98316325383006e-7
5897 9.99932922238305e-7
5898 1.0013139983222342e-6
5899 1.0020926562622032e-6
5900 1.0020926562622032e-6
5901 1.0020926562622032e-6
5902 1.0020926562622032e-6
5903 1.0020926562622032e-6
5904 1.0028296572675306e-6
5905 1.0033583748220122e-6
5906 1.004822764775225e-6
5907 1.0054428069599041e-6
5908 1.0054331942912805e-6
5909 1.0056190467559132e-6
5910 1.0054908727477495e-6
5911 1.0061878193373268e-6
5912 1.0061878193373268e-6
5913 1.0061878193373268e-6
5914 1.0061878193373268e-6
5915 1.0061878193373268e-6
5916 1.0061878193373268e-6
5917 1.0061878193373268e-6
5918 1.0061878193373268e-6
5919 1.0066091913509658e-6
5920 1.0066091913509658e-6
5921 1.0066091913509658e-6
5922 1.0073926556252467e-6
5923 1.0074519359894259e-6
5924 1.007190781027605e-6
5925 1.007730714991966e-6
5926 1.0074230967611913e-6
5927 1.0071955873619167e-6
5928 1.0071955873619167e-6
5929 1.0071955873619167e-6
5930 1.0071955873619167e-6
5931 1.0071955873619167e-6
5932 1.007727509954182e-6
5933 1.0075720998478575e-6
5934 1.0074327088186327e-6
5935 1.0074327088186327e-6
5936 1.0074327088186327e-6
5937 1.0075801099975893e-6
5938 1.0074214936311173e-6
5939 1.0080511497067836e-6
5940 1.008063966802009e-6
5941 1.0092639973667991e-6
5942 1.0095059257690092e-6
5943 1.0102653577605493e-6
5944 1.0103358539234256e-6
5945 1.0107171715213147e-6
5946 1.0103614881138765e-6
5947 1.0103614881138765e-6
5948 1.010130774899182e-6
5949 1.010130774899182e-6
5950 1.010130774899182e-6
5951 1.010130774899182e-6
5952 1.010130774899182e-6
5953 1.0098728249751447e-6
5954 1.0098728249751447e-6
5955 1.0098728249751447e-6
5956 1.0098728249751447e-6
5957 1.0098728249751447e-6
5958 1.0098728249751447e-6
5959 1.0098728249751447e-6
5960 1.0098728249751447e-6
5961 1.0098728249751447e-6
5962 1.0098728249751447e-6
5963 1.0098728249751447e-6
5964 1.0098728249751447e-6
5965 1.0098728249751447e-6
5966 1.0098728249751447e-6
5967 1.0098728249751447e-6
5968 1.0098728249751447e-6
5969 1.0104079513828301e-6
5970 1.0106851284776603e-6
5971 1.0104672323581912e-6
5972 1.011252299151364e-6
5973 1.0129233688141667e-6
5974 1.0135129698629013e-6
5975 1.0142852195608487e-6
5976 1.0142852195608487e-6
5977 1.0142852195608487e-6
5978 1.0142852195608487e-6
5979 1.0142852195608487e-6
5980 1.0142852195608487e-6
5981 1.0146088599246324e-6
5982 1.0146088599246324e-6
5983 1.0148860357970987e-6
5984 1.0148427775659288e-6
5985 1.016520256693117e-6
5986 1.0182089510078207e-6
5987 1.0182089510078207e-6
5988 1.0182089510078207e-6
5989 1.0182089510078207e-6
5990 1.0182089510078207e-6
5991 1.0182089510078207e-6
5992 1.0182089510078207e-6
5993 1.0182089510078207e-6
5994 1.0182089510078207e-6
5995 1.0182089510078207e-6
5996 1.0184092230865707e-6
5997 1.0184092230865707e-6
5998 1.0184092230865707e-6
5999 1.0184092230865707e-6
6000 1.0184092230865707e-6
6001 1.0184092230865707e-6
6002 1.0184092230865707e-6
6003 1.0184092230865707e-6
6004 1.0184092230865707e-6
6005 1.0184092230865707e-6
6006 1.0184092230865707e-6
6007 1.0184092230865707e-6
6008 1.0184092230865707e-6
6009 1.0184092230865707e-6
6010 1.0184092230865707e-6
6011 1.0184092230865707e-6
6012 1.0184092230865707e-6
6013 1.0184092230865707e-6
6014 1.0184092230865707e-6
6015 1.0184092230865707e-6
6016 1.0184092230865707e-6
6017 1.0184092230865707e-6
6018 1.0184092230865707e-6
6019 1.0184092230865707e-6
6020 1.0184092230865707e-6
6021 1.0184092230865707e-6
6022 1.0184092230865707e-6
6023 1.0184092230865707e-6
6024 1.0184092230865707e-6
6025 1.0184092230865707e-6
6026 1.0184092230865707e-6
6027 1.0184092230865707e-6
6028 1.0184092230865707e-6
6029 1.0184092230865707e-6
6030 1.0184092230865707e-6
6031 1.0184092230865707e-6
6032 1.0184092230865707e-6
6033 1.0184092230865707e-6
6034 1.0184092230865707e-6
6035 1.0184092230865707e-6
6036 1.0184092230865707e-6
6037 1.0184092230865707e-6
6038 1.0184092230865707e-6
6039 1.0184092230865707e-6
6040 1.0184092230865707e-6
6041 1.0184092230865707e-6
6042 1.0184092230865707e-6
6043 1.0184092230865707e-6
6044 1.0184092230865707e-6
6045 1.0184092230865707e-6
6046 1.0184092230865707e-6
6047 1.0184092230865707e-6
6048 1.0184092230865707e-6
6049 1.0184092230865707e-6
6050 1.0184092230865707e-6
6051 1.0184092230865707e-6
6052 1.0184092230865707e-6
6053 1.0190484924420426e-6
6054 1.0190484924420426e-6
6055 1.0190484924420426e-6
6056 1.0190484924420426e-6
6057 1.0190484924420426e-6
6058 1.0190484924420426e-6
6059 1.0190484924420426e-6
6060 1.0190484924420426e-6
6061 1.0190484924420426e-6
6062 1.0190484924420426e-6
6063 1.0190484924420426e-6
6064 1.0190484924420426e-6
6065 1.0190484924420426e-6
6066 1.0190484924420426e-6
6067 1.0190484924420426e-6
6068 1.0190484924420426e-6
6069 1.0190484924420426e-6
6070 1.0198912376916844e-6
6071 1.0198912376916844e-6
6072 1.0198912376916844e-6
6073 1.0198912376916844e-6
6074 1.0198912376916844e-6
6075 1.0198912376916844e-6
6076 1.0198912376916844e-6
6077 1.0198912376916844e-6
6078 1.0198912376916844e-6
6079 1.0198912376916844e-6
6080 1.0198912376916844e-6
6081 1.0198912376916844e-6
6082 1.0198912376916844e-6
6083 1.0198912376916844e-6
6084 1.0198912376916844e-6
6085 1.0209006082351661e-6
6086 1.0212210435611662e-6
6087 1.0233423250770242e-6
6088 1.024183468418956e-6
6089 1.024183468418956e-6
6090 1.024183468418956e-6
6091 1.024183468418956e-6
6092 1.024183468418956e-6
6093 1.0247602517612834e-6
6094 1.0267613712522553e-6
6095 1.0272868849913171e-6
6096 1.027490361496669e-6
6097 1.027652181067379e-6
6098 1.0284452592326473e-6
6099 1.0284452592326473e-6
6100 1.0284452592326473e-6
6101 1.0284452592326473e-6
6102 1.0284452592326473e-6
6103 1.0284452592326473e-6
6104 1.0284452592326473e-6
6105 1.0284452592326473e-6
6106 1.0284452592326473e-6
6107 1.0284452592326473e-6
6108 1.0284452592326473e-6
6109 1.0284452592326473e-6
6110 1.0284452592326473e-6
6111 1.0284452592326473e-6
6112 1.0284452592326473e-6
6113 1.0284452592326473e-6
6114 1.0284452592326473e-6
6115 1.0284452592326473e-6
6116 1.0293681133137892e-6
6117 1.0293681133137892e-6
6118 1.0293681133137892e-6
6119 1.0293681133137892e-6
6120 1.0293681133137892e-6
6121 1.0293681133137892e-6
6122 1.0293681133137892e-6
6123 1.0293681133137892e-6
6124 1.0293681133137892e-6
6125 1.0293681133137892e-6
6126 1.0293681133137892e-6
6127 1.0293681133137892e-6
6128 1.0293681133137892e-6
6129 1.0293681133137892e-6
6130 1.0293681133137892e-6
6131 1.0293681133137892e-6
6132 1.0293681133137892e-6
6133 1.0293681133137892e-6
6134 1.0293681133137892e-6
6135 1.0293681133137892e-6
6136 1.0293681133137892e-6
6137 1.0305969824956318e-6
6138 1.0325003691143846e-6
6139 1.033253391641539e-6
6140 1.033253391641539e-6
6141 1.033253391641539e-6
6142 1.0339327141903972e-6
6143 1.0345639721737734e-6
6144 1.0361997943663197e-6
6145 1.0372428116947116e-6
6146 1.0383258834388535e-6
6147 1.0393480729111064e-6
6148 1.0395002792020108e-6
6149 1.0391125521397362e-6
6150 1.0392519419465972e-6
6151 1.039197467305548e-6
6152 1.0392984052155508e-6
6153 1.0388497952702052e-6
6154 1.038835375656088e-6
6155 1.0390612825364707e-6
6156 1.0391109502320263e-6
6157 1.0392279090526745e-6
6158 1.0390548742944491e-6
6159 1.0390708952050945e-6
6160 1.0394377938000482e-6
6161 1.03931602925627e-6
6162 1.03931602925627e-6
6163 1.03951630133502e-6
6164 1.0397165734137701e-6
6165 1.0392182957728692e-6
6166 1.0388850433516438e-6
6167 1.0382345600310201e-6
6168 1.0383755511344091e-6
6169 1.038417208069051e-6
6170 1.0383419055718628e-6
6171 1.0389523344767364e-6
6172 1.0400434175929737e-6
6173 1.0418907270517855e-6
6174 1.0418907270517855e-6
6175 1.0425155774043221e-6
6176 1.0426741925484303e-6
6177 1.0429754013148193e-6
6178 1.0445791804637111e-6
6179 1.045800039495822e-6
6180 1.045800039495822e-6
6181 1.045800039495822e-6
6182 1.045800039495822e-6
6183 1.045800039495822e-6
6184 1.045800039495822e-6
6185 1.045800039495822e-6
6186 1.045800039495822e-6
6187 1.045800039495822e-6
6188 1.045800039495822e-6
6189 1.046623558185853e-6
6190 1.046623558185853e-6
6191 1.0471330504030874e-6
6192 1.0472500098349176e-6
6193 1.0471907288595567e-6
6194 1.0469536061804766e-6
6195 1.047358957894652e-6
6196 1.0479998279354702e-6
6197 1.0475768534029394e-6
6198 1.0479741931338376e-6
6199 1.0498695671581312e-6
6200 1.0506097732012422e-6
6201 1.0554147017947142e-6
6202 1.0554066904226186e-6
6203 1.0560876148791866e-6
6204 1.0574526700524704e-6
6205 1.059001974560313e-6
6206 1.0595947794244675e-6
6207 1.0595947794244675e-6
6208 1.0595947794244675e-6
6209 1.0595947794244675e-6
6210 1.0595947794244675e-6
6211 1.0595947794244675e-6
6212 1.0595947794244675e-6
6213 1.0595947794244675e-6
6214 1.0595947794244675e-6
6215 1.0595947794244675e-6
6216 1.0595947794244675e-6
6217 1.0595947794244675e-6
6218 1.0595947794244675e-6
6219 1.0595947794244675e-6
6220 1.0595947794244675e-6
6221 1.0595947794244675e-6
6222 1.0595947794244675e-6
6223 1.0595947794244675e-6
6224 1.0595947794244675e-6
6225 1.0595947794244675e-6
6226 1.0595947794244675e-6
6227 1.0595947794244675e-6
6228 1.0595947794244675e-6
6229 1.0595947794244675e-6
6230 1.0601763703234703e-6
6231 1.059806266690733e-6
6232 1.0605016119837823e-6
6233 1.0603365873752886e-6
6234 1.0613619800517794e-6
6235 1.0624162125676867e-6
6236 1.0623072645079522e-6
6237 1.0627190238529676e-6
6238 1.0638982259504367e-6
6239 1.0638982259504367e-6
6240 1.0638982259504367e-6
6241 1.0638982259504367e-6
6242 1.0638982259504367e-6
6243 1.0638982259504367e-6
6244 1.0638982259504367e-6
6245 1.0638982259504367e-6
6246 1.0638982259504367e-6
6247 1.0638982259504367e-6
6248 1.0638982259504367e-6
6249 1.0638982259504367e-6
6250 1.0638982259504367e-6
6251 1.0638982259504367e-6
6252 1.0638982259504367e-6
6253 1.0638982259504367e-6
6254 1.0638982259504367e-6
6255 1.0638982259504367e-6
6256 1.0638982259504367e-6
6257 1.0638982259504367e-6
6258 1.0638982259504367e-6
6259 1.0638982259504367e-6
6260 1.0638982259504367e-6
6261 1.0638982259504367e-6
6262 1.0638982259504367e-6
6263 1.0638982259504367e-6
6264 1.0638982259504367e-6
6265 1.0638982259504367e-6
6266 1.0638982259504367e-6
6267 1.0638982259504367e-6
6268 1.0638982259504367e-6
6269 1.0638982259504367e-6
6270 1.0638982259504367e-6
6271 1.0638982259504367e-6
6272 1.0638982259504367e-6
6273 1.0638982259504367e-6
6274 1.0638982259504367e-6
6275 1.0638982259504367e-6
6276 1.0638982259504367e-6
6277 1.0638982259504367e-6
6278 1.0638982259504367e-6
6279 1.0638982259504367e-6
6280 1.064790639506816e-6
6281 1.064790639506816e-6
6282 1.0650966558298805e-6
6283 1.064867544522896e-6
6284 1.0648258875882542e-6
6285 1.0648258875882542e-6
6286 1.0648258875882542e-6
6287 1.0648258875882542e-6
6288 1.0648258875882542e-6
6289 1.0648258875882542e-6
6290 1.0648258875882542e-6
6291 1.0648258875882542e-6
6292 1.0648258875882542e-6
6293 1.0648258875882542e-6
6294 1.0648258875882542e-6
6295 1.0648258875882542e-6
6296 1.0648258875882542e-6
6297 1.0648258875882542e-6
6298 1.0648258875882542e-6
6299 1.0659554226013497e-6
6300 1.0659554226013497e-6
6301 1.0660339289139577e-6
6302 1.0663832034681922e-6
6303 1.0660579618078805e-6
6304 1.066203760467945e-6
6305 1.066203760467945e-6
6306 1.066203760467945e-6
6307 1.066203760467945e-6
6308 1.066203760467945e-6
6309 1.066203760467945e-6
6310 1.066203760467945e-6
6311 1.066203760467945e-6
6312 1.0667581134352414e-6
6313 1.0667581134352414e-6
6314 1.0667581134352414e-6
6315 1.0673829613430503e-6
6316 1.0673829613430503e-6
6317 1.0673829613430503e-6
6318 1.0673829613430503e-6
6319 1.0673829613430503e-6
6320 1.0673829613430503e-6
6321 1.0673829613430503e-6
6322 1.0673829613430503e-6
6323 1.0673829613430503e-6
6324 1.0673829613430503e-6
6325 1.0673829613430503e-6
6326 1.0673829613430503e-6
6327 1.0673829613430503e-6
6328 1.0673829613430503e-6
6329 1.0676296979131178e-6
6330 1.0676296979131178e-6
6331 1.0676296979131178e-6
6332 1.0677883142795898e-6
6333 1.0680815116738835e-6
6334 1.068107147086698e-6
6335 1.0705825094911024e-6
6336 1.0714909445693088e-6
6337 1.0717841419636023e-6
6338 1.072072533634766e-6
6339 1.0715181800562878e-6
6340 1.072277611436646e-6
6341 1.073677914080186e-6
6342 1.074237073992976e-6
6343 1.0744838093406797e-6
6344 1.0745607137455778e-6
6345 1.0742931505417351e-6
6346 1.0745623156532878e-6
6347 1.0748298800794943e-6
6348 1.0748298800794943e-6
6349 1.0748298800794943e-6
6350 1.0748298800794943e-6
6351 1.0748298800794943e-6
6352 1.0748298800794943e-6
6353 1.0764320567094943e-6
6354 1.0759433923483988e-6
6355 1.0759433923483988e-6
6356 1.0759433923483988e-6
6357 1.0759433923483988e-6
6358 1.0759433923483988e-6
6359 1.0759433923483988e-6
6360 1.0759433923483988e-6
6361 1.0759433923483988e-6
6362 1.0759433923483988e-6
6363 1.0759433923483988e-6
6364 1.0759433923483988e-6
6365 1.0759433923483988e-6
6366 1.0759433923483988e-6
6367 1.0759433923483988e-6
6368 1.0759433923483988e-6
6369 1.0759433923483988e-6
6370 1.0759433923483988e-6
6371 1.0759433923483988e-6
6372 1.0759433923483988e-6
6373 1.0759433923483988e-6
6374 1.0759433923483988e-6
6375 1.0759433923483988e-6
6376 1.0759433923483988e-6
6377 1.0759433923483988e-6
6378 1.0759433923483988e-6
6379 1.0759433923483988e-6
6380 1.0759433923483988e-6
6381 1.0759433923483988e-6
6382 1.0759433923483988e-6
6383 1.0759433923483988e-6
6384 1.0759433923483988e-6
6385 1.0759433923483988e-6
6386 1.0759433923483988e-6
6387 1.0759433923483988e-6
6388 1.0763455390247906e-6
6389 1.0763455390247906e-6
6390 1.0764753149406642e-6
6391 1.0765730490352471e-6
6392 1.0765730490352471e-6
6393 1.0765730490352471e-6
6394 1.0765730490352471e-6
6395 1.0765730490352471e-6
6396 1.0765730490352471e-6
6397 1.0765730490352471e-6
6398 1.0765730490352471e-6
6399 1.0765730490352471e-6
6400 1.0765730490352471e-6
6401 1.0765730490352471e-6
6402 1.0765730490352471e-6
6403 1.0765730490352471e-6
6404 1.0765730490352471e-6
6405 1.0765730490352471e-6
6406 1.0765730490352471e-6
6407 1.0765730490352471e-6
6408 1.0765730490352471e-6
6409 1.0765730490352471e-6
6410 1.0765730490352471e-6
6411 1.0765730490352471e-6
6412 1.0765730490352471e-6
6413 1.0765730490352471e-6
6414 1.0765730490352471e-6
6415 1.0765730490352471e-6
6416 1.0765730490352471e-6
6417 1.0765730490352471e-6
6418 1.07683740842367e-6
6419 1.0773645240704417e-6
6420 1.0771722627526053e-6
6421 1.0771722627526053e-6
6422 1.0771722627526053e-6
6423 1.0777025828259788e-6
6424 1.0779621358800897e-6
6425 1.0778387688174197e-6
6426 1.0778387688174197e-6
6427 1.0780262231897625e-6
6428 1.0779893738117961e-6
6429 1.0779653409178734e-6
6430 1.078135171249497e-6
6431 1.0786574811731388e-6
6432 1.0804262843193423e-6
6433 1.0809005284551387e-6
6434 1.081156876471466e-6
6435 1.081156876471466e-6
6436 1.081156876471466e-6
6437 1.081384384037195e-6
6438 1.081384384037195e-6
6439 1.081384384037195e-6
6440 1.081384384037195e-6
6441 1.0816968092134632e-6
6442 1.0816968092134632e-6
6443 1.082243150808664e-6
6444 1.082361712759386e-6
6445 1.0823761323735032e-6
6446 1.0826933632729015e-6
6447 1.083766821737238e-6
6448 1.0842234418323153e-6
6449 1.0846816650574662e-6
6450 1.0849956915302625e-6
6451 1.0849956915302625e-6
6452 1.0849956915302625e-6
6453 1.0849956915302625e-6
6454 1.0849956915302625e-6
6455 1.0849956915302625e-6
6456 1.0849956915302625e-6
6457 1.085348169899917e-6
6458 1.0858720817312688e-6
6459 1.0876745310512006e-6
6460 1.0888761623013368e-6
6461 1.0892174267058397e-6
6462 1.0907779464011978e-6
6463 1.0914268278141114e-6
6464 1.0925483514551113e-6
6465 1.0925483514551113e-6
6466 1.0926717185177813e-6
6467 1.0929633146155467e-6
6468 1.0927742577243121e-6
6469 1.0927742577243121e-6
6470 1.0927742577243121e-6
6471 1.0927742577243121e-6
6472 1.0927742577243121e-6
6473 1.0927742577243121e-6
6474 1.0927742577243121e-6
6475 1.0933109878732532e-6
6476 1.0933109878732532e-6
6477 1.0933109878732532e-6
6478 1.0933109878732532e-6
6479 1.093934234484534e-6
6480 1.0935545194055368e-6
6481 1.0939967192753148e-6
6482 1.0948586910845676e-6
6483 1.0964192107799257e-6
6484 1.0966451176603084e-6
6485 1.0967348397716139e-6
6486 1.0973853243146012e-6
6487 1.097306818001993e-6
6488 1.097306818001993e-6
6489 1.097306818001993e-6
6490 1.097306818001993e-6
6491 1.097306818001993e-6
6492 1.097306818001993e-6
6493 1.097306818001993e-6
6494 1.097306818001993e-6
6495 1.097306818001993e-6
6496 1.097306818001993e-6
6497 1.097306818001993e-6
6498 1.097306818001993e-6
6499 1.097306818001993e-6
6500 1.097306818001993e-6
6501 1.097306818001993e-6
6502 1.097306818001993e-6
6503 1.0981095076135212e-6
6504 1.0980245924477094e-6
6505 1.0985757422107677e-6
6506 1.0987183352218666e-6
6507 1.100310899183243e-6
6508 1.1011856874765393e-6
6509 1.101632694902993e-6
6510 1.101430820305351e-6
6511 1.1026981426064155e-6
6512 1.1025843882123691e-6
6513 1.1025843882123691e-6
6514 1.103020181673671e-6
6515 1.1029737171823536e-6
6516 1.1029737171823536e-6
6517 1.1047393165131373e-6
6518 1.105104612589199e-6
6519 1.1064840867654181e-6
6520 1.1077530103630108e-6
6521 1.1090411599090326e-6
6522 1.109533028085548e-6
6523 1.1094689407758753e-6
6524 1.1094689407758753e-6
6525 1.109633964773187e-6
6526 1.109633964773187e-6
6527 1.109633964773187e-6
6528 1.1100072722213444e-6
6529 1.11009859624036e-6
6530 1.1102443949004245e-6
6531 1.1102443949004245e-6
6532 1.1102443949004245e-6
6533 1.1111976907286926e-6
6534 1.1111976907286926e-6
6535 1.1111976907286926e-6
6536 1.1111976907286926e-6
6537 1.1118994448749454e-6
6538 1.1118513790871e-6
6539 1.1116991727961956e-6
6540 1.1116991727961956e-6
6541 1.111788894296319e-6
6542 1.1121429751848654e-6
6543 1.1120788878751926e-6
6544 1.1130289786656771e-6
6545 1.1144004420809827e-6
6546 1.1156805814772727e-6
6547 1.1156805814772727e-6
6548 1.1156805814772727e-6
6549 1.1156805814772727e-6
6550 1.1156805814772727e-6
6551 1.1156805814772727e-6
6552 1.1156805814772727e-6
6553 1.1156805814772727e-6
6554 1.1156805814772727e-6
6555 1.1156805814772727e-6
6556 1.1156805814772727e-6
6557 1.1156805814772727e-6
6558 1.1156805814772727e-6
6559 1.1156805814772727e-6
6560 1.1156805814772727e-6
6561 1.1156805814772727e-6
6562 1.1156805814772727e-6
6563 1.1156805814772727e-6
6564 1.1156805814772727e-6
6565 1.1156805814772727e-6
6566 1.1156805814772727e-6
6567 1.1156805814772727e-6
6568 1.1156805814772727e-6
6569 1.1156805814772727e-6
6570 1.1156805814772727e-6
6571 1.1156805814772727e-6
6572 1.1156805814772727e-6
6573 1.1156805814772727e-6
6574 1.1156805814772727e-6
6575 1.1156805814772727e-6
6576 1.1156805814772727e-6
6577 1.1156805814772727e-6
6578 1.1156805814772727e-6
6579 1.1156805814772727e-6
6580 1.1156805814772727e-6
6581 1.1156805814772727e-6
6582 1.1156805814772727e-6
6583 1.1156805814772727e-6
6584 1.1156805814772727e-6
6585 1.1156805814772727e-6
6586 1.1156805814772727e-6
6587 1.1156805814772727e-6
6588 1.1156805814772727e-6
6589 1.1156805814772727e-6
6590 1.1156805814772727e-6
6591 1.1156805814772727e-6
6592 1.1156805814772727e-6
6593 1.1156805814772727e-6
6594 1.1156805814772727e-6
6595 1.1156805814772727e-6
6596 1.1156805814772727e-6
6597 1.1156805814772727e-6
6598 1.1156805814772727e-6
6599 1.1156805814772727e-6
6600 1.1156805814772727e-6
6601 1.1156805814772727e-6
6602 1.1156805814772727e-6
6603 1.1163038280885536e-6
6604 1.1162333319256773e-6
6605 1.1169911620095073e-6
6606 1.1180534046751463e-6
6607 1.1182104185227263e-6
6608 1.1187759866775382e-6
6609 1.1184555513515381e-6
6610 1.1188288587996955e-6
6611 1.1190067005034147e-6
6612 1.11918133716935e-6
6613 1.1195706661393345e-6
6614 1.1195706661393345e-6
6615 1.1195706661393345e-6
6616 1.1195706661393345e-6
6617 1.1195706661393345e-6
6618 1.1195706661393345e-6
6619 1.1195706661393345e-6
6620 1.1204502619893065e-6
6621 1.1207546751822973e-6
6622 1.1209837864892818e-6
6623 1.1220908905161645e-6
6624 1.1234303102766337e-6
6625 1.1234303102766337e-6
6626 1.1234303102766337e-6
6627 1.1234303102766337e-6
6628 1.1234303102766337e-6
6629 1.1234303102766337e-6
6630 1.1234303102766337e-6
6631 1.1234303102766337e-6
6632 1.1243419491702602e-6
6633 1.124406035868751e-6
6634 1.1264808547268374e-6
6635 1.1268846026997574e-6
6636 1.1268846026997574e-6
6637 1.1268846026997574e-6
6638 1.1268846026997574e-6
6639 1.1268846026997574e-6
6640 1.1268846026997574e-6
6641 1.1268846026997574e-6
6642 1.1268846026997574e-6
6643 1.1268846026997574e-6
6644 1.1268846026997574e-6
6645 1.1268846026997574e-6
6646 1.1277577884741618e-6
6647 1.127491827789211e-6
6648 1.1269935495371281e-6
6649 1.1269935495371281e-6
6650 1.1269935495371281e-6
6651 1.1269935495371281e-6
6652 1.127376469653909e-6
6653 1.1272771342627982e-6
6654 1.1272771342627982e-6
6655 1.1277641961050018e-6
6656 1.1276808834580818e-6
6657 1.1277177328360482e-6
6658 1.1282736883222364e-6
6659 1.1286325755450945e-6
6660 1.128637382490588e-6
6661 1.1319394686228072e-6
6662 1.1319394686228072e-6
6663 1.1319394686228072e-6
6664 1.1319394686228072e-6
6665 1.1319394686228072e-6
6666 1.1319394686228072e-6
6667 1.1319394686228072e-6
6668 1.1319394686228072e-6
6669 1.1319394686228072e-6
6670 1.1319394686228072e-6
6671 1.1319394686228072e-6
6672 1.1319394686228072e-6
6673 1.1319394686228072e-6
6674 1.1309941841666344e-6
6675 1.130681758990366e-6
6676 1.1308852361068999e-6
6677 1.1309092683896407e-6
6678 1.1309092683896407e-6
6679 1.1309092683896407e-6
6680 1.1309092683896407e-6
6681 1.1309092683896407e-6
6682 1.1309092683896407e-6
6683 1.1309092683896407e-6
6684 1.1309092683896407e-6
6685 1.1309092683896407e-6
6686 1.1309092683896407e-6
6687 1.1311576062562362e-6
6688 1.131516494701458e-6
6689 1.1315453339296927e-6
6690 1.1324521652666436e-6
6691 1.1339085438477608e-6
6692 1.1347849346599489e-6
6693 1.1347849346599489e-6
6694 1.1347849346599489e-6
6695 1.1347849346599489e-6
6696 1.1347849346599489e-6
6697 1.1347849346599489e-6
6698 1.1347849346599489e-6
6699 1.1347849346599489e-6
6700 1.1347849346599489e-6
6701 1.1347849346599489e-6
6702 1.1347849346599489e-6
6703 1.1347849346599489e-6
6704 1.1347849346599489e-6
6705 1.1347849346599489e-6
6706 1.1347849346599489e-6
6707 1.1347849346599489e-6
6708 1.1347849346599489e-6
6709 1.1347849346599489e-6
6710 1.1347849346599489e-6
6711 1.1347849346599489e-6
6712 1.1347849346599489e-6
6713 1.1355427635214153e-6
6714 1.1357590577331744e-6
6715 1.1363230239802761e-6
6716 1.1377121108251187e-6
6717 1.1378675221538069e-6
6718 1.1381703340502696e-6
6719 1.1381703340502696e-6
6720 1.1381703340502696e-6
6721 1.1381703340502696e-6
6722 1.1381703340502696e-6
6723 1.1381703340502696e-6
6724 1.1381703340502696e-6
6725 1.1381703340502696e-6
6726 1.1381703340502696e-6
6727 1.1381703340502696e-6
6728 1.1381703340502696e-6
6729 1.1381703340502696e-6
6730 1.1381703340502696e-6
6731 1.1369446692950288e-6
6732 1.1369446692950288e-6
6733 1.1369446692950288e-6
6734 1.1369446692950288e-6
6735 1.1369446692950288e-6
6736 1.1369446692950288e-6
6737 1.1369446692950288e-6
6738 1.1369446692950288e-6
6739 1.1369446692950288e-6
6740 1.1369446692950288e-6
6741 1.1369446692950288e-6
6742 1.1369446692950288e-6
6743 1.1369446692950288e-6
6744 1.1369446692950288e-6
6745 1.1369446692950288e-6
6746 1.1369446692950288e-6
6747 1.1369446692950288e-6
6748 1.1369446692950288e-6
6749 1.1369446692950288e-6
6750 1.1369446692950288e-6
6751 1.1369446692950288e-6
6752 1.1369446692950288e-6
6753 1.1369446692950288e-6
6754 1.1369446692950288e-6
6755 1.1376111741374796e-6
6756 1.1376111741374796e-6
6757 1.1391476621612788e-6
6758 1.1404582426935134e-6
6759 1.141924234554436e-6
6760 1.141924234554436e-6
6761 1.141924234554436e-6
6762 1.141924234554436e-6
6763 1.141924234554436e-6
6764 1.141924234554436e-6
6765 1.141924234554436e-6
6766 1.141924234554436e-6
6767 1.1418072757337879e-6
6768 1.1418072757337879e-6
6769 1.1418072757337879e-6
6770 1.1418072757337879e-6
6771 1.1418072757337879e-6
6772 1.1426676450241488e-6
6773 1.144489319681328e-6
6774 1.144687989852368e-6
6775 1.1447616898306643e-6
6776 1.1454041623903743e-6
6777 1.1454041623903743e-6
6778 1.1454041623903743e-6
6779 1.1454041623903743e-6
6780 1.1454041623903743e-6
6781 1.1454041623903743e-6
6782 1.1454041623903743e-6
6783 1.1461988430745345e-6
6784 1.1467996593107845e-6
6785 1.1487591212559327e-6
6786 1.148611720688158e-6
6787 1.1484899549220162e-6
6788 1.1489417692939636e-6
6789 1.1489417692939636e-6
6790 1.1489417692939636e-6
6791 1.1489417692939636e-6
6792 1.1489417692939636e-6
6793 1.1489417692939636e-6
6794 1.1489417692939636e-6
6795 1.1489417692939636e-6
6796 1.1489417692939636e-6
6797 1.1489417692939636e-6
6798 1.1489417692939636e-6
6799 1.1489417692939636e-6
6800 1.1489417692939636e-6
6801 1.1489417692939636e-6
6802 1.1489417692939636e-6
6803 1.1489417692939636e-6
6804 1.1489417692939636e-6
6805 1.1489417692939636e-6
6806 1.1489417692939636e-6
6807 1.1489417692939636e-6
6808 1.1489417692939636e-6
6809 1.1489417692939636e-6
6810 1.1489417692939636e-6
6811 1.1489417692939636e-6
6812 1.1489417692939636e-6
6813 1.1489417692939636e-6
6814 1.1489417692939636e-6
6815 1.1489417692939636e-6
6816 1.1489417692939636e-6
6817 1.1489417692939636e-6
6818 1.1489417692939636e-6
6819 1.1489417692939636e-6
6820 1.1489417692939636e-6
6821 1.1489417692939636e-6
6822 1.1489417692939636e-6
6823 1.1489417692939636e-6
6824 1.1489417692939636e-6
6825 1.1489417692939636e-6
6826 1.1489417692939636e-6
6827 1.1489417692939636e-6
6828 1.1489417692939636e-6
6829 1.1489417692939636e-6
6830 1.1497588791307908e-6
6831 1.1499783771579698e-6
6832 1.149271817288587e-6
6833 1.1495554032366206e-6
6834 1.1494512615111978e-6
6835 1.1494512615111978e-6
6836 1.1499879916601389e-6
6837 1.1501401979510433e-6
6838 1.150071303084695e-6
6839 1.1501113587228087e-6
6840 1.1501962738886205e-6
6841 1.1500745081224787e-6
6842 1.1502155004482315e-6
6843 1.1505119028803089e-6
6844 1.1505119028803089e-6
6845 1.1509204571875406e-6
6846 1.150832338206309e-6
6847 1.1509220597064324e-6
6848 1.151272935557195e-6
6849 1.1512745392984507e-6
6850 1.1516302214835251e-6
6851 1.1513963038422287e-6
6852 1.1513210013450405e-6
6853 1.150845155912716e-6
6854 1.150909242000025e-6
6855 1.150909242000025e-6
6856 1.150909242000025e-6
6857 1.150909242000025e-6
6858 1.1515228759426822e-6
6859 1.1515228759426822e-6
6860 1.1515228759426822e-6
6861 1.1519362378065894e-6
6862 1.1519362378065894e-6
6863 1.1530433412222902e-6
6864 1.1536489644040339e-6
6865 1.1528542843310556e-6
6866 1.1531314614258857e-6
6867 1.1538572466325157e-6
6868 1.1549130816673149e-6
6869 1.155414562512454e-6
6870 1.155414562512454e-6
6871 1.157093644158534e-6
6872 1.1586573676693122e-6
6873 1.1600736918346795e-6
6874 1.1600736918346795e-6
6875 1.1600736918346795e-6
6876 1.1600736918346795e-6
6877 1.1600736918346795e-6
6878 1.1600736918346795e-6
6879 1.1600736918346795e-6
6880 1.1600736918346795e-6
6881 1.1600736918346795e-6
6882 1.1600736918346795e-6
6883 1.1600736918346795e-6
6884 1.1600736918346795e-6
6885 1.1606008080926331e-6
6886 1.1606360549517077e-6
6887 1.1606360549517077e-6
6888 1.1606360549517077e-6
6889 1.1610414054435195e-6
6890 1.1614980255385969e-6
6891 1.1611231167939115e-6
6892 1.1613249901691896e-6
6893 1.163154676809646e-6
6894 1.1634254438289086e-6
6895 1.1642842112115596e-6
6896 1.1642842112115596e-6
6897 1.1642842112115596e-6
6898 1.1642842112115596e-6
6899 1.1642842112115596e-6
6900 1.1642842112115596e-6
6901 1.1642842112115596e-6
6902 1.1642842112115596e-6
6903 1.1642842112115596e-6
6904 1.1642842112115596e-6
6905 1.1642842112115596e-6
6906 1.1642842112115596e-6
6907 1.1642842112115596e-6
6908 1.1642842112115596e-6
6909 1.1642842112115596e-6
6910 1.1642842112115596e-6
6911 1.1642842112115596e-6
6912 1.1642842112115596e-6
6913 1.1642842112115596e-6
6914 1.1642842112115596e-6
6915 1.1642842112115596e-6
6916 1.1642842112115596e-6
6917 1.1642842112115596e-6
6918 1.1642842112115596e-6
6919 1.1642842112115596e-6
6920 1.1642842112115596e-6
6921 1.1642842112115596e-6
6922 1.1642842112115596e-6
6923 1.1642842112115596e-6
6924 1.1642842112115596e-6
6925 1.1642842112115596e-6
6926 1.1642842112115596e-6
6927 1.1642842112115596e-6
6928 1.164619065540495e-6
6929 1.164716798412714e-6
6930 1.1645453655621986e-6
6931 1.1644860845868377e-6
6932 1.1644924934400415e-6
6933 1.164460450396387e-6
6934 1.164460450396387e-6
6935 1.164881822410026e-6
6936 1.164881822410026e-6
6937 1.1653961209615723e-6
6938 1.165062867929165e-6
6939 1.165062867929165e-6
6940 1.1651573957636004e-6
6941 1.1652054615514459e-6
6942 1.1652775590108504e-6
6943 1.1652775590108504e-6
6944 1.1658367183124585e-6
6945 1.1659088169942269e-6
6946 1.1659088169942269e-6
6947 1.1665192458991005e-6
6948 1.1663205763392423e-6
6949 1.166224445985915e-6
6950 1.1663462105296932e-6
6951 1.1663670383858322e-6
6952 1.1660834536601622e-6
6953 1.1660834536601622e-6
6954 1.1660834536601622e-6
6955 1.1660834536601622e-6
6956 1.1660834536601622e-6
6957 1.1660834536601622e-6
6958 1.1660834536601622e-6
6959 1.1660834536601622e-6
6960 1.1660834536601622e-6
6961 1.1660834536601622e-6
6962 1.167112050763255e-6
6963 1.167112050763255e-6
6964 1.167112050763255e-6
6965 1.167112050763255e-6
6966 1.167112050763255e-6
6967 1.167112050763255e-6
6968 1.167112050763255e-6
6969 1.1681758959477858e-6
6970 1.1681758959477858e-6
6971 1.1681758959477858e-6
6972 1.1681758959477858e-6
6973 1.1681758959477858e-6
6974 1.1681758959477858e-6
6975 1.1681758959477858e-6
6976 1.1681758959477858e-6
6977 1.1681758959477858e-6
6978 1.1681758959477858e-6
6979 1.1689241121406286e-6
6980 1.1684658895266594e-6
6981 1.168557213545675e-6
6982 1.1684931262360022e-6
6983 1.1684931262360022e-6
6984 1.1684931262360022e-6
6985 1.1684931262360022e-6
6986 1.1684931262360022e-6
6987 1.1684931262360022e-6
6988 1.1684931262360022e-6
6989 1.1684931262360022e-6
6990 1.1684931262360022e-6
6991 1.1684931262360022e-6
6992 1.1684931262360022e-6
6993 1.1684931262360022e-6
6994 1.1684931262360022e-6
6995 1.1684931262360022e-6
6996 1.1684931262360022e-6
6997 1.1684931262360022e-6
6998 1.1684931262360022e-6
6999 1.1684931262360022e-6
7000 1.1684931262360022e-6
7001 1.1689177032874248e-6
7002 1.1708162823495022e-6
7003 1.1715628972458167e-6
7004 1.1715228428300666e-6
7005 1.171535660536474e-6
7006 1.1729183397504767e-6
7007 1.1732451833184985e-6
7008 1.1745669784270666e-6
7009 1.1758535260653785e-6
7010 1.1758535260653785e-6
7011 1.1758535260653785e-6
7012 1.1758535260653785e-6
7013 1.1758535260653785e-6
7014 1.1758535260653785e-6
7015 1.1758535260653785e-6
7016 1.1758535260653785e-6
7017 1.1769141674344895e-6
7018 1.1769141674344895e-6
7019 1.1776415545488294e-6
7020 1.1774733267360976e-6
7021 1.1781125948692059e-6
7022 1.1777040399507923e-6
7023 1.1778642576137923e-6
7024 1.1779075164561441e-6
7025 1.1793670988526813e-6
7026 1.179950292270576e-6
7027 1.1804661927298323e-6
7028 1.1805014402000886e-6
7029 1.1805014402000886e-6
7030 1.1804677934151786e-6
7031 1.1809244147326196e-6
7032 1.1810942450642432e-6
7033 1.1808859616133977e-6
7034 1.1812336342599223e-6
7035 1.1827717241914314e-6
7036 1.1828406172242342e-6
7037 1.1834125948434315e-6
7038 1.183923688968376e-6
7039 1.1830168570202434e-6
7040 1.1835567903734225e-6
7041 1.1835567903734225e-6
7042 1.1848353278620026e-6
7043 1.1851205151065644e-6
7044 1.1851205151065644e-6
7045 1.1851205151065644e-6
7046 1.1851205151065644e-6
7047 1.1851205151065644e-6
7048 1.1851205151065644e-6
7049 1.1851205151065644e-6
7050 1.1851205151065644e-6
7051 1.1860225401092035e-6
7052 1.1862356298943608e-6
7053 1.1863926425195772e-6
7054 1.1871857206848455e-6
7055 1.1891275579780928e-6
7056 1.1902923404614447e-6
7057 1.1903932783714475e-6
7058 1.1905550973309755e-6
7059 1.1907794023036483e-6
7060 1.1905390758091484e-6
7061 1.1909123826461239e-6
7062 1.1907777997847565e-6
7063 1.1928862642053892e-6
7064 1.1937818809660064e-6
7065 1.1937818809660064e-6
7066 1.1937818809660064e-6
7067 1.1937818809660064e-6
7068 1.1937818809660064e-6
7069 1.1937818809660064e-6
7070 1.1937818809660064e-6
7071 1.1937818809660064e-6
7072 1.194685509709901e-6
7073 1.195449747424571e-6
7074 1.1978834541166973e-6
7075 1.1977376560678145e-6
7076 1.1977376560678145e-6
7077 1.1977376560678145e-6
7078 1.1977376560678145e-6
7079 1.1977376560678145e-6
7080 1.1977376560678145e-6
7081 1.1977376560678145e-6
7082 1.1977376560678145e-6
7083 1.1977376560678145e-6
7084 1.1977376560678145e-6
7085 1.1977376560678145e-6
7086 1.1977376560678145e-6
7087 1.1977376560678145e-6
7088 1.1977376560678145e-6
7089 1.1977376560678145e-6
7090 1.1977376560678145e-6
7091 1.1977376560678145e-6
7092 1.1977376560678145e-6
7093 1.1979267129590492e-6
7094 1.1979267129590492e-6
7095 1.1979267129590492e-6
7096 1.1979267129590492e-6
7097 1.1979267129590492e-6
7098 1.1979267129590492e-6
7099 1.1979267129590492e-6
7100 1.1977200320270955e-6
7101 1.1972233575162684e-6
7102 1.1972233575162684e-6
7103 1.1972233575162684e-6
7104 1.198434603268574e-6
7105 1.1986957570080312e-6
7106 1.2001297052141175e-6
7107 1.2001329090295373e-6
7108 1.20023384693954e-6
7109 1.200296331730321e-6
7110 1.2005510772277564e-6
7111 1.2005510772277564e-6
7112 1.2005510772277564e-6
7113 1.2005510772277564e-6
7114 1.2005510772277564e-6
7115 1.1999871115918364e-6
7116 1.1999871115918364e-6
7117 1.1999871115918364e-6
7118 1.1999871115918364e-6
7119 1.1999871115918364e-6
7120 1.1999871115918364e-6
7121 1.1999871115918364e-6
7122 1.1999871115918364e-6
7123 1.1999871115918364e-6
7124 1.1999871115918364e-6
7125 1.1999871115918364e-6
7126 1.1999871115918364e-6
7127 1.1999871115918364e-6
7128 1.1999871115918364e-6
7129 1.1999871115918364e-6
7130 1.1999871115918364e-6
7131 1.1999871115918364e-6
7132 1.1999871115918364e-6
7133 1.1999871115918364e-6
7134 1.1999871115918364e-6
7135 1.1999871115918364e-6
7136 1.1999871115918364e-6
7137 1.1999871115918364e-6
7138 1.1999871115918364e-6
7139 1.2009724504637593e-6
7140 1.2009724504637593e-6
7141 1.2009724504637593e-6
7142 1.2009724504637593e-6
7143 1.2009724504637593e-6
7144 1.2010846023389138e-6
7145 1.201579675553213e-6
7146 1.201222389626883e-6
7147 1.2020346937405802e-6
7148 1.201877680504182e-6
7149 1.2016437622517037e-6
7150 1.20203469374058e-6
7151 1.202738049794543e-6
7152 1.202540981531213e-6
7153 1.2022622031398548e-6
7154 1.2025105410064503e-6
7155 1.2023150746508302e-6
7156 1.201903314694633e-6
7157 1.201903314694633e-6
7158 1.201903314694633e-6
7159 1.2022141373520094e-6
7160 1.2022189436863213e-6
7161 1.2025682182405557e-6
7162 1.2042889568212777e-6
7163 1.205759755016512e-6
7164 1.2074180081952711e-6
7165 1.2074180081952711e-6
7166 1.2074180081952711e-6
7167 1.2074180081952711e-6
7168 1.2074180081952711e-6
7169 1.2074180081952711e-6
7170 1.2074180081952711e-6
7171 1.2074180081952711e-6
7172 1.2074180081952711e-6
7173 1.2076118714208175e-6
7174 1.2076118714208175e-6
7175 1.2076118714208175e-6
7176 1.2084850584175857e-6
7177 1.2088759892952802e-6
7178 1.2105967266536383e-6
7179 1.2108578816154591e-6
7180 1.2113433409387709e-6
7181 1.2113433409387709e-6
7182 1.2113032865230208e-6
7183 1.21092196831395e-6
7184 1.2112504144008637e-6
7185 1.2130768960035365e-6
7186 1.2143538303620428e-6
7187 1.214932216834444e-6
7188 1.214932216834444e-6
7189 1.213650475530444e-6
7190 1.213650475530444e-6
7191 1.213650475530444e-6
7192 1.213650475530444e-6
7193 1.213650475530444e-6
7194 1.213650475530444e-6
7195 1.213650475530444e-6
7196 1.213650475530444e-6
7197 1.213650475530444e-6
7198 1.213650475530444e-6
7199 1.213650475530444e-6
7200 1.214852108002944e-6
7201 1.2162492062198822e-6
7202 1.216997422412725e-6
7203 1.2181638068037869e-6
7204 1.2181638068037869e-6
7205 1.2181638068037869e-6
7206 1.2181638068037869e-6
7207 1.2181638068037869e-6
7208 1.2181638068037869e-6
7209 1.2181638068037869e-6
7210 1.2181638068037869e-6
7211 1.2181638068037869e-6
7212 1.2181638068037869e-6
7213 1.2181638068037869e-6
7214 1.2181638068037869e-6
7215 1.2181638068037869e-6
7216 1.2181638068037869e-6
7217 1.2181638068037869e-6
7218 1.218644459792787e-6
7219 1.218644459792787e-6
7220 1.218644459792787e-6
7221 1.218644459792787e-6
7222 1.2192661051075398e-6
7223 1.2198685232514998e-6
7224 1.2205350293163144e-6
7225 1.223803470497169e-6
7226 1.2235054643238363e-6
7227 1.2254088503314072e-6
7228 1.2260032577144535e-6
7229 1.2258446419591634e-6
7230 1.2268427985374935e-6
7231 1.2268427985374935e-6
7232 1.2268427985374935e-6
7233 1.2268427985374935e-6
7234 1.2268427985374935e-6
7235 1.2268427985374935e-6
7236 1.2268427985374935e-6
7237 1.2268427985374935e-6
7238 1.2268427985374935e-6
7239 1.2268427985374935e-6
7240 1.2268427985374935e-6
7241 1.2268427985374935e-6
7242 1.2268427985374935e-6
7243 1.2268427985374935e-6
7244 1.2268427985374935e-6
7245 1.2268427985374935e-6
7246 1.2268427985374935e-6
7247 1.2268427985374935e-6
7248 1.2268427985374935e-6
7249 1.2268427985374935e-6
7250 1.2268427985374935e-6
7251 1.2268427985374935e-6
7252 1.2268427985374935e-6
7253 1.2268427985374935e-6
7254 1.2268427985374935e-6
7255 1.2268427985374935e-6
7256 1.2268427985374935e-6
7257 1.2268427985374935e-6
7258 1.2268427985374935e-6
7259 1.2268427985374935e-6
7260 1.2268427985374935e-6
7261 1.2268427985374935e-6
7262 1.2268427985374935e-6
7263 1.2268427985374935e-6
7264 1.2268427985374935e-6
7265 1.2268427985374935e-6
7266 1.2268427985374935e-6
7267 1.2268427985374935e-6
7268 1.2268427985374935e-6
7269 1.2268427985374935e-6
7270 1.2268427985374935e-6
7271 1.2268427985374935e-6
7272 1.2268427985374935e-6
7273 1.2268427985374935e-6
7274 1.2268427985374935e-6
7275 1.2268427985374935e-6
7276 1.2268427985374935e-6
7277 1.2268427985374935e-6
7278 1.2268427985374935e-6
7279 1.2268427985374935e-6
7280 1.2268427985374935e-6
7281 1.2268427985374935e-6
7282 1.2268427985374935e-6
7283 1.2268427985374935e-6
7284 1.2268427985374935e-6
7285 1.2268427985374935e-6
7286 1.2268427985374935e-6
7287 1.2268427985374935e-6
7288 1.2268427985374935e-6
7289 1.2268427985374935e-6
7290 1.2268427985374935e-6
7291 1.2268427985374935e-6
7292 1.2268427985374935e-6
7293 1.2268427985374935e-6
7294 1.2268427985374935e-6
7295 1.2268427985374935e-6
7296 1.227494884377009e-6
7297 1.2275669818364136e-6
7298 1.2282254765291326e-6
7299 1.2276839412682437e-6
7300 1.2275301324584474e-6
7301 1.2284529859284074e-6
7302 1.2307969698980464e-6
7303 1.2307969698980464e-6
7304 1.2307969698980464e-6
7305 1.2318191581479354e-6
7306 1.2318191581479354e-6
7307 1.2318191581479354e-6
7308 1.2322164984900155e-6
7309 1.232990348873309e-6
7310 1.2331746000414136e-6
7311 1.2345348476580219e-6
7312 1.2357508997446391e-6
7313 1.2357508997446391e-6
7314 1.2357508997446391e-6
7315 1.2357508997446391e-6
7316 1.2357508997446391e-6
7317 1.2357508997446391e-6
7318 1.2357508997446391e-6
7319 1.2357508997446391e-6
7320 1.2357508997446391e-6
7321 1.2357508997446391e-6
7322 1.2357508997446391e-6
7323 1.2357508997446391e-6
7324 1.2357508997446391e-6
7325 1.2357508997446391e-6
7326 1.2372216985510556e-6
7327 1.2381349387412101e-6
7328 1.2391090624256175e-6
7329 1.2391090624256175e-6
7330 1.2391090624256175e-6
7331 1.2391090624256175e-6
7332 1.2391090624256175e-6
7333 1.2391090624256175e-6
7334 1.2391090624256175e-6
7335 1.2391090624256175e-6
7336 1.2391090624256175e-6
7337 1.2391090624256175e-6
7338 1.2391090624256175e-6
7339 1.2391090624256175e-6
7340 1.2391090624256175e-6
7341 1.2391090624256175e-6
7342 1.2391090624256175e-6
7343 1.2391090624256175e-6
7344 1.2391090624256175e-6
7345 1.2391090624256175e-6
7346 1.2391090624256175e-6
7347 1.2391090624256175e-6
7348 1.2391090624256175e-6
7349 1.2391090624256175e-6
7350 1.2399934633875374e-6
7351 1.2403427379417718e-6
7352 1.2409435541780218e-6
7353 1.2414770792891792e-6
7354 1.2416757494602192e-6
7355 1.2415075210363055e-6
7356 1.2413088508652655e-6
7357 1.24286135979971e-6
7358 1.2426835187071727e-6
7359 1.2430904711066945e-6
7360 1.2437121158102654e-6
7361 1.2437121158102654e-6
7362 1.2437121158102654e-6
7363 1.2430295882236237e-6
7364 1.243803439829281e-6
7365 1.2437313417586945e-6
7366 1.2435166494546453e-6
7367 1.2432651083838117e-6
7368 1.2429206407750708e-6
7369 1.2435486937206634e-6
7370 1.2433147754681851e-6
7371 1.244000506870247e-6
7372 1.2451348482176542e-6
7373 1.2462051022553888e-6
7374 1.2459856042282098e-6
7375 1.2454873278096727e-6
7376 1.2451348488288363e-6
7377 1.245298270918438e-6
7378 1.246522333765969e-6
7379 1.2465463666598917e-6
7380 1.2463669224372807e-6
7381 1.2463669224372807e-6
7382 1.2463669224372807e-6
7383 1.2463669224372807e-6
7384 1.2465207318582589e-6
7385 1.2463877502934197e-6
7386 1.2463877502934197e-6
7387 1.2467129919537314e-6
7388 1.2467129919537314e-6
7389 1.247220881652074e-6
7390 1.247220881652074e-6
7391 1.247220881652074e-6
7392 1.2477992662909294e-6
7393 1.2482911350786268e-6
7394 1.2496353617845896e-6
7395 1.2500198838090805e-6
7396 1.2502185539801204e-6
7397 1.2501448533906421e-6
7398 1.250228166648744e-6
7399 1.2510564922842686e-6
7400 1.2506399259937594e-6
7401 1.2506399259937594e-6
7402 1.2506399259937594e-6
7403 1.2506399259937594e-6
7404 1.2512567637518366e-6
7405 1.2512567637518366e-6
7406 1.2518063091624573e-6
7407 1.25230779122996e-6
7408 1.25182713824096e-6
7409 1.252205252023429e-6
7410 1.2524599975208644e-6
7411 1.2524391696647254e-6
7412 1.252286963373821e-6
7413 1.2519424951538982e-6
7414 1.2521780153140864e-6
7415 1.2518335470941637e-6
7416 1.2522901659668772e-6
7417 1.2522901659668772e-6
7418 1.2522901659668772e-6
7419 1.2528637442714208e-6
7420 1.2524231469205346e-6
7421 1.2529070037249545e-6
7422 1.2523670697605936e-6
7423 1.2527499910997382e-6
7424 1.2536055534446053e-6
7425 1.2532034073793955e-6
7426 1.2534052813658555e-6
7427 1.25354947811821e-6
7428 1.254847242166401e-6
7429 1.2577167404862835e-6
7430 1.2592388082847836e-6
7431 1.2601248129879591e-6
7432 1.2608538026211909e-6
7433 1.2608538026211909e-6
7434 1.2608538026211909e-6
7435 1.2608538026211909e-6
7436 1.2608538026211909e-6
7437 1.2608538026211909e-6
7438 1.2608538026211909e-6
7439 1.2608538026211909e-6
7440 1.2608538026211909e-6
7441 1.2608538026211909e-6
7442 1.2608538026211909e-6
7443 1.2608538026211909e-6
7444 1.2608538026211909e-6
7445 1.2608538026211909e-6
7446 1.2608538026211909e-6
7447 1.2608538026211909e-6
7448 1.2608538026211909e-6
7449 1.2608538026211909e-6
7450 1.2608538026211909e-6
7451 1.262127533775459e-6
7452 1.262606584856749e-6
7453 1.2624864209983171e-6
7454 1.2619945528218016e-6
7455 1.2619945528218016e-6
7456 1.2619945528218016e-6
7457 1.2623326121885206e-6
7458 1.262324600816425e-6
7459 1.2622396856506132e-6
7460 1.2622396856506132e-6
7461 1.2631385068378324e-6
7462 1.2628725461528816e-6
7463 1.2628725461528816e-6
7464 1.2630551941909125e-6
7465 1.2630375689278297e-6
7466 1.2630375689278297e-6
7467 1.2630375689278297e-6
7468 1.2632073992594533e-6
7469 1.2635198232133577e-6
7470 1.2658622064976506e-6
7471 1.265919884342938e-6
7472 1.2662435247067217e-6
7473 1.2661153500873761e-6
7474 1.2669276535898917e-6
7475 1.2669276535898917e-6
7476 1.2669276535898917e-6
7477 1.2669276535898917e-6
7478 1.2670317953153145e-6
7479 1.2673426167503271e-6
7480 1.2669949447149845e-6
7481 1.2671423446715773e-6
7482 1.2671984218315183e-6
7483 1.2671984218315183e-6
7484 1.2674563723667374e-6
7485 1.2674387483260182e-6
7486 1.2673762635352373e-6
7487 1.2675893533203946e-6
7488 1.2672881433316418e-6
7489 1.2675284698261417e-6
7490 1.2676069773611136e-6
7491 1.2674275343608664e-6
7492 1.2682478480131137e-6
7493 1.267799238067768e-6
7494 1.2696705810316845e-6
7495 1.2702970320695672e-6
7496 1.270381947235379e-6
7497 1.2710100007921535e-6
7498 1.2704556472136754e-6
7499 1.2704556472136754e-6
7500 1.2704556472136754e-6
7501 1.2704556472136754e-6
7502 1.2704556472136754e-6
7503 1.2704556472136754e-6
7504 1.2704556472136754e-6
7505 1.2704556472136754e-6
7506 1.2704556472136754e-6
7507 1.2704556472136754e-6
7508 1.2704556472136754e-6
7509 1.2704556472136754e-6
7510 1.2704556472136754e-6
7511 1.2704556472136754e-6
7512 1.2704556472136754e-6
7513 1.2704556472136754e-6
7514 1.2704556472136754e-6
7515 1.2704556472136754e-6
7516 1.2704556472136754e-6
7517 1.2704556472136754e-6
7518 1.2704556472136754e-6
7519 1.2704556472136754e-6
7520 1.2704556472136754e-6
7521 1.2704556472136754e-6
7522 1.2704556472136754e-6
7523 1.2704556472136754e-6
7524 1.2704556472136754e-6
7525 1.2704556472136754e-6
7526 1.2704556472136754e-6
7527 1.2704556472136754e-6
7528 1.2704556472136754e-6
7529 1.2704556472136754e-6
7530 1.2704556472136754e-6
7531 1.2704556472136754e-6
7532 1.2704556472136754e-6
7533 1.2704556472136754e-6
7534 1.2704556472136754e-6
7535 1.2704556472136754e-6
7536 1.2704556472136754e-6
7537 1.2704556472136754e-6
7538 1.2704556472136754e-6
7539 1.2704556472136754e-6
7540 1.2704556472136754e-6
7541 1.27100199003124e-6
7542 1.27100199003124e-6
7543 1.2714746328705084e-6
7544 1.2715643543706319e-6
7545 1.2712599405664592e-6
7546 1.271902413737351e-6
7547 1.2731601221474283e-6
7548 1.273607129573882e-6
7549 1.2743441311903911e-6
7550 1.2743441311903911e-6
7551 1.2743441311903911e-6
7552 1.2743441311903911e-6
7553 1.2743441311903911e-6
7554 1.2743441311903911e-6
7555 1.2743441311903911e-6
7556 1.2743441311903911e-6
7557 1.2743441311903911e-6
7558 1.2743441311903911e-6
7559 1.2743441311903911e-6
7560 1.2743441311903911e-6
7561 1.2743441311903911e-6
7562 1.2743441311903911e-6
7563 1.2743441311903911e-6
7564 1.2743441311903911e-6
7565 1.2743441311903911e-6
7566 1.2743441311903911e-6
7567 1.2743441311903911e-6
7568 1.2743441311903911e-6
7569 1.2743441311903911e-6
7570 1.2743441311903911e-6
7571 1.2743441311903911e-6
7572 1.2743441311903911e-6
7573 1.2743441311903911e-6
7574 1.2743441311903911e-6
7575 1.2743441311903911e-6
7576 1.2743441311903911e-6
7577 1.2743441311903911e-6
7578 1.2743441311903911e-6
7579 1.2743441311903911e-6
7580 1.2743441311903911e-6
7581 1.2743441311903911e-6
7582 1.2743441311903911e-6
7583 1.2743441311903911e-6
7584 1.2743441311903911e-6
7585 1.2743441311903911e-6
7586 1.2743441311903911e-6
7587 1.2747574930542983e-6
7588 1.2747142336007646e-6
7589 1.2746165019509093e-6
7590 1.2751307992800919e-6
7591 1.275105165089641e-6
7592 1.275105165089641e-6
7593 1.275105165089641e-6
7594 1.275105165089641e-6
7595 1.2760969128147673e-6
7596 1.2759687381954218e-6
7597 1.2756915623229555e-6
7598 1.275619464863551e-6
7599 1.275619464863551e-6
7600 1.275619464863551e-6
7601 1.275619464863551e-6
7602 1.2759591255267982e-6
7603 1.2759591255267982e-6
7604 1.2759591255267982e-6
7605 1.2763692823529217e-6
7606 1.2763933152468444e-6
7607 1.2763933152468444e-6
7608 1.2766977278286535e-6
7609 1.2768419239698262e-6
7610 1.2766913189754498e-6
7611 1.2766720936382026e-6
7612 1.2767073417196407e-6
7613 1.2776029590914398e-6
7614 1.2776782609774461e-6
7615 1.2785306188957115e-6
7616 1.2809130559845724e-6
7617 1.2808874205717578e-6
7618 1.2808874205717578e-6
7619 1.2808874205717578e-6
7620 1.2810348205283506e-6
7621 1.2810348205283506e-6
7622 1.2804756612267424e-6
7623 1.280703171237199e-6
7624 1.2808345496719643e-6
7625 1.2814642051364487e-6
7626 1.281259126723387e-6
7627 1.281259126723387e-6
7628 1.281259126723387e-6
7629 1.281259126723387e-6
7630 1.281259126723387e-6
7631 1.2818903847067635e-6
7632 1.2825584920681061e-6
7633 1.2830263279618806e-6
7634 1.2847743026407634e-6
7635 1.284864024140887e-6
7636 1.2848960677957233e-6
7637 1.2859999680071862e-6
7638 1.2864982450369052e-6
7639 1.2865382994526553e-6
7640 1.2865382994526553e-6
7641 1.2865382994526553e-6
7642 1.2865382994526553e-6
7643 1.2865382994526553e-6
7644 1.2872801080146581e-6
7645 1.287664630039149e-6
7646 1.2899429247914053e-6
7647 1.2899429247914053e-6
7648 1.2889768118679116e-6
7649 1.2889768118679116e-6
7650 1.2889768118679116e-6
7651 1.2889768118679116e-6
7652 1.2889768118679116e-6
7653 1.2889768118679116e-6
7654 1.2889768118679116e-6
7655 1.2889768118679116e-6
7656 1.2889768118679116e-6
7657 1.2889768118679116e-6
7658 1.2889768118679116e-6
7659 1.2889768118679116e-6
7660 1.2889768118679116e-6
7661 1.2889768118679116e-6
7662 1.2889768118679116e-6
7663 1.2889768118679116e-6
7664 1.2889768118679116e-6
7665 1.2889768118679116e-6
7666 1.2889768118679116e-6
7667 1.2889768118679116e-6
7668 1.2889768118679116e-6
7669 1.2889768118679116e-6
7670 1.2889768118679116e-6
7671 1.2889768118679116e-6
7672 1.2889768118679116e-6
7673 1.2889768118679116e-6
7674 1.2889768118679116e-6
7675 1.2889768118679116e-6
7676 1.2889768118679116e-6
7677 1.2889768118679116e-6
7678 1.2889768118679116e-6
7679 1.2889768118679116e-6
7680 1.2889768118679116e-6
7681 1.2889768118679116e-6
7682 1.2889768118679116e-6
7683 1.2889768118679116e-6
7684 1.2889768118679116e-6
7685 1.2889768118679116e-6
7686 1.2898836432048625e-6
7687 1.2898836432048625e-6
7688 1.2903883290877853e-6
7689 1.2902024772343346e-6
7690 1.2902024772343346e-6
7691 1.2902024772343346e-6
7692 1.2902024772343346e-6
7693 1.2902024772343346e-6
7694 1.2902024772343346e-6
7695 1.2902024772343346e-6
7696 1.2902024772343346e-6
7697 1.2902024772343346e-6
7698 1.2906558935139918e-6
7699 1.2906558935139918e-6
7700 1.2906558935139918e-6
7701 1.2906558935139918e-6
7702 1.2908769946712446e-6
7703 1.2908769946712446e-6
7704 1.2908769946712446e-6
7705 1.2908769946712446e-6
7706 1.2908769946712446e-6
7707 1.2908769946712446e-6
7708 1.2908769946712446e-6
7709 1.2908769946712446e-6
7710 1.2908769946712446e-6
7711 1.2908769946712446e-6
7712 1.2924006649886365e-6
7713 1.2938842802790965e-6
7714 1.2941037783062754e-6
7715 1.2940092498606581e-6
7716 1.2960776604767227e-6
7717 1.2960776604767227e-6
7718 1.2960776604767227e-6
7719 1.2960776604767227e-6
7720 1.2971639372586483e-6
7721 1.29721520563955e-6
7722 1.2977134832804509e-6
7723 1.2977455269352873e-6
7724 1.2983559564513428e-6
7725 1.3003218266385128e-6
7726 1.3003218266385128e-6
7727 1.3003218266385128e-6
7728 1.3008793846435929e-6
7729 1.30069193027125e-6
7730 1.30117899089109e-6
7731 1.3017525710291792e-6
7732 1.3017862165917255e-6
7733 1.3036543545178583e-6
7734 1.3040869417190127e-6
7735 1.3040869417190127e-6
7736 1.3040869417190127e-6
7737 1.3040869417190127e-6
7738 1.3040869417190127e-6
7739 1.3040869417190127e-6
7740 1.3040869417190127e-6
7741 1.3040869417190127e-6
7742 1.3040869417190127e-6
7743 1.3040869417190127e-6
7744 1.3040869417190127e-6
7745 1.3040869417190127e-6
7746 1.3040869417190127e-6
7747 1.3040869417190127e-6
7748 1.3040869417190127e-6
7749 1.3040869417190127e-6
7750 1.3040869417190127e-6
7751 1.3040869417190127e-6
7752 1.3040869417190127e-6
7753 1.3040869417190127e-6
7754 1.3040869417190127e-6
7755 1.3040869417190127e-6
7756 1.3040869417190127e-6
7757 1.3040869417190127e-6
7758 1.3040869417190127e-6
7759 1.3040869417190127e-6
7760 1.3040869417190127e-6
7761 1.3040869417190127e-6
7762 1.3040869417190127e-6
7763 1.3040869417190127e-6
7764 1.3040869417190127e-6
7765 1.3040869417190127e-6
7766 1.3040869417190127e-6
7767 1.3040869417190127e-6
7768 1.3040869417190127e-6
7769 1.3040869417190127e-6
7770 1.3044794745044173e-6
7771 1.3045515731861856e-6
7772 1.304368923925791e-6
7773 1.304368923925791e-6
7774 1.304368923925791e-6
7775 1.3048768136241335e-6
7776 1.3054968576423582e-6
7777 1.3057451942865899e-6
7778 1.3060480061830527e-6
7779 1.3059935321531854e-6
7780 1.3057083449086235e-6
7781 1.3061954061396452e-6
7782 1.3071871532535896e-6
7783 1.310002178154787e-6
7784 1.3098756060543333e-6
7785 1.3098756060543333e-6
7786 1.3110676258582098e-6
7787 1.3110676258582098e-6
7788 1.3110676258582098e-6
7789 1.3116956788038026e-6
7790 1.3114281155999599e-6
7791 1.311604354784787e-6
7792 1.311604354784787e-6
7793 1.311604354784787e-6
7794 1.311604354784787e-6
7795 1.311604354784787e-6
7796 1.3125208000127252e-6
7797 1.3122147836896606e-6
7798 1.3129373663032344e-6
7799 1.3129165378359134e-6
7800 1.3144770575312715e-6
7801 1.3161240943001516e-6
7802 1.3161240943001516e-6
7803 1.3169524193244942e-6
7804 1.316636790332806e-6
7805 1.316636790332806e-6
7806 1.317364178058328e-6
7807 1.3170966142433033e-6
7808 1.3173577692051242e-6
7809 1.3171462825500406e-6
7810 1.3171462825500406e-6
7811 1.3171462825500406e-6
7812 1.3174506963542133e-6
7813 1.317498760919695e-6
7814 1.3178928962239915e-6
7815 1.3182742144330623e-6
7816 1.3194470082885097e-6
7817 1.3200093720167196e-6
7818 1.320802449570806e-6
7819 1.320802449570806e-6
7820 1.3198235195520869e-6
7821 1.3198235195520869e-6
7822 1.3191169596827041e-6
7823 1.3193508773240005e-6
7824 1.3193508773240005e-6
7825 1.3197882720818307e-6
7826 1.3197882720818307e-6
7827 1.3197882720818307e-6
7828 1.3197882720818307e-6
7829 1.3197882720818307e-6
7830 1.3202721288862506e-6
7831 1.320643833815516e-6
7832 1.3215586771357443e-6
7833 1.3248607626567815e-6
7834 1.3249392701917534e-6
7835 1.3250017549825343e-6
7836 1.3251155087653988e-6
7837 1.3254439554634942e-6
7838 1.3267433214193953e-6
7839 1.327928931758886e-6
7840 1.327928931758886e-6
7841 1.327928931758886e-6
7842 1.3287236112206824e-6
7843 1.3287236112206824e-6
7844 1.329574367231238e-6
7845 1.3296160235546979e-6
7846 1.329651271636136e-6
7847 1.330729537045966e-6
7848 1.3321714954017841e-6
7849 1.3321714954017841e-6
7850 1.3327851293444414e-6
7851 1.3328235812412996e-6
7852 1.3328235812412996e-6
7853 1.3328235812412996e-6
7854 1.3328235812412996e-6
7855 1.3335045075314134e-6
7856 1.3335045075314134e-6
7857 1.3335045075314134e-6
7858 1.334275154099287e-6
7859 1.334275154099287e-6
7860 1.334275154099287e-6
7861 1.334275154099287e-6
7862 1.334834314623259e-6
7863 1.334834314623259e-6
7864 1.3343728869715061e-6
7865 1.3343712844526143e-6
7866 1.3351114904957253e-6
7867 1.3375451977990336e-6
7868 1.3375451977990336e-6
7869 1.3375451977990336e-6
7870 1.3375451977990336e-6
7871 1.3375451977990336e-6
7872 1.3375451977990336e-6
7873 1.3375451977990336e-6
7874 1.3375451977990336e-6
7875 1.3383238557390026e-6
7876 1.3383238557390026e-6
7877 1.3389022403778579e-6
7878 1.338921466937469e-6
7879 1.338921466937469e-6
7880 1.3391121251252316e-6
7881 1.3391121251252316e-6
7882 1.3395975844485433e-6
7883 1.340243262046037e-6
7884 1.342186701858176e-6
7885 1.342305263808898e-6
7886 1.3425199548905834e-6
7887 1.3425199548905834e-6
7888 1.3442695314771761e-6
7889 1.344032409409278e-6
7890 1.3442999732243026e-6
7891 1.344110916333068e-6
7892 1.3439058373088242e-6
7893 1.3454150880120988e-6
7894 1.346033528289068e-6
7895 1.3466808077942716e-6
7896 1.3466808077942716e-6
7897 1.3463892116965062e-6
7898 1.3463860078810863e-6
7899 1.3463860078810863e-6
7900 1.3463860078810863e-6
7901 1.3463860078810863e-6
7902 1.3463860078810863e-6
7903 1.3463860078810863e-6
7904 1.3463860078810863e-6
7905 1.3463860078810863e-6
7906 1.3463860078810863e-6
7907 1.3463860078810863e-6
7908 1.3463860078810863e-6
7909 1.3463860078810863e-6
7910 1.3463860078810863e-6
7911 1.3463860078810863e-6
7912 1.3463860078810863e-6
7913 1.3463860078810863e-6
7914 1.3463860078810863e-6
7915 1.3463860078810863e-6
7916 1.3463860078810863e-6
7917 1.3463860078810863e-6
7918 1.3463860078810863e-6
7919 1.3463860078810863e-6
7920 1.3463860078810863e-6
7921 1.3463860078810863e-6
7922 1.3473825613293427e-6
7923 1.3473200759273798e-6
7924 1.3473024531090245e-6
7925 1.3484351913263581e-6
7926 1.3487524222257564e-6
7927 1.3494782080435683e-6
7928 1.3497666003259139e-6
7929 1.349641630744352e-6
7930 1.3500950470240093e-6
7931 1.3500950470240093e-6
7932 1.3500950470240093e-6
7933 1.3500950470240093e-6
7934 1.3500950470240093e-6
7935 1.3500950470240093e-6
7936 1.3500950470240093e-6
7937 1.3494349498123984e-6
7938 1.3494349498123984e-6
7939 1.3499764862956512e-6
7940 1.3501991887494321e-6
7941 1.350782380944963e-6
7942 1.3532465287730338e-6
7943 1.3532465287730338e-6
7944 1.3532465287730338e-6
7945 1.3532465287730338e-6
7946 1.3532465287730338e-6
7947 1.3532465287730338e-6
7948 1.353762429843472e-6
7949 1.3530734927924448e-6
7950 1.3538377317294786e-6
7951 1.3537768482352259e-6
7952 1.3539450772703215e-6
7953 1.3542831366370405e-6
7954 1.3563243093213986e-6
7955 1.3563243093213986e-6
7956 1.3563243093213986e-6
7957 1.3563243093213986e-6
7958 1.3563243093213986e-6
7959 1.3563243093213986e-6
7960 1.3570340736173832e-6
7961 1.3570340736173832e-6
7962 1.3570340736173832e-6
7963 1.3570340736173832e-6
7964 1.3571734634242442e-6
7965 1.3571734634242442e-6
7966 1.3571734634242442e-6
7967 1.3571734634242442e-6
7968 1.3571734634242442e-6
7969 1.3572471634025405e-6
7970 1.357360917796587e-6
7971 1.357360917796587e-6
7972 1.357360917796587e-6
7973 1.357360917796587e-6
7974 1.3576268797039017e-6
7975 1.3577678708072907e-6
7976 1.357458650668806e-6
7977 1.3574105848809606e-6
7978 1.357463457003118e-6
7979 1.357702180978726e-6
7980 1.3574650595220098e-6
7981 1.3576252771850098e-6
7982 1.3578383657478033e-6
7983 1.357718203722917e-6
7984 1.3585305072254325e-6
7985 1.3608344373905034e-6
7986 1.3608344373905034e-6
7987 1.3608344373905034e-6
7988 1.3608344373905034e-6
7989 1.3608344373905034e-6
7990 1.3608344373905034e-6
7991 1.3608344373905034e-6
7992 1.3608344373905034e-6
7993 1.3608344373905034e-6
7994 1.3608344373905034e-6
7995 1.3608344373905034e-6
7996 1.3608344373905034e-6
7997 1.3608344373905034e-6
7998 1.3608344373905034e-6
7999 1.3608344373905034e-6
8000 1.359762580833877e-6
8001 1.359700096043096e-6
8002 1.3595078347252596e-6
8003 1.3593155734074232e-6
8004 1.3593155734074232e-6
8005 1.3593155734074232e-6
8006 1.3593155734074232e-6
8007 1.3593155734074232e-6
8008 1.3593155734074232e-6
8009 1.3593155734074232e-6
8010 1.3593155734074232e-6
8011 1.3593155734074232e-6
8012 1.3593155734074232e-6
8013 1.3593155734074232e-6
8014 1.3593155734074232e-6
8015 1.3593155734074232e-6
8016 1.3593155734074232e-6
8017 1.3593155734074232e-6
8018 1.3593155734074232e-6
8019 1.3593155734074232e-6
8020 1.3593155734074232e-6
8021 1.3593155734074232e-6
8022 1.3593155734074232e-6
8023 1.3593155734074232e-6
8024 1.3593155734074232e-6
8025 1.3593155734074232e-6
8026 1.3593155734074232e-6
8027 1.3593155734074232e-6
8028 1.3593155734074232e-6
8029 1.3593155734074232e-6
8030 1.3593155734074232e-6
8031 1.3593155734074232e-6
8032 1.3593155734074232e-6
8033 1.3593155734074232e-6
8034 1.3593155734074232e-6
8035 1.3593155734074232e-6
8036 1.3593155734074232e-6
8037 1.3602464376382968e-6
8038 1.3603361591384203e-6
8039 1.3604963768014204e-6
8040 1.3603842249262658e-6
8041 1.3602079845190748e-6
8042 1.3602079845190748e-6
8043 1.3602079845190748e-6
8044 1.3602079845190748e-6
8045 1.3602079845190748e-6
8046 1.3602079845190748e-6
8047 1.3602079845190748e-6
8048 1.3602079845190748e-6
8049 1.3602079845190748e-6
8050 1.3610987943341984e-6
8051 1.3610987943341984e-6
8052 1.3610987943341984e-6
8053 1.3611885158343219e-6
8054 1.3611885158343219e-6
8055 1.3611885158343219e-6
8056 1.361829386486322e-6
8057 1.3621113699154638e-6
8058 1.3617797181795845e-6
8059 1.3620536914589945e-6
8060 1.3620488851246826e-6
8061 1.3627426272876581e-6
8062 1.3647101006049018e-6
8063 1.3653365510316026e-6
8064 1.3656409636134117e-6
8065 1.3656409636134117e-6
8066 1.3656409636134117e-6
8067 1.3656409636134117e-6
8068 1.3664052025504454e-6
8069 1.3666198936321308e-6
8070 1.3662449848874454e-6
8071 1.3664644835258063e-6
8072 1.3671245795150535e-6
8073 1.36839670815043e-6
8074 1.368294168943899e-6
8075 1.3688677484708061e-6
8076 1.370232802421726e-6
8077 1.370232802421726e-6
8078 1.370232802421726e-6
8079 1.370232802421726e-6
8080 1.370232802421726e-6
8081 1.370232802421726e-6
8082 1.370232802421726e-6
8083 1.3707583161607879e-6
8084 1.3712261520545624e-6
8085 1.3713591330082196e-6
8086 1.3728988242362567e-6
8087 1.373892173869093e-6
8088 1.373892173869093e-6
8089 1.3735092531411304e-6
8090 1.374576303363445e-6
8091 1.3751739151730932e-6
8092 1.3747557463636922e-6
8093 1.3747557463636922e-6
8094 1.3747557463636922e-6
8095 1.3747557463636922e-6
8096 1.3753245195562877e-6
8097 1.376000638289726e-6
8098 1.378224459623297e-6
8099 1.3781491565149268e-6
8100 1.3784760006941304e-6
8101 1.3782132444357813e-6
8102 1.3782132444357813e-6
8103 1.3782132444357813e-6
8104 1.3782132444357813e-6
8105 1.3782132444357813e-6
8106 1.3782132444357813e-6
8107 1.3782132444357813e-6
8108 1.3782132444357813e-6
8109 1.3796856451499077e-6
8110 1.3800445323727657e-6
8111 1.3818181418532812e-6
8112 1.3833225862222438e-6
8113 1.3827297807469072e-6
8114 1.3826208326871727e-6
8115 1.3826785111436417e-6
8116 1.382691328850049e-6
8117 1.382731383265799e-6
8118 1.3829172351192498e-6
8119 1.3825359175213607e-6
8120 1.382849943994157e-6
8121 1.383450760230407e-6
8122 1.3834026956649252e-6
8123 1.3832152400702188e-6
8124 1.3831719818390489e-6
8125 1.3832088312170152e-6
8126 1.3832184451080027e-6
8127 1.3832184451080027e-6
8128 1.3837647879255674e-6
8129 1.3839105859744502e-6
8130 1.3835853437029565e-6
8131 1.3835853437029565e-6
8132 1.3835853437029565e-6
8133 1.3835853437029565e-6
8134 1.384559466776182e-6
8135 1.3860895453355955e-6
8136 1.3872479189657438e-6
8137 1.3872479189657438e-6
8138 1.3872479189657438e-6
8139 1.3872479189657438e-6
8140 1.3872479189657438e-6
8141 1.3872479189657438e-6
8142 1.3872479189657438e-6
8143 1.3872479189657438e-6
8144 1.3872479189657438e-6
8145 1.3872479189657438e-6
8146 1.3872479189657438e-6
8147 1.3872479189657438e-6
8148 1.3880762427677226e-6
8149 1.3880762427677226e-6
8150 1.3880762427677226e-6
8151 1.3889286019083518e-6
8152 1.3889286019083518e-6
8153 1.3901494609404627e-6
8154 1.3901494609404627e-6
8155 1.3904298418507127e-6
8156 1.3905067456444289e-6
8157 1.3905067456444289e-6
8158 1.3905067456444289e-6
8159 1.3905067456444289e-6
8160 1.3905067456444289e-6
8161 1.3905067456444289e-6
8162 1.3905403912069752e-6
8163 1.3907006088699752e-6
8164 1.3918557780735217e-6
8165 1.391706775598037e-6
8166 1.3919935653614908e-6
8167 1.391695559188158e-6
8168 1.39169075407621e-6
8169 1.39169075407621e-6
8170 1.391831745179599e-6
8171 1.3921169336465245e-6
8172 1.3924565955321353e-6
8173 1.3921425678369752e-6
8174 1.391782079317589e-6
8175 1.3918862210430118e-6
8176 1.3926472543310799e-6
8177 1.392429357600429e-6
8178 1.3948983123739936e-6
8179 1.3951947154172527e-6
8180 1.3951947154172527e-6
8181 1.3951947154172527e-6
8182 1.3951947154172527e-6
8183 1.3951947154172527e-6
8184 1.3951947154172527e-6
8185 1.3951947154172527e-6
8186 1.3951947154172527e-6
8187 1.3951947154172527e-6
8188 1.3951947154172527e-6
8189 1.3951947154172527e-6
8190 1.3955327747839717e-6
8191 1.396007018919768e-6
8192 1.396125580259308e-6
8193 1.396125580259308e-6
8194 1.396125580259308e-6
8195 1.396125580259308e-6
8196 1.396125580259308e-6
8197 1.396125580259308e-6
8198 1.396125580259308e-6
8199 1.396125580259308e-6
8200 1.3964011536128825e-6
8201 1.396747224351697e-6
8202 1.3975803563215334e-6
8203 1.3993763955658978e-6
8204 1.3994597094351816e-6
8205 1.3999099206770552e-6
8206 1.3999099206770552e-6
8207 1.3999099206770552e-6
8208 1.3999099206770552e-6
8209 1.3999099206770552e-6
8210 1.4003200775031787e-6
8211 1.4003200775031787e-6
8212 1.400970562046166e-6
8213 1.4010074114241324e-6
8214 1.400675760910617e-6
8215 1.400675760910617e-6
8216 1.4011211658181786e-6
8217 1.4021369464372277e-6
8218 1.4028787543880486e-6
8219 1.4047661182626105e-6
8220 1.4047661182626105e-6
8221 1.4047661182626105e-6
8222 1.4047661182626105e-6
8223 1.4047661182626105e-6
8224 1.4047661182626105e-6
8225 1.4047661182626105e-6
8226 1.4047661182626105e-6
8227 1.4047661182626105e-6
8228 1.4047661182626105e-6
8229 1.4047661182626105e-6
8230 1.4047661182626105e-6
8231 1.4047661182626105e-6
8232 1.4052708041455333e-6
8233 1.4052708041455333e-6
8234 1.4055832293218016e-6
8235 1.4053893660962552e-6
8236 1.4053877635773634e-6
8237 1.406339456275558e-6
8238 1.4081675397859407e-6
8239 1.4090663609731599e-6
8240 1.4090663609731599e-6
8241 1.4090663609731599e-6
8242 1.4090663609731599e-6
8243 1.409828996168938e-6
8244 1.409828996168938e-6
8245 1.409828996168938e-6
8246 1.409828996168938e-6
8247 1.4102744010764996e-6
8248 1.4102744010764996e-6
8249 1.4102744010764996e-6
8250 1.4108143350408606e-6
8251 1.4106172679998942e-6
8252 1.4106172679998942e-6
8253 1.4106172679998942e-6
8254 1.4106172679998942e-6
8255 1.4106172679998942e-6
8256 1.4106172679998942e-6
8257 1.4106172679998942e-6
8258 1.4106172679998942e-6
8259 1.4106172679998942e-6
8260 1.4106172679998942e-6
8261 1.4106172679998942e-6
8262 1.4106172679998942e-6
8263 1.4106172679998942e-6
8264 1.4106172679998942e-6
8265 1.4106172679998942e-6
8266 1.4106172679998942e-6
8267 1.4106172679998942e-6
8268 1.4106172679998942e-6
8269 1.4106172679998942e-6
8270 1.4106172679998942e-6
8271 1.4106172679998942e-6
8272 1.4106172679998942e-6
8273 1.4106172679998942e-6
8274 1.4106172679998942e-6
8275 1.4106172679998942e-6
8276 1.4108784223505331e-6
8277 1.4114584107306441e-6
8278 1.4112533310952185e-6
8279 1.411283772842345e-6
8280 1.411283772842345e-6
8281 1.4113558703017495e-6
8282 1.4113558703017495e-6
8283 1.4114568069893887e-6
8284 1.4114568069893887e-6
8285 1.4118269093997624e-6
8286 1.4115849803863706e-6
8287 1.411996739731386e-6
8288 1.4121072903100123e-6
8289 1.413738306168247e-6
8290 1.4155888206648425e-6
8291 1.4155872181459506e-6
8292 1.4155872181459506e-6
8293 1.4155872181459506e-6
8294 1.4158131256375152e-6
8295 1.4156208649308608e-6
8296 1.4156208649308608e-6
8297 1.4156208649308608e-6
8298 1.4156208649308608e-6
8299 1.4158563838686852e-6
8300 1.4158868256158116e-6
8301 1.4158868256158116e-6
8302 1.416221679944747e-6
8303 1.4168545404470153e-6
8304 1.4183926297673425e-6
8305 1.4189373694548334e-6
8306 1.4194468622832498e-6
8307 1.4194468622832498e-6
8308 1.4194468622832498e-6
8309 1.4194468622832498e-6
8310 1.4194468622832498e-6
8311 1.4194468622832498e-6
8312 1.4194468622832498e-6
8313 1.4194468622832498e-6
8314 1.4194468622832498e-6
8315 1.4194468622832498e-6
8316 1.4194468622832498e-6
8317 1.420626064380719e-6
8318 1.4204113732990336e-6
8319 1.4204898796116417e-6
8320 1.4203681150678635e-6
8321 1.4208087136411135e-6
8322 1.421564939983688e-6
8323 1.42248619215712e-6
8324 1.4227201097984164e-6
8325 1.423107836860691e-6
8326 1.423024523602589e-6
8327 1.4230805995401663e-6
8328 1.4230581691651354e-6
8329 1.4230757932058546e-6
8330 1.423585285423089e-6
8331 1.42440880411312e-6
8332 1.4246603457951354e-6
8333 1.426547710280879e-6
8334 1.4270139436557616e-6
8335 1.4271132790468725e-6
8336 1.428074583191327e-6
8337 1.4278903326344042e-6
8338 1.4285440209928115e-6
8339 1.429354722587617e-6
8340 1.4294844985034905e-6
8341 1.4297905142153731e-6
8342 1.4302343172152249e-6
8343 1.4307902727014132e-6
8344 1.4308992213723296e-6
8345 1.4310129751551941e-6
8346 1.4310129751551941e-6
8347 1.4308078967421323e-6
8348 1.4304041481580304e-6
8349 1.4304041481580304e-6
8350 1.4303272431419504e-6
8351 1.4303272431419504e-6
8352 1.4303272431419504e-6
8353 1.4303272431419504e-6
8354 1.4303272431419504e-6
8355 1.4303272431419504e-6
8356 1.4303272431419504e-6
8357 1.4303272431419504e-6
8358 1.4303272431419504e-6
8359 1.4303272431419504e-6
8360 1.4303272431419504e-6
8361 1.4308623707719996e-6
8362 1.431072256741737e-6
8363 1.4311315364947341e-6
8364 1.4314023041251786e-6
8365 1.4314231325924996e-6
8366 1.4317515786794133e-6
8367 1.434039486711475e-6
8368 1.434039486711475e-6
8369 1.434039486711475e-6
8370 1.434039486711475e-6
8371 1.434039486711475e-6
8372 1.434039486711475e-6
8373 1.4348902421108486e-6
8374 1.4350344382520213e-6
8375 1.436463580123796e-6
8376 1.4375001879878023e-6
8377 1.4376956537322405e-6
8378 1.4376956537322405e-6
8379 1.4376956537322405e-6
8380 1.4376956537322405e-6
8381 1.4376956537322405e-6
8382 1.4376956537322405e-6
8383 1.4376956537322405e-6
8384 1.4376956537322405e-6
8385 1.4376956537322405e-6
8386 1.4376956537322405e-6
8387 1.4376956537322405e-6
8388 1.4376956537322405e-6
8389 1.4376956537322405e-6
8390 1.4376956537322405e-6
8391 1.4376956537322405e-6
8392 1.4376956537322405e-6
8393 1.4376956537322405e-6
8394 1.4376956537322405e-6
8395 1.4376956537322405e-6
8396 1.4376956537322405e-6
8397 1.4376956537322405e-6
8398 1.4376956537322405e-6
8399 1.4376956537322405e-6
8400 1.4376956537322405e-6
8401 1.4376956537322405e-6
8402 1.438084982702225e-6
8403 1.4385351939440986e-6
8404 1.4384775154876296e-6
8405 1.438027304245756e-6
8406 1.438027304245756e-6
8407 1.438027304245756e-6
8408 1.438027304245756e-6
8409 1.4389581684766297e-6
8410 1.4392401519057715e-6
8411 1.4391055684332224e-6
8412 1.4391055684332224e-6
8413 1.4394964986997351e-6
8414 1.439701577112797e-6
8415 1.440118143403306e-6
8416 1.4397832884631889e-6
8417 1.4415729194655314e-6
8418 1.4432151505112815e-6
8419 1.4433513352803588e-6
8420 1.443465090285587e-6
8421 1.4434538750980715e-6
8422 1.4433737656553897e-6
8423 1.4433337124620034e-6
8424 1.4435371883561734e-6
8425 1.4435371883561734e-6
8426 1.4435371883561734e-6
8427 1.4435371883561734e-6
8428 1.4435371883561734e-6
8429 1.444703573358417e-6
8430 1.4447932948585405e-6
8431 1.4457497945022287e-6
8432 1.4471693230941978e-6
8433 1.4473167236619724e-6
8434 1.4484686890500988e-6
8435 1.4484686890500988e-6
8436 1.448864426873287e-6
8437 1.450288761799568e-6
8438 1.4512196260304417e-6
8439 1.4518829276686546e-6
8440 1.4518829276686546e-6
8441 1.4514775771768428e-6
8442 1.4514775771768428e-6
8443 1.4514775771768428e-6
8444 1.4514775771768428e-6
8445 1.4520639731877937e-6
8446 1.4527945659510992e-6
8447 1.4522418148915129e-6
8448 1.4523155148698092e-6
8449 1.4545745842848184e-6
8450 1.4548822019044111e-6
8451 1.4552122505102167e-6
8452 1.455763399662093e-6
8453 1.455763399662093e-6
8454 1.455763399662093e-6
8455 1.455763399662093e-6
8456 1.455763399662093e-6
8457 1.455763399662093e-6
8458 1.455763399662093e-6
8459 1.455763399662093e-6
8460 1.455763399662093e-6
8461 1.455763399662093e-6
8462 1.455763399662093e-6
8463 1.455763399662093e-6
8464 1.455763399662093e-6
8465 1.455763399662093e-6
8466 1.455763399662093e-6
8467 1.455763399662093e-6
8468 1.455763399662093e-6
8469 1.455763399662093e-6
8470 1.455763399662093e-6
8471 1.455763399662093e-6
8472 1.455763399662093e-6
8473 1.455763399662093e-6
8474 1.455763399662093e-6
8475 1.455763399662093e-6
8476 1.455763399662093e-6
8477 1.455763399662093e-6
8478 1.455763399662093e-6
8479 1.455763399662093e-6
8480 1.455763399662093e-6
8481 1.455763399662093e-6
8482 1.455763399662093e-6
8483 1.455763399662093e-6
8484 1.4563369791890003e-6
8485 1.456226428610374e-6
8486 1.4560117375286886e-6
8487 1.4560373717191395e-6
8488 1.4560373717191395e-6
8489 1.4560373717191395e-6
8490 1.4560373717191395e-6
8491 1.4572518218980468e-6
8492 1.4582948392264387e-6
8493 1.459406750198815e-6
8494 1.4602334727042659e-6
8495 1.4602334727042659e-6
8496 1.4602334727042659e-6
8497 1.4590254307673804e-6
8498 1.4590254307673804e-6
8499 1.4585752195255068e-6
8500 1.4585752195255068e-6
8501 1.4585752195255068e-6
8502 1.4585752195255068e-6
8503 1.4585752195255068e-6
8504 1.4585752195255068e-6
8505 1.4585752195255068e-6
8506 1.459770443144803e-6
8507 1.4621977409837259e-6
8508 1.4633240715702196e-6
8509 1.4633240715702196e-6
8510 1.4633240715702196e-6
8511 1.4633240715702196e-6
8512 1.4633240715702196e-6
8513 1.4633240715702196e-6
8514 1.4633240715702196e-6
8515 1.4633240715702196e-6
8516 1.4633240715702196e-6
8517 1.4633240715702196e-6
8518 1.4633240715702196e-6
8519 1.4633240715702196e-6
8520 1.4633240715702196e-6
8521 1.4633240715702196e-6
8522 1.4633240715702196e-6
8523 1.4633240715702196e-6
8524 1.4633240715702196e-6
8525 1.4635243436489697e-6
8526 1.4638111334124234e-6
8527 1.463940909328297e-6
8528 1.4635932360705905e-6
8529 1.463641301858436e-6
8530 1.463641301858436e-6
8531 1.4642917851790596e-6
8532 1.4646362533989824e-6
8533 1.4660942351101733e-6
8534 1.4664979830830933e-6
8535 1.4677572940120624e-6
8536 1.4677572940120624e-6
8537 1.4677572940120624e-6
8538 1.4677572940120624e-6
8539 1.4679639737216524e-6
8540 1.4679639737216524e-6
8541 1.4679639737216524e-6
8542 1.4679639737216524e-6
8543 1.4679639737216524e-6
8544 1.4679639737216524e-6
8545 1.4679639737216524e-6
8546 1.4679639737216524e-6
8547 1.4679639737216524e-6
8548 1.4679639737216524e-6
8549 1.468492691276134e-6
8550 1.468833955680637e-6
8551 1.470674856897427e-6
8552 1.4724260366140935e-6
8553 1.473900038624748e-6
8554 1.475282716616387e-6
8555 1.4755582911923253e-6
8556 1.4761286669038127e-6
8557 1.4761286669038127e-6
8558 1.4761286669038127e-6
8559 1.4761286669038127e-6
8560 1.4761286669038127e-6
8561 1.4761286669038127e-6
8562 1.4761286669038127e-6
8563 1.4761286669038127e-6
8564 1.4770146703846244e-6
8565 1.4773158803733772e-6
8566 1.47765874668559e-6
8567 1.4789484987505037e-6
8568 1.4797960497232755e-6
8569 1.4810297264617938e-6
8570 1.4810297264617938e-6
8571 1.4810297264617938e-6
8572 1.4810297264617938e-6
8573 1.4810297264617938e-6
8574 1.4810297264617938e-6
8575 1.4810297264617938e-6
8576 1.4815424224944484e-6
8577 1.4838255241921983e-6
8578 1.4842404879638156e-6
8579 1.4845032448333464e-6
8580 1.4845032448333464e-6
8581 1.4845032448333464e-6
8582 1.4845032448333464e-6
8583 1.4845032448333464e-6
8584 1.4845032448333464e-6
8585 1.4845032448333464e-6
8586 1.4845032448333464e-6
8587 1.4845032448333464e-6
8588 1.4845032448333464e-6
8589 1.4845032448333464e-6
8590 1.4845032448333464e-6
8591 1.48478683078138e-6
8592 1.4846907004280529e-6
8593 1.4850848357323493e-6
8594 1.4872670001312783e-6
8595 1.4877059967968184e-6
8596 1.487755664492374e-6
8597 1.4875489829492384e-6
8598 1.4891848057529667e-6
8599 1.4912051505811858e-6
8600 1.4921744673200994e-6
8601 1.4936212326214112e-6
8602 1.4936212326214112e-6
8603 1.4936212326214112e-6
8604 1.4936212326214112e-6
8605 1.4936212326214112e-6
8606 1.4936212326214112e-6
8607 1.4936212326214112e-6
8608 1.4936212326214112e-6
8609 1.4936212326214112e-6
8610 1.4936212326214112e-6
8611 1.4936212326214112e-6
8612 1.4936212326214112e-6
8613 1.4936212326214112e-6
8614 1.4936212326214112e-6
8615 1.4942444792326921e-6
8616 1.4958722912755067e-6
8617 1.4964298486694049e-6
8618 1.4978589893188157e-6
8619 1.4978589893188157e-6
8620 1.4978589893188157e-6
8621 1.4978589893188157e-6
8622 1.4978589893188157e-6
8623 1.4978589893188157e-6
8624 1.4978589893188157e-6
8625 1.4978589893188157e-6
8626 1.4978589893188157e-6
8627 1.4978589893188157e-6
8628 1.4978589893188157e-6
8629 1.4978589893188157e-6
8630 1.4978589893188157e-6
8631 1.4978589893188157e-6
8632 1.4978589893188157e-6
8633 1.4978589893188157e-6
8634 1.4981409715255937e-6
8635 1.498112132297359e-6
8636 1.4987530029493591e-6
8637 1.5013965943888591e-6
8638 1.5034682082091618e-6
8639 1.5060797566050074e-6
8640 1.5060797566050074e-6
8641 1.5068840487354273e-6
8642 1.5084221380557545e-6
8643 1.5091927858459918e-6
8644 1.5101653070115072e-6
8645 1.5101653070115072e-6
8646 1.5101653070115072e-6
8647 1.5101653070115072e-6
8648 1.5101653070115072e-6
8649 1.5101653070115072e-6
8650 1.5101653070115072e-6
8651 1.5101653070115072e-6
8652 1.5101653070115072e-6
8653 1.5109039105357263e-6
8654 1.5110416978236955e-6
8655 1.51083181246514e-6
8656 1.512440397337162e-6
8657 1.5136660627035847e-6
8658 1.5153755848744273e-6
8659 1.515968390349764e-6
8660 1.5167118002082948e-6
8661 1.5183524293463347e-6
8662 1.5183524293463347e-6
8663 1.5183524293463347e-6
8664 1.517842937740282e-6
8665 1.517842937740282e-6
8666 1.517842937740282e-6
8667 1.5181569642130782e-6
8668 1.5204977449784793e-6
8669 1.522186439293183e-6
8670 1.522186439293183e-6
8671 1.5233704477249638e-6
8672 1.5230516149178556e-6
8673 1.5243557865968864e-6
8674 1.5258410044062382e-6
8675 1.5273534595361147e-6
8676 1.5273534595361147e-6
8677 1.5273534595361147e-6
8678 1.5273534595361147e-6
8679 1.5273534595361147e-6
8680 1.5273534595361147e-6
8681 1.5273534595361147e-6
8682 1.5277395834683155e-6
8683 1.527864554272241e-6
8684 1.5290020994350683e-6
8685 1.5304552735895837e-6
8686 1.5318011015920745e-6
8687 1.5318011015920745e-6
8688 1.5318011015920745e-6
8689 1.5318011015920745e-6
8690 1.5318011015920745e-6
8691 1.5318011015920745e-6
8692 1.5318011015920745e-6
8693 1.5318011015920745e-6
8694 1.5318011015920745e-6
8695 1.5318011015920745e-6
8696 1.5330684238931392e-6
8697 1.5352521901997782e-6
8698 1.536077310797519e-6
8699 1.536077310797519e-6
8700 1.536077310797519e-6
8701 1.536077310797519e-6
8702 1.5372709318979235e-6
8703 1.5371956306230991e-6
8704 1.5371780053600163e-6
8705 1.5371780053600163e-6
8706 1.5371780053600163e-6
8707 1.5375593229579055e-6
8708 1.538368422645001e-6
8709 1.5380816328815472e-6
8710 1.5380608050254082e-6
8711 1.5382226245961181e-6
8712 1.5386824491177972e-6
8713 1.5399225347095191e-6
8714 1.5406755572366736e-6
8715 1.5406755572366736e-6
8716 1.5406755572366736e-6
8717 1.5424171236735346e-6
8718 1.54234823002955e-6
8719 1.543472958097152e-6
8720 1.5438542763062228e-6
8721 1.5453090523684482e-6
8722 1.5453090523684482e-6
8723 1.5453090523684482e-6
8724 1.5453090523684482e-6
8725 1.5453090523684482e-6
8726 1.5453090523684482e-6
8727 1.5453090523684482e-6
8728 1.5453090523684482e-6
8729 1.5453090523684482e-6
8730 1.5453090523684482e-6
8731 1.5453090523684482e-6
8732 1.5453090523684482e-6
8733 1.5453090523684482e-6
8734 1.5453090523684482e-6
8735 1.5453090523684482e-6
8736 1.5453090523684482e-6
8737 1.5453090523684482e-6
8738 1.5453090523684482e-6
8739 1.5453090523684482e-6
8740 1.5453090523684482e-6
8741 1.5453090523684482e-6
8742 1.5453090523684482e-6
8743 1.5453090523684482e-6
8744 1.5453090523684482e-6
8745 1.5453090523684482e-6
8746 1.5453090523684482e-6
8747 1.5453090523684482e-6
8748 1.5453090523684482e-6
8749 1.5453090523684482e-6
8750 1.5453090523684482e-6
8751 1.5453090523684482e-6
8752 1.5453090523684482e-6
8753 1.5447466886402383e-6
8754 1.5449437562923864e-6
8755 1.5448267968605563e-6
8756 1.5451664587461671e-6
8757 1.5449004968388524e-6
8758 1.5448300018983397e-6
8759 1.544805969004417e-6
8760 1.5451600498929634e-6
8761 1.5451600498929634e-6
8762 1.5451600498929634e-6
8763 1.5451600498929634e-6
8764 1.5451600498929634e-6
8765 1.5451600498929634e-6
8766 1.5451600498929634e-6
8767 1.5451600498929634e-6
8768 1.5451600498929634e-6
8769 1.5451600498929634e-6
8770 1.5451600498929634e-6
8771 1.5451600498929634e-6
8772 1.5451600498929634e-6
8773 1.5451600498929634e-6
8774 1.5451600498929634e-6
8775 1.5451600498929634e-6
8776 1.5451600498929634e-6
8777 1.5451600498929634e-6
8778 1.5451600498929634e-6
8779 1.5451600498929634e-6
8780 1.5451600498929634e-6
8781 1.5451600498929634e-6
8782 1.5451600498929634e-6
8783 1.5451600498929634e-6
8784 1.5451600498929634e-6
8785 1.5451600498929634e-6
8786 1.5451600498929634e-6
8787 1.5451600498929634e-6
8788 1.546310412151016e-6
8789 1.5486656119193524e-6
8790 1.5483019177510005e-6
8791 1.5496813919272198e-6
8792 1.5504664587203925e-6
8793 1.5500627101362906e-6
8794 1.550352704326346e-6
8795 1.5514437862202198e-6
8796 1.5536628012194788e-6
8797 1.5536628012194788e-6
8798 1.5531981697523061e-6
8799 1.5530892216925716e-6
8800 1.5530411565159079e-6
8801 1.5530411565159079e-6
8802 1.5530411565159079e-6
8803 1.5530411565159079e-6
8804 1.5530411565159079e-6
8805 1.5530411565159079e-6
8806 1.5530411565159079e-6
8807 1.5530411565159079e-6
8808 1.5530411565159079e-6
8809 1.5530411565159079e-6
8810 1.5530411565159079e-6
8811 1.5530411565159079e-6
8812 1.5530411565159079e-6
8813 1.5530411565159079e-6
8814 1.5535458423988306e-6
8815 1.5542395845618061e-6
8816 1.5563560597433525e-6
8817 1.5576906725583279e-6
8818 1.5576906725583279e-6
8819 1.5576906725583279e-6
8820 1.5576906725583279e-6
8821 1.5585109874329388e-6
8822 1.5586247418269852e-6
8823 1.558426072267127e-6
8824 1.5602749836336487e-6
8825 1.5608405523996423e-6
8826 1.5611978377147904e-6
8827 1.5611978377147904e-6
8828 1.5611978377147904e-6
8829 1.5611978377147904e-6
8830 1.5611978377147904e-6
8831 1.5607748631822596e-6
8832 1.5607748631822596e-6
8833 1.559986592573667e-6
8834 1.559986592573667e-6
8835 1.559986592573667e-6
8836 1.559986592573667e-6
8837 1.559986592573667e-6
8838 1.559986592573667e-6
8839 1.559986592573667e-6
8840 1.559986592573667e-6
8841 1.559986592573667e-6
8842 1.559986592573667e-6
8843 1.559986592573667e-6
8844 1.559986592573667e-6
8845 1.559986592573667e-6
8846 1.5604960860132653e-6
8847 1.5616208128585034e-6
8848 1.5632438179558243e-6
8849 1.5636651905806452e-6
8850 1.5632245926185771e-6
8851 1.5635354140535897e-6
8852 1.5641810910399015e-6
8853 1.5641810910399015e-6
8854 1.5641810910399015e-6
8855 1.5641810910399015e-6
8856 1.5641810910399015e-6
8857 1.5641810910399015e-6
8858 1.5641810910399015e-6
8859 1.5641810910399015e-6
8860 1.5641810910399015e-6
8861 1.5641810910399015e-6
8862 1.5641810910399015e-6
8863 1.5641810910399015e-6
8864 1.5641810910399015e-6
8865 1.5641810910399015e-6
8866 1.5641810910399015e-6
8867 1.5641810910399015e-6
8868 1.5641810910399015e-6
8869 1.5641810910399015e-6
8870 1.5641810910399015e-6
8871 1.5641810910399015e-6
8872 1.5641810910399015e-6
8873 1.5648235629884296e-6
8874 1.5648235629884296e-6
8875 1.5655012830183958e-6
8876 1.5660011625670067e-6
8877 1.5678308485962813e-6
8878 1.5692151284956303e-6
8879 1.5692151284956303e-6
8880 1.5692151284956303e-6
8881 1.5692151284956303e-6
8882 1.5692151284956303e-6
8883 1.5692151284956303e-6
8884 1.5692151284956303e-6
8885 1.5696348979903774e-6
8886 1.5702998027586638e-6
8887 1.5705353223076702e-6
8888 1.5721935748752473e-6
8889 1.5722095970082564e-6
8890 1.5719452376198335e-6
8891 1.5729273720651544e-6
8892 1.572594119032747e-6
8893 1.572174348315636e-6
8894 1.572155122978389e-6
8895 1.5720189375981297e-6
8896 1.572057389494988e-6
8897 1.5722704798913272e-6
8898 1.5725043975326236e-6
8899 1.572297715989488e-6
8900 1.5724387083152409e-6
8901 1.5724387083152409e-6
8902 1.5724387083152409e-6
8903 1.5724387083152409e-6
8904 1.5724387083152409e-6
8905 1.5724387083152409e-6
8906 1.57546361735263e-6
8907 1.5759410659150281e-6
8908 1.5760836601484909e-6
8909 1.5759250443932008e-6
8910 1.5762871360426608e-6
8911 1.5762871360426608e-6
8912 1.5762871360426608e-6
8913 1.5762871360426608e-6
8914 1.5762871360426608e-6
8915 1.5762871360426608e-6
8916 1.5762871360426608e-6
8917 1.5762871360426608e-6
8918 1.5762871360426608e-6
8919 1.5762871360426608e-6
8920 1.5767485624720498e-6
8921 1.576519452387429e-6
8922 1.576519452387429e-6
8923 1.576519452387429e-6
8924 1.576519452387429e-6
8925 1.576519452387429e-6
8926 1.576519452387429e-6
8927 1.577557663381509e-6
8928 1.5776938481505862e-6
8929 1.57790373289796e-6
8930 1.5774519191371945e-6
8931 1.5779453898326018e-6
8932 1.5781889207537037e-6
8933 1.5781953289957255e-6
8934 1.5780527359846266e-6
8935 1.5775144039279756e-6
8936 1.5774743495122255e-6
8937 1.5774743495122255e-6
8938 1.577825226585352e-6
8939 1.5783251049115993e-6
8940 1.5785269795092412e-6
8941 1.5785269795092412e-6
8942 1.5785269795092412e-6
8943 1.5785269795092412e-6
8944 1.5795011019712848e-6
8945 1.5791518274170503e-6
8946 1.5792623779956767e-6
8947 1.5813788543995867e-6
8948 1.5822248034646485e-6
8949 1.5826798216520158e-6
8950 1.5826798216520158e-6
8951 1.5826798216520158e-6
8952 1.5836603541896267e-6
8953 1.5836058807709413e-6
8954 1.5836523428175313e-6
8955 1.584559174765664e-6
8956 1.5853794896402749e-6
8957 1.5859931235829322e-6
8958 1.5873357477700031e-6
8959 1.5873357477700031e-6
8960 1.5873357477700031e-6
8961 1.5873357477700031e-6
8962 1.5873357477700031e-6
8963 1.5873357477700031e-6
8964 1.5873357477700031e-6
8965 1.5873357477700031e-6
8966 1.5873357477700031e-6
8967 1.5873357477700031e-6
8968 1.5873357477700031e-6
8969 1.5873357477700031e-6
8970 1.589300016660645e-6
8971 1.5894906754595896e-6
8972 1.589522719114426e-6
8973 1.590051436668908e-6
8974 1.5900898885657661e-6
8975 1.5902661277505933e-6
8976 1.5933919746979852e-6
8977 1.5938197561760096e-6
8978 1.5956894960098523e-6
8979 1.5956991092896578e-6
8980 1.5962294293630313e-6
8981 1.5971202397893368e-6
8982 1.5977755300554541e-6
8983 1.5977755300554541e-6
8984 1.5994017408017407e-6
8985 1.6000650418287716e-6
8986 1.6003630461685589e-6
8987 1.6015935178692933e-6
8988 1.6019235664750989e-6
8989 1.604712954129936e-6
8990 1.6050526160155468e-6
8991 1.604967700849735e-6
8992 1.6044822403040594e-6
8993 1.6060844169340594e-6
8994 1.6062558497845749e-6
8995 1.6068166116050748e-6
8996 1.607053734284155e-6
8997 1.607053734284155e-6
8998 1.607053734284155e-6
8999 1.607053734284155e-6
9000 1.607053734284155e-6
9001 1.607053734284155e-6
9002 1.607053734284155e-6
9003 1.607053734284155e-6
9004 1.607053734284155e-6
9005 1.607053734284155e-6
9006 1.607053734284155e-6
9007 1.607053734284155e-6
9008 1.6073613519037477e-6
9009 1.608431606552664e-6
9010 1.609431365038704e-6
9011 1.6105176405982658e-6
9012 1.6101283116282813e-6
9013 1.6101283116282813e-6
9014 1.6101283116282813e-6
9015 1.6101283116282813e-6
9016 1.6101283116282813e-6
9017 1.6101283116282813e-6
9018 1.6101283116282813e-6
9019 1.6101283116282813e-6
9020 1.6101283116282813e-6
9021 1.6101283116282813e-6
9022 1.6101283116282813e-6
9023 1.6101283116282813e-6
9024 1.6101283116282813e-6
9025 1.6101283116282813e-6
9026 1.6090724765934822e-6
9027 1.6090724765934822e-6
9028 1.6090724765934822e-6
9029 1.6090724765934822e-6
9030 1.6090724765934822e-6
9031 1.6090724765934822e-6
9032 1.6090724765934822e-6
9033 1.6090724765934822e-6
9034 1.6090724765934822e-6
9035 1.6090724765934822e-6
9036 1.6090724765934822e-6
9037 1.6090724765934822e-6
9038 1.610014557234235e-6
9039 1.6105320596012011e-6
9040 1.6104952102232348e-6
9041 1.6104535532885929e-6
9042 1.6104327254324538e-6
9043 1.6122399798643337e-6
9044 1.6133294604616791e-6
9045 1.6133294604616791e-6
9046 1.6133294604616791e-6
9047 1.6133294604616791e-6
9048 1.6143692727522873e-6
9049 1.6143692727522873e-6
9050 1.6143692727522873e-6
9051 1.6143692727522873e-6
9052 1.6143692727522873e-6
9053 1.6152696964583983e-6
9054 1.6152696964583983e-6
9055 1.6163671872054756e-6
9056 1.6166043086621918e-6
9057 1.6181039466968427e-6
9058 1.6186278579170127e-6
9059 1.6194257418054108e-6
9060 1.6194257418054108e-6
9061 1.6194257418054108e-6
9062 1.6194257418054108e-6
9063 1.6194257418054108e-6
9064 1.6194257418054108e-6
9065 1.6194257418054108e-6
9066 1.6194257418054108e-6
9067 1.6194257418054108e-6
9068 1.6194257418054108e-6
9069 1.6194257418054108e-6
9070 1.6194257418054108e-6
9071 1.6196756809685343e-6
9072 1.6202124098951116e-6
9073 1.6203598098517043e-6
9074 1.6210311228620126e-6
9075 1.6212762556908244e-6
9076 1.623027434185127e-6
9077 1.6250573922931517e-6
9078 1.6253858383800654e-6
9079 1.6272635895860037e-6
9080 1.6279445146537536e-6
9081 1.6275952400995192e-6
9082 1.6275055179882137e-6
9083 1.6275055179882137e-6
9084 1.6275055179882137e-6
9085 1.6275055179882137e-6
9086 1.6275055179882137e-6
9087 1.6289298529144947e-6
9088 1.629243879387291e-6
9089 1.630110656308492e-6
9090 1.631972385992603e-6
9091 1.6326949673838132e-6
9092 1.632513922475856e-6
9093 1.6330025862257696e-6
9094 1.6343532211737542e-6
9095 1.6351142550730042e-6
9096 1.635178341771495e-6
9097 1.6354298834535105e-6
9098 1.635200772146526e-6
9099 1.6352344189314361e-6
9100 1.6351462987278406e-6
9101 1.6351462987278406e-6
9102 1.6351462987278406e-6
9103 1.6351462987278406e-6
9104 1.6351462987278406e-6
9105 1.6351462987278406e-6
9106 1.6351462987278406e-6
9107 1.6351462987278406e-6
9108 1.6351462987278406e-6
9109 1.6351462987278406e-6
9110 1.6351462987278406e-6
9111 1.6351462987278406e-6
9112 1.6372227201048189e-6
9113 1.6377514382704824e-6
9114 1.6392254408923188e-6
9115 1.6392254408923188e-6
9116 1.6392254408923188e-6
9117 1.6392254408923188e-6
9118 1.6392254408923188e-6
9119 1.6392254408923188e-6
9120 1.6392254408923188e-6
9121 1.6392254408923188e-6
9122 1.6392254408923188e-6
9123 1.6392254408923188e-6
9124 1.6392254408923188e-6
9125 1.6392254408923188e-6
9126 1.6392254408923188e-6
9127 1.6392254408923188e-6
9128 1.6392254408923188e-6
9129 1.6392254408923188e-6
9130 1.6392254408923188e-6
9131 1.6392254408923188e-6
9132 1.6392254408923188e-6
9133 1.6409317586365597e-6
9134 1.6413771635441214e-6
9135 1.6432725381795967e-6
9136 1.6447241110375841e-6
9137 1.6447241110375841e-6
9138 1.6447241110375841e-6
9139 1.6447241110375841e-6
9140 1.6447241110375841e-6
9141 1.646209328235754e-6
9142 1.646209328235754e-6
9143 1.647370906292504e-6
9144 1.6471754405480658e-6
9145 1.6471754405480658e-6
9146 1.6478547643192877e-6
9147 1.6478579681347076e-6
9148 1.648875350050285e-6
9149 1.649910357228945e-6
9150 1.650471118438263e-6
9151 1.6508251999379913e-6
9152 1.6508251999379913e-6
9153 1.6508251999379913e-6
9154 1.6508251999379913e-6
9155 1.6508251999379913e-6
9156 1.6527045530516395e-6
9157 1.6553513495289232e-6
9158 1.6553513495289232e-6
9159 1.6563062478760835e-6
9160 1.6580638358347716e-6
9161 1.658956247557605e-6
9162 1.658956247557605e-6
9163 1.658956247557605e-6
9164 1.658956247557605e-6
9165 1.658956247557605e-6
9166 1.658956247557605e-6
9167 1.658956247557605e-6
9168 1.658956247557605e-6
9169 1.658956247557605e-6
9170 1.658956247557605e-6
9171 1.658956247557605e-6
9172 1.658956247557605e-6
9173 1.658956247557605e-6
9174 1.658956247557605e-6
9175 1.658956247557605e-6
9176 1.658956247557605e-6
9177 1.658956247557605e-6
9178 1.658956247557605e-6
9179 1.658956247557605e-6
9180 1.6592686715115095e-6
9181 1.6596067308782286e-6
9182 1.6598598750791358e-6
9183 1.6614860839918765e-6
9184 1.6623913140322993e-6
9185 1.6623913140322993e-6
9186 1.6623913140322993e-6
9187 1.6623913140322993e-6
9188 1.6623913140322993e-6
9189 1.6623913140322993e-6
9190 1.6623913140322993e-6
9191 1.6630065492714846e-6
9192 1.6642274083035954e-6
9193 1.6657126255017653e-6
9194 1.6657126255017653e-6
9195 1.6657126255017653e-6
9196 1.6657126255017653e-6
9197 1.6661660417814226e-6
9198 1.6671433692812499e-6
9199 1.6686766522672654e-6
9200 1.669681217698799e-6
9201 1.669681217698799e-6
9202 1.669681217698799e-6
9203 1.669681217698799e-6
9204 1.669681217698799e-6
9205 1.669681217698799e-6
9206 1.669681217698799e-6
9207 1.6710879291955428e-6
9208 1.671885812472759e-6
9209 1.6725459102955518e-6
9210 1.675163866322237e-6
9211 1.6762501431041626e-6
9212 1.6772515034979128e-6
9213 1.6772739338729437e-6
9214 1.6774437642045673e-6
9215 1.6779933108375518e-6
9216 1.6779933108375518e-6
9217 1.6779933108375518e-6
9218 1.6779933108375518e-6
9219 1.6779933108375518e-6
9220 1.6779933108375518e-6
9221 1.6787879902993482e-6
9222 1.6789193699564774e-6
9223 1.6791997496443636e-6
9224 1.680249175825959e-6
9225 1.681950687235888e-6
9226 1.681950687235888e-6
9227 1.681950687235888e-6
9228 1.681950687235888e-6
9229 1.681950687235888e-6
9230 1.681950687235888e-6
9231 1.681950687235888e-6
9232 1.681950687235888e-6
9233 1.6835448537161562e-6
9234 1.6851278037865452e-6
9235 1.684772120379107e-6
9236 1.6850557063271407e-6
9237 1.6856405010415633e-6
9238 1.6862797691746716e-6
9239 1.6862797691746716e-6
9240 1.6862797691746716e-6
9241 1.6858744186828597e-6
9242 1.6858744186828597e-6
9243 1.6858744186828597e-6
9244 1.6866098183916588e-6
9245 1.6866546791417206e-6
9246 1.6868789841143934e-6
9247 1.689453681298727e-6
9248 1.6897164387794397e-6
9249 1.6907770795373689e-6
9250 1.6907770795373689e-6
9251 1.6907770795373689e-6
9252 1.6919723025454833e-6
9253 1.6936850297541096e-6
9254 1.6943098782731004e-6
9255 1.6943098782731004e-6
9256 1.6943098782731004e-6
9257 1.6943098782731004e-6
9258 1.6943098782731004e-6
9259 1.6951414077240449e-6
9260 1.6970832468508376e-6
9261 1.6984354830953503e-6
9262 1.6984354830953503e-6
9263 1.6984354830953503e-6
9264 1.6984354830953503e-6
9265 1.6984354830953503e-6
9266 1.6984354830953503e-6
9267 1.6984354830953503e-6
9268 1.6984354830953503e-6
9269 1.6984354830953503e-6
9270 1.6984354830953503e-6
9271 1.6984354830953503e-6
9272 1.6984354830953503e-6
9273 1.6984354830953503e-6
9274 1.6984354830953503e-6
9275 1.6984354830953503e-6
9276 1.6984354830953503e-6
9277 1.6984354830953503e-6
9278 1.6984354830953503e-6
9279 1.6984354830953503e-6
9280 1.6984354830953503e-6
9281 1.699422424486165e-6
9282 1.7013610579639921e-6
9283 1.7015693408036556e-6
9284 1.7029872674879148e-6
9285 1.7051534097538348e-6
9286 1.7049403205798594e-6
9287 1.7060041657643903e-6
9288 1.7060041657643903e-6
9289 1.7060041657643903e-6
9290 1.7060041657643903e-6
9291 1.7060041657643903e-6
9292 1.7060041657643903e-6
9293 1.7060041657643903e-6
9294 1.7060041657643903e-6
9295 1.7060041657643903e-6
9296 1.7060041657643903e-6
9297 1.7060041657643903e-6
9298 1.7084875401520722e-6
9299 1.7092694025186432e-6
9300 1.7105735735864923e-6
9301 1.710640864711585e-6
9302 1.7125538639989614e-6
9303 1.7136096978113967e-6
9304 1.713263627683764e-6
9305 1.7145934347756096e-6
9306 1.7156684957588379e-6
9307 1.716749964984088e-6
9308 1.7173203400843934e-6
9309 1.7173203400843934e-6
9310 1.7177961867390816e-6
9311 1.7177961867390816e-6
9312 1.7177961867390816e-6
9313 1.7177961867390816e-6
9314 1.7177961867390816e-6
9315 1.7189545603692298e-6
9316 1.7203997237628315e-6
9317 1.7209396565048286e-6
9318 1.7211030792056123e-6
9319 1.7213530189799178e-6
9320 1.7214203101050104e-6
9321 1.7225161989443777e-6
9322 1.7225161989443777e-6
9323 1.7225161989443777e-6
9324 1.7225161989443777e-6
9325 1.7225161989443777e-6
9326 1.7225161989443777e-6
9327 1.7225161989443777e-6
9328 1.7225161989443777e-6
9329 1.7225161989443777e-6
9330 1.7225161989443777e-6
9331 1.723269222693896e-6
9332 1.7247800740825168e-6
9333 1.7252783517234178e-6
9334 1.7253552561283159e-6
9335 1.7258134781311032e-6
9336 1.725815081261177e-6
9337 1.726114687508674e-6
9338 1.726114687508674e-6
9339 1.726114687508674e-6
9340 1.7267827960923806e-6
9341 1.7272426200028778e-6
9342 1.7269093681928343e-6
9343 1.7270215200679889e-6
9344 1.7284522638474734e-6
9345 1.7295016900290688e-6
9346 1.7295016900290688e-6
9347 1.7295016900290688e-6
9348 1.7295016900290688e-6
9349 1.7295016900290688e-6
9350 1.7295016900290688e-6
9351 1.7295016900290688e-6
9352 1.7295016900290688e-6
9353 1.7295016900290688e-6
9354 1.7295016900290688e-6
9355 1.7295016900290688e-6
9356 1.7295016900290688e-6
9357 1.7295016900290688e-6
9358 1.7295016900290688e-6
9359 1.7295016900290688e-6
9360 1.7295016900290688e-6
9361 1.7295016900290688e-6
9362 1.7295016900290688e-6
9363 1.7295016900290688e-6
9364 1.7305783541423708e-6
9365 1.7328678640821426e-6
9366 1.7334350347558463e-6
9367 1.7334350347558463e-6
9368 1.7334350347558463e-6
9369 1.7334350347558463e-6
9370 1.7334350347558463e-6
9371 1.7334350347558463e-6
9372 1.7334350347558463e-6
9373 1.7334350347558463e-6
9374 1.7323984256694762e-6
9375 1.7324336737509144e-6
9376 1.7324336737509144e-6
9377 1.7324336737509144e-6
9378 1.7324336737509144e-6
9379 1.7324336737509144e-6
9380 1.7324336737509144e-6
9381 1.7324336737509144e-6
9382 1.733999001002948e-6
9383 1.7357694054456798e-6
9384 1.7375910807140407e-6
9385 1.7375910807140407e-6
9386 1.7375910807140407e-6
9387 1.7375910807140407e-6
9388 1.7375910807140407e-6
9389 1.7375910807140407e-6
9390 1.7380909602626515e-6
9391 1.7388279612679789e-6
9392 1.7400856702892378e-6
9393 1.7403676524960158e-6
9394 1.7412376344550004e-6
9395 1.744321825690114e-6
9396 1.7445365167717994e-6
9397 1.745488209469994e-6
9398 1.745488209469994e-6
9399 1.745488209469994e-6
9400 1.745488209469994e-6
9401 1.745488209469994e-6
9402 1.745488209469994e-6
9403 1.745488209469994e-6
9404 1.745488209469994e-6
9405 1.745488209469994e-6
9406 1.745488209469994e-6
9407 1.745488209469994e-6
9408 1.745488209469994e-6
9409 1.745488209469994e-6
9410 1.745488209469994e-6
9411 1.745488209469994e-6
9412 1.745488209469994e-6
9413 1.745488209469994e-6
9414 1.745488209469994e-6
9415 1.745488209469994e-6
9416 1.745488209469994e-6
9417 1.745488209469994e-6
9418 1.745488209469994e-6
9419 1.745488209469994e-6
9420 1.745488209469994e-6
9421 1.745488209469994e-6
9422 1.745488209469994e-6
9423 1.745488209469994e-6
9424 1.745488209469994e-6
9425 1.745488209469994e-6
9426 1.745488209469994e-6
9427 1.745488209469994e-6
9428 1.745488209469994e-6
9429 1.745488209469994e-6
9430 1.745488209469994e-6
9431 1.745488209469994e-6
9432 1.745488209469994e-6
9433 1.745488209469994e-6
9434 1.745488209469994e-6
9435 1.745488209469994e-6
9436 1.745488209469994e-6
9437 1.745488209469994e-6
9438 1.745488209469994e-6
9439 1.745488209469994e-6
9440 1.745488209469994e-6
9441 1.745488209469994e-6
9442 1.7464607306355093e-6
9443 1.746521614129762e-6
9444 1.7475886631297128e-6
9445 1.7485579804798083e-6
9446 1.7493366384197773e-6
9447 1.7493366384197773e-6
9448 1.7493366384197773e-6
9449 1.7493366384197773e-6
9450 1.7493366384197773e-6
9451 1.7493366384197773e-6
9452 1.7493366384197773e-6
9453 1.749863754677731e-6
9454 1.749863754677731e-6
9455 1.7521116082940427e-6
9456 1.7521564690441045e-6
9457 1.7519738210060736e-6
9458 1.7524640866636972e-6
9459 1.75280855488362e-6
9460 1.7547680174399502e-6
9461 1.7557517531817993e-6
9462 1.7563237308009966e-6
9463 1.757656741708262e-6
9464 1.7598933801370584e-6
9465 1.7598933801370584e-6
9466 1.7598933801370584e-6
9467 1.7598933801370584e-6
9468 1.7598933801370584e-6
9469 1.7598933801370584e-6
9470 1.7598933801370584e-6
9471 1.7598933801370584e-6
9472 1.7618944990168484e-6
9473 1.7634213731496602e-6
9474 1.7637818628914103e-6
9475 1.7637818628914103e-6
9476 1.7637818628914103e-6
9477 1.7637818628914103e-6
9478 1.7637818628914103e-6
9479 1.7644659917745803e-6
9480 1.7657381204099566e-6
9481 1.7679314999964011e-6
9482 1.7679314999964011e-6
9483 1.7679314999964011e-6
9484 1.7679314999964011e-6
9485 1.7679314999964011e-6
9486 1.7679314999964011e-6
9487 1.7679314999964011e-6
9488 1.7679314999964011e-6
9489 1.7679314999964011e-6
9490 1.7679314999964011e-6
9491 1.7679314999964011e-6
9492 1.7679314999964011e-6
9493 1.7679314999964011e-6
9494 1.7679314999964011e-6
9495 1.7679314999964011e-6
9496 1.7679314999964011e-6
9497 1.7683817124606386e-6
9498 1.7683817124606386e-6
9499 1.7683817124606386e-6
9500 1.768995345180932e-6
9501 1.7692581026616448e-6
9502 1.7700688042564502e-6
9503 1.7719625769842156e-6
9504 1.772555382459552e-6
9505 1.773457406851009e-6
9506 1.7747695899021355e-6
9507 1.774981077168401e-6
9508 1.7749426246603608e-6
9509 1.7751396929236909e-6
9510 1.7750804125595117e-6
9511 1.7748593120134409e-6
9512 1.7747888158505646e-6
9513 1.7747888158505646e-6
9514 1.7747888158505646e-6
9515 1.7747888158505646e-6
9516 1.7747888158505646e-6
9517 1.7747888158505646e-6
9518 1.7756652066627527e-6
9519 1.7756652066627527e-6
9520 1.7764038101869718e-6
9521 1.7764038101869718e-6
9522 1.7764038101869718e-6
9523 1.7764038101869718e-6
9524 1.77795792225149e-6
9525 1.7790986712297371e-6
9526 1.7803499713977925e-6
9527 1.780356380862178e-6
9528 1.7806271478814405e-6
9529 1.7809700141936534e-6
9530 1.7809700141936534e-6
9531 1.7809700141936534e-6
9532 1.7809700141936534e-6
9533 1.7809700141936534e-6
9534 1.7809700141936534e-6
9535 1.7809700141936534e-6
9536 1.7809700141936534e-6
9537 1.7809700141936534e-6
9538 1.7809700141936534e-6
9539 1.7809700141936534e-6
9540 1.7809700141936534e-6
9541 1.7809700141936534e-6
9542 1.7809700141936534e-6
9543 1.7811718875689315e-6
9544 1.7811718875689315e-6
9545 1.7811718875689315e-6
9546 1.7816044759924497e-6
9547 1.7827612477148878e-6
9548 1.784882529230746e-6
9549 1.7852382126381843e-6
9550 1.7860841610920642e-6
9551 1.7888383018878267e-6
9552 1.791195103563873e-6
9553 1.7932811376094749e-6
9554 1.793659251391944e-6
9555 1.795782135426694e-6
9556 1.795782135426694e-6
9557 1.795782135426694e-6
9558 1.795782135426694e-6
9559 1.795782135426694e-6
9560 1.796442232638305e-6
9561 1.798465781281944e-6
9562 1.7995664764556229e-6
9563 1.7995664764556229e-6
9564 1.7995664764556229e-6
9565 1.7995664764556229e-6
9566 1.7995664764556229e-6
9567 1.7995664764556229e-6
9568 1.7995664764556229e-6
9569 1.7993902372707957e-6
9570 1.7992444386107312e-6
9571 1.7992043841949811e-6
9572 1.8000615484475584e-6
9573 1.8002009382544194e-6
9574 1.800516566023744e-6
9575 1.8007985494528858e-6
9576 1.8039131806015803e-6
9577 1.8049225529786076e-6
9578 1.8047879695060585e-6
9579 1.8063933505626603e-6
9580 1.8075341007632712e-6
9581 1.8073578609672622e-6
9582 1.8080131512333794e-6
9583 1.8080131512333794e-6
9584 1.8080131512333794e-6
9585 1.8080131512333794e-6
9586 1.8080131512333794e-6
9587 1.8080131512333794e-6
9588 1.8080131512333794e-6
9589 1.8080131512333794e-6
9590 1.8080131512333794e-6
9591 1.8080131512333794e-6
9592 1.8080131512333794e-6
9593 1.8080131512333794e-6
9594 1.8080131512333794e-6
9595 1.8080131512333794e-6
9596 1.8080131512333794e-6
9597 1.8080131512333794e-6
9598 1.8080131512333794e-6
9599 1.8080131512333794e-6
9600 1.8088110345105956e-6
9601 1.8090305331489565e-6
9602 1.8107977337762682e-6
9603 1.812183616805691e-6
9604 1.812183616805691e-6
9605 1.812183616805691e-6
9606 1.812183616805691e-6
9607 1.812183616805691e-6
9608 1.812183616805691e-6
9609 1.812183616805691e-6
9610 1.812183616805691e-6
9611 1.812183616805691e-6
9612 1.812183616805691e-6
9613 1.812183616805691e-6
9614 1.812183616805691e-6
9615 1.812183616805691e-6
9616 1.812183616805691e-6
9617 1.812183616805691e-6
9618 1.8131737620119256e-6
9619 1.8134525404032837e-6
9620 1.8133708290528917e-6
9621 1.8139924731452808e-6
9622 1.8163220381119845e-6
9623 1.8166697101473271e-6
9624 1.8166697101473271e-6
9625 1.8172384833399227e-6
9626 1.8189159630782928e-6
9627 1.8202265429993454e-6
9628 1.81997179750191e-6
9629 1.8211109445724472e-6
9630 1.8211109445724472e-6
9631 1.8211109445724472e-6
9632 1.8211109445724472e-6
9633 1.8211109445724472e-6
9634 1.8211109445724472e-6
9635 1.8211109445724472e-6
9636 1.8211109445724472e-6
9637 1.8211109445724472e-6
9638 1.8211109445724472e-6
9639 1.8211109445724472e-6
9640 1.8211109445724472e-6
9641 1.8211109445724472e-6
9642 1.8211109445724472e-6
9643 1.8211109445724472e-6
9644 1.8211109445724472e-6
9645 1.8211109445724472e-6
9646 1.8211109445724472e-6
9647 1.8211109445724472e-6
9648 1.8219649037872408e-6
9649 1.8218863986969964e-6
9650 1.8238506663652745e-6
9651 1.8249129096420955e-6
9652 1.8249129096420955e-6
9653 1.8249129096420955e-6
9654 1.8249129096420955e-6
9655 1.8254384233811573e-6
9656 1.8255505752563119e-6
9657 1.8255137258783455e-6
9658 1.8255137258783455e-6
9659 1.8268851886824691e-6
9660 1.8267634229163273e-6
9661 1.8269508778998518e-6
9662 1.8266977343101263e-6
9663 1.8266977343101263e-6
9664 1.827881743964271e-6
9665 1.827604566869441e-6
9666 1.8277487630106136e-6
9667 1.8278705275543918e-6
9668 1.8277167193557772e-6
9669 1.8277519668260334e-6
9670 1.8281669312088325e-6
9671 1.8305942284365734e-6
9672 1.8305942284365734e-6
9673 1.8305942284365734e-6
9674 1.8305942284365734e-6
9675 1.8305942284365734e-6
9676 1.8305942284365734e-6
9677 1.8305942284365734e-6
9678 1.8305942284365734e-6
9679 1.8305942284365734e-6
9680 1.8305942284365734e-6
9681 1.8305942284365734e-6
9682 1.8305942284365734e-6
9683 1.8305942284365734e-6
9684 1.8305942284365734e-6
9685 1.8305942284365734e-6
9686 1.8305942284365734e-6
9687 1.8305942284365734e-6
9688 1.831398522400539e-6
9689 1.833146497079422e-6
9690 1.8336527848700546e-6
9691 1.8337505171310918e-6
9692 1.8341558688452673e-6
9693 1.8341558688452673e-6
9694 1.8341558688452673e-6
9695 1.8341558688452673e-6
9696 1.8341558688452673e-6
9697 1.8341558688452673e-6
9698 1.8352966190458782e-6
9699 1.8354664499886837e-6
9700 1.8362130642738164e-6
9701 1.8374531486431744e-6
9702 1.838218989487918e-6
9703 1.8377319276457145e-6
9704 1.8377319276457145e-6
9705 1.8377319276457145e-6
9706 1.8381997629283073e-6
9707 1.8384961653603846e-6
9708 1.8400134268245728e-6
9709 1.8408593758896346e-6
9710 1.84166847557673e-6
9711 1.84166847557673e-6
9712 1.84166847557673e-6
9713 1.8420417830248875e-6
9714 1.843270652817912e-6
9715 1.8456258525862484e-6
9716 1.8456258525862484e-6
9717 1.8456258525862484e-6
9718 1.8456258525862484e-6
9719 1.8456258525862484e-6
9720 1.8456258525862484e-6
9721 1.8456258525862484e-6
9722 1.8456258525862484e-6
9723 1.8460167840751247e-6
9724 1.8480483440908593e-6
9725 1.8479698377782512e-6
9726 1.8488974981937048e-6
9727 1.8494069897997576e-6
9728 1.8494069897997576e-6
9729 1.8494069897997576e-6
9730 1.8494069897997576e-6
9731 1.8494069897997576e-6
9732 1.8494069897997576e-6
9733 1.8494069897997576e-6
9734 1.8494069897997576e-6
9735 1.8494069897997576e-6
9736 1.8494069897997576e-6
9737 1.8494069897997576e-6
9738 1.8494069897997576e-6
9739 1.8494069897997576e-6
9740 1.8494069897997576e-6
9741 1.8494069897997576e-6
9742 1.8494069897997576e-6
9743 1.8494069897997576e-6
9744 1.8494069897997576e-6
9745 1.8494069897997576e-6
9746 1.8494069897997576e-6
9747 1.8494069897997576e-6
9748 1.8494069897997576e-6
9749 1.8494069897997576e-6
9750 1.8494069897997576e-6
9751 1.8494069897997576e-6
9752 1.8494069897997576e-6
9753 1.8494069897997576e-6
9754 1.8496296922535385e-6
9755 1.8496296922535385e-6
9756 1.8496296922535385e-6
9757 1.8504484046092576e-6
9758 1.8512735252069985e-6
9759 1.8529718328015077e-6
9760 1.8537873395082611e-6
9761 1.8558285134149831e-6
9762 1.8565943542597268e-6
9763 1.8565943542597268e-6
9764 1.8565943542597268e-6
9765 1.8565943542597268e-6
9766 1.8575492513845231e-6
9767 1.857749524074455e-6
9768 1.857988248661245e-6
9769 1.8604075351280721e-6
9770 1.8604075351280721e-6
9771 1.8604075351280721e-6
9772 1.8615979518018748e-6
9773 1.8634420568340849e-6
9774 1.8640893369504704e-6
9775 1.8640893369504704e-6
9776 1.8640893369504704e-6
9777 1.864275190026285e-6
9778 1.864275190026285e-6
9779 1.864275190026285e-6
9780 1.864275190026285e-6
9781 1.8651451719852696e-6
9782 1.8664124942863342e-6
9783 1.8672680560200197e-6
9784 1.8674442958160287e-6
9785 1.8679906380224115e-6
9786 1.8679906380224115e-6
9787 1.8679906380224115e-6
9788 1.8687196276556432e-6
9789 1.8693701115874486e-6
9790 1.8708152749810504e-6
9791 1.8714737696737694e-6
9792 1.872044144774075e-6
9793 1.872044144774075e-6
9794 1.872044144774075e-6
9795 1.872044144774075e-6
9796 1.872044144774075e-6
9797 1.872044144774075e-6
9798 1.873204120311933e-6
9799 1.8753846828031522e-6
9800 1.8762162128652785e-6
9801 1.8779994350144176e-6
9802 1.8799396710111366e-6
9803 1.8805468961005901e-6
9804 1.8812935103857228e-6
9805 1.8812935103857228e-6
9806 1.8812935103857228e-6
9807 1.8812935103857228e-6
9808 1.8812935103857228e-6
9809 1.8812935103857228e-6
9810 1.8812935103857228e-6
9811 1.8812935103857228e-6
9812 1.8812935103857228e-6
9813 1.8812935103857228e-6
9814 1.8812935103857228e-6
9815 1.8812935103857228e-6
9816 1.8833507058142719e-6
9817 1.8833507058142719e-6
9818 1.8841549991670557e-6
9819 1.8846741040529137e-6
9820 1.8859590497835157e-6
9821 1.8866207489028367e-6
9822 1.8862907002970311e-6
9823 1.886553457166562e-6
9824 1.8868258273158983e-6
9825 1.8868258273158983e-6
9826 1.8868258273158983e-6
9827 1.8877294548374291e-6
9828 1.8877294548374291e-6
9829 1.8877294548374291e-6
9830 1.8877294548374291e-6
9831 1.8877294548374291e-6
9832 1.888141212960081e-6
9833 1.8889134626580283e-6
9834 1.8895046656144728e-6
9835 1.8919784267223492e-6
9836 1.8926128879099636e-6
9837 1.8938946298251457e-6
9838 1.8956954766261856e-6
9839 1.8965830826258892e-6
9840 1.89881491349801e-6
9841 1.8996272182228891e-6
9842 1.9000277623803893e-6
9843 1.9004907907174883e-6
9844 1.9000854402256764e-6
9845 1.9000149440628e-6
9846 1.9005116185736273e-6
9847 1.9021121932959174e-6
9848 1.9026425145916547e-6
9849 1.9026953861026301e-6
9850 1.9027819037873338e-6
9851 1.9037752528089884e-6
9852 1.9037752528089884e-6
9853 1.9037752528089884e-6
9854 1.9037752528089884e-6
9855 1.9037752528089884e-6
9856 1.9037752528089884e-6
9857 1.9066671827262658e-6
9858 1.9068402174844912e-6
9859 1.9072343527887874e-6
9860 1.9076717463242537e-6
9861 1.9095927569837257e-6
9862 1.910534836402115e-6
9863 1.911010683056803e-6
9864 1.911010683056803e-6
9865 1.911010683056803e-6
9866 1.911010683056803e-6
9867 1.911010683056803e-6
9868 1.911010683056803e-6
9869 1.911010683056803e-6
9870 1.911010683056803e-6
9871 1.911010683056803e-6
9872 1.911010683056803e-6
9873 1.911010683056803e-6
9874 1.911010683056803e-6
9875 1.911010683056803e-6
9876 1.911010683056803e-6
9877 1.911010683056803e-6
9878 1.911010683056803e-6
9879 1.911348742423522e-6
9880 1.912132206697803e-6
9881 1.9123420914451766e-6
9882 1.913750405460812e-6
9883 1.9143207799499357e-6
9884 1.9148799398627258e-6
9885 1.913891396564201e-6
9886 1.9142470799716396e-6
9887 1.914277521107584e-6
9888 1.914277521107584e-6
9889 1.914277521107584e-6
9890 1.914277521107584e-6
9891 1.9152308157134884e-6
9892 1.9173168491479083e-6
9893 1.91856174046276e-6
9894 1.91856174046276e-6
9895 1.91856174046276e-6
9896 1.91856174046276e-6
9897 1.91856174046276e-6
9898 1.91856174046276e-6
9899 1.9192170301176956e-6
9900 1.9192170301176956e-6
9901 1.9205884929218192e-6
9902 1.9225463529592574e-6
9903 1.9231968375022447e-6
9904 1.9231968375022447e-6
9905 1.9231968375022447e-6
9906 1.9231968375022447e-6
9907 1.9227241952741583e-6
9908 1.9227241952741583e-6
9909 1.9227241952741583e-6
9910 1.9227241952741583e-6
9911 1.9227241952741583e-6
9912 1.9227241952741583e-6
9913 1.9227241952741583e-6
9914 1.9227241952741583e-6
9915 1.9234035178230166e-6
9916 1.925012103917402e-6
9917 1.9257106524146893e-6
9918 1.9261448421347357e-6
9919 1.9261448421347357e-6
9920 1.9261448421347357e-6
9921 1.9261448421347357e-6
9922 1.9261448421347357e-6
9923 1.9261448421347357e-6
9924 1.9261448421347357e-6
9925 1.9261448421347357e-6
9926 1.9261448421347357e-6
9927 1.9261448421347357e-6
9928 1.9261448421347357e-6
9929 1.9261448421347357e-6
9930 1.9261448421347357e-6
9931 1.9261448421347357e-6
9932 1.9261448421347357e-6
9933 1.9261448421347357e-6
9934 1.9261448421347357e-6
9935 1.9261448421347357e-6
9936 1.9263146724663593e-6
9937 1.926354728104473e-6
9938 1.9265197521017847e-6
9939 1.9265197521017847e-6
9940 1.9265197521017847e-6
9941 1.9265197521017847e-6
9942 1.9265197521017847e-6
9943 1.9265197521017847e-6
9944 1.9265197521017847e-6
9945 1.9271638277915685e-6
9946 1.927094934147584e-6
9947 1.927971324959772e-6
9948 1.9300253153505376e-6
9949 1.9311420326572256e-6
9950 1.9311420326572256e-6
9951 1.93233244994221e-6
9952 1.9326352612274913e-6
9953 1.9332040338089047e-6
9954 1.9341877701619357e-6
9955 1.935022504650664e-6
9956 1.9363763434140687e-6
9957 1.9363763434140687e-6
9958 1.9363763434140687e-6
9959 1.9353092944141178e-6
9960 1.935504758936192e-6
9961 1.935504758936192e-6
9962 1.935504758936192e-6
9963 1.935504758936192e-6
9964 1.935504758936192e-6
9965 1.935504758936192e-6
9966 1.936768876199473e-6
9967 1.936768876199473e-6
9968 1.936768876199473e-6
9969 1.936768876199473e-6
9970 1.9371614089848774e-6
9971 1.9369979862840935e-6
9972 1.937768633463149e-6
9973 1.9394252847341982e-6
9974 1.939816215611893e-6
9975 1.939696052364643e-6
9976 1.9401799097802448e-6
9977 1.9401799097802448e-6
9978 1.9401799097802448e-6
9979 1.9395710821718994e-6
9980 1.9397969890522823e-6
9981 1.9398082042397977e-6
9982 1.9397921827179704e-6
9983 1.9398082042397977e-6
9984 1.9398082042397977e-6
9985 1.9398082042397977e-6
9986 1.9398082042397977e-6
9987 1.9398082042397977e-6
9988 1.9398082042397977e-6
9989 1.9398082042397977e-6
9990 1.9398082042397977e-6
9991 1.9398082042397977e-6
9992 1.9404747090822485e-6
9993 1.9413222606662022e-6
9994 1.9418637953159095e-6
9995 1.9423812995164214e-6
9996 1.9437415471330297e-6
9997 1.9451082036028414e-6
9998 1.9452443895942826e-6
9999 1.9473047882270696e-6
10000 1.9480289721371714e-6
10001 1.9485192384059767e-6
