1 0
2 0
3 0
4 0
5 0
6 0
7 0
8 0
9 0
10 0
11 0
12 0
13 0
14 0
15 5.559542638244399e-10
16 1.1327382173335683e-9
17 8.523579182654493e-10
18 1.002962301459972e-9
19 8.427446384599721e-10
20 8.427446384599721e-10
21 1.741565214497192e-9
22 1.741565214497192e-9
23 2.512212393552669e-9
24 2.4305010431608154e-9
25 2.999273624574439e-9
26 2.67883890975632e-9
27 2.241444151926265e-9
28 2.241444151926265e-9
29 2.241444151926265e-9
30 2.241444151926265e-9
31 2.241444151926265e-9
32 2.241444151926265e-9
33 2.4657491245990174e-9
34 2.5586756625063202e-9
35 2.472157366620788e-9
36 2.472157366620788e-9
37 2.472157366620788e-9
38 3.0168976652935404e-9
39 3.10822168430899e-9
40 3.3725804615498614e-9
41 3.930137855448035e-9
42 3.757103097222614e-9
43 3.4398721978244392e-9
44 4.03588148858076e-9
45 4.083947276426265e-9
46 4.498910436861659e-9
47 3.822792314605338e-9
48 4.59664330908076e-9
49 4.926691914886237e-9
50 5.1141456760470535e-9
51 5.578777143219806e-9
52 6.400694536722613e-9
53 6.299756626719805e-9
54 6.5961596699789334e-9
55 6.328596466136236e-9
56 6.527266637176264e-9
57 6.359037602080759e-9
58 5.489055643096209e-9
59 6.1123016431952274e-9
60 6.182797806071631e-9
61 5.76943655334621e-9
62 6.2725199173771085e-9
63 6.525664118284411e-9
64 6.834884256768961e-9
65 6.277326251688906e-9
66 6.224454740713484e-9
67 6.224454740713484e-9
68 6.474394515018961e-9
69 6.410306594164328e-9
70 7.312332207985254e-9
71 6.746764053173456e-9
72 6.831679218985254e-9
73 7.466141628963484e-9
74 7.112060129235254e-9
75 7.233825895377107e-9
76 7.3523872349171346e-9
77 7.140899968651685e-9
78 7.047973430744382e-9
79 7.259460697009832e-9
80 7.265869550213483e-9
81 7.781770620651685e-9
82 7.53823969954986e-9
83 7.4276891209234556e-9
84 6.905379197281602e-9
85 7.097641126299859e-9
86 7.3267518221025285e-9
87 7.097641126299859e-9
88 7.472549870985253e-9
89 7.735306740516151e-9
90 7.092834180806179e-9
91 7.663209281111656e-9
92 7.321945487790729e-9
93 7.522217566540729e-9
94 7.131286688846206e-9
95 6.660246368469803e-9
96 6.375059123908005e-9
97 6.735548865658005e-9
98 6.391081256917134e-9
99 6.806045028534409e-9
100 6.302961053321629e-9
101 6.302961053321629e-9
102 6.519255265080758e-9
103 7.118469593620785e-9
104 6.7868184689234546e-9
105 6.99029497427528e-9
106 6.935820944408005e-9
107 6.948638650815308e-9
108 7.11045822152528e-9
109 6.99029497427528e-9
110 7.879503492870784e-9
111 9.345495353793537e-9
112 9.355108022417132e-9
113 8.944951196293535e-9
114 9.041082160802665e-9
115 1.0093712157818113e-8
116 1.2327146160012635e-8
117 1.2327146160012635e-8
118 1.2937575064886231e-8
119 1.2937575064886231e-8
120 1.2937575064886231e-8
121 1.2937575064886231e-8
122 1.3616897613744378e-8
123 1.3852418385114461e-8
124 1.3841203197599012e-8
125 1.3825181064589883e-8
126 1.381236335818258e-8
127 1.3341323648988059e-8
128 1.3217956586318114e-8
129 1.3217956586318114e-8
130 1.3217956586318114e-8
131 1.3217956586318114e-8
132 1.3217956586318114e-8
133 1.3217956586318114e-8
134 1.3217956586318114e-8
135 1.3660157678459967e-8
136 1.3660157678459967e-8
137 1.3660157678459967e-8
138 1.3660157678459967e-8
139 1.3660157678459967e-8
140 1.4203296069422747e-8
141 1.4368319455552665e-8
142 1.4911457846515444e-8
143 1.5124547020490864e-8
144 1.4945103409061792e-8
145 1.4945103409061792e-8
146 1.561321199276825e-8
147 1.575740691157724e-8
148 1.5984916310851818e-8
149 1.596889478902457e-8
150 1.6071433384373587e-8
151 1.582950498216361e-8
152 1.599452897947541e-8
153 1.5539510792108136e-8
154 1.6010550501302658e-8
155 1.7506984109351812e-8
156 1.781940867443819e-8
157 1.7572672715552658e-8
158 1.792194726978721e-8
159 1.788669979953089e-8
160 1.8437848340225412e-8
161 1.9865387693108135e-8
162 2.1494801643632713e-8
163 2.1930593271389034e-8
164 2.197225081721277e-8
165 2.1925786937077237e-8
166 2.1461156081086364e-8
167 2.1246463777037208e-8
168 2.1932195790280886e-8
169 2.1638997784805465e-8
170 2.1964240056299144e-8
171 2.187611924152176e-8
172 2.157010352963903e-8
173 2.1616567409774564e-8
174 2.1653416787740858e-8
175 2.2859855594552656e-8
176 2.3391778797999987e-8
177 2.3241173192441705e-8
178 2.3052116301207157e-8
179 2.2797370803771763e-8
180 2.301366501553089e-8
181 2.27925632470962e-8
182 2.2770134094429064e-8
183 2.3199516868981735e-8
184 2.348310159465168e-8
185 2.3204322592111652e-8
186 2.2823004994222607e-8
187 2.3114601703169937e-8
188 2.2616324673450836e-8
189 2.3045708059185385e-8
190 2.2736487309518954e-8
191 2.216130648608356e-8
192 2.2313512776988054e-8
193 2.2313512776988054e-8
194 2.2818198659910806e-8
195 2.3189902977994375e-8
196 2.3250786472247185e-8
197 2.344785412439536e-8
198 2.2656377866837076e-8
199 2.2656377866837076e-8
200 2.3515145249488058e-8
201 2.336774468171348e-8
202 2.336774468171348e-8
203 2.336774468171348e-8
204 2.336774468171348e-8
205 2.3999002665089882e-8
206 2.4220102599978928e-8
207 2.374746037189255e-8
208 2.3497520597587074e-8
209 2.3491112355565305e-8
210 2.3491112355565305e-8
211 2.4676722695056176e-8
212 2.5210247806213478e-8
213 2.50452231977198e-8
214 2.491384537413623e-8
215 2.5050030143213478e-8
216 2.4985943444722606e-8
217 2.5038814955698027e-8
218 2.5048428235503503e-8
219 2.4780864420478926e-8
220 2.4907435909750697e-8
221 2.4907435909750697e-8
222 2.4907435909750697e-8
223 2.4907435909750697e-8
224 2.4907435909750697e-8
225 2.4907435909750697e-8
226 2.5868741887750696e-8
227 2.6176359507343395e-8
228 2.5993711469312496e-8
229 2.6399061961124295e-8
230 2.629492023570154e-8
231 2.629492023570154e-8
232 2.629492023570154e-8
233 2.629492023570154e-8
234 2.629492023570154e-8
235 2.629492023570154e-8
236 2.629492023570154e-8
237 2.629492023570154e-8
238 2.7028716814426962e-8
239 2.7028716814426962e-8
240 2.7028716814426962e-8
241 2.7688814026037916e-8
242 2.765196464807162e-8
243 2.7530198881929768e-8
244 2.815504740092064e-8
245 2.7808977884469795e-8
246 2.757666215088342e-8
247 2.757666215088342e-8
248 2.757666215088342e-8
249 2.757666215088342e-8
250 2.757666215088342e-8
251 2.757666215088342e-8
252 2.757666215088342e-8
253 2.8169468237401675e-8
254 2.8382557411377096e-8
255 2.7816989256565297e-8
256 2.80525094167535e-8
257 2.8031680949432573e-8
258 2.8129413821651674e-8
259 2.8267200498438892e-8
260 2.8137424582565295e-8
261 2.835692322092625e-8
262 2.834090108791712e-8
263 2.8645314280907992e-8
264 2.7826601925188893e-8
265 2.7852237338003498e-8
266 2.853476370228159e-8
267 2.8566807357117966e-8
268 2.850111813973524e-8
269 2.807814360720434e-8
270 2.8574818729213468e-8
271 2.858122758241712e-8
272 2.7727267756441698e-8
273 2.836974031615167e-8
274 2.8233554935892543e-8
275 2.8493107378821616e-8
276 2.7833010778392542e-8
277 2.782660192518889e-8
278 2.8097370166815293e-8
279 2.8223942267268945e-8
280 2.8223942267268945e-8
281 2.8223942267268945e-8
282 2.8223942267268945e-8
283 2.8223942267268945e-8
284 2.90394508075681e-8
285 2.90394508075681e-8
286 2.90394508075681e-8
287 2.90394508075681e-8
288 2.90394508075681e-8
289 3.0151361779944506e-8
290 3.0151361779944506e-8
291 3.0151361779944506e-8
292 3.0151361779944506e-8
293 3.0151361779944506e-8
294 3.126327275232091e-8
295 3.135619929022821e-8
296 3.135619929022821e-8
297 3.135619929022821e-8
298 3.135619929022821e-8
299 3.135619929022821e-8
300 3.186408959975279e-8
301 3.186408959975279e-8
302 3.2165298977323714e-8
303 3.2165298977323714e-8
304 3.237678624358916e-8
305 3.237678624358916e-8
306 3.375305660438832e-8
307 3.358162314269099e-8
308 3.381073444967554e-8
309 3.381073444967554e-8
310 3.455093927042273e-8
311 3.5267112419610934e-8
312 3.5360038957518237e-8
313 3.4509282946962756e-8
314 3.4509282946962756e-8
315 3.4509282946962756e-8
316 3.4509282946962756e-8
317 3.573655022109548e-8
318 3.6239634807490135e-8
319 3.675713717445643e-8
320 3.633736706852736e-8
321 3.628129113095011e-8
322 3.5941629856521036e-8
323 3.613869811985109e-8
324 3.5585946449082834e-8
325 3.5585946449082834e-8
326 3.5585946449082834e-8
327 3.5585946449082834e-8
328 3.5585946449082834e-8
329 3.5585946449082834e-8
330 3.668824353047188e-8
331 3.6130686136573707e-8
332 3.624604304951191e-8
333 3.651681129113832e-8
334 3.6644985299301944e-8
335 3.650239167702105e-8
336 3.665299606021557e-8
337 3.601693235370925e-8
338 3.601693235370925e-8
339 3.601693235370925e-8
340 3.601693235370925e-8
341 3.627968922324015e-8
342 3.631013097036655e-8
343 3.671227703557652e-8
344 3.69477978069466e-8
345 3.672829916858565e-8
346 3.7537398855681155e-8
347 3.75854634211629e-8
348 3.7220167345101104e-8
349 3.6957410475570205e-8
350 3.707757372282021e-8
351 3.678597762505476e-8
352 3.69141510220365e-8
353 3.731629830961024e-8
354 3.7359557151962064e-8
355 3.6846859896943805e-8
356 3.712083256517203e-8
357 3.712083256517203e-8
358 3.712083256517203e-8
359 3.712083256517203e-8
360 3.712083256517203e-8
361 3.712083256517203e-8
362 3.712083256517203e-8
363 3.712083256517203e-8
364 3.712083256517203e-8
365 3.823594796415026e-8
366 3.823594796415026e-8
367 3.8360918156893936e-8
368 3.8360918156893936e-8
369 3.8360918156893936e-8
370 3.947443103698031e-8
371 3.963464869998031e-8
372 3.951448545273031e-8
373 3.9935858077551235e-8
374 3.951608797162216e-8
375 4.006403208571486e-8
376 4.018579785185671e-8
377 4.010248459375489e-8
378 4.019380800158846e-8
379 4.019380800158846e-8
380 4.019380800158846e-8
381 4.019380800158846e-8
382 4.086191597411304e-8
383 4.086191597411304e-8
384 4.086191597411304e-8
385 4.121920128926121e-8
386 4.1182350688931154e-8
387 4.1605325221462053e-8
388 4.1528420816563876e-8
389 4.132975125670573e-8
390 4.178476883289113e-8
391 4.1397042992980314e-8
392 4.134417025964113e-8
393 4.134417025964113e-8
394 4.134417025964113e-8
395 4.2036310514906583e-8
396 4.2036310514906583e-8
397 4.231028257195293e-8
398 4.231028257195293e-8
399 4.231028257195293e-8
400 4.231028257195293e-8
401 4.292551842232021e-8
402 4.390925538653299e-8
403 4.412234456050841e-8
404 4.387400730509479e-8
405 4.365290675902386e-8
406 4.357920616954563e-8
407 4.3580808688437486e-8
408 4.3774672525165716e-8
409 4.3694563082483835e-8
410 4.351511947105476e-8
411 4.3026455721141134e-8
412 4.3026455721141134e-8
413 4.353434603066571e-8
414 4.399417055234478e-8
415 4.4127151506002084e-8
416 4.386759845189113e-8
417 4.3990966125742957e-8
418 4.40246116882893e-8
419 4.381312442202385e-8
420 4.38243396095393e-8
421 4.403262306038481e-8
422 4.440913493514394e-8
423 4.369937002797751e-8
424 4.369937002797751e-8
425 4.369937002797751e-8
426 4.369937002797751e-8
427 4.369937002797751e-8
428 4.369937002797751e-8
429 4.369937002797751e-8
430 4.369937002797751e-8
431 4.369937002797751e-8
432 4.369937002797751e-8
433 4.369937002797751e-8
434 4.369937002797751e-8
435 4.369937002797751e-8
436 4.4710343701532984e-8
437 4.4710343701532984e-8
438 4.4710343701532984e-8
439 4.4710343701532984e-8
440 4.4710343701532984e-8
441 4.4710343701532984e-8
442 4.4710343701532984e-8
443 4.4710343701532984e-8
444 4.4710343701532984e-8
445 4.4710343701532984e-8
446 4.4710343701532984e-8
447 4.4710343701532984e-8
448 4.4710343701532984e-8
449 4.4710343701532984e-8
450 4.4710343701532984e-8
451 4.4710343701532984e-8
452 4.4710343701532984e-8
453 4.4710343701532984e-8
454 4.4710343701532984e-8
455 4.4710343701532984e-8
456 4.4710343701532984e-8
457 4.4710343701532984e-8
458 4.4710343701532984e-8
459 4.4710343701532984e-8
460 4.4710343701532984e-8
461 4.4710343701532984e-8
462 4.4710343701532984e-8
463 4.4710343701532984e-8
464 4.4710343701532984e-8
465 4.4710343701532984e-8
466 4.4710343701532984e-8
467 4.4710343701532984e-8
468 4.4710343701532984e-8
469 4.4710343701532984e-8
470 4.4710343701532984e-8
471 4.4710343701532984e-8
472 4.4710343701532984e-8
473 4.4710343701532984e-8
474 4.4710343701532984e-8
475 4.4710343701532984e-8
476 4.4710343701532984e-8
477 4.4710343701532984e-8
478 4.4710343701532984e-8
479 4.4710343701532984e-8
480 4.4710343701532984e-8
481 4.4710343701532984e-8
482 4.4710343701532984e-8
483 4.4710343701532984e-8
484 4.4710343701532984e-8
485 4.4710343701532984e-8
486 4.4710343701532984e-8
487 4.4710343701532984e-8
488 4.5428118758431156e-8
489 4.5428118758431156e-8
490 4.5428118758431156e-8
491 4.5428118758431156e-8
492 4.5428118758431156e-8
493 4.5428118758431156e-8
494 4.5428118758431156e-8
495 4.636699558376402e-8
496 4.6312520942714866e-8
497 4.6312520942714866e-8
498 4.731388133646487e-8
499 4.7227364262943095e-8
500 4.683002392086304e-8
501 4.668903281747399e-8
502 4.678836759740306e-8
503 4.678836759740306e-8
504 4.678836759740306e-8
505 4.678836759740306e-8
506 4.678836759740306e-8
507 4.7860224154029466e-8
508 4.7871439341544916e-8
509 4.778812608344309e-8
510 4.7732050145865846e-8
511 4.773525396128579e-8
512 4.7429238249403065e-8
513 4.745006671672399e-8
514 4.7591057820113037e-8
515 4.7591057820113037e-8
516 4.7591057820113037e-8
517 4.7591057820113037e-8
518 4.7591057820113037e-8
519 4.858120302634759e-8
520 4.862446186869941e-8
521 4.9255719240893934e-8
522 4.920765406423031e-8
523 4.925251542547399e-8
524 4.919964330331669e-8
525 4.930378441755756e-8
526 4.9576154566893935e-8
527 4.902019969188761e-8
528 4.931179517847118e-8
529 4.951206725722118e-8
530 4.953449763225208e-8
531 4.9326215403770336e-8
532 4.886959469751121e-8
533 4.938389386023944e-8
534 4.937267867272399e-8
535 4.886639027090938e-8
536 4.886639027090938e-8
537 4.886639027090938e-8
538 4.9938246216353906e-8
539 4.988857913198031e-8
540 4.990780508040939e-8
541 4.961941279806388e-8
542 4.978924435205124e-8
543 5.020741193908846e-8
544 5.123600904218115e-8
545 5.115910524846486e-8
546 5.1284074218844774e-8
547 5.14474963084466e-8
548 5.152920765883845e-8
549 5.1402635558384805e-8
550 5.131291344707933e-8
551 5.1075791990363035e-8
552 5.070889339540938e-8
553 5.180318032706668e-8
554 5.2867025511597574e-8
555 5.2708409756307545e-8
556 5.205952834339392e-8
557 5.2072346049801225e-8
558 5.292310144917482e-8
559 5.3118566582431145e-8
560 5.2847799563168506e-8
561 5.263791420461303e-8
562 5.36985549625421e-8
563 5.3195471598511206e-8
564 5.347104617444941e-8
565 5.3211493120338455e-8
566 5.3370108875628484e-8
567 5.338933482405756e-8
568 5.361844674222399e-8
569 5.3437400611903065e-8
570 5.314260008753579e-8
571 5.3717780910971184e-8
572 5.589033203009478e-8
573 5.589033203009478e-8
574 5.589033203009478e-8
575 5.589033203009478e-8
576 5.589033203009478e-8
577 5.589033203009478e-8
578 5.589033203009478e-8
579 5.725057964670293e-8
580 5.70599208477584e-8
581 5.768797440453298e-8
582 5.799719454301753e-8
583 5.864447404822118e-8
584 6.056868852311303e-8
585 6.056868852311303e-8
586 6.056868852311303e-8
587 6.056868852311303e-8
588 6.056868852311303e-8
589 6.056868852311303e-8
590 6.056868852311303e-8
591 6.056868852311303e-8
592 6.056868852311303e-8
593 6.056868852311303e-8
594 6.056868852311303e-8
595 6.056868852311303e-8
596 6.056868852311303e-8
597 6.056868852311303e-8
598 6.142264834908844e-8
599 6.171424505803577e-8
600 6.133452875667482e-8
601 6.171584696574575e-8
602 6.177993366423662e-8
603 6.157805967777664e-8
604 6.140983125386301e-8
605 6.140983125386301e-8
606 6.140983125386301e-8
607 6.140983125386301e-8
608 6.140983125386301e-8
609 6.140983125386301e-8
610 6.140983125386301e-8
611 6.140983125386301e-8
612 6.140983125386301e-8
613 6.140983125386301e-8
614 6.140983125386301e-8
615 6.140983125386301e-8
616 6.140983125386301e-8
617 6.260665739205121e-8
618 6.260665739205121e-8
619 6.260665739205121e-8
620 6.260665739205121e-8
621 6.260665739205121e-8
622 6.260665739205121e-8
623 6.260665739205121e-8
624 6.260665739205121e-8
625 6.260665739205121e-8
626 6.260665739205121e-8
627 6.260665739205121e-8
628 6.260665739205121e-8
629 6.260665739205121e-8
630 6.260665739205121e-8
631 6.345100454940303e-8
632 6.382591390527031e-8
633 6.39861315682703e-8
634 6.39156354053939e-8
635 6.392524868519937e-8
636 6.377304239429487e-8
637 6.400535751669937e-8
638 6.339653051953574e-8
639 6.383552718507577e-8
640 6.325714132385667e-8
641 6.384674237259122e-8
642 6.352630643540934e-8
643 6.352630643540934e-8
644 6.352630643540934e-8
645 6.435142764433209e-8
646 6.402778789173027e-8
647 6.402778789173027e-8
648 6.483848948653575e-8
649 6.491379137254207e-8
650 6.496826540240935e-8
651 6.464302435327943e-8
652 6.46221958859585e-8
653 6.521339884240303e-8
654 6.58863131492394e-8
655 6.610741308412845e-8
656 6.855393748266215e-8
657 6.855393748266215e-8
658 6.905221512356313e-8
659 6.980844268850134e-8
660 6.932778908831945e-8
661 6.930215367550484e-8
662 6.924607773792758e-8
663 7.066079999558488e-8
664 7.038041908533489e-8
665 6.999109011535034e-8
666 7.017213563448938e-8
667 7.013688816423306e-8
668 7.017053372677942e-8
669 6.988054014790582e-8
670 6.981485031934122e-8
671 6.991418571045218e-8
672 7.031312796024221e-8
673 6.973634400673308e-8
674 6.996865974031945e-8
675 6.978280666450485e-8
676 6.971391363170218e-8
677 6.971391363170218e-8
678 6.971391363170218e-8
679 6.971391363170218e-8
680 6.971391363170218e-8
681 6.971391363170218e-8
682 6.971391363170218e-8
683 6.971391363170218e-8
684 6.971391363170218e-8
685 6.971391363170218e-8
686 6.971391363170218e-8
687 6.971391363170218e-8
688 6.971391363170218e-8
689 6.971391363170218e-8
690 6.971391363170218e-8
691 6.971391363170218e-8
692 6.971391363170218e-8
693 6.971391363170218e-8
694 6.971391363170218e-8
695 6.971391363170218e-8
696 6.971391363170218e-8
697 6.971391363170218e-8
698 6.971391363170218e-8
699 6.971391363170218e-8
700 6.971391363170218e-8
701 7.13064769818967e-8
702 7.120554029425765e-8
703 7.123277700360035e-8
704 7.09684176151776e-8
705 7.0798587283554e-8
706 7.088670626478574e-8
707 7.088670626478574e-8
708 7.088670626478574e-8
709 7.134653078646481e-8
710 7.135774597398026e-8
711 7.135774597398026e-8
712 7.135774597398026e-8
713 7.135774597398026e-8
714 7.135774597398026e-8
715 7.135774597398026e-8
716 7.135774597398026e-8
717 7.135774597398026e-8
718 7.135774597398026e-8
719 7.16813851154002e-8
720 7.224374945479205e-8
721 7.229021211256382e-8
722 7.258341072922112e-8
723 7.181596797676746e-8
724 7.16990091561193e-8
725 7.200182105258207e-8
726 7.231264248759471e-8
727 7.269556382673937e-8
728 7.214922100917476e-8
729 7.23575032376565e-8
730 7.162370727011296e-8
731 7.199380968048656e-8
732 7.18672375800329e-8
733 7.18672375800329e-8
734 7.18672375800329e-8
735 7.237993422386929e-8
736 7.237993422386929e-8
737 7.237993422386929e-8
738 7.237993422386929e-8
739 7.237993422386929e-8
740 7.237993422386929e-8
741 7.274202648451114e-8
742 7.330278830501114e-8
743 7.323389527220847e-8
744 7.275324167202659e-8
745 7.272920938928572e-8
746 7.286218973176114e-8
747 7.286218973176114e-8
748 7.305605295730748e-8
749 7.361361035120566e-8
750 7.361361035120566e-8
751 7.361361035120566e-8
752 7.361361035120566e-8
753 7.361361035120566e-8
754 7.361361035120566e-8
755 7.361361035120566e-8
756 7.361361035120566e-8
757 7.361361035120566e-8
758 7.361361035120566e-8
759 7.361361035120566e-8
760 7.361361035120566e-8
761 7.361361035120566e-8
762 7.361361035120566e-8
763 7.361361035120566e-8
764 7.361361035120566e-8
765 7.361361035120566e-8
766 7.361361035120566e-8
767 7.496584781808206e-8
768 7.496584781808206e-8
769 7.496584781808206e-8
770 7.496584781808206e-8
771 7.570124691569933e-8
772 7.570124691569933e-8
773 7.570124691569933e-8
774 7.570124691569933e-8
775 7.570124691569933e-8
776 7.570124691569933e-8
777 7.710475398584118e-8
778 7.734828551812488e-8
779 7.730662858348303e-8
780 7.739795260249848e-8
781 7.759181582804483e-8
782 7.707751727649848e-8
783 7.706630208898303e-8
784 7.678111484442123e-8
785 7.678111484442123e-8
786 7.770717274098303e-8
787 7.770236640667123e-8
788 7.728259630074215e-8
789 7.921161649876392e-8
790 7.910587347681308e-8
791 7.868610275970212e-8
792 8.020817116938401e-8
793 8.042606667767123e-8
794 8.248646592164033e-8
795 8.324269348657854e-8
796 8.314816504096126e-8
797 8.314816504096126e-8
798 8.372334708676041e-8
799 8.398610395629132e-8
800 8.401173814674216e-8
801 8.405019065478219e-8
802 8.395245839374496e-8
803 8.399091029060311e-8
804 8.389958627158767e-8
805 8.457890882044582e-8
806 8.484006378226674e-8
807 8.653676885788402e-8
808 8.653676885788402e-8
809 8.653676885788402e-8
810 8.653676885788402e-8
811 8.653676885788402e-8
812 8.653676885788402e-8
813 8.653676885788402e-8
814 8.653676885788402e-8
815 8.653676885788402e-8
816 8.653676885788402e-8
817 8.653676885788402e-8
818 8.653676885788402e-8
819 8.653676885788402e-8
820 8.653676885788402e-8
821 8.653676885788402e-8
822 8.653676885788402e-8
823 8.705907878152587e-8
824 8.705907878152587e-8
825 8.705907878152587e-8
826 8.705907878152587e-8
827 8.705907878152587e-8
828 8.77704449852204e-8
829 8.841451945264034e-8
830 8.831999161820495e-8
831 8.834402390094582e-8
832 8.832640047140859e-8
833 8.839529350421126e-8
834 8.831838909931308e-8
835 8.862120099577586e-8
836 8.867887884106308e-8
837 8.880384842262488e-8
838 8.816778471611855e-8
839 8.83840783166958e-8
840 8.840490678401672e-8
841 8.862120099577584e-8
842 8.84545744795722e-8
843 8.84721985202913e-8
844 8.858915734093947e-8
845 8.830236757748582e-8
846 8.817419295814031e-8
847 8.821905493056587e-8
848 8.871893325681305e-8
849 8.864042694420491e-8
850 8.861318962368034e-8
851 8.854589849858765e-8
852 8.843054219683132e-8
853 8.856672696590857e-8
854 8.988852329684045e-8
855 8.94030627511649e-8
856 8.932455643855675e-8
857 8.914671473483766e-8
858 8.956167789527305e-8
859 8.917555396307221e-8
860 8.953283927822038e-8
861 9.04492845061586e-8
862 8.960333482991492e-8
863 9.160765813630678e-8
864 9.569961678482854e-8
865 9.589348001037489e-8
866 9.556984025777307e-8
867 9.640457352413754e-8
868 9.63965627632239e-8
869 9.670097595621478e-8
870 9.672020251582573e-8
871 9.651191967616211e-8
872 9.73049966190666e-8
873 9.602005088846477e-8
874 9.810768745295846e-8
875 9.816216148282574e-8
876 9.826630320824849e-8
877 9.798912611341844e-8
878 9.854347908071479e-8
879 9.871170811581029e-8
880 9.954804512343039e-8
881 9.921799590644302e-8
882 9.904175672161578e-8
883 9.956246473754767e-8
884 9.990853425399851e-8
885 9.984444694432577e-8
886 9.979317734106031e-8
887 1.0024499110182576e-7
888 1.0024499110182576e-7
889 1.0024499110182576e-7
890 1.0024499110182576e-7
891 1.013905482479304e-7
892 1.0116944770185947e-7
893 1.012175128785231e-7
894 1.0090829274003854e-7
895 1.0320901847850765e-7
896 1.032907298288995e-7
897 1.033676336226158e-7
898 1.031305121658995e-7
899 1.0289018506021762e-7
900 1.041414852282731e-7
901 1.041414852282731e-7
902 1.041414852282731e-7
903 1.041414852282731e-7
904 1.041414852282731e-7
905 1.041414852282731e-7
906 1.041414852282731e-7
907 1.041414852282731e-7
908 1.041414852282731e-7
909 1.041414852282731e-7
910 1.041414852282731e-7
911 1.041414852282731e-7
912 1.041414852282731e-7
913 1.041414852282731e-7
914 1.041414852282731e-7
915 1.041414852282731e-7
916 1.041414852282731e-7
917 1.041414852282731e-7
918 1.041414852282731e-7
919 1.041414852282731e-7
920 1.041414852282731e-7
921 1.041414852282731e-7
922 1.0470064514106312e-7
923 1.0470064514106312e-7
924 1.0479677549439037e-7
925 1.0536715059469584e-7
926 1.0527742787220848e-7
927 1.0554659420612492e-7
928 1.0528383733659401e-7
929 1.0513964119542126e-7
930 1.0508196335013404e-7
931 1.0534472021966494e-7
932 1.0629641291785946e-7
933 1.0681872284150132e-7
934 1.0913867452839949e-7
935 1.0913867452839949e-7
936 1.0913867452839949e-7
937 1.0913867452839949e-7
938 1.0913867452839949e-7
939 1.0913867452839949e-7
940 1.0913867452839949e-7
941 1.1019130452541494e-7
942 1.1042201835129134e-7
943 1.1009196974548587e-7
944 1.0981639578072955e-7
945 1.098372236368686e-7
946 1.0979236227562492e-7
947 1.1007114127816495e-7
948 1.0991733246836859e-7
949 1.0983562172915862e-7
950 1.0971385596301676e-7
951 1.0969623192229766e-7
952 1.0953761616700763e-7
953 1.0958247691706943e-7
954 1.095648540987141e-7
955 1.0987567553372673e-7
956 1.097651261774641e-7
957 1.1003589380790862e-7
958 1.1003589380790862e-7
959 1.1059184868291493e-7
960 1.1047488986226676e-7
961 1.1066715118010315e-7
962 1.104508575795259e-7
963 1.1042201835129134e-7
964 1.0959048828916494e-7
965 1.0979716922111859e-7
966 1.1019130452541494e-7
967 1.1342770144025132e-7
968 1.1495297305417127e-7
969 1.1484402499443672e-7
970 1.1485524018195217e-7
971 1.1405735629355399e-7
972 1.1405735629355399e-7
973 1.1405735629355399e-7
974 1.1405735629355399e-7
975 1.1405735629355399e-7
976 1.1405735629355399e-7
977 1.1405735629355399e-7
978 1.1405735629355399e-7
979 1.1405735629355399e-7
980 1.1558423042636579e-7
981 1.1691884446370498e-7
982 1.1680028312416495e-7
983 1.1669453949103223e-7
984 1.1722966650989952e-7
985 1.1760938220007859e-7
986 1.1783689159935317e-7
987 1.1787694540392128e-7
988 1.1763341448281946e-7
989 1.1748281071080682e-7
990 1.1809163770797044e-7
991 1.1971944913960316e-7
992 1.1997739967482226e-7
993 1.1997739967482226e-7
994 1.1997739967482226e-7
995 1.1997739967482226e-7
996 1.1997739967482226e-7
997 1.1997739967482226e-7
998 1.2066473298459405e-7
999 1.2066473298459405e-7
1000 1.2119024672365586e-7
1001 1.2152029532946133e-7
1002 1.2152029532946133e-7
1003 1.2152029532946133e-7
1004 1.2152029532946133e-7
1005 1.2152029532946133e-7
1006 1.2152029532946133e-7
1007 1.2152029532946133e-7
1008 1.2152029532946133e-7
1009 1.2152029532946133e-7
1010 1.2152029532946133e-7
1011 1.2236304057910317e-7
1012 1.2217718750328857e-7
1013 1.2181349394611862e-7
1014 1.2181349394611862e-7
1015 1.2268988475830683e-7
1016 1.2309363273122678e-7
1017 1.2329871175547047e-7
1018 1.2318335484253228e-7
1019 1.2361113570937497e-7
1020 1.2267226010640589e-7
1021 1.2242071842439044e-7
1022 1.2242071842439044e-7
1023 1.2298949100580408e-7
1024 1.232874959567732e-7
1025 1.2297827581828864e-7
1026 1.2293822140253864e-7
1027 1.224687836010541e-7
1028 1.2327147443494596e-7
1029 1.2334837883984412e-7
1030 1.2343329400565593e-7
1031 1.2359351166865592e-7
1032 1.2358229648114049e-7
1033 1.2450995689659414e-7
1034 1.2446028920103867e-7
1035 1.235999205218596e-7
1036 1.235999205218596e-7
1037 1.2422957537516226e-7
1038 1.2490729662749231e-7
1039 1.2420073675810959e-7
1040 1.2420073675810959e-7
1041 1.2420073675810959e-7
1042 1.2420073675810959e-7
1043 1.2420073675810959e-7
1044 1.2420073675810959e-7
1045 1.2420073675810959e-7
1046 1.2420073675810959e-7
1047 1.2420073675810959e-7
1048 1.2420073675810959e-7
1049 1.2483519855690592e-7
1050 1.249473510432423e-7
1051 1.249473510432423e-7
1052 1.2518927944545227e-7
1053 1.2518927944545227e-7
1054 1.2518927944545227e-7
1055 1.2551131729034413e-7
1056 1.2579169820059414e-7
1057 1.2614257527372054e-7
1058 1.2616660755646142e-7
1059 1.2616660755646142e-7
1060 1.2616660755646142e-7
1061 1.2616660755646142e-7
1062 1.2616660755646142e-7
1063 1.2616660755646142e-7
1064 1.2645980556193684e-7
1065 1.2692764084452954e-7
1066 1.2692764084452954e-7
1067 1.2697891044779499e-7
1068 1.2697891044779499e-7
1069 1.2697891044779499e-7
1070 1.2814849926545862e-7
1071 1.2808921829009767e-7
1072 1.2810684233081677e-7
1073 1.2832153402368405e-7
1074 1.280267334993168e-7
1075 1.27661437423255e-7
1076 1.2749481090705134e-7
1077 1.2772712664063772e-7
1078 1.2734741095045865e-7
1079 1.279738613771595e-7
1080 1.2862594782785683e-7
1081 1.3101319186221147e-7
1082 1.3101319186221147e-7
1083 1.3146019867748325e-7
1084 1.3142014426173325e-7
1085 1.3142014426173325e-7
1086 1.3214432817183508e-7
1087 1.321747699189615e-7
1088 1.3243592488078242e-7
1089 1.3304475126676417e-7
1090 1.3478952151904508e-7
1091 1.3478952151904508e-7
1092 1.3478952151904508e-7
1093 1.3478952151904508e-7
1094 1.3478952151904508e-7
1095 1.3478952151904508e-7
1096 1.3478952151904508e-7
1097 1.3478952151904508e-7
1098 1.3478952151904508e-7
1099 1.3587579707860688e-7
1100 1.3587579707860688e-7
1101 1.3587579707860688e-7
1102 1.3587579707860688e-7
1103 1.3587579707860688e-7
1104 1.3587579707860688e-7
1105 1.3587579707860688e-7
1106 1.3587579707860688e-7
1107 1.3587579707860688e-7
1108 1.3587579707860688e-7
1109 1.3587579707860688e-7
1110 1.361241337228386e-7
1111 1.368531245784341e-7
1112 1.366656702060914e-7
1113 1.375789110074278e-7
1114 1.371799681464559e-7
1115 1.374427250159868e-7
1116 1.3770387936662583e-7
1117 1.3757410345075225e-7
1118 1.3772791287173047e-7
1119 1.378064191843386e-7
1120 1.3748918828494044e-7
1121 1.3750681232565955e-7
1122 1.375837167305577e-7
1123 1.380483475865486e-7
1124 1.3841364427379227e-7
1125 1.3765901861656403e-7
1126 1.3858187269770588e-7
1127 1.3970820389538145e-7
1128 1.4040995559690673e-7
1129 1.4040995559690673e-7
1130 1.4040995559690673e-7
1131 1.4040995559690673e-7
1132 1.4040995559690673e-7
1133 1.4040995559690673e-7
1134 1.4063906690389127e-7
1135 1.407752522841504e-7
1136 1.407752522841504e-7
1137 1.407752522841504e-7
1138 1.407752522841504e-7
1139 1.411806033871441e-7
1140 1.4131678815622135e-7
1141 1.4168208423228314e-7
1142 1.4139209065340954e-7
1143 1.4107966608832317e-7
1144 1.4105723571329226e-7
1145 1.4105723571329226e-7
1146 1.4105723571329226e-7
1147 1.4105723571329226e-7
1148 1.4121424894969044e-7
1149 1.4121424894969044e-7
1150 1.4121424894969044e-7
1151 1.4121424894969044e-7
1152 1.4121424894969044e-7
1153 1.4121424894969044e-7
1154 1.4121424894969044e-7
1155 1.4121424894969044e-7
1156 1.4121424894969044e-7
1157 1.4121424894969044e-7
1158 1.4121424894969044e-7
1159 1.4121424894969044e-7
1160 1.4121424894969044e-7
1161 1.4121424894969044e-7
1162 1.4121424894969044e-7
1163 1.4237582700644043e-7
1164 1.418198721314341e-7
1165 1.418198721314341e-7
1166 1.418198721314341e-7
1167 1.418198721314341e-7
1168 1.418198721314341e-7
1169 1.418198721314341e-7
1170 1.4216113531357314e-7
1171 1.4216113531357314e-7
1172 1.4216113531357314e-7
1173 1.4216113531357314e-7
1174 1.4317210898712862e-7
1175 1.4389148595173677e-7
1176 1.436671815902459e-7
1177 1.437344727153386e-7
1178 1.4387866885651135e-7
1179 1.4387866885651135e-7
1180 1.4387866885651135e-7
1181 1.4429683705473045e-7
1182 1.4457721857616233e-7
1183 1.4477268370941864e-7
1184 1.4480632927196498e-7
1185 1.4440738763335682e-7
1186 1.4483516850019952e-7
1187 1.4452274393511315e-7
1188 1.4501941905712228e-7
1189 1.4423755607936948e-7
1190 1.4423755607936948e-7
1191 1.4581570042662862e-7
1192 1.461954161168077e-7
1193 1.459711117553168e-7
1194 1.4620983511974308e-7
1195 1.462402768668695e-7
1196 1.4629955723104855e-7
1197 1.4643894703790951e-7
1198 1.468859538531813e-7
1199 1.4927159536864407e-7
1200 1.4927159536864407e-7
1201 1.4927159536864407e-7
1202 1.4927159536864407e-7
1203 1.4927159536864407e-7
1204 1.4927159536864407e-7
1205 1.505613474335577e-7
1206 1.505613474335577e-7
1207 1.505613474335577e-7
1208 1.505613474335577e-7
1209 1.505613474335577e-7
1210 1.5112691619955137e-7
1211 1.5147138319711037e-7
1212 1.5148580342240952e-7
1213 1.5132558575940952e-7
1214 1.5134160728123676e-7
1215 1.5105321622125502e-7
1216 1.5101155928661318e-7
1217 1.5118138961823677e-7
1218 1.5128392943594954e-7
1219 1.5113652886817496e-7
1220 1.5148900784901134e-7
1221 1.5170049511527677e-7
1222 1.5084653467811947e-7
1223 1.5098752700387227e-7
1224 1.5077924355302676e-7
1225 1.5164922490082944e-7
1226 1.5213628735421498e-7
1227 1.5226285945466863e-7
1228 1.5245351825361315e-7
1229 1.5225645060146497e-7
1230 1.5256567073994952e-7
1231 1.5239744170485402e-7
1232 1.5266500551987858e-7
1233 1.523029138704186e-7
1234 1.5220838481361946e-7
1235 1.5332830715809135e-7
1236 1.5220838603598318e-7
1237 1.523013119627086e-7
1238 1.523477746204804e-7
1239 1.5265379094354498e-7
1240 1.5254324097610045e-7
1241 1.5253042265851126e-7
1242 1.5268743650609132e-7
1243 1.5319212177783218e-7
1244 1.538057551093076e-7
1245 1.5374006650310676e-7
1246 1.5552809620892136e-7
1247 1.5552809620892136e-7
1248 1.5552809620892136e-7
1249 1.5552809620892136e-7
1250 1.5552809620892136e-7
1251 1.5552809620892136e-7
1252 1.5552809620892136e-7
1253 1.5552809620892136e-7
1254 1.5552809620892136e-7
1255 1.5552809620892136e-7
1256 1.5552809620892136e-7
1257 1.5552809620892136e-7
1258 1.5552809620892136e-7
1259 1.5552809620892136e-7
1260 1.562602908799368e-7
1261 1.563852604614986e-7
1262 1.5628752820046137e-7
1263 1.5624907569242134e-7
1264 1.5594946883374228e-7
1265 1.561048795512486e-7
1266 1.5638686298039046e-7
1267 1.5656630659181954e-7
1268 1.561369225949031e-7
1269 1.5643973449136588e-7
1270 1.5593825364622684e-7
1271 1.559366505161531e-7
1272 1.559366505161531e-7
1273 1.559366505161531e-7
1274 1.5623946180143402e-7
1275 1.5623946180143402e-7
1276 1.5686911726591856e-7
1277 1.5645094967888135e-7
1278 1.5706137858375494e-7
1279 1.5689154764094946e-7
1280 1.5710784185270858e-7
1281 1.5707099125237853e-7
1282 1.565054237087486e-7
1283 1.56479788295934e-7
1284 1.56479788295934e-7
1285 1.5682425651585675e-7
1286 1.5682425651585675e-7
1287 1.5682425651585675e-7
1288 1.5786567132535675e-7
1289 1.5826621548285675e-7
1290 1.5842643314585675e-7
1291 1.5765578657798316e-7
1292 1.577038511434649e-7
1293 1.5788810170038765e-7
1294 1.5777594921405128e-7
1295 1.584921223632395e-7
1296 1.584921223632395e-7
1297 1.5910255187929498e-7
1298 1.5896155955354218e-7
1299 1.5902084052890313e-7
1300 1.5902084052890313e-7
1301 1.6010711608846493e-7
1302 1.6010711608846493e-7
1303 1.6073356712634765e-7
1304 1.6035224891727673e-7
1305 1.6059898487616227e-7
1306 1.6028015084669037e-7
1307 1.603762818111995e-7
1308 1.6141929852840948e-7
1309 1.6332749209265596e-7
1310 1.6447785373952675e-7
1311 1.6447785373952675e-7
1312 1.6447785373952675e-7
1313 1.6447785373952675e-7
1314 1.6447785373952675e-7
1315 1.6447785373952675e-7
1316 1.6447785373952675e-7
1317 1.6447785373952675e-7
1318 1.6447785373952675e-7
1319 1.6447785373952675e-7
1320 1.6447785373952675e-7
1321 1.6447785373952675e-7
1322 1.6447785373952675e-7
1323 1.6447785373952675e-7
1324 1.6447785373952675e-7
1325 1.6447785373952675e-7
1326 1.6447785373952675e-7
1327 1.6447785373952675e-7
1328 1.6447785373952675e-7
1329 1.6447785373952675e-7
1330 1.6447785373952675e-7
1331 1.6447785373952675e-7
1332 1.6447785373952675e-7
1333 1.6447785373952675e-7
1334 1.6447785373952675e-7
1335 1.6447785373952675e-7
1336 1.6447785373952675e-7
1337 1.6447785373952675e-7
1338 1.6447785373952675e-7
1339 1.6463166193814122e-7
1340 1.648591713374158e-7
1341 1.6530778128276132e-7
1342 1.6507546554917493e-7
1343 1.6494408650322759e-7
1344 1.6481270867964402e-7
1345 1.656121938645703e-7
1346 1.6536866355465035e-7
1347 1.6525811358720583e-7
1348 1.6521805917145582e-7
1349 1.6521805917145582e-7
1350 1.6533341547321215e-7
1351 1.6527894205452675e-7
1352 1.649424845955176e-7
1353 1.6537347050014402e-7
1354 1.6507226112257308e-7
1355 1.655609248724867e-7
1356 1.6557854830202392e-7
1357 1.6627229107618124e-7
1358 1.6627229107618124e-7
1359 1.6628510817140665e-7
1360 1.6633477586696212e-7
1361 1.6587975706841296e-7
1362 1.6587975706841296e-7
1363 1.6632035564166297e-7
1364 1.6637963661702392e-7
1365 1.6657349984257028e-7
1366 1.6657349984257028e-7
1367 1.6690354844837575e-7
1368 1.6762452732069387e-7
1369 1.6775911079324304e-7
1370 1.676629804399158e-7
1371 1.6735856663574304e-7
1372 1.6787767152160118e-7
1373 1.6953752660807028e-7
1374 1.6951669875193125e-7
1375 1.698002834776012e-7
1376 1.698002834776012e-7
1377 1.7100351785781116e-7
1378 1.7109804630342843e-7
1379 1.7109804630342843e-7
1380 1.7142649239034206e-7
1381 1.7139444873550567e-7
1382 1.7139444873550567e-7
1383 1.7212023455331748e-7
1384 1.7205774976253657e-7
1385 1.7205774976253657e-7
1386 1.7205774976253657e-7
1387 1.7205774976253657e-7
1388 1.7205774976253657e-7
1389 1.7205774976253657e-7
1390 1.7205774976253657e-7
1391 1.7205774976253657e-7
1392 1.7205774976253657e-7
1393 1.7205774976253657e-7
1394 1.7205774976253657e-7
1395 1.7205774976253657e-7
1396 1.7205774976253657e-7
1397 1.7205774976253657e-7
1398 1.7205774976253657e-7
1399 1.7205774976253657e-7
1400 1.7205774976253657e-7
1401 1.7205774976253657e-7
1402 1.7205774976253657e-7
1403 1.7205774976253657e-7
1404 1.7205774976253657e-7
1405 1.7205774976253657e-7
1406 1.7205774976253657e-7
1407 1.7205774976253657e-7
1408 1.7304789496877113e-7
1409 1.7347567583561383e-7
1410 1.738105307757311e-7
1411 1.7364710929731115e-7
1412 1.7393069463416298e-7
1413 1.7394190982167842e-7
1414 1.741069338189902e-7
1415 1.7344683721856112e-7
1416 1.7361025869698107e-7
1417 1.7383616618854568e-7
1418 1.741261597674193e-7
1419 1.7386981175109205e-7
1420 1.7324175819431746e-7
1421 1.7368556119416929e-7
1422 1.735653979469193e-7
1423 1.7367915295214754e-7
1424 1.736647327268484e-7
1425 1.7362628082999025e-7
1426 1.7377368139776483e-7
1427 1.7344523408848744e-7
1428 1.7362948525659207e-7
1429 1.7387141365880205e-7
1430 1.734820846888175e-7
1431 1.7351092391705204e-7
1432 1.7336352396045935e-7
1433 1.7336352396045935e-7
1434 1.7336352396045935e-7
1435 1.7336352396045935e-7
1436 1.7336352396045935e-7
1437 1.7336352396045935e-7
1438 1.7336352396045935e-7
1439 1.7336352396045935e-7
1440 1.7336352396045935e-7
1441 1.7336352396045935e-7
1442 1.7336352396045935e-7
1443 1.7336352396045935e-7
1444 1.7336352396045935e-7
1445 1.7336352396045935e-7
1446 1.7336352396045935e-7
1447 1.7336352396045935e-7
1448 1.7336352396045935e-7
1449 1.7336352396045935e-7
1450 1.7336352396045935e-7
1451 1.7336352396045935e-7
1452 1.7336352396045935e-7
1453 1.7336352396045935e-7
1454 1.7336352396045935e-7
1455 1.7336352396045935e-7
1456 1.739178769277557e-7
1457 1.739178769277557e-7
1458 1.747814500335366e-7
1459 1.7492564617470936e-7
1460 1.7461963107400852e-7
1461 1.7521083403045303e-7
1462 1.7528934095424306e-7
1463 1.7528934095424306e-7
1464 1.756306041363821e-7
1465 1.7578761737278028e-7
1466 1.7611446155198394e-7
1467 1.762490450245331e-7
1468 1.763563905653758e-7
1469 1.7592860908735122e-7
1470 1.7598148059832664e-7
1471 1.763660032339994e-7
1472 1.763660032339994e-7
1473 1.763660032339994e-7
1474 1.763660032339994e-7
1475 1.763660032339994e-7
1476 1.763660032339994e-7
1477 1.763660032339994e-7
1478 1.763660032339994e-7
1479 1.763660032339994e-7
1480 1.7689632452973677e-7
1481 1.7689632452973677e-7
1482 1.7833347777360686e-7
1483 1.7841358599392498e-7
1484 1.7793293361610686e-7
1485 1.7799221336910406e-7
1486 1.773433325673723e-7
1487 1.7708858645875502e-7
1488 1.7766536918990038e-7
1489 1.7766536918990038e-7
1490 1.7766536918990038e-7
1491 1.7766536918990038e-7
1492 1.7922749201533225e-7
1493 1.7936047296898955e-7
1494 1.7914738257265035e-7
1495 1.7955113176793406e-7
1496 1.7951588368649585e-7
1497 1.7951588368649585e-7
1498 1.7951588368649585e-7
1499 1.8044033967534769e-7
1500 1.8044033967534769e-7
1501 1.8044033967534769e-7
1502 1.8044033967534769e-7
1503 1.8044033967534769e-7
1504 1.8044033967534769e-7
1505 1.8044033967534769e-7
1506 1.8044033967534769e-7
1507 1.8044033967534769e-7
1508 1.8044033967534769e-7
1509 1.8044033967534769e-7
1510 1.813471716234804e-7
1511 1.8229245607965317e-7
1512 1.8250874968023043e-7
1513 1.8252957753636946e-7
1514 1.8276029136224587e-7
1515 1.8314481399791863e-7
1516 1.8251676044114405e-7
1517 1.8222836876998042e-7
1518 1.8278592677506048e-7
1519 1.8265935467460683e-7
1520 1.8246709274558858e-7
1521 1.835613796772459e-7
1522 1.8444898567694954e-7
1523 1.845707514430914e-7
1524 1.8438329584838495e-7
1525 1.8415899209807596e-7
1526 1.8497129437822764e-7
1527 1.8530935435612862e-7
1528 1.8572592003545588e-7
1529 1.8536543029370589e-7
1530 1.8546957201912864e-7
1531 1.8579321054936672e-7
1532 1.8581403901668764e-7
1533 1.860783984051104e-7
1534 1.860783984051104e-7
1535 1.860783984051104e-7
1536 1.860783984051104e-7
1537 1.8678335636678314e-7
1538 1.8673689370901136e-7
1539 1.8722555745892498e-7
1540 1.8735212894819675e-7
1541 1.8776228638550223e-7
1542 1.870557265161195e-7
1543 1.870557265161195e-7
1544 1.8668562349456403e-7
1545 1.8726400935578312e-7
1546 1.8726721378238494e-7
1547 1.8724318149964406e-7
1548 1.87207932807024e-7
1549 1.8723036379323678e-7
1550 1.8717268533676767e-7
1551 1.8714705114631684e-7
1552 1.8717909418997134e-7
1553 1.8722876127434494e-7
1554 1.872031270838941e-7
1555 1.871678790024559e-7
1556 1.8662474122267501e-7
1557 1.869900372987368e-7
1558 1.869900372987368e-7
1559 1.869900372987368e-7
1560 1.869900372987368e-7
1561 1.869900372987368e-7
1562 1.8817084130391588e-7
1563 1.8817084130391588e-7
1564 1.8817084130391588e-7
1565 1.8817084130391588e-7
1566 1.8817084130391588e-7
1567 1.8817084130391588e-7
1568 1.8817084130391588e-7
1569 1.8817084130391588e-7
1570 1.8817084130391588e-7
1571 1.8817084130391588e-7
1572 1.893756782030177e-7
1573 1.893756782030177e-7
1574 1.893756782030177e-7
1575 1.893756782030177e-7
1576 1.893756782030177e-7
1577 1.893756782030177e-7
1578 1.893756782030177e-7
1579 1.893756782030177e-7
1580 1.893756782030177e-7
1581 1.893756782030177e-7
1582 1.893756782030177e-7
1583 1.893756782030177e-7
1584 1.8943495856719675e-7
1585 1.8943495856719675e-7
1586 1.8943495856719675e-7
1587 1.8943495856719675e-7
1588 1.8943495856719675e-7
1589 1.8943495856719675e-7
1590 1.8970091925214758e-7
1591 1.9042510255106752e-7
1592 1.9042510255106752e-7
1593 1.9117171683620026e-7
1594 1.9180617924617848e-7
1595 1.9162833754245939e-7
1596 1.9127906298822483e-7
1597 1.914537002653421e-7
1598 1.9134955915110125e-7
1599 1.9176772673813846e-7
1600 1.9141204333070026e-7
1601 1.91436076224623e-7
1602 1.9175010330860124e-7
1603 1.9176932864584843e-7
1604 1.910851991514966e-7
1605 1.9174689888199942e-7
1606 1.9292770349836038e-7
1607 1.9228362903094045e-7
1608 1.9222755187099946e-7
1609 1.9241660876223402e-7
1610 1.9350769065610762e-7
1611 1.935493469795676e-7
1612 1.9352050775133306e-7
1613 1.9350608813721578e-7
1614 1.9292930479488852e-7
1615 1.931119534441013e-7
1616 1.9340034511526494e-7
1617 1.933042141507558e-7
1618 1.931311787813485e-7
1619 1.9353332606892226e-7
1620 1.9342598052807955e-7
1621 1.9392425694661677e-7
1622 1.94278338446345e-7
1623 1.943231991964068e-7
1624 1.945314820360704e-7
1625 1.94278338446345e-7
1626 1.9411491635674317e-7
1627 1.9614807889136957e-7
1628 1.963916092012895e-7
1629 1.9725358039936043e-7
1630 1.971398253941322e-7
1631 1.9706452350812587e-7
1632 1.969699944513267e-7
1633 1.967569052773513e-7
1634 1.9654221358448401e-7
1635 1.9682259449473402e-7
1636 1.9848405210009496e-7
1637 1.98400739453175e-7
1638 1.9857217230369046e-7
1639 1.9946138021110408e-7
1640 1.9942613274084776e-7
1641 1.993139802545114e-7
1642 1.9883012222772767e-7
1643 1.990960835238604e-7
1644 1.9980264339324313e-7
1645 2.0009584262108233e-7
1646 2.0010865971630775e-7
1647 2.0021440396062234e-7
1648 1.9995324838761953e-7
1649 2.0000451860206686e-7
1650 2.0134874469684777e-7
1651 2.01004276476925e-7
1652 2.0186304202603036e-7
1653 2.0186304202603036e-7
1654 2.0221712291457671e-7
1655 2.0245104055587305e-7
1656 2.0245104055587305e-7
1657 2.0245104055587305e-7
1658 2.0245104055587305e-7
1659 2.033963250120458e-7
1660 2.033963250120458e-7
1661 2.033963250120458e-7
1662 2.04152552576984e-7
1663 2.0431917848200577e-7
1664 2.047581751475458e-7
1665 2.0491038143845028e-7
1666 2.0452906322937936e-7
1667 2.0469889417218484e-7
1668 2.0410128297371856e-7
1669 2.0408526084070943e-7
1670 2.0397631278097488e-7
1671 2.0397631278097488e-7
1672 2.04875133968194e-7
1673 2.0518595540320663e-7
1674 2.0496485546831757e-7
1675 2.0550799324809846e-7
1676 2.0468928089237936e-7
1677 2.0490717701184846e-7
1678 2.04495417666833e-7
1679 2.04495417666833e-7
1680 2.04495417666833e-7
1681 2.04495417666833e-7
1682 2.0628985622585123e-7
1683 2.0692431802464757e-7
1684 2.0711337613824589e-7
1685 2.0707011729589406e-7
1686 2.062802441684095e-7
1687 2.062802441684095e-7
1688 2.062802441684095e-7
1689 2.062802441684095e-7
1690 2.06490129526965e-7
1691 2.066855952714032e-7
1692 2.0690990024407593e-7
1693 2.070845375211932e-7
1694 2.069163090972796e-7
1695 2.07730214507505e-7
1696 2.0718066787452045e-7
1697 2.0765651452920866e-7
1698 2.0741458551581682e-7
1699 2.0751872724123957e-7
1700 2.0723193808896781e-7
1701 2.0742740261104226e-7
1702 2.0719028115432597e-7
1703 2.0718226978223046e-7
1704 2.0641162321435687e-7
1705 2.0712939827125504e-7
1706 2.0669360664349872e-7
1707 2.0669360664349872e-7
1708 2.0731525134706964e-7
1709 2.0741778994241866e-7
1710 2.0752193166784142e-7
1711 2.074610487847705e-7
1712 2.0754115822745236e-7
1713 2.0709735522760054e-7
1714 2.0794010047724238e-7
1715 2.0839511805342778e-7
1716 2.0821247062657875e-7
1717 2.0802661755076414e-7
1718 2.0801700488214055e-7
1719 2.0801219854782875e-7
1720 2.0785999103456048e-7
1721 2.0782634547201414e-7
1722 2.0785838912685053e-7
1723 2.0793369101285685e-7
1724 2.0792888467854506e-7
1725 2.0819965292017144e-7
1726 2.0828937442029505e-7
1727 2.0828937442029505e-7
1728 2.0895908491171148e-7
1729 2.0954548092266233e-7
1730 2.1037540907707876e-7
1731 2.1211216795726416e-7
1732 2.1261845635907875e-7
1733 2.1261845635907875e-7
1734 2.1261845635907875e-7
1735 2.1261845635907875e-7
1736 2.1261845635907875e-7
1737 2.1261845635907875e-7
1738 2.1261845635907875e-7
1739 2.1286839613338424e-7
1740 2.1286839613338424e-7
1741 2.1312955170638706e-7
1742 2.1392423055700152e-7
1743 2.14694877736057e-7
1744 2.149544301789861e-7
1745 2.1540624393975153e-7
1746 2.158917038742452e-7
1747 2.166367150293042e-7
1748 2.1725355278738143e-7
1749 2.172487476754334e-7
1750 2.1743780456666795e-7
1751 2.1871313579510053e-7
1752 2.1891981733823606e-7
1753 2.189758932758133e-7
1754 2.1869551175438143e-7
1755 2.1898710785214687e-7
1756 2.1912169193587793e-7
1757 2.1920660710168974e-7
1758 2.188829679602698e-7
1759 2.1886694582726067e-7
1760 2.189278287103316e-7
1761 2.194533430605753e-7
1762 2.2015349468793625e-7
1763 2.2008299852505983e-7
1764 2.2026885037851069e-7
1765 2.2064055469659425e-7
1766 2.1993079101179157e-7
1767 2.1986830622101066e-7
1768 2.2028807632693974e-7
1769 2.2035536745203244e-7
1770 2.2039542247896434e-7
1771 2.2035696935974245e-7
1772 2.202480219111898e-7
1773 2.2093856086992715e-7
1774 2.2295570127154442e-7
1775 2.228659797714208e-7
1776 2.231655866300999e-7
1777 2.2271056722036886e-7
1778 2.2255996344835622e-7
1779 2.2314636007048893e-7
1780 2.2312873541858794e-7
1781 2.2260963114391166e-7
1782 2.223324546602635e-7
1783 2.2256637230155983e-7
1784 2.225183071248962e-7
1785 2.2319602715486248e-7
1786 2.2355171056230067e-7
1787 2.2340591251341794e-7
1788 2.2448898303519603e-7
1789 2.243688203991279e-7
1790 2.2465881397800148e-7
1791 2.2580437051292424e-7
1792 2.267977207569425e-7
1793 2.276837242377543e-7
1794 2.279064266915352e-7
1795 2.278567596071616e-7
1796 2.278567596071616e-7
1797 2.2798493361532524e-7
1798 2.2798493361532524e-7
1799 2.2821404492230978e-7
1800 2.294140754870998e-7
1801 2.2997804173420163e-7
1802 2.2988030886198252e-7
1803 2.3038499474490527e-7
1804 2.3032411186183434e-7
1805 2.3122293304905345e-7
1806 2.309954236497789e-7
1807 2.3100503692958435e-7
1808 2.3118448115219532e-7
1809 2.312309438099671e-7
1810 2.3183816951060265e-7
1811 2.3197755809509986e-7
1812 2.320833017282326e-7
1813 2.338280713693316e-7
1814 2.338280713693316e-7
1815 2.344545230183962e-7
1816 2.344545230183962e-7
1817 2.344545230183962e-7
1818 2.344545230183962e-7
1819 2.344545230183962e-7
1820 2.344545230183962e-7
1821 2.344545230183962e-7
1822 2.344545230183962e-7
1823 2.344545230183962e-7
1824 2.344545230183962e-7
1825 2.344545230183962e-7
1826 2.344545230183962e-7
1827 2.344545230183962e-7
1828 2.344545230183962e-7
1829 2.344545230183962e-7
1830 2.344545230183962e-7
1831 2.344545230183962e-7
1832 2.362473590585226e-7
1833 2.362473590585226e-7
1834 2.362473590585226e-7
1835 2.362473590585226e-7
1836 2.362473590585226e-7
1837 2.3757556424265815e-7
1838 2.374714225172354e-7
1839 2.389277998759889e-7
1840 2.386938822346926e-7
1841 2.386938822346926e-7
1842 2.3953182115002263e-7
1843 2.399756235386926e-7
1844 2.39986838726208e-7
1845 2.400653450388162e-7
1846 2.399131387479117e-7
1847 2.4036815693527897e-7
1848 2.40427437299458e-7
1849 2.4093853142440253e-7
1850 2.411227825925072e-7
1851 2.4341870138548257e-7
1852 2.4341870138548257e-7
1853 2.4341870138548257e-7
1854 2.4341870138548257e-7
1855 2.4341870138548257e-7
1856 2.4348439060286527e-7
1857 2.4348439060286527e-7
1858 2.4348439060286527e-7
1859 2.4348439060286527e-7
1860 2.4348439060286527e-7
1861 2.4348439060286527e-7
1862 2.436574253610907e-7
1863 2.4379361013016795e-7
1864 2.4436398523047343e-7
1865 2.4442967383667427e-7
1866 2.442053694751834e-7
1867 2.437423405269025e-7
1868 2.4371830824416166e-7
1869 2.435564880622698e-7
1870 2.435564880622698e-7
1871 2.435564880622698e-7
1872 2.4486867050221435e-7
1873 2.447501091626743e-7
1874 2.4461071996699524e-7
1875 2.4461392439359706e-7
1876 2.444488997851034e-7
1877 2.444264694100725e-7
1878 2.441108404183843e-7
1879 2.4462513958111255e-7
1880 2.446411617141217e-7
1881 2.446411617141217e-7
1882 2.446411617141217e-7
1883 2.446411617141217e-7
1884 2.446411617141217e-7
1885 2.446411617141217e-7
1886 2.458299764802144e-7
1887 2.458299764802144e-7
1888 2.458299764802144e-7
1889 2.458299764802144e-7
1890 2.4662625784972075e-7
1891 2.460767112167362e-7
1892 2.4599019414321443e-7
1893 2.4599019414321443e-7
1894 2.4648847056175166e-7
1895 2.466903457705754e-7
1896 2.4757154230589353e-7
1897 2.485873223137608e-7
1898 2.4867063557186264e-7
1899 2.4961271499025173e-7
1900 2.4936277643831e-7
1901 2.495021668563529e-7
1902 2.493787985713192e-7
1903 2.493499593430846e-7
1904 2.5060286203003196e-7
1905 2.5091528659511833e-7
1906 2.5056440952199194e-7
1907 2.518733887576984e-7
1908 2.518541621980874e-7
1909 2.515849964753529e-7
1910 2.5169714957287114e-7
1911 2.5179648374161834e-7
1912 2.5164587935842383e-7
1913 2.5173239765430935e-7
1914 2.530445800942539e-7
1915 2.529244174581858e-7
1916 2.529244174581858e-7
1917 2.531439154853649e-7
1918 2.5361815962116125e-7
1919 2.5312148449915214e-7
1920 2.5311667816484034e-7
1921 2.5311667816484034e-7
1922 2.54124447411794e-7
1923 2.5405555376780943e-7
1924 2.543727846672076e-7
1925 2.543727846672076e-7
1926 2.5477973767791123e-7
1927 2.55010449670242e-7
1928 2.550745369799148e-7
1929 2.5628257830561843e-7
1930 2.563979352185566e-7
1931 2.558820341481184e-7
1932 2.562761700635966e-7
1933 2.566703047567111e-7
1934 2.570628381532975e-7
1935 2.5724388489480026e-7
1936 2.572839386993684e-7
1937 2.5749062024250393e-7
1938 2.579376270577757e-7
1939 2.5830933076467746e-7
1940 2.584439142372266e-7
1941 2.633818225619921e-7
1942 2.6316873338801664e-7
1943 2.6330652067598573e-7
1944 2.6353723389068025e-7
1945 2.6310144165174204e-7
1946 2.6312867897226663e-7
1947 2.631767435377484e-7
1948 2.6361413829557844e-7
1949 2.6369745155368027e-7
1950 2.637006559802821e-7
1951 2.6409639319228837e-7
1952 2.6578188246920833e-7
1953 2.661423722109583e-7
1954 2.660991133686065e-7
1955 2.6583956153685933e-7
1956 2.660206070559984e-7
1957 2.668248997976002e-7
1958 2.6660860558584107e-7
1959 2.672574869987547e-7
1960 2.6672235997988745e-7
1961 2.681338778109429e-7
1962 2.690391072401838e-7
1963 2.691720881938411e-7
1964 2.6903109647927017e-7
1965 2.68673811164122e-7
1966 2.683758062131529e-7
1967 2.6875872694111567e-7
1968 2.691913141422702e-7
1969 2.699924024572702e-7
1970 2.692986602942948e-7
1971 2.6934512295206657e-7
1972 2.6943965139768384e-7
1973 2.6934992928637837e-7
1974 2.6937716782926674e-7
1975 2.6937396279148305e-7
1976 2.693483279898503e-7
1977 2.7041858202758485e-7
1978 2.6968959178317124e-7
1979 2.69234573595804e-7
1980 2.698033461772176e-7
1981 2.7063808066594584e-7
1982 2.7048747567156947e-7
1983 2.6994273537289674e-7
1984 2.7056117564986584e-7
1985 2.705852085437886e-7
1986 2.703192472476559e-7
1987 2.707822768071187e-7
1988 2.7397701739849507e-7
1989 2.7397701739849507e-7
1990 2.742413767869178e-7
1991 2.742413767869178e-7
1992 2.7433910904795504e-7
1993 2.743871748358005e-7
1994 2.746178886616769e-7
1995 2.7453297227350137e-7
1996 2.744368419201741e-7
1997 2.744368419201741e-7
1998 2.759124470609024e-7
1999 2.756769262895323e-7
2000 2.756769262895323e-7
2001 2.756769262895323e-7
2002 2.756769262895323e-7
2003 2.756769262895323e-7
2004 2.756769262895323e-7
2005 2.756769262895323e-7
2006 2.756769262895323e-7
2007 2.765228753545941e-7
2008 2.763610557838841e-7
2009 2.7667668477557227e-7
2010 2.767119322458286e-7
2011 2.763738728791095e-7
2012 2.7622487040362497e-7
2013 2.7622487040362497e-7
2014 2.7622487040362497e-7
2015 2.7622487040362497e-7
2016 2.7622487040362497e-7
2017 2.7622487040362497e-7
2018 2.7622487040362497e-7
2019 2.7622487040362497e-7
2020 2.765004443683813e-7
2021 2.765004443683813e-7
2022 2.7719739095795856e-7
2023 2.770115391045077e-7
2024 2.7712529288737217e-7
2025 2.7701474291992766e-7
2026 2.773528022866468e-7
2027 2.7734479152573316e-7
2028 2.769250208086222e-7
2029 2.769250208086222e-7
2030 2.769250208086222e-7
2031 2.769250208086222e-7
2032 2.772582738410295e-7
2033 2.7725987635992136e-7
2034 2.7761075221068397e-7
2035 2.772214232406994e-7
2036 2.772214232406994e-7
2037 2.772214232406994e-7
2038 2.7766843066715305e-7
2039 2.7766843066715305e-7
2040 2.7766843066715305e-7
2041 2.7766843066715305e-7
2042 2.7766843066715305e-7
2043 2.7766843066715305e-7
2044 2.7820355707483846e-7
2045 2.782291918764712e-7
2046 2.780064894226903e-7
2047 2.780064894226903e-7
2048 2.780064894226903e-7
2049 2.789677954006903e-7
2050 2.796823654198048e-7
2051 2.7971120464803937e-7
2052 2.798473900282985e-7
2053 2.7978810966411943e-7
2054 2.7976407677019666e-7
2055 2.796455154306566e-7
2056 2.7976087234359484e-7
2057 2.803024076044839e-7
2058 2.801582126856749e-7
2059 2.802335145716812e-7
2060 2.800268336397275e-7
2061 2.803440645391257e-7
2062 2.807974802076011e-7
2063 2.798409805639129e-7
2064 2.7980252927823663e-7
2065 2.8000600517240656e-7
2066 2.8091443902824924e-7
2067 2.8115156048496553e-7
2068 2.80377710101672e-7
2069 2.8060041194427097e-7
2070 2.802511373900364e-7
2071 2.8085035171857646e-7
2072 2.815136521344255e-7
2073 2.815280723597247e-7
2074 2.815905565393237e-7
2075 2.81521663506521e-7
2076 2.816434286614809e-7
2077 2.825919169330736e-7
2078 2.8259031502536363e-7
2079 2.8264158523981094e-7
2080 2.820071222186508e-7
2081 2.820599943408081e-7
2082 2.8297003010436076e-7
2083 2.833032831367681e-7
2084 2.8311422624553355e-7
2085 2.8344747927794087e-7
2086 2.838912816666108e-7
2087 2.844151941091446e-7
2088 2.850224185874163e-7
2089 2.844824852342372e-7
2090 2.8497114837296896e-7
2091 2.8471800478324357e-7
2092 2.8467955227520354e-7
2093 2.846651326610863e-7
2094 2.8452894789200903e-7
2095 2.8487982435395357e-7
2096 2.843815473242345e-7
2097 2.8428862139750906e-7
2098 2.8427099735679e-7
2099 2.842213302724164e-7
2100 2.843462998539782e-7
2101 2.8429182582411093e-7
2102 2.841828771531945e-7
2103 2.8518584006583635e-7
2104 2.8546301593830265e-7
2105 2.863650415521236e-7
2106 2.8666625031851267e-7
2107 2.858539468159972e-7
2108 2.861487473403645e-7
2109 2.8613593024513906e-7
2110 2.861823929029108e-7
2111 2.859452714461945e-7
2112 2.864467529025154e-7
2113 2.867367470925709e-7
2114 2.863490206414782e-7
2115 2.866277990328363e-7
2116 2.876644068968427e-7
2117 2.8739363987758e-7
2118 2.8739363987758e-7
2119 2.878758953854719e-7
2120 2.878758953854719e-7
2121 2.878758953854719e-7
2122 2.878758953854719e-7
2123 2.878758953854719e-7
2124 2.878758953854719e-7
2125 2.878758953854719e-7
2126 2.878758953854719e-7
2127 2.878758953854719e-7
2128 2.878758953854719e-7
2129 2.878758953854719e-7
2130 2.878758953854719e-7
2131 2.878758953854719e-7
2132 2.8892852538248734e-7
2133 2.892986284040428e-7
2134 2.8895416018412003e-7
2135 2.892970264963328e-7
2136 2.895293416187373e-7
2137 2.8873946849125275e-7
2138 2.8857764892054275e-7
2139 2.8857764892054275e-7
2140 2.8857764892054275e-7
2141 2.8857764892054275e-7
2142 2.8857764892054275e-7
2143 2.8857764892054275e-7
2144 2.8857764892054275e-7
2145 2.8857764892054275e-7
2146 2.8857764892054275e-7
2147 2.8857764892054275e-7
2148 2.894476302683454e-7
2149 2.8961585869225904e-7
2150 2.895822131297127e-7
2151 2.894956960561909e-7
2152 2.896174612111509e-7
2153 2.896174612111509e-7
2154 2.896174612111509e-7
2155 2.896174612111509e-7
2156 2.9058517604235454e-7
2157 2.9047302355601814e-7
2158 2.904874431701354e-7
2159 2.904874431701354e-7
2160 2.913221782700455e-7
2161 2.913221782700455e-7
2162 2.9226746211503635e-7
2163 2.9263596261769996e-7
2164 2.924949715143109e-7
2165 2.919790704438727e-7
2166 2.9206719003628633e-7
2167 2.9238922788117816e-7
2168 2.9251900440823363e-7
2169 2.925334240223509e-7
2170 2.9282341760122447e-7
2171 2.9278336318547446e-7
2172 2.927881701309681e-7
2173 2.9210724506321814e-7
2174 2.9205597484877084e-7
2175 2.9186852108761e-7
2176 2.9355401097571183e-7
2177 2.934562787146746e-7
2178 2.938952747690327e-7
2179 2.9334252309826445e-7
2180 2.9346268695669633e-7
2181 2.9368058246498357e-7
2182 2.9445123025522093e-7
2183 2.948886244018691e-7
2184 2.9530038374688455e-7
2185 2.9463067386665e-7
2186 2.944143796548909e-7
2187 2.9464669538847725e-7
2188 2.9463868401638176e-7
2189 2.953644704453754e-7
2190 2.952731458151781e-7
2191 2.9506486358669637e-7
2192 2.9569451843999905e-7
2193 2.954173419563509e-7
2194 2.958307032090763e-7
2195 2.952395002526318e-7
2196 2.951609939400236e-7
2197 2.949270762987273e-7
2198 2.954237514207364e-7
2199 2.9472840612768723e-7
2200 2.953981160079218e-7
2201 2.9543015905157625e-7
2202 2.9543015905157625e-7
2203 2.9594766325208817e-7
2204 2.962584852982827e-7
2205 2.9652765102101724e-7
2206 2.963770460266408e-7
2207 2.9580987535293716e-7
2208 2.95811477871829e-7
2209 2.9644433776291536e-7
2210 2.9677919209185074e-7
2211 2.97013110344329e-7
2212 2.969554318878599e-7
2213 2.9654847948833814e-7
2214 2.9674875156708816e-7
2215 2.967839990373445e-7
2216 2.9676797690433535e-7
2217 2.966542231214709e-7
2218 2.958387145811717e-7
2219 2.958387145811717e-7
2220 2.960229645269126e-7
2221 2.9662057633656075e-7
2222 2.9677118071975526e-7
2223 2.966045542035516e-7
2224 2.966045542035516e-7
2225 2.966045542035516e-7
2226 2.973687931405853e-7
2227 2.9735437291528615e-7
2228 2.9764757153194347e-7
2229 2.9736238367619977e-7
2230 2.975626557549498e-7
2231 2.972326077603262e-7
2232 2.972326077603262e-7
2233 2.972326077603262e-7
2234 2.972326077603262e-7
2235 2.972326077603262e-7
2236 2.972326077603262e-7
2237 2.972326077603262e-7
2238 2.972326077603262e-7
2239 2.972326077603262e-7
2240 2.972326077603262e-7
2241 2.978414353686717e-7
2242 2.978606619282827e-7
2243 2.978606619282827e-7
2244 2.978606619282827e-7
2245 2.978606619282827e-7
2246 2.978606619282827e-7
2247 2.9813783902311277e-7
2248 2.9813783902311277e-7
2249 2.9878031219400464e-7
2250 2.9941958032711277e-7
2251 2.9919527535444003e-7
2252 2.993731170581591e-7
2253 2.9952372144135363e-7
2254 2.9955256128077007e-7
2255 2.995781954712209e-7
2256 2.9923532977019e-7
2257 2.9964869163409726e-7
2258 2.9962145431357267e-7
2259 2.9941637590051085e-7
2260 2.9963747644658177e-7
2261 2.994996891586127e-7
2262 2.994404081832517e-7
2263 2.995157106804399e-7
2264 2.9933626645782897e-7
2265 2.999306750632391e-7
2266 2.9914881269666814e-7
2267 2.983989933737517e-7
2268 2.983989933737517e-7
2269 2.983989933737517e-7
2270 2.983989933737517e-7
2271 2.9850954273001436e-7
2272 2.9853998447714077e-7
2273 2.9853998447714077e-7
2274 2.9853998447714077e-7
2275 2.9853998447714077e-7
2276 2.995317322022672e-7
2277 3.0036165974550176e-7
2278 3.0029596991693714e-7
2279 3.0062601852274265e-7
2280 3.0032320723746173e-7
2281 2.996631100258508e-7
2282 3.0016779590877356e-7
2283 2.9958460371324267e-7
2284 2.9958460371324267e-7
2285 3.006196102807209e-7
2286 3.006516539355573e-7
2287 3.006516539355573e-7
2288 3.006516539355573e-7
2289 3.006516539355573e-7
2290 3.006516539355573e-7
2291 3.016834554652518e-7
2292 3.016834554652518e-7
2293 3.022410122479681e-7
2294 3.0228587360921177e-7
2295 3.0258548046789086e-7
2296 3.0288829175317177e-7
2297 3.028338183344864e-7
2298 3.0263514816344633e-7
2299 3.024332741769864e-7
2300 3.028850879377518e-7
2301 3.028850879377518e-7
2302 3.035179478288382e-7
2303 3.0337375168766544e-7
2304 3.039489331222827e-7
2305 3.0352595858975185e-7
2306 3.039168894674464e-7
2307 3.0392490083954187e-7
2308 3.038928571847055e-7
2309 3.038832439049e-7
2310 3.0459140690435645e-7
2311 3.051537706325664e-7
2312 3.0492946504871174e-7
2313 3.047275910622518e-7
2314 3.0495349733145264e-7
2315 3.047500214372827e-7
2316 3.0499194983949267e-7
2317 3.048397435485882e-7
2318 3.048894100217799e-7
2319 3.0494068023622723e-7
2320 3.0477886066551723e-7
2321 3.0405307423652353e-7
2322 3.040466653833199e-7
2323 3.0423892731233816e-7
2324 3.0396495464410995e-7
2325 3.0425815264958535e-7
2326 3.0410113941318715e-7
2327 3.0459781453519626e-7
2328 3.0518260863843713e-7
2329 3.074416786646281e-7
2330 3.074416786646281e-7
2331 3.074416786646281e-7
2332 3.074416786646281e-7
2333 3.074416786646281e-7
2334 3.074416786646281e-7
2335 3.074416786646281e-7
2336 3.074416786646281e-7
2337 3.074416786646281e-7
2338 3.089012616723472e-7
2339 3.0833889733295535e-7
2340 3.092489343188718e-7
2341 3.1038647948169906e-7
2342 3.1028714409058813e-7
2343 3.102342725796127e-7
2344 3.097760505768255e-7
2345 3.0943959311781636e-7
2346 3.0959660635421456e-7
2347 3.097488132563009e-7
2348 3.097504151640109e-7
2349 3.0980649171277e-7
2350 3.096943392264336e-7
2351 3.0989140748976366e-7
2352 3.096767151857145e-7
2353 3.095918000199027e-7
2354 3.098177069002854e-7
2355 3.095998107808163e-7
2356 3.098513524628318e-7
2357 3.097488132563009e-7
2358 3.098112980470818e-7
2359 3.097712436313318e-7
2360 3.1036565162556003e-7
2361 3.095837886478072e-7
2362 3.095837886478072e-7
2363 3.109023805521373e-7
2364 3.107453673157391e-7
2365 3.110738134026527e-7
2366 3.11389441783159e-7
2367 3.113445810330972e-7
2368 3.1155286387276085e-7
2369 3.1158010119328544e-7
2370 3.114615404649273e-7
2371 3.1153203540543995e-7
2372 3.11511206938119e-7
2373 3.116041334760263e-7
2374 3.108158622562517e-7
2375 3.1037205986758175e-7
2376 3.105563104245045e-7
2377 3.107710015061899e-7
2378 3.108302824815509e-7
2379 3.1045697503339356e-7
2380 3.1032880102522993e-7
2381 3.1066205405763725e-7
2382 3.1066205405763725e-7
2383 3.1066205405763725e-7
2384 3.1066205405763725e-7
2385 3.1066205405763725e-7
2386 3.1066205405763725e-7
2387 3.1066205405763725e-7
2388 3.1066205405763725e-7
2389 3.1066205405763725e-7
2390 3.1066205405763725e-7
2391 3.1066205405763725e-7
2392 3.1106580264173906e-7
2393 3.1106259821513724e-7
2394 3.112292247313409e-7
2395 3.108991767367173e-7
2396 3.1127729051918644e-7
2397 3.117723631223037e-7
2398 3.114423145164982e-7
2399 3.1164098407635634e-7
2400 3.1147916511682826e-7
2401 3.114711537447328e-7
2402 3.11426292994671e-7
2403 3.1134618416317096e-7
2404 3.111090620952728e-7
2405 3.112997208942173e-7
2406 3.1165219926387183e-7
2407 3.1141187276937185e-7
2408 3.1105619058429744e-7
2409 3.1105619058429744e-7
2410 3.1105619058429744e-7
2411 3.1200788389367386e-7
2412 3.1183484852426656e-7
2413 3.115929195108747e-7
2414 3.1307172907820476e-7
2415 3.1314542905650113e-7
2416 3.1294355507004113e-7
2417 3.130877512112139e-7
2418 3.1315023600199485e-7
2419 3.135571884015166e-7
2420 3.128938879856676e-7
2421 3.123731799697357e-7
2422 3.1283460701030666e-7
2423 3.1297239429827575e-7
2424 3.1356039282811844e-7
2425 3.127064323909611e-7
2426 3.1263112928259103e-7
2427 3.123267160896002e-7
2428 3.131822778232856e-7
2429 3.1313421386898575e-7
2430 3.1295637216526665e-7
2431 3.127368735269057e-7
2432 3.126567653065876e-7
2433 3.1287145638827303e-7
2434 3.1315183790970493e-7
2435 3.1256063373089664e-7
2436 3.1269201277684395e-7
2437 3.129932221544149e-7
2438 3.129804044480076e-7
2439 3.126968184999739e-7
2440 3.1286665005396123e-7
2441 3.123475445569212e-7
2442 3.123443401303194e-7
2443 3.1223058573627305e-7
2444 3.122594249645076e-7
2445 3.122161661221558e-7
2446 3.1274648680671127e-7
2447 3.129403500322576e-7
2448 3.134177985946558e-7
2449 3.1353155359988403e-7
2450 3.134017764616467e-7
2451 3.1301885634486577e-7
2452 3.1263112989377305e-7
2453 3.1348669162745845e-7
2454 3.1426535017860943e-7
2455 3.14492859577884e-7
2456 3.145377203279458e-7
2457 3.1457456970591206e-7
2458 3.146018076376185e-7
2459 3.1662215246583764e-7
2460 3.1662215246583764e-7
2461 3.1761229767207217e-7
2462 3.174600907699858e-7
2463 3.171412573516958e-7
2464 3.171220320144486e-7
2465 3.171220320144486e-7
2466 3.171220320144486e-7
2467 3.171220320144486e-7
2468 3.171220320144486e-7
2469 3.180496918187204e-7
2470 3.1781577356624215e-7
2471 3.190862990715448e-7
2472 3.189581244521993e-7
2473 3.193522609788594e-7
2474 3.192401078813411e-7
2475 3.194323691991775e-7
2476 3.1906066426991205e-7
2477 3.1863288279188746e-7
2478 3.1902060985416205e-7
2479 3.1849509550391837e-7
2480 3.1849509550391837e-7
2481 3.1849509550391837e-7
2482 3.207509598811438e-7
2483 3.2104255536772736e-7
2484 3.207381415635546e-7
2485 3.208887471691129e-7
2486 3.214607235659465e-7
2487 3.2124603248426107e-7
2488 3.212316122589619e-7
2489 3.212588495794865e-7
2490 3.2109062115557285e-7
2491 3.209816730958383e-7
2492 3.2111625534602373e-7
2493 3.2101211423178287e-7
2494 3.2101211423178287e-7
2495 3.2101211423178287e-7
2496 3.2101211423178287e-7
2497 3.2101211423178287e-7
2498 3.216706083133201e-7
2499 3.216706083133201e-7
2500 3.216706083133201e-7
2501 3.216706083133201e-7
2502 3.216706083133201e-7
2503 3.216706083133201e-7
2504 3.216706083133201e-7
2505 3.216706083133201e-7
2506 3.216706083133201e-7
2507 3.216706083133201e-7
2508 3.216706083133201e-7
2509 3.216706083133201e-7
2510 3.216706083133201e-7
2511 3.216706083133201e-7
2512 3.216706083133201e-7
2513 3.216706083133201e-7
2514 3.216706083133201e-7
2515 3.216706083133201e-7
2516 3.216706083133201e-7
2517 3.219557955578819e-7
2518 3.2197982845180466e-7
2519 3.221015942179465e-7
2520 3.224396529734837e-7
2521 3.225421927911965e-7
2522 3.2249412700335103e-7
2523 3.227408623510547e-7
2524 3.2338814124507646e-7
2525 3.2322311663658277e-7
2526 3.2313820147077097e-7
2527 3.230869318675055e-7
2528 3.2312057804123375e-7
2529 3.228818534544437e-7
2530 3.2245727640302093e-7
2531 3.2217689549277095e-7
2532 3.2245247006870913e-7
2533 3.2283058385117826e-7
2534 3.232135033567773e-7
2535 3.231990849650238e-7
2536 3.234970899159929e-7
2537 3.2292511290797744e-7
2538 3.23016436315811e-7
2539 3.2373261068736294e-7
2540 3.2369255627161294e-7
2541 3.2439110538008205e-7
2542 3.246378407277857e-7
2543 3.2465065721182927e-7
2544 3.2429016808126114e-7
2545 3.24267738928594e-7
2546 3.24272544040542e-7
2547 3.24331825015903e-7
2548 3.2406746562748024e-7
2549 3.240145935053229e-7
2550 3.235820063041684e-7
2551 3.235339417386866e-7
2552 3.2351631708678563e-7
2553 3.2350670441816203e-7
2554 3.2298119006791836e-7
2555 3.2340897154594294e-7
2556 3.229779862524984e-7
2557 3.234890809886248e-7
2558 3.2361725499678845e-7
2559 3.2311737544817747e-7
2560 3.2310616026066203e-7
2561 3.2300842738844295e-7
2562 3.2288986666008483e-7
2563 3.2288986666008483e-7
2564 3.2288986666008483e-7
2565 3.2288986666008483e-7
2566 3.2288986666008483e-7
2567 3.2288986666008483e-7
2568 3.2288986666008483e-7
2569 3.2288986666008483e-7
2570 3.246009913498194e-7
2571 3.240049820590631e-7
2572 3.239152599477576e-7
2573 3.24288566784733e-7
2574 3.2383835554285943e-7
2575 3.2383835554285943e-7
2576 3.2383835554285943e-7
2577 3.2398895931487207e-7
2578 3.246875084233412e-7
2579 3.247596064939276e-7
2580 3.2452408694492126e-7
2581 3.2455132365426393e-7
2582 3.244952477166867e-7
2583 3.2444077368681943e-7
2584 3.251857854530603e-7
2585 3.2532197022213757e-7
2586 3.253203683144276e-7
2587 3.252578829124648e-7
2588 3.2499993298842755e-7
2589 3.245240869449212e-7
2590 3.2450005343981657e-7
2591 3.240834883716712e-7
2592 3.2433182501590293e-7
2593 3.245417103744584e-7
2594 3.244840325291712e-7
2595 3.244840325291712e-7
2596 3.2533639044743664e-7
2597 3.25770580167483e-7
2598 3.25688869428273e-7
2599 3.258827320426375e-7
2600 3.258827320426375e-7
2601 3.2701226766691486e-7
2602 3.266629931126803e-7
2603 3.2682160825678843e-7
2604 3.2682160825678843e-7
2605 3.278950667211248e-7
2606 3.2827638493019574e-7
2607 3.281946735798039e-7
2608 3.301172861469858e-7
2609 3.2998110137790853e-7
2610 3.294475756555693e-7
2611 3.295372977668748e-7
2612 3.294652003074703e-7
2613 3.295276850982512e-7
2614 3.303223639488657e-7
2615 3.298801634679057e-7
2616 3.3014932919064025e-7
2617 3.3044092528840567e-7
2618 3.3071810116087197e-7
2619 3.313637793695475e-7
2620 3.3149355467423927e-7
2621 3.3245966759773295e-7
2622 3.3166178432051664e-7
2623 3.32293042303893e-7
2624 3.32293042303893e-7
2625 3.3270480164890845e-7
2626 3.3270480164890845e-7
2627 3.3270480164890845e-7
2628 3.3298678507805033e-7
2629 3.329130844885721e-7
2630 3.333040159774485e-7
2631 3.334690405859422e-7
2632 3.3351550324371396e-7
2633 3.3351550324371396e-7
2634 3.3351550324371396e-7
2635 3.3419322449604404e-7
2636 3.3418040678963676e-7
2637 3.3418040678963676e-7
2638 3.348132666807231e-7
2639 3.353083392838404e-7
2640 3.3540767406376945e-7
2641 3.354413202374977e-7
2642 3.361991484877821e-7
2643 3.36702231851813e-7
2644 3.3915997082668025e-7
2645 3.393217910085721e-7
2646 3.3936985557405387e-7
2647 3.39307370783273e-7
2648 3.3927853216622034e-7
2649 3.393121777287667e-7
2650 3.405330367608777e-7
2651 3.404513254104858e-7
2652 3.4081662087536575e-7
2653 3.406355753562267e-7
2654 3.4043530327747667e-7
2655 3.4043530327747667e-7
2656 3.4070286709250124e-7
2657 3.4070286709250124e-7
2658 3.4070286709250124e-7
2659 3.4070286709250124e-7
2660 3.4070286709250124e-7
2661 3.4070286709250124e-7
2662 3.4070286709250124e-7
2663 3.4070286709250124e-7
2664 3.4070286709250124e-7
2665 3.4070286709250124e-7
2666 3.4070286709250124e-7
2667 3.4070286709250124e-7
2668 3.4070286709250124e-7
2669 3.4070286709250124e-7
2670 3.4070286709250124e-7
2671 3.4070286709250124e-7
2672 3.414222440571094e-7
2673 3.420711260812049e-7
2674 3.4214322354060937e-7
2675 3.421159868312667e-7
2676 3.4194775840735305e-7
2677 3.42149632393813e-7
2678 3.4223775198622663e-7
2679 3.418516274428439e-7
2680 3.415968819454085e-7
2681 3.41550418065273e-7
2682 3.4139660864429477e-7
2683 3.4168660344553213e-7
2684 3.419253280323222e-7
2685 3.409992695245785e-7
2686 3.409992695245785e-7
2687 3.409992695245785e-7
2688 3.409992695245785e-7
2689 3.409992695245785e-7
2690 3.409992695245785e-7
2691 3.4142384718718314e-7
2692 3.4142384718718314e-7
2693 3.4142384718718314e-7
2694 3.4142384718718314e-7
2695 3.4142384718718314e-7
2696 3.4142384718718314e-7
2697 3.4142384718718314e-7
2698 3.4142384718718314e-7
2699 3.4142384718718314e-7
2700 3.4142384718718314e-7
2701 3.4142384718718314e-7
2702 3.4142384718718314e-7
2703 3.4142384718718314e-7
2704 3.4142384718718314e-7
2705 3.4142384718718314e-7
2706 3.4142384718718314e-7
2707 3.4142384718718314e-7
2708 3.4142384718718314e-7
2709 3.4142384718718314e-7
2710 3.417058300051431e-7
2711 3.417058300051431e-7
2712 3.417058300051431e-7
2713 3.417058300051431e-7
2714 3.417058300051431e-7
2715 3.417058300051431e-7
2716 3.417058300051431e-7
2717 3.417058300051431e-7
2718 3.417058300051431e-7
2719 3.417058300051431e-7
2720 3.417058300051431e-7
2721 3.417058300051431e-7
2722 3.417058300051431e-7
2723 3.417058300051431e-7
2724 3.417058300051431e-7
2725 3.417058300051431e-7
2726 3.417058300051431e-7
2727 3.417058300051431e-7
2728 3.417058300051431e-7
2729 3.417058300051431e-7
2730 3.4198460839650124e-7
2731 3.4216245010022034e-7
2732 3.422970335727695e-7
2733 3.423547114180567e-7
2734 3.4255338158909674e-7
2735 3.4269277017359395e-7
2736 3.425245417496803e-7
2737 3.430148080184858e-7
2738 3.432359085645567e-7
2739 3.4303403457809675e-7
2740 3.4346181544493947e-7
2741 3.4396970575446407e-7
2742 3.470250571501614e-7
2743 3.470250571501614e-7
2744 3.470250571501614e-7
2745 3.470250571501614e-7
2746 3.4797194290286223e-7
2747 3.4797194290286223e-7
2748 3.482475174788004e-7
2749 3.482475174788004e-7
2750 3.482475174788004e-7
2751 3.482475174788004e-7
2752 3.482475174788004e-7
2753 3.482475174788004e-7
2754 3.487041381850595e-7
2755 3.4913191905190224e-7
2756 3.487217616145968e-7
2757 3.488851843153805e-7
2758 3.4881308563361223e-7
2759 3.4939307401372317e-7
2760 3.499954921576831e-7
2761 3.507837633774577e-7
2762 3.5275283799122945e-7
2763 3.5275283799122945e-7
2764 3.5275283799122945e-7
2765 3.5275283799122945e-7
2766 3.537558009038713e-7
2767 3.543518101946276e-7
2768 3.541162906456213e-7
2769 3.544463386402449e-7
2770 3.545697069252786e-7
2771 3.5452804999063674e-7
2772 3.5433578928398225e-7
2773 3.5395767550151313e-7
2774 3.5395767550151313e-7
2775 3.5462898728945765e-7
2776 3.556992413271922e-7
2777 3.5700181109851315e-7
2778 3.5682717382139587e-7
2779 3.567518719353896e-7
2780 3.5667336501159954e-7
2781 3.5682076496819223e-7
2782 3.5862481619583404e-7
2783 3.60108431486294e-7
2784 3.616785650726395e-7
2785 3.616785650726395e-7
2786 3.616785650726395e-7
2787 3.616785650726395e-7
2788 3.616785650726395e-7
2789 3.616785650726395e-7
2790 3.616785650726395e-7
2791 3.616785650726395e-7
2792 3.616785650726395e-7
2793 3.616785650726395e-7
2794 3.616785650726395e-7
2795 3.616785650726395e-7
2796 3.616785650726395e-7
2797 3.616785650726395e-7
2798 3.616785650726395e-7
2799 3.616785650726395e-7
2800 3.616785650726395e-7
2801 3.616785650726395e-7
2802 3.616785650726395e-7
2803 3.6211756173817953e-7
2804 3.6281931588443233e-7
2805 3.6354349918335227e-7
2806 3.630644487132441e-7
2807 3.630644487132441e-7
2808 3.630644487132441e-7
2809 3.6562793193242603e-7
2810 3.6556544714164515e-7
2811 3.659515704626641e-7
2812 3.6637614690290496e-7
2813 3.665636018864295e-7
2814 3.6667895879936773e-7
2815 3.666645391852505e-7
2816 3.666196778240068e-7
2817 3.6641299750323506e-7
2818 3.659788077831887e-7
2819 3.6574488953071044e-7
2820 3.6589228948730313e-7
2821 3.662944367748769e-7
2822 3.659515704626641e-7
2823 3.6582820278881227e-7
2824 3.656663832181023e-7
2825 3.6604930394606506e-7
2826 3.661374235384787e-7
2827 3.6613902544618867e-7
2828 3.663761475140868e-7
2829 3.6639216903591406e-7
2830 3.6663409804930593e-7
2831 3.6671901321511774e-7
2832 3.667638745763614e-7
2833 3.6686641317171043e-7
2834 3.668423808889696e-7
2835 3.662944367748769e-7
2836 3.658025679871796e-7
2837 3.663473082858523e-7
2838 3.662479741171051e-7
2839 3.6634891080474415e-7
2840 3.6603007738645414e-7
2841 3.66233553891806e-7
2842 3.655654465304633e-7
2843 3.665299563238832e-7
2844 3.667782941904787e-7
2845 3.663665348454633e-7
2846 3.663729436986669e-7
2847 3.663729436986669e-7
2848 3.663729436986669e-7
2849 3.663729436986669e-7
2850 3.663729436986669e-7
2851 3.667750897638769e-7
2852 3.674159610270588e-7
2853 3.681081000599605e-7
2854 3.679110330189942e-7
2855 3.6774120146500685e-7
2856 3.6774120146500685e-7
2857 3.6774120146500685e-7
2858 3.6774120146500685e-7
2859 3.6774120146500685e-7
2860 3.68117713339766e-7
2861 3.6901012567378143e-7
2862 3.688547143450932e-7
2863 3.687073143885005e-7
2864 3.6872013148372594e-7
2865 3.687890257388924e-7
2866 3.687313466712414e-7
2867 3.689123928015623e-7
2868 3.6900371682057774e-7
2869 3.6960453305682776e-7
2870 3.7143902480923225e-7
2871 3.7143902480923225e-7
2872 3.7143902480923225e-7
2873 3.719356993200595e-7
2874 3.719356993200595e-7
2875 3.719356993200595e-7
2876 3.719356993200595e-7
2877 3.719356993200595e-7
2878 3.719356993200595e-7
2879 3.719356993200595e-7
2880 3.7298352237158124e-7
2881 3.7314694507236495e-7
2882 3.729883293170749e-7
2883 3.730011470234822e-7
2884 3.7320782673307207e-7
2885 3.7275120663799483e-7
2886 3.729434679558312e-7
2887 3.7262303324101306e-7
2888 3.7262303324101306e-7
2889 3.7262303324101306e-7
2890 3.7262303324101306e-7
2891 3.7288579072172583e-7
2892 3.728473382136858e-7
2893 3.7336484180301586e-7
2894 3.7336484180301586e-7
2895 3.734785961970622e-7
2896 3.73643620194374e-7
2897 3.73643620194374e-7
2898 3.741819516398431e-7
2899 3.748949209736113e-7
2900 3.751929253133985e-7
2901 3.7518331203359306e-7
2902 3.7499745956896035e-7
2903 3.7445912812349126e-7
2904 3.745873021316549e-7
2905 3.755982758052103e-7
2906 3.755085543050867e-7
2907 3.7560628656612393e-7
2908 3.754813169845621e-7
2909 3.748228229030249e-7
2910 3.7534032649235494e-7
2911 3.752201632451049e-7
2912 3.752201632451049e-7
2913 3.75401208764244e-7
2914 3.752938632234013e-7
2915 3.752938632234013e-7
2916 3.752938632234013e-7
2917 3.752938632234013e-7
2918 3.7643941975832404e-7
2919 3.7633207421748136e-7
2920 3.7633207421748136e-7
2921 3.769569233476541e-7
2922 3.766461006902777e-7
2923 3.7687841642386407e-7
2924 3.7687841642386407e-7
2925 3.7737829536129313e-7
2926 3.7737829536129313e-7
2927 3.7818579252949677e-7
2928 3.7780767874702765e-7
2929 3.7784613186624954e-7
2930 3.7762022437468495e-7
2931 3.7762022437468495e-7
2932 3.7762022437468495e-7
2933 3.778990039884069e-7
2934 3.778990039884069e-7
2935 3.7863440308602417e-7
2936 3.7844053986047784e-7
2937 3.7844053986047784e-7
2938 3.792304129879624e-7
2939 3.794451040696478e-7
2940 3.798328311319224e-7
2941 3.797671419145397e-7
2942 3.797655400068297e-7
2943 3.7964537614839784e-7
2944 3.794098565993915e-7
2945 3.796069242515397e-7
2946 3.79922552632046e-7
2947 3.809591617184161e-7
2948 3.8261901558252144e-7
2949 3.8261901558252144e-7
2950 3.8261901558252144e-7
2951 3.8261901558252144e-7
2952 3.829186230523824e-7
2953 3.835546867588887e-7
2954 3.836572265766015e-7
2955 3.835819240794133e-7
2956 3.8357070889189786e-7
2957 3.8316215397348425e-7
2958 3.8287856863663244e-7
2959 3.829458597617251e-7
2960 3.832454672315861e-7
2961 3.832454672315861e-7
2962 3.836219791063452e-7
2963 3.8380462653319425e-7
2964 3.8420356878298427e-7
2965 3.8448875663872797e-7
2966 3.8457847875003344e-7
2967 3.844310781822589e-7
2968 3.8457206928564793e-7
2969 3.8467300719565076e-7
2970 3.8489570964943166e-7
2971 3.8478996601629895e-7
2972 3.848460419538762e-7
2973 3.845352192964998e-7
2974 3.839872745712252e-7
2975 3.837197113673825e-7
2976 3.837597657831325e-7
2977 3.837597657831325e-7
2978 3.8470505023930523e-7
2979 3.8425163395964795e-7
2980 3.8425163395964795e-7
2981 3.8425163395964795e-7
2982 3.8425163395964795e-7
2983 3.8425163395964795e-7
2984 3.8539078103018514e-7
2985 3.8522095069856153e-7
2986 3.849245476553024e-7
2987 3.8529945762235156e-7
2988 3.854180183507097e-7
2989 3.8557503219828974e-7
2990 3.8596115613049057e-7
2991 3.8649147681504604e-7
2992 3.885598868199288e-7
2993 3.885598868199288e-7
2994 3.885598868199288e-7
2995 3.885598868199288e-7
2996 3.885598868199288e-7
2997 3.885598868199288e-7
2998 3.885598868199288e-7
2999 3.885598868199288e-7
3000 3.885598868199288e-7
3001 3.885598868199288e-7
3002 3.885598868199288e-7
3003 3.885598868199288e-7
3004 3.885598868199288e-7
3005 3.885598868199288e-7
3006 3.885598868199288e-7
3007 3.885598868199288e-7
3008 3.885598868199288e-7
3009 3.885598868199288e-7
3010 3.885598868199288e-7
3011 3.8939622382754885e-7
3012 3.8939622382754885e-7
3013 3.9012040773765066e-7
3014 3.89953781221447e-7
3015 3.9000344769463873e-7
3016 3.9080133219421877e-7
3017 3.9117143460459236e-7
3018 3.911041434794997e-7
3019 3.912275117645334e-7
3020 3.928825605166907e-7
3021 3.928825605166907e-7
3022 3.928825605166907e-7
3023 3.928825605166907e-7
3024 3.928825605166907e-7
3025 3.928825605166907e-7
3026 3.928825605166907e-7
3027 3.928825605166907e-7
3028 3.928825605166907e-7
3029 3.928825605166907e-7
3030 3.928825605166907e-7
3031 3.928825605166907e-7
3032 3.928825605166907e-7
3033 3.928825605166907e-7
3034 3.928825605166907e-7
3035 3.928825605166907e-7
3036 3.928825605166907e-7
3037 3.928825605166907e-7
3038 3.928825605166907e-7
3039 3.928825605166907e-7
3040 3.928825605166907e-7
3041 3.928825605166907e-7
3042 3.928825605166907e-7
3043 3.928825605166907e-7
3044 3.928825605166907e-7
3045 3.928825605166907e-7
3046 3.928825605166907e-7
3047 3.928825605166907e-7
3048 3.928825605166907e-7
3049 3.928825605166907e-7
3050 3.933712248777862e-7
3051 3.936836488316907e-7
3052 3.936836488316907e-7
3053 3.936836488316907e-7
3054 3.936836488316907e-7
3055 3.943149068150671e-7
3056 3.942668410272216e-7
3057 3.942668410272216e-7
3058 3.942668410272216e-7
3059 3.942668410272216e-7
3060 3.942668410272216e-7
3061 3.942668410272216e-7
3062 3.942668410272216e-7
3063 3.942668410272216e-7
3064 3.950647243044379e-7
3065 3.950647243044379e-7
3066 3.9576968226611066e-7
3067 3.9539156848364154e-7
3068 3.9539156848364154e-7
3069 3.9539156848364154e-7
3070 3.966348572796015e-7
3071 3.967518161002497e-7
3072 3.959507277852497e-7
3073 3.956254867361198e-7
3074 3.957857037879379e-7
3075 3.9586421010054606e-7
3076 3.95683164581407e-7
3077 3.958465872821907e-7
3078 3.9627276563014154e-7
3079 3.9646342442908606e-7
3080 3.96264754258046e-7
3081 3.9634646560843786e-7
3082 3.95721617089447e-7
3083 3.95721617089447e-7
3084 3.960773004968852e-7
3085 3.960228264670179e-7
3086 3.967069559613697e-7
3087 3.967069559613697e-7
3088 3.9797427704007055e-7
3089 3.9814571111294973e-7
3090 3.977964365587152e-7
3091 3.982578629881042e-7
3092 3.9786052325720604e-7
3093 3.9786052325720604e-7
3094 3.9786052325720604e-7
3095 3.9786052325720604e-7
3096 3.9786052325720604e-7
3097 3.9786052325720604e-7
3098 3.9786052325720604e-7
3099 3.9786052325720604e-7
3100 3.9786052325720604e-7
3101 3.9786052325720604e-7
3102 3.989708310995087e-7
3103 3.9889392669461053e-7
3104 3.9854304962148413e-7
3105 3.9854304962148413e-7
3106 3.9895000263218777e-7
3107 3.988282368660459e-7
3108 3.9942424676798414e-7
3109 3.9917430699367865e-7
3110 3.9895160453989775e-7
3111 3.9895160453989775e-7
3112 3.9928165253452133e-7
3113 3.99488333466475e-7
3114 3.99888877623975e-7
3115 4.001436237325923e-7
3116 4.0002826681965406e-7
3117 4.0012119335756135e-7
3118 3.99789542232864e-7
3119 3.9990329662691033e-7
3120 3.9981197321907675e-7
3121 3.9964694861058307e-7
3122 3.9964694861058307e-7
3123 3.9964694861058307e-7
3124 3.9964694861058307e-7
3125 4.005633938385213e-7
3126 4.005633938385213e-7
3127 4.010488531618331e-7
3128 4.010488531618331e-7
3129 4.010488531618331e-7
3130 4.010488531618331e-7
3131 4.010488531618331e-7
3132 4.010488531618331e-7
3133 4.010488531618331e-7
3134 4.010488531618331e-7
3135 4.010488531618331e-7
3136 4.010488531618331e-7
3137 4.010488531618331e-7
3138 4.010488531618331e-7
3139 4.010488531618331e-7
3140 4.010488531618331e-7
3141 4.010488531618331e-7
3142 4.010488531618331e-7
3143 4.03192565663904e-7
3144 4.033191371531758e-7
3145 4.031428979683485e-7
3146 4.030675954711603e-7
3147 4.0337200927533306e-7
3148 4.0337681560964486e-7
3149 4.0340405293016945e-7
3150 4.0388951225348126e-7
3151 4.0509274663369123e-7
3152 4.0495656125343206e-7
3153 4.043845848565985e-7
3154 4.046970094216849e-7
3155 4.044470696473794e-7
3156 4.0415867858739766e-7
3157 4.046681701934503e-7
3158 4.0465214928280495e-7
3159 4.0613256014666314e-7
3160 4.060812905433977e-7
3161 4.0641294044573126e-7
3162 4.061854322688204e-7
3163 4.0557500275276494e-7
3164 4.0557500275276494e-7
3165 4.0591145960059216e-7
3166 4.0591145960059216e-7
3167 4.0591145960059216e-7
3168 4.0591145960059216e-7
3169 4.0591145960059216e-7
3170 4.0591145960059216e-7
3171 4.0591145960059216e-7
3172 4.0591145960059216e-7
3173 4.06874368097484e-7
3174 4.0690320671453667e-7
3175 4.0712911420610126e-7
3176 4.071195009262958e-7
3177 4.065042656871104e-7
3178 4.0635045626613214e-7
3179 4.065667492555275e-7
3180 4.062575297282248e-7
3181 4.062575297282248e-7
3182 4.062575297282248e-7
3183 4.062575297282248e-7
3184 4.062575297282248e-7
3185 4.062575297282248e-7
3186 4.062575297282248e-7
3187 4.062575297282248e-7
3188 4.062575297282248e-7
3189 4.062575297282248e-7
3190 4.062575297282248e-7
3191 4.062575297282248e-7
3192 4.062575297282248e-7
3193 4.062575297282248e-7
3194 4.062575297282248e-7
3195 4.062575297282248e-7
3196 4.062575297282248e-7
3197 4.062575297282248e-7
3198 4.062575297282248e-7
3199 4.062575297282248e-7
3200 4.062575297282248e-7
3201 4.062575297282248e-7
3202 4.0695447631780206e-7
3203 4.0720922181523743e-7
3204 4.0758092674450286e-7
3205 4.091494578119565e-7
3206 4.103126383875983e-7
3207 4.103126383875983e-7
3208 4.103799301238729e-7
3209 4.1039434973799017e-7
3210 4.1083655021895015e-7
3211 4.1079489389549017e-7
3212 4.117642106344038e-7
3213 4.1207022634628653e-7
3214 4.1201895735420295e-7
3215 4.114261518788666e-7
3216 4.1178664223179846e-7
3217 4.1243712555242203e-7
3218 4.125412666666629e-7
3219 4.123666300007275e-7
3220 4.121935946313202e-7
3221 4.119612788977338e-7
3222 4.1265502167189113e-7
3223 4.129530260116784e-7
3224 4.127303235578975e-7
3225 4.1247077050378653e-7
3226 4.1305556521820927e-7
3227 4.1345771128341924e-7
3228 4.1382941621268467e-7
3229 4.1325423538924926e-7
3230 4.129370044898511e-7
3231 4.128360671910302e-7
3232 4.1300750004154564e-7
3233 4.130395430852001e-7
3234 4.1256049261509195e-7
3235 4.1329428919381735e-7
3236 4.152056865734838e-7
3237 4.195187457680765e-7
3238 4.1931206483612283e-7
3239 4.202797790561446e-7
3240 4.198856443630302e-7
3241 4.2026536005320923e-7
3242 4.2019326198262283e-7
3243 4.2056656943078016e-7
3244 4.209046287974993e-7
3245 4.207572282297247e-7
3246 4.204239751973174e-7
3247 4.202781771484347e-7
3248 4.203935340613729e-7
3249 4.207572282297247e-7
3250 4.207572282297247e-7
3251 4.207572282297247e-7
3252 4.207572282297247e-7
3253 4.207572282297247e-7
3254 4.207572282297247e-7
3255 4.207572282297247e-7
3256 4.207572282297247e-7
3257 4.207572282297247e-7
3258 4.207572282297247e-7
3259 4.207572282297247e-7
3260 4.207572282297247e-7
3261 4.207572282297247e-7
3262 4.207572282297247e-7
3263 4.207572282297247e-7
3264 4.2090783261291923e-7
3265 4.2099274777873104e-7
3266 4.215022406071475e-7
3267 4.211129116371629e-7
3268 4.2176179243889465e-7
3269 4.221415081290737e-7
3270 4.22074217003981e-7
3271 4.214605836725056e-7
3272 4.221959827701229e-7
3273 4.215535102104129e-7
3274 4.222232194794656e-7
3275 4.2235139348762924e-7
3276 4.2227769350933286e-7
3277 4.2320855835138834e-7
3278 4.259482801442156e-7
3279 4.259482801442156e-7
3280 4.259482801442156e-7
3281 4.2711146071985743e-7
3282 4.274767567959192e-7
3283 4.2767542696695927e-7
3284 4.276353719400274e-7
3285 4.274623377929839e-7
3286 4.272252151139038e-7
3287 4.2712588033397474e-7
3288 4.2698008228509203e-7
3289 4.2686792918757377e-7
3290 4.2652025715223105e-7
3291 4.26380867956552e-7
3292 4.270297499806475e-7
3293 4.2650103181498386e-7
3294 4.266916906139284e-7
3295 4.27121073388481e-7
3296 4.27121073388481e-7
3297 4.27121073388481e-7
3298 4.27121073388481e-7
3299 4.27121073388481e-7
3300 4.2814646667615376e-7
3301 4.2814646667615376e-7
3302 4.2814646667615376e-7
3303 4.2814646667615376e-7
3304 4.2814646667615376e-7
3305 4.2814646667615376e-7
3306 4.2814646667615376e-7
3307 4.2814646667615376e-7
3308 4.2814646667615376e-7
3309 4.2814646667615376e-7
3310 4.2814646667615376e-7
3311 4.2814646667615376e-7
3312 4.2905329862428646e-7
3313 4.293945624176074e-7
3314 4.29282409931271e-7
3315 4.293497016675456e-7
3316 4.293497016675456e-7
3317 4.293497016675456e-7
3318 4.293497016675456e-7
3319 4.293497016675456e-7
3320 4.305865822214838e-7
3321 4.302757595641074e-7
3322 4.303110082567275e-7
3323 4.3028537284391287e-7
3324 4.2995372233039744e-7
3325 4.2995372233039744e-7
3326 4.2995372233039744e-7
3327 4.302901797894066e-7
3328 4.301828342485639e-7
3329 4.301828342485639e-7
3330 4.305657549765267e-7
3331 4.305657549765267e-7
3332 4.305657549765267e-7
3333 4.305657549765267e-7
3334 4.317882159163476e-7
3335 4.3230251507907586e-7
3336 4.3230251507907586e-7
3337 4.3230251507907586e-7
3338 4.330619470706159e-7
3339 4.335009437361559e-7
3340 4.331853147444677e-7
3341 4.331853147444677e-7
3342 4.3374127023065593e-7
3343 4.3374127023065593e-7
3344 4.3374127023065593e-7
3345 4.3374127023065593e-7
3346 4.3374127023065593e-7
3347 4.3374127023065593e-7
3348 4.3374127023065593e-7
3349 4.3374127023065593e-7
3350 4.3374127023065593e-7
3351 4.3374127023065593e-7
3352 4.3414181438815593e-7
3353 4.342235257385478e-7
3354 4.342379447414832e-7
3355 4.341914820837114e-7
3356 4.341914820837114e-7
3357 4.341914820837114e-7
3358 4.341914820837114e-7
3359 4.341914820837114e-7
3360 4.341914820837114e-7
3361 4.34617661654026e-7
3362 4.352713500124333e-7
3363 4.3515919691491505e-7
3364 4.3517201462132233e-7
3365 4.3490124637969594e-7
3366 4.354636107190878e-7
3367 4.354828372786988e-7
3368 4.3538510379529777e-7
3369 4.3471219009964327e-7
3370 4.3513195959439046e-7
3371 4.349252792736187e-7
3372 4.3453595030363415e-7
3373 4.3453595030363415e-7
3374 4.3453595030363415e-7
3375 4.3522168170569593e-7
3376 4.3522168170569593e-7
3377 4.3600354346108495e-7
3378 4.3621983828402594e-7
3379 4.356398492927331e-7
3380 4.359250371484768e-7
3381 4.363656357217268e-7
3382 4.356494625725386e-7
3383 4.356366448661313e-7
3384 4.361573528820632e-7
3385 4.358337131294614e-7
3386 4.3619740668663134e-7
3387 4.3676938430582866e-7
3388 4.3705937788470224e-7
3389 4.370641848301959e-7
3390 4.3608365290376683e-7
3391 4.3608365290376683e-7
3392 4.3608365290376683e-7
3393 4.3608365290376683e-7
3394 4.363800553358441e-7
3395 4.364761869115351e-7
3396 4.364761869115351e-7
3397 4.364761869115351e-7
3398 4.3759290360704145e-7
3399 4.3759290360704145e-7
3400 4.3828183943570504e-7
3401 4.3799184585683147e-7
3402 4.3799184585683147e-7
3403 4.3799184585683147e-7
3404 4.3799184585683147e-7
3405 4.3799184585683147e-7
3406 4.3799184585683147e-7
3407 4.3799184585683147e-7
3408 4.3900602395698877e-7
3409 4.3921110175886867e-7
3410 4.3915502582129143e-7
3411 4.392078979434487e-7
3412 4.392078979434487e-7
3413 4.3916624100880687e-7
3414 4.3916624100880687e-7
3415 4.397382180168223e-7
3416 4.404912411551587e-7
3417 4.406915138450906e-7
3418 4.414365256113315e-7
3419 4.4139486928787155e-7
3420 4.415791192336124e-7
3421 4.410728314429797e-7
3422 4.415214419995071e-7
3423 4.4120581239663707e-7
3424 4.414044825676771e-7
3425 4.414044825676771e-7
3426 4.427086548578899e-7
3427 4.4258528779521994e-7
3428 4.4269583776266444e-7
3429 4.426109213744889e-7
3430 4.429569921133035e-7
3431 4.429666047819271e-7
3432 4.430371009448035e-7
3433 4.431220161106153e-7
3434 4.430739509339517e-7
3435 4.438397917786954e-7
3436 4.445287282185409e-7
3437 4.4411857078123546e-7
3438 4.440897315530009e-7
3439 4.440897315530009e-7
3440 4.4480270027558726e-7
3441 4.4529617097099455e-7
3442 4.453746772836027e-7
3443 4.480999800734946e-7
3444 4.480999800734946e-7
3445 4.480999800734946e-7
3446 4.480999800734946e-7
3447 4.480999800734946e-7
3448 4.480999800734946e-7
3449 4.480999800734946e-7
3450 4.480999800734946e-7
3451 4.480999800734946e-7
3452 4.480999800734946e-7
3453 4.480999800734946e-7
3454 4.480999800734946e-7
3455 4.480999800734946e-7
3456 4.480999800734946e-7
3457 4.480999800734946e-7
3458 4.4863030075805006e-7
3459 4.4863030075805006e-7
3460 4.4863030075805006e-7
3461 4.4863030075805006e-7
3462 4.499713236485929e-7
3463 4.499232578607474e-7
3464 4.5023087548034013e-7
3465 4.504247393170684e-7
3466 4.5034142605896655e-7
3467 4.5107522324887387e-7
3468 4.508605315560066e-7
3469 4.511232884255375e-7
3470 4.5105919989350093e-7
3471 4.512899137193773e-7
3472 4.5105119035495104e-7
3473 4.5199967862654373e-7
3474 4.5176896480066735e-7
3475 4.509790916731828e-7
3476 4.5112168590664554e-7
3477 4.506025804096055e-7
3478 4.506025804096055e-7
3479 4.512963231837628e-7
3480 4.512963231837628e-7
3481 4.514885838904173e-7
3482 4.5207978745804374e-7
3483 4.5219995070529375e-7
3484 4.5206696975163646e-7
3485 4.5211503553948194e-7
3486 4.5208779821895735e-7
3487 4.5212464820810554e-7
3488 4.520333241890901e-7
3489 4.523169095259419e-7
3490 4.525780644877628e-7
3491 4.5301385611551916e-7
3492 4.525668493002474e-7
3493 4.525668493002474e-7
3494 4.525668493002474e-7
3495 4.525668493002474e-7
3496 4.5385820388405285e-7
3497 4.5324456994139555e-7
3498 4.5278154099311467e-7
3499 4.5278154099311467e-7
3500 4.5278154099311467e-7
3501 4.5348329513936746e-7
3502 4.5348329513936746e-7
3503 4.540873158022193e-7
3504 4.542779746011638e-7
3505 4.539174854705957e-7
3506 4.539447215687565e-7
3507 4.539751633158829e-7
3508 4.539751633158829e-7
3509 4.539751633158829e-7
3510 4.547410035494447e-7
3511 4.5512232175851564e-7
3512 4.547698421664974e-7
3513 4.5501337308759925e-7
3514 4.5501337308759925e-7
3515 4.5501337308759925e-7
3516 4.554972305032011e-7
3517 4.557311481444974e-7
3518 4.556510399241793e-7
3519 4.559073879405066e-7
3520 4.55777612024633e-7
3521 4.55777612024633e-7
3522 4.55777612024633e-7
3523 4.565690870598275e-7
3524 4.5736376652162387e-7
3525 4.57181118483593e-7
3526 4.5718912985568846e-7
3527 4.5733652981228114e-7
3528 4.569632223641238e-7
3529 4.578219897467748e-7
3530 4.57280453263522e-7
3531 4.570289115815065e-7
3532 4.5677416547288923e-7
3533 4.5677416547288923e-7
3534 4.5731249630717646e-7
3535 4.573861968966547e-7
3536 4.573861968966547e-7
3537 4.5743746649992013e-7
3538 4.5743746649992013e-7
3539 4.5743746649992013e-7
3540 4.5743746649992013e-7
3541 4.5743746649992013e-7
3542 4.585686028095437e-7
3543 4.590716867847565e-7
3544 4.590716867847565e-7
3545 4.590716867847565e-7
3546 4.590716867847565e-7
3547 4.590716867847565e-7
3548 4.590716867847565e-7
3549 4.590716867847565e-7
3550 4.599128295155065e-7
3551 4.6013232815386746e-7
3552 4.6052005521614204e-7
3553 4.5994968011583656e-7
3554 4.603886761701947e-7
3555 4.6058734634123477e-7
3556 4.604880115613057e-7
3557 4.602172433196793e-7
3558 4.600666389364848e-7
3559 4.6027171734954663e-7
3560 4.6091258800154666e-7
3561 4.610888277975558e-7
3562 4.6107761261004034e-7
3563 4.611288822133058e-7
3564 4.6131473406675664e-7
3565 4.610888277975558e-7
3566 4.6071552034939846e-7
3567 4.6129070178401573e-7
3568 4.6085811397167935e-7
3569 4.60984686072133e-7
3570 4.6146213463453114e-7
3571 4.61343573906173e-7
3572 4.616688155664848e-7
3573 4.618258281917011e-7
3574 4.615101992000129e-7
3575 4.6154224346603115e-7
3576 4.6153903842824746e-7
3577 4.616143409254357e-7
3578 4.6164157824596027e-7
3579 4.616175459632194e-7
3580 4.6156307132217023e-7
3581 4.6146053211563935e-7
3582 4.608581139716794e-7
3583 4.604944198033276e-7
3584 4.609959012596485e-7
3585 4.609814810343493e-7
3586 4.6124103408846027e-7
3587 4.6145572578132755e-7
3588 4.610535791049357e-7
3589 4.6137241191204386e-7
3590 4.611192683223184e-7
3591 4.611192683223184e-7
3592 4.6142528403420114e-7
3593 4.616592016754975e-7
3594 4.620661546862011e-7
3595 4.620661546862011e-7
3596 4.629297284031639e-7
3597 4.633222611885684e-7
3598 4.6337833712614567e-7
3599 4.634199940607875e-7
3600 4.6403362739226295e-7
3601 4.6583447358212107e-7
3602 4.6583447358212107e-7
3603 4.6583447358212107e-7
3604 4.6659710938908104e-7
3605 4.668390384024729e-7
3606 4.6653622650601014e-7
3607 4.6689190991344833e-7
3608 4.667733491850902e-7
3609 4.669303624214884e-7
3610 4.664000411257511e-7
3611 4.6680859665534656e-7
3612 4.6726842178820753e-7
3613 4.6710019275311203e-7
3614 4.6742863945120755e-7
3615 4.6746548944035574e-7
3616 4.6740300464957486e-7
3617 4.6742062807911207e-7
3618 4.676946001361584e-7
3619 4.7077879014890843e-7
3620 4.7077879014890843e-7
3621 4.7077879014890843e-7
3622 4.7077879014890843e-7
3623 4.7077879014890843e-7
3624 4.7077879014890843e-7
3625 4.7077879014890843e-7
3626 4.7077879014890843e-7
3627 4.7077879014890843e-7
3628 4.7077879014890843e-7
3629 4.7077879014890843e-7
3630 4.711633121733993e-7
3631 4.721166073904857e-7
3632 4.7190351760532837e-7
3633 4.7162473921397023e-7
3634 4.7162473921397023e-7
3635 4.7189070051010296e-7
3636 4.7189070051010296e-7
3637 4.72491516746353e-7
3638 4.7231047061603206e-7
3639 4.7241781676805666e-7
3640 4.7234091236315847e-7
3641 4.7273504705627297e-7
3642 4.7283277992849205e-7
3643 4.7277350017549486e-7
3644 4.725940559528839e-7
3645 4.72853608395813e-7
3646 4.728359849662758e-7
3647 4.7242582752897033e-7
3648 4.726501318904612e-7
3649 4.72952943786924e-7
3650 4.7265974517026667e-7
3651 4.732349259937021e-7
3652 4.7332945443931935e-7
3653 4.733727132816712e-7
3654 4.7342878983043033e-7
3655 4.7351690942284396e-7
3656 4.7305868742005674e-7
3657 4.731676348686094e-7
3658 4.73496080955523e-7
3659 4.745246786697976e-7
3660 4.77240368179884e-7
3661 4.772708093158286e-7
3662 4.771666675904059e-7
3663 4.779965957448223e-7
3664 4.779501324758686e-7
3665 4.783939354757205e-7
3666 4.808196314069332e-7
3667 4.808196314069332e-7
3668 4.808196314069332e-7
3669 4.808196314069332e-7
3670 4.808196314069332e-7
3671 4.808196314069332e-7
3672 4.815646437843559e-7
3673 4.815646437843559e-7
3674 4.821109853795568e-7
3675 4.821109853795568e-7
3676 4.821109853795568e-7
3677 4.821109853795568e-7
3678 4.821109853795568e-7
3679 4.821109853795568e-7
3680 4.821109853795568e-7
3681 4.821109853795568e-7
3682 4.821109853795568e-7
3683 4.821109853795568e-7
3684 4.827326294719458e-7
3685 4.833062089988532e-7
3686 4.82791909836125e-7
3687 4.838092923628841e-7
3688 4.827935129661988e-7
3689 4.830370432761187e-7
3690 4.826877687218842e-7
3691 4.832068736077424e-7
3692 4.835833854825015e-7
3693 4.831251628685324e-7
3694 4.838653676892796e-7
3695 4.834920614634861e-7
3696 4.831107432544151e-7
3697 4.829777623007578e-7
3698 4.833238324283905e-7
3699 4.838813904334705e-7
3700 4.838813904334705e-7
3701 4.838813904334705e-7
3702 4.838813904334705e-7
3703 4.838813904334705e-7
3704 4.838813904334705e-7
3705 4.838813904334705e-7
3706 4.838813904334705e-7
3707 4.838813904334705e-7
3708 4.838813904334705e-7
3709 4.838813904334705e-7
3710 4.851711418872022e-7
3711 4.856694189169213e-7
3712 4.854851689711805e-7
3713 4.857062695172514e-7
3714 4.856630106748996e-7
3715 4.85635773354375e-7
3716 4.848106527566341e-7
3717 4.849356223381959e-7
3718 4.854371031833349e-7
3719 4.854290930336032e-7
3720 4.846023693057886e-7
3721 4.84855513506696e-7
3722 4.84855513506696e-7
3723 4.84855513506696e-7
3724 4.84855513506696e-7
3725 4.854290924224214e-7
3726 4.852288203436714e-7
3727 4.854130715117761e-7
3728 4.852913057456343e-7
3729 4.856598062482979e-7
3730 4.862510092047424e-7
3731 4.859385846396561e-7
3732 4.858905194629924e-7
3733 4.857815714032579e-7
3734 4.861228351965788e-7
3735 4.86097200394946e-7
3736 4.86097200394946e-7
3737 4.86097200394946e-7
3738 4.878403681283351e-7
3739 4.876689358890016e-7
3740 4.875167289869153e-7
3741 4.874750726634553e-7
3742 4.874750726634553e-7
3743 4.879076604757916e-7
3744 4.881640084921189e-7
3745 4.884267653616498e-7
3746 4.880582648589861e-7
3747 4.883130109676033e-7
3748 4.879973819759151e-7
3749 4.879413060383378e-7
3750 4.878531864459242e-7
3751 4.877442383861897e-7
3752 4.877442383861897e-7
3753 4.877442383861897e-7
3754 4.877442383861897e-7
3755 4.877442383861897e-7
3756 4.877442383861897e-7
3757 4.890836575354769e-7
3758 4.892775219833869e-7
3759 4.892775219833869e-7
3760 4.898478970836924e-7
3761 4.898478970836924e-7
3762 4.898478970836924e-7
3763 4.904887671245106e-7
3764 4.904887671245106e-7
3765 4.906105328906524e-7
3766 4.909085378416214e-7
3767 4.91701614784526e-7
3768 4.91698410969106e-7
3769 4.912321769830414e-7
3770 4.921326006891524e-7
3771 4.915958711513932e-7
3772 4.91679184409495e-7
3773 4.919034893821678e-7
3774 4.919034893821678e-7
3775 4.919034893821678e-7
3776 4.924834771510968e-7
3777 4.924834771510968e-7
3778 4.931467787893096e-7
3779 4.940055449495968e-7
3780 4.93157993976825e-7
3781 4.934079325287668e-7
3782 4.936754969549732e-7
3783 4.942234410690659e-7
3784 4.943115606614795e-7
3785 4.941257088080286e-7
3786 4.942346562565813e-7
3787 4.938998013164641e-7
3788 4.944349283353314e-7
3789 4.944813916042851e-7
3790 4.943564220227233e-7
3791 4.936642817674579e-7
3792 4.936738944360815e-7
3793 4.934864400637388e-7
3794 4.946127700390506e-7
3795 4.956958411720106e-7
3796 4.956734114081615e-7
3797 4.958095967884207e-7
3798 4.967276439240688e-7
3799 4.967420629270042e-7
3800 4.968157629053006e-7
3801 4.985749539940626e-7
3802 4.982096573068189e-7
3803 4.983746819153125e-7
3804 4.983746819153125e-7
3805 4.983746819153125e-7
3806 4.983746819153125e-7
3807 4.983746819153125e-7
3808 4.983746819153125e-7
3809 4.983746819153125e-7
3810 4.983746819153125e-7
3811 4.983746819153125e-7
3812 4.983746819153125e-7
3813 4.983746819153125e-7
3814 4.983746819153125e-7
3815 4.983746819153125e-7
3816 4.989098083229979e-7
3817 4.989098083229979e-7
3818 4.998951465837388e-7
3819 4.992174265537726e-7
3820 5.001354730782389e-7
3821 4.995731099612108e-7
3822 4.997781877630907e-7
3823 4.999384054260908e-7
3824 4.999752560264209e-7
3825 4.999864712139363e-7
3826 4.996163681923808e-7
3827 4.998743187275999e-7
3828 4.998855339151153e-7
3829 4.998615010211926e-7
3830 4.992414588365136e-7
3831 4.991917911409581e-7
3832 4.992622873038346e-7
3833 4.99214221515989e-7
3834 4.998262535509364e-7
3835 4.9975735929577e-7
3836 4.992462657820073e-7
3837 4.992318455567082e-7
3838 4.992318455567082e-7
3839 4.992318455567082e-7
3840 4.992318455567082e-7
3841 4.992318455567082e-7
3842 5.000601699698691e-7
3843 5.003741970538473e-7
3844 5.0023961419248e-7
3845 5.00218785725159e-7
3846 4.999544269479182e-7
3847 5.009221417791219e-7
3848 5.003806065182328e-7
3849 5.005600501296618e-7
3850 5.010310904500382e-7
3851 5.013274928821154e-7
3852 5.015469915204764e-7
3853 5.017232300941218e-7
3854 5.017488655069363e-7
3855 5.011031879094426e-7
3856 5.007795487680226e-7
3857 5.008244095180844e-7
3858 5.002652496052943e-7
3859 5.007154614583499e-7
3860 5.004142520807789e-7
3861 5.003229274505816e-7
3862 5.003229274505816e-7
3863 5.02078912279196e-7
3864 5.034792143115542e-7
3865 5.034776124038443e-7
3866 5.031892207326806e-7
3867 5.056421527620543e-7
3868 5.059561792348507e-7
3869 5.059017058161653e-7
3870 5.056165179604216e-7
3871 5.050333263760726e-7
3872 5.050621643819434e-7
3873 5.056004970497762e-7
3874 5.04983658680517e-7
3875 5.054082351207579e-7
3876 5.065313594471041e-7
3877 5.067508580854651e-7
3878 5.077233786397986e-7
3879 5.065169398329868e-7
3880 5.069879795421813e-7
3881 5.070760991345949e-7
3882 5.070760991345949e-7
3883 5.070760991345949e-7
3884 5.075903976861413e-7
3885 5.078996178246259e-7
3886 5.08296958166706e-7
3887 5.075407306017677e-7
3888 5.077666368709685e-7
3889 5.080293943516814e-7
3890 5.08375464479314e-7
3891 5.07598408447055e-7
3892 5.078259178463295e-7
3893 5.079204462919468e-7
3894 5.083338075446722e-7
3895 5.08357840438595e-7
3896 5.084651859794376e-7
3897 5.104070244950486e-7
3898 5.104070244950486e-7
3899 5.104070244950486e-7
3900 5.104070244950486e-7
3901 5.114852892936968e-7
3902 5.114820848670949e-7
3903 5.114676658641595e-7
3904 5.133470189778076e-7
3905 5.136241954614559e-7
3906 5.13518452439505e-7
3907 5.134367410891132e-7
3908 5.130185722797121e-7
3909 5.132044247443449e-7
3910 5.133486208855176e-7
3911 5.134287284946539e-7
3912 5.136546359862185e-7
3913 5.135953550108575e-7
3914 5.130393995246693e-7
3915 5.133374044756384e-7
3916 5.137475619129439e-7
3917 5.137235290190211e-7
3918 5.134783961902093e-7
3919 5.146031236466293e-7
3920 5.148722893693639e-7
3921 5.148114070974748e-7
3922 5.149155476005338e-7
3923 5.146271553181883e-7
3924 5.145598641930956e-7
3925 5.142250092529783e-7
3926 5.145758869372866e-7
3927 5.146656084374102e-7
3928 5.146479837855092e-7
3929 5.147152755217838e-7
3930 5.147713514593611e-7
3931 5.146608021030984e-7
3932 5.150773677824257e-7
3933 5.153257050378393e-7
3934 5.146191451684566e-7
3935 5.147361039891048e-7
3936 5.150837766356295e-7
3937 5.147937818343922e-7
3938 5.146431780623796e-7
3939 5.147441153612005e-7
3940 5.149267627880495e-7
3941 5.157999497848178e-7
3942 5.165289406404132e-7
3943 5.184884031967433e-7
3944 5.189626479437215e-7
3945 5.189001625417588e-7
3946 5.188889473542433e-7
3947 5.189850783187525e-7
3948 5.189850783187525e-7
3949 5.196307553050643e-7
3950 5.196339597316661e-7
3951 5.195458395280706e-7
3952 5.195458395280706e-7
3953 5.195458395280706e-7
3954 5.199351684980551e-7
3955 5.199351684980551e-7
3956 5.199351684980551e-7
3957 5.199351684980551e-7
3958 5.199351684980551e-7
3959 5.199351684980551e-7
3960 5.201482576720306e-7
3961 5.206401264597279e-7
3962 5.206449321828578e-7
3963 5.208131612179533e-7
3964 5.206865891174997e-7
3965 5.207522789460643e-7
3966 5.211752540897771e-7
3967 5.220228050625489e-7
3968 5.219715354592834e-7
3969 5.220868917610398e-7
3970 5.220228062849127e-7
3971 5.221541841084963e-7
3972 5.223929074729226e-7
3973 5.218161241305954e-7
3974 5.2188181395916e-7
3975 5.216831437881201e-7
3976 5.21785682994651e-7
3977 5.217632526196201e-7
3978 5.219298791358237e-7
3979 5.2132585786179e-7
3980 5.2132585786179e-7
3981 5.2132585786179e-7
3982 5.2132585786179e-7
3983 5.2132585786179e-7
3984 5.2132585786179e-7
3985 5.2132585786179e-7
3986 5.2132585786179e-7
3987 5.2132585786179e-7
3988 5.216126470140618e-7
3989 5.213995578400864e-7
3990 5.216350773890927e-7
3991 5.214924843779937e-7
3992 5.214924843779937e-7
3993 5.214924843779937e-7
3994 5.214924843779937e-7
3995 5.214924843779937e-7
3996 5.214924843779937e-7
3997 5.214924843779937e-7
3998 5.222038511928701e-7
3999 5.222038511928701e-7
4000 5.232741052306046e-7
4001 5.232741052306046e-7
4002 5.232741052306046e-7
4003 5.232741052306046e-7
4004 5.232741052306046e-7
4005 5.238428778120183e-7
4006 5.243523706404347e-7
4007 5.248186040153174e-7
4008 5.254322373467928e-7
4009 5.276913067618019e-7
4010 5.276913067618019e-7
4011 5.276913067618019e-7
4012 5.276913067618019e-7
4013 5.2821201355537e-7
4014 5.289377999843637e-7
4015 5.288624974871755e-7
4016 5.289281867045582e-7
4017 5.2880802406849e-7
4018 5.29690822511518e-7
4019 5.296667902287771e-7
4020 5.296491661880581e-7
4021 5.28952218987299e-7
4022 5.28952218987299e-7
4023 5.293623758134226e-7
4024 5.293623758134226e-7
4025 5.293623758134226e-7
4026 5.293623758134226e-7
4027 5.293623758134226e-7
4028 5.293623758134226e-7
4029 5.293623758134226e-7
4030 5.295994984925027e-7
4031 5.301666691662063e-7
4032 5.302019166364627e-7
4033 5.301057856719535e-7
4034 5.294617112045336e-7
4035 5.296219288675336e-7
4036 5.296219288675336e-7
4037 5.305688158425982e-7
4038 5.307498613617373e-7
4039 5.3129139784499e-7
4040 5.306296981144872e-7
4041 5.302676058538454e-7
4042 5.301041843754254e-7
4043 5.304069956607062e-7
4044 5.30192303967839e-7
4045 5.303973829920826e-7
4046 5.306585379539035e-7
4047 5.30448652595348e-7
4048 5.307338398399098e-7
4049 5.304839000656044e-7
4050 5.304839000656044e-7
4051 5.308796384999744e-7
4052 5.308652182746753e-7
4053 5.308652182746753e-7
4054 5.308652182746753e-7
4055 5.308652182746753e-7
4056 5.308652182746753e-7
4057 5.308652182746753e-7
4058 5.308652182746753e-7
4059 5.313602908777926e-7
4060 5.316711129239871e-7
4061 5.319851400079653e-7
4062 5.324177272091198e-7
4063 5.32054033040768e-7
4064 5.32054033040768e-7
4065 5.325330835108761e-7
4066 5.329528542279871e-7
4067 5.324786094810088e-7
4068 5.328823586762926e-7
4069 5.328823586762926e-7
4070 5.333630110541107e-7
4071 5.333630110541107e-7
4072 5.333630110541107e-7
4073 5.333630110541107e-7
4074 5.339990759829808e-7
4075 5.339990759829808e-7
4076 5.339990759829808e-7
4077 5.339990759829808e-7
4078 5.339990759829808e-7
4079 5.339990759829808e-7
4080 5.339990759829808e-7
4081 5.339990759829808e-7
4082 5.339990759829808e-7
4083 5.339990759829808e-7
4084 5.339990759829808e-7
4085 5.339990759829808e-7
4086 5.339990759829808e-7
4087 5.339990759829808e-7
4088 5.339990759829808e-7
4089 5.339990759829808e-7
4090 5.339990759829808e-7
4091 5.339990759829808e-7
4092 5.339990759829808e-7
4093 5.339990759829808e-7
4094 5.339990759829808e-7
4095 5.339990759829808e-7
4096 5.339990759829808e-7
4097 5.339990759829808e-7
4098 5.339990759829808e-7
4099 5.339990759829808e-7
4100 5.339990759829808e-7
4101 5.339990759829808e-7
4102 5.339990759829808e-7
4103 5.339990759829808e-7
4104 5.339990759829808e-7
4105 5.339990759829808e-7
4106 5.339990759829808e-7
4107 5.339990759829808e-7
4108 5.339990759829808e-7
4109 5.339990759829808e-7
4110 5.339990759829808e-7
4111 5.339990759829808e-7
4112 5.339990759829808e-7
4113 5.339990759829808e-7
4114 5.339990759829808e-7
4115 5.349748021862799e-7
4116 5.351125888630672e-7
4117 5.350260717895454e-7
4118 5.347040339446536e-7
4119 5.346607751023017e-7
4120 5.346479580070763e-7
4121 5.350645236864035e-7
4122 5.351238040505826e-7
4123 5.345694504721044e-7
4124 5.346800010507307e-7
4125 5.346800010507307e-7
4126 5.346800010507307e-7
4127 5.351975046400608e-7
4128 5.351975046400608e-7
4129 5.357999233952027e-7
4130 5.35511531724039e-7
4131 5.360322385176071e-7
4132 5.359393132020635e-7
4133 5.359248929767644e-7
4134 5.360050018082644e-7
4135 5.359905821941471e-7
4136 5.361572087103508e-7
4137 5.356781582402427e-7
4138 5.355019184442335e-7
4139 5.354682728816872e-7
4140 5.352359571481008e-7
4141 5.353336900203199e-7
4142 5.35511531724039e-7
4143 5.35892849321928e-7
4144 5.36294995387138e-7
4145 5.35753460126249e-7
4146 5.35753460126249e-7
4147 5.363943307782489e-7
4148 5.369807274003816e-7
4149 5.369807274003816e-7
4150 5.374181215470298e-7
4151 5.372498931231162e-7
4152 5.376023721039526e-7
4153 5.376920942152581e-7
4154 5.377898264762953e-7
4155 5.378923662940081e-7
4156 5.376215980523817e-7
4157 5.378058486093045e-7
4158 5.378058486093045e-7
4159 5.386213559272399e-7
4160 5.389033393563817e-7
4161 5.38775165348218e-7
4162 5.38834446323579e-7
4163 5.386245609650235e-7
4164 5.389946633753971e-7
4165 5.383954496580389e-7
4166 5.383954496580389e-7
4167 5.389049424864553e-7
4168 5.393855948642735e-7
4169 5.393070885516653e-7
4170 5.394336606521189e-7
4171 5.394336606521189e-7
4172 5.394336606521189e-7
4173 5.394336606521189e-7
4174 5.394336606521189e-7
4175 5.394336606521189e-7
4176 5.394336606521189e-7
4177 5.394336606521189e-7
4178 5.394336606521189e-7
4179 5.394336606521189e-7
4180 5.394336606521189e-7
4181 5.394336606521189e-7
4182 5.394336606521189e-7
4183 5.394336606521189e-7
4184 5.394336606521189e-7
4185 5.394336606521189e-7
4186 5.394336606521189e-7
4187 5.394336606521189e-7
4188 5.394336606521189e-7
4189 5.394336606521189e-7
4190 5.394336606521189e-7
4191 5.394336606521189e-7
4192 5.394336606521189e-7
4193 5.394336606521189e-7
4194 5.410646765103534e-7
4195 5.415645560589644e-7
4196 5.423015570642917e-7
4197 5.419314546539181e-7
4198 5.425803354556499e-7
4199 5.436313635449553e-7
4200 5.429456315317117e-7
4201 5.430641928712517e-7
4202 5.424008918442208e-7
4203 5.423864722301036e-7
4204 5.426171854447982e-7
4205 5.430818169119709e-7
4206 5.429969017461591e-7
4207 5.428142530969463e-7
4208 5.427469619718535e-7
4209 5.429440296240017e-7
4210 5.430834188196808e-7
4211 5.432452383903907e-7
4212 5.42298352026508e-7
4213 5.426956917574062e-7
4214 5.429840834285699e-7
4215 5.428478992706745e-7
4216 5.427069069449217e-7
4217 5.427101113715235e-7
4218 5.429648580913227e-7
4219 5.430177296022981e-7
4220 5.423560310941591e-7
4221 5.423095672140236e-7
4222 5.422855349312827e-7
4223 5.423111703440972e-7
4224 5.429023733005417e-7
4225 5.428478992706745e-7
4226 5.425851424011436e-7
4227 5.425514956162334e-7
4228 5.427886182953135e-7
4229 5.430161270834062e-7
4230 5.425691202681344e-7
4231 5.425691202681344e-7
4232 5.432067858823507e-7
4233 5.44144058966428e-7
4234 5.439822400068999e-7
4235 5.438140109718044e-7
4236 5.443907949253135e-7
4237 5.443202987624371e-7
4238 5.452463572701808e-7
4239 5.456885583623226e-7
4240 5.46183630354258e-7
4241 5.46183630354258e-7
4242 5.470808490225852e-7
4243 5.478386784952334e-7
4244 5.480886182695388e-7
4245 5.49924713152017e-7
4246 5.49924713152017e-7
4247 5.49924713152017e-7
4248 5.49924713152017e-7
4249 5.49924713152017e-7
4250 5.49924713152017e-7
4251 5.49924713152017e-7
4252 5.49924713152017e-7
4253 5.49924713152017e-7
4254 5.49924713152017e-7
4255 5.505079053475479e-7
4256 5.50144211790378e-7
4257 5.505864122713379e-7
4258 5.507434248965543e-7
4259 5.508315451001497e-7
4260 5.506633166762362e-7
4261 5.512977784750325e-7
4262 5.512625303935943e-7
4263 5.508427602876653e-7
4264 5.50729005282437e-7
4265 5.51171205763397e-7
4266 5.51028612752298e-7
4267 5.510045798583752e-7
4268 5.51449985377119e-7
4269 5.515316955051471e-7
4270 5.507434242853724e-7
4271 5.50954910940456e-7
4272 5.508764046278479e-7
4273 5.515493189346842e-7
4274 5.520299719236842e-7
4275 5.512417007039096e-7
4276 5.514227468342305e-7
4277 5.514099291278232e-7
4278 5.50637679429876e-7
4279 5.508427584541196e-7
4280 5.510494393860733e-7
4281 5.513490462447523e-7
4282 5.520187567361688e-7
4283 5.51590975869326e-7
4284 5.514804252906997e-7
4285 5.513634664700515e-7
4286 5.514708120108941e-7
4287 5.51350649374826e-7
4288 5.514371664483477e-7
4289 5.51531694893965e-7
4290 5.513458424293323e-7
4291 5.516198144863786e-7
4292 5.516310296738941e-7
4293 5.51852130219965e-7
4294 5.521982003475977e-7
4295 5.532684543853322e-7
4296 5.54687984199665e-7
4297 5.553064238654522e-7
4298 5.553432738546004e-7
4299 5.550869252270913e-7
4300 5.554378029113996e-7
4301 5.55649290177665e-7
4302 5.561267381288813e-7
4303 5.55791883799946e-7
4304 5.558848097266714e-7
4305 5.557454205309923e-7
4306 5.55953702759474e-7
4307 5.561844171965323e-7
4308 5.563222038733195e-7
4309 5.562052450526713e-7
4310 5.566410372916095e-7
4311 5.564920342049431e-7
4312 5.560354141098659e-7
4313 5.561443621696004e-7
4314 5.55948897036344e-7
4315 5.55948897036344e-7
4316 5.55948897036344e-7
4317 5.55948897036344e-7
4318 5.55948897036344e-7
4319 5.55948897036344e-7
4320 5.55948897036344e-7
4321 5.568525251690568e-7
4322 5.569598707098995e-7
4323 5.571761643104767e-7
4324 5.570079358865631e-7
4325 5.565897682995259e-7
4326 5.566650701855322e-7
4327 5.565320892318749e-7
4328 5.568316967017358e-7
4329 5.572210256717203e-7
4330 5.571120776119858e-7
4331 5.572690908483839e-7
4332 5.578538861739885e-7
4333 5.577817874922202e-7
4334 5.59007452858643e-7
4335 5.587398896548003e-7
4336 5.585251973507511e-7
4337 5.585652517665011e-7
4338 5.586133175543466e-7
4339 5.585604454321893e-7
4340 5.58627736557282e-7
4341 5.586133175543466e-7
4342 5.583249252720011e-7
4343 5.583890131928557e-7
4344 5.584306689051338e-7
4345 5.584787346929793e-7
4346 5.585139821632357e-7
4347 5.588023744455811e-7
4348 5.58904913652112e-7
4349 5.591484445732138e-7
4350 5.599142848067757e-7
4351 5.633717828788648e-7
4352 5.633717828788648e-7
4353 5.633717828788648e-7
4354 5.633717828788648e-7
4355 5.633717828788648e-7
4356 5.633717828788648e-7
4357 5.633717828788648e-7
4358 5.633717828788648e-7
4359 5.633717828788648e-7
4360 5.633717828788648e-7
4361 5.633717828788648e-7
4362 5.633717828788648e-7
4363 5.633717828788648e-7
4364 5.633717828788648e-7
4365 5.648650114491302e-7
4366 5.648650114491302e-7
4367 5.65392127095902e-7
4368 5.65392127095902e-7
4369 5.661115040605101e-7
4370 5.661563648105719e-7
4371 5.667988373702819e-7
4372 5.680036748805655e-7
4373 5.680036748805655e-7
4374 5.672746846361518e-7
4375 5.672746846361518e-7
4376 5.69014648554121e-7
4377 5.686445461437474e-7
4378 5.68053342576121e-7
4379 5.681654950624574e-7
4380 5.682215710000346e-7
4381 5.685035538179947e-7
4382 5.686028892091056e-7
4383 5.686333303450501e-7
4384 5.68737471459291e-7
4385 5.693703319615593e-7
4386 5.693430946410347e-7
4387 5.69373536388161e-7
4388 5.693575142551519e-7
4389 5.689105074398802e-7
4390 5.687086322310564e-7
4391 5.693623199782819e-7
4392 5.695545806849364e-7
4393 5.695657964836337e-7
4394 5.697628641357819e-7
4395 5.697276160543438e-7
4396 5.69740433760751e-7
4397 5.703620784643219e-7
4398 5.70780246662541e-7
4399 5.718328760483746e-7
4400 5.718537039045136e-7
4401 5.717912191137327e-7
4402 5.721917632712327e-7
4403 5.720523740755537e-7
4404 5.7204596522235e-7
4405 5.722190005917573e-7
4406 5.724545201407636e-7
4407 5.725314245456618e-7
4408 5.717607773666063e-7
4409 5.714147072389737e-7
4410 5.715156445377946e-7
4411 5.717639824043901e-7
4412 5.718761342795446e-7
4413 5.717703906464118e-7
4414 5.719738671517637e-7
4415 5.716374103039364e-7
4416 5.719578456299365e-7
4417 5.713730509155137e-7
4418 5.72302314461041e-7
4419 5.720892246758838e-7
4420 5.723696061973157e-7
4421 5.720908278059575e-7
4422 5.724481131211058e-7
4423 5.73369363460992e-7
4424 5.740470853245039e-7
4425 5.742153137484176e-7
4426 5.731995331293684e-7
4427 5.738291885938529e-7
4428 5.739749872539175e-7
4429 5.734831190774021e-7
4430 5.734558823680595e-7
4431 5.730921875885258e-7
4432 5.73608088658964e-7
4433 5.736096905666739e-7
4434 5.735968734714485e-7
4435 5.737234449607203e-7
4436 5.735231728819703e-7
4437 5.741159777461248e-7
4438 5.737490791511712e-7
4439 5.739461474145012e-7
4440 5.741352043057357e-7
4441 5.741352043057357e-7
4442 5.741352043057357e-7
4443 5.741352043057357e-7
4444 5.749218730066184e-7
4445 5.747183971124485e-7
4446 5.746142553870258e-7
4447 5.746142553870258e-7
4448 5.746142553870258e-7
4449 5.746142553870258e-7
4450 5.746142553870258e-7
4451 5.746142553870258e-7
4452 5.756268309682912e-7
4453 5.756268309682912e-7
4454 5.756268309682912e-7
4455 5.764871996474702e-7
4456 5.769438203537294e-7
4457 5.769646488210503e-7
4458 5.77075198177313e-7
4459 5.770047032368003e-7
4460 5.769390134082357e-7
4461 5.774116556363221e-7
4462 5.774116556363221e-7
4463 5.774116556363221e-7
4464 5.774116556363221e-7
4465 5.788616253642357e-7
4466 5.794624416004857e-7
4467 5.78938529769134e-7
4468 5.788856582581585e-7
4469 5.793150416438931e-7
4470 5.79175652448214e-7
4471 5.794079669594366e-7
4472 5.794560327472821e-7
4473 5.798838130029429e-7
4474 5.808563353908222e-7
4475 5.809732942114704e-7
4476 5.804894361846866e-7
4477 5.803067887578376e-7
4478 5.799302774942603e-7
4479 5.799302774942603e-7
4480 5.79978342670924e-7
4481 5.79978342670924e-7
4482 5.79978342670924e-7
4483 5.79978342670924e-7
4484 5.800712692088312e-7
4485 5.80077677450853e-7
4486 5.80077677450853e-7
4487 5.806352348447512e-7
4488 5.807409784778839e-7
4489 5.805342981571121e-7
4490 5.806977202467139e-7
4491 5.806977202467139e-7
4492 5.806977202467139e-7
4493 5.806977202467139e-7
4494 5.813962687440011e-7
4495 5.813962687440011e-7
4496 5.813962687440011e-7
4497 5.82275864593973e-7
4498 5.827837542923157e-7
4499 5.838363836781493e-7
4500 5.838363842893312e-7
4501 5.848089054548466e-7
4502 5.863181567693031e-7
4503 5.862508650330285e-7
4504 5.864655567258958e-7
4505 5.859720866416704e-7
4506 5.860586037151921e-7
4507 5.862540688484485e-7
4508 5.862540688484485e-7
4509 5.862540688484485e-7
4510 5.862540688484485e-7
4511 5.862540688484485e-7
4512 5.862540688484485e-7
4513 5.862540688484485e-7
4514 5.862540688484485e-7
4515 5.862540688484485e-7
4516 5.862540688484485e-7
4517 5.873307311282049e-7
4518 5.875181861117295e-7
4519 5.88407394630325e-7
4520 5.881911004185658e-7
4521 5.876351449323777e-7
4522 5.876351449323777e-7
4523 5.876351449323777e-7
4524 5.876351449323777e-7
4525 5.876351449323777e-7
4526 5.876351449323777e-7
4527 5.876351449323777e-7
4528 5.876351449323777e-7
4529 5.880533131305968e-7
4530 5.883433067094704e-7
4531 5.886172787665167e-7
4532 5.884057915002513e-7
4533 5.878562448672668e-7
4534 5.878562448672668e-7
4535 5.878562448672668e-7
4536 5.878562448672668e-7
4537 5.878562448672668e-7
4538 5.878562448672668e-7
4539 5.878562448672668e-7
4540 5.889264989050013e-7
4541 5.892341171357759e-7
4542 5.885275566552113e-7
4543 5.885275566552113e-7
4544 5.890626830628967e-7
4545 5.899839352363286e-7
4546 5.89556153758304e-7
4547 5.894023455596896e-7
4548 5.895257126223595e-7
4549 5.894920670598132e-7
4550 5.894423987530758e-7
4551 5.894423987530758e-7
4552 5.90096087111483e-7
4553 5.897339948508412e-7
4554 5.906248046659648e-7
4555 5.907465704321066e-7
4556 5.910509842362793e-7
4557 5.904629857064366e-7
4558 5.905318787392392e-7
4559 5.897804581197947e-7
4560 5.901249263397175e-7
4561 5.896715100600602e-7
4562 5.896715100600602e-7
4563 5.905703306360975e-7
4564 5.905703306360975e-7
4565 5.915508625625266e-7
4566 5.913650100978938e-7
4567 5.917783719618011e-7
4568 5.921228401817239e-7
4569 5.92260627469693e-7
4570 5.924849318311839e-7
4571 5.954137111264276e-7
4572 5.954137111264276e-7
4573 5.954137111264276e-7
4574 5.964583303625294e-7
4575 5.969245631262303e-7
4576 5.971328459658939e-7
4577 5.982495626614002e-7
4578 5.982607778489157e-7
4579 5.981374107862457e-7
4580 5.975686382048322e-7
4581 5.970014675311286e-7
4582 5.970431244657705e-7
4583 5.977512862428632e-7
4584 5.970367156125669e-7
4585 5.972802459224869e-7
4586 5.981406152128478e-7
4587 5.978105672182242e-7
4588 5.979595696937088e-7
4589 5.977272539601224e-7
4590 5.979403431340979e-7
4591 5.980925494250024e-7
4592 5.977224470146288e-7
4593 5.978858697154125e-7
4594 5.981614436801689e-7
4595 5.981790671097061e-7
4596 5.986501074300825e-7
4597 5.988039162398789e-7
4598 6.010309420000516e-7
4599 6.010309420000516e-7
4600 6.010309420000516e-7
4601 6.019810327905362e-7
4602 6.01958603637869e-7
4603 6.01958603637869e-7
4604 6.02878253903591e-7
4605 6.036857504606128e-7
4606 6.035832106429e-7
4607 6.036601144366164e-7
4608 6.036857498494309e-7
4609 6.038956345968045e-7
4610 6.036777390885172e-7
4611 6.040077870831409e-7
4612 6.048537361482026e-7
4613 6.057044921587581e-7
4614 6.055314574005327e-7
4615 6.074813066770573e-7
4616 6.074813066770573e-7
4617 6.073851763237301e-7
4618 6.073851763237301e-7
4619 6.073851763237301e-7
4620 6.073851763237301e-7
4621 6.073851763237301e-7
4622 6.073851763237301e-7
4623 6.073851763237301e-7
4624 6.073851763237301e-7
4625 6.076911920356128e-7
4626 6.076911920356128e-7
4627 6.081109621415419e-7
4628 6.081109621415419e-7
4629 6.081109621415419e-7
4630 6.085755929975328e-7
4631 6.087934897281837e-7
4632 6.099198190923137e-7
4633 6.101265000242673e-7
4634 6.100704234755082e-7
4635 6.098685488778663e-7
4636 6.098461185028355e-7
4637 6.098461185028355e-7
4638 6.098461185028355e-7
4639 6.098461185028355e-7
4640 6.098461185028355e-7
4641 6.098461185028355e-7
4642 6.098461185028355e-7
4643 6.098461185028355e-7
4644 6.098461185028355e-7
4645 6.098461185028355e-7
4646 6.098461185028355e-7
4647 6.098461185028355e-7
4648 6.098461185028355e-7
4649 6.098461185028355e-7
4650 6.098461185028355e-7
4651 6.098461185028355e-7
4652 6.098461185028355e-7
4653 6.098461185028355e-7
4654 6.098461185028355e-7
4655 6.098461185028355e-7
4656 6.098461185028355e-7
4657 6.098461185028355e-7
4658 6.098461185028355e-7
4659 6.098461185028355e-7
4660 6.098461185028355e-7
4661 6.098461185028355e-7
4662 6.098461185028355e-7
4663 6.098461185028355e-7
4664 6.098461185028355e-7
4665 6.098461185028355e-7
4666 6.098461185028355e-7
4667 6.106279808694064e-7
4668 6.11494759012971e-7
4669 6.115700608989773e-7
4670 6.1139382171415e-7
4671 6.115171893880018e-7
4672 6.119529810157581e-7
4673 6.116597823991009e-7
4674 6.1207314487419e-7
4675 6.125650124395236e-7
4676 6.143402244389309e-7
4677 6.143402244389309e-7
4678 6.143402244389309e-7
4679 6.143402244389309e-7
4680 6.143402244389309e-7
4681 6.143402244389309e-7
4682 6.143402244389309e-7
4683 6.143402244389309e-7
4684 6.143402244389309e-7
4685 6.143402244389309e-7
4686 6.143402244389309e-7
4687 6.143402244389309e-7
4688 6.143402244389309e-7
4689 6.149634710502118e-7
4690 6.149634710502118e-7
4691 6.149634710502118e-7
4692 6.149634710502118e-7
4693 6.149634710502118e-7
4694 6.149634710502118e-7
4695 6.157629574575019e-7
4696 6.163910110142765e-7
4697 6.16480733125582e-7
4698 6.167450925140047e-7
4699 6.168796747641901e-7
4700 6.170527101335974e-7
4701 6.175285567882855e-7
4702 6.173475106579646e-7
4703 6.171007753102609e-7
4704 6.1707834493523e-7
4705 6.167306722887054e-7
4706 6.16416645815909e-7
4707 6.167162532857699e-7
4708 6.167162532857699e-7
4709 6.167162532857699e-7
4710 6.167162532857699e-7
4711 6.167162532857699e-7
4712 6.167162532857699e-7
4713 6.17815346551739e-7
4714 6.182030736140135e-7
4715 6.179258965191835e-7
4716 6.172401645059399e-7
4717 6.178089370873535e-7
4718 6.178089370873535e-7
4719 6.178089370873535e-7
4720 6.178089370873535e-7
4721 6.183168267856962e-7
4722 6.190682474051408e-7
4723 6.1868212347294e-7
4724 6.198004420761563e-7
4725 6.196979028696254e-7
4726 6.195969649596226e-7
4727 6.195697288614618e-7
4728 6.189192449296563e-7
4729 6.19207635989638e-7
4730 6.18904825315539e-7
4731 6.189673107175017e-7
4732 6.190698493128507e-7
4733 6.19004160095468e-7
4734 6.187926728292026e-7
4735 6.188599639542953e-7
4736 6.18666100728749e-7
4737 6.200696071877089e-7
4738 6.206063367254681e-7
4739 6.22009843184428e-7
4740 6.219393470215516e-7
4741 6.218480230025362e-7
4742 6.225962391953789e-7
4743 6.2273082327911e-7
4744 6.231025263748298e-7
4745 6.226202720893018e-7
4746 6.227836954012673e-7
4747 6.228397707276627e-7
4748 6.231361731597399e-7
4749 6.238779817217427e-7
4750 6.238795836294527e-7
4751 6.242753208414589e-7
4752 6.242609018385235e-7
4753 6.242560955042117e-7
4754 6.24512443520539e-7
4755 6.241006841755235e-7
4756 6.243346018168199e-7
4757 6.240926734146099e-7
4758 6.244259264470172e-7
4759 6.247655877214463e-7
4760 6.24028586716119e-7
4761 6.243538283764309e-7
4762 6.241054905098354e-7
4763 6.235431267816254e-7
4764 6.240846620425144e-7
4765 6.247447592541254e-7
4766 6.246790700367427e-7
4767 6.243538283764309e-7
4768 6.246438219553045e-7
4769 6.246678548492273e-7
4770 6.247367484932119e-7
4771 6.255490519957273e-7
4772 6.254849646860545e-7
4773 6.256996563789218e-7
4774 6.256820329493845e-7
4775 6.257989917700327e-7
4776 6.260297049847272e-7
4777 6.253696083842982e-7
4778 6.2525425147136e-7
4779 6.266353275552891e-7
4780 6.272249286040237e-7
4781 6.269701824954064e-7
4782 6.267410711884218e-7
4783 6.266785863976409e-7
4784 6.266785863976409e-7
4785 6.266785863976409e-7
4786 6.278465733075945e-7
4787 6.289937317502272e-7
4788 6.312720265024835e-7
4789 6.312720265024835e-7
4790 6.312720265024835e-7
4791 6.312720265024835e-7
4792 6.312720265024835e-7
4793 6.32523326670539e-7
4794 6.325938222222335e-7
4795 6.33104916347178e-7
4796 6.33563139572329e-7
4797 6.33784239507218e-7
4798 6.340902558302827e-7
4799 6.343802500203382e-7
4800 6.367018023925826e-7
4801 6.372849951992953e-7
4802 6.383248074899035e-7
4803 6.377480241475763e-7
4804 6.372497471178572e-7
4805 6.367755029820609e-7
4806 6.367755029820609e-7
4807 6.367755029820609e-7
4808 6.367755029820609e-7
4809 6.367755029820609e-7
4810 6.367755029820609e-7
4811 6.367755029820609e-7
4812 6.367755029820609e-7
4813 6.367755029820609e-7
4814 6.375942153377799e-7
4815 6.381774075333109e-7
4816 6.376214532694864e-7
4817 6.381389556364528e-7
4818 6.3811332083482e-7
4819 6.380748689379619e-7
4820 6.381117189271101e-7
4821 6.377848747479064e-7
4822 6.382559150682828e-7
4823 6.3839049792965e-7
4824 6.388887743481873e-7
4825 6.388759572529618e-7
4826 6.387061263101564e-7
4827 6.383680669434373e-7
4828 6.382334846932519e-7
4829 6.384818213374837e-7
4830 6.385378978862428e-7
4831 6.383792827421346e-7
4832 6.377784665058846e-7
4833 6.381213315957336e-7
4834 6.374628375141963e-7
4835 6.373346628948508e-7
4836 6.380972993129927e-7
4837 6.380972993129927e-7
4838 6.380972993129927e-7
4839 6.384401650140236e-7
4840 6.388631401577363e-7
4841 6.390698204785081e-7
4842 6.395552798018199e-7
4843 6.391931881523599e-7
4844 6.421524079723662e-7
4845 6.424680369640544e-7
4846 6.425096932875144e-7
4847 6.421844516272026e-7
4848 6.428397418933199e-7
4849 6.426635020973107e-7
4850 6.422773781651098e-7
4851 6.425849957847024e-7
4852 6.426763204148998e-7
4853 6.421411927848507e-7
4854 6.421187624098198e-7
4855 6.426410717222797e-7
4856 6.435222694799616e-7
4857 6.43475806211008e-7
4858 6.430656481625207e-7
4859 6.430656481625207e-7
4860 6.430656481625207e-7
4861 6.430656481625207e-7
4862 6.438362947303943e-7
4863 6.438362947303943e-7
4864 6.438362947303943e-7
4865 6.438362947303943e-7
4866 6.442112046974434e-7
4867 6.444050679229898e-7
4868 6.447575469038262e-7
4869 6.445877159610208e-7
4870 6.443682179338417e-7
4871 6.443441856511008e-7
4872 6.445861140533107e-7
4873 6.449033449527089e-7
4874 6.445316394122616e-7
4875 6.445316394122616e-7
4876 6.445316394122616e-7
4877 6.445316394122616e-7
4878 6.445316394122616e-7
4879 6.459944262354006e-7
4880 6.45864650319527e-7
4881 6.469685499198079e-7
4882 6.472553396832615e-7
4883 6.472825763926041e-7
4884 6.474027396398541e-7
4885 6.47564559821746e-7
4886 6.474812465636442e-7
4887 6.475693661560578e-7
4888 6.475453338733169e-7
4889 6.474059434552741e-7
4890 6.472857808192059e-7
4891 6.470278308951687e-7
4892 6.469204841319623e-7
4893 6.469717537352278e-7
4894 6.469717537352278e-7
4895 6.481221172156443e-7
4896 6.48267915264527e-7
4897 6.470758954606505e-7
4898 6.477039490174251e-7
4899 6.477744445691196e-7
4900 6.477167661126505e-7
4901 6.477776489957214e-7
4902 6.48307969069095e-7
4903 6.483191842566105e-7
4904 6.480019533572123e-7
4905 6.477744445691196e-7
4906 6.476062161452061e-7
4907 6.47726379392456e-7
4908 6.471960587079005e-7
4909 6.471335739171196e-7
4910 6.478625641615332e-7
4911 6.477920686098387e-7
4912 6.471832416126751e-7
4913 6.471832416126751e-7
4914 6.471832416126751e-7
4915 6.471832416126751e-7
4916 6.471832416126751e-7
4917 6.471832416126751e-7
4918 6.471832416126751e-7
4919 6.471832416126751e-7
4920 6.472937909689378e-7
4921 6.472937909689378e-7
4922 6.472937909689378e-7
4923 6.474604174851414e-7
4924 6.476046130151323e-7
4925 6.481461488872033e-7
4926 6.481461488872033e-7
4927 6.481461488872033e-7
4928 6.481461488872033e-7
4929 6.481461488872033e-7
4930 6.481461488872033e-7
4931 6.481461488872033e-7
4932 6.481461488872033e-7
4933 6.481461488872033e-7
4934 6.495240205445305e-7
4935 6.495897097619132e-7
4936 6.495897097619132e-7
4937 6.495897097619132e-7
4938 6.495897097619132e-7
4939 6.505221771228605e-7
4940 6.505269828459904e-7
4941 6.502450000280303e-7
4942 6.506904055467741e-7
4943 6.50472509427305e-7
4944 6.503907980769132e-7
4945 6.508906770143422e-7
4946 6.506807922669687e-7
4947 6.509579693617987e-7
4948 6.50873053584805e-7
4949 6.509563668429067e-7
4950 6.50913107389373e-7
4951 6.509115054816631e-7
4952 6.509771953102277e-7
4953 6.515635913211785e-7
4954 6.511998977640085e-7
4955 6.52172418929524e-7
4956 6.520506543857458e-7
4957 6.520939126169157e-7
4958 6.519929753180947e-7
4959 6.519577272366566e-7
4960 6.520602664431875e-7
4961 6.53047208445184e-7
4962 6.524608106006875e-7
4963 6.526370503966966e-7
4964 6.52371088489382e-7
4965 6.522076663997801e-7
4966 6.522076663997801e-7
4967 6.522076663997801e-7
4968 6.522076663997801e-7
4969 6.522076663997801e-7
4970 6.522076663997801e-7
4971 6.538242620327155e-7
4972 6.539940929755209e-7
4973 6.548112034235301e-7
4974 6.552181564342338e-7
4975 6.550130774099901e-7
4976 6.547006528449037e-7
4977 6.540181258694437e-7
4978 6.543802175189038e-7
4979 6.538979626221938e-7
4980 6.536448184212865e-7
4981 6.536448184212865e-7
4982 6.541463004887893e-7
4983 6.538675220974312e-7
4984 6.538675220974312e-7
4985 6.538675220974312e-7
4986 6.538675220974312e-7
4987 6.546782236922367e-7
4988 6.546461800374003e-7
4989 6.544811554289066e-7
4990 6.554136215674902e-7
4991 6.554136215674902e-7
4992 6.563717231188884e-7
4993 6.566521040291384e-7
4994 6.566521040291384e-7
4995 6.566521040291384e-7
4996 6.566521040291384e-7
4997 6.566521040291384e-7
4998 6.566521040291384e-7
4999 6.566521040291384e-7
5000 6.566521040291384e-7
5001 6.566521040291384e-7
5002 6.566521040291384e-7
5003 6.566521040291384e-7
5004 6.566521040291384e-7
5005 6.566521040291384e-7
5006 6.566521040291384e-7
5007 6.583247768220148e-7
5008 6.58140526265092e-7
5009 6.583167654499193e-7
5010 6.58363228718873e-7
5011 6.582622920312339e-7
5012 6.586708463384656e-7
5013 6.580556104880984e-7
5014 6.580556104880984e-7
5015 6.590601759196322e-7
5016 6.590713911071476e-7
5017 6.585971469713513e-7
5018 6.587349342593204e-7
5019 6.59045755694333e-7
5020 6.583712394797867e-7
5021 6.583712394797867e-7
5022 6.583712394797867e-7
5023 6.583712394797867e-7
5024 6.583712394797867e-7
5025 6.583712394797867e-7
5026 6.583712394797867e-7
5027 6.583712394797867e-7
5028 6.583712394797867e-7
5029 6.583712394797867e-7
5030 6.583712394797867e-7
5031 6.583712394797867e-7
5032 6.583712394797867e-7
5033 6.583712394797867e-7
5034 6.583712394797867e-7
5035 6.583712394797867e-7
5036 6.583712394797867e-7
5037 6.583712394797867e-7
5038 6.583712394797867e-7
5039 6.583712394797867e-7
5040 6.586644368740802e-7
5041 6.596129257568547e-7
5042 6.599125326155338e-7
5043 6.599125326155338e-7
5044 6.599125326155338e-7
5045 6.599125326155338e-7
5046 6.599125326155338e-7
5047 6.599125326155338e-7
5048 6.599125326155338e-7
5049 6.599125326155338e-7
5050 6.599125326155338e-7
5051 6.599125326155338e-7
5052 6.609635607048393e-7
5053 6.61370513104361e-7
5054 6.613769225687466e-7
5055 6.606110817240029e-7
5056 6.60971570854571e-7
5057 6.612888023651511e-7
5058 6.607328474901447e-7
5059 6.611430049274502e-7
5060 6.611766504899965e-7
5061 6.608674297403301e-7
5062 6.612102960525429e-7
5063 6.614313959874319e-7
5064 6.612086935336511e-7
5065 6.612984150337747e-7
5066 6.611942745307157e-7
5067 6.602714204495738e-7
5068 6.602714204495738e-7
5069 6.602714204495738e-7
5070 6.607504715308638e-7
5071 6.608850537810492e-7
5072 6.614858694061173e-7
5073 6.614602352156664e-7
5074 6.61447418120441e-7
5075 6.612775877888174e-7
5076 6.612807916042373e-7
5077 6.608081493761509e-7
5078 6.608081493761509e-7
5079 6.608081493761509e-7
5080 6.632162218778265e-7
5081 6.636039483289192e-7
5082 6.642800670623574e-7
5083 6.644226606846383e-7
5084 6.651067895678083e-7
5085 6.645284037065891e-7
5086 6.644514999128728e-7
5087 6.647158586901136e-7
5088 6.645219948533854e-7
5089 6.642816683588854e-7
5090 6.635799154349963e-7
5091 6.635799154349963e-7
5092 6.635799154349963e-7
5093 6.642768620245736e-7
5094 6.646197271144226e-7
5095 6.646197271144226e-7
5096 6.646197271144226e-7
5097 6.646197271144226e-7
5098 6.646197271144226e-7
5099 6.646197271144226e-7
5100 6.646197271144226e-7
5101 6.646197271144226e-7
5102 6.646197271144226e-7
5103 6.646197271144226e-7
5104 6.646197271144226e-7
5105 6.646197271144226e-7
5106 6.646197271144226e-7
5107 6.646197271144226e-7
5108 6.646197271144226e-7
5109 6.646197271144226e-7
5110 6.646197271144226e-7
5111 6.646197271144226e-7
5112 6.646197271144226e-7
5113 6.646197271144226e-7
5114 6.646197271144226e-7
5115 6.646197271144226e-7
5116 6.646197271144226e-7
5117 6.646197271144226e-7
5118 6.646197271144226e-7
5119 6.646197271144226e-7
5120 6.646197271144226e-7
5121 6.646197271144226e-7
5122 6.646197271144226e-7
5123 6.646197271144226e-7
5124 6.646197271144226e-7
5125 6.646197271144226e-7
5126 6.646197271144226e-7
5127 6.646197271144226e-7
5128 6.646197271144226e-7
5129 6.646197271144226e-7
5130 6.646197271144226e-7
5131 6.646197271144226e-7
5132 6.646197271144226e-7
5133 6.646197271144226e-7
5134 6.646197271144226e-7
5135 6.65492912888827e-7
5136 6.65492912888827e-7
5137 6.65492912888827e-7
5138 6.660136209047589e-7
5139 6.662042803148853e-7
5140 6.662106879457252e-7
5141 6.661978708504997e-7
5142 6.661994727582096e-7
5143 6.661994727582096e-7
5144 6.663596904212097e-7
5145 6.663596904212097e-7
5146 6.663596904212097e-7
5147 6.663596904212097e-7
5148 6.666608991875987e-7
5149 6.67495633065145e-7
5150 6.67295360986395e-7
5151 6.675677305245495e-7
5152 6.674059115650214e-7
5153 6.673642546303795e-7
5154 6.673065761739103e-7
5155 6.682150106409349e-7
5156 6.699309422761632e-7
5157 6.699309422761632e-7
5158 6.699309422761632e-7
5159 6.699309422761632e-7
5160 6.699309422761632e-7
5161 6.699661897464195e-7
5162 6.703827560369286e-7
5163 6.707031907517467e-7
5164 6.70494908523265e-7
5165 6.711069399470305e-7
5166 6.706487167218795e-7
5167 6.70736836925475e-7
5168 6.712703614254504e-7
5169 6.711854462596386e-7
5170 6.712751683709441e-7
5171 6.711790380176168e-7
5172 6.711822424442186e-7
5173 6.713809120040767e-7
5174 6.725056400716785e-7
5175 6.737329079569931e-7
5176 6.740405255765858e-7
5177 6.740405255765858e-7
5178 6.740405255765858e-7
5179 6.745083614703604e-7
5180 6.745964810627739e-7
5181 6.745964810627739e-7
5182 6.748303987040703e-7
5183 6.753559130543141e-7
5184 6.753318801603913e-7
5185 6.759038571684067e-7
5186 6.75639497779984e-7
5187 6.755962395488141e-7
5188 6.750514992501414e-7
5189 6.758237483369068e-7
5190 6.759423096764469e-7
5191 6.755834218424068e-7
5192 6.75599443364234e-7
5193 6.753094497853605e-7
5194 6.752661915541906e-7
5195 6.753575149620241e-7
5196 6.754119889918914e-7
5197 6.752613839975149e-7
5198 6.753078472664686e-7
5199 6.748944854025613e-7
5200 6.746012873970858e-7
5201 6.746509550926413e-7
5202 6.746509550926413e-7
5203 6.746509550926413e-7
5204 6.75299836505555e-7
5205 6.757468433208267e-7
5206 6.758445761930458e-7
5207 6.760128046169594e-7
5208 6.758077268150794e-7
5209 6.757724781224593e-7
5210 6.757949091086721e-7
5211 6.763044013259067e-7
5212 6.757548546929222e-7
5213 6.758734154212803e-7
5214 6.761425817551967e-7
5215 6.758189420025949e-7
5216 6.758557913805612e-7
5217 6.757917040708884e-7
5218 6.758830287010858e-7
5219 6.758622002337648e-7
5220 6.754824845435857e-7
5221 6.754824845435857e-7
5222 6.769276479371876e-7
5223 6.774435490076258e-7
5224 6.774836034233758e-7
5225 6.777623824259158e-7
5226 6.778472969805457e-7
5227 6.781437006349867e-7
5228 6.792203629147429e-7
5229 6.794046134716657e-7
5230 6.788310339447583e-7
5231 6.787060643631964e-7
5232 6.793325154010792e-7
5233 6.790329079312182e-7
5234 6.783808233140665e-7
5235 6.786579991865328e-7
5236 6.78494577096931e-7
5237 6.782894986838693e-7
5238 6.782478423604093e-7
5239 6.77957847559172e-7
5240 6.782878967761593e-7
5241 6.783648005698757e-7
5242 6.782911005915793e-7
5243 6.78257455029033e-7
5244 6.779258045155175e-7
5245 6.779258045155175e-7
5246 6.779258045155175e-7
5247 6.779258045155175e-7
5248 6.779258045155175e-7
5249 6.779258045155175e-7
5250 6.779258045155175e-7
5251 6.779258045155175e-7
5252 6.779258045155175e-7
5253 6.779258045155175e-7
5254 6.779258045155175e-7
5255 6.779258045155175e-7
5256 6.779258045155175e-7
5257 6.779258045155175e-7
5258 6.779258045155175e-7
5259 6.779258045155175e-7
5260 6.779258045155175e-7
5261 6.779258045155175e-7
5262 6.779258045155175e-7
5263 6.779258045155175e-7
5264 6.779258045155175e-7
5265 6.790809737190638e-7
5266 6.794542811672211e-7
5267 6.798676424199465e-7
5268 6.817582107211102e-7
5269 6.817582107211102e-7
5270 6.817582107211102e-7
5271 6.817582107211102e-7
5272 6.817582107211102e-7
5273 6.817582107211102e-7
5274 6.817582107211102e-7
5275 6.817582107211102e-7
5276 6.817582107211102e-7
5277 6.817582107211102e-7
5278 6.817582107211102e-7
5279 6.817582107211102e-7
5280 6.817582107211102e-7
5281 6.817582107211102e-7
5282 6.82144334653311e-7
5283 6.824199092292492e-7
5284 6.825464813297028e-7
5285 6.824375332699683e-7
5286 6.826714509112647e-7
5287 6.824936092075456e-7
5288 6.822725092726565e-7
5289 6.823830598512829e-7
5290 6.822484763787337e-7
5291 6.823958769465083e-7
5292 6.823958769465083e-7
5293 6.823958769465083e-7
5294 6.823958769465083e-7
5295 6.823958769465083e-7
5296 6.832258051009247e-7
5297 6.82898960921721e-7
5298 6.82898960921721e-7
5299 6.83402044285752e-7
5300 6.837304903726656e-7
5301 6.839211491716101e-7
5302 6.842976610463693e-7
5303 6.840557326441593e-7
5304 6.841454541442829e-7
5305 6.839019232231811e-7
5306 6.840893782067057e-7
5307 6.839868383889929e-7
5308 6.841630781850021e-7
5309 6.839756232014775e-7
5310 6.839067301686748e-7
5311 6.832129873945175e-7
5312 6.832129873945175e-7
5313 6.832129873945175e-7
5314 6.832129873945175e-7
5315 6.832129873945175e-7
5316 6.832129873945175e-7
5317 6.832129873945175e-7
5318 6.832129873945175e-7
5319 6.832129873945175e-7
5320 6.832129873945175e-7
5321 6.832129873945175e-7
5322 6.832129873945175e-7
5323 6.836039194945758e-7
5324 6.838891067391376e-7
5325 6.835894992692767e-7
5326 6.835894992692767e-7
5327 6.835894992692767e-7
5328 6.835894992692767e-7
5329 6.835894992692767e-7
5330 6.835894992692767e-7
5331 6.835894992692767e-7
5332 6.835894992692767e-7
5333 6.840877756878139e-7
5334 6.838522561388076e-7
5335 6.845155571658384e-7
5336 6.844594806170793e-7
5337 6.839355693969094e-7
5338 6.841791009291931e-7
5339 6.842544028151994e-7
5340 6.841502617009585e-7
5341 6.843537375951284e-7
5342 6.842367787744802e-7
5343 6.84241585108792e-7
5344 6.84241585108792e-7
5345 6.84241585108792e-7
5346 6.84241585108792e-7
5347 6.84241585108792e-7
5348 6.84241585108792e-7
5349 6.846132900380574e-7
5350 6.846132900380574e-7
5351 6.853534954699865e-7
5352 6.853534954699865e-7
5353 6.853534954699865e-7
5354 6.853534954699865e-7
5355 6.858341490701684e-7
5356 6.863420387685111e-7
5357 6.863244153389738e-7
5358 6.857043731542948e-7
5359 6.861738103445975e-7
5360 6.86862746784443e-7
5361 6.858533750185975e-7
5362 6.859591192629121e-7
5363 6.865583329802702e-7
5364 6.864846330019739e-7
5365 6.862443065074738e-7
5366 6.866865069884338e-7
5367 6.867073354557547e-7
5368 6.863836957031529e-7
5369 6.863836957031529e-7
5370 6.863836957031529e-7
5371 6.873225706949401e-7
5372 6.867650133010419e-7
5373 6.868194873309092e-7
5374 6.876141674038875e-7
5375 6.871206967084801e-7
5376 6.872008061511621e-7
5377 6.869989309423383e-7
5378 6.881492950339366e-7
5379 6.882422203494802e-7
5380 6.88466525322153e-7
5381 6.885290119464794e-7
5382 6.883575766512364e-7
5383 6.885578499523502e-7
5384 6.88645968933582e-7
5385 6.888670694796529e-7
5386 6.89041707367952e-7
5387 6.889135327486065e-7
5388 6.893268940013319e-7
5389 6.894903160909337e-7
5390 6.893076680529028e-7
5391 6.892131396072855e-7
5392 6.904259878784828e-7
5393 6.905509568488627e-7
5394 6.905509574600445e-7
5395 6.905573650908844e-7
5396 6.903330607293936e-7
5397 6.902465436558718e-7
5398 6.903074259277609e-7
5399 6.902433386180882e-7
5400 6.904980859490692e-7
5401 6.905093011365847e-7
5402 6.907608428186001e-7
5403 6.906390770524583e-7
5404 6.906214536229211e-7
5405 6.909466958944147e-7
5406 6.909931585521865e-7
5407 6.90943490856631e-7
5408 6.909931585521865e-7
5409 6.903602986611001e-7
5410 6.910011693131e-7
5411 6.908794035469582e-7
5412 6.911661939215937e-7
5413 6.904420100114918e-7
5414 6.904468163458036e-7
5415 6.90579797299461e-7
5416 6.905028928945628e-7
5417 6.907063687887328e-7
5418 6.916148038669393e-7
5419 6.914369621632202e-7
5420 6.920537993101155e-7
5421 6.919977233725382e-7
5422 6.919897126116246e-7
5423 6.920794347229301e-7
5424 6.922877181737755e-7
5425 6.924495371333037e-7
5426 6.9248318269585e-7
5427 6.928500812908037e-7
5428 6.932682501002048e-7
5429 6.931801298966093e-7
5430 6.926466053966339e-7
5431 6.931977539373284e-7
5432 6.937969682658684e-7
5433 6.937489024780229e-7
5434 6.94383365499183e-7
5435 6.943705484039575e-7
5436 6.948479963551738e-7
5437 6.946653489283248e-7
5438 6.946653489283248e-7
5439 6.952245088411148e-7
5440 6.959567035121303e-7
5441 6.956907416048157e-7
5442 6.954728460965284e-7
5443 6.957724529552075e-7
5444 6.958910136835656e-7
5445 6.958349377459883e-7
5446 6.952501436427475e-7
5447 6.957932820337103e-7
5448 6.9624349205322e-7
5449 6.966280146888928e-7
5450 6.967017152783709e-7
5451 6.9636205339276e-7
5452 6.957836675315408e-7
5453 6.960480269199636e-7
5454 6.960015642621918e-7
5455 6.954295866429945e-7
5456 6.958237225584727e-7
5457 6.96139350938979e-7
5458 6.961842116890408e-7
5459 6.96019187691729e-7
5460 6.96019187691729e-7
5461 6.961153180450562e-7
5462 6.961153180450562e-7
5463 6.961153180450562e-7
5464 6.961153180450562e-7
5465 6.961153180450562e-7
5466 6.961153180450562e-7
5467 6.96778619072087e-7
5468 6.96778619072087e-7
5469 6.96778619072087e-7
5470 6.96778619072087e-7
5471 6.971839695638989e-7
5472 6.971839695638989e-7
5473 6.971839695638989e-7
5474 6.971839695638989e-7
5475 6.971839695638989e-7
5476 6.971839695638989e-7
5477 6.971839695638989e-7
5478 6.971839695638989e-7
5479 6.975476631210688e-7
5480 6.98103618607257e-7
5481 6.981100268492787e-7
5482 6.982958799250933e-7
5483 6.984384741585561e-7
5484 6.99305251079757e-7
5485 7.018382919406306e-7
5486 7.018222704188034e-7
5487 7.022035880166924e-7
5488 7.022436424324423e-7
5489 7.023365689703496e-7
5490 7.017822153918714e-7
5491 7.020353595927787e-7
5492 7.019007773425933e-7
5493 7.022372341904206e-7
5494 7.020834247694424e-7
5495 7.021058551444733e-7
5496 7.021475120791152e-7
5497 7.019376267205597e-7
5498 7.018110552312879e-7
5499 7.021042532367634e-7
5500 7.021106627011489e-7
5501 7.018767438374888e-7
5502 7.019824874706216e-7
5503 7.022372341904207e-7
5504 7.021058551444734e-7
5505 7.02091436141538e-7
5506 7.023830316281216e-7
5507 7.018927659704981e-7
5508 7.01753376774819e-7
5509 7.020193380709517e-7
5510 7.015338787476399e-7
5511 7.022708797529671e-7
5512 7.019200026798407e-7
5513 7.021811576416616e-7
5514 7.022596645654516e-7
5515 7.023541930110689e-7
5516 7.024054620031525e-7
5517 7.025977239321707e-7
5518 7.024359037502789e-7
5519 7.018559159813498e-7
5520 7.020962418646679e-7
5521 7.021250810929024e-7
5522 7.01953648242387e-7
5523 7.01953648242387e-7
5524 7.01953648242387e-7
5525 7.027210909948406e-7
5526 7.029502016906433e-7
5527 7.028588782828098e-7
5528 7.030383218942388e-7
5529 7.030078801471124e-7
5530 7.02756338465097e-7
5531 7.028044042529425e-7
5532 7.027899840276434e-7
5533 7.026281644569335e-7
5534 7.02637777736739e-7
5535 7.021635336009427e-7
5536 7.023093316498254e-7
5537 7.025192157860171e-7
5538 7.024471189377945e-7
5539 7.026073359896126e-7
5540 7.022885031825044e-7
5541 7.020722089707453e-7
5542 7.025448499764678e-7
5543 7.03121633929977e-7
5544 7.036695780440696e-7
5545 7.031328491174924e-7
5546 7.039083026308596e-7
5547 7.045171296280232e-7
5548 7.044386233154151e-7
5549 7.052845729916587e-7
5550 7.054127463886404e-7
5551 7.047894997773595e-7
5552 7.045283454267205e-7
5553 7.045283454267205e-7
5554 7.045283454267205e-7
5555 7.045283454267205e-7
5556 7.045283454267205e-7
5557 7.045283454267205e-7
5558 7.047670694023287e-7
5559 7.047670694023287e-7
5560 7.047670694023287e-7
5561 7.047670694023287e-7
5562 7.047670694023287e-7
5563 7.047670694023287e-7
5564 7.047670694023287e-7
5565 7.047670694023287e-7
5566 7.047670694023287e-7
5567 7.047670694023287e-7
5568 7.047670694023287e-7
5569 7.052172812553842e-7
5570 7.053726925840724e-7
5571 7.048664041822578e-7
5572 7.048664041822578e-7
5573 7.048664041822578e-7
5574 7.048664041822578e-7
5575 7.048664041822578e-7
5576 7.061209081657333e-7
5577 7.06108090459326e-7
5578 7.06108090459326e-7
5579 7.06108090459326e-7
5580 7.06108090459326e-7
5581 7.06108090459326e-7
5582 7.06108090459326e-7
5583 7.06108090459326e-7
5584 7.064605688289805e-7
5585 7.064605688289805e-7
5586 7.064605688289805e-7
5587 7.064605688289805e-7
5588 7.064605688289805e-7
5589 7.064605688289805e-7
5590 7.064605688289805e-7
5591 7.064605688289805e-7
5592 7.064605688289805e-7
5593 7.064605688289805e-7
5594 7.064605688289805e-7
5595 7.064605688289805e-7
5596 7.064605688289805e-7
5597 7.064605688289805e-7
5598 7.066255934374741e-7
5599 7.066255934374741e-7
5600 7.067922199536778e-7
5601 7.067922199536778e-7
5602 7.067922199536778e-7
5603 7.067922199536778e-7
5604 7.067922199536778e-7
5605 7.067922199536778e-7
5606 7.067922199536778e-7
5607 7.067922199536778e-7
5608 7.067922199536778e-7
5609 7.067922199536778e-7
5610 7.067922199536778e-7
5611 7.073641975728751e-7
5612 7.081236289532332e-7
5613 7.079457872495141e-7
5614 7.074747475403195e-7
5615 7.077118696082177e-7
5616 7.076942455674986e-7
5617 7.07747117078474e-7
5618 7.071783444970604e-7
5619 7.076942455674986e-7
5620 7.071623223640513e-7
5621 7.071623223640513e-7
5622 7.071623223640513e-7
5623 7.071623223640513e-7
5624 7.071623223640513e-7
5625 7.071623223640513e-7
5626 7.071623223640513e-7
5627 7.071623223640513e-7
5628 7.075516513340358e-7
5629 7.079634106790513e-7
5630 7.082630181489122e-7
5631 7.083078788989739e-7
5632 7.078800980321312e-7
5633 7.078800980321312e-7
5634 7.078800980321312e-7
5635 7.087436711379121e-7
5636 7.090208476215603e-7
5637 7.090208476215603e-7
5638 7.090208476215603e-7
5639 7.090208476215603e-7
5640 7.090208476215603e-7
5641 7.090208476215603e-7
5642 7.098155276945386e-7
5643 7.110155582593286e-7
5644 7.113904682263777e-7
5645 7.113904682263777e-7
5646 7.122444286635351e-7
5647 7.119223914298251e-7
5648 7.121114483210596e-7
5649 7.124286792204578e-7
5650 7.126193380194024e-7
5651 7.129013214485442e-7
5652 7.120137148376586e-7
5653 7.12246030571245e-7
5654 7.117093010334858e-7
5655 7.119848762206059e-7
5656 7.124030438076431e-7
5657 7.119864781283159e-7
5658 7.121162546553713e-7
5659 7.121787394461523e-7
5660 7.123501722966677e-7
5661 7.123453659623559e-7
5662 7.123277419216368e-7
5663 7.124062488454268e-7
5664 7.126273493914977e-7
5665 7.125937032177695e-7
5666 7.127170708916213e-7
5667 7.12404646326535e-7
5668 7.116468174650687e-7
5669 7.118631104544641e-7
5670 7.118631104544641e-7
5671 7.127971791119395e-7
5672 7.127971791119395e-7
5673 7.137184312853714e-7
5674 7.13588654147134e-7
5675 7.137312483805968e-7
5676 7.136206978019704e-7
5677 7.133547365058377e-7
5678 7.129814296688623e-7
5679 7.129814296688623e-7
5680 7.13266617524606e-7
5681 7.136992059481242e-7
5682 7.137761103530224e-7
5683 7.143577000296614e-7
5684 7.143160430950195e-7
5685 7.140773191194113e-7
5686 7.143272582825349e-7
5687 7.140276520350377e-7
5688 7.138946710813804e-7
5689 7.138882622281767e-7
5690 7.138466059047168e-7
5691 7.143544962142413e-7
5692 7.143496892687476e-7
5693 7.143048285186858e-7
5694 7.144314006191394e-7
5695 7.144265936736457e-7
5696 7.144506271787504e-7
5697 7.150866914964385e-7
5698 7.150834864586549e-7
5699 7.15501654656874e-7
5700 7.155481185370095e-7
5701 7.154151375833521e-7
5702 7.14998571292843e-7
5703 7.154680090943276e-7
5704 7.158381121158831e-7
5705 7.17640561435815e-7
5706 7.17640561435815e-7
5707 7.17640561435815e-7
5708 7.17640561435815e-7
5709 7.17640561435815e-7
5710 7.17640561435815e-7
5711 7.17640561435815e-7
5712 7.17640561435815e-7
5713 7.17640561435815e-7
5714 7.17640561435815e-7
5715 7.17640561435815e-7
5716 7.17640561435815e-7
5717 7.17640561435815e-7
5718 7.17640561435815e-7
5719 7.17640561435815e-7
5720 7.17640561435815e-7
5721 7.181452473187377e-7
5722 7.181452473187377e-7
5723 7.181452473187377e-7
5724 7.181452473187377e-7
5725 7.181452473187377e-7
5726 7.181452473187377e-7
5727 7.181452473187377e-7
5728 7.181452473187377e-7
5729 7.181452473187377e-7
5730 7.181452473187377e-7
5731 7.181452473187377e-7
5732 7.181452473187377e-7
5733 7.181452473187377e-7
5734 7.181452473187377e-7
5735 7.181452473187377e-7
5736 7.181452473187377e-7
5737 7.181452473187377e-7
5738 7.181452473187377e-7
5739 7.181452473187377e-7
5740 7.181452473187377e-7
5741 7.181452473187377e-7
5742 7.181452473187377e-7
5743 7.181452473187377e-7
5744 7.181452473187377e-7
5745 7.186643522045959e-7
5746 7.186643522045959e-7
5747 7.186643522045959e-7
5748 7.186643522045959e-7
5749 7.186643522045959e-7
5750 7.186643522045959e-7
5751 7.186643522045959e-7
5752 7.186643522045959e-7
5753 7.186643522045959e-7
5754 7.186643522045959e-7
5755 7.186643522045959e-7
5756 7.186643522045959e-7
5757 7.186643522045959e-7
5758 7.186643522045959e-7
5759 7.194301930493396e-7
5760 7.194301930493396e-7
5761 7.194301930493396e-7
5762 7.198051030163887e-7
5763 7.20180011761074e-7
5764 7.196288632203795e-7
5765 7.201095162093794e-7
5766 7.199717295325922e-7
5767 7.197858764567776e-7
5768 7.198419523943549e-7
5769 7.196336701658732e-7
5770 7.20258518684864e-7
5771 7.210644133341758e-7
5772 7.207824311273977e-7
5773 7.206318255218395e-7
5774 7.206142020923022e-7
5775 7.212726967850214e-7
5776 7.211925879535214e-7
5777 7.214152910184841e-7
5778 7.21458549860836e-7
5779 7.234628725560459e-7
5780 7.241053457269377e-7
5781 7.252396864631631e-7
5782 7.25521669892305e-7
5783 7.258340944573913e-7
5784 7.254047104604749e-7
5785 7.251739972457803e-7
5786 7.247974853710212e-7
5787 7.253918933652494e-7
5788 7.253358168164903e-7
5789 7.249721232593203e-7
5790 7.24440200055873e-7
5791 7.24440200055873e-7
5792 7.253646560447248e-7
5793 7.252284712756476e-7
5794 7.249641118872249e-7
5795 7.24941681512194e-7
5796 7.255777458298822e-7
5797 7.257860286695458e-7
5798 7.256514451969966e-7
5799 7.255953692594193e-7
5800 7.257860280583639e-7
5801 7.25021790343694e-7
5802 7.255440996561539e-7
5803 7.254399579307312e-7
5804 7.253790750476603e-7
5805 7.255296800420367e-7
5806 7.254944319605986e-7
5807 7.254864218108668e-7
5808 7.256722736643177e-7
5809 7.253758712322405e-7
5810 7.255136585202096e-7
5811 7.260183437919505e-7
5812 7.25927019772935e-7
5813 7.257555869224196e-7
5814 7.252957624007404e-7
5815 7.256081863546449e-7
5816 7.256866938896168e-7
5817 7.25544099656154e-7
5818 7.253342142975986e-7
5819 7.254928300528885e-7
5820 7.251131143627094e-7
5821 7.25983096321694e-7
5822 7.264621467918021e-7
5823 7.292851824539131e-7
5824 7.292851824539131e-7
5825 7.292851824539131e-7
5826 7.295239064295213e-7
5827 7.295239064295213e-7
5828 7.295239064295213e-7
5829 7.295239064295213e-7
5830 7.295239064295213e-7
5831 7.295239064295213e-7
5832 7.295239064295213e-7
5833 7.295239064295213e-7
5834 7.295239064295213e-7
5835 7.295239064295213e-7
5836 7.296745108127158e-7
5837 7.29990139804404e-7
5838 7.299484828697621e-7
5839 7.301263245734812e-7
5840 7.301087005327621e-7
5841 7.302400789675275e-7
5842 7.309097888477621e-7
5843 7.321114213202622e-7
5844 7.326177097220768e-7
5845 7.342311009284103e-7
5846 7.341077332545585e-7
5847 7.344682236074903e-7
5848 7.349681031561012e-7
5849 7.345082780232401e-7
5850 7.348815854713974e-7
5851 7.354551649983047e-7
5852 7.354968213217647e-7
5853 7.354247232511784e-7
5854 7.357371478162648e-7
5855 7.357756003243048e-7
5856 7.355240592534712e-7
5857 7.363075229165702e-7
5858 7.359870882017521e-7
5859 7.361521128102459e-7
5860 7.360559824569186e-7
5861 7.360127242257487e-7
5862 7.360415628428014e-7
5863 7.36168134943255e-7
5864 7.370269017147241e-7
5865 7.377991508014896e-7
5866 7.373377237609187e-7
5867 7.370413219400233e-7
5868 7.371839149511223e-7
5869 7.368827061847333e-7
5870 7.37188721896616e-7
5871 7.368074030763631e-7
5872 7.368074030763631e-7
5873 7.368074030763631e-7
5874 7.368074030763631e-7
5875 7.368074030763631e-7
5876 7.368074030763631e-7
5877 7.376613635135205e-7
5878 7.372480016496131e-7
5879 7.375716420133969e-7
5880 7.372351845543878e-7
5881 7.372351845543878e-7
5882 7.388405649998077e-7
5883 7.389975782362059e-7
5884 7.413880266971623e-7
5885 7.413880266971623e-7
5886 7.413880266971623e-7
5887 7.413880266971623e-7
5888 7.413880266971623e-7
5889 7.413880266971623e-7
5890 7.413880266971623e-7
5891 7.413880266971623e-7
5892 7.413880266971623e-7
5893 7.430655058243505e-7
5894 7.430606994900387e-7
5895 7.439034447396806e-7
5896 7.437624524139278e-7
5897 7.430190425553969e-7
5898 7.430190425553969e-7
5899 7.430190425553969e-7
5900 7.438329479656224e-7
5901 7.439226700769279e-7
5902 7.438681966582426e-7
5903 7.436262676448507e-7
5904 7.436262676448507e-7
5905 7.448391153048662e-7
5906 7.443696775033817e-7
5907 7.449785045005452e-7
5908 7.453085537175326e-7
5909 7.454014790330762e-7
5910 7.456418055275762e-7
5911 7.454655663427489e-7
5912 7.45645009954178e-7
5913 7.454912017555635e-7
5914 7.45141927201329e-7
5915 7.45202809473218e-7
5916 7.451483354433508e-7
5917 7.454367265033325e-7
5918 7.451178936962243e-7
5919 7.451034734709252e-7
5920 7.455697068458079e-7
5921 7.457203124513662e-7
5922 7.458677124079589e-7
5923 7.459718541333816e-7
5924 7.464637216987152e-7
5925 7.470485170243198e-7
5926 7.467232741416443e-7
5927 7.466143266930915e-7
5928 7.473481238829989e-7
5929 7.472840371845081e-7
5930 7.472840371845081e-7
5931 7.47325693507968e-7
5932 7.472968542797335e-7
5933 7.480002091113325e-7
5934 7.478287762608171e-7
5935 7.475227605489343e-7
5936 7.476172889945517e-7
5937 7.483270532905362e-7
5938 7.488317385622771e-7
5939 7.488317385622771e-7
5940 7.495719439942062e-7
5941 7.50094253917848e-7
5942 7.497898407248571e-7
5943 7.49611999021138e-7
5944 7.493059833092553e-7
5945 7.494165338878817e-7
5946 7.498651426108634e-7
5947 7.495254813364344e-7
5948 7.500413817956907e-7
5949 7.50175964045876e-7
5950 7.498266901028234e-7
5951 7.494854263095025e-7
5952 7.502304386869252e-7
5953 7.502929228665242e-7
5954 7.499516596843851e-7
5955 7.494870282172124e-7
5956 7.502304386869252e-7
5957 7.504819797577588e-7
5958 7.500477900377124e-7
5959 7.501519317631351e-7
5960 7.50837663165197e-7
5961 7.512718534964252e-7
5962 7.507415328118697e-7
5963 7.504130861137742e-7
5964 7.511052257578577e-7
5965 7.512446155647187e-7
5966 7.514160484152342e-7
5967 7.513808009449778e-7
5968 7.515426205156878e-7
5969 7.511885390159595e-7
5970 7.509658365621787e-7
5971 7.509658365621787e-7
5972 7.51480135113725e-7
5973 7.51537814181376e-7
5974 7.516371489613051e-7
5975 7.515298034204624e-7
5976 7.515298034204624e-7
5977 7.52098576613058e-7
5978 7.52298848691808e-7
5979 7.521979107818052e-7
5980 7.521979107818052e-7
5981 7.521979107818052e-7
5982 7.521979107818052e-7
5983 7.521979107818052e-7
5984 7.534588242296661e-7
5985 7.534107584418206e-7
5986 7.526721555287833e-7
5987 7.525567986158451e-7
5988 7.529653547566225e-7
5989 7.529653547566225e-7
5990 7.529653547566225e-7
5991 7.529653547566225e-7
5992 7.529653547566225e-7
5993 7.529653547566225e-7
5994 7.529653547566225e-7
5995 7.530614851099497e-7
5996 7.530614851099497e-7
5997 7.530614851099497e-7
5998 7.530614851099497e-7
5999 7.530614851099497e-7
6000 7.530614851099497e-7
6001 7.545675307754406e-7
6002 7.549071920498696e-7
6003 7.549216122751687e-7
6004 7.548879667126224e-7
6005 7.551763583837861e-7
6006 7.551923799056133e-7
6007 7.552468539354806e-7
6008 7.552708862182215e-7
6009 7.552740906448233e-7
6010 7.555961284897152e-7
6011 7.557162911257834e-7
6012 7.551539280087553e-7
6013 7.554455241065207e-7
6014 7.549824951582398e-7
6015 7.545739396286443e-7
6016 7.545739396286443e-7
6017 7.545739396286443e-7
6018 7.545739396286443e-7
6019 7.545739396286443e-7
6020 7.545739396286443e-7
6021 7.545739396286443e-7
6022 7.545739396286443e-7
6023 7.545739396286443e-7
6024 7.545739396286443e-7
6025 7.545739396286443e-7
6026 7.545739396286443e-7
6027 7.545739396286443e-7
6028 7.545739396286443e-7
6029 7.545739396286443e-7
6030 7.545739396286443e-7
6031 7.545739396286443e-7
6032 7.545739396286443e-7
6033 7.545739396286443e-7
6034 7.545739396286443e-7
6035 7.545739396286443e-7
6036 7.545739396286443e-7
6037 7.545739396286443e-7
6038 7.545739396286443e-7
6039 7.545739396286443e-7
6040 7.545739396286443e-7
6041 7.55322155821487e-7
6042 7.55322155821487e-7
6043 7.558893264951906e-7
6044 7.559181651122433e-7
6045 7.558428626150551e-7
6046 7.558428626150551e-7
6047 7.558428626150551e-7
6048 7.558428626150551e-7
6049 7.558428626150551e-7
6050 7.558428626150551e-7
6051 7.558428626150551e-7
6052 7.558428626150551e-7
6053 7.558428626150551e-7
6054 7.558428626150551e-7
6055 7.558428626150551e-7
6056 7.558428626150551e-7
6057 7.558428626150551e-7
6058 7.558428626150551e-7
6059 7.558428626150551e-7
6060 7.558428626150551e-7
6061 7.558428626150551e-7
6062 7.558428626150551e-7
6063 7.558428626150551e-7
6064 7.568458249165151e-7
6065 7.568458249165151e-7
6066 7.568458249165151e-7
6067 7.577766903697524e-7
6068 7.579048643779161e-7
6069 7.579048643779161e-7
6070 7.585921976876878e-7
6071 7.585313154157987e-7
6072 7.59567923890987e-7
6073 7.591016905161042e-7
6074 7.586322521034378e-7
6075 7.586322521034378e-7
6076 7.586322521034378e-7
6077 7.588629653181323e-7
6078 7.588629653181323e-7
6079 7.595759340407187e-7
6080 7.595759340407187e-7
6081 7.595759340407187e-7
6082 7.595759340407187e-7
6083 7.595759340407187e-7
6084 7.595759340407187e-7
6085 7.595759340407187e-7
6086 7.595759340407187e-7
6087 7.599027782199224e-7
6088 7.598675295273023e-7
6089 7.598675295273023e-7
6090 7.598675295273023e-7
6091 7.598675295273023e-7
6092 7.598675295273023e-7
6093 7.604507217228333e-7
6094 7.603802267823206e-7
6095 7.60154319290756e-7
6096 7.60154319290756e-7
6097 7.60154319290756e-7
6098 7.60154319290756e-7
6099 7.604202805868886e-7
6100 7.604202805868886e-7
6101 7.604202805868886e-7
6102 7.604202805868886e-7
6103 7.604202805868886e-7
6104 7.604202805868886e-7
6105 7.604202805868886e-7
6106 7.604202805868886e-7
6107 7.606862424942032e-7
6108 7.607102747769441e-7
6109 7.617869370567005e-7
6110 7.617725180537651e-7
6111 7.621490299285242e-7
6112 7.621057704749905e-7
6113 7.640315868575923e-7
6114 7.640315868575923e-7
6115 7.640315868575923e-7
6116 7.640315868575923e-7
6117 7.645795315828669e-7
6118 7.645795315828669e-7
6119 7.646067682922096e-7
6120 7.646067682922096e-7
6121 7.647958251834441e-7
6122 7.646404138547559e-7
6123 7.646692530829904e-7
6124 7.646692530829904e-7
6125 7.646692530829904e-7
6126 7.648647182162468e-7
6127 7.648647182162468e-7
6128 7.648647182162468e-7
6129 7.648647182162468e-7
6130 7.648647182162468e-7
6131 7.648647182162468e-7
6132 7.651723364470213e-7
6133 7.651723364470213e-7
6134 7.651723364470213e-7
6135 7.655071913871386e-7
6136 7.655071913871386e-7
6137 7.655071913871386e-7
6138 7.655071913871386e-7
6139 7.655071913871386e-7
6140 7.655071913871386e-7
6141 7.664396581369041e-7
6142 7.669491503541387e-7
6143 7.66601478318796e-7
6144 7.664492714167096e-7
6145 7.663050752755368e-7
6146 7.66481315071546e-7
6147 7.668562238162314e-7
6148 7.683702808538178e-7
6149 7.689230319134042e-7
6150 7.687243623535461e-7
6151 7.69110485674565e-7
6152 7.687499971551787e-7
6153 7.690175603590214e-7
6154 7.688172888914532e-7
6155 7.68600995290876e-7
6156 7.693732431552778e-7
6157 7.691857887829351e-7
6158 7.693379950738396e-7
6159 7.702015681796206e-7
6160 7.700942226387779e-7
6161 7.704018408695525e-7
6162 7.704771433667407e-7
6163 7.694004804758025e-7
6164 7.694165026088116e-7
6165 7.705540471604571e-7
6166 7.72361302203519e-7
6167 7.73760002939349e-7
6168 7.73760002939349e-7
6169 7.73760002939349e-7
6170 7.73760002939349e-7
6171 7.73760002939349e-7
6172 7.73760002939349e-7
6173 7.73760002939349e-7
6174 7.73760002939349e-7
6175 7.73760002939349e-7
6176 7.73760002939349e-7
6177 7.73760002939349e-7
6178 7.73760002939349e-7
6179 7.73760002939349e-7
6180 7.73760002939349e-7
6181 7.73760002939349e-7
6182 7.73760002939349e-7
6183 7.73760002939349e-7
6184 7.73760002939349e-7
6185 7.758380262240372e-7
6186 7.760863640906327e-7
6187 7.764917145824445e-7
6188 7.764580690198982e-7
6189 7.770893263920928e-7
6190 7.770252396936019e-7
6191 7.770284435090219e-7
6192 7.769451302509201e-7
6193 7.768169562427565e-7
6194 7.771133586748337e-7
6195 7.787379662910465e-7
6196 7.782044411798892e-7
6197 7.794269015085283e-7
6198 7.803817986333246e-7
6199 7.802712486658801e-7
6200 7.803962182474418e-7
6201 7.803962182474418e-7
6202 7.807406864673646e-7
6203 7.806125112368372e-7
6204 7.810050452446055e-7
6205 7.808800756630438e-7
6206 7.812822217282538e-7
6207 7.813415027036147e-7
6208 7.815626032496857e-7
6209 7.815610001196119e-7
6210 7.821217619401119e-7
6211 7.825367263229109e-7
6212 7.825992111136919e-7
6213 7.826681035353127e-7
6214 7.841356973039454e-7
6215 7.862041085311919e-7
6216 7.8704044492763e-7
6217 7.871718233623954e-7
6218 7.868962487864573e-7
6219 7.878543503378554e-7
6220 7.878479420958337e-7
6221 7.880482141745837e-7
6222 7.883654450739818e-7
6223 7.898682869240528e-7
6224 7.915153249152965e-7
6225 7.915537768121546e-7
6226 7.915537768121546e-7
6227 7.918597931352192e-7
6228 7.918597931352192e-7
6229 7.925295030154538e-7
6230 7.933097634743148e-7
6231 7.931447388658211e-7
6232 7.931014800234693e-7
6233 7.938961600964476e-7
6234 7.937936208899167e-7
6235 7.934090976430621e-7
6236 7.932777198194785e-7
6237 7.931543521456267e-7
6238 7.929652952543921e-7
6239 7.929652952543921e-7
6240 7.929652952543921e-7
6241 7.929652952543921e-7
6242 7.937984266130466e-7
6243 7.941941644362348e-7
6244 7.94410458036812e-7
6245 7.938609120150093e-7
6246 7.942037771048583e-7
6247 7.94109248659241e-7
6248 7.936878760344201e-7
6249 7.936878760344201e-7
6250 7.936878760344201e-7
6251 7.94412059944522e-7
6252 7.945145997622348e-7
6253 7.937423500642875e-7
6254 7.939842784664974e-7
6255 7.939842784664974e-7
6256 7.939842784664974e-7
6257 7.939842784664974e-7
6258 7.95214750167232e-7
6259 7.955992728029047e-7
6260 7.955992728029047e-7
6261 7.964067693599264e-7
6262 7.964067693599264e-7
6263 7.964067693599264e-7
6264 7.964067693599264e-7
6265 7.971533836450592e-7
6266 7.973055905471455e-7
6267 7.968697983082073e-7
6268 7.971597924982628e-7
6269 7.97036424824411e-7
6270 7.971485773107474e-7
6271 7.97478625305371e-7
6272 7.968938312021301e-7
6273 7.968938312021301e-7
6274 7.968938312021301e-7
6275 7.978727612208492e-7
6276 7.983005420876919e-7
6277 7.985168356882692e-7
6278 7.983806515303738e-7
6279 7.983165636095192e-7
6280 7.976612739545838e-7
6281 7.976612739545838e-7
6282 7.976612739545838e-7
6283 7.976612739545838e-7
6284 7.976612739545838e-7
6285 7.984046844242966e-7
6286 7.984046844242966e-7
6287 7.984046844242966e-7
6288 7.984046844242966e-7
6289 7.984046844242966e-7
6290 7.987475507365094e-7
6291 7.986722488505031e-7
6292 7.986722488505031e-7
6293 7.986722488505031e-7
6294 7.986722488505031e-7
6295 7.986722488505031e-7
6296 7.986722488505031e-7
6297 7.996623940567377e-7
6298 7.999732161029322e-7
6299 7.998642686543795e-7
6300 8.003208887494567e-7
6301 7.999892382359412e-7
6302 8.001927147412931e-7
6303 8.000228837984877e-7
6304 8.000228837984877e-7
6305 8.000228837984877e-7
6306 8.000228837984877e-7
6307 8.000228837984877e-7
6308 8.000228837984877e-7
6309 8.000228837984877e-7
6310 8.000228837984877e-7
6311 8.000228837984877e-7
6312 8.000228837984877e-7
6313 8.000228837984877e-7
6314 8.000228837984877e-7
6315 8.000228837984877e-7
6316 8.000228837984877e-7
6317 8.000228837984877e-7
6318 8.000228837984877e-7
6319 8.014504237625522e-7
6320 8.014504237625522e-7
6321 8.014504237625522e-7
6322 8.014504237625522e-7
6323 8.014504237625522e-7
6324 8.014504237625522e-7
6325 8.014504237625522e-7
6326 8.022899645855923e-7
6327 8.020384229035768e-7
6328 8.026103993004104e-7
6329 8.024277518735614e-7
6330 8.024726126236231e-7
6331 8.02277146879185e-7
6332 8.025062581861696e-7
6333 8.024405689687869e-7
6334 8.025190758925768e-7
6335 8.024966449063641e-7
6336 8.024886341454504e-7
6337 8.022739424525831e-7
6338 8.027017227082439e-7
6339 8.026552600504721e-7
6340 8.028026600070649e-7
6341 8.028667473167376e-7
6342 8.030125453656204e-7
6343 8.038392697046168e-7
6344 8.038472792431667e-7
6345 8.035909312268395e-7
6346 8.033778420528641e-7
6347 8.029324371453023e-7
6348 8.029324371453023e-7
6349 8.029324371453023e-7
6350 8.029324371453023e-7
6351 8.029324371453023e-7
6352 8.031038706069996e-7
6353 8.034851882048887e-7
6354 8.044368809030832e-7
6355 8.047557143213732e-7
6356 8.064748503832033e-7
6357 8.064748503832033e-7
6358 8.064748503832033e-7
6359 8.064748503832033e-7
6360 8.064748503832033e-7
6361 8.064748503832033e-7
6362 8.064748503832033e-7
6363 8.064748503832033e-7
6364 8.064748503832033e-7
6365 8.064748503832033e-7
6366 8.064748503832033e-7
6367 8.064748503832033e-7
6368 8.064748503832033e-7
6369 8.064748503832033e-7
6370 8.064748503832033e-7
6371 8.064748503832033e-7
6372 8.064748503832033e-7
6373 8.064748503832033e-7
6374 8.064748503832033e-7
6375 8.064748503832033e-7
6376 8.06820920510836e-7
6377 8.06820920510836e-7
6378 8.074345538423113e-7
6379 8.074441671221169e-7
6380 8.078447112796169e-7
6381 8.075771480757742e-7
6382 8.081218883744469e-7
6383 8.084295059940396e-7
6384 8.084887869694006e-7
6385 8.082885148906506e-7
6386 8.083638167766569e-7
6387 8.08243652918225e-7
6388 8.078543239482405e-7
6389 8.078142695324906e-7
6390 8.078142695324906e-7
6391 8.081667479021451e-7
6392 8.081667479021451e-7
6393 8.081667479021451e-7
6394 8.081667479021451e-7
6395 8.081667479021451e-7
6396 8.081667479021451e-7
6397 8.081667479021451e-7
6398 8.081667479021451e-7
6399 8.081667479021451e-7
6400 8.081667479021451e-7
6401 8.081667479021451e-7
6402 8.081667479021451e-7
6403 8.08349395940176e-7
6404 8.084599465188023e-7
6405 8.084599465188023e-7
6406 8.091777215757005e-7
6407 8.091136348772097e-7
6408 8.092177753802687e-7
6409 8.093395411464106e-7
6410 8.096471587660032e-7
6411 8.100188643064506e-7
6412 8.102143306620707e-7
6413 8.10432225559176e-7
6414 8.099643902765833e-7
6415 8.102015123444815e-7
6416 8.097609137712315e-7
6417 8.096423524316915e-7
6418 8.100044440811515e-7
6419 8.094276607388243e-7
6420 8.094404784452316e-7
6421 8.093731860977751e-7
6422 8.093731860977751e-7
6423 8.093731860977751e-7
6424 8.093731860977751e-7
6425 8.093731860977751e-7
6426 8.099307441028551e-7
6427 8.100973706190588e-7
6428 8.100973706190588e-7
6429 8.100973706190588e-7
6430 8.100973706190588e-7
6431 8.100973706190588e-7
6432 8.100973706190588e-7
6433 8.100973706190588e-7
6434 8.100973706190588e-7
6435 8.100973706190588e-7
6436 8.100973706190588e-7
6437 8.100973706190588e-7
6438 8.100973706190588e-7
6439 8.100973706190588e-7
6440 8.100973706190588e-7
6441 8.100973706190588e-7
6442 8.100973706190588e-7
6443 8.110570746893487e-7
6444 8.10871222224716e-7
6445 8.109433202953023e-7
6446 8.109433202953023e-7
6447 8.109433202953023e-7
6448 8.109433202953023e-7
6449 8.117780541728486e-7
6450 8.11590599189324e-7
6451 8.11468834034364e-7
6452 8.113166265210958e-7
6453 8.113166265210958e-7
6454 8.113166265210958e-7
6455 8.113166265210958e-7
6456 8.113166265210958e-7
6457 8.113166265210958e-7
6458 8.120440142466176e-7
6459 8.121721882547812e-7
6460 8.12013573110673e-7
6461 8.122715230347102e-7
6462 8.125262697545094e-7
6463 8.133145415854658e-7
6464 8.136237611127685e-7
6465 8.138016022053057e-7
6466 8.15477478813602e-7
6467 8.154662636260866e-7
6468 8.15501511096343e-7
6469 8.159036571615529e-7
6470 8.158860337320157e-7
6471 8.158924419740374e-7
6472 8.154742737758183e-7
6473 8.154742737758183e-7
6474 8.154742737758183e-7
6475 8.154742737758183e-7
6476 8.154742737758183e-7
6477 8.154742737758183e-7
6478 8.154742737758183e-7
6479 8.154742737758183e-7
6480 8.161840380718028e-7
6481 8.161840380718028e-7
6482 8.161840380718028e-7
6483 8.161840380718028e-7
6484 8.161840380718028e-7
6485 8.161840380718028e-7
6486 8.167175625717782e-7
6487 8.16739993557991e-7
6488 8.171837965578428e-7
6489 8.170876662045156e-7
6490 8.171437421420929e-7
6491 8.167656283596238e-7
6492 8.164740316506765e-7
6493 8.167367885202074e-7
6494 8.167367885202074e-7
6495 8.167367885202074e-7
6496 8.167367885202074e-7
6497 8.167367885202074e-7
6498 8.167367885202074e-7
6499 8.167367885202074e-7
6500 8.167367885202074e-7
6501 8.167367885202074e-7
6502 8.167367885202074e-7
6503 8.167367885202074e-7
6504 8.167367885202074e-7
6505 8.167367885202074e-7
6506 8.167367885202074e-7
6507 8.167367885202074e-7
6508 8.173504218516828e-7
6509 8.173504218516828e-7
6510 8.180649924819791e-7
6511 8.185985169819545e-7
6512 8.179288077129018e-7
6513 8.179288077129018e-7
6514 8.179288077129018e-7
6515 8.179288077129018e-7
6516 8.179288077129018e-7
6517 8.179288077129018e-7
6518 8.179288077129018e-7
6519 8.179288077129018e-7
6520 8.179288077129018e-7
6521 8.179288077129018e-7
6522 8.186626049028091e-7
6523 8.190343098320745e-7
6524 8.189894490820128e-7
6525 8.190375136474945e-7
6526 8.194701014598308e-7
6527 8.195902653182627e-7
6528 8.1988506584263e-7
6529 8.198113652531518e-7
6530 8.201318005791518e-7
6531 8.201414138589573e-7
6532 8.203000290030655e-7
6533 8.221905973042292e-7
6534 8.224453440240283e-7
6535 8.224453440240283e-7
6536 8.224453440240283e-7
6537 8.231503013745192e-7
6538 8.236181378794757e-7
6539 8.240843706431765e-7
6540 8.238360333877629e-7
6541 8.240875750697784e-7
6542 8.241516617682692e-7
6543 8.245425932571457e-7
6544 8.248454045424265e-7
6545 8.249415355069357e-7
6546 8.247893279936674e-7
6547 8.253180467705129e-7
6548 8.254350055911611e-7
6549 8.275242434521829e-7
6550 8.275242434521829e-7
6551 8.275242434521829e-7
6552 8.275242434521829e-7
6553 8.275242434521829e-7
6554 8.275242434521829e-7
6555 8.275242434521829e-7
6556 8.277773876530902e-7
6557 8.277773876530902e-7
6558 8.277773876530902e-7
6559 8.277773876530902e-7
6560 8.277773876530902e-7
6561 8.286970366964483e-7
6562 8.286201322915502e-7
6563 8.287979739952693e-7
6564 8.286794132669112e-7
6565 8.286489715197848e-7
6566 8.283429558079021e-7
6567 8.283429558079021e-7
6568 8.283429558079021e-7
6569 8.283429558079021e-7
6570 8.283429558079021e-7
6571 8.283429558079021e-7
6572 8.291969156338775e-7
6573 8.295493952258957e-7
6574 8.29285035837473e-7
6575 8.291584643482012e-7
6576 8.295686217855067e-7
6577 8.291953137261675e-7
6578 8.291953137261675e-7
6579 8.299227020628711e-7
6580 8.302527500574947e-7
6581 8.306276600245438e-7
6582 8.314335546738556e-7
6583 8.313870920160839e-7
6584 8.31545707160192e-7
6585 8.311836148995502e-7
6586 8.309705251143929e-7
6587 8.311339478151766e-7
6588 8.304001506252694e-7
6589 8.304001506252694e-7
6590 8.304001506252694e-7
6591 8.304001506252694e-7
6592 8.309753326710686e-7
6593 8.308727928533558e-7
6594 8.310794737853094e-7
6595 8.312813483829512e-7
6596 8.310201934211303e-7
6597 8.310201934211303e-7
6598 8.316049869131893e-7
6599 8.314127262065348e-7
6600 8.312380895405994e-7
6601 8.312380895405994e-7
6602 8.321433195810221e-7
6603 8.325887244885839e-7
6604 8.324877871897629e-7
6605 8.326303814232257e-7
6606 8.331126369311176e-7
6607 8.333785976160685e-7
6608 8.332968862656766e-7
6609 8.339906290398339e-7
6610 8.343383010751766e-7
6611 8.346811679985713e-7
6612 8.345353687273248e-7
6613 8.353492747487321e-7
6614 8.376580118592967e-7
6615 8.376580118592967e-7
6616 8.378470687505312e-7
6617 8.382956786958767e-7
6618 8.381482781281022e-7
6619 8.382476129080313e-7
6620 8.38552026712204e-7
6621 8.388948930244168e-7
6622 8.392681992502104e-7
6623 8.421665374095095e-7
6624 8.434338597105741e-7
6625 8.434338597105741e-7
6626 8.434338597105741e-7
6627 8.434338597105741e-7
6628 8.434338597105741e-7
6629 8.434338597105741e-7
6630 8.43874458895006e-7
6631 8.43874458895006e-7
6632 8.43874458895006e-7
6633 8.43874458895006e-7
6634 8.43874458895006e-7
6635 8.43874458895006e-7
6636 8.43874458895006e-7
6637 8.43874458895006e-7
6638 8.43874458895006e-7
6639 8.43874458895006e-7
6640 8.43874458895006e-7
6641 8.43874458895006e-7
6642 8.43874458895006e-7
6643 8.43874458895006e-7
6644 8.43874458895006e-7
6645 8.43874458895006e-7
6646 8.43874458895006e-7
6647 8.43874458895006e-7
6648 8.440042348108796e-7
6649 8.440042348108796e-7
6650 8.440042348108796e-7
6651 8.440042348108796e-7
6652 8.440042348108796e-7
6653 8.440042348108796e-7
6654 8.440042348108796e-7
6655 8.440042348108796e-7
6656 8.440042348108796e-7
6657 8.440042348108796e-7
6658 8.440042348108796e-7
6659 8.440042348108796e-7
6660 8.440042348108796e-7
6661 8.440042348108796e-7
6662 8.440042348108796e-7
6663 8.440042348108796e-7
6664 8.440042348108796e-7
6665 8.440042348108796e-7
6666 8.440042348108796e-7
6667 8.440042348108796e-7
6668 8.440042348108796e-7
6669 8.440042348108796e-7
6670 8.440042348108796e-7
6671 8.440042348108796e-7
6672 8.440042348108796e-7
6673 8.440042348108796e-7
6674 8.446627301147805e-7
6675 8.446034491394196e-7
6676 8.445009093217068e-7
6677 8.446114599003331e-7
6678 8.454301728672341e-7
6679 8.461591625004658e-7
6680 8.481250326876358e-7
6681 8.481250326876358e-7
6682 8.481250326876358e-7
6683 8.481250326876358e-7
6684 8.481250326876358e-7
6685 8.490510911953795e-7
6686 8.487194400706822e-7
6687 8.485560185922622e-7
6688 8.491776632958332e-7
6689 8.492930195975895e-7
6690 8.492930195975895e-7
6691 8.501581958334441e-7
6692 8.501581958334441e-7
6693 8.501581958334441e-7
6694 8.501581958334441e-7
6695 8.501581958334441e-7
6696 8.501581958334441e-7
6697 8.501581958334441e-7
6698 8.510233714581169e-7
6699 8.510153600860214e-7
6700 8.509432620154351e-7
6701 8.511595562271942e-7
6702 8.507461949744688e-7
6703 8.507461949744688e-7
6704 8.512685048981106e-7
6705 8.513149675558824e-7
6706 8.513149675558824e-7
6707 8.513149675558824e-7
6708 8.521561102866323e-7
6709 8.520631837487251e-7
6710 8.52184948903685e-7
6711 8.522762729227005e-7
6712 8.52204175463296e-7
6713 8.523035108544069e-7
6714 8.528450461152959e-7
6715 8.539008799277314e-7
6716 8.554357654326386e-7
6717 8.554357654326386e-7
6718 8.554357654326386e-7
6719 8.554357654326386e-7
6720 8.554357654326386e-7
6721 8.554357654326386e-7
6722 8.554357654326386e-7
6723 8.554357654326386e-7
6724 8.554357654326386e-7
6725 8.554357654326386e-7
6726 8.554357654326386e-7
6727 8.562817151088823e-7
6728 8.565733112066477e-7
6729 8.569241882797741e-7
6730 8.569289946140859e-7
6731 8.569962857391786e-7
6732 8.568905414948641e-7
6733 8.568216484620614e-7
6734 8.563409954730615e-7
6735 8.56730324443046e-7
6736 8.56568504872336e-7
6737 8.56568504872336e-7
6738 8.56568504872336e-7
6739 8.575698664884498e-7
6740 8.581033903772434e-7
6741 8.584430522628543e-7
6742 8.578758822003326e-7
6743 8.578021816108544e-7
6744 8.577300841514498e-7
6745 8.578967106676535e-7
6746 8.578967106676535e-7
6747 8.578967106676535e-7
6748 8.578967106676535e-7
6749 8.578967106676535e-7
6750 8.578967106676535e-7
6751 8.578967106676535e-7
6752 8.578967106676535e-7
6753 8.578967106676535e-7
6754 8.578967106676535e-7
6755 8.580665416104589e-7
6756 8.583405136675053e-7
6757 8.589413299037553e-7
6758 8.583389117597953e-7
6759 8.583389117597953e-7
6760 8.583389117597953e-7
6761 8.589541476101626e-7
6762 8.589541476101626e-7
6763 8.589541476101626e-7
6764 8.596030290230762e-7
6765 8.599571105228044e-7
6766 8.602839547020081e-7
6767 8.60186221829789e-7
6768 8.60186221829789e-7
6769 8.60186221829789e-7
6770 8.60186221829789e-7
6771 8.60186221829789e-7
6772 8.615785131012335e-7
6773 8.614359200901345e-7
6774 8.616858592532581e-7
6775 8.621456837749372e-7
6776 8.617964098318846e-7
6777 8.613702302615699e-7
6778 8.6144713527765e-7
6779 8.614198979571254e-7
6780 8.613077460819709e-7
6781 8.614968023620235e-7
6782 8.61386252394579e-7
6783 8.613990694898045e-7
6784 8.615032112152272e-7
6785 8.613750372070636e-7
6786 8.615320504434617e-7
6787 8.614775764135944e-7
6788 8.614839852667981e-7
6789 8.614839852667981e-7
6790 8.614839852667981e-7
6791 8.620175103779554e-7
6792 8.628634594430171e-7
6793 8.631582599673844e-7
6794 8.631166030327425e-7
6795 8.630396986278444e-7
6796 8.624837431416562e-7
6797 8.622946862504217e-7
6798 8.623171166254525e-7
6799 8.622946862504217e-7
6800 8.624356779649926e-7
6801 8.623587735600944e-7
6802 8.622322014596408e-7
6803 8.625638525843381e-7
6804 8.623571716523845e-7
6805 8.619630363480882e-7
6806 8.6220656726919e-7
6807 8.622322014596408e-7
6808 8.623219241821282e-7
6809 8.621280597342181e-7
6810 8.622289976442209e-7
6811 8.622289976442209e-7
6812 8.622289976442209e-7
6813 8.622289976442209e-7
6814 8.622289976442209e-7
6815 8.628987081356373e-7
6816 8.628987081356373e-7
6817 8.628987081356373e-7
6818 8.628987081356373e-7
6819 8.628987081356373e-7
6820 8.628987081356373e-7
6821 8.628987081356373e-7
6822 8.628987081356373e-7
6823 8.628987081356373e-7
6824 8.628987081356373e-7
6825 8.637126135458628e-7
6826 8.638856489152701e-7
6827 8.633889744044428e-7
6828 8.638359812197145e-7
6829 8.63946531187159e-7
6830 8.653003705617454e-7
6831 8.653500388684828e-7
6832 8.646979524177855e-7
6833 8.649751289014337e-7
6834 8.648373416134646e-7
6835 8.645249164371963e-7
6836 8.649975592764646e-7
6837 8.656031818470264e-7
6838 8.655999774204245e-7
6839 8.6564964511598e-7
6840 8.655775470453937e-7
6841 8.649270637247701e-7
6842 8.645553581843227e-7
6843 8.647732543037918e-7
6844 8.648757941215046e-7
6845 8.652699288146191e-7
6846 8.652523047739e-7
6847 8.656672691566992e-7
6848 8.655214711078165e-7
6849 8.657217431865664e-7
6850 8.670114952514801e-7
6851 8.672374027430447e-7
6852 8.681650619361346e-7
6853 8.681650619361346e-7
6854 8.681650619361346e-7
6855 8.695942031967273e-7
6856 8.690446565637427e-7
6857 8.696935385878382e-7
6858 8.695076861232054e-7
6859 8.698585625851499e-7
6860 8.699498866041653e-7
6861 8.699835321667117e-7
6862 8.708599235900817e-7
6863 8.70613188242378e-7
6864 8.710185387341899e-7
6865 8.715648809405725e-7
6866 8.719029396961097e-7
6867 8.752114352927143e-7
6868 8.753412112085879e-7
6869 8.752466827629706e-7
6870 8.750175720671679e-7
6871 8.756392167707388e-7
6872 8.761038482379115e-7
6873 8.762800880339207e-7
6874 8.762432374335906e-7
6875 8.763986487622788e-7
6876 8.763521848821433e-7
6877 8.759676628576524e-7
6878 8.759676628576524e-7
6879 8.759676628576524e-7
6880 8.763041197054797e-7
6881 8.763041197054797e-7
6882 8.763041197054797e-7
6883 8.763041197054797e-7
6884 8.771468643439396e-7
6885 8.766565980751342e-7
6886 8.771084118358996e-7
6887 8.772670269800078e-7
6888 8.770283036155815e-7
6889 8.774672996699397e-7
6890 8.774672996699397e-7
6891 8.774672996699397e-7
6892 8.778758545883533e-7
6893 8.778758545883533e-7
6894 8.778758545883533e-7
6895 8.786993732783842e-7
6896 8.788868276507268e-7
6897 8.78680147941137e-7
6898 8.789493130526896e-7
6899 8.78439820835455e-7
6900 8.790806920986369e-7
6901 8.790630674467359e-7
6902 8.786112536859705e-7
6903 8.788932371151123e-7
6904 8.790037870825569e-7
6905 8.790037870825569e-7
6906 8.796622817752759e-7
6907 8.798913924710786e-7
6908 8.792953831803223e-7
6909 8.799634905416649e-7
6910 8.804329283431495e-7
6911 8.811555091231776e-7
6912 8.824100143290168e-7
6913 8.854557524449086e-7
6914 8.854557524449086e-7
6915 8.854557524449086e-7
6916 8.854557524449086e-7
6917 8.854557524449086e-7
6918 8.854557524449086e-7
6919 8.854557524449086e-7
6920 8.855566897437296e-7
6921 8.855566897437296e-7
6922 8.860902148548869e-7
6923 8.864042413276833e-7
6924 8.862215932896524e-7
6925 8.862215932896524e-7
6926 8.87070746781316e-7
6927 8.873783650120906e-7
6928 8.875017326859424e-7
6929 8.882371317835597e-7
6930 8.888235284056924e-7
6931 8.887594410960197e-7
6932 8.892481054571152e-7
6933 8.891007055005225e-7
6934 8.89390699079396e-7
6935 8.892432985116215e-7
6936 8.891247377832634e-7
6937 8.893666661854733e-7
6938 8.89414731362137e-7
6939 8.899434501389824e-7
6940 8.915632501985197e-7
6941 8.915632501985197e-7
6942 8.915632501985197e-7
6943 8.915632501985197e-7
6944 8.915632501985197e-7
6945 8.915632501985197e-7
6946 8.915632501985197e-7
6947 8.915632501985197e-7
6948 8.915632501985197e-7
6949 8.915632501985197e-7
6950 8.915632501985197e-7
6951 8.915632501985197e-7
6952 8.915632501985197e-7
6953 8.915632501985197e-7
6954 8.926479238503716e-7
6955 8.927889149537605e-7
6956 8.930484680078715e-7
6957 8.925277599919396e-7
6958 8.930164243530351e-7
6959 8.929251003340197e-7
6960 8.928225605163069e-7
6961 8.923050575381587e-7
6962 8.925469865515506e-7
6963 8.923306917286096e-7
6964 8.923306917286096e-7
6965 8.929859819947268e-7
6966 8.935355286277114e-7
6967 8.926030624891278e-7
6968 8.926030624891278e-7
6969 8.926030624891278e-7
6970 8.926030624891278e-7
6971 8.926030624891278e-7
6972 8.926030624891278e-7
6973 8.926030624891278e-7
6974 8.926030624891278e-7
6975 8.926030624891278e-7
6976 8.926030624891278e-7
6977 8.926030624891278e-7
6978 8.926030624891278e-7
6979 8.926030624891278e-7
6980 8.926030624891278e-7
6981 8.926030624891278e-7
6982 8.926030624891278e-7
6983 8.926030624891278e-7
6984 8.936685101925505e-7
6985 8.944103181433715e-7
6986 8.938014911462079e-7
6987 8.938014911462079e-7
6988 8.939136436325443e-7
6989 8.939136436325443e-7
6990 8.946874946270197e-7
6991 8.948749496105443e-7
6992 8.94421533330887e-7
6993 8.945641275643498e-7
6994 8.948973799855752e-7
6995 8.953363766511152e-7
6996 8.953924525886925e-7
6997 8.949374344013252e-7
6998 8.945032446812789e-7
6999 8.948076584854516e-7
7000 8.946730756240843e-7
7001 8.948813584637479e-7
7002 8.947035167600288e-7
7003 8.948108623008715e-7
7004 8.946762794395042e-7
7005 8.948781534259642e-7
7006 8.947291515616616e-7
7007 8.953716241213716e-7
7008 8.970475013408499e-7
7009 8.999009787500872e-7
7010 9.007613480404481e-7
7011 9.007613480404481e-7
7012 9.017434830969509e-7
7013 9.030796984308182e-7
7014 9.030716876699046e-7
7015 9.031357743683954e-7
7016 9.027176067813582e-7
7017 9.031197534577501e-7
7018 9.0272401502338e-7
7019 9.025157327948983e-7
7020 9.025157327948983e-7
7021 9.033504672836265e-7
7022 9.034562109167593e-7
7023 9.034642222888548e-7
7024 9.045024320605711e-7
7025 9.046930908595157e-7
7026 9.046049718782839e-7
7027 9.054044576743921e-7
7028 9.052698748130248e-7
7029 9.053307576960957e-7
7030 9.055166107719103e-7
7031 9.056848385846421e-7
7032 9.05329154566022e-7
7033 9.055839006746392e-7
7034 9.06026101766781e-7
7035 9.062600200192592e-7
7036 9.063721718944137e-7
7037 9.059780365901174e-7
7038 9.059908536853429e-7
7039 9.060981992261856e-7
7040 9.064170332556575e-7
7041 9.064490769104939e-7
7042 9.063529459459847e-7
7043 9.060341125276947e-7
7044 9.063192997722565e-7
7045 9.065628306933583e-7
7046 9.069121058587748e-7
7047 9.08392516111451e-7
7048 9.097223232032965e-7
7049 9.097223232032965e-7
7050 9.097223232032965e-7
7051 9.097223232032965e-7
7052 9.097223232032965e-7
7053 9.097223232032965e-7
7054 9.097223232032965e-7
7055 9.097223232032965e-7
7056 9.097223232032965e-7
7057 9.102638590753675e-7
7058 9.102638590753675e-7
7059 9.102638590753675e-7
7060 9.102638590753675e-7
7061 9.102638590753675e-7
7062 9.102638590753675e-7
7063 9.102638590753675e-7
7064 9.102638590753675e-7
7065 9.102638590753675e-7
7066 9.102638590753675e-7
7067 9.102638590753675e-7
7068 9.11393394088463e-7
7069 9.11393394088463e-7
7070 9.11393394088463e-7
7071 9.11393394088463e-7
7072 9.11393394088463e-7
7073 9.11393394088463e-7
7074 9.11393394088463e-7
7075 9.11393394088463e-7
7076 9.11393394088463e-7
7077 9.117426692538795e-7
7078 9.117426692538795e-7
7079 9.117426692538795e-7
7080 9.117426692538795e-7
7081 9.12611049305154e-7
7082 9.126462973865922e-7
7083 9.128065150495922e-7
7084 9.126046404519504e-7
7085 9.128673973214813e-7
7086 9.130356263565768e-7
7087 9.131093263348731e-7
7088 9.14852495290626e-7
7089 9.161214188882186e-7
7090 9.171580273634069e-7
7091 9.178245328170396e-7
7092 9.177059720886815e-7
7093 9.173663095918886e-7
7094 9.176883474367805e-7
7095 9.173278583062124e-7
7096 9.171756507929441e-7
7097 9.171756507929441e-7
7098 9.177139822384132e-7
7099 9.188098704665986e-7
7100 9.184926395672004e-7
7101 9.179559100294413e-7
7102 9.183067864913857e-7
7103 9.193385880210803e-7
7104 9.194267082246757e-7
7105 9.196894657053886e-7
7106 9.194170955560521e-7
7107 9.192504690398485e-7
7108 9.19141520980114e-7
7109 9.193722348059904e-7
7110 9.196093562627066e-7
7111 9.192873196401786e-7
7112 9.19160747539725e-7
7113 9.192072101974968e-7
7114 9.193738361025186e-7
7115 9.197247137868269e-7
7116 9.193001355130404e-7
7117 9.194251057057841e-7
7118 9.194715695859196e-7
7119 9.194715695859196e-7
7120 9.202918844605305e-7
7121 9.20043546593935e-7
7122 9.20043546593935e-7
7123 9.202470230992869e-7
7124 9.206716001507096e-7
7125 9.20905517792006e-7
7126 9.205995020801233e-7
7127 9.204136496154905e-7
7128 9.205370172893424e-7
7129 9.206379545881633e-7
7130 9.206379545881633e-7
7131 9.226390740791353e-7
7132 9.228105063184688e-7
7133 9.228105063184688e-7
7134 9.228105063184688e-7
7135 9.235330883208606e-7
7136 9.249462080596261e-7
7137 9.255470249070579e-7
7138 9.251576959370734e-7
7139 9.265035239395642e-7
7140 9.264298233500859e-7
7141 9.262119272306169e-7
7142 9.264762878414034e-7
7143 9.267534637138697e-7
7144 9.269473275505979e-7
7145 9.261109905429778e-7
7146 9.261959063199716e-7
7147 9.275305197461288e-7
7148 9.281008942352524e-7
7149 9.291182767620116e-7
7150 9.290093287022771e-7
7151 9.292849026670335e-7
7152 9.291567286588699e-7
7153 9.294979918410088e-7
7154 9.298793100500798e-7
7155 9.300026783351135e-7
7156 9.301805188164689e-7
7157 9.299658277347835e-7
7158 9.302734453543762e-7
7159 9.31318064590478e-7
7160 9.332935480574534e-7
7161 9.332935480574534e-7
7162 9.332935480574534e-7
7163 9.332935480574534e-7
7164 9.332935480574534e-7
7165 9.332935480574534e-7
7166 9.332935480574534e-7
7167 9.332935480574534e-7
7168 9.332935480574534e-7
7169 9.332935480574534e-7
7170 9.332935480574534e-7
7171 9.332935480574534e-7
7172 9.332935480574534e-7
7173 9.332935480574534e-7
7174 9.332935480574534e-7
7175 9.344583305408053e-7
7176 9.340273452473608e-7
7177 9.34201982524478e-7
7178 9.338911598671016e-7
7179 9.341122604131725e-7
7180 9.344326951279906e-7
7181 9.347867766277189e-7
7182 9.349021329294752e-7
7183 9.351280398098581e-7
7184 9.350062746548981e-7
7185 9.352337846653546e-7
7186 9.35027103122219e-7
7187 9.358185793797773e-7
7188 9.361005621977374e-7
7189 9.365716019069319e-7
7190 9.363825444045154e-7
7191 9.361486267632191e-7
7192 9.358970850812036e-7
7193 9.357112326165708e-7
7194 9.359355375892436e-7
7195 9.359563654453826e-7
7196 9.353779795841635e-7
7197 9.362223267415153e-7
7198 9.367141955292126e-7
7199 9.368295524421508e-7
7200 9.367190018635244e-7
7201 9.369320916486817e-7
7202 9.388386820828545e-7
7203 9.388386820828545e-7
7204 9.388386820828545e-7
7205 9.388386820828545e-7
7206 9.388386820828545e-7
7207 9.388386820828545e-7
7208 9.388386820828545e-7
7209 9.388386820828545e-7
7210 9.388386820828545e-7
7211 9.388386820828545e-7
7212 9.388386820828545e-7
7213 9.388386820828545e-7
7214 9.388386820828545e-7
7215 9.388386820828545e-7
7216 9.396333615446508e-7
7217 9.396333615446508e-7
7218 9.396333615446508e-7
7219 9.396333615446508e-7
7220 9.396333615446508e-7
7221 9.396333615446508e-7
7222 9.404200296343517e-7
7223 9.4077250922637e-7
7224 9.407981434168208e-7
7225 9.403190929467127e-7
7226 9.418587847859318e-7
7227 9.411602356774627e-7
7228 9.419244740033145e-7
7229 9.424083308077345e-7
7230 9.4234424288688e-7
7231 9.423474479246636e-7
7232 9.424387719436791e-7
7233 9.425637415252409e-7
7234 9.425637415252409e-7
7235 9.425637415252409e-7
7236 9.425637415252409e-7
7237 9.425637415252409e-7
7238 9.425637415252409e-7
7239 9.425637415252409e-7
7240 9.431341172367282e-7
7241 9.434000779216791e-7
7242 9.432911298619446e-7
7243 9.433231741279629e-7
7244 9.434257127233119e-7
7245 9.431116856393336e-7
7246 9.431116856393336e-7
7247 9.435779196253982e-7
7248 9.435779196253982e-7
7249 9.435779196253982e-7
7250 9.444591167718982e-7
7251 9.444591167718982e-7
7252 9.444591167718982e-7
7253 9.444591167718982e-7
7254 9.444591167718982e-7
7255 9.444591167718982e-7
7256 9.444591167718982e-7
7257 9.444591167718982e-7
7258 9.444591167718982e-7
7259 9.444591167718982e-7
7260 9.444591167718982e-7
7261 9.444591167718982e-7
7262 9.444591167718982e-7
7263 9.444591167718982e-7
7264 9.444591167718982e-7
7265 9.452666139401018e-7
7266 9.455309733285246e-7
7267 9.457072119021699e-7
7268 9.457600846355091e-7
7269 9.458065472932809e-7
7270 9.4538197085304e-7
7271 9.455934581193054e-7
7272 9.458546124699445e-7
7273 9.462407370133272e-7
7274 9.464522242795926e-7
7275 9.466765298634472e-7
7276 9.4870648736029e-7
7277 9.4870648736029e-7
7278 9.4870648736029e-7
7279 9.4870648736029e-7
7280 9.4870648736029e-7
7281 9.492672491807899e-7
7282 9.499225394469072e-7
7283 9.498568502295245e-7
7284 9.495091775829999e-7
7285 9.497719344525308e-7
7286 9.504752905064936e-7
7287 9.518739906311418e-7
7288 9.532230230602344e-7
7289 9.532230230602344e-7
7290 9.532230230602344e-7
7291 9.532230230602344e-7
7292 9.543253207528053e-7
7293 9.543253207528053e-7
7294 9.554436399672034e-7
7295 9.554436399672034e-7
7296 9.554436399672034e-7
7297 9.554436399672034e-7
7298 9.554436399672034e-7
7299 9.554436399672034e-7
7300 9.554436399672034e-7
7301 9.554436399672034e-7
7302 9.554436399672034e-7
7303 9.554436399672034e-7
7304 9.554436399672034e-7
7305 9.554436399672034e-7
7306 9.554436399672034e-7
7307 9.554436399672034e-7
7308 9.554436399672034e-7
7309 9.554436399672034e-7
7310 9.554436399672034e-7
7311 9.554436399672034e-7
7312 9.554436399672034e-7
7313 9.554436399672034e-7
7314 9.554436399672034e-7
7315 9.554436399672034e-7
7316 9.554436399672034e-7
7317 9.554436399672034e-7
7318 9.554436399672034e-7
7319 9.554436399672034e-7
7320 9.554436399672034e-7
7321 9.554436399672034e-7
7322 9.554436399672034e-7
7323 9.554436399672034e-7
7324 9.554436399672034e-7
7325 9.554436399672034e-7
7326 9.554436399672034e-7
7327 9.554436399672034e-7
7328 9.554436399672034e-7
7329 9.554436399672034e-7
7330 9.559162821952898e-7
7331 9.567782533933607e-7
7332 9.568231141434225e-7
7333 9.564033440374934e-7
7334 9.564385921189316e-7
7335 9.56470635773768e-7
7336 9.556198797632125e-7
7337 9.561934586789378e-7
7338 9.562142871462588e-7
7339 9.566741116679379e-7
7340 9.572092386868052e-7
7341 9.568375343687216e-7
7342 9.573294031564188e-7
7343 9.57866132082996e-7
7344 9.58053585844157e-7
7345 9.599008953029687e-7
7346 9.600098439738852e-7
7347 9.597695174793853e-7
7348 9.596109017240952e-7
7349 9.607484474981043e-7
7350 9.607003823214406e-7
7351 9.615623529083296e-7
7352 9.62353827943524e-7
7353 9.628376853591258e-7
7354 9.624115070111751e-7
7355 9.629434283810769e-7
7356 9.63361597190478e-7
7357 9.647891359321787e-7
7358 9.655181267877743e-7
7359 9.65968338029648e-7
7360 9.654956964127434e-7
7361 9.65627074236327e-7
7362 9.655261375486878e-7
7363 9.65441222382876e-7
7364 9.654860831329377e-7
7365 9.654460281060057e-7
7366 9.660131987797095e-7
7367 9.66343246774333e-7
7368 9.672436698692622e-7
7369 9.68611928246784e-7
7370 9.695524057574633e-7
7371 9.693489298632933e-7
7372 9.68414860594636e-7
7373 9.681072429750432e-7
7374 9.682898910130741e-7
7375 9.680976303064196e-7
7376 9.692095400564321e-7
7377 9.691903134968211e-7
7378 9.697222373114503e-7
7379 9.697542809662867e-7
7380 9.696421284799504e-7
7381 9.695940633032869e-7
7382 9.698231752214533e-7
7383 9.709591178653887e-7
7384 9.736379573863269e-7
7385 9.734040397450305e-7
7386 9.732085740005923e-7
7387 9.735626555003206e-7
7388 9.734697289624132e-7
7389 9.736764098943668e-7
7390 9.736764098943668e-7
7391 9.740913742771659e-7
7392 9.741442463993232e-7
7393 9.75233725774305e-7
7394 9.749837872223632e-7
7395 9.751247783257522e-7
7396 9.749645606627522e-7
7397 9.75772057219774e-7
7398 9.758024989669004e-7
7399 9.760428248502184e-7
7400 9.77007336477184e-7
7401 9.785294030533202e-7
7402 9.78670395379073e-7
7403 9.78950775678141e-7
7404 9.78910721262391e-7
7405 9.78630340963323e-7
7406 9.786447599662584e-7
7407 9.785854802132612e-7
7408 9.786111144037121e-7
7409 9.790885629661102e-7
7410 9.79213533158854e-7
7411 9.822592712747458e-7
7412 9.82517221198783e-7
7413 9.82517221198783e-7
7414 9.830907995033266e-7
7415 9.832558241118202e-7
7416 9.83178919706922e-7
7417 9.834144398671103e-7
7418 9.831709089460084e-7
7419 9.833391373699221e-7
7420 9.83419246812604e-7
7421 9.834080316250885e-7
7422 9.831532849052892e-7
7423 9.832061564162647e-7
7424 9.838630498124557e-7
7425 9.854524087360484e-7
7426 9.881985381597154e-7
7427 9.881985381597154e-7
7428 9.881985381597154e-7
7429 9.870914335216507e-7
7430 9.870914335216507e-7
7431 9.883315178910088e-7
7432 9.883907988663697e-7
7433 9.88304281181666e-7
7434 9.882802488989252e-7
7435 9.882321831110798e-7
7436 9.886920082439408e-7
7437 9.884260463366261e-7
7438 9.884260463366261e-7
7439 9.895796136324624e-7
7440 9.903070019691662e-7
7441 9.906162221076508e-7
7442 9.906546746156909e-7
7443 9.92758332702012e-7
7444 9.92758332702012e-7
7445 9.92758332702012e-7
7446 9.92758332702012e-7
7447 9.92758332702012e-7
7448 9.92758332702012e-7
7449 9.92758332702012e-7
7450 9.92758332702012e-7
7451 9.92758332702012e-7
7452 9.92758332702012e-7
7453 9.92758332702012e-7
7454 9.92758332702012e-7
7455 9.92758332702012e-7
7456 9.92758332702012e-7
7457 9.92758332702012e-7
7458 9.92758332702012e-7
7459 9.92758332702012e-7
7460 9.92758332702012e-7
7461 9.92758332702012e-7
7462 9.92758332702012e-7
7463 9.92758332702012e-7
7464 9.92758332702012e-7
7465 9.92758332702012e-7
7466 9.931300376312774e-7
7467 9.930130788106292e-7
7468 9.930130788106292e-7
7469 9.939888037915646e-7
7470 9.937276494409257e-7
7471 9.938430051315001e-7
7472 9.93801349419222e-7
7473 9.93663561520071e-7
7474 9.935946684872682e-7
7475 9.935818513920429e-7
7476 9.938221778865428e-7
7477 9.941842695360028e-7
7478 9.934312457864845e-7
7479 9.934312457864845e-7
7480 9.934312457864845e-7
7481 9.934312457864845e-7
7482 9.934312457864845e-7
7483 9.942115062453454e-7
7484 9.942115062453454e-7
7485 9.942115062453454e-7
7486 9.942115062453454e-7
7487 9.942115062453454e-7
7488 9.951888343563546e-7
7489 9.954868386961418e-7
7490 9.954467842803917e-7
7491 9.960684289839627e-7
7492 9.955653462311137e-7
7493 9.959226315462618e-7
7494 9.950462401228918e-7
7495 9.961533441497745e-7
7496 9.96542673119759e-7
7497 9.96283121288012e-7
7498 9.968070331193638e-7
7499 9.964305212446047e-7
7500 9.964305212446047e-7
7501 9.964305212446047e-7
7502 9.973581816600583e-7
7503 9.974414943069782e-7
7504 9.972396203205182e-7
7505 9.973742025707037e-7
7506 9.97709057510821e-7
7507 9.976577879075554e-7
7508 9.976273467716109e-7
7509 9.976273467716109e-7
7510 9.984060041003982e-7
7511 9.982954541329537e-7
7512 9.983355091598857e-7
7513 9.984540698882438e-7
7514 9.982345718610649e-7
7515 9.983274977877903e-7
7516 9.983323041221022e-7
7517 9.982553997172041e-7
7518 9.979317599646023e-7
7519 9.979686105649323e-7
7520 9.979686105649323e-7
7521 9.979686105649323e-7
7522 9.979686105649323e-7
7523 9.979686105649323e-7
7524 9.979686105649323e-7
7525 9.979686105649323e-7
7526 9.979686105649323e-7
7527 9.979686105649323e-7
7528 9.979686105649323e-7
7529 9.979686105649323e-7
7530 9.979686105649323e-7
7531 9.979686105649323e-7
7532 9.979686105649323e-7
7533 9.979686105649323e-7
7534 9.979686105649323e-7
7535 9.979686105649323e-7
7536 9.979686105649323e-7
7537 9.979686105649323e-7
7538 9.979686105649323e-7
7539 9.979686105649323e-7
7540 9.979686105649323e-7
7541 9.979686105649323e-7
7542 9.979686105649323e-7
7543 9.979686105649323e-7
7544 9.979686105649323e-7
7545 9.979686105649323e-7
7546 9.979686105649323e-7
7547 9.979686105649323e-7
7548 9.979686105649323e-7
7549 9.979686105649323e-7
7550 9.982409807142686e-7
7551 9.986815798987005e-7
7552 9.98673568526605e-7
7553 9.987969362004567e-7
7554 9.988033456648421e-7
7555 9.987360533173857e-7
7556 9.987648925456203e-7
7557 9.981833028689813e-7
7558 9.985437926107314e-7
7559 9.984108116570741e-7
7560 9.984108116570741e-7
7561 9.984108116570741e-7
7562 9.987504723203214e-7
7563 9.987504723203214e-7
7564 1.0003430356705159e-6
7565 1.0007051279311578e-6
7566 1.0013812460534141e-6
7567 1.0013812460534141e-6
7568 1.0013812460534141e-6
7569 1.0020685793631859e-6
7570 1.0023986285801731e-6
7571 1.001922781314303e-6
7572 1.0020157078522104e-6
7573 1.0020157078522104e-6
7574 1.0020157078522104e-6
7575 1.0020157078522104e-6
7576 1.0020157078522104e-6
7577 1.0020157078522104e-6
7578 1.0020157078522104e-6
7579 1.0020157078522104e-6
7580 1.0020157078522104e-6
7581 1.0020157078522104e-6
7582 1.0021599039933831e-6
7583 1.0021599039933831e-6
7584 1.0021599039933831e-6
7585 1.0021599039933831e-6
7586 1.0021599039933831e-6
7587 1.0021599039933831e-6
7588 1.0021599039933831e-6
7589 1.0021599039933831e-6
7590 1.0021599039933831e-6
7591 1.0021599039933831e-6
7592 1.0021599039933831e-6
7593 1.0021599039933831e-6
7594 1.0029369600256422e-6
7595 1.0029369600256422e-6
7596 1.0029369600256422e-6
7597 1.0029369600256422e-6
7598 1.0029369600256422e-6
7599 1.0029369600256422e-6
7600 1.0029369600256422e-6
7601 1.0029369600256422e-6
7602 1.0029369600256422e-6
7603 1.0029369600256422e-6
7604 1.0029369600256422e-6
7605 1.0029369600256422e-6
7606 1.0029369600256422e-6
7607 1.0029369600256422e-6
7608 1.0029369600256422e-6
7609 1.0029369600256422e-6
7610 1.0029369600256422e-6
7611 1.0029369600256422e-6
7612 1.003601863571565e-6
7613 1.003601863571565e-6
7614 1.003601863571565e-6
7615 1.003601863571565e-6
7616 1.003601863571565e-6
7617 1.003601863571565e-6
7618 1.0043965436445433e-6
7619 1.0043965436445433e-6
7620 1.0043965436445433e-6
7621 1.0045006847587842e-6
7622 1.0044558240087225e-6
7623 1.0044558240087225e-6
7624 1.0044558240087225e-6
7625 1.0046913441689107e-6
7626 1.0046913441689107e-6
7627 1.0050213921635343e-6
7628 1.0057199406608215e-6
7629 1.005768006448667e-6
7630 1.0061557322885777e-6
7631 1.0057135318076176e-6
7632 1.0056190033620002e-6
7633 1.0055196685820712e-6
7634 1.0058705450440158e-6
7635 1.0059939133290495e-6
7636 1.0055244749163831e-6
7637 1.0060195475195004e-6
7638 1.0060195475195004e-6
7639 1.0064713618914478e-6
7640 1.0071154369700496e-6
7641 1.0071154369700496e-6
7642 1.0071154369700496e-6
7643 1.0071154369700496e-6
7644 1.0071154369700496e-6
7645 1.0071154369700496e-6
7646 1.0071154369700496e-6
7647 1.0075015615134323e-6
7648 1.0081039802685742e-6
7649 1.0081392283500124e-6
7650 1.0081616587250432e-6
7651 1.0081408308689042e-6
7652 1.007846029733355e-6
7653 1.0079149233773396e-6
7654 1.0077370822848023e-6
7655 1.007724263967213e-6
7656 1.007724263967213e-6
7657 1.007724263967213e-6
7658 1.007724263967213e-6
7659 1.007724263967213e-6
7660 1.007724263967213e-6
7661 1.007724263967213e-6
7662 1.007724263967213e-6
7663 1.007724263967213e-6
7664 1.007724263967213e-6
7665 1.007724263967213e-6
7666 1.007724263967213e-6
7667 1.007724263967213e-6
7668 1.007724263967213e-6
7669 1.007724263967213e-6
7670 1.007724263967213e-6
7671 1.007724263967213e-6
7672 1.007724263967213e-6
7673 1.007724263967213e-6
7674 1.007724263967213e-6
7675 1.007724263967213e-6
7676 1.007724263967213e-6
7677 1.007724263967213e-6
7678 1.007724263967213e-6
7679 1.007724263967213e-6
7680 1.007724263967213e-6
7681 1.007724263967213e-6
7682 1.007724263967213e-6
7683 1.007724263967213e-6
7684 1.007724263967213e-6
7685 1.007724263967213e-6
7686 1.007724263967213e-6
7687 1.007724263967213e-6
7688 1.007724263967213e-6
7689 1.0088425831816112e-6
7690 1.0088425831816112e-6
7691 1.0088425831816112e-6
7692 1.0094193665239386e-6
7693 1.0094193665239386e-6
7694 1.0094193665239386e-6
7695 1.0094193665239386e-6
7696 1.0094193665239386e-6
7697 1.0103101763390622e-6
7698 1.0103101763390622e-6
7699 1.0103101763390622e-6
7700 1.0103101763390622e-6
7701 1.0103101763390622e-6
7702 1.011335569015553e-6
7703 1.0122391971482657e-6
7704 1.0113868386188184e-6
7705 1.0115454543741085e-6
7706 1.0118498681782812e-6
7707 1.0117297049310313e-6
7708 1.0117200916512257e-6
7709 1.012014892175593e-6
7710 1.012075775058664e-6
7711 1.0118178245234448e-6
7712 1.0123817907705466e-6
7713 1.0140897116448612e-6
7714 1.0140897116448612e-6
7715 1.0140897116448612e-6
7716 1.0140897116448612e-6
7717 1.0140897116448612e-6
7718 1.0140897116448612e-6
7719 1.0140897116448612e-6
7720 1.0140897116448612e-6
7721 1.0140897116448612e-6
7722 1.0140897116448612e-6
7723 1.0143332419547812e-6
7724 1.0143332419547812e-6
7725 1.0143332419547812e-6
7726 1.0143332419547812e-6
7727 1.0143332419547812e-6
7728 1.0143332419547812e-6
7729 1.0143332419547812e-6
7730 1.0143332419547812e-6
7731 1.0143332419547812e-6
7732 1.0143332419547812e-6
7733 1.0143332419547812e-6
7734 1.0143332419547812e-6
7735 1.0153970871393121e-6
7736 1.0153970871393121e-6
7737 1.0153970871393121e-6
7738 1.0153970871393121e-6
7739 1.0153970871393121e-6
7740 1.0153970871393121e-6
7741 1.0159946983377785e-6
7742 1.0159946983377785e-6
7743 1.0161356900523494e-6
7744 1.0161356900523494e-6
7745 1.0170056726225158e-6
7746 1.0170056726225158e-6
7747 1.0172812471984541e-6
7748 1.0172812471984541e-6
7749 1.0172812471984541e-6
7750 1.0172812471984541e-6
7751 1.0190372326382504e-6
7752 1.019062867439883e-6
7753 1.0197886538688766e-6
7754 1.0191157389508585e-6
7755 1.0191157389508585e-6
7756 1.0191157389508585e-6
7757 1.0191157389508585e-6
7758 1.0191157389508585e-6
7759 1.0191157389508585e-6
7760 1.0191157389508585e-6
7761 1.0191157389508585e-6
7762 1.0191157389508585e-6
7763 1.0191157389508585e-6
7764 1.0200514095160438e-6
7765 1.0203846625484511e-6
7766 1.0203718454532258e-6
7767 1.0202212410700313e-6
7768 1.0197357805243557e-6
7769 1.0202596923557076e-6
7770 1.0204391365783186e-6
7771 1.0200546145538277e-6
7772 1.0202853277685223e-6
7773 1.0205705150130842e-6
7774 1.0240504434602042e-6
7775 1.024575957199266e-6
7776 1.0250005342506887e-6
7777 1.0262806730357968e-6
7778 1.0262694578482813e-6
7779 1.0259698516007842e-6
7780 1.0259698516007842e-6
7781 1.0259698516007842e-6
7782 1.0259698516007842e-6
7783 1.0259698516007842e-6
7784 1.0259698516007842e-6
7785 1.0259698516007842e-6
7786 1.0259698516007842e-6
7787 1.0259698516007842e-6
7788 1.0259698516007842e-6
7789 1.0259698516007842e-6
7790 1.0259698516007842e-6
7791 1.0264088476551423e-6
7792 1.026775746250096e-6
7793 1.0266988418451978e-6
7794 1.0263623849973707e-6
7795 1.027016072744596e-6
7796 1.0278155585407042e-6
7797 1.027898871798806e-6
7798 1.028538140543096e-6
7799 1.0292607231566697e-6
7800 1.0302700930889695e-6
7801 1.0310888060558705e-6
7802 1.0317248697623768e-6
7803 1.0326797668871732e-6
7804 1.0329168895662532e-6
7805 1.0328560066831822e-6
7806 1.0327726934250803e-6
7807 1.0333590900472132e-6
7808 1.0334952754274724e-6
7809 1.0335128988570096e-6
7810 1.0332982077753243e-6
7811 1.0328143497485405e-6
7812 1.033024235107096e-6
7813 1.0330706977648676e-6
7814 1.032921695900565e-6
7815 1.0339310670552286e-6
7816 1.0342883529815586e-6
7817 1.0373501126192777e-6
7818 1.0379220896272931e-6
7819 1.038566164705895e-6
7820 1.038487658393287e-6
7821 1.0381528034531697e-6
7822 1.0392054334501851e-6
7823 1.0408412550315497e-6
7824 1.0407851790939726e-6
7825 1.0410719688574263e-6
7826 1.0410719688574263e-6
7827 1.0416775908168063e-6
7828 1.0413940054799545e-6
7829 1.0414100276129636e-6
7830 1.0414100276129636e-6
7831 1.0414100276129636e-6
7832 1.0414100276129636e-6
7833 1.0414100276129636e-6
7834 1.0414100276129636e-6
7835 1.0414100276129636e-6
7836 1.0414100276129636e-6
7837 1.0417961515451644e-6
7838 1.0417961515451644e-6
7839 1.0417961515451644e-6
7840 1.0417961515451644e-6
7841 1.0417961515451644e-6
7842 1.0417961515451644e-6
7843 1.0417961515451644e-6
7844 1.0417961515451644e-6
7845 1.0417961515451644e-6
7846 1.0417961515451644e-6
7847 1.0423408918438373e-6
7848 1.0423408918438373e-6
7849 1.0425475727757909e-6
7850 1.0425475727757909e-6
7851 1.043002590963158e-6
7852 1.043002590963158e-6
7853 1.043002590963158e-6
7854 1.043002590963158e-6
7855 1.044385269565979e-6
7856 1.0439959405959946e-6
7857 1.0440616298133773e-6
7858 1.0440552209601735e-6
7859 1.04384854002822e-6
7860 1.04384854002822e-6
7861 1.04384854002822e-6
7862 1.0442170405308835e-6
7863 1.0443804620093034e-6
7864 1.0450037086205843e-6
7865 1.0451190655335225e-6
7866 1.0450581832616334e-6
7867 1.0452424332073743e-6
7868 1.0454042533892661e-6
7869 1.0456814298729143e-6
7870 1.0458929171391798e-6
7871 1.0457038602479452e-6
7872 1.045686236207226e-6
7873 1.045607729894618e-6
7874 1.0475960310680007e-6
7875 1.0475960310680007e-6
7876 1.0475960310680007e-6
7877 1.0475960310680007e-6
7878 1.0475960310680007e-6
7879 1.0475960310680007e-6
7880 1.0475960310680007e-6
7881 1.0475960310680007e-6
7882 1.0475960310680007e-6
7883 1.0475960310680007e-6
7884 1.0475960310680007e-6
7885 1.0479565208097508e-6
7886 1.0477658620108062e-6
7887 1.0486935224262598e-6
7888 1.048826503379917e-6
7889 1.048826503379917e-6
7890 1.0493103607955189e-6
7891 1.0494241151895653e-6
7892 1.0495026215021734e-6
7893 1.0494625670864233e-6
7894 1.049444943656886e-6
7895 1.0491421317604233e-6
7896 1.0494593632710033e-6
7897 1.0498486916298059e-6
7898 1.0502075788526641e-6
7899 1.0502075788526641e-6
7900 1.0502075788526641e-6
7901 1.0513194892138585e-6
7902 1.0513194892138585e-6
7903 1.051588654936593e-6
7904 1.051588654936593e-6
7905 1.051588654936593e-6
7906 1.051588654936593e-6
7907 1.051588654936593e-6
7908 1.051588654936593e-6
7909 1.051588654936593e-6
7910 1.051588654936593e-6
7911 1.051588654936593e-6
7912 1.051588654936593e-6
7913 1.051588654936593e-6
7914 1.051588654936593e-6
7915 1.0520036180970285e-6
7916 1.0525659824364203e-6
7917 1.052429797667343e-6
7918 1.0525067020722412e-6
7919 1.0523737217297658e-6
7920 1.0528864183736023e-6
7921 1.0535240839878187e-6
7922 1.0533830928844297e-6
7923 1.053753195905985e-6
7924 1.0536362370853369e-6
7925 1.0540415875771487e-6
7926 1.0543860557970715e-6
7927 1.0541905906638152e-6
7928 1.0542482685091026e-6
7929 1.054400475411189e-6
7930 1.0543123552075934e-6
7931 1.0544821867615807e-6
7932 1.0540287710931053e-6
7933 1.0539887160661733e-6
7934 1.0541857843295033e-6
7935 1.0543796475550497e-6
7936 1.0540175559055896e-6
7937 1.0539005970849414e-6
7938 1.0539005970849414e-6
7939 1.054289926054926e-6
7940 1.054366830459824e-6
7941 1.055232005473315e-6
7942 1.0549067638130033e-6
7943 1.054672846171707e-6
7944 1.054672846171707e-6
7945 1.054672846171707e-6
7946 1.0557431008206233e-6
7947 1.0554995698995214e-6
7948 1.0554995698995214e-6
7949 1.0572988135704875e-6
7950 1.0570600902060614e-6
7951 1.056928711771296e-6
7952 1.057691347578256e-6
7953 1.0574398058962406e-6
7954 1.0574398058962406e-6
7955 1.0575647754778025e-6
7956 1.0580037721433425e-6
7957 1.0580037721433425e-6
7958 1.0580037721433425e-6
7959 1.0588657433414134e-6
7960 1.0589810996431698e-6
7961 1.05905640275154e-6
7962 1.0589618736947407e-6
7963 1.0590019281104907e-6
7964 1.0590019281104907e-6
7965 1.059399267230207e-6
7966 1.0595803139717099e-6
7967 1.0608171939144662e-6
7968 1.0608300116208734e-6
7969 1.0600930100043644e-6
7970 1.0600930100043644e-6
7971 1.0609806160040682e-6
7972 1.0608476356615928e-6
7973 1.0612161361642564e-6
7974 1.0611744792296145e-6
7975 1.0608604527568182e-6
7976 1.0608764742786455e-6
7977 1.061208124792161e-6
7978 1.0610046482868092e-6
7979 1.0612353615015038e-6
7980 1.0606233300777383e-6
7981 1.060629738930942e-6
7982 1.060629738930942e-6
7983 1.060629738930942e-6
7984 1.060629738930942e-6
7985 1.060868463517732e-6
7986 1.060868463517732e-6
7987 1.060868463517732e-6
7988 1.060868463517732e-6
7989 1.0620476656152013e-6
7990 1.0626388685716458e-6
7991 1.0619627498382075e-6
7992 1.0619627498382075e-6
7993 1.0624001439848558e-6
7994 1.0624257787864884e-6
7995 1.0624257787864884e-6
7996 1.0624257787864884e-6
7997 1.0632508999954112e-6
7998 1.063516861291544e-6
7999 1.063734758022195e-6
8000 1.0637716074001613e-6
8001 1.063718735278004e-6
8002 1.0638869643130996e-6
8003 1.0640087300792414e-6
8004 1.0638725446989822e-6
8005 1.063055434250973e-6
8006 1.0634271391802386e-6
8007 1.0637091226093804e-6
8008 1.0634255372725287e-6
8009 1.0640375686962941e-6
8010 1.0636306162967724e-6
8011 1.063919007356754e-6
8012 1.0639158035413342e-6
8013 1.063782822587677e-6
8014 1.0633101803595906e-6
8015 1.0634543765007633e-6
8016 1.0641449148483187e-6
8017 1.0641465173672106e-6
8018 1.0641112686745905e-6
8019 1.063697907421865e-6
8020 1.063914201633624e-6
8021 1.063480011302396e-6
8022 1.063596970734226e-6
8023 1.063596970734226e-6
8024 1.0636963049029731e-6
8025 1.0636963049029731e-6
8026 1.0644557362833313e-6
8027 1.0644172843864731e-6
8028 1.0646512026389514e-6
8029 1.0649748417803713e-6
8030 1.0645022001634668e-6
8031 1.0650934031199114e-6
8032 1.0647457310845687e-6
8033 1.064385240731637e-6
8034 1.0644028647723561e-6
8035 1.065146275242069e-6
8036 1.067551141483597e-6
8037 1.0674373877007325e-6
8038 1.0674037415270043e-6
8039 1.067911631836529e-6
8040 1.0679805254805135e-6
8041 1.0707474845938652e-6
8042 1.070835604186279e-6
8043 1.0706930099528163e-6
8044 1.0721734214278564e-6
8045 1.0720324303244674e-6
8046 1.0714844855991928e-6
8047 1.0717440380421218e-6
8048 1.0721926479874674e-6
8049 1.0725355130773164e-6
8050 1.0722935846751063e-6
8051 1.0743251446908409e-6
8052 1.0743251446908409e-6
8053 1.0743251446908409e-6
8054 1.0743251446908409e-6
8055 1.0743251446908409e-6
8056 1.0743251446908409e-6
8057 1.0743251446908409e-6
8058 1.0743251446908409e-6
8059 1.0743251446908409e-6
8060 1.0743251446908409e-6
8061 1.0743251446908409e-6
8062 1.0743251446908409e-6
8063 1.0755219702178471e-6
8064 1.075461087945958e-6
8065 1.075201534891847e-6
8066 1.0752768373890353e-6
8067 1.07554440120406e-6
8068 1.07554440120406e-6
8069 1.07554440120406e-6
8070 1.07554440120406e-6
8071 1.07554440120406e-6
8072 1.07554440120406e-6
8073 1.07554440120406e-6
8074 1.0763502970757355e-6
8075 1.0762397464971092e-6
8076 1.0762397464971092e-6
8077 1.0762397464971092e-6
8078 1.0762397464971092e-6
8079 1.0762397464971092e-6
8080 1.0762397464971092e-6
8081 1.0762397464971092e-6
8082 1.0762397464971092e-6
8083 1.0772282897956338e-6
8084 1.0772282897956338e-6
8085 1.0772282897956338e-6
8086 1.0772282897956338e-6
8087 1.0772282897956338e-6
8088 1.0772282897956338e-6
8089 1.0772282897956338e-6
8090 1.0772282897956338e-6
8091 1.0772282897956338e-6
8092 1.0783353944336984e-6
8093 1.0787743904880566e-6
8094 1.0787743904880566e-6
8095 1.0787743904880566e-6
8096 1.0787743904880566e-6
8097 1.0798959141290565e-6
8098 1.0797196749442294e-6
8099 1.0798782900883375e-6
8100 1.0799407748791185e-6
8101 1.0798927097024547e-6
8102 1.0796828243438994e-6
8103 1.0800208837106184e-6
8104 1.07974530913468e-6
8105 1.07974530913468e-6
8106 1.07974530913468e-6
8107 1.07974530913468e-6
8108 1.07974530913468e-6
8109 1.07974530913468e-6
8110 1.07974530913468e-6
8111 1.0805496024874639e-6
8112 1.0808395960663374e-6
8113 1.0806152917048466e-6
8114 1.0805303759278528e-6
8115 1.081869795688322e-6
8116 1.081946700704402e-6
8117 1.082009185495183e-6
8118 1.081829741272572e-6
8119 1.0820812829545873e-6
8120 1.0823087929650438e-6
8121 1.081466047715402e-6
8122 1.081845764016763e-6
8123 1.081424391391942e-6
8124 1.081424391391942e-6
8125 1.0815028977045501e-6
8126 1.0822575233617783e-6
8127 1.0823472454730837e-6
8128 1.0821774139190963e-6
8129 1.0825074625249018e-6
8130 1.0822559208428865e-6
8131 1.082645249812871e-6
8132 1.082404923318371e-6
8133 1.082404923318371e-6
8134 1.0832604856632384e-6
8135 1.0831531401223957e-6
8136 1.0831531401223957e-6
8137 1.0836834601957693e-6
8138 1.0837058905708001e-6
8139 1.0837411386522383e-6
8140 1.0839189797447756e-6
8141 1.083628986165902e-6
8142 1.083628986165902e-6
8143 1.083628986165902e-6
8144 1.083628986165902e-6
8145 1.083628986165902e-6
8146 1.083628986165902e-6
8147 1.083628986165902e-6
8148 1.083628986165902e-6
8149 1.083628986165902e-6
8150 1.083628986165902e-6
8151 1.083628986165902e-6
8152 1.083628986165902e-6
8153 1.083628986165902e-6
8154 1.0844541067636429e-6
8155 1.0844541067636429e-6
8156 1.0855852430732664e-6
8157 1.0855852430732664e-6
8158 1.0861395960405628e-6
8159 1.086418375043103e-6
8160 1.0862501466191892e-6
8161 1.086594614839112e-6
8162 1.0860450682061274e-6
8163 1.0865032902089147e-6
8164 1.0865032902089147e-6
8165 1.0865032902089147e-6
8166 1.0865032902089147e-6
8167 1.0865032902089147e-6
8168 1.0865032902089147e-6
8169 1.0870095779995474e-6
8170 1.0874485740539056e-6
8171 1.087562328447952e-6
8172 1.0874485740539056e-6
8173 1.088143918735773e-6
8174 1.0877834289940228e-6
8175 1.0879276251351955e-6
8176 1.0876039853825937e-6
8177 1.0872050431328037e-6
8178 1.0872050431328037e-6
8179 1.0881919839124364e-6
8180 1.0879853029804828e-6
8181 1.087701717643631e-6
8182 1.087982098553881e-6
8183 1.0880061314478038e-6
8184 1.0884499338364736e-6
8185 1.0880525947167574e-6
8186 1.0880173466353192e-6
8187 1.088185575059233e-6
8188 1.0882881142657639e-6
8189 1.0882897161734738e-6
8190 1.0881198858418502e-6
8191 1.0879692814586557e-6
8192 1.0877273530564456e-6
8193 1.0880253573962329e-6
8194 1.0880365725837483e-6
8195 1.0879933137413965e-6
8196 1.0885364515211775e-6
8197 1.0879292270429056e-6
8198 1.0885765059369273e-6
8199 1.0883570072985664e-6
8200 1.0885364515211775e-6
8201 1.088401869270992e-6
8202 1.0882160161951774e-6
8203 1.0878202783719892e-6
8204 1.087781826475131e-6
8205 1.0878891720159737e-6
8206 1.08808303524152e-6
8207 1.08811988584185e-6
8208 1.0879676783285817e-6
8209 1.087695309401609e-6
8210 1.0878090631844735e-6
8211 1.0878090631844735e-6
8212 1.0890683735022607e-6
8213 1.089060362741347e-6
8214 1.0890171032878133e-6
8215 1.0892093652168316e-6
8216 1.0894961549802853e-6
8217 1.0896499637900816e-6
8218 1.0903805565533871e-6
8219 1.0915213061428162e-6
8220 1.0915213061428162e-6
8221 1.0915213061428162e-6
8222 1.0915213061428162e-6
8223 1.0915213061428162e-6
8224 1.0915213061428162e-6
8225 1.0915213061428162e-6
8226 1.0915213061428162e-6
8227 1.0915213061428162e-6
8228 1.0915213061428162e-6
8229 1.0915213061428162e-6
8230 1.0915213061428162e-6
8231 1.0915213061428162e-6
8232 1.0915213061428162e-6
8233 1.0915213061428162e-6
8234 1.0915213061428162e-6
8235 1.0915213061428162e-6
8236 1.0915213061428162e-6
8237 1.0915213061428162e-6
8238 1.0915213061428162e-6
8239 1.0915213061428162e-6
8240 1.0915213061428162e-6
8241 1.0915213061428162e-6
8242 1.0915213061428162e-6
8243 1.0915213061428162e-6
8244 1.0915213061428162e-6
8245 1.0915213061428162e-6
8246 1.0915213061428162e-6
8247 1.0915213061428162e-6
8248 1.0915213061428162e-6
8249 1.0915213061428162e-6
8250 1.0915213061428162e-6
8251 1.0915213061428162e-6
8252 1.0915213061428162e-6
8253 1.0915213061428162e-6
8254 1.0915213061428162e-6
8255 1.0915213061428162e-6
8256 1.0915213061428162e-6
8257 1.0915213061428162e-6
8258 1.0915213061428162e-6
8259 1.0915213061428162e-6
8260 1.0915213061428162e-6
8261 1.0915213061428162e-6
8262 1.0915213061428162e-6
8263 1.0923800735254672e-6
8264 1.0927565841778625e-6
8265 1.0927389613595072e-6
8266 1.0924297406098406e-6
8267 1.093262872579677e-6
8268 1.0928126613378033e-6
8269 1.0932452485389577e-6
8270 1.0925098494413406e-6
8271 1.092697304424865e-6
8272 1.0926732715309423e-6
8273 1.0923255988844178e-6
8274 1.0923255988844178e-6
8275 1.0926684651966306e-6
8276 1.0933702181205196e-6
8277 1.0931571289465442e-6
8278 1.093242044112356e-6
8279 1.0928142632455132e-6
8280 1.0932100004575196e-6
8281 1.0934375098567941e-6
8282 1.0929552543489022e-6
8283 1.0933702181205196e-6
8284 1.0937675578514178e-6
8285 1.093543253489927e-6
8286 1.093838054014294e-6
8287 1.0935961250009023e-6
8288 1.093858882481615e-6
8289 1.0937162882481523e-6
8290 1.0937018692452168e-6
8291 1.0936345768977603e-6
8292 1.0937675578514176e-6
8293 1.093753138848482e-6
8294 1.093392649106732e-6
8295 1.0933205510361455e-6
8296 1.0934038642942474e-6
8297 1.093455133286331e-6
8298 1.0929488454956983e-6
8299 1.0937739667046211e-6
8300 1.0936249648403184e-6
8301 1.0936538034573711e-6
8302 1.0936954597808311e-6
8303 1.0937146863404422e-6
8304 1.0936041363729977e-6
8305 1.0930946435445813e-6
8306 1.0924874190663095e-6
8307 1.0929776847239331e-6
8308 1.0929776847239331e-6
8309 1.0929488454956985e-6
8310 1.0930321587538004e-6
8311 1.092939232215893e-6
8312 1.0927822195906767e-6
8313 1.0927822195906767e-6
8314 1.0930978485823648e-6
8315 1.0933878427724203e-6
8316 1.0940110893837012e-6
8317 1.0938845178944294e-6
8318 1.0936009319463957e-6
8319 1.093796397690834e-6
8320 1.0933654117862075e-6
8321 1.0935224250226057e-6
8322 1.093415079481763e-6
8323 1.0940191007557968e-6
8324 1.0939918634352723e-6
8325 1.0939197653646858e-6
8326 1.0935288344869914e-6
8327 1.0936890509276276e-6
8328 1.0936522015496612e-6
8329 1.0942209747422568e-6
8330 1.094136058965263e-6
8331 1.0940511437994512e-6
8332 1.0939726362644793e-6
8333 1.0937066755795285e-6
8334 1.0940030780116058e-6
8335 1.0939277755144176e-6
8336 1.0940559495225812e-6
8337 1.0939165603269022e-6
8338 1.0945029575602167e-6
8339 1.0944885373349176e-6
8340 1.094560635405504e-6
8341 1.094823392275035e-6
8342 1.094724056883924e-6
8343 1.094941953614575e-6
8344 1.0943523519546588e-6
8345 1.0949211251472543e-6
8346 1.0948458226500663e-6
8347 1.0946904113213782e-6
8348 1.0953120554137673e-6
8349 1.094775327098372e-6
8350 1.0945878721148472e-6
8351 1.0946567657588317e-6
8352 1.0945878721148472e-6
8353 1.0946263240117054e-6
8354 1.0945045582455636e-6
8355 1.0943811911828936e-6
8356 1.0940639608946772e-6
8357 1.094192134291659e-6
8358 1.094493343058048e-6
8359 1.094312297538909e-6
8360 1.0950044377941743e-6
8361 1.0947961549545107e-6
8362 1.0942658348811372e-6
8363 1.094591076541449e-6
8364 1.0941953387182607e-6
8365 1.0948410157045725e-6
8366 1.0948410157045725e-6
8367 1.0948410157045725e-6
8368 1.0949291346858041e-6
8369 1.0950028346641005e-6
8370 1.0954097882859861e-6
8371 1.095412992101406e-6
8372 1.095412992101406e-6
8373 1.096257339258758e-6
8374 1.096257339258758e-6
8375 1.0963470613700633e-6
8376 1.0963310392370543e-6
8377 1.0963310392370543e-6
8378 1.0964896549923444e-6
8379 1.0964896549923444e-6
8380 1.0964896549923444e-6
8381 1.0966418618944307e-6
8382 1.0965040746064616e-6
8383 1.0965040746064616e-6
8384 1.0965040746064616e-6
8385 1.0968325206933753e-6
8386 1.096917435859187e-6
8387 1.0972923452150544e-6
8388 1.097277926212119e-6
8389 1.096935059899906e-6
8390 1.0968821883889306e-6
8391 1.0972474844649924e-6
8392 1.0971481490738815e-6
8393 1.0969847275954616e-6
8394 1.0967812517012917e-6
8395 1.0967812517012917e-6
8396 1.0967812517012917e-6
8397 1.0967812517012917e-6
8398 1.0967812517012917e-6
8399 1.0967812517012917e-6
8400 1.0967812517012917e-6
8401 1.0967812517012917e-6
8402 1.0967812517012917e-6
8403 1.0967812517012917e-6
8404 1.0967812517012917e-6
8405 1.0967812517012917e-6
8406 1.0967812517012917e-6
8407 1.0967812517012917e-6
8408 1.0983001156843717e-6
8409 1.0988384471298408e-6
8410 1.0990867837740725e-6
8411 1.0990451274506125e-6
8412 1.099355950107989e-6
8413 1.0997052246622234e-6
8414 1.0995434044803316e-6
8415 1.0994184348987697e-6
8416 1.0995642329476525e-6
8417 1.1005271408333625e-6
8418 1.1014307683548934e-6
8419 1.1013314329637825e-6
8420 1.1011503874446434e-6
8421 1.1022238459089799e-6
8422 1.1022927389417826e-6
8423 1.1025346679551744e-6
8424 1.1027509621669335e-6
8425 1.1022719110856436e-6
8426 1.1017512036808937e-6
8427 1.1017512036808937e-6
8428 1.1022655016212581e-6
8429 1.1031899582212919e-6
8430 1.1030201272784864e-6
8431 1.1032796803325973e-6
8432 1.1031547101398535e-6
8433 1.103467134093758e-6
8434 1.1055131143347916e-6
8435 1.1055131143347916e-6
8436 1.1055131143347916e-6
8437 1.1055131143347916e-6
8438 1.1055131143347916e-6
8439 1.1055131143347916e-6
8440 1.1060578546334645e-6
8441 1.1061652001743072e-6
8442 1.1060786831007854e-6
8443 1.1069582783395755e-6
8444 1.107289928853091e-6
8445 1.1072418636764273e-6
8446 1.1076215793666063e-6
8447 1.1098566164988746e-6
8448 1.1098566164988746e-6
8449 1.1098566164988746e-6
8450 1.111127142615359e-6
8451 1.1112633279956183e-6
8452 1.1105824023166865e-6
8453 1.1105167137104857e-6
8454 1.1109797426587666e-6
8455 1.1107009630450446e-6
8456 1.1114203412320166e-6
8457 1.1112200691532665e-6
8458 1.1113210058409056e-6
8459 1.1113482431614301e-6
8460 1.1108467617051091e-6
8461 1.1110726691966737e-6
8462 1.1113418343082264e-6
8463 1.1115244829574392e-6
8464 1.1115389019603747e-6
8465 1.1120580068462328e-6
8466 1.1133669860819393e-6
8467 1.1146134793045011e-6
8468 1.1146134793045011e-6
8469 1.1146134793045011e-6
8470 1.1146134793045011e-6
8471 1.1146134793045011e-6
8472 1.1146134793045011e-6
8473 1.1146134793045011e-6
8474 1.1146134793045011e-6
8475 1.1146134793045011e-6
8476 1.1146134793045011e-6
8477 1.1146134793045011e-6
8478 1.1146134793045011e-6
8479 1.1146134793045011e-6
8480 1.1146134793045011e-6
8481 1.1146134793045011e-6
8482 1.1146134793045011e-6
8483 1.1146134793045011e-6
8484 1.1146134793045011e-6
8485 1.1146134793045011e-6
8486 1.1149643551552638e-6
8487 1.1160538351414273e-6
8488 1.1154674391304764e-6
8489 1.1163822824507047e-6
8490 1.1181318590372974e-6
8491 1.1181318590372974e-6
8492 1.1181318590372974e-6
8493 1.1181318590372974e-6
8494 1.1181318590372974e-6
8495 1.1181318590372974e-6
8496 1.1181318590372974e-6
8497 1.1196298939418745e-6
8498 1.1213666540444236e-6
8499 1.1212913509360535e-6
8500 1.1218985754143253e-6
8501 1.1223904435908408e-6
8502 1.1226499966449518e-6
8503 1.1241159885058745e-6
8504 1.1247408364136834e-6
8505 1.1247408364136834e-6
8506 1.1247408364136834e-6
8507 1.1247408364136834e-6
8508 1.1247408364136834e-6
8509 1.1263638421221862e-6
8510 1.1263846705895072e-6
8511 1.1263670459376063e-6
8512 1.1259681042989982e-6
8513 1.1269021735676555e-6
8514 1.1273860309832574e-6
8515 1.1275302265132483e-6
8516 1.1289689816648285e-6
8517 1.129959126871063e-6
8518 1.129959126871063e-6
8519 1.129959126871063e-6
8520 1.129959126871063e-6
8521 1.129959126871063e-6
8522 1.129959126871063e-6
8523 1.129959126871063e-6
8524 1.129959126871063e-6
8525 1.129959126871063e-6
8526 1.129959126871063e-6
8527 1.129959126871063e-6
8528 1.129959126871063e-6
8529 1.129959126871063e-6
8530 1.129959126871063e-6
8531 1.129959126871063e-6
8532 1.129959126871063e-6
8533 1.129959126871063e-6
8534 1.1307874525065876e-6
8535 1.1311799852919922e-6
8536 1.1319506324710477e-6
8537 1.1310566176181404e-6
8538 1.1312761162565013e-6
8539 1.1313914725582577e-6
8540 1.1314443446804148e-6
8541 1.131742349020202e-6
8542 1.1318352755581094e-6
8543 1.1321845501123439e-6
8544 1.1319970951288194e-6
8545 1.1322406260499213e-6
8546 1.132325541215733e-6
8547 1.131987481849014e-6
8548 1.1323816177644924e-6
8549 1.1324585221693906e-6
8550 1.132307917786196e-6
8551 1.1322454329954151e-6
8552 1.1319778697915724e-6
8553 1.1325738790823288e-6
8554 1.1325562544304277e-6
8555 1.1331939212670077e-6
8556 1.1329728207209367e-6
8557 1.1329728207209367e-6
8558 1.1341760551011467e-6
8559 1.1342625721746684e-6
8560 1.1343330683375447e-6
8561 1.1343330683375447e-6
8562 1.1343330683375447e-6
8563 1.1343330683375447e-6
8564 1.1343330683375447e-6
8565 1.135988117089702e-6
8566 1.1357990601984674e-6
8567 1.1357990601984674e-6
8568 1.1357990601984674e-6
8569 1.1357990601984674e-6
8570 1.1357990601984674e-6
8571 1.1362412612906093e-6
8572 1.1374140545348747e-6
8573 1.139974332105091e-6
8574 1.139974332105091e-6
8575 1.139974332105091e-6
8576 1.139974332105091e-6
8577 1.1404213401427264e-6
8578 1.14079304446081e-6
8579 1.14138905497393e-6
8580 1.1408843690910072e-6
8581 1.1409164127458436e-6
8582 1.1405719445259209e-6
8583 1.141228836699748e-6
8584 1.142170916729319e-6
8585 1.1455322832257173e-6
8586 1.1455322832257173e-6
8587 1.1455322832257173e-6
8588 1.1455322832257173e-6
8589 1.1455322832257173e-6
8590 1.1455322832257173e-6
8591 1.146101055807131e-6
8592 1.146280500029742e-6
8593 1.1469774472305012e-6
8594 1.1469982756978221e-6
8595 1.1511783539387575e-6
8596 1.1517439220935692e-6
8597 1.1532019038047601e-6
8598 1.1567058633122573e-6
8599 1.1570182884885256e-6
8600 1.1573387232033437e-6
8601 1.1594632103681673e-6
8602 1.1594632103681673e-6
8603 1.1594632103681673e-6
8604 1.1594632103681673e-6
8605 1.1594632103681673e-6
8606 1.1594632103681673e-6
8607 1.1594632103681673e-6
8608 1.1594632103681673e-6
8609 1.1594632103681673e-6
8610 1.1594632103681673e-6
8611 1.16241121561184e-6
8612 1.163092141290772e-6
8613 1.1630616995436454e-6
8614 1.16289026669313e-6
8615 1.1629591603371145e-6
8616 1.1634814702607562e-6
8617 1.1649634824211424e-6
8618 1.1669325588684599e-6
8619 1.1669325588684599e-6
8620 1.1669325588684599e-6
8621 1.1669325588684599e-6
8622 1.1669325588684599e-6
8623 1.1669325588684599e-6
8624 1.1669325588684599e-6
8625 1.1669325588684599e-6
8626 1.1669325588684599e-6
8627 1.1678570148573117e-6
8628 1.1675333751047099e-6
8629 1.1675333751047099e-6
8630 1.1682799893898425e-6
8631 1.1679851888654753e-6
8632 1.1680028129061945e-6
8633 1.1681213742457345e-6
8634 1.1681213742457345e-6
8635 1.1681213742457345e-6
8636 1.168573188617682e-6
8637 1.168573188617682e-6
8638 1.168573188617682e-6
8639 1.168573188617682e-6
8640 1.168573188617682e-6
8641 1.168573188617682e-6
8642 1.168573188617682e-6
8643 1.168573188617682e-6
8644 1.168573188617682e-6
8645 1.168573188617682e-6
8646 1.168573188617682e-6
8647 1.168573188617682e-6
8648 1.168573188617682e-6
8649 1.168573188617682e-6
8650 1.168573188617682e-6
8651 1.170511822095509e-6
8652 1.1725401789070055e-6
8653 1.1717454982228453e-6
8654 1.1716589805381416e-6
8655 1.1718208007200335e-6
8656 1.1714298692311571e-6
8657 1.1715179900459343e-6
8658 1.1706672334241972e-6
8659 1.1704124867043981e-6
8660 1.1704477353970182e-6
8661 1.1690025720034165e-6
8662 1.1690682612207992e-6
8663 1.1695617319162065e-6
8664 1.1692396940713146e-6
8665 1.1690474327534782e-6
8666 1.1684305943842191e-6
8667 1.1684305943842191e-6
8668 1.1684305943842191e-6
8669 1.1692685326883673e-6
8670 1.1688936233325e-6
8671 1.169111519451969e-6
8672 1.1690009694845246e-6
8673 1.1690009694845246e-6
8674 1.1690009694845246e-6
8675 1.1690009694845246e-6
8676 1.1690009694845246e-6
8677 1.1690009694845246e-6
8678 1.1690009694845246e-6
8679 1.1698052622261265e-6
8680 1.1699398450874939e-6
8681 1.1702394525573549e-6
8682 1.170559887272173e-6
8683 1.1718448336139566e-6
8684 1.1732659647248176e-6
8685 1.1732659647248176e-6
8686 1.1732659647248176e-6
8687 1.1745541148820213e-6
8688 1.1745541148820213e-6
8689 1.1749706817837122e-6
8690 1.1749706817837122e-6
8691 1.1749706817837122e-6
8692 1.1749706817837122e-6
8693 1.175387248685403e-6
8694 1.1759992801091685e-6
8695 1.1768820791633785e-6
8696 1.1788014866927767e-6
8697 1.1788014866927767e-6
8698 1.1788014866927767e-6
8699 1.1788014866927767e-6
8700 1.1788014866927767e-6
8701 1.1788014866927767e-6
8702 1.1788014866927767e-6
8703 1.1795064446544496e-6
8704 1.1798124603663322e-6
8705 1.1794343465838632e-6
8706 1.1794343465838632e-6
8707 1.1798044489942368e-6
8708 1.1796522427033324e-6
8709 1.1801457133987398e-6
8710 1.180043173581027e-6
8711 1.1805430525184562e-6
8712 1.18015051912187e-6
8713 1.1806199575345363e-6
8714 1.1812383972003236e-6
8715 1.1815043578852744e-6
8716 1.1841078961313882e-6
8717 1.1846670554329964e-6
8718 1.185178149557941e-6
8719 1.1865047522231846e-6
8720 1.1890233740811227e-6
8721 1.1890233740811227e-6
8722 1.1896866751081537e-6
8723 1.1896594377876292e-6
8724 1.1894207138120211e-6
8725 1.189563307434302e-6
8726 1.1897379447114192e-6
8727 1.1912327758005765e-6
8728 1.191066149284373e-6
8729 1.191066149284373e-6
8730 1.191066149284373e-6
8731 1.191066149284373e-6
8732 1.191066149284373e-6
8733 1.1940221646777774e-6
8734 1.1940910577105802e-6
8735 1.1940910577105802e-6
8736 1.1946806587593148e-6
8737 1.1948857377835584e-6
8738 1.1948857377835584e-6
8739 1.195015513699432e-6
8740 1.195015513699432e-6
8741 1.195218989593602e-6
8742 1.195218989593602e-6
8743 1.1956083185635864e-6
8744 1.1959191412209629e-6
8745 1.196137037340432e-6
8746 1.1959463785414874e-6
8747 1.1964686878539474e-6
8748 1.1959928411992592e-6
8749 1.196560011872963e-6
8750 1.1963341043813983e-6
8751 1.1962860398159165e-6
8752 1.196095381016972e-6
8753 1.1963357069002902e-6
8754 1.1962075328921265e-6
8755 1.1965503992043394e-6
8756 1.196197919612321e-6
8757 1.1961706829029782e-6
8758 1.1960777563650708e-6
8759 1.196132230394938e-6
8760 1.1959287545007682e-6
8761 1.19601366966658e-6
8762 1.19645266633212e-6
8763 1.19645266633212e-6
8764 1.19645266633212e-6
8765 1.19645266633212e-6
8766 1.19645266633212e-6
8767 1.19645266633212e-6
8768 1.19645266633212e-6
8769 1.19645266633212e-6
8770 1.19645266633212e-6
8771 1.19645266633212e-6
8772 1.19645266633212e-6
8773 1.19645266633212e-6
8774 1.19645266633212e-6
8775 1.19645266633212e-6
8776 1.19645266633212e-6
8777 1.19645266633212e-6
8778 1.1974155748290118e-6
8779 1.197673524753049e-6
8780 1.197673524753049e-6
8781 1.1978161189865118e-6
8782 1.1987806287799317e-6
8783 1.199310950075669e-6
8784 1.2014386404447309e-6
8785 1.2014386404447309e-6
8786 1.2014386404447309e-6
8787 1.2019032719119036e-6
8788 1.2026210469688018e-6
8789 1.2041447172861937e-6
8790 1.2041671476612246e-6
8791 1.2043273653242246e-6
8792 1.2039780907699902e-6
8793 1.2046125531799684e-6
8794 1.2050659688484438e-6
8795 1.2052085624707246e-6
8796 1.2047279088705429e-6
8797 1.2052710472615056e-6
8798 1.2061826855439501e-6
8799 1.2064598614164164e-6
8800 1.2089961067038918e-6
8801 1.2089368263397127e-6
8802 1.2097266994671971e-6
8803 1.2085122492882898e-6
8804 1.2084000968019535e-6
8805 1.2084209252692745e-6
8806 1.208951245342648e-6
8807 1.2092684762420462e-6
8808 1.209348585684728e-6
8809 1.2091226781931634e-6
8810 1.2087589846359935e-6
8811 1.2089945041849998e-6
8812 1.2089945041849998e-6
8813 1.2089945041849998e-6
8814 1.2089945041849998e-6
8815 1.2089945041849998e-6
8816 1.2089945041849998e-6
8817 1.2089945041849998e-6
8818 1.2089945041849998e-6
8819 1.2089945041849998e-6
8820 1.2089945041849998e-6
8821 1.2089945041849998e-6
8822 1.2089945041849998e-6
8823 1.2089945041849998e-6
8824 1.2089945041849998e-6
8825 1.2089945041849998e-6
8826 1.2089945041849998e-6
8827 1.2096850425325552e-6
8828 1.2098564747718888e-6
8829 1.2096225571305924e-6
8830 1.210851427534799e-6
8831 1.2117101943062682e-6
8832 1.2115627937384935e-6
8833 1.2116364943279718e-6
8834 1.2114618564396727e-6
8835 1.2115211374150335e-6
8836 1.2116621285184225e-6
8837 1.2114794804803916e-6
8838 1.211290423589157e-6
8839 1.2111205932575334e-6
8840 1.2111205932575334e-6
8841 1.2111205932575334e-6
8842 1.2111205932575334e-6
8843 1.2116316879936597e-6
8844 1.2116316879936597e-6
8845 1.2116316879936597e-6
8846 1.212105932740638e-6
8847 1.2119344998901225e-6
8848 1.2124952617106224e-6
8849 1.2126058122892488e-6
8850 1.2129342577649806e-6
8851 1.2129566881400115e-6
8852 1.2121700194391288e-6
8853 1.212365485183567e-6
8854 1.212365485183567e-6
8855 1.212365485183567e-6
8856 1.212365485183567e-6
8857 1.212365485183567e-6
8858 1.212365485183567e-6
8859 1.213241875995755e-6
8860 1.2136856789956068e-6
8861 1.214140697182974e-6
8862 1.2142736781366313e-6
8863 1.2142528496693103e-6
8864 1.2138186593380821e-6
8865 1.2137721966803105e-6
8866 1.2137721966803105e-6
8867 1.2139468333462458e-6
8868 1.2144483148025668e-6
8869 1.2145172090577332e-6
8870 1.2144771540308012e-6
8871 1.2144771540308012e-6
8872 1.2146133394110604e-6
8873 1.2146133394110604e-6
8874 1.2156835928376131e-6
8875 1.2161306002640669e-6
8876 1.2161738591064187e-6
8877 1.2158374022585915e-6
8878 1.2162427521392215e-6
8879 1.216527939994965e-6
8880 1.2156130972859188e-6
8881 1.2156130972859188e-6
8882 1.2156130972859188e-6
8883 1.2156130972859188e-6
8884 1.2156130972859188e-6
8885 1.2156130972859188e-6
8886 1.2156130972859188e-6
8887 1.2156130972859188e-6
8888 1.2162956248725605e-6
8889 1.2166513082799987e-6
8890 1.2170390347310914e-6
8891 1.2165183273263415e-6
8892 1.217388309896508e-6
8893 1.217543721225196e-6
8894 1.2178577476979924e-6
8895 1.218646017695403e-6
8896 1.219765940039875e-6
8897 1.2220282144926678e-6
8898 1.2227027300960323e-6
8899 1.2228725616500195e-6
8900 1.222766817405705e-6
8901 1.223529453212665e-6
8902 1.224551642073736e-6
8903 1.2262259167743224e-6
8904 1.2261233775677914e-6
8905 1.2267754634073069e-6
8906 1.2261057541382543e-6
8907 1.2260849256709334e-6
8908 1.2262611648557605e-6
8909 1.2265735894208469e-6
8910 1.226589611553856e-6
8911 1.226730602657245e-6
8912 1.2285586855564457e-6
8913 1.2293822054688403e-6
8914 1.2293822054688403e-6
8915 1.2312038801260195e-6
8916 1.2312038801260195e-6
8917 1.2312038801260195e-6
8918 1.2312038801260195e-6
8919 1.2312038801260195e-6
8920 1.2312038801260195e-6
8921 1.231814309642075e-6
8922 1.231814309642075e-6
8923 1.233475767247436e-6
8924 1.2336824475682076e-6
8925 1.2335046064756703e-6
8926 1.2337048785544204e-6
8927 1.2337048785544204e-6
8928 1.2337048785544204e-6
8929 1.2347094433747721e-6
8930 1.2348424243284294e-6
8931 1.235888645472241e-6
8932 1.2356627385918584e-6
8933 1.2370998912245466e-6
8934 1.2372841417814694e-6
8935 1.2377615897326858e-6
8936 1.2377615897326858e-6
8937 1.2377615897326858e-6
8938 1.237937828917513e-6
8939 1.240099165460303e-6
8940 1.2406054538621176e-6
8941 1.241600405402664e-6
8942 1.241600405402664e-6
8943 1.241600405402664e-6
8944 1.241600405402664e-6
8945 1.241600405402664e-6
8946 1.241600405402664e-6
8947 1.241600405402664e-6
8948 1.241600405402664e-6
8949 1.241600405402664e-6
8950 1.241600405402664e-6
8951 1.241600405402664e-6
8952 1.241600405402664e-6
8953 1.241600405402664e-6
8954 1.241600405402664e-6
8955 1.241600405402664e-6
8956 1.241600405402664e-6
8957 1.241600405402664e-6
8958 1.241600405402664e-6
8959 1.2433419706171611e-6
8960 1.2433419706171611e-6
8961 1.2433419706171611e-6
8962 1.2433419706171611e-6
8963 1.2433419706171611e-6
8964 1.245551371725433e-6
8965 1.2456186640728894e-6
8966 1.2456186640728894e-6
8967 1.2459374968799976e-6
8968 1.2463268258499821e-6
8969 1.2465575396758585e-6
8970 1.2467514022902229e-6
8971 1.2466136156134357e-6
8972 1.2469420617003494e-6
8973 1.2467161548199667e-6
8974 1.2460929082086858e-6
8975 1.2469212338442103e-6
8976 1.247509232374053e-6
8977 1.2475973519664669e-6
8978 1.2478617113548895e-6
8979 1.2494446620364604e-6
8980 1.2512487126529204e-6
8981 1.250854576737442e-6
8982 1.250854576737442e-6
8983 1.2517389783105438e-6
8984 1.2522084161120285e-6
8985 1.2524439356610348e-6
8986 1.2524503439030566e-6
8987 1.2526329919410875e-6
8988 1.2523926648354057e-6
8989 1.2523926648354057e-6
8990 1.2528172412756466e-6
8991 1.2528172412756466e-6
8992 1.2532097746722329e-6
8993 1.2539804218512884e-6
8994 1.2540429066420694e-6
8995 1.2538137953350849e-6
8996 1.2536599859141067e-6
8997 1.2536599859141067e-6
8998 1.2544803001775357e-6
8999 1.2545523976369402e-6
9000 1.2545011286448566e-6
9001 1.255440003025462e-6
9002 1.2558677845034867e-6
9003 1.2553903365522703e-6
9004 1.2551932682889403e-6
9005 1.2555072947617366e-6
9006 1.2556675124247366e-6
9007 1.2552685707861285e-6
9008 1.2562170590577211e-6
9009 1.256177004641971e-6
9010 1.2572248283046746e-6
9011 1.25999979817894e-6
9012 1.25999979817894e-6
9013 1.25999979817894e-6
9014 1.25999979817894e-6
9015 1.25999979817894e-6
9016 1.2607944776407364e-6
9017 1.2608361345753783e-6
9018 1.2615186609396565e-6
9019 1.2618214728361192e-6
9020 1.2626738313655665e-6
9021 1.264227942207721e-6
9022 1.264227942207721e-6
9023 1.264227942207721e-6
9024 1.264227942207721e-6
9025 1.2652180874139556e-6
9026 1.265250131068792e-6
9027 1.265354272183033e-6
9028 1.2652533354953938e-6
9029 1.2653606816474184e-6
9030 1.2653927246910729e-6
9031 1.264892845142462e-6
9032 1.2655048765662274e-6
9033 1.265011407093184e-6
9034 1.264511527544573e-6
9035 1.2651459893433694e-6
9036 1.265476037949175e-6
9037 1.2678312377175113e-6
9038 1.2678312377175113e-6
9039 1.2678312377175113e-6
9040 1.2678312377175113e-6
9041 1.2687460804265576e-6
9042 1.2689655790649185e-6
9043 1.2685874652824495e-6
9044 1.2691290011545203e-6
9045 1.2687925443066931e-6
9046 1.2688021569753167e-6
9047 1.269053698657332e-6
9048 1.2700790919450048e-6
9049 1.2698515825457302e-6
9050 1.269656117412474e-6
9051 1.2708561479772639e-6
9052 1.2729582029335111e-6
9053 1.2724695391835976e-6
9054 1.272656994167122e-6
9055 1.273083173126255e-6
9056 1.2728059966426067e-6
9057 1.2728893099007086e-6
9058 1.2729373744661904e-6
9059 1.2724951739852305e-6
9060 1.2724951739852305e-6
9061 1.2724951739852305e-6
9062 1.2724951739852305e-6
9063 1.2724951739852305e-6
9064 1.2724951739852305e-6
9065 1.2724951739852305e-6
9066 1.2724951739852305e-6
9067 1.2724951739852305e-6
9068 1.2724951739852305e-6
9069 1.2737096235529559e-6
9070 1.2739932088898076e-6
9071 1.2746741345687395e-6
9072 1.2769412147446622e-6
9073 1.2769412147446622e-6
9074 1.2769412147446622e-6
9075 1.2775933005841778e-6
9076 1.2775933005841778e-6
9077 1.2782950541192486e-6
9078 1.2794534283605786e-6
9079 1.2787612874941313e-6
9080 1.278604274257733e-6
9081 1.2793124366460077e-6
9082 1.2794422125618812e-6
9083 1.2796008283171713e-6
9084 1.2796921529473686e-6
9085 1.2806967183789022e-6
9086 1.2814064820637049e-6
9087 1.2815122256968376e-6
9088 1.281143725194174e-6
9089 1.281206209984955e-6
9090 1.2809979271452914e-6
9091 1.280208054017807e-6
9092 1.2819432109902823e-6
9093 1.2820249223406743e-6
9094 1.2835037306856406e-6
9095 1.2834428478025696e-6
9096 1.2841606234706497e-6
9097 1.2839090811774525e-6
9098 1.2843640999760016e-6
9099 1.2846076315082854e-6
9100 1.2846717182067763e-6
9101 1.2847518264270943e-6
9102 1.2848319352585942e-6
9103 1.2852773401661559e-6
9104 1.2852773401661559e-6
9105 1.2852773401661559e-6
9106 1.2852773401661559e-6
9107 1.2856282166281004e-6
9108 1.2856282166281004e-6
9109 1.2862674847612087e-6
9110 1.2860319652122024e-6
9111 1.2864341112774122e-6
9112 1.286959625016474e-6
9113 1.2879689967823196e-6
9114 1.2893580836271622e-6
9115 1.289822714483153e-6
9116 1.289963705586542e-6
9117 1.2903241959394738e-6
9118 1.290361045928622e-6
9119 1.2902008282656219e-6
9120 1.2901559675155601e-6
9121 1.290000556186872e-6
9122 1.290000556186872e-6
9123 1.290000556186872e-6
9124 1.290000556186872e-6
9125 1.290000556186872e-6
9126 1.290000556186872e-6
9127 1.290000556186872e-6
9128 1.290000556186872e-6
9129 1.290000556186872e-6
9130 1.290000556186872e-6
9131 1.290000556186872e-6
9132 1.290000556186872e-6
9133 1.290000556186872e-6
9134 1.290000556186872e-6
9135 1.2907327502467055e-6
9136 1.2907327502467055e-6
9137 1.2907327502467055e-6
9138 1.2907327502467055e-6
9139 1.2907327502467055e-6
9140 1.2914745588087084e-6
9141 1.2918799086893383e-6
9142 1.2921811186780912e-6
9143 1.2926697824280047e-6
9144 1.2927386760719894e-6
9145 1.2925544255150666e-6
9146 1.2924807255367703e-6
9147 1.2930623158245912e-6
9148 1.2938810281803102e-6
9149 1.2959558476495783e-6
9150 1.295845297070952e-6
9151 1.2957988344131803e-6
9152 1.2957988344131803e-6
9153 1.2957988344131803e-6
9154 1.2957988344131803e-6
9155 1.2957988344131803e-6
9156 1.2957988344131803e-6
9157 1.2957988344131803e-6
9158 1.2957988344131803e-6
9159 1.2957988344131803e-6
9160 1.2957988344131803e-6
9161 1.2957988344131803e-6
9162 1.2957988344131803e-6
9163 1.2973241066382821e-6
9164 1.2983495005371367e-6
9165 1.3005108364687449e-6
9166 1.3005108364687449e-6
9167 1.3005108364687449e-6
9168 1.3005108364687449e-6
9169 1.3005108364687449e-6
9170 1.3015154012890966e-6
9171 1.301505788009291e-6
9172 1.300868121783893e-6
9173 1.300868121783893e-6
9174 1.301267064033683e-6
9175 1.301105244462973e-6
9176 1.3012734728868867e-6
9177 1.302008871984504e-6
9178 1.3018742891231366e-6
9179 1.3012109880961056e-6
9180 1.3015586607426301e-6
9181 1.301403249413942e-6
9182 1.3013151298215284e-6
9183 1.302468697117365e-6
9184 1.303189676600865e-6
9185 1.303189676600865e-6
9186 1.303189676600865e-6
9187 1.303189676600865e-6
9188 1.303189676600865e-6
9189 1.303189676600865e-6
9190 1.303189676600865e-6
9191 1.303189676600865e-6
9192 1.303189676600865e-6
9193 1.303189676600865e-6
9194 1.303848170682402e-6
9195 1.303848170682402e-6
9196 1.303848170682402e-6
9197 1.303848170682402e-6
9198 1.303848170682402e-6
9199 1.3042262844648712e-6
9200 1.3041846281414112e-6
9201 1.3041846281414112e-6
9202 1.3041846281414112e-6
9203 1.3059486243421211e-6
9204 1.3057980199589266e-6
9205 1.306047959733232e-6
9206 1.306270662187013e-6
9207 1.3072688181541612e-6
9208 1.307310475088803e-6
9209 1.3074194231485376e-6
9210 1.3065734740834758e-6
9211 1.307211139697692e-6
9212 1.307749471143161e-6
9213 1.3073809706404975e-6
9214 1.3078439995887784e-6
9215 1.3070973853036457e-6
9216 1.3067400999884976e-6
9217 1.3066279468909794e-6
9218 1.3065318165376522e-6
9219 1.3071790960428558e-6
9220 1.3075684250128403e-6
9221 1.307529973115982e-6
9222 1.3097249546101365e-6
9223 1.3097249546101365e-6
9224 1.3097249546101365e-6
9225 1.3097249546101365e-6
9226 1.3108689092373492e-6
9227 1.3111204503081829e-6
9228 1.311317517960331e-6
9229 1.3112822704900747e-6
9230 1.3112822704900747e-6
9231 1.3112822704900747e-6
9232 1.3114585102860838e-6
9233 1.312155456875661e-6
9234 1.3136647081901175e-6
9235 1.3144049130108647e-6
9236 1.3142495016821766e-6
9237 1.3165342058988183e-6
9238 1.3174570593687783e-6
9239 1.3185930032350774e-6
9240 1.3193764681205402e-6
9241 1.3219287355410249e-6
9242 1.3211693035494848e-6
9243 1.3220729316821976e-6
9244 1.3218149805357965e-6
9245 1.3214753192613674e-6
9246 1.3215169761960093e-6
9247 1.3215169761960093e-6
9248 1.3215169761960093e-6
9249 1.3215169761960093e-6
9250 1.3215169761960093e-6
9251 1.3215169761960093e-6
9252 1.3215169761960093e-6
9253 1.3215169761960093e-6
9254 1.3232985964374384e-6
9255 1.3232985964374384e-6
9256 1.3232985964374384e-6
9257 1.3240724480430957e-6
9258 1.323966704409963e-6
9259 1.3244297339694258e-6
9260 1.3243896789424938e-6
9261 1.3242807302715773e-6
9262 1.3242807302715773e-6
9263 1.3249119882549538e-6
9264 1.3251202710946174e-6
9265 1.3251987774072254e-6
9266 1.3253910393362438e-6
9267 1.3248318800346356e-6
9268 1.324766190206071e-6
9269 1.3246556402386266e-6
9270 1.3246556402386266e-6
9271 1.325102648276262e-6
9272 1.325102648276262e-6
9273 1.3256602056701602e-6
9274 1.3256810341374812e-6
9275 1.3255672797434347e-6
9276 1.325463138018012e-6
9277 1.3258332416507492e-6
9278 1.3260126852621783e-6
9279 1.3260126852621783e-6
9280 1.3262433990880547e-6
9281 1.3262882604492983e-6
9282 1.3262882604492983e-6
9283 1.3277190048399648e-6
9284 1.3282925837556901e-6
9285 1.3285601469595328e-6
9286 1.3290055518670947e-6
9287 1.328723568437953e-6
9288 1.3285120811716874e-6
9289 1.328484843851163e-6
9290 1.328484843851163e-6
9291 1.328484843851163e-6
9292 1.328484843851163e-6
9293 1.328484843851163e-6
9294 1.328484843851163e-6
9295 1.3290952727560365e-6
9296 1.329726530739413e-6
9297 1.3291497467859038e-6
9298 1.329265103698842e-6
9299 1.3288613545035584e-6
9300 1.3288613545035584e-6
9301 1.3304010463427775e-6
9302 1.332014438160293e-6
9303 1.3354687311945983e-6
9304 1.3365854478901047e-6
9305 1.336535780805731e-6
9306 1.3365694263682773e-6
9307 1.3370004122729037e-6
9308 1.3369699705257773e-6
9309 1.3368017421018636e-6
9310 1.3367809136345426e-6
9311 1.3369988097540117e-6
9312 1.3367648915015334e-6
9313 1.337032455316558e-6
9314 1.3370340578354498e-6
9315 1.3372183083923726e-6
9316 1.3366158890260488e-6
9317 1.336772902262447e-6
9318 1.3362586037109007e-6
9319 1.3362618087486843e-6
9320 1.3365133504306997e-6
9321 1.3362602062297925e-6
9322 1.3362602062297925e-6
9323 1.3372070925936752e-6
9324 1.3369988097540117e-6
9325 1.3366463301619933e-6
9326 1.3366463301619933e-6
9327 1.3368305801077341e-6
9328 1.3368305801077341e-6
9329 1.3368305801077341e-6
9330 1.3372038875558915e-6
9331 1.337716584199728e-6
9332 1.337695755732407e-6
9333 1.3383013783029687e-6
9334 1.338397508656296e-6
9335 1.3383686694280614e-6
9336 1.3379633189362495e-6
9337 1.3378095101264532e-6
9338 1.3379408891724006e-6
9339 1.3386634711747924e-6
9340 1.338392702933166e-6
9341 1.3394725696395242e-6
9342 1.340703041340259e-6
9343 1.3409722070629935e-6
9344 1.3412221468372989e-6
9345 1.3411308228182833e-6
9346 1.340977014008487e-6
9347 1.340977014008487e-6
9348 1.340977014008487e-6
9349 1.342998961355598e-6
9350 1.342998961355598e-6
9351 1.342998961355598e-6
9352 1.342998961355598e-6
9353 1.342998961355598e-6
9354 1.342998961355598e-6
9355 1.3440868388228697e-6
9356 1.3440868388228697e-6
9357 1.3448590885208171e-6
9358 1.344681246817098e-6
9359 1.3449840574911969e-6
9360 1.344980853064595e-6
9361 1.344980853064595e-6
9362 1.3459069109611568e-6
9363 1.3461712703495797e-6
9364 1.346188893779117e-6
9365 1.3457979629014225e-6
9366 1.3458139850344316e-6
9367 1.3457322736840396e-6
9368 1.345942159042595e-6
9369 1.345942159042595e-6
9370 1.345942159042595e-6
9371 1.345942159042595e-6
9372 1.3464420385912059e-6
9373 1.348718732658116e-6
9374 1.3486754738157643e-6
9375 1.348260510044147e-6
9376 1.348260510044147e-6
9377 1.3485440953809987e-6
9378 1.348742764940857e-6
9379 1.3498066107365695e-6
9380 1.3494044646713596e-6
9381 1.349021543943397e-6
9382 1.349021543943397e-6
9383 1.349021543943397e-6
9384 1.3501078195029587e-6
9385 1.3504458788696777e-6
9386 1.350484330766536e-6
9387 1.3500917973699497e-6
9388 1.3500773777558325e-6
9389 1.3497329095359097e-6
9390 1.349905945516499e-6
9391 1.3508207888367272e-6
9392 1.3503177042503324e-6
9393 1.350644549040718e-6
9394 1.3505452136496072e-6
9395 1.3503801896522955e-6
9396 1.3502584238861537e-6
9397 1.3502584238861537e-6
9398 1.3512501710000981e-6
9399 1.3512501710000981e-6
9400 1.3512501710000981e-6
9401 1.352517492078799e-6
9402 1.352517492078799e-6
9403 1.352953284928919e-6
9404 1.353454765774058e-6
9405 1.3542462408092526e-6
9406 1.35457629002624e-6
9407 1.3563082425721135e-6
9408 1.3563082425721135e-6
9409 1.3563082425721135e-6
9410 1.3563082425721135e-6
9411 1.3567232063437308e-6
9412 1.3567232063437308e-6
9413 1.3575675535010827e-6
9414 1.35778224519395e-6
9415 1.3577774388596381e-6
9416 1.3572551289359964e-6
9417 1.3570500505229346e-6
9418 1.3575611446478792e-6
9419 1.3580946697590366e-6
9420 1.3580466039711912e-6
9421 1.3573304308220029e-6
9422 1.3575851769306202e-6
9423 1.357187837810904e-6
9424 1.357913622406352e-6
9425 1.3581683691261513e-6
9426 1.3578431274658395e-6
9427 1.3578431274658395e-6
9428 1.3592434294981976e-6
9429 1.3598122026907932e-6
9430 1.359855462144327e-6
9431 1.360177498766855e-6
9432 1.3604034062584196e-6
9433 1.3610298572963023e-6
9434 1.3627313687062313e-6
9435 1.3627313687062313e-6
9436 1.3627313687062313e-6
9437 1.3627313687062313e-6
9438 1.3627313687062313e-6
9439 1.3627313687062313e-6
9440 1.3629700932930213e-6
9441 1.3633546153175122e-6
9442 1.363777589850043e-6
9443 1.3640307340509502e-6
9444 1.364291889012771e-6
9445 1.3650721488604502e-6
9446 1.3669418899166567e-6
9447 1.3669418899166567e-6
9448 1.3673071866039004e-6
9449 1.3678455174381876e-6
9450 1.3685312494514314e-6
9451 1.3712277124019068e-6
9452 1.3712277124019068e-6
9453 1.3712277124019068e-6
9454 1.3712277124019068e-6
9455 1.3712277124019068e-6
9456 1.3712277124019068e-6
9457 1.3712277124019068e-6
9458 1.3712277124019068e-6
9459 1.3716747192171786e-6
9460 1.3718493571054778e-6
9461 1.371786871703515e-6
9462 1.371945487458805e-6
9463 1.371945487458805e-6
9464 1.371945487458805e-6
9465 1.371945487458805e-6
9466 1.371945487458805e-6
9467 1.371945487458805e-6
9468 1.371945487458805e-6
9469 1.371945487458805e-6
9470 1.371945487458805e-6
9471 1.371945487458805e-6
9472 1.371945487458805e-6
9473 1.371945487458805e-6
9474 1.3729164067166104e-6
9475 1.3728971801569994e-6
9476 1.3728971801569994e-6
9477 1.3728971801569994e-6
9478 1.373804012105132e-6
9479 1.3743535587381166e-6
9480 1.3742365999174684e-6
9481 1.374183728406493e-6
9482 1.3741741151266875e-6
9483 1.3737078817518048e-6
9484 1.3739209709257803e-6
9485 1.3739209709257803e-6
9486 1.3739209709257803e-6
9487 1.374005886091592e-6
9488 1.3752972406753975e-6
9489 1.3752427666455303e-6
9490 1.3746195200342494e-6
9491 1.3744641087055613e-6
9492 1.3749143205586168e-6
9493 1.3749143205586168e-6
9494 1.3749143205586168e-6
9495 1.3749143205586168e-6
9496 1.3749143205586168e-6
9497 1.3752972406753977e-6
9498 1.3756080627215923e-6
9499 1.3756080627215923e-6
9500 1.3761191574577186e-6
9501 1.3769635046150705e-6
9502 1.376776049631546e-6
9503 1.3770452159654625e-6
9504 1.3772551019351998e-6
9505 1.3776460328128942e-6
9506 1.3781042554268634e-6
9507 1.3782452471414343e-6
9508 1.3789998727986625e-6
9509 1.3788300412446753e-6
9510 1.3788588810840918e-6
9511 1.3793251138477927e-6
9512 1.3812349093197491e-6
9513 1.3817988743444872e-6
9514 1.3817988743444872e-6
9515 1.3825502961862956e-6
9516 1.3825502961862956e-6
9517 1.3825502961862956e-6
9518 1.3825502961862956e-6
9519 1.3825502961862956e-6
9520 1.3825502961862956e-6
9521 1.3825502961862956e-6
9522 1.3840883861178047e-6
9523 1.3841749038025084e-6
9524 1.3844969410362183e-6
9525 1.3844889302753047e-6
9526 1.384226172794592e-6
9527 1.3847468808105238e-6
9528 1.3841492683896938e-6
9529 1.3842325822589776e-6
9530 1.3841348493867585e-6
9531 1.3854342147314777e-6
9532 1.3867431927448204e-6
9533 1.388210787124635e-6
9534 1.388210787124635e-6
9535 1.388210787124635e-6
9536 1.388210787124635e-6
9537 1.3897632960590793e-6
9538 1.389731252404243e-6
9539 1.390431403420422e-6
9540 1.3898562225969865e-6
9541 1.3904233932706902e-6
9542 1.3904618451675485e-6
9543 1.3912933746184929e-6
9544 1.3931262650743692e-6
9545 1.3931262650743692e-6
9546 1.3938408357046657e-6
9547 1.3938408357046657e-6
9548 1.39423176658236e-6
9549 1.3945233626801255e-6
9550 1.394273423517002e-6
9551 1.394273423517002e-6
9552 1.394273423517002e-6
9553 1.394273423517002e-6
9554 1.394273423517002e-6
9555 1.394273423517002e-6
9556 1.3954494211878692e-6
9557 1.3952571598700328e-6
9558 1.3951145668589339e-6
9559 1.3957217907260238e-6
9560 1.3956304673181902e-6
9561 1.3952635687232365e-6
9562 1.3955070996443384e-6
9563 1.3955070996443384e-6
9564 1.3955070996443384e-6
9565 1.395936483641255e-6
9566 1.3962296816467303e-6
9567 1.3961976379918939e-6
9568 1.3967279586764493e-6
9569 1.3970419851492456e-6
9570 1.3965148695024739e-6
9571 1.3961655937258756e-6
9572 1.3960870874132675e-6
9573 1.396397910070644e-6
9574 1.3959957633942522e-6
9575 1.3959957633942522e-6
9576 1.3959957633942522e-6
9577 1.3966077948180176e-6
9578 1.3970900503259095e-6
9579 1.3966654738856686e-6
9580 1.397059608578783e-6
9581 1.3986890225293075e-6
9582 1.3987643250264958e-6
9583 1.3997865132763848e-6
9584 1.4012092469061375e-6
9585 1.4012092469061375e-6
9586 1.4012092469061375e-6
9587 1.4012092469061375e-6
9588 1.4012092469061375e-6
9589 1.4012092469061375e-6
9590 1.4012092469061375e-6
9591 1.4012092469061375e-6
9592 1.4012092469061375e-6
9593 1.4012092469061375e-6
9594 1.4012092469061375e-6
9595 1.4012092469061375e-6
9596 1.4012092469061375e-6
9597 1.4025566774275202e-6
9598 1.4024861812646439e-6
9599 1.402340383215761e-6
9600 1.4027905950688166e-6
9601 1.402377233816091e-6
9602 1.402377233816091e-6
9603 1.402377233816091e-6
9604 1.4029540171584184e-6
9605 1.4031847309842947e-6
9606 1.4041380262013811e-6
9607 1.403681405495122e-6
9608 1.4043270830926158e-6
9609 1.4032087632670357e-6
9610 1.4030982132995913e-6
9611 1.404126811013866e-6
9612 1.4035532314869587e-6
9613 1.4031270525278259e-6
9614 1.4031270525278259e-6
9615 1.4031270525278259e-6
9616 1.403844827584724e-6
9617 1.4037294712829677e-6
9618 1.4037727295141376e-6
9619 1.4033529594082086e-6
9620 1.4033529594082086e-6
9621 1.4033529594082086e-6
9622 1.4033529594082086e-6
9623 1.4038496339190358e-6
9624 1.4042389628890203e-6
9625 1.4042389628890203e-6
9626 1.4051810423074094e-6
9627 1.4051810423074094e-6
9628 1.4065476981660392e-6
9629 1.4059580971173046e-6
9630 1.40600616290515e-6
9631 1.4070507821412519e-6
9632 1.4090583098742456e-6
9633 1.4090583098742456e-6
9634 1.4102551354012519e-6
9635 1.410791864327829e-6
9636 1.4107053472543074e-6
9637 1.4107037453465974e-6
9638 1.4115801355476038e-6
9639 1.4111090964495912e-6
9640 1.4133505412126994e-6
9641 1.413217560870224e-6
9642 1.4132399912452548e-6
9643 1.4133393260251838e-6
9644 1.4137190417153628e-6
9645 1.4145713996336284e-6
9646 1.4159540776252675e-6
9647 1.4166718532933476e-6
9648 1.4166718532933476e-6
9649 1.4173319505049585e-6
9650 1.4177084623797177e-6
9651 1.418144254007474e-6
9652 1.4205763594030724e-6
9653 1.4207365764548905e-6
9654 1.422763330747495e-6
9655 1.423429834978764e-6
9656 1.4233272951610513e-6
9657 1.4235371805196066e-6
9658 1.4238191639487485e-6
9659 1.4236621501011685e-6
9660 1.423812755095545e-6
9661 1.4243751194349367e-6
9662 1.4256312253261221e-6
9663 1.426613359160261e-6
9664 1.426613359160261e-6
9665 1.426613359160261e-6
9666 1.426613359160261e-6
9667 1.4267783831575728e-6
9668 1.4267783831575728e-6
9669 1.4271661102198474e-6
9670 1.4271661102198474e-6
9671 1.4271661102198474e-6
9672 1.4271661102198474e-6
9673 1.4271661102198474e-6
9674 1.4271661102198474e-6
9675 1.4271661102198474e-6
9676 1.4271661102198474e-6
9677 1.428050512404131e-6
9678 1.427789358053492e-6
9679 1.428175481985693e-6
9680 1.4280905668198811e-6
9681 1.4280905668198811e-6
9682 1.4280905668198811e-6
9683 1.4293739094204093e-6
9684 1.4292825860125756e-6
9685 1.4288083418767793e-6
9686 1.4291111525508783e-6
9687 1.4296446776620357e-6
9688 1.4291111525508783e-6
9689 1.4292665638795664e-6
9690 1.4301461585071745e-6
9691 1.4304858203927854e-6
9692 1.4303191938765818e-6
9693 1.4302502996214155e-6
9694 1.4308094595342055e-6
9695 1.4330989700851592e-6
9696 1.4347972770684864e-6
9697 1.4345729727069955e-6
9698 1.4341307722260356e-6
9699 1.4337927128593166e-6
9700 1.4339945874569583e-6
9701 1.4336597319056591e-6
9702 1.4334706750144245e-6
9703 1.4344848537257637e-6
9704 1.4366061358528036e-6
9705 1.4366061358528036e-6
9706 1.4366061358528036e-6
9707 1.4366061358528036e-6
9708 1.4366061358528036e-6
9709 1.4366061358528036e-6
9710 1.4366061358528036e-6
9711 1.4366061358528036e-6
9712 1.4366061358528036e-6
9713 1.4366061358528036e-6
9714 1.4366061358528036e-6
9715 1.4366061358528036e-6
9716 1.4366061358528036e-6
9717 1.4366061358528036e-6
9718 1.4366798358311e-6
9719 1.437259823600029e-6
9720 1.4367871813719427e-6
9721 1.4376251196760909e-6
9722 1.4379119094395446e-6
9723 1.43836372320031e-6
9724 1.4381041707573808e-6
9725 1.4385383604774273e-6
9726 1.4385143281946865e-6
9727 1.4383557124393964e-6
9728 1.4383957668551464e-6
9729 1.438804322384742e-6
9730 1.4393730949661556e-6
9731 1.4393314380315137e-6
9732 1.4394211595316372e-6
9733 1.4392849747625599e-6
9734 1.4396486695420937e-6
9735 1.4418019941016064e-6
9736 1.4418019941016064e-6
9737 1.4428386025767945e-6
9738 1.4429571639163346e-6
9739 1.4429571639163346e-6
9740 1.4429571639163346e-6
9741 1.4429571639163346e-6
9742 1.4429571639163346e-6
9743 1.4429571639163346e-6
9744 1.4429571639163346e-6
9745 1.4429571639163346e-6
9746 1.4429571639163346e-6
9747 1.4429571639163346e-6
9748 1.4429571639163346e-6
9749 1.4435019042150074e-6
9750 1.4446266322826093e-6
9751 1.4464515119775722e-6
9752 1.4477668988441184e-6
9753 1.4475938634747111e-6
9754 1.4472077389313284e-6
9755 1.4472429870127666e-6
9756 1.447633917890461e-6
9757 1.4477861247925473e-6
9758 1.4485872131075474e-6
9759 1.4482651758738375e-6
9760 1.4480809253169147e-6
9761 1.4483196499037047e-6
9762 1.4486464934717266e-6
9763 1.447915901319603e-6
9764 1.447776511512742e-6
9765 1.4485343409853903e-6
9766 1.4487698617567605e-6
9767 1.4484910821430385e-6
9768 1.4486753333111431e-6
9769 1.4486753333111431e-6
9770 1.4489108534713314e-6
9771 1.4494107324087605e-6
9772 1.4489156598056433e-6
9773 1.4489156598056433e-6
9774 1.4489156598056433e-6
9775 1.4489156598056433e-6
9776 1.4489156598056433e-6
9777 1.4489156598056433e-6
9778 1.4489156598056433e-6
9779 1.4489156598056433e-6
9780 1.4489156598056433e-6
9781 1.4489156598056433e-6
9782 1.4489156598056433e-6
9783 1.4489156598056433e-6
9784 1.4494652070498097e-6
9785 1.4494652070498097e-6
9786 1.450017958109396e-6
9787 1.4505803224487878e-6
9788 1.450458556682646e-6
9789 1.4500243669625998e-6
9790 1.4504938047640844e-6
9791 1.4500756365658653e-6
9792 1.4500756365658653e-6
9793 1.4500756365658653e-6
9794 1.4500756365658653e-6
9795 1.4500756365658653e-6
9796 1.4500756365658653e-6
9797 1.4500756365658653e-6
9798 1.4503944693729735e-6
9799 1.4503944693729735e-6
9800 1.4511106425221617e-6
9801 1.4507613679679273e-6
9802 1.4507613679679273e-6
9803 1.4507613679679273e-6
9804 1.4507613679679273e-6
9805 1.4513013013211063e-6
9806 1.451450303185409e-6
9807 1.451408646861949e-6
9808 1.4526295058940599e-6
9809 1.4526839793127452e-6
9810 1.452602269184717e-6
9811 1.4527544754756215e-6
9812 1.4557553528414516e-6
9813 1.4557553528414516e-6
9814 1.4566493676943588e-6
9815 1.4569121245638896e-6
9816 1.4572838294931552e-6
9817 1.4571524504472079e-6
9818 1.4577452565337261e-6
9819 1.4576731584631397e-6
9820 1.4576347059550996e-6
9821 1.4576763622785595e-6
9822 1.457543382547266e-6
9823 1.458124972223905e-6
9824 1.4587289922755748e-6
9825 1.4602382423676674e-6
9826 1.460645195378371e-6
9827 1.4611178369952756e-6
9828 1.4613485508211519e-6
9829 1.4613998204244174e-6
9830 1.4610281154951518e-6
9831 1.4608486712725408e-6
9832 1.4608486712725408e-6
9833 1.4608486712725408e-6
9834 1.4608486712725408e-6
9835 1.461205956587689e-6
9836 1.4619509683539297e-6
9837 1.4612203762018061e-6
9838 1.4611370629437042e-6
9839 1.4615408109166242e-6
9840 1.4612908723646824e-6
9841 1.4611995477344852e-6
9842 1.4621752739377844e-6
9843 1.46257902374425e-6
9844 1.46282255405417e-6
9845 1.4632743684261173e-6
9846 1.4634890601189846e-6
9847 1.4637886669776637e-6
9848 1.46422125479e-6
9849 1.4663329230260528e-6
9850 1.4678245490774264e-6
9851 1.4673759403544446e-6
9852 1.4673759403544446e-6
9853 1.469290541549531e-6
9854 1.469290541549531e-6
9855 1.469290541549531e-6
9856 1.469290541549531e-6
9857 1.469290541549531e-6
9858 1.4699730679138091e-6
9859 1.469692687614741e-6
9860 1.4698497008511393e-6
9861 1.469516447818732e-6
9862 1.469516447818732e-6
9863 1.469516447818732e-6
9864 1.4701284792424975e-6
9865 1.4707933827884203e-6
9866 1.4708094043102476e-6
9867 1.4712580136444113e-6
9868 1.4708782979542323e-6
9869 1.4700740052126304e-6
9870 1.4700740052126304e-6
9871 1.4703543861228804e-6
9872 1.4708270283509668e-6
9873 1.4708270283509668e-6
9874 1.4708270283509668e-6
9875 1.4709584067857322e-6
9876 1.4719117020028186e-6
9877 1.4717178381660904e-6
9878 1.4716938058833496e-6
9879 1.4721151785081705e-6
9880 1.471964574124976e-6
9881 1.472108769654967e-6
9882 1.4718251837069333e-6
9883 1.4716201059050534e-6
9884 1.4714935338045997e-6
9885 1.4719133039105288e-6
9886 1.4726438966738343e-6
9887 1.4722705898368588e-6
9888 1.4719052931496151e-6
9889 1.4726519080459297e-6
9890 1.4722962240273095e-6
9891 1.4724436245950842e-6
9892 1.4726230682065133e-6
9893 1.4723490955382852e-6
9894 1.472216114584628e-6
9895 1.472216114584628e-6
9896 1.4725333454840262e-6
9897 1.47286179157094e-6
9898 1.4727544460300972e-6
9899 1.4733664774538627e-6
9900 1.4729579219242672e-6
9901 1.4728906307991745e-6
9902 1.4724468284105047e-6
9903 1.4724468284105047e-6
9904 1.472640691636051e-6
9905 1.472640691636051e-6
9906 1.4728153289131682e-6
9907 1.4735635457171927e-6
9908 1.4733600692118409e-6
9909 1.4735202868748409e-6
9910 1.4738839804320108e-6
9911 1.4739288417932545e-6
9912 1.4743406011382699e-6
9913 1.4763753661917881e-6
9914 1.4763753661917881e-6
9915 1.4763753661917881e-6
9916 1.4763753661917881e-6
9917 1.4769873976155536e-6
9918 1.477197282974109e-6
9919 1.4780304143327635e-6
9920 1.4788154811259363e-6
9921 1.4788154811259363e-6
9922 1.4798488851745227e-6
9923 1.4797815928270662e-6
9924 1.480284676802279e-6
9925 1.4800683832017018e-6
9926 1.4796389998159673e-6
9927 1.4802125787316926e-6
9928 1.4798216472428163e-6
9929 1.4802494293320228e-6
9930 1.4810328929951218e-6
9931 1.4833592535352236e-6
9932 1.4833592535352236e-6
9933 1.4833592535352236e-6
9934 1.4833592535352236e-6
9935 1.4833592535352236e-6
9936 1.4833592535352236e-6
9937 1.4833592535352236e-6
9938 1.484070619738918e-6
9939 1.4847034802411864e-6
9940 1.4847098890943899e-6
9941 1.4847691688473871e-6
9942 1.4855478267873564e-6
9943 1.485853842499239e-6
9944 1.4857705292411371e-6
9945 1.4857705292411371e-6
9946 1.4865251548983653e-6
9947 1.4869224946292635e-6
9948 1.4869224946292635e-6
9949 1.4869224946292635e-6
9950 1.4869224946292635e-6
9951 1.487415964713489e-6
9952 1.4876034190858317e-6
9953 1.4877876702539364e-6
9954 1.4878068955911836e-6
9955 1.4878068955911836e-6
9956 1.4878068955911836e-6
9957 1.4878068955911836e-6
9958 1.4878068955911836e-6
9959 1.488777815460171e-6
9960 1.4886304155035782e-6
9961 1.4885727364359272e-6
9962 1.4881930207457482e-6
9963 1.4886752762536401e-6
9964 1.4882346770692082e-6
9965 1.488599973756452e-6
9966 1.4895516652322827e-6
9967 1.4900883947700419e-6
9968 1.4900883947700419e-6
9969 1.4920815022777363e-6
9970 1.492124761120088e-6
9971 1.4920750940357145e-6
9972 1.4924516052992917e-6
9973 1.4923506686116525e-6
9974 1.492983527891557e-6
9975 1.4928890000571216e-6
9976 1.4927095564456925e-6
9977 1.493175790431757e-6
9978 1.4924868539919115e-6
9979 1.4931197138829977e-6
9980 1.492933862029547e-6
9981 1.4937461655320625e-6
9982 1.494619350695285e-6
9983 1.4943998532792878e-6
9984 1.494478359591896e-6
9985 1.4947907841569824e-6
9986 1.4952794479068961e-6
9987 1.4966557176565134e-6
9988 1.4968591941618653e-6
9989 1.497126757365708e-6
9990 1.4975192907622942e-6
9991 1.4983444113600351e-6
9992 1.5001244296937543e-6
9993 1.5001244296937543e-6
9994 1.5001244296937543e-6
9995 1.5001244296937543e-6
9996 1.5001244296937543e-6
9997 1.5007412674518315e-6
9998 1.5007636978268624e-6
9999 1.5007076218892852e-6
10000 1.5006771807533406e-6
10001 1.5003759719869516e-6
