Info) VMD for LINUXAMD64, version 1.9.4a12 (December 21, 2017)
Info) http://www.ks.uiuc.edu/Research/vmd/                         
Info) Email questions and bug reports to vmd@ks.uiuc.edu           
Info) Please include this reference in published work using VMD:   
Info)    Humphrey, W., Dalke, A. and Schulten, K., `VMD - Visual   
Info)    Molecular Dynamics', J. Molec. Graphics 1996, 14.1, 33-38.
Info) -------------------------------------------------------------
Info) Multithreading available, 32 CPUs detected.
Info)   CPU features: SSE2 AVX AVX2 FMA AVX512F AVX512CD 
Info) Free system memory: 55GB (88%)
Info) Creating CUDA device pool and initializing hardware...
Info) Detected 4 available CUDA accelerators:
Info) [0] NVIDIA GeForce GTX 1080 Ti 28 SM_6.1 1.58 GHz, 11GB RAM, AE2, ZCP
Info) [1] NVIDIA GeForce GTX 1080 Ti 28 SM_6.1 1.58 GHz, 11GB RAM, AE2, ZCP
Info) [2] NVIDIA GeForce GTX 1080 Ti 28 SM_6.1 1.58 GHz, 11GB RAM, AE2, ZCP
Info) [3] NVIDIA GeForce GTX 1080 Ti 28 SM_6.1 1.58 GHz, 11GB RAM, AE2, ZCP
Info) Detected 4 available TachyonL/OptiX ray tracing accelerators
Info)   Compiling 1 OptiX shaders on 4 target GPUs...
Info) Dynamically loaded 3 plugins in directory:
Info) /usr/local/lib/vmd/plugins/LINUXAMD64/molfile
10
file58
file59
file60
Info) Using plugin pdb for structure file ../traj-fit-nodt.pdb
Info) Using plugin pdb for coordinates from file ../traj-fit-nodt.pdb
Info) Determining bond structure from distance search ...
Info) Finished with coordinate file ../traj-fit-nodt.pdb.
Info) Analyzing structure ...
Info)    Atoms: 61404
Info)    Bonds: 48290
Info)    Angles: 0  Dihedrals: 0  Impropers: 0  Cross-terms: 0
Info)    Bondtypes: 0  Angletypes: 0  Dihedraltypes: 0  Impropertypes: 0
Info)    Residues: 13646
Info)    Waters: 12756
Warning) Unusual bond between residues:  114 (none) and 3861 (waters)
Warning) Unusual bond between residues:  142 (none) and 91 (waters)
Warning) Unusual bond between residues:  151 (none) and 8703 (waters)
Warning) Unusual bond between residues:  188 (none) and 6647 (waters)
Warning) Unusual bond between residues:  463 (none) and 2910 (waters)
Warning) Unusual bond between residues:  476 (none) and 4909 (waters)
Warning) Unusual bond between residues:  479 (none) and 717 (waters)
Warning) Unusual bond between residues:  481 (none) and 1466 (waters)
Warning) Unusual bond between residues:  596 (none) and 944 (waters)
Info)    Segments: 1
Info)    Fragments: 13365   Protein: 6   Nucleic: 0
0
atomselect0
37.826358795166016 37.830013275146484 57.55399703979492
57.55399703979492
67.55399703979492
47.55399703979492
atomselect1
22907 22908 22909 22910 22911 22912 22913 22914 22915 22916 22917 22918 22919 22920 22921 22922 22923 22924 22925 22926 22927 22928 22929 22930 22931 22932 22933 22934 22935 22936 22937 22938 22939 22940 22941 22942 22943 22944 22945 22946 22947 22948 22949 22950 22951 22952 22953 22954 22955 22956 22957 22958 22959 22960 22961 22962 22963 22964 22965 22966 22967 22968 22969 22970 22971 22972 22973 22974 22975 22976 22977 22978 22979 22980 22981 22982 22983 22984 22985 22986 22987 22988 22989 22990 22991 22992 22993 22994 22995 22996 22997 22998 22999 23000 23001 23002 23003 23004 23005 23006 23007 23008 23009 23010 23011 23012 23013 23014 23015 23016 23017 23018 23019 23020 23021 23022 23023 23024 23025 23026 23027 23028 23029 23030 23031 23032 23033 23034 23035 23036 23037 23038 23039 23040 23041 23042 23043 23044 23045 23046 23047 23048 23049 23050 23051 23052 23053 23054 23055 23056 23057 23058 23059 23060 23061 23062 23063 23064 23065 23066 23067 23068 23069 23070 23071 23072 23073 23074 23075 23076 23077 23078 23079 23080 23081 23082 23083 23084 23085 23086 23087 23088 23089 23090 23091 23092 23093 23094 23095 23096 23097 23098 23099 23100 23101 23102 23103 23104 23105 23106 23107 23108 23109 23110 23111 23112 23113 23114 23115 23116 23117 23118 23119 23120 23121 23122 23123 23124 23125 23126 23127 23128 23129 23130 23131 23132 23133 23134 23135
0
0
0
Info) Using plugin xtc for coordinates from file ../traj-fit-nodt.xtc
Done with frame 1
after#0
vmd > Done with frame 2
Done with frame 3
Done with frame 4
Done with frame 5
Done with frame 6
Done with frame 7
Done with frame 8
Done with frame 9
Done with frame 10
Done with frame 11
Done with frame 12
Done with frame 13
Done with frame 14
Done with frame 15
Done with frame 16
Done with frame 17
Done with frame 18
Done with frame 19
Done with frame 20
Done with frame 21
Done with frame 22
Done with frame 23
Done with frame 24
Done with frame 25
Done with frame 26
Done with frame 27
Done with frame 28
Done with frame 29
Done with frame 30
Done with frame 31
Done with frame 32
Done with frame 33
Done with frame 34
Done with frame 35
Done with frame 36
Done with frame 37
Done with frame 38
Done with frame 39
Done with frame 40
Done with frame 41
Done with frame 42
Done with frame 43
Done with frame 44
Done with frame 45
Done with frame 46
Done with frame 47
Done with frame 48
Done with frame 49
Done with frame 50
Done with frame 51
Done with frame 52
Done with frame 53
Done with frame 54
Done with frame 55
Done with frame 56
Done with frame 57
Done with frame 58
Done with frame 59
Done with frame 60
Done with frame 61
Done with frame 62
Done with frame 63
Done with frame 64
Done with frame 65
Done with frame 66
Done with frame 67
Done with frame 68
Done with frame 69
Done with frame 70
Done with frame 71
Done with frame 72
Done with frame 73
Done with frame 74
Done with frame 75
Done with frame 76
Done with frame 77
Done with frame 78
Done with frame 79
Done with frame 80
Done with frame 81
Done with frame 82
Done with frame 83
Done with frame 84
Done with frame 85
Done with frame 86
Done with frame 87
Done with frame 88
Done with frame 89
Done with frame 90
Done with frame 91
Done with frame 92
Done with frame 93
Done with frame 94
Done with frame 95
Done with frame 96
Done with frame 97
Done with frame 98
Done with frame 99
Done with frame 100
Done with frame 101
Done with frame 102
Done with frame 103
Done with frame 104
Done with frame 105
Done with frame 106
Done with frame 107
Done with frame 108
Done with frame 109
Done with frame 110
Done with frame 111
Done with frame 112
Done with frame 113
Done with frame 114
Done with frame 115
Done with frame 116
Done with frame 117
Done with frame 118
Done with frame 119
Done with frame 120
Done with frame 121
Done with frame 122
Done with frame 123
Done with frame 124
Done with frame 125
Done with frame 126
Done with frame 127
Done with frame 128
Done with frame 129
Done with frame 130
Done with frame 131
Done with frame 132
Done with frame 133
Done with frame 134
Done with frame 135
Done with frame 136
Done with frame 137
Done with frame 138
Done with frame 139
Done with frame 140
Done with frame 141
Done with frame 142
Done with frame 143
Done with frame 144
Done with frame 145
Done with frame 146
Done with frame 147
Done with frame 148
Done with frame 149
Done with frame 150
Done with frame 151
Done with frame 152
Done with frame 153
Done with frame 154
Done with frame 155
Done with frame 156
Done with frame 157
Done with frame 158
Done with frame 159
Done with frame 160
Done with frame 161
Done with frame 162
Done with frame 163
Done with frame 164
Done with frame 165
Done with frame 166
Done with frame 167
Done with frame 168
Done with frame 169
Done with frame 170
Done with frame 171
Done with frame 172
Done with frame 173
Done with frame 174
Done with frame 175
Done with frame 176
Done with frame 177
Done with frame 178
Done with frame 179
Done with frame 180
Done with frame 181
Done with frame 182
Done with frame 183
Done with frame 184
Done with frame 185
Done with frame 186
Done with frame 187
Done with frame 188
Done with frame 189
Done with frame 190
Done with frame 191
Done with frame 192
Done with frame 193
Done with frame 194
Done with frame 195
Done with frame 196
Done with frame 197
Done with frame 198
Done with frame 199
Done with frame 200
Done with frame 201
Done with frame 202
Done with frame 203
Done with frame 204
Done with frame 205
Done with frame 206
Done with frame 207
Done with frame 208
Done with frame 209
Done with frame 210
Done with frame 211
Done with frame 212
Done with frame 213
Done with frame 214
Done with frame 215
Done with frame 216
Done with frame 217
Done with frame 218
Done with frame 219
Done with frame 220
Done with frame 221
Done with frame 222
Done with frame 223
Done with frame 224
Done with frame 225
Done with frame 226
Done with frame 227
Done with frame 228
Done with frame 229
Done with frame 230
Done with frame 231
Done with frame 232
Done with frame 233
Done with frame 234
Done with frame 235
Done with frame 236
Done with frame 237
Done with frame 238
Done with frame 239
Done with frame 240
Done with frame 241
Done with frame 242
Done with frame 243
Done with frame 244
Done with frame 245
Done with frame 246
Done with frame 247
Done with frame 248
Done with frame 249
Done with frame 250
Done with frame 251
Done with frame 252
Done with frame 253
Done with frame 254
Done with frame 255
Done with frame 256
Done with frame 257
Done with frame 258
Done with frame 259
Done with frame 260
Done with frame 261
Done with frame 262
Done with frame 263
Done with frame 264
Done with frame 265
Done with frame 266
Done with frame 267
Done with frame 268
Done with frame 269
Done with frame 270
Done with frame 271
Done with frame 272
Done with frame 273
Done with frame 274
Done with frame 275
Done with frame 276
Done with frame 277
Done with frame 278
Done with frame 279
Done with frame 280
Done with frame 281
Done with frame 282
Done with frame 283
Done with frame 284
Done with frame 285
Done with frame 286
Done with frame 287
Done with frame 288
Done with frame 289
Done with frame 290
Done with frame 291
Done with frame 292
Done with frame 293
Done with frame 294
Done with frame 295
Done with frame 296
Done with frame 297
Done with frame 298
Done with frame 299
Done with frame 300
Done with frame 301
Done with frame 302
Done with frame 303
Done with frame 304
Done with frame 305
Done with frame 306
Done with frame 307
Done with frame 308
Done with frame 309
Done with frame 310
Done with frame 311
Done with frame 312
Done with frame 313
Done with frame 314
Done with frame 315
Done with frame 316
Done with frame 317
Done with frame 318
Done with frame 319
Done with frame 320
Done with frame 321
Done with frame 322
Done with frame 323
Done with frame 324
Done with frame 325
Done with frame 326
Done with frame 327
Done with frame 328
Done with frame 329
Done with frame 330
Done with frame 331
Done with frame 332
Done with frame 333
Done with frame 334
Done with frame 335
Done with frame 336
Done with frame 337
Done with frame 338
Done with frame 339
Done with frame 340
Done with frame 341
Done with frame 342
Done with frame 343
Done with frame 344
Done with frame 345
Done with frame 346
Done with frame 347
Done with frame 348
Done with frame 349
Done with frame 350
Done with frame 351
Done with frame 352
Done with frame 353
Done with frame 354
Done with frame 355
Done with frame 356
Done with frame 357
Done with frame 358
Done with frame 359
Done with frame 360
Done with frame 361
Done with frame 362
Done with frame 363
Done with frame 364
Done with frame 365
Done with frame 366
Done with frame 367
Done with frame 368
Done with frame 369
Done with frame 370
Done with frame 371
Done with frame 372
Done with frame 373
Done with frame 374
Done with frame 375
Done with frame 376
Done with frame 377
Done with frame 378
Done with frame 379
Done with frame 380
Done with frame 381
Done with frame 382
Done with frame 383
Done with frame 384
Done with frame 385
Done with frame 386
Done with frame 387
Done with frame 388
Done with frame 389
Done with frame 390
Done with frame 391
Done with frame 392
Done with frame 393
Done with frame 394
Done with frame 395
Done with frame 396
Done with frame 397
Done with frame 398
Done with frame 399
Done with frame 400
Done with frame 401
Done with frame 402
Done with frame 403
Done with frame 404
Done with frame 405
Done with frame 406
Done with frame 407
Done with frame 408
Done with frame 409
Done with frame 410
Done with frame 411
Done with frame 412
Done with frame 413
Done with frame 414
Done with frame 415
Done with frame 416
Done with frame 417
Done with frame 418
Done with frame 419
Done with frame 420
Done with frame 421
Done with frame 422
Done with frame 423
Done with frame 424
Done with frame 425
Done with frame 426
Done with frame 427
Done with frame 428
Done with frame 429
Done with frame 430
Done with frame 431
Done with frame 432
Done with frame 433
Done with frame 434
Done with frame 435
Done with frame 436
Done with frame 437
Done with frame 438
Done with frame 439
Done with frame 440
Done with frame 441
Done with frame 442
Done with frame 443
Done with frame 444
Done with frame 445
Done with frame 446
Done with frame 447
Done with frame 448
Done with frame 449
Done with frame 450
Done with frame 451
Done with frame 452
Done with frame 453
Done with frame 454
Done with frame 455
Done with frame 456
Done with frame 457
Done with frame 458
Done with frame 459
Done with frame 460
Done with frame 461
Done with frame 462
Done with frame 463
Done with frame 464
Done with frame 465
Done with frame 466
Done with frame 467
Done with frame 468
Done with frame 469
Done with frame 470
Done with frame 471
Done with frame 472
Done with frame 473
Done with frame 474
Done with frame 475
Done with frame 476
Done with frame 477
Done with frame 478
Done with frame 479
Done with frame 480
Done with frame 481
Done with frame 482
Done with frame 483
Done with frame 484
Done with frame 485
Done with frame 486
Done with frame 487
Done with frame 488
Done with frame 489
Done with frame 490
Done with frame 491
Done with frame 492
Done with frame 493
Done with frame 494
Done with frame 495
Done with frame 496
Done with frame 497
Done with frame 498
Done with frame 499
Done with frame 500
Done with frame 501
Done with frame 502
Done with frame 503
Done with frame 504
Done with frame 505
Done with frame 506
Done with frame 507
Done with frame 508
Done with frame 509
Done with frame 510
Done with frame 511
Done with frame 512
Done with frame 513
Done with frame 514
Done with frame 515
Done with frame 516
Done with frame 517
Done with frame 518
Done with frame 519
Done with frame 520
Done with frame 521
Done with frame 522
Done with frame 523
Done with frame 524
Done with frame 525
Done with frame 526
Done with frame 527
Done with frame 528
Done with frame 529
Done with frame 530
Done with frame 531
Done with frame 532
Done with frame 533
Done with frame 534
Done with frame 535
Done with frame 536
Done with frame 537
Done with frame 538
Done with frame 539
Done with frame 540
Done with frame 541
Done with frame 542
Done with frame 543
Done with frame 544
Done with frame 545
Done with frame 546
Done with frame 547
Done with frame 548
Done with frame 549
Done with frame 550
Done with frame 551
Done with frame 552
Done with frame 553
Done with frame 554
Done with frame 555
Done with frame 556
Done with frame 557
Done with frame 558
Done with frame 559
Done with frame 560
Done with frame 561
Done with frame 562
Done with frame 563
Done with frame 564
Done with frame 565
Done with frame 566
Done with frame 567
Done with frame 568
Done with frame 569
Done with frame 570
Done with frame 571
Done with frame 572
Done with frame 573
Done with frame 574
Done with frame 575
Done with frame 576
Done with frame 577
Done with frame 578
Done with frame 579
Done with frame 580
Done with frame 581
Done with frame 582
Done with frame 583
Done with frame 584
Done with frame 585
Done with frame 586
Done with frame 587
Done with frame 588
Done with frame 589
Done with frame 590
Done with frame 591
Done with frame 592
Done with frame 593
Done with frame 594
Done with frame 595
Done with frame 596
Done with frame 597
Done with frame 598
Done with frame 599
Done with frame 600
Done with frame 601
Done with frame 602
Done with frame 603
Done with frame 604
Done with frame 605
Done with frame 606
Done with frame 607
Done with frame 608
Done with frame 609
Done with frame 610
Done with frame 611
Done with frame 612
Done with frame 613
Done with frame 614
Done with frame 615
Done with frame 616
Done with frame 617
Done with frame 618
Done with frame 619
Done with frame 620
Done with frame 621
Done with frame 622
Done with frame 623
Done with frame 624
Done with frame 625
Done with frame 626
Done with frame 627
Done with frame 628
Done with frame 629
Done with frame 630
Done with frame 631
Done with frame 632
Done with frame 633
Done with frame 634
Done with frame 635
Done with frame 636
Done with frame 637
Done with frame 638
Done with frame 639
Done with frame 640
Done with frame 641
Done with frame 642
Done with frame 643
Done with frame 644
Done with frame 645
Done with frame 646
Done with frame 647
Done with frame 648
Done with frame 649
Done with frame 650
Done with frame 651
Done with frame 652
Done with frame 653
Done with frame 654
Done with frame 655
Done with frame 656
Done with frame 657
Done with frame 658
Done with frame 659
Done with frame 660
Done with frame 661
Done with frame 662
Done with frame 663
Done with frame 664
Done with frame 665
Done with frame 666
Done with frame 667
Done with frame 668
Done with frame 669
Done with frame 670
Done with frame 671
Done with frame 672
Done with frame 673
Done with frame 674
Done with frame 675
Done with frame 676
Done with frame 677
Done with frame 678
Done with frame 679
Done with frame 680
Done with frame 681
Done with frame 682
Done with frame 683
Done with frame 684
Done with frame 685
Done with frame 686
Done with frame 687
Done with frame 688
Done with frame 689
Done with frame 690
Done with frame 691
Done with frame 692
Done with frame 693
Done with frame 694
Done with frame 695
Done with frame 696
Done with frame 697
Done with frame 698
Done with frame 699
Done with frame 700
Done with frame 701
Done with frame 702
Done with frame 703
Done with frame 704
Done with frame 705
Done with frame 706
Done with frame 707
Done with frame 708
Done with frame 709
Done with frame 710
Done with frame 711
Done with frame 712
Done with frame 713
Done with frame 714
Done with frame 715
Done with frame 716
Done with frame 717
Done with frame 718
Done with frame 719
Done with frame 720
Done with frame 721
Done with frame 722
Done with frame 723
Done with frame 724
Done with frame 725
Done with frame 726
Done with frame 727
Done with frame 728
Done with frame 729
Done with frame 730
Done with frame 731
Done with frame 732
Done with frame 733
Done with frame 734
Done with frame 735
Done with frame 736
Done with frame 737
Done with frame 738
Done with frame 739
Done with frame 740
Done with frame 741
Done with frame 742
Done with frame 743
Done with frame 744
Done with frame 745
Done with frame 746
Done with frame 747
Done with frame 748
Done with frame 749
Done with frame 750
Done with frame 751
Done with frame 752
Done with frame 753
Done with frame 754
Done with frame 755
Done with frame 756
Done with frame 757
Done with frame 758
Done with frame 759
Done with frame 760
Done with frame 761
Done with frame 762
Done with frame 763
Done with frame 764
Done with frame 765
Done with frame 766
Done with frame 767
Done with frame 768
Done with frame 769
Done with frame 770
Done with frame 771
Done with frame 772
Done with frame 773
Done with frame 774
Done with frame 775
Done with frame 776
Done with frame 777
Done with frame 778
Done with frame 779
Done with frame 780
Done with frame 781
Done with frame 782
Done with frame 783
Done with frame 784
Done with frame 785
Done with frame 786
Done with frame 787
Done with frame 788
Done with frame 789
Done with frame 790
Done with frame 791
Done with frame 792
Done with frame 793
Done with frame 794
Done with frame 795
Done with frame 796
Done with frame 797
Done with frame 798
Done with frame 799
Done with frame 800
Done with frame 801
Done with frame 802
Done with frame 803
Done with frame 804
Done with frame 805
Done with frame 806
Done with frame 807
Done with frame 808
Done with frame 809
Done with frame 810
Done with frame 811
Done with frame 812
Done with frame 813
Done with frame 814
Done with frame 815
Done with frame 816
Done with frame 817
Done with frame 818
Done with frame 819
Done with frame 820
Done with frame 821
Done with frame 822
Done with frame 823
Done with frame 824
Done with frame 825
Done with frame 826
Done with frame 827
Done with frame 828
Done with frame 829
Done with frame 830
Done with frame 831
Done with frame 832
Done with frame 833
Done with frame 834
Done with frame 835
Done with frame 836
Done with frame 837
Done with frame 838
Done with frame 839
Done with frame 840
Done with frame 841
Done with frame 842
Done with frame 843
Done with frame 844
Done with frame 845
Done with frame 846
Done with frame 847
Done with frame 848
Done with frame 849
Done with frame 850
Done with frame 851
Done with frame 852
Done with frame 853
Done with frame 854
Done with frame 855
Done with frame 856
Done with frame 857
Done with frame 858
Done with frame 859
Done with frame 860
Done with frame 861
Done with frame 862
Done with frame 863
Done with frame 864
Done with frame 865
Done with frame 866
Done with frame 867
Done with frame 868
Done with frame 869
Done with frame 870
Done with frame 871
Done with frame 872
Done with frame 873
Done with frame 874
Done with frame 875
Done with frame 876
Done with frame 877
Done with frame 878
Done with frame 879
Done with frame 880
Done with frame 881
Done with frame 882
Done with frame 883
Done with frame 884
Done with frame 885
Done with frame 886
Done with frame 887
Done with frame 888
Done with frame 889
Done with frame 890
Done with frame 891
Done with frame 892
Done with frame 893
Done with frame 894
Done with frame 895
Done with frame 896
Done with frame 897
Done with frame 898
Done with frame 899
Done with frame 900
Done with frame 901
Done with frame 902
Done with frame 903
Done with frame 904
Done with frame 905
Done with frame 906
Done with frame 907
Done with frame 908
Done with frame 909
Done with frame 910
Done with frame 911
Done with frame 912
Done with frame 913
Done with frame 914
Done with frame 915
Done with frame 916
Done with frame 917
Done with frame 918
Done with frame 919
Done with frame 920
Done with frame 921
Done with frame 922
Done with frame 923
Done with frame 924
Done with frame 925
Done with frame 926
Done with frame 927
Done with frame 928
Done with frame 929
Done with frame 930
Done with frame 931
Done with frame 932
Done with frame 933
Done with frame 934
Done with frame 935
Done with frame 936
Done with frame 937
Done with frame 938
Done with frame 939
Done with frame 940
Done with frame 941
Done with frame 942
Done with frame 943
Done with frame 944
Done with frame 945
Done with frame 946
Done with frame 947
Done with frame 948
Done with frame 949
Done with frame 950
Done with frame 951
Done with frame 952
Done with frame 953
Done with frame 954
Done with frame 955
Done with frame 956
Done with frame 957
Done with frame 958
Done with frame 959
Done with frame 960
Done with frame 961
Done with frame 962
Done with frame 963
Done with frame 964
Done with frame 965
Done with frame 966
Done with frame 967
Done with frame 968
Done with frame 969
Done with frame 970
Done with frame 971
Done with frame 972
Done with frame 973
Done with frame 974
Done with frame 975
Done with frame 976
Done with frame 977
Done with frame 978
Done with frame 979
Done with frame 980
Done with frame 981
Done with frame 982
Done with frame 983
Done with frame 984
Done with frame 985
Done with frame 986
Done with frame 987
Done with frame 988
Done with frame 989
Done with frame 990
Done with frame 991
Done with frame 992
Done with frame 993
Done with frame 994
Done with frame 995
Done with frame 996
Done with frame 997
Done with frame 998
Done with frame 999
Done with frame 1000
Done with frame 1001
Done with frame 1002
Done with frame 1003
Done with frame 1004
Done with frame 1005
Done with frame 1006
Done with frame 1007
Done with frame 1008
Done with frame 1009
Done with frame 1010
Done with frame 1011
Done with frame 1012
Done with frame 1013
Done with frame 1014
Done with frame 1015
Done with frame 1016
Done with frame 1017
Done with frame 1018
Done with frame 1019
Done with frame 1020
Done with frame 1021
Done with frame 1022
Done with frame 1023
Done with frame 1024
Done with frame 1025
Done with frame 1026
Done with frame 1027
Done with frame 1028
Done with frame 1029
Done with frame 1030
Done with frame 1031
Done with frame 1032
Done with frame 1033
Done with frame 1034
Done with frame 1035
Done with frame 1036
Done with frame 1037
Done with frame 1038
Done with frame 1039
Done with frame 1040
Done with frame 1041
Done with frame 1042
Done with frame 1043
Done with frame 1044
Done with frame 1045
Done with frame 1046
Done with frame 1047
Done with frame 1048
Done with frame 1049
Done with frame 1050
Done with frame 1051
Done with frame 1052
Done with frame 1053
Done with frame 1054
Done with frame 1055
Done with frame 1056
Done with frame 1057
Done with frame 1058
Done with frame 1059
Done with frame 1060
Done with frame 1061
Done with frame 1062
Done with frame 1063
Done with frame 1064
Done with frame 1065
Done with frame 1066
Done with frame 1067
Done with frame 1068
Done with frame 1069
Done with frame 1070
Done with frame 1071
Done with frame 1072
Done with frame 1073
Done with frame 1074
Done with frame 1075
Done with frame 1076
Done with frame 1077
Done with frame 1078
Done with frame 1079
Done with frame 1080
Done with frame 1081
Done with frame 1082
Done with frame 1083
Done with frame 1084
Done with frame 1085
Done with frame 1086
Done with frame 1087
Done with frame 1088
Done with frame 1089
Done with frame 1090
Done with frame 1091
Done with frame 1092
Done with frame 1093
Done with frame 1094
Done with frame 1095
Done with frame 1096
Done with frame 1097
Done with frame 1098
Done with frame 1099
Done with frame 1100
Done with frame 1101
Done with frame 1102
Done with frame 1103
Done with frame 1104
Done with frame 1105
Done with frame 1106
Done with frame 1107
Done with frame 1108
Done with frame 1109
Done with frame 1110
Done with frame 1111
Done with frame 1112
Done with frame 1113
Done with frame 1114
Done with frame 1115
Done with frame 1116
Done with frame 1117
Done with frame 1118
Done with frame 1119
Done with frame 1120
Done with frame 1121
Done with frame 1122
Done with frame 1123
Done with frame 1124
Done with frame 1125
Done with frame 1126
Done with frame 1127
Done with frame 1128
Done with frame 1129
Done with frame 1130
Done with frame 1131
Done with frame 1132
Done with frame 1133
Done with frame 1134
Done with frame 1135
Done with frame 1136
Done with frame 1137
Done with frame 1138
Done with frame 1139
Done with frame 1140
Done with frame 1141
Done with frame 1142
Done with frame 1143
Done with frame 1144
Done with frame 1145
Done with frame 1146
Done with frame 1147
Done with frame 1148
Done with frame 1149
Done with frame 1150
Done with frame 1151
Done with frame 1152
Done with frame 1153
Done with frame 1154
Done with frame 1155
Done with frame 1156
Done with frame 1157
Done with frame 1158
Done with frame 1159
Done with frame 1160
Done with frame 1161
Done with frame 1162
Done with frame 1163
Done with frame 1164
Done with frame 1165
Done with frame 1166
Done with frame 1167
Done with frame 1168
Done with frame 1169
Done with frame 1170
Done with frame 1171
Done with frame 1172
Done with frame 1173
Done with frame 1174
Done with frame 1175
Done with frame 1176
Done with frame 1177
Done with frame 1178
Done with frame 1179
Done with frame 1180
Done with frame 1181
Done with frame 1182
Done with frame 1183
Done with frame 1184
Done with frame 1185
Done with frame 1186
Done with frame 1187
Done with frame 1188
Done with frame 1189
Done with frame 1190
Done with frame 1191
Done with frame 1192
Done with frame 1193
Done with frame 1194
Done with frame 1195
Done with frame 1196
Done with frame 1197
Done with frame 1198
Done with frame 1199
Done with frame 1200
Done with frame 1201
Done with frame 1202
Done with frame 1203
Done with frame 1204
Done with frame 1205
Done with frame 1206
Done with frame 1207
Done with frame 1208
Done with frame 1209
Done with frame 1210
Done with frame 1211
Done with frame 1212
Done with frame 1213
Done with frame 1214
Done with frame 1215
Done with frame 1216
Done with frame 1217
Done with frame 1218
Done with frame 1219
Done with frame 1220
Done with frame 1221
Done with frame 1222
Done with frame 1223
Done with frame 1224
Done with frame 1225
Done with frame 1226
Done with frame 1227
Done with frame 1228
Done with frame 1229
Done with frame 1230
Done with frame 1231
Done with frame 1232
Done with frame 1233
Done with frame 1234
Done with frame 1235
Done with frame 1236
Done with frame 1237
Done with frame 1238
Done with frame 1239
Done with frame 1240
Done with frame 1241
Done with frame 1242
Done with frame 1243
Done with frame 1244
Done with frame 1245
Done with frame 1246
Done with frame 1247
Done with frame 1248
Done with frame 1249
Done with frame 1250
Done with frame 1251
Done with frame 1252
Done with frame 1253
Done with frame 1254
Done with frame 1255
Done with frame 1256
Done with frame 1257
Done with frame 1258
Done with frame 1259
Done with frame 1260
Done with frame 1261
Done with frame 1262
Done with frame 1263
Done with frame 1264
Done with frame 1265
Done with frame 1266
Done with frame 1267
Done with frame 1268
Done with frame 1269
Done with frame 1270
Done with frame 1271
Done with frame 1272
Done with frame 1273
Done with frame 1274
Done with frame 1275
Done with frame 1276
Done with frame 1277
Done with frame 1278
Done with frame 1279
Done with frame 1280
Done with frame 1281
Done with frame 1282
Done with frame 1283
Done with frame 1284
Done with frame 1285
Done with frame 1286
Done with frame 1287
Done with frame 1288
Done with frame 1289
Done with frame 1290
Done with frame 1291
Done with frame 1292
Done with frame 1293
Done with frame 1294
Done with frame 1295
Done with frame 1296
Done with frame 1297
Done with frame 1298
Done with frame 1299
Done with frame 1300
Done with frame 1301
Done with frame 1302
Done with frame 1303
Done with frame 1304
Done with frame 1305
Done with frame 1306
Done with frame 1307
Done with frame 1308
Done with frame 1309
Done with frame 1310
Done with frame 1311
Done with frame 1312
Done with frame 1313
Done with frame 1314
Done with frame 1315
Done with frame 1316
Done with frame 1317
Done with frame 1318
Done with frame 1319
Done with frame 1320
Done with frame 1321
Done with frame 1322
Done with frame 1323
Done with frame 1324
Done with frame 1325
Done with frame 1326
Done with frame 1327
Done with frame 1328
Done with frame 1329
Done with frame 1330
Done with frame 1331
Done with frame 1332
Done with frame 1333
Done with frame 1334
Done with frame 1335
Done with frame 1336
Done with frame 1337
Done with frame 1338
Done with frame 1339
Done with frame 1340
Done with frame 1341
Done with frame 1342
Done with frame 1343
Done with frame 1344
Done with frame 1345
Done with frame 1346
Done with frame 1347
Done with frame 1348
Done with frame 1349
Done with frame 1350
Done with frame 1351
Done with frame 1352
Done with frame 1353
Done with frame 1354
Done with frame 1355
Done with frame 1356
Done with frame 1357
Done with frame 1358
Done with frame 1359
Done with frame 1360
Done with frame 1361
Done with frame 1362
Done with frame 1363
Done with frame 1364
Done with frame 1365
Done with frame 1366
Done with frame 1367
Done with frame 1368
Done with frame 1369
Done with frame 1370
Done with frame 1371
Done with frame 1372
Done with frame 1373
Done with frame 1374
Done with frame 1375
Done with frame 1376
Done with frame 1377
Done with frame 1378
Done with frame 1379
Done with frame 1380
Done with frame 1381
Done with frame 1382
Done with frame 1383
Done with frame 1384
Done with frame 1385
Done with frame 1386
Done with frame 1387
Done with frame 1388
Done with frame 1389
Done with frame 1390
Done with frame 1391
Done with frame 1392
Done with frame 1393
Done with frame 1394
Done with frame 1395
Done with frame 1396
Done with frame 1397
Done with frame 1398
Done with frame 1399
Done with frame 1400
Done with frame 1401
Done with frame 1402
Done with frame 1403
Done with frame 1404
Done with frame 1405
Done with frame 1406
Done with frame 1407
Done with frame 1408
Done with frame 1409
Done with frame 1410
Done with frame 1411
Done with frame 1412
Done with frame 1413
Done with frame 1414
Done with frame 1415
Done with frame 1416
Done with frame 1417
Done with frame 1418
Done with frame 1419
Done with frame 1420
Done with frame 1421
Done with frame 1422
Done with frame 1423
Done with frame 1424
Done with frame 1425
Done with frame 1426
Done with frame 1427
Done with frame 1428
Done with frame 1429
Done with frame 1430
Done with frame 1431
Done with frame 1432
Done with frame 1433
Done with frame 1434
Done with frame 1435
Done with frame 1436
Done with frame 1437
Done with frame 1438
Done with frame 1439
Done with frame 1440
Done with frame 1441
Done with frame 1442
Done with frame 1443
Done with frame 1444
Done with frame 1445
Done with frame 1446
Done with frame 1447
Done with frame 1448
Done with frame 1449
Done with frame 1450
Done with frame 1451
Done with frame 1452
Done with frame 1453
Done with frame 1454
Done with frame 1455
Done with frame 1456
Done with frame 1457
Done with frame 1458
Done with frame 1459
Done with frame 1460
Done with frame 1461
Done with frame 1462
Done with frame 1463
Done with frame 1464
Done with frame 1465
Done with frame 1466
Done with frame 1467
Done with frame 1468
Done with frame 1469
Done with frame 1470
Done with frame 1471
Done with frame 1472
Done with frame 1473
Done with frame 1474
Done with frame 1475
Done with frame 1476
Done with frame 1477
Done with frame 1478
Done with frame 1479
Done with frame 1480
Done with frame 1481
Done with frame 1482
Done with frame 1483
Done with frame 1484
Done with frame 1485
Done with frame 1486
Done with frame 1487
Done with frame 1488
Done with frame 1489
Done with frame 1490
Done with frame 1491
Done with frame 1492
Done with frame 1493
Done with frame 1494
Done with frame 1495
Done with frame 1496
Done with frame 1497
Done with frame 1498
Done with frame 1499
Done with frame 1500
Done with frame 1501
Done with frame 1502
Done with frame 1503
Done with frame 1504
Done with frame 1505
Done with frame 1506
Done with frame 1507
Done with frame 1508
Done with frame 1509
Done with frame 1510
Done with frame 1511
Done with frame 1512
Done with frame 1513
Done with frame 1514
Done with frame 1515
Done with frame 1516
Done with frame 1517
Done with frame 1518
Done with frame 1519
Done with frame 1520
Done with frame 1521
Done with frame 1522
Done with frame 1523
Done with frame 1524
Done with frame 1525
Done with frame 1526
Done with frame 1527
Done with frame 1528
Done with frame 1529
Done with frame 1530
Done with frame 1531
Done with frame 1532
Done with frame 1533
Done with frame 1534
Done with frame 1535
Done with frame 1536
Done with frame 1537
Done with frame 1538
Done with frame 1539
Done with frame 1540
Done with frame 1541
Done with frame 1542
Done with frame 1543
Done with frame 1544
Done with frame 1545
Done with frame 1546
Done with frame 1547
Done with frame 1548
Done with frame 1549
Done with frame 1550
Done with frame 1551
Done with frame 1552
Done with frame 1553
Done with frame 1554
Done with frame 1555
Done with frame 1556
Done with frame 1557
Done with frame 1558
Done with frame 1559
Done with frame 1560
Done with frame 1561
Done with frame 1562
Done with frame 1563
Done with frame 1564
Done with frame 1565
Done with frame 1566
Done with frame 1567
Done with frame 1568
Done with frame 1569
Done with frame 1570
Done with frame 1571
Done with frame 1572
Done with frame 1573
Done with frame 1574
Done with frame 1575
Done with frame 1576
Done with frame 1577
Done with frame 1578
Done with frame 1579
Done with frame 1580
Done with frame 1581
Done with frame 1582
Done with frame 1583
Done with frame 1584
Done with frame 1585
Done with frame 1586
Done with frame 1587
Done with frame 1588
Done with frame 1589
Done with frame 1590
Done with frame 1591
Done with frame 1592
Done with frame 1593
Done with frame 1594
Done with frame 1595
Done with frame 1596
Done with frame 1597
Done with frame 1598
Done with frame 1599
Done with frame 1600
Done with frame 1601
Done with frame 1602
Done with frame 1603
Done with frame 1604
Done with frame 1605
Done with frame 1606
Done with frame 1607
Done with frame 1608
Done with frame 1609
Done with frame 1610
Done with frame 1611
Done with frame 1612
Done with frame 1613
Done with frame 1614
Done with frame 1615
Done with frame 1616
Done with frame 1617
Done with frame 1618
Done with frame 1619
Done with frame 1620
Done with frame 1621
Done with frame 1622
Done with frame 1623
Done with frame 1624
Done with frame 1625
Done with frame 1626
Done with frame 1627
Done with frame 1628
Done with frame 1629
Done with frame 1630
Done with frame 1631
Done with frame 1632
Done with frame 1633
Done with frame 1634
Done with frame 1635
Done with frame 1636
Done with frame 1637
Done with frame 1638
Done with frame 1639
Done with frame 1640
Done with frame 1641
Done with frame 1642
Done with frame 1643
Done with frame 1644
Done with frame 1645
Done with frame 1646
Done with frame 1647
Done with frame 1648
Done with frame 1649
Done with frame 1650
Done with frame 1651
Done with frame 1652
Done with frame 1653
Done with frame 1654
Done with frame 1655
Done with frame 1656
Done with frame 1657
Done with frame 1658
Done with frame 1659
Done with frame 1660
Done with frame 1661
Done with frame 1662
Done with frame 1663
Done with frame 1664
Done with frame 1665
Done with frame 1666
Done with frame 1667
Done with frame 1668
Done with frame 1669
Done with frame 1670
Done with frame 1671
Done with frame 1672
Done with frame 1673
Done with frame 1674
Done with frame 1675
Done with frame 1676
Done with frame 1677
Done with frame 1678
Done with frame 1679
Done with frame 1680
Done with frame 1681
Done with frame 1682
Done with frame 1683
Done with frame 1684
Done with frame 1685
Done with frame 1686
Done with frame 1687
Done with frame 1688
Done with frame 1689
Done with frame 1690
Done with frame 1691
Done with frame 1692
Done with frame 1693
Done with frame 1694
Done with frame 1695
Done with frame 1696
Done with frame 1697
Done with frame 1698
Done with frame 1699
Done with frame 1700
Done with frame 1701
Done with frame 1702
Done with frame 1703
Done with frame 1704
Done with frame 1705
Done with frame 1706
Done with frame 1707
Done with frame 1708
Done with frame 1709
Done with frame 1710
Done with frame 1711
Done with frame 1712
Done with frame 1713
Done with frame 1714
Done with frame 1715
Done with frame 1716
Done with frame 1717
Done with frame 1718
Done with frame 1719
Done with frame 1720
Done with frame 1721
Done with frame 1722
Done with frame 1723
Done with frame 1724
Done with frame 1725
Done with frame 1726
Done with frame 1727
Done with frame 1728
Done with frame 1729
Done with frame 1730
Done with frame 1731
Done with frame 1732
Done with frame 1733
Done with frame 1734
Done with frame 1735
Done with frame 1736
Done with frame 1737
Done with frame 1738
Done with frame 1739
Done with frame 1740
Done with frame 1741
Done with frame 1742
Done with frame 1743
Done with frame 1744
Done with frame 1745
Done with frame 1746
Done with frame 1747
Done with frame 1748
Done with frame 1749
Done with frame 1750
Done with frame 1751
Done with frame 1752
Done with frame 1753
Done with frame 1754
Done with frame 1755
Done with frame 1756
Done with frame 1757
Done with frame 1758
Done with frame 1759
Done with frame 1760
Done with frame 1761
Done with frame 1762
Done with frame 1763
Done with frame 1764
Done with frame 1765
Done with frame 1766
Done with frame 1767
Done with frame 1768
Done with frame 1769
Done with frame 1770
Done with frame 1771
Done with frame 1772
Done with frame 1773
Done with frame 1774
Done with frame 1775
Done with frame 1776
Done with frame 1777
Done with frame 1778
Done with frame 1779
Done with frame 1780
Done with frame 1781
Done with frame 1782
Done with frame 1783
Done with frame 1784
Done with frame 1785
Done with frame 1786
Done with frame 1787
Done with frame 1788
Done with frame 1789
Done with frame 1790
Done with frame 1791
Done with frame 1792
Done with frame 1793
Done with frame 1794
Done with frame 1795
Done with frame 1796
Done with frame 1797
Done with frame 1798
Done with frame 1799
Done with frame 1800
Done with frame 1801
Done with frame 1802
Done with frame 1803
Done with frame 1804
Done with frame 1805
Done with frame 1806
Done with frame 1807
Done with frame 1808
Done with frame 1809
Done with frame 1810
Done with frame 1811
Done with frame 1812
Done with frame 1813
Done with frame 1814
Done with frame 1815
Done with frame 1816
Done with frame 1817
Done with frame 1818
Done with frame 1819
Done with frame 1820
Done with frame 1821
Done with frame 1822
Done with frame 1823
Done with frame 1824
Done with frame 1825
Done with frame 1826
Done with frame 1827
Done with frame 1828
Done with frame 1829
Done with frame 1830
Done with frame 1831
Done with frame 1832
Done with frame 1833
Done with frame 1834
Done with frame 1835
Done with frame 1836
Done with frame 1837
Done with frame 1838
Done with frame 1839
Done with frame 1840
Done with frame 1841
Done with frame 1842
Done with frame 1843
Done with frame 1844
Done with frame 1845
Done with frame 1846
Done with frame 1847
Done with frame 1848
Done with frame 1849
Done with frame 1850
Done with frame 1851
Done with frame 1852
Done with frame 1853
Done with frame 1854
Done with frame 1855
Done with frame 1856
Done with frame 1857
Done with frame 1858
Done with frame 1859
Done with frame 1860
Done with frame 1861
Done with frame 1862
Done with frame 1863
Done with frame 1864
Done with frame 1865
Done with frame 1866
Done with frame 1867
Done with frame 1868
Done with frame 1869
Done with frame 1870
Done with frame 1871
Done with frame 1872
Done with frame 1873
Done with frame 1874
Done with frame 1875
Done with frame 1876
Done with frame 1877
Done with frame 1878
Done with frame 1879
Done with frame 1880
Done with frame 1881
Done with frame 1882
Done with frame 1883
Done with frame 1884
Done with frame 1885
Done with frame 1886
Done with frame 1887
Done with frame 1888
Done with frame 1889
Done with frame 1890
Done with frame 1891
Done with frame 1892
Done with frame 1893
Done with frame 1894
Done with frame 1895
Done with frame 1896
Done with frame 1897
Done with frame 1898
Done with frame 1899
Done with frame 1900
Done with frame 1901
Done with frame 1902
Done with frame 1903
Done with frame 1904
Done with frame 1905
Done with frame 1906
Done with frame 1907
Done with frame 1908
Done with frame 1909
Done with frame 1910
Done with frame 1911
Done with frame 1912
Done with frame 1913
Done with frame 1914
Done with frame 1915
Done with frame 1916
Done with frame 1917
Done with frame 1918
Done with frame 1919
Done with frame 1920
Done with frame 1921
Done with frame 1922
Done with frame 1923
Done with frame 1924
Done with frame 1925
Done with frame 1926
Done with frame 1927
Done with frame 1928
Done with frame 1929
Done with frame 1930
Done with frame 1931
Done with frame 1932
Done with frame 1933
Done with frame 1934
Done with frame 1935
Done with frame 1936
Done with frame 1937
Done with frame 1938
Done with frame 1939
Done with frame 1940
Done with frame 1941
Done with frame 1942
Done with frame 1943
Done with frame 1944
Done with frame 1945
Done with frame 1946
Done with frame 1947
Done with frame 1948
Done with frame 1949
Done with frame 1950
Done with frame 1951
Done with frame 1952
Done with frame 1953
Done with frame 1954
Done with frame 1955
Done with frame 1956
Done with frame 1957
Done with frame 1958
Done with frame 1959
Done with frame 1960
Done with frame 1961
Done with frame 1962
Done with frame 1963
Done with frame 1964
Done with frame 1965
Done with frame 1966
Done with frame 1967
Done with frame 1968
Done with frame 1969
Done with frame 1970
Done with frame 1971
Done with frame 1972
Done with frame 1973
Done with frame 1974
Done with frame 1975
Done with frame 1976
Done with frame 1977
Done with frame 1978
Done with frame 1979
Done with frame 1980
Done with frame 1981
Done with frame 1982
Done with frame 1983
Done with frame 1984
Done with frame 1985
Done with frame 1986
Done with frame 1987
Done with frame 1988
Done with frame 1989
Done with frame 1990
Done with frame 1991
Done with frame 1992
Done with frame 1993
Done with frame 1994
Done with frame 1995
Done with frame 1996
Done with frame 1997
Done with frame 1998
Done with frame 1999
Done with frame 2000
Done with frame 2001
Done with frame 2002
Done with frame 2003
Done with frame 2004
Done with frame 2005
Done with frame 2006
Done with frame 2007
Done with frame 2008
Done with frame 2009
Done with frame 2010
Done with frame 2011
Done with frame 2012
Done with frame 2013
Done with frame 2014
Done with frame 2015
Done with frame 2016
Done with frame 2017
Done with frame 2018
Done with frame 2019
Done with frame 2020
Done with frame 2021
Done with frame 2022
Done with frame 2023
Done with frame 2024
Done with frame 2025
Done with frame 2026
Done with frame 2027
Done with frame 2028
Done with frame 2029
Done with frame 2030
Done with frame 2031
Done with frame 2032
Done with frame 2033
Done with frame 2034
Done with frame 2035
Done with frame 2036
Done with frame 2037
Done with frame 2038
Done with frame 2039
Done with frame 2040
Done with frame 2041
Done with frame 2042
Done with frame 2043
Done with frame 2044
Done with frame 2045
Done with frame 2046
Done with frame 2047
Done with frame 2048
Done with frame 2049
Done with frame 2050
Done with frame 2051
Done with frame 2052
Done with frame 2053
Done with frame 2054
Done with frame 2055
Done with frame 2056
Done with frame 2057
Done with frame 2058
Done with frame 2059
Done with frame 2060
Done with frame 2061
Done with frame 2062
Done with frame 2063
Done with frame 2064
Done with frame 2065
Done with frame 2066
Done with frame 2067
Done with frame 2068
Done with frame 2069
Done with frame 2070
Done with frame 2071
Done with frame 2072
Done with frame 2073
Done with frame 2074
Done with frame 2075
Done with frame 2076
Done with frame 2077
Done with frame 2078
Done with frame 2079
Done with frame 2080
Done with frame 2081
Done with frame 2082
Done with frame 2083
Done with frame 2084
Done with frame 2085
Done with frame 2086
Done with frame 2087
Done with frame 2088
Done with frame 2089
Done with frame 2090
Done with frame 2091
Done with frame 2092
Done with frame 2093
Done with frame 2094
Done with frame 2095
Done with frame 2096
Done with frame 2097
Done with frame 2098
Done with frame 2099
Done with frame 2100
Done with frame 2101
Done with frame 2102
Done with frame 2103
Done with frame 2104
Done with frame 2105
Done with frame 2106
Done with frame 2107
Done with frame 2108
Done with frame 2109
Done with frame 2110
Done with frame 2111
Done with frame 2112
Done with frame 2113
Done with frame 2114
Done with frame 2115
Done with frame 2116
Done with frame 2117
Done with frame 2118
Done with frame 2119
Done with frame 2120
Done with frame 2121
Done with frame 2122
Done with frame 2123
Done with frame 2124
Done with frame 2125
Done with frame 2126
Done with frame 2127
Done with frame 2128
Done with frame 2129
Done with frame 2130
Done with frame 2131
Done with frame 2132
Done with frame 2133
Done with frame 2134
Done with frame 2135
Done with frame 2136
Done with frame 2137
Done with frame 2138
Done with frame 2139
Done with frame 2140
Done with frame 2141
Done with frame 2142
Done with frame 2143
Done with frame 2144
Done with frame 2145
Done with frame 2146
Done with frame 2147
Done with frame 2148
Done with frame 2149
Done with frame 2150
Done with frame 2151
Done with frame 2152
Done with frame 2153
Done with frame 2154
Done with frame 2155
Done with frame 2156
Done with frame 2157
Done with frame 2158
Done with frame 2159
Done with frame 2160
Done with frame 2161
Done with frame 2162
Done with frame 2163
Done with frame 2164
Done with frame 2165
Done with frame 2166
Done with frame 2167
Done with frame 2168
Done with frame 2169
Done with frame 2170
Done with frame 2171
Done with frame 2172
Done with frame 2173
Done with frame 2174
Done with frame 2175
Done with frame 2176
Done with frame 2177
Done with frame 2178
Done with frame 2179
Done with frame 2180
Done with frame 2181
Done with frame 2182
Done with frame 2183
Done with frame 2184
Done with frame 2185
Done with frame 2186
Done with frame 2187
Done with frame 2188
Done with frame 2189
Done with frame 2190
Done with frame 2191
Done with frame 2192
Done with frame 2193
Done with frame 2194
Done with frame 2195
Done with frame 2196
Done with frame 2197
Done with frame 2198
Done with frame 2199
Done with frame 2200
Done with frame 2201
Done with frame 2202
Done with frame 2203
Done with frame 2204
Done with frame 2205
Done with frame 2206
Done with frame 2207
Done with frame 2208
Done with frame 2209
Done with frame 2210
Done with frame 2211
Done with frame 2212
Done with frame 2213
Done with frame 2214
Done with frame 2215
Done with frame 2216
Done with frame 2217
Done with frame 2218
Done with frame 2219
Done with frame 2220
Done with frame 2221
Done with frame 2222
Done with frame 2223
Done with frame 2224
Done with frame 2225
Done with frame 2226
Done with frame 2227
Done with frame 2228
Done with frame 2229
Done with frame 2230
Done with frame 2231
Done with frame 2232
Done with frame 2233
Done with frame 2234
Done with frame 2235
Done with frame 2236
Done with frame 2237
Done with frame 2238
Done with frame 2239
Done with frame 2240
Done with frame 2241
Done with frame 2242
Done with frame 2243
Done with frame 2244
Done with frame 2245
Done with frame 2246
Done with frame 2247
Done with frame 2248
Done with frame 2249
Done with frame 2250
Done with frame 2251
Done with frame 2252
Done with frame 2253
Done with frame 2254
Done with frame 2255
Done with frame 2256
Done with frame 2257
Done with frame 2258
Done with frame 2259
Done with frame 2260
Done with frame 2261
Done with frame 2262
Done with frame 2263
Done with frame 2264
Done with frame 2265
Done with frame 2266
Done with frame 2267
Done with frame 2268
Done with frame 2269
Done with frame 2270
Done with frame 2271
Done with frame 2272
Done with frame 2273
Done with frame 2274
Done with frame 2275
Done with frame 2276
Done with frame 2277
Done with frame 2278
Done with frame 2279
Done with frame 2280
Done with frame 2281
Done with frame 2282
Done with frame 2283
Done with frame 2284
Done with frame 2285
Done with frame 2286
Done with frame 2287
Done with frame 2288
Done with frame 2289
Done with frame 2290
Done with frame 2291
Done with frame 2292
Done with frame 2293
Done with frame 2294
Done with frame 2295
Done with frame 2296
Done with frame 2297
Done with frame 2298
Done with frame 2299
Done with frame 2300
Done with frame 2301
Done with frame 2302
Done with frame 2303
Done with frame 2304
Done with frame 2305
Done with frame 2306
Done with frame 2307
Done with frame 2308
Done with frame 2309
Done with frame 2310
Done with frame 2311
Done with frame 2312
Done with frame 2313
Done with frame 2314
Done with frame 2315
Done with frame 2316
Done with frame 2317
Done with frame 2318
Done with frame 2319
Done with frame 2320
Done with frame 2321
Done with frame 2322
Done with frame 2323
Done with frame 2324
Done with frame 2325
Done with frame 2326
Done with frame 2327
Done with frame 2328
Done with frame 2329
Done with frame 2330
Done with frame 2331
Done with frame 2332
Done with frame 2333
Done with frame 2334
Done with frame 2335
Done with frame 2336
Done with frame 2337
Done with frame 2338
Done with frame 2339
Done with frame 2340
Done with frame 2341
Done with frame 2342
Done with frame 2343
Done with frame 2344
Done with frame 2345
Done with frame 2346
Done with frame 2347
Done with frame 2348
Done with frame 2349
Done with frame 2350
Done with frame 2351
Done with frame 2352
Done with frame 2353
Done with frame 2354
Done with frame 2355
Done with frame 2356
Done with frame 2357
Done with frame 2358
Done with frame 2359
Done with frame 2360
Done with frame 2361
Done with frame 2362
Done with frame 2363
Done with frame 2364
Done with frame 2365
Done with frame 2366
Done with frame 2367
Done with frame 2368
Done with frame 2369
Done with frame 2370
Done with frame 2371
Done with frame 2372
Done with frame 2373
Done with frame 2374
Done with frame 2375
Done with frame 2376
Done with frame 2377
Done with frame 2378
Done with frame 2379
Done with frame 2380
Done with frame 2381
Done with frame 2382
Done with frame 2383
Done with frame 2384
Done with frame 2385
Done with frame 2386
Done with frame 2387
Done with frame 2388
Done with frame 2389
Done with frame 2390
Done with frame 2391
Done with frame 2392
Done with frame 2393
Done with frame 2394
Done with frame 2395
Done with frame 2396
Done with frame 2397
Done with frame 2398
Done with frame 2399
Done with frame 2400
Done with frame 2401
Done with frame 2402
Done with frame 2403
Done with frame 2404
Done with frame 2405
Done with frame 2406
Done with frame 2407
Done with frame 2408
Done with frame 2409
Done with frame 2410
Done with frame 2411
Done with frame 2412
Done with frame 2413
Done with frame 2414
Done with frame 2415
Done with frame 2416
Done with frame 2417
Done with frame 2418
Done with frame 2419
Done with frame 2420
Done with frame 2421
Done with frame 2422
Done with frame 2423
Done with frame 2424
Done with frame 2425
Done with frame 2426
Done with frame 2427
Done with frame 2428
Done with frame 2429
Done with frame 2430
Done with frame 2431
Done with frame 2432
Done with frame 2433
Done with frame 2434
Done with frame 2435
Done with frame 2436
Done with frame 2437
Done with frame 2438
Done with frame 2439
Done with frame 2440
Done with frame 2441
Done with frame 2442
Done with frame 2443
Done with frame 2444
Done with frame 2445
Done with frame 2446
Done with frame 2447
Done with frame 2448
Done with frame 2449
Done with frame 2450
Done with frame 2451
Done with frame 2452
Done with frame 2453
Done with frame 2454
Done with frame 2455
Done with frame 2456
Done with frame 2457
Done with frame 2458
Done with frame 2459
Done with frame 2460
Done with frame 2461
Done with frame 2462
Done with frame 2463
Done with frame 2464
Done with frame 2465
Done with frame 2466
Done with frame 2467
Done with frame 2468
Done with frame 2469
Done with frame 2470
Done with frame 2471
Done with frame 2472
Done with frame 2473
Done with frame 2474
Done with frame 2475
Done with frame 2476
Done with frame 2477
Done with frame 2478
Done with frame 2479
Done with frame 2480
Done with frame 2481
Done with frame 2482
Done with frame 2483
Done with frame 2484
Done with frame 2485
Done with frame 2486
Done with frame 2487
Done with frame 2488
Done with frame 2489
Done with frame 2490
Done with frame 2491
Done with frame 2492
Done with frame 2493
Done with frame 2494
Done with frame 2495
Done with frame 2496
Done with frame 2497
Done with frame 2498
Done with frame 2499
Done with frame 2500
Done with frame 2501
Done with frame 2502
Done with frame 2503
Done with frame 2504
Done with frame 2505
Done with frame 2506
Done with frame 2507
Done with frame 2508
Done with frame 2509
Done with frame 2510
Done with frame 2511
Done with frame 2512
Done with frame 2513
Done with frame 2514
Done with frame 2515
Done with frame 2516
Done with frame 2517
Done with frame 2518
Done with frame 2519
Done with frame 2520
Done with frame 2521
Done with frame 2522
Done with frame 2523
Done with frame 2524
Done with frame 2525
Done with frame 2526
Done with frame 2527
Done with frame 2528
Done with frame 2529
Done with frame 2530
Done with frame 2531
Done with frame 2532
Done with frame 2533
Done with frame 2534
Done with frame 2535
Done with frame 2536
Done with frame 2537
Done with frame 2538
Done with frame 2539
Done with frame 2540
Done with frame 2541
Done with frame 2542
Done with frame 2543
Done with frame 2544
Done with frame 2545
Done with frame 2546
Done with frame 2547
Done with frame 2548
Done with frame 2549
Done with frame 2550
Done with frame 2551
Done with frame 2552
Done with frame 2553
Done with frame 2554
Done with frame 2555
Done with frame 2556
Done with frame 2557
Done with frame 2558
Done with frame 2559
Done with frame 2560
Done with frame 2561
Done with frame 2562
Done with frame 2563
Done with frame 2564
Done with frame 2565
Done with frame 2566
Done with frame 2567
Done with frame 2568
Done with frame 2569
Done with frame 2570
Done with frame 2571
Done with frame 2572
Done with frame 2573
Done with frame 2574
Done with frame 2575
Done with frame 2576
Done with frame 2577
Done with frame 2578
Done with frame 2579
Done with frame 2580
Done with frame 2581
Done with frame 2582
Done with frame 2583
Done with frame 2584
Done with frame 2585
Done with frame 2586
Done with frame 2587
Done with frame 2588
Done with frame 2589
Done with frame 2590
Done with frame 2591
Done with frame 2592
Done with frame 2593
Done with frame 2594
Done with frame 2595
Done with frame 2596
Done with frame 2597
Done with frame 2598
Done with frame 2599
Done with frame 2600
Done with frame 2601
Done with frame 2602
Done with frame 2603
Done with frame 2604
Done with frame 2605
Done with frame 2606
Done with frame 2607
Done with frame 2608
Done with frame 2609
Done with frame 2610
Done with frame 2611
Done with frame 2612
Done with frame 2613
Done with frame 2614
Done with frame 2615
Done with frame 2616
Done with frame 2617
Done with frame 2618
Done with frame 2619
Done with frame 2620
Done with frame 2621
Done with frame 2622
Done with frame 2623
Done with frame 2624
Done with frame 2625
Done with frame 2626
Done with frame 2627
Done with frame 2628
Done with frame 2629
Done with frame 2630
Done with frame 2631
Done with frame 2632
Done with frame 2633
Done with frame 2634
Done with frame 2635
Done with frame 2636
Done with frame 2637
Done with frame 2638
Done with frame 2639
Done with frame 2640
Done with frame 2641
Done with frame 2642
Done with frame 2643
Done with frame 2644
Done with frame 2645
Done with frame 2646
Done with frame 2647
Done with frame 2648
Done with frame 2649
Done with frame 2650
Done with frame 2651
Done with frame 2652
Done with frame 2653
Done with frame 2654
Done with frame 2655
Done with frame 2656
Done with frame 2657
Done with frame 2658
Done with frame 2659
Done with frame 2660
Done with frame 2661
Done with frame 2662
Done with frame 2663
Done with frame 2664
Done with frame 2665
Done with frame 2666
Done with frame 2667
Done with frame 2668
Done with frame 2669
Done with frame 2670
Done with frame 2671
Done with frame 2672
Done with frame 2673
Done with frame 2674
Done with frame 2675
Done with frame 2676
Done with frame 2677
Done with frame 2678
Done with frame 2679
Done with frame 2680
Done with frame 2681
Done with frame 2682
Done with frame 2683
Done with frame 2684
Done with frame 2685
Done with frame 2686
Done with frame 2687
Done with frame 2688
Done with frame 2689
Done with frame 2690
Done with frame 2691
Done with frame 2692
Done with frame 2693
Done with frame 2694
Done with frame 2695
Done with frame 2696
Done with frame 2697
Done with frame 2698
Done with frame 2699
Done with frame 2700
Done with frame 2701
Done with frame 2702
Done with frame 2703
Done with frame 2704
Done with frame 2705
Done with frame 2706
Done with frame 2707
Done with frame 2708
Done with frame 2709
Done with frame 2710
Done with frame 2711
Done with frame 2712
Done with frame 2713
Done with frame 2714
Done with frame 2715
Done with frame 2716
Done with frame 2717
Done with frame 2718
Done with frame 2719
Done with frame 2720
Done with frame 2721
Done with frame 2722
Done with frame 2723
Done with frame 2724
Done with frame 2725
Done with frame 2726
Done with frame 2727
Done with frame 2728
Done with frame 2729
Done with frame 2730
Done with frame 2731
Done with frame 2732
Done with frame 2733
Done with frame 2734
Done with frame 2735
Done with frame 2736
Done with frame 2737
Done with frame 2738
Done with frame 2739
Done with frame 2740
Done with frame 2741
Done with frame 2742
Done with frame 2743
Done with frame 2744
Done with frame 2745
Done with frame 2746
Done with frame 2747
Done with frame 2748
Done with frame 2749
Done with frame 2750
Done with frame 2751
Done with frame 2752
Done with frame 2753
Done with frame 2754
Done with frame 2755
Done with frame 2756
Done with frame 2757
Done with frame 2758
Done with frame 2759
Done with frame 2760
Done with frame 2761
Done with frame 2762
Done with frame 2763
Done with frame 2764
Done with frame 2765
Done with frame 2766
Done with frame 2767
Done with frame 2768
Done with frame 2769
Done with frame 2770
Done with frame 2771
Done with frame 2772
Done with frame 2773
Done with frame 2774
Done with frame 2775
Done with frame 2776
Done with frame 2777
Done with frame 2778
Done with frame 2779
Done with frame 2780
Done with frame 2781
Done with frame 2782
Done with frame 2783
Done with frame 2784
Done with frame 2785
Done with frame 2786
Done with frame 2787
Done with frame 2788
Done with frame 2789
Done with frame 2790
Done with frame 2791
Done with frame 2792
Done with frame 2793
Done with frame 2794
Done with frame 2795
Done with frame 2796
Done with frame 2797
Done with frame 2798
Done with frame 2799
Done with frame 2800
Done with frame 2801
Done with frame 2802
Done with frame 2803
Done with frame 2804
Done with frame 2805
Done with frame 2806
Done with frame 2807
Done with frame 2808
Done with frame 2809
Done with frame 2810
Done with frame 2811
Done with frame 2812
Done with frame 2813
Done with frame 2814
Done with frame 2815
Done with frame 2816
Done with frame 2817
Done with frame 2818
Done with frame 2819
Done with frame 2820
Done with frame 2821
Done with frame 2822
Done with frame 2823
Done with frame 2824
Done with frame 2825
Done with frame 2826
Done with frame 2827
Done with frame 2828
Done with frame 2829
Done with frame 2830
Done with frame 2831
Done with frame 2832
Done with frame 2833
Done with frame 2834
Done with frame 2835
Done with frame 2836
Done with frame 2837
Done with frame 2838
Done with frame 2839
Done with frame 2840
Done with frame 2841
Done with frame 2842
Done with frame 2843
Done with frame 2844
Done with frame 2845
Done with frame 2846
Done with frame 2847
Done with frame 2848
Done with frame 2849
Done with frame 2850
Done with frame 2851
Done with frame 2852
Done with frame 2853
Done with frame 2854
Done with frame 2855
Done with frame 2856
Done with frame 2857
Done with frame 2858
Done with frame 2859
Done with frame 2860
Done with frame 2861
Done with frame 2862
Done with frame 2863
Done with frame 2864
Done with frame 2865
Done with frame 2866
Done with frame 2867
Done with frame 2868
Done with frame 2869
Done with frame 2870
Done with frame 2871
Done with frame 2872
Done with frame 2873
Done with frame 2874
Done with frame 2875
Done with frame 2876
Done with frame 2877
Done with frame 2878
Done with frame 2879
Done with frame 2880
Done with frame 2881
Done with frame 2882
Done with frame 2883
Done with frame 2884
Done with frame 2885
Done with frame 2886
Done with frame 2887
Done with frame 2888
Done with frame 2889
Done with frame 2890
Done with frame 2891
Done with frame 2892
Done with frame 2893
Done with frame 2894
Done with frame 2895
Done with frame 2896
Done with frame 2897
Done with frame 2898
Done with frame 2899
Done with frame 2900
Done with frame 2901
Done with frame 2902
Done with frame 2903
Done with frame 2904
Done with frame 2905
Done with frame 2906
Done with frame 2907
Done with frame 2908
Done with frame 2909
Done with frame 2910
Done with frame 2911
Done with frame 2912
Done with frame 2913
Done with frame 2914
Done with frame 2915
Done with frame 2916
Done with frame 2917
Done with frame 2918
Done with frame 2919
Done with frame 2920
Done with frame 2921
Done with frame 2922
Done with frame 2923
Done with frame 2924
Done with frame 2925
Done with frame 2926
Done with frame 2927
Done with frame 2928
Done with frame 2929
Done with frame 2930
Done with frame 2931
Done with frame 2932
Done with frame 2933
Done with frame 2934
Done with frame 2935
Done with frame 2936
Done with frame 2937
Done with frame 2938
Done with frame 2939
Done with frame 2940
Done with frame 2941
Done with frame 2942
Done with frame 2943
Done with frame 2944
Done with frame 2945
Done with frame 2946
Done with frame 2947
Done with frame 2948
Done with frame 2949
Done with frame 2950
Done with frame 2951
Done with frame 2952
Done with frame 2953
Done with frame 2954
Done with frame 2955
Done with frame 2956
Done with frame 2957
Done with frame 2958
Done with frame 2959
Done with frame 2960
Done with frame 2961
Done with frame 2962
Done with frame 2963
Done with frame 2964
Done with frame 2965
Done with frame 2966
Done with frame 2967
Done with frame 2968
Done with frame 2969
Done with frame 2970
Done with frame 2971
Done with frame 2972
Done with frame 2973
Done with frame 2974
Done with frame 2975
Done with frame 2976
Done with frame 2977
Done with frame 2978
Done with frame 2979
Done with frame 2980
Done with frame 2981
Done with frame 2982
Done with frame 2983
Done with frame 2984
Done with frame 2985
Done with frame 2986
Done with frame 2987
Done with frame 2988
Done with frame 2989
Done with frame 2990
Done with frame 2991
Done with frame 2992
Done with frame 2993
Done with frame 2994
Done with frame 2995
Done with frame 2996
Done with frame 2997
Done with frame 2998
Done with frame 2999
Done with frame 3000
Done with frame 3001
Done with frame 3002
Done with frame 3003
Done with frame 3004
Done with frame 3005
Done with frame 3006
Done with frame 3007
Done with frame 3008
Done with frame 3009
Done with frame 3010
Done with frame 3011
Done with frame 3012
Done with frame 3013
Done with frame 3014
Done with frame 3015
Done with frame 3016
Done with frame 3017
Done with frame 3018
Done with frame 3019
Done with frame 3020
Done with frame 3021
Done with frame 3022
Done with frame 3023
Done with frame 3024
Done with frame 3025
Done with frame 3026
Done with frame 3027
Done with frame 3028
Done with frame 3029
Done with frame 3030
Done with frame 3031
Done with frame 3032
Done with frame 3033
Done with frame 3034
Done with frame 3035
Done with frame 3036
Done with frame 3037
Done with frame 3038
Done with frame 3039
Done with frame 3040
Done with frame 3041
Done with frame 3042
Done with frame 3043
Done with frame 3044
Done with frame 3045
Done with frame 3046
Done with frame 3047
Done with frame 3048
Done with frame 3049
Done with frame 3050
Done with frame 3051
Done with frame 3052
Done with frame 3053
Done with frame 3054
Done with frame 3055
Done with frame 3056
Done with frame 3057
Done with frame 3058
Done with frame 3059
Done with frame 3060
Done with frame 3061
Done with frame 3062
Done with frame 3063
Done with frame 3064
Done with frame 3065
Done with frame 3066
Done with frame 3067
Done with frame 3068
Done with frame 3069
Done with frame 3070
Done with frame 3071
Done with frame 3072
Done with frame 3073
Done with frame 3074
Done with frame 3075
Done with frame 3076
Done with frame 3077
Done with frame 3078
Done with frame 3079
Done with frame 3080
Done with frame 3081
Done with frame 3082
Done with frame 3083
Done with frame 3084
Done with frame 3085
Done with frame 3086
Done with frame 3087
Done with frame 3088
Done with frame 3089
Done with frame 3090
Done with frame 3091
Done with frame 3092
Done with frame 3093
Done with frame 3094
Done with frame 3095
Done with frame 3096
Done with frame 3097
Done with frame 3098
Done with frame 3099
Done with frame 3100
Done with frame 3101
Done with frame 3102
Done with frame 3103
Done with frame 3104
Done with frame 3105
Done with frame 3106
Done with frame 3107
Done with frame 3108
Done with frame 3109
Done with frame 3110
Done with frame 3111
Done with frame 3112
Done with frame 3113
Done with frame 3114
Done with frame 3115
Done with frame 3116
Done with frame 3117
Done with frame 3118
Done with frame 3119
Done with frame 3120
Done with frame 3121
Done with frame 3122
Done with frame 3123
Done with frame 3124
Done with frame 3125
Done with frame 3126
Done with frame 3127
Done with frame 3128
Done with frame 3129
Done with frame 3130
Done with frame 3131
Done with frame 3132
Done with frame 3133
Done with frame 3134
Done with frame 3135
Done with frame 3136
Done with frame 3137
Done with frame 3138
Done with frame 3139
Done with frame 3140
Done with frame 3141
Done with frame 3142
Done with frame 3143
Done with frame 3144
Done with frame 3145
Done with frame 3146
Done with frame 3147
Done with frame 3148
Done with frame 3149
Done with frame 3150
Done with frame 3151
Done with frame 3152
Done with frame 3153
Done with frame 3154
Done with frame 3155
Done with frame 3156
Done with frame 3157
Done with frame 3158
Done with frame 3159
Done with frame 3160
Done with frame 3161
Done with frame 3162
Done with frame 3163
Done with frame 3164
Done with frame 3165
Done with frame 3166
Done with frame 3167
Done with frame 3168
Done with frame 3169
Done with frame 3170
Done with frame 3171
Done with frame 3172
Done with frame 3173
Done with frame 3174
Done with frame 3175
Done with frame 3176
Done with frame 3177
Done with frame 3178
Done with frame 3179
Done with frame 3180
Done with frame 3181
Done with frame 3182
Done with frame 3183
Done with frame 3184
Done with frame 3185
Done with frame 3186
Done with frame 3187
Done with frame 3188
Done with frame 3189
Done with frame 3190
Done with frame 3191
Done with frame 3192
Done with frame 3193
Done with frame 3194
Done with frame 3195
Done with frame 3196
Done with frame 3197
Done with frame 3198
Done with frame 3199
Done with frame 3200
Done with frame 3201
Done with frame 3202
Done with frame 3203
Done with frame 3204
Done with frame 3205
Done with frame 3206
Done with frame 3207
Done with frame 3208
Done with frame 3209
Done with frame 3210
Done with frame 3211
Done with frame 3212
Done with frame 3213
Done with frame 3214
Done with frame 3215
Done with frame 3216
Done with frame 3217
Done with frame 3218
Done with frame 3219
Done with frame 3220
Done with frame 3221
Done with frame 3222
Done with frame 3223
Done with frame 3224
Done with frame 3225
Done with frame 3226
Done with frame 3227
Done with frame 3228
Done with frame 3229
Done with frame 3230
Done with frame 3231
Done with frame 3232
Done with frame 3233
Done with frame 3234
Done with frame 3235
Done with frame 3236
Done with frame 3237
Done with frame 3238
Done with frame 3239
Done with frame 3240
Done with frame 3241
Done with frame 3242
Done with frame 3243
Done with frame 3244
Done with frame 3245
Done with frame 3246
Done with frame 3247
Done with frame 3248
Done with frame 3249
Done with frame 3250
Done with frame 3251
Done with frame 3252
Done with frame 3253
Done with frame 3254
Done with frame 3255
Done with frame 3256
Done with frame 3257
Done with frame 3258
Done with frame 3259
Done with frame 3260
Done with frame 3261
Done with frame 3262
Done with frame 3263
Done with frame 3264
Done with frame 3265
Done with frame 3266
Done with frame 3267
Done with frame 3268
Done with frame 3269
Done with frame 3270
Done with frame 3271
Done with frame 3272
Done with frame 3273
Done with frame 3274
Done with frame 3275
Done with frame 3276
Done with frame 3277
Done with frame 3278
Done with frame 3279
Done with frame 3280
Done with frame 3281
Done with frame 3282
Done with frame 3283
Done with frame 3284
Done with frame 3285
Done with frame 3286
Done with frame 3287
Done with frame 3288
Done with frame 3289
Done with frame 3290
Done with frame 3291
Done with frame 3292
Done with frame 3293
Done with frame 3294
Done with frame 3295
Done with frame 3296
Done with frame 3297
Done with frame 3298
Done with frame 3299
Done with frame 3300
Done with frame 3301
Done with frame 3302
Done with frame 3303
Done with frame 3304
Done with frame 3305
Done with frame 3306
Done with frame 3307
Done with frame 3308
Done with frame 3309
Done with frame 3310
Done with frame 3311
Done with frame 3312
Done with frame 3313
Done with frame 3314
Done with frame 3315
Done with frame 3316
Done with frame 3317
Done with frame 3318
Done with frame 3319
Done with frame 3320
Done with frame 3321
Done with frame 3322
Done with frame 3323
Done with frame 3324
Done with frame 3325
Done with frame 3326
Done with frame 3327
Done with frame 3328
Done with frame 3329
Done with frame 3330
Done with frame 3331
Done with frame 3332
Done with frame 3333
Done with frame 3334
Done with frame 3335
Done with frame 3336
Done with frame 3337
Done with frame 3338
Done with frame 3339
Done with frame 3340
Done with frame 3341
Done with frame 3342
Done with frame 3343
Done with frame 3344
Done with frame 3345
Done with frame 3346
Done with frame 3347
Done with frame 3348
Done with frame 3349
Done with frame 3350
Done with frame 3351
Done with frame 3352
Done with frame 3353
Done with frame 3354
Done with frame 3355
Done with frame 3356
Done with frame 3357
Done with frame 3358
Done with frame 3359
Done with frame 3360
Done with frame 3361
Done with frame 3362
Done with frame 3363
Done with frame 3364
Done with frame 3365
Done with frame 3366
Done with frame 3367
Done with frame 3368
Done with frame 3369
Done with frame 3370
Done with frame 3371
Done with frame 3372
Done with frame 3373
Done with frame 3374
Done with frame 3375
Done with frame 3376
Done with frame 3377
Done with frame 3378
Done with frame 3379
Done with frame 3380
Done with frame 3381
Done with frame 3382
Done with frame 3383
Done with frame 3384
Done with frame 3385
Done with frame 3386
Done with frame 3387
Done with frame 3388
Done with frame 3389
Done with frame 3390
Done with frame 3391
Done with frame 3392
Done with frame 3393
Done with frame 3394
Done with frame 3395
Done with frame 3396
Done with frame 3397
Done with frame 3398
Done with frame 3399
Done with frame 3400
Done with frame 3401
Done with frame 3402
Done with frame 3403
Done with frame 3404
Done with frame 3405
Done with frame 3406
Done with frame 3407
Done with frame 3408
Done with frame 3409
Done with frame 3410
Done with frame 3411
Done with frame 3412
Done with frame 3413
Done with frame 3414
Done with frame 3415
Done with frame 3416
Done with frame 3417
Done with frame 3418
Done with frame 3419
Done with frame 3420
Done with frame 3421
Done with frame 3422
Done with frame 3423
Done with frame 3424
Done with frame 3425
Done with frame 3426
Done with frame 3427
Done with frame 3428
Done with frame 3429
Done with frame 3430
Done with frame 3431
Done with frame 3432
Done with frame 3433
Done with frame 3434
Done with frame 3435
Done with frame 3436
Done with frame 3437
Done with frame 3438
Done with frame 3439
Done with frame 3440
Done with frame 3441
Done with frame 3442
Done with frame 3443
Done with frame 3444
Done with frame 3445
Done with frame 3446
Done with frame 3447
Done with frame 3448
Done with frame 3449
Done with frame 3450
Done with frame 3451
Done with frame 3452
Done with frame 3453
Done with frame 3454
Done with frame 3455
Done with frame 3456
Done with frame 3457
Done with frame 3458
Done with frame 3459
Done with frame 3460
Done with frame 3461
Done with frame 3462
Done with frame 3463
Done with frame 3464
Done with frame 3465
Done with frame 3466
Done with frame 3467
Done with frame 3468
Done with frame 3469
Done with frame 3470
Done with frame 3471
Done with frame 3472
Done with frame 3473
Done with frame 3474
Done with frame 3475
Done with frame 3476
Done with frame 3477
Done with frame 3478
Done with frame 3479
Done with frame 3480
Done with frame 3481
Done with frame 3482
Done with frame 3483
Done with frame 3484
Done with frame 3485
Done with frame 3486
Done with frame 3487
Done with frame 3488
Done with frame 3489
Done with frame 3490
Done with frame 3491
Done with frame 3492
Done with frame 3493
Done with frame 3494
Done with frame 3495
Done with frame 3496
Done with frame 3497
Done with frame 3498
Done with frame 3499
Done with frame 3500
Done with frame 3501
Done with frame 3502
Done with frame 3503
Done with frame 3504
Done with frame 3505
Done with frame 3506
Done with frame 3507
Done with frame 3508
Done with frame 3509
Done with frame 3510
Done with frame 3511
Done with frame 3512
Done with frame 3513
Done with frame 3514
Done with frame 3515
Done with frame 3516
Done with frame 3517
Done with frame 3518
Done with frame 3519
Done with frame 3520
Done with frame 3521
Done with frame 3522
Done with frame 3523
Done with frame 3524
Done with frame 3525
Done with frame 3526
Done with frame 3527
Done with frame 3528
Done with frame 3529
Done with frame 3530
Done with frame 3531
Done with frame 3532
Done with frame 3533
Done with frame 3534
Done with frame 3535
Done with frame 3536
Done with frame 3537
Done with frame 3538
Done with frame 3539
Done with frame 3540
Done with frame 3541
Done with frame 3542
Done with frame 3543
Done with frame 3544
Done with frame 3545
Done with frame 3546
Done with frame 3547
Done with frame 3548
Done with frame 3549
Done with frame 3550
Done with frame 3551
Done with frame 3552
Done with frame 3553
Done with frame 3554
Done with frame 3555
Done with frame 3556
Done with frame 3557
Done with frame 3558
Done with frame 3559
Done with frame 3560
Done with frame 3561
Done with frame 3562
Done with frame 3563
Done with frame 3564
Done with frame 3565
Done with frame 3566
Done with frame 3567
Done with frame 3568
Done with frame 3569
Done with frame 3570
Done with frame 3571
Done with frame 3572
Done with frame 3573
Done with frame 3574
Done with frame 3575
Done with frame 3576
Done with frame 3577
Done with frame 3578
Done with frame 3579
Done with frame 3580
Done with frame 3581
Done with frame 3582
Done with frame 3583
Done with frame 3584
Done with frame 3585
Done with frame 3586
Done with frame 3587
Done with frame 3588
Done with frame 3589
Done with frame 3590
Done with frame 3591
Done with frame 3592
Done with frame 3593
Done with frame 3594
Done with frame 3595
Done with frame 3596
Done with frame 3597
Done with frame 3598
Done with frame 3599
Done with frame 3600
Done with frame 3601
Done with frame 3602
Done with frame 3603
Done with frame 3604
Done with frame 3605
Done with frame 3606
Done with frame 3607
Done with frame 3608
Done with frame 3609
Done with frame 3610
Done with frame 3611
Done with frame 3612
Done with frame 3613
Done with frame 3614
Done with frame 3615
Done with frame 3616
Done with frame 3617
Done with frame 3618
Done with frame 3619
Done with frame 3620
Done with frame 3621
Done with frame 3622
Done with frame 3623
Done with frame 3624
Done with frame 3625
Done with frame 3626
Done with frame 3627
Done with frame 3628
Done with frame 3629
Done with frame 3630
Done with frame 3631
Done with frame 3632
Done with frame 3633
Done with frame 3634
Done with frame 3635
Done with frame 3636
Done with frame 3637
Done with frame 3638
Done with frame 3639
Done with frame 3640
Done with frame 3641
Done with frame 3642
Done with frame 3643
Done with frame 3644
Done with frame 3645
Done with frame 3646
Done with frame 3647
Done with frame 3648
Done with frame 3649
Done with frame 3650
Done with frame 3651
Done with frame 3652
Done with frame 3653
Done with frame 3654
Done with frame 3655
Done with frame 3656
Done with frame 3657
Done with frame 3658
Done with frame 3659
Done with frame 3660
Done with frame 3661
Done with frame 3662
Done with frame 3663
Done with frame 3664
Done with frame 3665
Done with frame 3666
Done with frame 3667
Done with frame 3668
Done with frame 3669
Done with frame 3670
Done with frame 3671
Done with frame 3672
Done with frame 3673
Done with frame 3674
Done with frame 3675
Done with frame 3676
Done with frame 3677
Done with frame 3678
Done with frame 3679
Done with frame 3680
Done with frame 3681
Done with frame 3682
Done with frame 3683
Done with frame 3684
Done with frame 3685
Done with frame 3686
Done with frame 3687
Done with frame 3688
Done with frame 3689
Done with frame 3690
Done with frame 3691
Done with frame 3692
Done with frame 3693
Done with frame 3694
Done with frame 3695
Done with frame 3696
Done with frame 3697
Done with frame 3698
Done with frame 3699
Done with frame 3700
Done with frame 3701
Done with frame 3702
Done with frame 3703
Done with frame 3704
Done with frame 3705
Done with frame 3706
Done with frame 3707
Done with frame 3708
Done with frame 3709
Done with frame 3710
Done with frame 3711
Done with frame 3712
Done with frame 3713
Done with frame 3714
Done with frame 3715
Done with frame 3716
Done with frame 3717
Done with frame 3718
Done with frame 3719
Done with frame 3720
Done with frame 3721
Done with frame 3722
Done with frame 3723
Done with frame 3724
Done with frame 3725
Done with frame 3726
Done with frame 3727
Done with frame 3728
Done with frame 3729
Done with frame 3730
Done with frame 3731
Done with frame 3732
Done with frame 3733
Done with frame 3734
Done with frame 3735
Done with frame 3736
Done with frame 3737
Done with frame 3738
Done with frame 3739
Done with frame 3740
Done with frame 3741
Done with frame 3742
Done with frame 3743
Done with frame 3744
Done with frame 3745
Done with frame 3746
Done with frame 3747
Done with frame 3748
Done with frame 3749
Done with frame 3750
Done with frame 3751
Done with frame 3752
Done with frame 3753
Done with frame 3754
Done with frame 3755
Done with frame 3756
Done with frame 3757
Done with frame 3758
Done with frame 3759
Done with frame 3760
Done with frame 3761
Done with frame 3762
Done with frame 3763
Done with frame 3764
Done with frame 3765
Done with frame 3766
Done with frame 3767
Done with frame 3768
Done with frame 3769
Done with frame 3770
Done with frame 3771
Done with frame 3772
Done with frame 3773
Done with frame 3774
Done with frame 3775
Done with frame 3776
Done with frame 3777
Done with frame 3778
Done with frame 3779
Done with frame 3780
Done with frame 3781
Done with frame 3782
Done with frame 3783
Done with frame 3784
Done with frame 3785
Done with frame 3786
Done with frame 3787
Done with frame 3788
Done with frame 3789
Done with frame 3790
Done with frame 3791
Done with frame 3792
Done with frame 3793
Done with frame 3794
Done with frame 3795
Done with frame 3796
Done with frame 3797
Done with frame 3798
Done with frame 3799
Done with frame 3800
Done with frame 3801
Done with frame 3802
Done with frame 3803
Done with frame 3804
Done with frame 3805
Done with frame 3806
Done with frame 3807
Done with frame 3808
Done with frame 3809
Done with frame 3810
Done with frame 3811
Done with frame 3812
Done with frame 3813
Done with frame 3814
Done with frame 3815
Done with frame 3816
Done with frame 3817
Done with frame 3818
Done with frame 3819
Done with frame 3820
Done with frame 3821
Done with frame 3822
Done with frame 3823
Done with frame 3824
Done with frame 3825
Done with frame 3826
Done with frame 3827
Done with frame 3828
Done with frame 3829
Done with frame 3830
Done with frame 3831
Done with frame 3832
Done with frame 3833
Done with frame 3834
Done with frame 3835
Done with frame 3836
Done with frame 3837
Done with frame 3838
Done with frame 3839
Done with frame 3840
Done with frame 3841
Done with frame 3842
Done with frame 3843
Done with frame 3844
Done with frame 3845
Done with frame 3846
Done with frame 3847
Done with frame 3848
Done with frame 3849
Done with frame 3850
Done with frame 3851
Done with frame 3852
Done with frame 3853
Done with frame 3854
Done with frame 3855
Done with frame 3856
Done with frame 3857
Done with frame 3858
Done with frame 3859
Done with frame 3860
Done with frame 3861
Done with frame 3862
Done with frame 3863
Done with frame 3864
Done with frame 3865
Done with frame 3866
Done with frame 3867
Done with frame 3868
Done with frame 3869
Done with frame 3870
Done with frame 3871
Done with frame 3872
Done with frame 3873
Done with frame 3874
Done with frame 3875
Done with frame 3876
Done with frame 3877
Done with frame 3878
Done with frame 3879
Done with frame 3880
Done with frame 3881
Done with frame 3882
Done with frame 3883
Done with frame 3884
Done with frame 3885
Done with frame 3886
Done with frame 3887
Done with frame 3888
Done with frame 3889
Done with frame 3890
Done with frame 3891
Done with frame 3892
Done with frame 3893
Done with frame 3894
Done with frame 3895
Done with frame 3896
Done with frame 3897
Done with frame 3898
Done with frame 3899
Done with frame 3900
Done with frame 3901
Done with frame 3902
Done with frame 3903
Done with frame 3904
Done with frame 3905
Done with frame 3906
Done with frame 3907
Done with frame 3908
Done with frame 3909
Done with frame 3910
Done with frame 3911
Done with frame 3912
Done with frame 3913
Done with frame 3914
Done with frame 3915
Done with frame 3916
Done with frame 3917
Done with frame 3918
Done with frame 3919
Done with frame 3920
Done with frame 3921
Done with frame 3922
Done with frame 3923
Done with frame 3924
Done with frame 3925
Done with frame 3926
Done with frame 3927
Done with frame 3928
Done with frame 3929
Done with frame 3930
Done with frame 3931
Done with frame 3932
Done with frame 3933
Done with frame 3934
Done with frame 3935
Done with frame 3936
Done with frame 3937
Done with frame 3938
Done with frame 3939
Done with frame 3940
Done with frame 3941
Done with frame 3942
Done with frame 3943
Done with frame 3944
Done with frame 3945
Done with frame 3946
Done with frame 3947
Done with frame 3948
Done with frame 3949
Done with frame 3950
Done with frame 3951
Done with frame 3952
Done with frame 3953
Done with frame 3954
Done with frame 3955
Done with frame 3956
Done with frame 3957
Done with frame 3958
Done with frame 3959
Done with frame 3960
Done with frame 3961
Done with frame 3962
Done with frame 3963
Done with frame 3964
Done with frame 3965
Done with frame 3966
Done with frame 3967
Done with frame 3968
Done with frame 3969
Done with frame 3970
Done with frame 3971
Done with frame 3972
Done with frame 3973
Done with frame 3974
Done with frame 3975
Done with frame 3976
Done with frame 3977
Done with frame 3978
Done with frame 3979
Done with frame 3980
Done with frame 3981
Done with frame 3982
Done with frame 3983
Done with frame 3984
Done with frame 3985
Done with frame 3986
Done with frame 3987
Done with frame 3988
Done with frame 3989
Done with frame 3990
Done with frame 3991
Done with frame 3992
Done with frame 3993
Done with frame 3994
Done with frame 3995
Done with frame 3996
Done with frame 3997
Done with frame 3998
Done with frame 3999
Done with frame 4000
Done with frame 4001
Done with frame 4002
Done with frame 4003
Done with frame 4004
Done with frame 4005
Done with frame 4006
Done with frame 4007
Done with frame 4008
Done with frame 4009
Done with frame 4010
Done with frame 4011
Done with frame 4012
Done with frame 4013
Done with frame 4014
Done with frame 4015
Done with frame 4016
Done with frame 4017
Done with frame 4018
Done with frame 4019
Done with frame 4020
Done with frame 4021
Done with frame 4022
Done with frame 4023
Done with frame 4024
Done with frame 4025
Done with frame 4026
Done with frame 4027
Done with frame 4028
Done with frame 4029
Done with frame 4030
Done with frame 4031
Done with frame 4032
Done with frame 4033
Done with frame 4034
Done with frame 4035
Done with frame 4036
Done with frame 4037
Done with frame 4038
Done with frame 4039
Done with frame 4040
Done with frame 4041
Done with frame 4042
Done with frame 4043
Done with frame 4044
Done with frame 4045
Done with frame 4046
Done with frame 4047
Done with frame 4048
Done with frame 4049
Done with frame 4050
Done with frame 4051
Done with frame 4052
Done with frame 4053
Done with frame 4054
Done with frame 4055
Done with frame 4056
Done with frame 4057
Done with frame 4058
Done with frame 4059
Done with frame 4060
Done with frame 4061
Done with frame 4062
Done with frame 4063
Done with frame 4064
Done with frame 4065
Done with frame 4066
Done with frame 4067
Done with frame 4068
Done with frame 4069
Done with frame 4070
Done with frame 4071
Done with frame 4072
Done with frame 4073
Done with frame 4074
Done with frame 4075
Done with frame 4076
Done with frame 4077
Done with frame 4078
Done with frame 4079
Done with frame 4080
Done with frame 4081
Done with frame 4082
Done with frame 4083
Done with frame 4084
Done with frame 4085
Done with frame 4086
Done with frame 4087
Done with frame 4088
Done with frame 4089
Done with frame 4090
Done with frame 4091
Done with frame 4092
Done with frame 4093
Done with frame 4094
Done with frame 4095
Done with frame 4096
Done with frame 4097
Done with frame 4098
Done with frame 4099
Done with frame 4100
Done with frame 4101
Done with frame 4102
Done with frame 4103
Done with frame 4104
Done with frame 4105
Done with frame 4106
Done with frame 4107
Done with frame 4108
Done with frame 4109
Done with frame 4110
Done with frame 4111
Done with frame 4112
Done with frame 4113
Done with frame 4114
Done with frame 4115
Done with frame 4116
Done with frame 4117
Done with frame 4118
Done with frame 4119
Done with frame 4120
Done with frame 4121
Done with frame 4122
Done with frame 4123
Done with frame 4124
Done with frame 4125
Done with frame 4126
Done with frame 4127
Done with frame 4128
Done with frame 4129
Done with frame 4130
Done with frame 4131
Done with frame 4132
Done with frame 4133
Done with frame 4134
Done with frame 4135
Done with frame 4136
Done with frame 4137
Done with frame 4138
Done with frame 4139
Done with frame 4140
Done with frame 4141
Done with frame 4142
Done with frame 4143
Done with frame 4144
Done with frame 4145
Done with frame 4146
Done with frame 4147
Done with frame 4148
Done with frame 4149
Done with frame 4150
Done with frame 4151
Done with frame 4152
Done with frame 4153
Done with frame 4154
Done with frame 4155
Done with frame 4156
Done with frame 4157
Done with frame 4158
Done with frame 4159
Done with frame 4160
Done with frame 4161
Done with frame 4162
Done with frame 4163
Done with frame 4164
Done with frame 4165
Done with frame 4166
Done with frame 4167
Done with frame 4168
Done with frame 4169
Done with frame 4170
Done with frame 4171
Done with frame 4172
Done with frame 4173
Done with frame 4174
Done with frame 4175
Done with frame 4176
Done with frame 4177
Done with frame 4178
Done with frame 4179
Done with frame 4180
Done with frame 4181
Done with frame 4182
Done with frame 4183
Done with frame 4184
Done with frame 4185
Done with frame 4186
Done with frame 4187
Done with frame 4188
Done with frame 4189
Done with frame 4190
Done with frame 4191
Done with frame 4192
Done with frame 4193
Done with frame 4194
Done with frame 4195
Done with frame 4196
Done with frame 4197
Done with frame 4198
Done with frame 4199
Done with frame 4200
Done with frame 4201
Done with frame 4202
Done with frame 4203
Done with frame 4204
Done with frame 4205
Done with frame 4206
Done with frame 4207
Done with frame 4208
Done with frame 4209
Done with frame 4210
Done with frame 4211
Done with frame 4212
Done with frame 4213
Done with frame 4214
Done with frame 4215
Done with frame 4216
Done with frame 4217
Done with frame 4218
Done with frame 4219
Done with frame 4220
Done with frame 4221
Done with frame 4222
Done with frame 4223
Done with frame 4224
Done with frame 4225
Done with frame 4226
Done with frame 4227
Done with frame 4228
Done with frame 4229
Done with frame 4230
Done with frame 4231
Done with frame 4232
Done with frame 4233
Done with frame 4234
Done with frame 4235
Done with frame 4236
Done with frame 4237
Done with frame 4238
Done with frame 4239
Done with frame 4240
Done with frame 4241
Done with frame 4242
Done with frame 4243
Done with frame 4244
Done with frame 4245
Done with frame 4246
Done with frame 4247
Done with frame 4248
Done with frame 4249
Done with frame 4250
Done with frame 4251
Done with frame 4252
Done with frame 4253
Done with frame 4254
Done with frame 4255
Done with frame 4256
Done with frame 4257
Done with frame 4258
Done with frame 4259
Done with frame 4260
Done with frame 4261
Done with frame 4262
Done with frame 4263
Done with frame 4264
Done with frame 4265
Done with frame 4266
Done with frame 4267
Done with frame 4268
Done with frame 4269
Done with frame 4270
Done with frame 4271
Done with frame 4272
Done with frame 4273
Done with frame 4274
Done with frame 4275
Done with frame 4276
Done with frame 4277
Done with frame 4278
Done with frame 4279
Done with frame 4280
Done with frame 4281
Done with frame 4282
Done with frame 4283
Done with frame 4284
Done with frame 4285
Done with frame 4286
Done with frame 4287
Done with frame 4288
Done with frame 4289
Done with frame 4290
Done with frame 4291
Done with frame 4292
Done with frame 4293
Done with frame 4294
Done with frame 4295
Done with frame 4296
Done with frame 4297
Done with frame 4298
Done with frame 4299
Done with frame 4300
Done with frame 4301
Done with frame 4302
Done with frame 4303
Done with frame 4304
Done with frame 4305
Done with frame 4306
Done with frame 4307
Done with frame 4308
Done with frame 4309
Done with frame 4310
Done with frame 4311
Done with frame 4312
Done with frame 4313
Done with frame 4314
Done with frame 4315
Done with frame 4316
Done with frame 4317
Done with frame 4318
Done with frame 4319
Done with frame 4320
Done with frame 4321
Done with frame 4322
Done with frame 4323
Done with frame 4324
Done with frame 4325
Done with frame 4326
Done with frame 4327
Done with frame 4328
Done with frame 4329
Done with frame 4330
Done with frame 4331
Done with frame 4332
Done with frame 4333
Done with frame 4334
Done with frame 4335
Done with frame 4336
Done with frame 4337
Done with frame 4338
Done with frame 4339
Done with frame 4340
Done with frame 4341
Done with frame 4342
Done with frame 4343
Done with frame 4344
Done with frame 4345
Done with frame 4346
Done with frame 4347
Done with frame 4348
Done with frame 4349
Done with frame 4350
Done with frame 4351
Done with frame 4352
Done with frame 4353
Done with frame 4354
Done with frame 4355
Done with frame 4356
Done with frame 4357
Done with frame 4358
Done with frame 4359
Done with frame 4360
Done with frame 4361
Done with frame 4362
Done with frame 4363
Done with frame 4364
Done with frame 4365
Done with frame 4366
Done with frame 4367
Done with frame 4368
Done with frame 4369
Done with frame 4370
Done with frame 4371
Done with frame 4372
Done with frame 4373
Done with frame 4374
Done with frame 4375
Done with frame 4376
Done with frame 4377
Done with frame 4378
Done with frame 4379
Done with frame 4380
Done with frame 4381
Done with frame 4382
Done with frame 4383
Done with frame 4384
Done with frame 4385
Done with frame 4386
Done with frame 4387
Done with frame 4388
Done with frame 4389
Done with frame 4390
Done with frame 4391
Done with frame 4392
Done with frame 4393
Done with frame 4394
Done with frame 4395
Done with frame 4396
Done with frame 4397
Done with frame 4398
Done with frame 4399
Done with frame 4400
Done with frame 4401
Done with frame 4402
Done with frame 4403
Done with frame 4404
Done with frame 4405
Done with frame 4406
Done with frame 4407
Done with frame 4408
Done with frame 4409
Done with frame 4410
Done with frame 4411
Done with frame 4412
Done with frame 4413
Done with frame 4414
Done with frame 4415
Done with frame 4416
Done with frame 4417
Done with frame 4418
Done with frame 4419
Done with frame 4420
Done with frame 4421
Done with frame 4422
Done with frame 4423
Done with frame 4424
Done with frame 4425
Done with frame 4426
Done with frame 4427
Done with frame 4428
Done with frame 4429
Done with frame 4430
Done with frame 4431
Done with frame 4432
Done with frame 4433
Done with frame 4434
Done with frame 4435
Done with frame 4436
Done with frame 4437
Done with frame 4438
Done with frame 4439
Done with frame 4440
Done with frame 4441
Done with frame 4442
Done with frame 4443
Done with frame 4444
Done with frame 4445
Done with frame 4446
Done with frame 4447
Done with frame 4448
Done with frame 4449
Done with frame 4450
Done with frame 4451
Done with frame 4452
Done with frame 4453
Done with frame 4454
Done with frame 4455
Done with frame 4456
Done with frame 4457
Done with frame 4458
Done with frame 4459
Done with frame 4460
Done with frame 4461
Done with frame 4462
Done with frame 4463
Done with frame 4464
Done with frame 4465
Done with frame 4466
Done with frame 4467
Done with frame 4468
Done with frame 4469
Done with frame 4470
Done with frame 4471
Done with frame 4472
Done with frame 4473
Done with frame 4474
Done with frame 4475
Done with frame 4476
Done with frame 4477
Done with frame 4478
Done with frame 4479
Done with frame 4480
Done with frame 4481
Done with frame 4482
Done with frame 4483
Done with frame 4484
Done with frame 4485
Done with frame 4486
Done with frame 4487
Done with frame 4488
Done with frame 4489
Done with frame 4490
Done with frame 4491
Done with frame 4492
Done with frame 4493
Done with frame 4494
Done with frame 4495
Done with frame 4496
Done with frame 4497
Done with frame 4498
Done with frame 4499
Done with frame 4500
Done with frame 4501
Done with frame 4502
Done with frame 4503
Done with frame 4504
Done with frame 4505
Done with frame 4506
Done with frame 4507
Done with frame 4508
Done with frame 4509
Done with frame 4510
Done with frame 4511
Done with frame 4512
Done with frame 4513
Done with frame 4514
Done with frame 4515
Done with frame 4516
Done with frame 4517
Done with frame 4518
Done with frame 4519
Done with frame 4520
Done with frame 4521
Done with frame 4522
Done with frame 4523
Done with frame 4524
Done with frame 4525
Done with frame 4526
Done with frame 4527
Done with frame 4528
Done with frame 4529
Done with frame 4530
Done with frame 4531
Done with frame 4532
Done with frame 4533
Done with frame 4534
Done with frame 4535
Done with frame 4536
Done with frame 4537
Done with frame 4538
Done with frame 4539
Done with frame 4540
Done with frame 4541
Done with frame 4542
Done with frame 4543
Done with frame 4544
Done with frame 4545
Done with frame 4546
Done with frame 4547
Done with frame 4548
Done with frame 4549
Done with frame 4550
Done with frame 4551
Done with frame 4552
Done with frame 4553
Done with frame 4554
Done with frame 4555
Done with frame 4556
Done with frame 4557
Done with frame 4558
Done with frame 4559
Done with frame 4560
Done with frame 4561
Done with frame 4562
Done with frame 4563
Done with frame 4564
Done with frame 4565
Done with frame 4566
Done with frame 4567
Done with frame 4568
Done with frame 4569
Done with frame 4570
Done with frame 4571
Done with frame 4572
Done with frame 4573
Done with frame 4574
Done with frame 4575
Done with frame 4576
Done with frame 4577
Done with frame 4578
Done with frame 4579
Done with frame 4580
Done with frame 4581
Done with frame 4582
Done with frame 4583
Done with frame 4584
Done with frame 4585
Done with frame 4586
Done with frame 4587
Done with frame 4588
Done with frame 4589
Done with frame 4590
Done with frame 4591
Done with frame 4592
Done with frame 4593
Done with frame 4594
Done with frame 4595
Done with frame 4596
Done with frame 4597
Done with frame 4598
Done with frame 4599
Done with frame 4600
Done with frame 4601
Done with frame 4602
Done with frame 4603
Done with frame 4604
Done with frame 4605
Done with frame 4606
Done with frame 4607
Done with frame 4608
Done with frame 4609
Done with frame 4610
Done with frame 4611
Done with frame 4612
Done with frame 4613
Done with frame 4614
Done with frame 4615
Done with frame 4616
Done with frame 4617
Done with frame 4618
Done with frame 4619
Done with frame 4620
Done with frame 4621
Done with frame 4622
Done with frame 4623
Done with frame 4624
Done with frame 4625
Done with frame 4626
Done with frame 4627
Done with frame 4628
Done with frame 4629
Done with frame 4630
Done with frame 4631
Done with frame 4632
Done with frame 4633
Done with frame 4634
Done with frame 4635
Done with frame 4636
Done with frame 4637
Done with frame 4638
Done with frame 4639
Done with frame 4640
Done with frame 4641
Done with frame 4642
Done with frame 4643
Done with frame 4644
Done with frame 4645
Done with frame 4646
Done with frame 4647
Done with frame 4648
Done with frame 4649
Done with frame 4650
Done with frame 4651
Done with frame 4652
Done with frame 4653
Done with frame 4654
Done with frame 4655
Done with frame 4656
Done with frame 4657
Done with frame 4658
Done with frame 4659
Done with frame 4660
Done with frame 4661
Done with frame 4662
Done with frame 4663
Done with frame 4664
Done with frame 4665
Done with frame 4666
Done with frame 4667
Done with frame 4668
Done with frame 4669
Done with frame 4670
Done with frame 4671
Done with frame 4672
Done with frame 4673
Done with frame 4674
Done with frame 4675
Done with frame 4676
Done with frame 4677
Done with frame 4678
Done with frame 4679
Done with frame 4680
Done with frame 4681
Done with frame 4682
Done with frame 4683
Done with frame 4684
Done with frame 4685
Done with frame 4686
Done with frame 4687
Done with frame 4688
Done with frame 4689
Done with frame 4690
Done with frame 4691
Done with frame 4692
Done with frame 4693
Done with frame 4694
Done with frame 4695
Done with frame 4696
Done with frame 4697
Done with frame 4698
Done with frame 4699
Done with frame 4700
Done with frame 4701
Done with frame 4702
Done with frame 4703
Done with frame 4704
Done with frame 4705
Done with frame 4706
Done with frame 4707
Done with frame 4708
Done with frame 4709
Done with frame 4710
Done with frame 4711
Done with frame 4712
Done with frame 4713
Done with frame 4714
Done with frame 4715
Done with frame 4716
Done with frame 4717
Done with frame 4718
Done with frame 4719
Done with frame 4720
Done with frame 4721
Done with frame 4722
Done with frame 4723
Done with frame 4724
Done with frame 4725
Done with frame 4726
Done with frame 4727
Done with frame 4728
Done with frame 4729
Done with frame 4730
Done with frame 4731
Done with frame 4732
Done with frame 4733
Done with frame 4734
Done with frame 4735
Done with frame 4736
Done with frame 4737
Done with frame 4738
Done with frame 4739
Done with frame 4740
Done with frame 4741
Done with frame 4742
Done with frame 4743
Done with frame 4744
Done with frame 4745
Done with frame 4746
Done with frame 4747
Done with frame 4748
Done with frame 4749
Done with frame 4750
Done with frame 4751
Done with frame 4752
Done with frame 4753
Done with frame 4754
Done with frame 4755
Done with frame 4756
Done with frame 4757
Done with frame 4758
Done with frame 4759
Done with frame 4760
Done with frame 4761
Done with frame 4762
Done with frame 4763
Done with frame 4764
Done with frame 4765
Done with frame 4766
Done with frame 4767
Done with frame 4768
Done with frame 4769
Done with frame 4770
Done with frame 4771
Done with frame 4772
Done with frame 4773
Done with frame 4774
Done with frame 4775
Done with frame 4776
Done with frame 4777
Done with frame 4778
Done with frame 4779
Done with frame 4780
Done with frame 4781
Done with frame 4782
Done with frame 4783
Done with frame 4784
Done with frame 4785
Done with frame 4786
Done with frame 4787
Done with frame 4788
Done with frame 4789
Done with frame 4790
Done with frame 4791
Done with frame 4792
Done with frame 4793
Done with frame 4794
Done with frame 4795
Done with frame 4796
Done with frame 4797
Done with frame 4798
Done with frame 4799
Done with frame 4800
Done with frame 4801
Done with frame 4802
Done with frame 4803
Done with frame 4804
Done with frame 4805
Done with frame 4806
Done with frame 4807
Done with frame 4808
Done with frame 4809
Done with frame 4810
Done with frame 4811
Done with frame 4812
Done with frame 4813
Done with frame 4814
Done with frame 4815
Done with frame 4816
Done with frame 4817
Done with frame 4818
Done with frame 4819
Done with frame 4820
Done with frame 4821
Done with frame 4822
Done with frame 4823
Done with frame 4824
Done with frame 4825
Done with frame 4826
Done with frame 4827
Done with frame 4828
Done with frame 4829
Done with frame 4830
Done with frame 4831
Done with frame 4832
Done with frame 4833
Done with frame 4834
Done with frame 4835
Done with frame 4836
Done with frame 4837
Done with frame 4838
Done with frame 4839
Done with frame 4840
Done with frame 4841
Done with frame 4842
Done with frame 4843
Done with frame 4844
Done with frame 4845
Done with frame 4846
Done with frame 4847
Done with frame 4848
Done with frame 4849
Done with frame 4850
Done with frame 4851
Done with frame 4852
Done with frame 4853
Done with frame 4854
Done with frame 4855
Done with frame 4856
Done with frame 4857
Done with frame 4858
Done with frame 4859
Done with frame 4860
Done with frame 4861
Done with frame 4862
Done with frame 4863
Done with frame 4864
Done with frame 4865
Done with frame 4866
Done with frame 4867
Done with frame 4868
Done with frame 4869
Done with frame 4870
Done with frame 4871
Done with frame 4872
Done with frame 4873
Done with frame 4874
Done with frame 4875
Done with frame 4876
Done with frame 4877
Done with frame 4878
Done with frame 4879
Done with frame 4880
Done with frame 4881
Done with frame 4882
Done with frame 4883
Done with frame 4884
Done with frame 4885
Done with frame 4886
Done with frame 4887
Done with frame 4888
Done with frame 4889
Done with frame 4890
Done with frame 4891
Done with frame 4892
Done with frame 4893
Done with frame 4894
Done with frame 4895
Done with frame 4896
Done with frame 4897
Done with frame 4898
Done with frame 4899
Done with frame 4900
Done with frame 4901
Done with frame 4902
Done with frame 4903
Done with frame 4904
Done with frame 4905
Done with frame 4906
Done with frame 4907
Done with frame 4908
Done with frame 4909
Done with frame 4910
Done with frame 4911
Done with frame 4912
Done with frame 4913
Done with frame 4914
Done with frame 4915
Done with frame 4916
Done with frame 4917
Done with frame 4918
Done with frame 4919
Done with frame 4920
Done with frame 4921
Done with frame 4922
Done with frame 4923
Done with frame 4924
Done with frame 4925
Done with frame 4926
Done with frame 4927
Done with frame 4928
Done with frame 4929
Done with frame 4930
Done with frame 4931
Done with frame 4932
Done with frame 4933
Done with frame 4934
Done with frame 4935
Done with frame 4936
Done with frame 4937
Done with frame 4938
Done with frame 4939
Done with frame 4940
Done with frame 4941
Done with frame 4942
Done with frame 4943
Done with frame 4944
Done with frame 4945
Done with frame 4946
Done with frame 4947
Done with frame 4948
Done with frame 4949
Done with frame 4950
Done with frame 4951
Done with frame 4952
Done with frame 4953
Done with frame 4954
Done with frame 4955
Done with frame 4956
Done with frame 4957
Done with frame 4958
Done with frame 4959
Done with frame 4960
Done with frame 4961
Done with frame 4962
Done with frame 4963
Done with frame 4964
Done with frame 4965
Done with frame 4966
Done with frame 4967
Done with frame 4968
Done with frame 4969
Done with frame 4970
Done with frame 4971
Done with frame 4972
Done with frame 4973
Done with frame 4974
Done with frame 4975
Done with frame 4976
Done with frame 4977
Done with frame 4978
Done with frame 4979
Done with frame 4980
Done with frame 4981
Done with frame 4982
Done with frame 4983
Done with frame 4984
Done with frame 4985
Done with frame 4986
Done with frame 4987
Done with frame 4988
Done with frame 4989
Done with frame 4990
Done with frame 4991
Done with frame 4992
Done with frame 4993
Done with frame 4994
Done with frame 4995
Done with frame 4996
Done with frame 4997
Done with frame 4998
Done with frame 4999
Done with frame 5000
Done with frame 5001
Done with frame 5002
Done with frame 5003
Done with frame 5004
Done with frame 5005
Done with frame 5006
Done with frame 5007
Done with frame 5008
Done with frame 5009
Done with frame 5010
Done with frame 5011
Done with frame 5012
Done with frame 5013
Done with frame 5014
Done with frame 5015
Done with frame 5016
Done with frame 5017
Done with frame 5018
Done with frame 5019
Done with frame 5020
Done with frame 5021
Done with frame 5022
Done with frame 5023
Done with frame 5024
Done with frame 5025
Done with frame 5026
Done with frame 5027
Done with frame 5028
Done with frame 5029
Done with frame 5030
Done with frame 5031
Done with frame 5032
Done with frame 5033
Done with frame 5034
Done with frame 5035
Done with frame 5036
Done with frame 5037
Done with frame 5038
Done with frame 5039
Done with frame 5040
Done with frame 5041
Done with frame 5042
Done with frame 5043
Done with frame 5044
Done with frame 5045
Done with frame 5046
Done with frame 5047
Done with frame 5048
Done with frame 5049
Done with frame 5050
Done with frame 5051
Done with frame 5052
Done with frame 5053
Done with frame 5054
Done with frame 5055
Done with frame 5056
Done with frame 5057
Done with frame 5058
Done with frame 5059
Done with frame 5060
Done with frame 5061
Done with frame 5062
Done with frame 5063
Done with frame 5064
Done with frame 5065
Done with frame 5066
Done with frame 5067
Done with frame 5068
Done with frame 5069
Done with frame 5070
Done with frame 5071
Done with frame 5072
Done with frame 5073
Done with frame 5074
Done with frame 5075
Done with frame 5076
Done with frame 5077
Done with frame 5078
Done with frame 5079
Done with frame 5080
Done with frame 5081
Done with frame 5082
Done with frame 5083
Done with frame 5084
Done with frame 5085
Done with frame 5086
Done with frame 5087
Done with frame 5088
Done with frame 5089
Done with frame 5090
Done with frame 5091
Done with frame 5092
Done with frame 5093
Done with frame 5094
Done with frame 5095
Done with frame 5096
Done with frame 5097
Done with frame 5098
Done with frame 5099
Done with frame 5100
Done with frame 5101
Done with frame 5102
Done with frame 5103
Done with frame 5104
Done with frame 5105
Done with frame 5106
Done with frame 5107
Done with frame 5108
Done with frame 5109
Done with frame 5110
Done with frame 5111
Done with frame 5112
Done with frame 5113
Done with frame 5114
Done with frame 5115
Done with frame 5116
Done with frame 5117
Done with frame 5118
Done with frame 5119
Done with frame 5120
Done with frame 5121
Done with frame 5122
Done with frame 5123
Done with frame 5124
Done with frame 5125
Done with frame 5126
Done with frame 5127
Done with frame 5128
Done with frame 5129
Done with frame 5130
Done with frame 5131
Done with frame 5132
Done with frame 5133
Done with frame 5134
Done with frame 5135
Done with frame 5136
Done with frame 5137
Done with frame 5138
Done with frame 5139
Done with frame 5140
Done with frame 5141
Done with frame 5142
Done with frame 5143
Done with frame 5144
Done with frame 5145
Done with frame 5146
Done with frame 5147
Done with frame 5148
Done with frame 5149
Done with frame 5150
Done with frame 5151
Done with frame 5152
Done with frame 5153
Done with frame 5154
Done with frame 5155
Done with frame 5156
Done with frame 5157
Done with frame 5158
Done with frame 5159
Done with frame 5160
Done with frame 5161
Done with frame 5162
Done with frame 5163
Done with frame 5164
Done with frame 5165
Done with frame 5166
Done with frame 5167
Done with frame 5168
Done with frame 5169
Done with frame 5170
Done with frame 5171
Done with frame 5172
Done with frame 5173
Done with frame 5174
Done with frame 5175
Done with frame 5176
Done with frame 5177
Done with frame 5178
Done with frame 5179
Done with frame 5180
Done with frame 5181
Done with frame 5182
Done with frame 5183
Done with frame 5184
Done with frame 5185
Done with frame 5186
Done with frame 5187
Done with frame 5188
Done with frame 5189
Done with frame 5190
Done with frame 5191
Done with frame 5192
Done with frame 5193
Done with frame 5194
Done with frame 5195
Done with frame 5196
Done with frame 5197
Done with frame 5198
Done with frame 5199
Done with frame 5200
Done with frame 5201
Done with frame 5202
Done with frame 5203
Done with frame 5204
Done with frame 5205
Done with frame 5206
Done with frame 5207
Done with frame 5208
Done with frame 5209
Done with frame 5210
Done with frame 5211
Done with frame 5212
Done with frame 5213
Done with frame 5214
Done with frame 5215
Done with frame 5216
Done with frame 5217
Done with frame 5218
Done with frame 5219
Done with frame 5220
Done with frame 5221
Done with frame 5222
Done with frame 5223
Done with frame 5224
Done with frame 5225
Done with frame 5226
Done with frame 5227
Done with frame 5228
Done with frame 5229
Done with frame 5230
Done with frame 5231
Done with frame 5232
Done with frame 5233
Done with frame 5234
Done with frame 5235
Done with frame 5236
Done with frame 5237
Done with frame 5238
Done with frame 5239
Done with frame 5240
Done with frame 5241
Done with frame 5242
Done with frame 5243
Done with frame 5244
Done with frame 5245
Done with frame 5246
Done with frame 5247
Done with frame 5248
Done with frame 5249
Done with frame 5250
Done with frame 5251
Done with frame 5252
Done with frame 5253
Done with frame 5254
Done with frame 5255
Done with frame 5256
Done with frame 5257
Done with frame 5258
Done with frame 5259
Done with frame 5260
Done with frame 5261
Done with frame 5262
Done with frame 5263
Done with frame 5264
Done with frame 5265
Done with frame 5266
Done with frame 5267
Done with frame 5268
Done with frame 5269
Done with frame 5270
Done with frame 5271
Done with frame 5272
Done with frame 5273
Done with frame 5274
Done with frame 5275
Done with frame 5276
Done with frame 5277
Done with frame 5278
Done with frame 5279
Done with frame 5280
Done with frame 5281
Done with frame 5282
Done with frame 5283
Done with frame 5284
Done with frame 5285
Done with frame 5286
Done with frame 5287
Done with frame 5288
Done with frame 5289
Done with frame 5290
Done with frame 5291
Done with frame 5292
Done with frame 5293
Done with frame 5294
Done with frame 5295
Done with frame 5296
Done with frame 5297
Done with frame 5298
Done with frame 5299
Done with frame 5300
Done with frame 5301
Done with frame 5302
Done with frame 5303
Done with frame 5304
Done with frame 5305
Done with frame 5306
Done with frame 5307
Done with frame 5308
Done with frame 5309
Done with frame 5310
Done with frame 5311
Done with frame 5312
Done with frame 5313
Done with frame 5314
Done with frame 5315
Done with frame 5316
Done with frame 5317
Done with frame 5318
Done with frame 5319
Done with frame 5320
Done with frame 5321
Done with frame 5322
Done with frame 5323
Done with frame 5324
Done with frame 5325
Done with frame 5326
Done with frame 5327
Done with frame 5328
Done with frame 5329
Done with frame 5330
Done with frame 5331
Done with frame 5332
Done with frame 5333
Done with frame 5334
Done with frame 5335
Done with frame 5336
Done with frame 5337
Done with frame 5338
Done with frame 5339
Done with frame 5340
Done with frame 5341
Done with frame 5342
Done with frame 5343
Done with frame 5344
Done with frame 5345
Done with frame 5346
Done with frame 5347
Done with frame 5348
Done with frame 5349
Done with frame 5350
Done with frame 5351
Done with frame 5352
Done with frame 5353
Done with frame 5354
Done with frame 5355
Done with frame 5356
Done with frame 5357
Done with frame 5358
Done with frame 5359
Done with frame 5360
Done with frame 5361
Done with frame 5362
Done with frame 5363
Done with frame 5364
Done with frame 5365
Done with frame 5366
Done with frame 5367
Done with frame 5368
Done with frame 5369
Done with frame 5370
Done with frame 5371
Done with frame 5372
Done with frame 5373
Done with frame 5374
Done with frame 5375
Done with frame 5376
Done with frame 5377
Done with frame 5378
Done with frame 5379
Done with frame 5380
Done with frame 5381
Done with frame 5382
Done with frame 5383
Done with frame 5384
Done with frame 5385
Done with frame 5386
Done with frame 5387
Done with frame 5388
Done with frame 5389
Done with frame 5390
Done with frame 5391
Done with frame 5392
Done with frame 5393
Done with frame 5394
Done with frame 5395
Done with frame 5396
Done with frame 5397
Done with frame 5398
Done with frame 5399
Done with frame 5400
Done with frame 5401
Done with frame 5402
Done with frame 5403
Done with frame 5404
Done with frame 5405
Done with frame 5406
Done with frame 5407
Done with frame 5408
Done with frame 5409
Done with frame 5410
Done with frame 5411
Done with frame 5412
Done with frame 5413
Done with frame 5414
Done with frame 5415
Done with frame 5416
Done with frame 5417
Done with frame 5418
Done with frame 5419
Done with frame 5420
Done with frame 5421
Done with frame 5422
Done with frame 5423
Done with frame 5424
Done with frame 5425
Done with frame 5426
Done with frame 5427
Done with frame 5428
Done with frame 5429
Done with frame 5430
Done with frame 5431
Done with frame 5432
Done with frame 5433
Done with frame 5434
Done with frame 5435
Done with frame 5436
Done with frame 5437
Done with frame 5438
Done with frame 5439
Done with frame 5440
Done with frame 5441
Done with frame 5442
Done with frame 5443
Done with frame 5444
Done with frame 5445
Done with frame 5446
Done with frame 5447
Done with frame 5448
Done with frame 5449
Done with frame 5450
Done with frame 5451
Done with frame 5452
Done with frame 5453
Done with frame 5454
Done with frame 5455
Done with frame 5456
Done with frame 5457
Done with frame 5458
Done with frame 5459
Done with frame 5460
Done with frame 5461
Done with frame 5462
Done with frame 5463
Done with frame 5464
Done with frame 5465
Done with frame 5466
Done with frame 5467
Done with frame 5468
Done with frame 5469
Done with frame 5470
Done with frame 5471
Done with frame 5472
Done with frame 5473
Done with frame 5474
Done with frame 5475
Done with frame 5476
Done with frame 5477
Done with frame 5478
Done with frame 5479
Done with frame 5480
Done with frame 5481
Done with frame 5482
Done with frame 5483
Done with frame 5484
Done with frame 5485
Done with frame 5486
Done with frame 5487
Done with frame 5488
Done with frame 5489
Done with frame 5490
Done with frame 5491
Done with frame 5492
Done with frame 5493
Done with frame 5494
Done with frame 5495
Done with frame 5496
Done with frame 5497
Done with frame 5498
Done with frame 5499
Done with frame 5500
Done with frame 5501
Done with frame 5502
Done with frame 5503
Done with frame 5504
Done with frame 5505
Done with frame 5506
Done with frame 5507
Done with frame 5508
Done with frame 5509
Done with frame 5510
Done with frame 5511
Done with frame 5512
Done with frame 5513
Done with frame 5514
Done with frame 5515
Done with frame 5516
Done with frame 5517
Done with frame 5518
Done with frame 5519
Done with frame 5520
Done with frame 5521
Done with frame 5522
Done with frame 5523
Done with frame 5524
Done with frame 5525
Done with frame 5526
Done with frame 5527
Done with frame 5528
Done with frame 5529
Done with frame 5530
Done with frame 5531
Done with frame 5532
Done with frame 5533
Done with frame 5534
Done with frame 5535
Done with frame 5536
Done with frame 5537
Done with frame 5538
Done with frame 5539
Done with frame 5540
Done with frame 5541
Done with frame 5542
Done with frame 5543
Done with frame 5544
Done with frame 5545
Done with frame 5546
Done with frame 5547
Done with frame 5548
Done with frame 5549
Done with frame 5550
Done with frame 5551
Done with frame 5552
Done with frame 5553
Done with frame 5554
Done with frame 5555
Done with frame 5556
Done with frame 5557
Done with frame 5558
Done with frame 5559
Done with frame 5560
Done with frame 5561
Done with frame 5562
Done with frame 5563
Done with frame 5564
Done with frame 5565
Done with frame 5566
Done with frame 5567
Done with frame 5568
Done with frame 5569
Done with frame 5570
Done with frame 5571
Done with frame 5572
Done with frame 5573
Done with frame 5574
Done with frame 5575
Done with frame 5576
Done with frame 5577
Done with frame 5578
Done with frame 5579
Done with frame 5580
Done with frame 5581
Done with frame 5582
Done with frame 5583
Done with frame 5584
Done with frame 5585
Done with frame 5586
Done with frame 5587
Done with frame 5588
Done with frame 5589
Done with frame 5590
Done with frame 5591
Done with frame 5592
Done with frame 5593
Done with frame 5594
Done with frame 5595
Done with frame 5596
Done with frame 5597
Done with frame 5598
Done with frame 5599
Done with frame 5600
Done with frame 5601
Done with frame 5602
Done with frame 5603
Done with frame 5604
Done with frame 5605
Done with frame 5606
Done with frame 5607
Done with frame 5608
Done with frame 5609
Done with frame 5610
Done with frame 5611
Done with frame 5612
Done with frame 5613
Done with frame 5614
Done with frame 5615
Done with frame 5616
Done with frame 5617
Done with frame 5618
Done with frame 5619
Done with frame 5620
Done with frame 5621
Done with frame 5622
Done with frame 5623
Done with frame 5624
Done with frame 5625
Done with frame 5626
Done with frame 5627
Done with frame 5628
Done with frame 5629
Done with frame 5630
Done with frame 5631
Done with frame 5632
Done with frame 5633
Done with frame 5634
Done with frame 5635
Done with frame 5636
Done with frame 5637
Done with frame 5638
Done with frame 5639
Done with frame 5640
Done with frame 5641
Done with frame 5642
Done with frame 5643
Done with frame 5644
Done with frame 5645
Done with frame 5646
Done with frame 5647
Done with frame 5648
Done with frame 5649
Done with frame 5650
Done with frame 5651
Done with frame 5652
Done with frame 5653
Done with frame 5654
Done with frame 5655
Done with frame 5656
Done with frame 5657
Done with frame 5658
Done with frame 5659
Done with frame 5660
Done with frame 5661
Done with frame 5662
Done with frame 5663
Done with frame 5664
Done with frame 5665
Done with frame 5666
Done with frame 5667
Done with frame 5668
Done with frame 5669
Done with frame 5670
Done with frame 5671
Done with frame 5672
Done with frame 5673
Done with frame 5674
Done with frame 5675
Done with frame 5676
Done with frame 5677
Done with frame 5678
Done with frame 5679
Done with frame 5680
Done with frame 5681
Done with frame 5682
Done with frame 5683
Done with frame 5684
Done with frame 5685
Done with frame 5686
Done with frame 5687
Done with frame 5688
Done with frame 5689
Done with frame 5690
Done with frame 5691
Done with frame 5692
Done with frame 5693
Done with frame 5694
Done with frame 5695
Done with frame 5696
Done with frame 5697
Done with frame 5698
Done with frame 5699
Done with frame 5700
Done with frame 5701
Done with frame 5702
Done with frame 5703
Done with frame 5704
Done with frame 5705
Done with frame 5706
Done with frame 5707
Done with frame 5708
Done with frame 5709
Done with frame 5710
Done with frame 5711
Done with frame 5712
Done with frame 5713
Done with frame 5714
Done with frame 5715
Done with frame 5716
Done with frame 5717
Done with frame 5718
Done with frame 5719
Done with frame 5720
Done with frame 5721
Done with frame 5722
Done with frame 5723
Done with frame 5724
Done with frame 5725
Done with frame 5726
Done with frame 5727
Done with frame 5728
Done with frame 5729
Done with frame 5730
Done with frame 5731
Done with frame 5732
Done with frame 5733
Done with frame 5734
Done with frame 5735
Done with frame 5736
Done with frame 5737
Done with frame 5738
Done with frame 5739
Done with frame 5740
Done with frame 5741
Done with frame 5742
Done with frame 5743
Done with frame 5744
Done with frame 5745
Done with frame 5746
Done with frame 5747
Done with frame 5748
Done with frame 5749
Done with frame 5750
Done with frame 5751
Done with frame 5752
Done with frame 5753
Done with frame 5754
Done with frame 5755
Done with frame 5756
Done with frame 5757
Done with frame 5758
Done with frame 5759
Done with frame 5760
Done with frame 5761
Done with frame 5762
Done with frame 5763
Done with frame 5764
Done with frame 5765
Done with frame 5766
Done with frame 5767
Done with frame 5768
Done with frame 5769
Done with frame 5770
Done with frame 5771
Done with frame 5772
Done with frame 5773
Done with frame 5774
Done with frame 5775
Done with frame 5776
Done with frame 5777
Done with frame 5778
Done with frame 5779
Done with frame 5780
Done with frame 5781
Done with frame 5782
Done with frame 5783
Done with frame 5784
Done with frame 5785
Done with frame 5786
Done with frame 5787
Done with frame 5788
Done with frame 5789
Done with frame 5790
Done with frame 5791
Done with frame 5792
Done with frame 5793
Done with frame 5794
Done with frame 5795
Done with frame 5796
Done with frame 5797
Done with frame 5798
Done with frame 5799
Done with frame 5800
Done with frame 5801
Done with frame 5802
Done with frame 5803
Done with frame 5804
Done with frame 5805
Done with frame 5806
Done with frame 5807
Done with frame 5808
Done with frame 5809
Done with frame 5810
Done with frame 5811
Done with frame 5812
Done with frame 5813
Done with frame 5814
Done with frame 5815
Done with frame 5816
Done with frame 5817
Done with frame 5818
Done with frame 5819
Done with frame 5820
Done with frame 5821
Done with frame 5822
Done with frame 5823
Done with frame 5824
Done with frame 5825
Done with frame 5826
Done with frame 5827
Done with frame 5828
Done with frame 5829
Done with frame 5830
Done with frame 5831
Done with frame 5832
Done with frame 5833
Done with frame 5834
Done with frame 5835
Done with frame 5836
Done with frame 5837
Done with frame 5838
Done with frame 5839
Done with frame 5840
Done with frame 5841
Done with frame 5842
Done with frame 5843
Done with frame 5844
Done with frame 5845
Done with frame 5846
Done with frame 5847
Done with frame 5848
Done with frame 5849
Done with frame 5850
Done with frame 5851
Done with frame 5852
Done with frame 5853
Done with frame 5854
Done with frame 5855
Done with frame 5856
Done with frame 5857
Done with frame 5858
Done with frame 5859
Done with frame 5860
Done with frame 5861
Done with frame 5862
Done with frame 5863
Done with frame 5864
Done with frame 5865
Done with frame 5866
Done with frame 5867
Done with frame 5868
Done with frame 5869
Done with frame 5870
Done with frame 5871
Done with frame 5872
Done with frame 5873
Done with frame 5874
Done with frame 5875
Done with frame 5876
Done with frame 5877
Done with frame 5878
Done with frame 5879
Done with frame 5880
Done with frame 5881
Done with frame 5882
Done with frame 5883
Done with frame 5884
Done with frame 5885
Done with frame 5886
Done with frame 5887
Done with frame 5888
Done with frame 5889
Done with frame 5890
Done with frame 5891
Done with frame 5892
Done with frame 5893
Done with frame 5894
Done with frame 5895
Done with frame 5896
Done with frame 5897
Done with frame 5898
Done with frame 5899
Done with frame 5900
Done with frame 5901
Done with frame 5902
Done with frame 5903
Done with frame 5904
Done with frame 5905
Done with frame 5906
Done with frame 5907
Done with frame 5908
Done with frame 5909
Done with frame 5910
Done with frame 5911
Done with frame 5912
Done with frame 5913
Done with frame 5914
Done with frame 5915
Done with frame 5916
Done with frame 5917
Done with frame 5918
Done with frame 5919
Done with frame 5920
Done with frame 5921
Done with frame 5922
Done with frame 5923
Done with frame 5924
Done with frame 5925
Done with frame 5926
Done with frame 5927
Done with frame 5928
Done with frame 5929
Done with frame 5930
Done with frame 5931
Done with frame 5932
Done with frame 5933
Done with frame 5934
Done with frame 5935
Done with frame 5936
Done with frame 5937
Done with frame 5938
Done with frame 5939
Done with frame 5940
Done with frame 5941
Done with frame 5942
Done with frame 5943
Done with frame 5944
Done with frame 5945
Done with frame 5946
Done with frame 5947
Done with frame 5948
Done with frame 5949
Done with frame 5950
Done with frame 5951
Done with frame 5952
Done with frame 5953
Done with frame 5954
Done with frame 5955
Done with frame 5956
Done with frame 5957
Done with frame 5958
Done with frame 5959
Done with frame 5960
Done with frame 5961
Done with frame 5962
Done with frame 5963
Done with frame 5964
Done with frame 5965
Done with frame 5966
Done with frame 5967
Done with frame 5968
Done with frame 5969
Done with frame 5970
Done with frame 5971
Done with frame 5972
Done with frame 5973
Done with frame 5974
Done with frame 5975
Done with frame 5976
Done with frame 5977
Done with frame 5978
Done with frame 5979
Done with frame 5980
Done with frame 5981
Done with frame 5982
Done with frame 5983
Done with frame 5984
Done with frame 5985
Done with frame 5986
Done with frame 5987
Done with frame 5988
Done with frame 5989
Done with frame 5990
Done with frame 5991
Done with frame 5992
Done with frame 5993
Done with frame 5994
Done with frame 5995
Done with frame 5996
Done with frame 5997
Done with frame 5998
Done with frame 5999
Done with frame 6000
Done with frame 6001
Done with frame 6002
Done with frame 6003
Done with frame 6004
Done with frame 6005
Done with frame 6006
Done with frame 6007
Done with frame 6008
Done with frame 6009
Done with frame 6010
Done with frame 6011
Done with frame 6012
Done with frame 6013
Done with frame 6014
Done with frame 6015
Done with frame 6016
Done with frame 6017
Done with frame 6018
Done with frame 6019
Done with frame 6020
Done with frame 6021
Done with frame 6022
Done with frame 6023
Done with frame 6024
Done with frame 6025
Done with frame 6026
Done with frame 6027
Done with frame 6028
Done with frame 6029
Done with frame 6030
Done with frame 6031
Done with frame 6032
Done with frame 6033
Done with frame 6034
Done with frame 6035
Done with frame 6036
Done with frame 6037
Done with frame 6038
Done with frame 6039
Done with frame 6040
Done with frame 6041
Done with frame 6042
Done with frame 6043
Done with frame 6044
Done with frame 6045
Done with frame 6046
Done with frame 6047
Done with frame 6048
Done with frame 6049
Done with frame 6050
Done with frame 6051
Done with frame 6052
Done with frame 6053
Done with frame 6054
Done with frame 6055
Done with frame 6056
Done with frame 6057
Done with frame 6058
Done with frame 6059
Done with frame 6060
Done with frame 6061
Done with frame 6062
Done with frame 6063
Done with frame 6064
Done with frame 6065
Done with frame 6066
Done with frame 6067
Done with frame 6068
Done with frame 6069
Done with frame 6070
Done with frame 6071
Done with frame 6072
Done with frame 6073
Done with frame 6074
Done with frame 6075
Done with frame 6076
Done with frame 6077
Done with frame 6078
Done with frame 6079
Done with frame 6080
Done with frame 6081
Done with frame 6082
Done with frame 6083
Done with frame 6084
Done with frame 6085
Done with frame 6086
Done with frame 6087
Done with frame 6088
Done with frame 6089
Done with frame 6090
Done with frame 6091
Done with frame 6092
Done with frame 6093
Done with frame 6094
Done with frame 6095
Done with frame 6096
Done with frame 6097
Done with frame 6098
Done with frame 6099
Done with frame 6100
Done with frame 6101
Done with frame 6102
Done with frame 6103
Done with frame 6104
Done with frame 6105
Done with frame 6106
Done with frame 6107
Done with frame 6108
Done with frame 6109
Done with frame 6110
Done with frame 6111
Done with frame 6112
Done with frame 6113
Done with frame 6114
Done with frame 6115
Done with frame 6116
Done with frame 6117
Done with frame 6118
Done with frame 6119
Done with frame 6120
Done with frame 6121
Done with frame 6122
Done with frame 6123
Done with frame 6124
Done with frame 6125
Done with frame 6126
Done with frame 6127
Done with frame 6128
Done with frame 6129
Done with frame 6130
Done with frame 6131
Done with frame 6132
Done with frame 6133
Done with frame 6134
Done with frame 6135
Done with frame 6136
Done with frame 6137
Done with frame 6138
Done with frame 6139
Done with frame 6140
Done with frame 6141
Done with frame 6142
Done with frame 6143
Done with frame 6144
Done with frame 6145
Done with frame 6146
Done with frame 6147
Done with frame 6148
Done with frame 6149
Done with frame 6150
Done with frame 6151
Done with frame 6152
Done with frame 6153
Done with frame 6154
Done with frame 6155
Done with frame 6156
Done with frame 6157
Done with frame 6158
Done with frame 6159
Done with frame 6160
Done with frame 6161
Done with frame 6162
Done with frame 6163
Done with frame 6164
Done with frame 6165
Done with frame 6166
Done with frame 6167
Done with frame 6168
Done with frame 6169
Done with frame 6170
Done with frame 6171
Done with frame 6172
Done with frame 6173
Done with frame 6174
Done with frame 6175
Done with frame 6176
Done with frame 6177
Done with frame 6178
Done with frame 6179
Done with frame 6180
Done with frame 6181
Done with frame 6182
Done with frame 6183
Done with frame 6184
Done with frame 6185
Done with frame 6186
Done with frame 6187
Done with frame 6188
Done with frame 6189
Done with frame 6190
Done with frame 6191
Done with frame 6192
Done with frame 6193
Done with frame 6194
Done with frame 6195
Done with frame 6196
Done with frame 6197
Done with frame 6198
Done with frame 6199
Done with frame 6200
Done with frame 6201
Done with frame 6202
Done with frame 6203
Done with frame 6204
Done with frame 6205
Done with frame 6206
Done with frame 6207
Done with frame 6208
Done with frame 6209
Done with frame 6210
Done with frame 6211
Done with frame 6212
Done with frame 6213
Done with frame 6214
Done with frame 6215
Done with frame 6216
Done with frame 6217
Done with frame 6218
Done with frame 6219
Done with frame 6220
Done with frame 6221
Done with frame 6222
Done with frame 6223
Done with frame 6224
Done with frame 6225
Done with frame 6226
Done with frame 6227
Done with frame 6228
Done with frame 6229
Done with frame 6230
Done with frame 6231
Done with frame 6232
Done with frame 6233
Done with frame 6234
Done with frame 6235
Done with frame 6236
Done with frame 6237
Done with frame 6238
Done with frame 6239
Done with frame 6240
Done with frame 6241
Done with frame 6242
Done with frame 6243
Done with frame 6244
Done with frame 6245
Done with frame 6246
Done with frame 6247
Done with frame 6248
Done with frame 6249
Done with frame 6250
Done with frame 6251
Done with frame 6252
Done with frame 6253
Done with frame 6254
Done with frame 6255
Done with frame 6256
Done with frame 6257
Done with frame 6258
Done with frame 6259
Done with frame 6260
Done with frame 6261
Done with frame 6262
Done with frame 6263
Done with frame 6264
Done with frame 6265
Done with frame 6266
Done with frame 6267
Done with frame 6268
Done with frame 6269
Done with frame 6270
Done with frame 6271
Done with frame 6272
Done with frame 6273
Done with frame 6274
Done with frame 6275
Done with frame 6276
Done with frame 6277
Done with frame 6278
Done with frame 6279
Done with frame 6280
Done with frame 6281
Done with frame 6282
Done with frame 6283
Done with frame 6284
Done with frame 6285
Done with frame 6286
Done with frame 6287
Done with frame 6288
Done with frame 6289
Done with frame 6290
Done with frame 6291
Done with frame 6292
Done with frame 6293
Done with frame 6294
Done with frame 6295
Done with frame 6296
Done with frame 6297
Done with frame 6298
Done with frame 6299
Done with frame 6300
Done with frame 6301
Done with frame 6302
Done with frame 6303
Done with frame 6304
Done with frame 6305
Done with frame 6306
Done with frame 6307
Done with frame 6308
Done with frame 6309
Done with frame 6310
Done with frame 6311
Done with frame 6312
Done with frame 6313
Done with frame 6314
Done with frame 6315
Done with frame 6316
Done with frame 6317
Done with frame 6318
Done with frame 6319
Done with frame 6320
Done with frame 6321
Done with frame 6322
Done with frame 6323
Done with frame 6324
Done with frame 6325
Done with frame 6326
Done with frame 6327
Done with frame 6328
Done with frame 6329
Done with frame 6330
Done with frame 6331
Done with frame 6332
Done with frame 6333
Done with frame 6334
Done with frame 6335
Done with frame 6336
Done with frame 6337
Done with frame 6338
Done with frame 6339
Done with frame 6340
Done with frame 6341
Done with frame 6342
Done with frame 6343
Done with frame 6344
Done with frame 6345
Done with frame 6346
Done with frame 6347
Done with frame 6348
Done with frame 6349
Done with frame 6350
Done with frame 6351
Done with frame 6352
Done with frame 6353
Done with frame 6354
Done with frame 6355
Done with frame 6356
Done with frame 6357
Done with frame 6358
Done with frame 6359
Done with frame 6360
Done with frame 6361
Done with frame 6362
Done with frame 6363
Done with frame 6364
Done with frame 6365
Done with frame 6366
Done with frame 6367
Done with frame 6368
Done with frame 6369
Done with frame 6370
Done with frame 6371
Done with frame 6372
Done with frame 6373
Done with frame 6374
Done with frame 6375
Done with frame 6376
Done with frame 6377
Done with frame 6378
Done with frame 6379
Done with frame 6380
Done with frame 6381
Done with frame 6382
Done with frame 6383
Done with frame 6384
Done with frame 6385
Done with frame 6386
Done with frame 6387
Done with frame 6388
Done with frame 6389
Done with frame 6390
Done with frame 6391
Done with frame 6392
Done with frame 6393
Done with frame 6394
Done with frame 6395
Done with frame 6396
Done with frame 6397
Done with frame 6398
Done with frame 6399
Done with frame 6400
Done with frame 6401
Done with frame 6402
Done with frame 6403
Done with frame 6404
Done with frame 6405
Done with frame 6406
Done with frame 6407
Done with frame 6408
Done with frame 6409
Done with frame 6410
Done with frame 6411
Done with frame 6412
Done with frame 6413
Done with frame 6414
Done with frame 6415
Done with frame 6416
Done with frame 6417
Done with frame 6418
Done with frame 6419
Done with frame 6420
Done with frame 6421
Done with frame 6422
Done with frame 6423
Done with frame 6424
Done with frame 6425
Done with frame 6426
Done with frame 6427
Done with frame 6428
Done with frame 6429
Done with frame 6430
Done with frame 6431
Done with frame 6432
Done with frame 6433
Done with frame 6434
Done with frame 6435
Done with frame 6436
Done with frame 6437
Done with frame 6438
Done with frame 6439
Done with frame 6440
Done with frame 6441
Done with frame 6442
Done with frame 6443
Done with frame 6444
Done with frame 6445
Done with frame 6446
Done with frame 6447
Done with frame 6448
Done with frame 6449
Done with frame 6450
Done with frame 6451
Done with frame 6452
Done with frame 6453
Done with frame 6454
Done with frame 6455
Done with frame 6456
Done with frame 6457
Done with frame 6458
Done with frame 6459
Done with frame 6460
Done with frame 6461
Done with frame 6462
Done with frame 6463
Done with frame 6464
Done with frame 6465
Done with frame 6466
Done with frame 6467
Done with frame 6468
Done with frame 6469
Done with frame 6470
Done with frame 6471
Done with frame 6472
Done with frame 6473
Done with frame 6474
Done with frame 6475
Done with frame 6476
Done with frame 6477
Done with frame 6478
Done with frame 6479
Done with frame 6480
Done with frame 6481
Done with frame 6482
Done with frame 6483
Done with frame 6484
Done with frame 6485
Done with frame 6486
Done with frame 6487
Done with frame 6488
Done with frame 6489
Done with frame 6490
Done with frame 6491
Done with frame 6492
Done with frame 6493
Done with frame 6494
Done with frame 6495
Done with frame 6496
Done with frame 6497
Done with frame 6498
Done with frame 6499
Done with frame 6500
Done with frame 6501
Done with frame 6502
Done with frame 6503
Done with frame 6504
Done with frame 6505
Done with frame 6506
Done with frame 6507
Done with frame 6508
Done with frame 6509
Done with frame 6510
Done with frame 6511
Done with frame 6512
Done with frame 6513
Done with frame 6514
Done with frame 6515
Done with frame 6516
Done with frame 6517
Done with frame 6518
Done with frame 6519
Done with frame 6520
Done with frame 6521
Done with frame 6522
Done with frame 6523
Done with frame 6524
Done with frame 6525
Done with frame 6526
Done with frame 6527
Done with frame 6528
Done with frame 6529
Done with frame 6530
Done with frame 6531
Done with frame 6532
Done with frame 6533
Done with frame 6534
Done with frame 6535
Done with frame 6536
Done with frame 6537
Done with frame 6538
Done with frame 6539
Done with frame 6540
Done with frame 6541
Done with frame 6542
Done with frame 6543
Done with frame 6544
Done with frame 6545
Done with frame 6546
Done with frame 6547
Done with frame 6548
Done with frame 6549
Done with frame 6550
Done with frame 6551
Done with frame 6552
Done with frame 6553
Done with frame 6554
Done with frame 6555
Done with frame 6556
Done with frame 6557
Done with frame 6558
Done with frame 6559
Done with frame 6560
Done with frame 6561
Done with frame 6562
Done with frame 6563
Done with frame 6564
Done with frame 6565
Done with frame 6566
Done with frame 6567
Done with frame 6568
Done with frame 6569
Done with frame 6570
Done with frame 6571
Done with frame 6572
Done with frame 6573
Done with frame 6574
Done with frame 6575
Done with frame 6576
Done with frame 6577
Done with frame 6578
Done with frame 6579
Done with frame 6580
Done with frame 6581
Done with frame 6582
Done with frame 6583
Done with frame 6584
Done with frame 6585
Done with frame 6586
Done with frame 6587
Done with frame 6588
Done with frame 6589
Done with frame 6590
Done with frame 6591
Done with frame 6592
Done with frame 6593
Done with frame 6594
Done with frame 6595
Done with frame 6596
Done with frame 6597
Done with frame 6598
Done with frame 6599
Done with frame 6600
Done with frame 6601
Done with frame 6602
Done with frame 6603
Done with frame 6604
Done with frame 6605
Done with frame 6606
Done with frame 6607
Done with frame 6608
Done with frame 6609
Done with frame 6610
Done with frame 6611
Done with frame 6612
Done with frame 6613
Done with frame 6614
Done with frame 6615
Done with frame 6616
Done with frame 6617
Done with frame 6618
Done with frame 6619
Done with frame 6620
Done with frame 6621
Done with frame 6622
Done with frame 6623
Done with frame 6624
Done with frame 6625
Done with frame 6626
Done with frame 6627
Done with frame 6628
Done with frame 6629
Done with frame 6630
Done with frame 6631
Done with frame 6632
Done with frame 6633
Done with frame 6634
Done with frame 6635
Done with frame 6636
Done with frame 6637
Done with frame 6638
Done with frame 6639
Done with frame 6640
Done with frame 6641
Done with frame 6642
Done with frame 6643
Done with frame 6644
Done with frame 6645
Done with frame 6646
Done with frame 6647
Done with frame 6648
Done with frame 6649
Done with frame 6650
Done with frame 6651
Done with frame 6652
Done with frame 6653
Done with frame 6654
Done with frame 6655
Done with frame 6656
Done with frame 6657
Done with frame 6658
Done with frame 6659
Done with frame 6660
Done with frame 6661
Done with frame 6662
Done with frame 6663
Done with frame 6664
Done with frame 6665
Done with frame 6666
Done with frame 6667
Done with frame 6668
Done with frame 6669
Done with frame 6670
Done with frame 6671
Done with frame 6672
Done with frame 6673
Done with frame 6674
Done with frame 6675
Done with frame 6676
Done with frame 6677
Done with frame 6678
Done with frame 6679
Done with frame 6680
Done with frame 6681
Done with frame 6682
Done with frame 6683
Done with frame 6684
Done with frame 6685
Done with frame 6686
Done with frame 6687
Done with frame 6688
Done with frame 6689
Done with frame 6690
Done with frame 6691
Done with frame 6692
Done with frame 6693
Done with frame 6694
Done with frame 6695
Done with frame 6696
Done with frame 6697
Done with frame 6698
Done with frame 6699
Done with frame 6700
Done with frame 6701
Done with frame 6702
Done with frame 6703
Done with frame 6704
Done with frame 6705
Done with frame 6706
Done with frame 6707
Done with frame 6708
Done with frame 6709
Done with frame 6710
Done with frame 6711
Done with frame 6712
Done with frame 6713
Done with frame 6714
Done with frame 6715
Done with frame 6716
Done with frame 6717
Done with frame 6718
Done with frame 6719
Done with frame 6720
Done with frame 6721
Done with frame 6722
Done with frame 6723
Done with frame 6724
Done with frame 6725
Done with frame 6726
Done with frame 6727
Done with frame 6728
Done with frame 6729
Done with frame 6730
Done with frame 6731
Done with frame 6732
Done with frame 6733
Done with frame 6734
Done with frame 6735
Done with frame 6736
Done with frame 6737
Done with frame 6738
Done with frame 6739
Done with frame 6740
Done with frame 6741
Done with frame 6742
Done with frame 6743
Done with frame 6744
Done with frame 6745
Done with frame 6746
Done with frame 6747
Done with frame 6748
Done with frame 6749
Done with frame 6750
Done with frame 6751
Done with frame 6752
Done with frame 6753
Done with frame 6754
Done with frame 6755
Done with frame 6756
Done with frame 6757
Done with frame 6758
Done with frame 6759
Done with frame 6760
Done with frame 6761
Done with frame 6762
Done with frame 6763
Done with frame 6764
Done with frame 6765
Done with frame 6766
Done with frame 6767
Done with frame 6768
Done with frame 6769
Done with frame 6770
Done with frame 6771
Done with frame 6772
Done with frame 6773
Done with frame 6774
Done with frame 6775
Done with frame 6776
Done with frame 6777
Done with frame 6778
Done with frame 6779
Done with frame 6780
Done with frame 6781
Done with frame 6782
Done with frame 6783
Done with frame 6784
Done with frame 6785
Done with frame 6786
Done with frame 6787
Done with frame 6788
Done with frame 6789
Done with frame 6790
Done with frame 6791
Done with frame 6792
Done with frame 6793
Done with frame 6794
Done with frame 6795
Done with frame 6796
Done with frame 6797
Done with frame 6798
Done with frame 6799
Done with frame 6800
Done with frame 6801
Done with frame 6802
Done with frame 6803
Done with frame 6804
Done with frame 6805
Done with frame 6806
Done with frame 6807
Done with frame 6808
Done with frame 6809
Done with frame 6810
Done with frame 6811
Done with frame 6812
Done with frame 6813
Done with frame 6814
Done with frame 6815
Done with frame 6816
Done with frame 6817
Done with frame 6818
Done with frame 6819
Done with frame 6820
Done with frame 6821
Done with frame 6822
Done with frame 6823
Done with frame 6824
Done with frame 6825
Done with frame 6826
Done with frame 6827
Done with frame 6828
Done with frame 6829
Done with frame 6830
Done with frame 6831
Done with frame 6832
Done with frame 6833
Done with frame 6834
Done with frame 6835
Done with frame 6836
Done with frame 6837
Done with frame 6838
Done with frame 6839
Done with frame 6840
Done with frame 6841
Done with frame 6842
Done with frame 6843
Done with frame 6844
Done with frame 6845
Done with frame 6846
Done with frame 6847
Done with frame 6848
Done with frame 6849
Done with frame 6850
Done with frame 6851
Done with frame 6852
Done with frame 6853
Done with frame 6854
Done with frame 6855
Done with frame 6856
Done with frame 6857
Done with frame 6858
Done with frame 6859
Done with frame 6860
Done with frame 6861
Done with frame 6862
Done with frame 6863
Done with frame 6864
Done with frame 6865
Done with frame 6866
Done with frame 6867
Done with frame 6868
Done with frame 6869
Done with frame 6870
Done with frame 6871
Done with frame 6872
Done with frame 6873
Done with frame 6874
Done with frame 6875
Done with frame 6876
Done with frame 6877
Done with frame 6878
Done with frame 6879
Done with frame 6880
Done with frame 6881
Done with frame 6882
Done with frame 6883
Done with frame 6884
Done with frame 6885
Done with frame 6886
Done with frame 6887
Done with frame 6888
Done with frame 6889
Done with frame 6890
Done with frame 6891
Done with frame 6892
Done with frame 6893
Done with frame 6894
Done with frame 6895
Done with frame 6896
Done with frame 6897
Done with frame 6898
Done with frame 6899
Done with frame 6900
Done with frame 6901
Done with frame 6902
Done with frame 6903
Done with frame 6904
Done with frame 6905
Done with frame 6906
Done with frame 6907
Done with frame 6908
Done with frame 6909
Done with frame 6910
Done with frame 6911
Done with frame 6912
Done with frame 6913
Done with frame 6914
Done with frame 6915
Done with frame 6916
Done with frame 6917
Done with frame 6918
Done with frame 6919
Done with frame 6920
Done with frame 6921
Done with frame 6922
Done with frame 6923
Done with frame 6924
Done with frame 6925
Done with frame 6926
Done with frame 6927
Done with frame 6928
Done with frame 6929
Done with frame 6930
Done with frame 6931
Done with frame 6932
Done with frame 6933
Done with frame 6934
Done with frame 6935
Done with frame 6936
Done with frame 6937
Done with frame 6938
Done with frame 6939
Done with frame 6940
Done with frame 6941
Done with frame 6942
Done with frame 6943
Done with frame 6944
Done with frame 6945
Done with frame 6946
Done with frame 6947
Done with frame 6948
Done with frame 6949
Done with frame 6950
Done with frame 6951
Done with frame 6952
Done with frame 6953
Done with frame 6954
Done with frame 6955
Done with frame 6956
Done with frame 6957
Done with frame 6958
Done with frame 6959
Done with frame 6960
Done with frame 6961
Done with frame 6962
Done with frame 6963
Done with frame 6964
Done with frame 6965
Done with frame 6966
Done with frame 6967
Done with frame 6968
Done with frame 6969
Done with frame 6970
Done with frame 6971
Done with frame 6972
Done with frame 6973
Done with frame 6974
Done with frame 6975
Done with frame 6976
Done with frame 6977
Done with frame 6978
Done with frame 6979
Done with frame 6980
Done with frame 6981
Done with frame 6982
Done with frame 6983
Done with frame 6984
Done with frame 6985
Done with frame 6986
Done with frame 6987
Done with frame 6988
Done with frame 6989
Done with frame 6990
Done with frame 6991
Done with frame 6992
Done with frame 6993
Done with frame 6994
Done with frame 6995
Done with frame 6996
Done with frame 6997
Done with frame 6998
Done with frame 6999
Done with frame 7000
Done with frame 7001
Done with frame 7002
Done with frame 7003
Done with frame 7004
Done with frame 7005
Done with frame 7006
Done with frame 7007
Done with frame 7008
Done with frame 7009
Done with frame 7010
Done with frame 7011
Done with frame 7012
Done with frame 7013
Done with frame 7014
Done with frame 7015
Done with frame 7016
Done with frame 7017
Done with frame 7018
Done with frame 7019
Done with frame 7020
Done with frame 7021
Done with frame 7022
Done with frame 7023
Done with frame 7024
Done with frame 7025
Done with frame 7026
Done with frame 7027
Done with frame 7028
Done with frame 7029
Done with frame 7030
Done with frame 7031
Done with frame 7032
Done with frame 7033
Done with frame 7034
Done with frame 7035
Done with frame 7036
Done with frame 7037
Done with frame 7038
Done with frame 7039
Done with frame 7040
Done with frame 7041
Done with frame 7042
Done with frame 7043
Done with frame 7044
Done with frame 7045
Done with frame 7046
Done with frame 7047
Done with frame 7048
Done with frame 7049
Done with frame 7050
Done with frame 7051
Done with frame 7052
Done with frame 7053
Done with frame 7054
Done with frame 7055
Done with frame 7056
Done with frame 7057
Done with frame 7058
Done with frame 7059
Done with frame 7060
Done with frame 7061
Done with frame 7062
Done with frame 7063
Done with frame 7064
Done with frame 7065
Done with frame 7066
Done with frame 7067
Done with frame 7068
Done with frame 7069
Done with frame 7070
Done with frame 7071
Done with frame 7072
Done with frame 7073
Done with frame 7074
Done with frame 7075
Done with frame 7076
Done with frame 7077
Done with frame 7078
Done with frame 7079
Done with frame 7080
Done with frame 7081
Done with frame 7082
Done with frame 7083
Done with frame 7084
Done with frame 7085
Done with frame 7086
Done with frame 7087
Done with frame 7088
Done with frame 7089
Done with frame 7090
Done with frame 7091
Done with frame 7092
Done with frame 7093
Done with frame 7094
Done with frame 7095
Done with frame 7096
Done with frame 7097
Done with frame 7098
Done with frame 7099
Done with frame 7100
Done with frame 7101
Done with frame 7102
Done with frame 7103
Done with frame 7104
Done with frame 7105
Done with frame 7106
Done with frame 7107
Done with frame 7108
Done with frame 7109
Done with frame 7110
Done with frame 7111
Done with frame 7112
Done with frame 7113
Done with frame 7114
Done with frame 7115
Done with frame 7116
Done with frame 7117
Done with frame 7118
Done with frame 7119
Done with frame 7120
Done with frame 7121
Done with frame 7122
Done with frame 7123
Done with frame 7124
Done with frame 7125
Done with frame 7126
Done with frame 7127
Done with frame 7128
Done with frame 7129
Done with frame 7130
Done with frame 7131
Done with frame 7132
Done with frame 7133
Done with frame 7134
Done with frame 7135
Done with frame 7136
Done with frame 7137
Done with frame 7138
Done with frame 7139
Done with frame 7140
Done with frame 7141
Done with frame 7142
Done with frame 7143
Done with frame 7144
Done with frame 7145
Done with frame 7146
Done with frame 7147
Done with frame 7148
Done with frame 7149
Done with frame 7150
Done with frame 7151
Done with frame 7152
Done with frame 7153
Done with frame 7154
Done with frame 7155
Done with frame 7156
Done with frame 7157
Done with frame 7158
Done with frame 7159
Done with frame 7160
Done with frame 7161
Done with frame 7162
Done with frame 7163
Done with frame 7164
Done with frame 7165
Done with frame 7166
Done with frame 7167
Done with frame 7168
Done with frame 7169
Done with frame 7170
Done with frame 7171
Done with frame 7172
Done with frame 7173
Done with frame 7174
Done with frame 7175
Done with frame 7176
Done with frame 7177
Done with frame 7178
Done with frame 7179
Done with frame 7180
Done with frame 7181
Done with frame 7182
Done with frame 7183
Done with frame 7184
Done with frame 7185
Done with frame 7186
Done with frame 7187
Done with frame 7188
Done with frame 7189
Done with frame 7190
Done with frame 7191
Done with frame 7192
Done with frame 7193
Done with frame 7194
Done with frame 7195
Done with frame 7196
Done with frame 7197
Done with frame 7198
Done with frame 7199
Done with frame 7200
Done with frame 7201
Done with frame 7202
Done with frame 7203
Done with frame 7204
Done with frame 7205
Done with frame 7206
Done with frame 7207
Done with frame 7208
Done with frame 7209
Done with frame 7210
Done with frame 7211
Done with frame 7212
Done with frame 7213
Done with frame 7214
Done with frame 7215
Done with frame 7216
Done with frame 7217
Done with frame 7218
Done with frame 7219
Done with frame 7220
Done with frame 7221
Done with frame 7222
Done with frame 7223
Done with frame 7224
Done with frame 7225
Done with frame 7226
Done with frame 7227
Done with frame 7228
Done with frame 7229
Done with frame 7230
Done with frame 7231
Done with frame 7232
Done with frame 7233
Done with frame 7234
Done with frame 7235
Done with frame 7236
Done with frame 7237
Done with frame 7238
Done with frame 7239
Done with frame 7240
Done with frame 7241
Done with frame 7242
Done with frame 7243
Done with frame 7244
Done with frame 7245
Done with frame 7246
Done with frame 7247
Done with frame 7248
Done with frame 7249
Done with frame 7250
Done with frame 7251
Done with frame 7252
Done with frame 7253
Done with frame 7254
Done with frame 7255
Done with frame 7256
Done with frame 7257
Done with frame 7258
Done with frame 7259
Done with frame 7260
Done with frame 7261
Done with frame 7262
Done with frame 7263
Done with frame 7264
Done with frame 7265
Done with frame 7266
Done with frame 7267
Done with frame 7268
Done with frame 7269
Done with frame 7270
Done with frame 7271
Done with frame 7272
Done with frame 7273
Done with frame 7274
Done with frame 7275
Done with frame 7276
Done with frame 7277
Done with frame 7278
Done with frame 7279
Done with frame 7280
Done with frame 7281
Done with frame 7282
Done with frame 7283
Done with frame 7284
Done with frame 7285
Done with frame 7286
Done with frame 7287
Done with frame 7288
Done with frame 7289
Done with frame 7290
Done with frame 7291
Done with frame 7292
Done with frame 7293
Done with frame 7294
Done with frame 7295
Done with frame 7296
Done with frame 7297
Done with frame 7298
Done with frame 7299
Done with frame 7300
Done with frame 7301
Done with frame 7302
Done with frame 7303
Done with frame 7304
Done with frame 7305
Done with frame 7306
Done with frame 7307
Done with frame 7308
Done with frame 7309
Done with frame 7310
Done with frame 7311
Done with frame 7312
Done with frame 7313
Done with frame 7314
Done with frame 7315
Done with frame 7316
Done with frame 7317
Done with frame 7318
Done with frame 7319
Done with frame 7320
Done with frame 7321
Done with frame 7322
Done with frame 7323
Done with frame 7324
Done with frame 7325
Done with frame 7326
Done with frame 7327
Done with frame 7328
Done with frame 7329
Done with frame 7330
Done with frame 7331
Done with frame 7332
Done with frame 7333
Done with frame 7334
Done with frame 7335
Done with frame 7336
Done with frame 7337
Done with frame 7338
Done with frame 7339
Done with frame 7340
Done with frame 7341
Done with frame 7342
Done with frame 7343
Done with frame 7344
Done with frame 7345
Done with frame 7346
Done with frame 7347
Done with frame 7348
Done with frame 7349
Done with frame 7350
Done with frame 7351
Done with frame 7352
Done with frame 7353
Done with frame 7354
Done with frame 7355
Done with frame 7356
Done with frame 7357
Done with frame 7358
Done with frame 7359
Done with frame 7360
Done with frame 7361
Done with frame 7362
Done with frame 7363
Done with frame 7364
Done with frame 7365
Done with frame 7366
Done with frame 7367
Done with frame 7368
Done with frame 7369
Done with frame 7370
Done with frame 7371
Done with frame 7372
Done with frame 7373
Done with frame 7374
Done with frame 7375
Done with frame 7376
Done with frame 7377
Done with frame 7378
Done with frame 7379
Done with frame 7380
Done with frame 7381
Done with frame 7382
Done with frame 7383
Done with frame 7384
Done with frame 7385
Done with frame 7386
Done with frame 7387
Done with frame 7388
Done with frame 7389
Done with frame 7390
Done with frame 7391
Done with frame 7392
Done with frame 7393
Done with frame 7394
Done with frame 7395
Done with frame 7396
Done with frame 7397
Done with frame 7398
Done with frame 7399
Done with frame 7400
Done with frame 7401
Done with frame 7402
Done with frame 7403
Done with frame 7404
Done with frame 7405
Done with frame 7406
Done with frame 7407
Done with frame 7408
Done with frame 7409
Done with frame 7410
Done with frame 7411
Done with frame 7412
Done with frame 7413
Done with frame 7414
Done with frame 7415
Done with frame 7416
Done with frame 7417
Done with frame 7418
Done with frame 7419
Done with frame 7420
Done with frame 7421
Done with frame 7422
Done with frame 7423
Done with frame 7424
Done with frame 7425
Done with frame 7426
Done with frame 7427
Done with frame 7428
Done with frame 7429
Done with frame 7430
Done with frame 7431
Done with frame 7432
Done with frame 7433
Done with frame 7434
Done with frame 7435
Done with frame 7436
Done with frame 7437
Done with frame 7438
Done with frame 7439
Done with frame 7440
Done with frame 7441
Done with frame 7442
Done with frame 7443
Done with frame 7444
Done with frame 7445
Done with frame 7446
Done with frame 7447
Done with frame 7448
Done with frame 7449
Done with frame 7450
Done with frame 7451
Done with frame 7452
Done with frame 7453
Done with frame 7454
Done with frame 7455
Done with frame 7456
Done with frame 7457
Done with frame 7458
Done with frame 7459
Done with frame 7460
Done with frame 7461
Done with frame 7462
Done with frame 7463
Done with frame 7464
Done with frame 7465
Done with frame 7466
Done with frame 7467
Done with frame 7468
Done with frame 7469
Done with frame 7470
Done with frame 7471
Done with frame 7472
Done with frame 7473
Done with frame 7474
Done with frame 7475
Done with frame 7476
Done with frame 7477
Done with frame 7478
Done with frame 7479
Done with frame 7480
Done with frame 7481
Done with frame 7482
Done with frame 7483
Done with frame 7484
Done with frame 7485
Done with frame 7486
Done with frame 7487
Done with frame 7488
Done with frame 7489
Done with frame 7490
Done with frame 7491
Done with frame 7492
Done with frame 7493
Done with frame 7494
Done with frame 7495
Done with frame 7496
Done with frame 7497
Done with frame 7498
Done with frame 7499
Done with frame 7500
Done with frame 7501
Done with frame 7502
Done with frame 7503
Done with frame 7504
Done with frame 7505
Done with frame 7506
Done with frame 7507
Done with frame 7508
Done with frame 7509
Done with frame 7510
Done with frame 7511
Done with frame 7512
Done with frame 7513
Done with frame 7514
Done with frame 7515
Done with frame 7516
Done with frame 7517
Done with frame 7518
Done with frame 7519
Done with frame 7520
Done with frame 7521
Done with frame 7522
Done with frame 7523
Done with frame 7524
Done with frame 7525
Done with frame 7526
Done with frame 7527
Done with frame 7528
Done with frame 7529
Done with frame 7530
Done with frame 7531
Done with frame 7532
Done with frame 7533
Done with frame 7534
Done with frame 7535
Done with frame 7536
Done with frame 7537
Done with frame 7538
Done with frame 7539
Done with frame 7540
Done with frame 7541
Done with frame 7542
Done with frame 7543
Done with frame 7544
Done with frame 7545
Done with frame 7546
Done with frame 7547
Done with frame 7548
Done with frame 7549
Done with frame 7550
Done with frame 7551
Done with frame 7552
Done with frame 7553
Done with frame 7554
Done with frame 7555
Done with frame 7556
Done with frame 7557
Done with frame 7558
Done with frame 7559
Done with frame 7560
Done with frame 7561
Done with frame 7562
Done with frame 7563
Done with frame 7564
Done with frame 7565
Done with frame 7566
Done with frame 7567
Done with frame 7568
Done with frame 7569
Done with frame 7570
Done with frame 7571
Done with frame 7572
Done with frame 7573
Done with frame 7574
Done with frame 7575
Done with frame 7576
Done with frame 7577
Done with frame 7578
Done with frame 7579
Done with frame 7580
Done with frame 7581
Done with frame 7582
Done with frame 7583
Done with frame 7584
Done with frame 7585
Done with frame 7586
Done with frame 7587
Done with frame 7588
Done with frame 7589
Done with frame 7590
Done with frame 7591
Done with frame 7592
Done with frame 7593
Done with frame 7594
Done with frame 7595
Done with frame 7596
Done with frame 7597
Done with frame 7598
Done with frame 7599
Done with frame 7600
Done with frame 7601
Done with frame 7602
Done with frame 7603
Done with frame 7604
Done with frame 7605
Done with frame 7606
Done with frame 7607
Done with frame 7608
Done with frame 7609
Done with frame 7610
Done with frame 7611
Done with frame 7612
Done with frame 7613
Done with frame 7614
Done with frame 7615
Done with frame 7616
Done with frame 7617
Done with frame 7618
Done with frame 7619
Done with frame 7620
Done with frame 7621
Done with frame 7622
Done with frame 7623
Done with frame 7624
Done with frame 7625
Done with frame 7626
Done with frame 7627
Done with frame 7628
Done with frame 7629
Done with frame 7630
Done with frame 7631
Done with frame 7632
Done with frame 7633
Done with frame 7634
Done with frame 7635
Done with frame 7636
Done with frame 7637
Done with frame 7638
Done with frame 7639
Done with frame 7640
Done with frame 7641
Done with frame 7642
Done with frame 7643
Done with frame 7644
Done with frame 7645
Done with frame 7646
Done with frame 7647
Done with frame 7648
Done with frame 7649
Done with frame 7650
Done with frame 7651
Done with frame 7652
Done with frame 7653
Done with frame 7654
Done with frame 7655
Done with frame 7656
Done with frame 7657
Done with frame 7658
Done with frame 7659
Done with frame 7660
Done with frame 7661
Done with frame 7662
Done with frame 7663
Done with frame 7664
Done with frame 7665
Done with frame 7666
Done with frame 7667
Done with frame 7668
Done with frame 7669
Done with frame 7670
Done with frame 7671
Done with frame 7672
Done with frame 7673
Done with frame 7674
Done with frame 7675
Done with frame 7676
Done with frame 7677
Done with frame 7678
Done with frame 7679
Done with frame 7680
Done with frame 7681
Done with frame 7682
Done with frame 7683
Done with frame 7684
Done with frame 7685
Done with frame 7686
Done with frame 7687
Done with frame 7688
Done with frame 7689
Done with frame 7690
Done with frame 7691
Done with frame 7692
Done with frame 7693
Done with frame 7694
Done with frame 7695
Done with frame 7696
Done with frame 7697
Done with frame 7698
Done with frame 7699
Done with frame 7700
Done with frame 7701
Done with frame 7702
Done with frame 7703
Done with frame 7704
Done with frame 7705
Done with frame 7706
Done with frame 7707
Done with frame 7708
Done with frame 7709
Done with frame 7710
Done with frame 7711
Done with frame 7712
Done with frame 7713
Done with frame 7714
Done with frame 7715
Done with frame 7716
Done with frame 7717
Done with frame 7718
Done with frame 7719
Done with frame 7720
Done with frame 7721
Done with frame 7722
Done with frame 7723
Done with frame 7724
Done with frame 7725
Done with frame 7726
Done with frame 7727
Done with frame 7728
Done with frame 7729
Done with frame 7730
Done with frame 7731
Done with frame 7732
Done with frame 7733
Done with frame 7734
Done with frame 7735
Done with frame 7736
Done with frame 7737
Done with frame 7738
Done with frame 7739
Done with frame 7740
Done with frame 7741
Done with frame 7742
Done with frame 7743
Done with frame 7744
Done with frame 7745
Done with frame 7746
Done with frame 7747
Done with frame 7748
Done with frame 7749
Done with frame 7750
Done with frame 7751
Done with frame 7752
Done with frame 7753
Done with frame 7754
Done with frame 7755
Done with frame 7756
Done with frame 7757
Done with frame 7758
Done with frame 7759
Done with frame 7760
Done with frame 7761
Done with frame 7762
Done with frame 7763
Done with frame 7764
Done with frame 7765
Done with frame 7766
Done with frame 7767
Done with frame 7768
Done with frame 7769
Done with frame 7770
Done with frame 7771
Done with frame 7772
Done with frame 7773
Done with frame 7774
Done with frame 7775
Done with frame 7776
Done with frame 7777
Done with frame 7778
Done with frame 7779
Done with frame 7780
Done with frame 7781
Done with frame 7782
Done with frame 7783
Done with frame 7784
Done with frame 7785
Done with frame 7786
Done with frame 7787
Done with frame 7788
Done with frame 7789
Done with frame 7790
Done with frame 7791
Done with frame 7792
Done with frame 7793
Done with frame 7794
Done with frame 7795
Done with frame 7796
Done with frame 7797
Done with frame 7798
Done with frame 7799
Done with frame 7800
Done with frame 7801
Done with frame 7802
Done with frame 7803
Done with frame 7804
Done with frame 7805
Done with frame 7806
Done with frame 7807
Done with frame 7808
Done with frame 7809
Done with frame 7810
Done with frame 7811
Done with frame 7812
Done with frame 7813
Done with frame 7814
Done with frame 7815
Done with frame 7816
Done with frame 7817
Done with frame 7818
Done with frame 7819
Done with frame 7820
Done with frame 7821
Done with frame 7822
Done with frame 7823
Done with frame 7824
Done with frame 7825
Done with frame 7826
Done with frame 7827
Done with frame 7828
Done with frame 7829
Done with frame 7830
Done with frame 7831
Done with frame 7832
Done with frame 7833
Done with frame 7834
Done with frame 7835
Done with frame 7836
Done with frame 7837
Done with frame 7838
Done with frame 7839
Done with frame 7840
Done with frame 7841
Done with frame 7842
Done with frame 7843
Done with frame 7844
Done with frame 7845
Done with frame 7846
Done with frame 7847
Done with frame 7848
Done with frame 7849
Done with frame 7850
Done with frame 7851
Done with frame 7852
Done with frame 7853
Done with frame 7854
Done with frame 7855
Done with frame 7856
Done with frame 7857
Done with frame 7858
Done with frame 7859
Done with frame 7860
Done with frame 7861
Done with frame 7862
Done with frame 7863
Done with frame 7864
Done with frame 7865
Done with frame 7866
Done with frame 7867
Done with frame 7868
Done with frame 7869
Done with frame 7870
Done with frame 7871
Done with frame 7872
Done with frame 7873
Done with frame 7874
Done with frame 7875
Done with frame 7876
Done with frame 7877
Done with frame 7878
Done with frame 7879
Done with frame 7880
Done with frame 7881
Done with frame 7882
Done with frame 7883
Done with frame 7884
Done with frame 7885
Done with frame 7886
Done with frame 7887
Done with frame 7888
Done with frame 7889
Done with frame 7890
Done with frame 7891
Done with frame 7892
Done with frame 7893
Done with frame 7894
Done with frame 7895
Done with frame 7896
Done with frame 7897
Done with frame 7898
Done with frame 7899
Done with frame 7900
Done with frame 7901
Done with frame 7902
Done with frame 7903
Done with frame 7904
Done with frame 7905
Done with frame 7906
Done with frame 7907
Done with frame 7908
Done with frame 7909
Done with frame 7910
Done with frame 7911
Done with frame 7912
Done with frame 7913
Done with frame 7914
Done with frame 7915
Done with frame 7916
Done with frame 7917
Done with frame 7918
Done with frame 7919
Done with frame 7920
Done with frame 7921
Done with frame 7922
Done with frame 7923
Done with frame 7924
Done with frame 7925
Done with frame 7926
Done with frame 7927
Done with frame 7928
Done with frame 7929
Done with frame 7930
Done with frame 7931
Done with frame 7932
Done with frame 7933
Done with frame 7934
Done with frame 7935
Done with frame 7936
Done with frame 7937
Done with frame 7938
Done with frame 7939
Done with frame 7940
Done with frame 7941
Done with frame 7942
Done with frame 7943
Done with frame 7944
Done with frame 7945
Done with frame 7946
Done with frame 7947
Done with frame 7948
Done with frame 7949
Done with frame 7950
Done with frame 7951
Done with frame 7952
Done with frame 7953
Done with frame 7954
Done with frame 7955
Done with frame 7956
Done with frame 7957
Done with frame 7958
Done with frame 7959
Done with frame 7960
Done with frame 7961
Done with frame 7962
Done with frame 7963
Done with frame 7964
Done with frame 7965
Done with frame 7966
Done with frame 7967
Done with frame 7968
Done with frame 7969
Done with frame 7970
Done with frame 7971
Done with frame 7972
Done with frame 7973
Done with frame 7974
Done with frame 7975
Done with frame 7976
Done with frame 7977
Done with frame 7978
Done with frame 7979
Done with frame 7980
Done with frame 7981
Done with frame 7982
Done with frame 7983
Done with frame 7984
Done with frame 7985
Done with frame 7986
Done with frame 7987
Done with frame 7988
Done with frame 7989
Done with frame 7990
Done with frame 7991
Done with frame 7992
Done with frame 7993
Done with frame 7994
Done with frame 7995
Done with frame 7996
Done with frame 7997
Done with frame 7998
Done with frame 7999
Done with frame 8000
Done with frame 8001
Done with frame 8002
Done with frame 8003
Done with frame 8004
Done with frame 8005
Done with frame 8006
Done with frame 8007
Done with frame 8008
Done with frame 8009
Done with frame 8010
Done with frame 8011
Done with frame 8012
Done with frame 8013
Done with frame 8014
Done with frame 8015
Done with frame 8016
Done with frame 8017
Done with frame 8018
Done with frame 8019
Done with frame 8020
Done with frame 8021
Done with frame 8022
Done with frame 8023
Done with frame 8024
Done with frame 8025
Done with frame 8026
Done with frame 8027
Done with frame 8028
Done with frame 8029
Done with frame 8030
Done with frame 8031
Done with frame 8032
Done with frame 8033
Done with frame 8034
Done with frame 8035
Done with frame 8036
Done with frame 8037
Done with frame 8038
Done with frame 8039
Done with frame 8040
Done with frame 8041
Done with frame 8042
Done with frame 8043
Done with frame 8044
Done with frame 8045
Done with frame 8046
Done with frame 8047
Done with frame 8048
Done with frame 8049
Done with frame 8050
Done with frame 8051
Done with frame 8052
Done with frame 8053
Done with frame 8054
Done with frame 8055
Done with frame 8056
Done with frame 8057
Done with frame 8058
Done with frame 8059
Done with frame 8060
Done with frame 8061
Done with frame 8062
Done with frame 8063
Done with frame 8064
Done with frame 8065
Done with frame 8066
Done with frame 8067
Done with frame 8068
Done with frame 8069
Done with frame 8070
Done with frame 8071
Done with frame 8072
Done with frame 8073
Done with frame 8074
Done with frame 8075
Done with frame 8076
Done with frame 8077
Done with frame 8078
Done with frame 8079
Done with frame 8080
Done with frame 8081
Done with frame 8082
Done with frame 8083
Done with frame 8084
Done with frame 8085
Done with frame 8086
Done with frame 8087
Done with frame 8088
Done with frame 8089
Done with frame 8090
Done with frame 8091
Done with frame 8092
Done with frame 8093
Done with frame 8094
Done with frame 8095
Done with frame 8096
Done with frame 8097
Done with frame 8098
Done with frame 8099
Done with frame 8100
Done with frame 8101
Done with frame 8102
Done with frame 8103
Done with frame 8104
Done with frame 8105
Done with frame 8106
Done with frame 8107
Done with frame 8108
Done with frame 8109
Done with frame 8110
Done with frame 8111
Done with frame 8112
Done with frame 8113
Done with frame 8114
Done with frame 8115
Done with frame 8116
Done with frame 8117
Done with frame 8118
Done with frame 8119
Done with frame 8120
Done with frame 8121
Done with frame 8122
Done with frame 8123
Done with frame 8124
Done with frame 8125
Done with frame 8126
Done with frame 8127
Done with frame 8128
Done with frame 8129
Done with frame 8130
Done with frame 8131
Done with frame 8132
Done with frame 8133
Done with frame 8134
Done with frame 8135
Done with frame 8136
Done with frame 8137
Done with frame 8138
Done with frame 8139
Done with frame 8140
Done with frame 8141
Done with frame 8142
Done with frame 8143
Done with frame 8144
Done with frame 8145
Done with frame 8146
Done with frame 8147
Done with frame 8148
Done with frame 8149
Done with frame 8150
Done with frame 8151
Done with frame 8152
Done with frame 8153
Done with frame 8154
Done with frame 8155
Done with frame 8156
Done with frame 8157
Done with frame 8158
Done with frame 8159
Done with frame 8160
Done with frame 8161
Done with frame 8162
Done with frame 8163
Done with frame 8164
Done with frame 8165
Done with frame 8166
Done with frame 8167
Done with frame 8168
Done with frame 8169
Done with frame 8170
Done with frame 8171
Done with frame 8172
Done with frame 8173
Done with frame 8174
Done with frame 8175
Done with frame 8176
Done with frame 8177
Done with frame 8178
Done with frame 8179
Done with frame 8180
Done with frame 8181
Done with frame 8182
Done with frame 8183
Done with frame 8184
Done with frame 8185
Done with frame 8186
Done with frame 8187
Done with frame 8188
Done with frame 8189
Done with frame 8190
Done with frame 8191
Done with frame 8192
Done with frame 8193
Done with frame 8194
Done with frame 8195
Done with frame 8196
Done with frame 8197
Done with frame 8198
Done with frame 8199
Done with frame 8200
Done with frame 8201
Done with frame 8202
Done with frame 8203
Done with frame 8204
Done with frame 8205
Done with frame 8206
Done with frame 8207
Done with frame 8208
Done with frame 8209
Done with frame 8210
Done with frame 8211
Done with frame 8212
Done with frame 8213
Done with frame 8214
Done with frame 8215
Done with frame 8216
Done with frame 8217
Done with frame 8218
Done with frame 8219
Done with frame 8220
Done with frame 8221
Done with frame 8222
Done with frame 8223
Done with frame 8224
Done with frame 8225
Done with frame 8226
Done with frame 8227
Done with frame 8228
Done with frame 8229
Done with frame 8230
Done with frame 8231
Done with frame 8232
Done with frame 8233
Done with frame 8234
Done with frame 8235
Done with frame 8236
Done with frame 8237
Done with frame 8238
Done with frame 8239
Done with frame 8240
Done with frame 8241
Done with frame 8242
Done with frame 8243
Done with frame 8244
Done with frame 8245
Done with frame 8246
Done with frame 8247
Done with frame 8248
Done with frame 8249
Done with frame 8250
Done with frame 8251
Done with frame 8252
Done with frame 8253
Done with frame 8254
Done with frame 8255
Done with frame 8256
Done with frame 8257
Done with frame 8258
Done with frame 8259
Done with frame 8260
Done with frame 8261
Done with frame 8262
Done with frame 8263
Done with frame 8264
Done with frame 8265
Done with frame 8266
Done with frame 8267
Done with frame 8268
Done with frame 8269
Done with frame 8270
Done with frame 8271
Done with frame 8272
Done with frame 8273
Done with frame 8274
Done with frame 8275
Done with frame 8276
Done with frame 8277
Done with frame 8278
Done with frame 8279
Done with frame 8280
Done with frame 8281
Done with frame 8282
Done with frame 8283
Done with frame 8284
Done with frame 8285
Done with frame 8286
Done with frame 8287
Done with frame 8288
Done with frame 8289
Done with frame 8290
Done with frame 8291
Done with frame 8292
Done with frame 8293
Done with frame 8294
Done with frame 8295
Done with frame 8296
Done with frame 8297
Done with frame 8298
Done with frame 8299
Done with frame 8300
Done with frame 8301
Done with frame 8302
Done with frame 8303
Done with frame 8304
Done with frame 8305
Done with frame 8306
Done with frame 8307
Done with frame 8308
Done with frame 8309
Done with frame 8310
Done with frame 8311
Done with frame 8312
Done with frame 8313
Done with frame 8314
Done with frame 8315
Done with frame 8316
Done with frame 8317
Done with frame 8318
Done with frame 8319
Done with frame 8320
Done with frame 8321
Done with frame 8322
Done with frame 8323
Done with frame 8324
Done with frame 8325
Done with frame 8326
Done with frame 8327
Done with frame 8328
Done with frame 8329
Done with frame 8330
Done with frame 8331
Done with frame 8332
Done with frame 8333
Done with frame 8334
Done with frame 8335
Done with frame 8336
Done with frame 8337
Done with frame 8338
Done with frame 8339
Done with frame 8340
Done with frame 8341
Done with frame 8342
Done with frame 8343
Done with frame 8344
Done with frame 8345
Done with frame 8346
Done with frame 8347
Done with frame 8348
Done with frame 8349
Done with frame 8350
Done with frame 8351
Done with frame 8352
Done with frame 8353
Done with frame 8354
Done with frame 8355
Done with frame 8356
Done with frame 8357
Done with frame 8358
Done with frame 8359
Done with frame 8360
Done with frame 8361
Done with frame 8362
Done with frame 8363
Done with frame 8364
Done with frame 8365
Done with frame 8366
Done with frame 8367
Done with frame 8368
Done with frame 8369
Done with frame 8370
Done with frame 8371
Done with frame 8372
Done with frame 8373
Done with frame 8374
Done with frame 8375
Done with frame 8376
Done with frame 8377
Done with frame 8378
Done with frame 8379
Done with frame 8380
Done with frame 8381
Done with frame 8382
Done with frame 8383
Done with frame 8384
Done with frame 8385
Done with frame 8386
Done with frame 8387
Done with frame 8388
Done with frame 8389
Done with frame 8390
Done with frame 8391
Done with frame 8392
Done with frame 8393
Done with frame 8394
Done with frame 8395
Done with frame 8396
Done with frame 8397
Done with frame 8398
Done with frame 8399
Done with frame 8400
Done with frame 8401
Done with frame 8402
Done with frame 8403
Done with frame 8404
Done with frame 8405
Done with frame 8406
Done with frame 8407
Done with frame 8408
Done with frame 8409
Done with frame 8410
Done with frame 8411
Done with frame 8412
Done with frame 8413
Done with frame 8414
Done with frame 8415
Done with frame 8416
Done with frame 8417
Done with frame 8418
Done with frame 8419
Done with frame 8420
Done with frame 8421
Done with frame 8422
Done with frame 8423
Done with frame 8424
Done with frame 8425
Done with frame 8426
Done with frame 8427
Done with frame 8428
Done with frame 8429
Done with frame 8430
Done with frame 8431
Done with frame 8432
Done with frame 8433
Done with frame 8434
Done with frame 8435
Done with frame 8436
Done with frame 8437
Done with frame 8438
Done with frame 8439
Done with frame 8440
Done with frame 8441
Done with frame 8442
Done with frame 8443
Done with frame 8444
Done with frame 8445
Done with frame 8446
Done with frame 8447
Done with frame 8448
Done with frame 8449
Done with frame 8450
Done with frame 8451
Done with frame 8452
Done with frame 8453
Done with frame 8454
Done with frame 8455
Done with frame 8456
Done with frame 8457
Done with frame 8458
Done with frame 8459
Done with frame 8460
Done with frame 8461
Done with frame 8462
Done with frame 8463
Done with frame 8464
Done with frame 8465
Done with frame 8466
Done with frame 8467
Done with frame 8468
Done with frame 8469
Done with frame 8470
Done with frame 8471
Done with frame 8472
Done with frame 8473
Done with frame 8474
Done with frame 8475
Done with frame 8476
Done with frame 8477
Done with frame 8478
Done with frame 8479
Done with frame 8480
Done with frame 8481
Done with frame 8482
Done with frame 8483
Done with frame 8484
Done with frame 8485
Done with frame 8486
Done with frame 8487
Done with frame 8488
Done with frame 8489
Done with frame 8490
Done with frame 8491
Done with frame 8492
Done with frame 8493
Done with frame 8494
Done with frame 8495
Done with frame 8496
Done with frame 8497
Done with frame 8498
Done with frame 8499
Done with frame 8500
Done with frame 8501
Done with frame 8502
Done with frame 8503
Done with frame 8504
Done with frame 8505
Done with frame 8506
Done with frame 8507
Done with frame 8508
Done with frame 8509
Done with frame 8510
Done with frame 8511
Done with frame 8512
Done with frame 8513
Done with frame 8514
Done with frame 8515
Done with frame 8516
Done with frame 8517
Done with frame 8518
Done with frame 8519
Done with frame 8520
Done with frame 8521
Done with frame 8522
Done with frame 8523
Done with frame 8524
Done with frame 8525
Done with frame 8526
Done with frame 8527
Done with frame 8528
Done with frame 8529
Done with frame 8530
Done with frame 8531
Done with frame 8532
Done with frame 8533
Done with frame 8534
Done with frame 8535
Done with frame 8536
Done with frame 8537
Done with frame 8538
Done with frame 8539
Done with frame 8540
Done with frame 8541
Done with frame 8542
Done with frame 8543
Done with frame 8544
Done with frame 8545
Done with frame 8546
Done with frame 8547
Done with frame 8548
Done with frame 8549
Done with frame 8550
Done with frame 8551
Done with frame 8552
Done with frame 8553
Done with frame 8554
Done with frame 8555
Done with frame 8556
Done with frame 8557
Done with frame 8558
Done with frame 8559
Done with frame 8560
Done with frame 8561
Done with frame 8562
Done with frame 8563
Done with frame 8564
Done with frame 8565
Done with frame 8566
Done with frame 8567
Done with frame 8568
Done with frame 8569
Done with frame 8570
Done with frame 8571
Done with frame 8572
Done with frame 8573
Done with frame 8574
Done with frame 8575
Done with frame 8576
Done with frame 8577
Done with frame 8578
Done with frame 8579
Done with frame 8580
Done with frame 8581
Done with frame 8582
Done with frame 8583
Done with frame 8584
Done with frame 8585
Done with frame 8586
Done with frame 8587
Done with frame 8588
Done with frame 8589
Done with frame 8590
Done with frame 8591
Done with frame 8592
Done with frame 8593
Done with frame 8594
Done with frame 8595
Done with frame 8596
Done with frame 8597
Done with frame 8598
Done with frame 8599
Done with frame 8600
Done with frame 8601
Done with frame 8602
Done with frame 8603
Done with frame 8604
Done with frame 8605
Done with frame 8606
Done with frame 8607
Done with frame 8608
Done with frame 8609
Done with frame 8610
Done with frame 8611
Done with frame 8612
Done with frame 8613
Done with frame 8614
Done with frame 8615
Done with frame 8616
Done with frame 8617
Done with frame 8618
Done with frame 8619
Done with frame 8620
Done with frame 8621
Done with frame 8622
Done with frame 8623
Done with frame 8624
Done with frame 8625
Done with frame 8626
Done with frame 8627
Done with frame 8628
Done with frame 8629
Done with frame 8630
Done with frame 8631
Done with frame 8632
Done with frame 8633
Done with frame 8634
Done with frame 8635
Done with frame 8636
Done with frame 8637
Done with frame 8638
Done with frame 8639
Done with frame 8640
Done with frame 8641
Done with frame 8642
Done with frame 8643
Done with frame 8644
Done with frame 8645
Done with frame 8646
Done with frame 8647
Done with frame 8648
Done with frame 8649
Done with frame 8650
Done with frame 8651
Done with frame 8652
Done with frame 8653
Done with frame 8654
Done with frame 8655
Done with frame 8656
Done with frame 8657
Done with frame 8658
Done with frame 8659
Done with frame 8660
Done with frame 8661
Done with frame 8662
Done with frame 8663
Done with frame 8664
Done with frame 8665
Done with frame 8666
Done with frame 8667
Done with frame 8668
Done with frame 8669
Done with frame 8670
Done with frame 8671
Done with frame 8672
Done with frame 8673
Done with frame 8674
Done with frame 8675
Done with frame 8676
Done with frame 8677
Done with frame 8678
Done with frame 8679
Done with frame 8680
Done with frame 8681
Done with frame 8682
Done with frame 8683
Done with frame 8684
Done with frame 8685
Done with frame 8686
Done with frame 8687
Done with frame 8688
Done with frame 8689
Done with frame 8690
Done with frame 8691
Done with frame 8692
Done with frame 8693
Done with frame 8694
Done with frame 8695
Done with frame 8696
Done with frame 8697
Done with frame 8698
Done with frame 8699
Done with frame 8700
Done with frame 8701
Done with frame 8702
Done with frame 8703
Done with frame 8704
Done with frame 8705
Done with frame 8706
Done with frame 8707
Done with frame 8708
Done with frame 8709
Done with frame 8710
Done with frame 8711
Done with frame 8712
Done with frame 8713
Done with frame 8714
Done with frame 8715
Done with frame 8716
Done with frame 8717
Done with frame 8718
Done with frame 8719
Done with frame 8720
Done with frame 8721
Done with frame 8722
Done with frame 8723
Done with frame 8724
Done with frame 8725
Done with frame 8726
Done with frame 8727
Done with frame 8728
Done with frame 8729
Done with frame 8730
Done with frame 8731
Done with frame 8732
Done with frame 8733
Done with frame 8734
Done with frame 8735
Done with frame 8736
Done with frame 8737
Done with frame 8738
Done with frame 8739
Done with frame 8740
Done with frame 8741
Done with frame 8742
Done with frame 8743
Done with frame 8744
Done with frame 8745
Done with frame 8746
Done with frame 8747
Done with frame 8748
Done with frame 8749
Done with frame 8750
Done with frame 8751
Done with frame 8752
Done with frame 8753
Done with frame 8754
Done with frame 8755
Done with frame 8756
Done with frame 8757
Done with frame 8758
Done with frame 8759
Done with frame 8760
Done with frame 8761
Done with frame 8762
Done with frame 8763
Done with frame 8764
Done with frame 8765
Done with frame 8766
Done with frame 8767
Done with frame 8768
Done with frame 8769
Done with frame 8770
Done with frame 8771
Done with frame 8772
Done with frame 8773
Done with frame 8774
Done with frame 8775
Done with frame 8776
Done with frame 8777
Done with frame 8778
Done with frame 8779
Done with frame 8780
Done with frame 8781
Done with frame 8782
Done with frame 8783
Done with frame 8784
Done with frame 8785
Done with frame 8786
Done with frame 8787
Done with frame 8788
Done with frame 8789
Done with frame 8790
Done with frame 8791
Done with frame 8792
Done with frame 8793
Done with frame 8794
Done with frame 8795
Done with frame 8796
Done with frame 8797
Done with frame 8798
Done with frame 8799
Done with frame 8800
Done with frame 8801
Done with frame 8802
Done with frame 8803
Done with frame 8804
Done with frame 8805
Done with frame 8806
Done with frame 8807
Done with frame 8808
Done with frame 8809
Done with frame 8810
Done with frame 8811
Done with frame 8812
Done with frame 8813
Done with frame 8814
Done with frame 8815
Done with frame 8816
Done with frame 8817
Done with frame 8818
Done with frame 8819
Done with frame 8820
Done with frame 8821
Done with frame 8822
Done with frame 8823
Done with frame 8824
Done with frame 8825
Done with frame 8826
Done with frame 8827
Done with frame 8828
Done with frame 8829
Done with frame 8830
Done with frame 8831
Done with frame 8832
Done with frame 8833
Done with frame 8834
Done with frame 8835
Done with frame 8836
Done with frame 8837
Done with frame 8838
Done with frame 8839
Done with frame 8840
Done with frame 8841
Done with frame 8842
Done with frame 8843
Done with frame 8844
Done with frame 8845
Done with frame 8846
Done with frame 8847
Done with frame 8848
Done with frame 8849
Done with frame 8850
Done with frame 8851
Done with frame 8852
Done with frame 8853
Done with frame 8854
Done with frame 8855
Done with frame 8856
Done with frame 8857
Done with frame 8858
Done with frame 8859
Done with frame 8860
Done with frame 8861
Done with frame 8862
Done with frame 8863
Done with frame 8864
Done with frame 8865
Done with frame 8866
Done with frame 8867
Done with frame 8868
Done with frame 8869
Done with frame 8870
Done with frame 8871
Done with frame 8872
Done with frame 8873
Done with frame 8874
Done with frame 8875
Done with frame 8876
Done with frame 8877
Done with frame 8878
Done with frame 8879
Done with frame 8880
Done with frame 8881
Done with frame 8882
Done with frame 8883
Done with frame 8884
Done with frame 8885
Done with frame 8886
Done with frame 8887
Done with frame 8888
Done with frame 8889
Done with frame 8890
Done with frame 8891
Done with frame 8892
Done with frame 8893
Done with frame 8894
Done with frame 8895
Done with frame 8896
Done with frame 8897
Done with frame 8898
Done with frame 8899
Done with frame 8900
Done with frame 8901
Done with frame 8902
Done with frame 8903
Done with frame 8904
Done with frame 8905
Done with frame 8906
Done with frame 8907
Done with frame 8908
Done with frame 8909
Done with frame 8910
Done with frame 8911
Done with frame 8912
Done with frame 8913
Done with frame 8914
Done with frame 8915
Done with frame 8916
Done with frame 8917
Done with frame 8918
Done with frame 8919
Done with frame 8920
Done with frame 8921
Done with frame 8922
Done with frame 8923
Done with frame 8924
Done with frame 8925
Done with frame 8926
Done with frame 8927
Done with frame 8928
Done with frame 8929
Done with frame 8930
Done with frame 8931
Done with frame 8932
Done with frame 8933
Done with frame 8934
Done with frame 8935
Done with frame 8936
Done with frame 8937
Done with frame 8938
Done with frame 8939
Done with frame 8940
Done with frame 8941
Done with frame 8942
Done with frame 8943
Done with frame 8944
Done with frame 8945
Done with frame 8946
Done with frame 8947
Done with frame 8948
Done with frame 8949
Done with frame 8950
Done with frame 8951
Done with frame 8952
Done with frame 8953
Done with frame 8954
Done with frame 8955
Done with frame 8956
Done with frame 8957
Done with frame 8958
Done with frame 8959
Done with frame 8960
Done with frame 8961
Done with frame 8962
Done with frame 8963
Done with frame 8964
Done with frame 8965
Done with frame 8966
Done with frame 8967
Done with frame 8968
Done with frame 8969
Done with frame 8970
Done with frame 8971
Done with frame 8972
Done with frame 8973
Done with frame 8974
Done with frame 8975
Done with frame 8976
Done with frame 8977
Done with frame 8978
Done with frame 8979
Done with frame 8980
Done with frame 8981
Done with frame 8982
Done with frame 8983
Done with frame 8984
Done with frame 8985
Done with frame 8986
Done with frame 8987
Done with frame 8988
Done with frame 8989
Done with frame 8990
Done with frame 8991
Done with frame 8992
Done with frame 8993
Done with frame 8994
Done with frame 8995
Done with frame 8996
Done with frame 8997
Done with frame 8998
Done with frame 8999
Done with frame 9000
Done with frame 9001
Done with frame 9002
Done with frame 9003
Done with frame 9004
Done with frame 9005
Done with frame 9006
Done with frame 9007
Done with frame 9008
Done with frame 9009
Done with frame 9010
Done with frame 9011
Done with frame 9012
Done with frame 9013
Done with frame 9014
Done with frame 9015
Done with frame 9016
Done with frame 9017
Done with frame 9018
Done with frame 9019
Done with frame 9020
Done with frame 9021
Done with frame 9022
Done with frame 9023
Done with frame 9024
Done with frame 9025
Done with frame 9026
Done with frame 9027
Done with frame 9028
Done with frame 9029
Done with frame 9030
Done with frame 9031
Done with frame 9032
Done with frame 9033
Done with frame 9034
Done with frame 9035
Done with frame 9036
Done with frame 9037
Done with frame 9038
Done with frame 9039
Done with frame 9040
Done with frame 9041
Done with frame 9042
Done with frame 9043
Done with frame 9044
Done with frame 9045
Done with frame 9046
Done with frame 9047
Done with frame 9048
Done with frame 9049
Done with frame 9050
Done with frame 9051
Done with frame 9052
Done with frame 9053
Done with frame 9054
Done with frame 9055
Done with frame 9056
Done with frame 9057
Done with frame 9058
Done with frame 9059
Done with frame 9060
Done with frame 9061
Done with frame 9062
Done with frame 9063
Done with frame 9064
Done with frame 9065
Done with frame 9066
Done with frame 9067
Done with frame 9068
Done with frame 9069
Done with frame 9070
Done with frame 9071
Done with frame 9072
Done with frame 9073
Done with frame 9074
Done with frame 9075
Done with frame 9076
Done with frame 9077
Done with frame 9078
Done with frame 9079
Done with frame 9080
Done with frame 9081
Done with frame 9082
Done with frame 9083
Done with frame 9084
Done with frame 9085
Done with frame 9086
Done with frame 9087
Done with frame 9088
Done with frame 9089
Done with frame 9090
Done with frame 9091
Done with frame 9092
Done with frame 9093
Done with frame 9094
Done with frame 9095
Done with frame 9096
Done with frame 9097
Done with frame 9098
Done with frame 9099
Done with frame 9100
Done with frame 9101
Done with frame 9102
Done with frame 9103
Done with frame 9104
Done with frame 9105
Done with frame 9106
Done with frame 9107
Done with frame 9108
Done with frame 9109
Done with frame 9110
Done with frame 9111
Done with frame 9112
Done with frame 9113
Done with frame 9114
Done with frame 9115
Done with frame 9116
Done with frame 9117
Done with frame 9118
Done with frame 9119
Done with frame 9120
Done with frame 9121
Done with frame 9122
Done with frame 9123
Done with frame 9124
Done with frame 9125
Done with frame 9126
Done with frame 9127
Done with frame 9128
Done with frame 9129
Done with frame 9130
Done with frame 9131
Done with frame 9132
Done with frame 9133
Done with frame 9134
Done with frame 9135
Done with frame 9136
Done with frame 9137
Done with frame 9138
Done with frame 9139
Done with frame 9140
Done with frame 9141
Done with frame 9142
Done with frame 9143
Done with frame 9144
Done with frame 9145
Done with frame 9146
Done with frame 9147
Done with frame 9148
Done with frame 9149
Done with frame 9150
Done with frame 9151
Done with frame 9152
Done with frame 9153
Done with frame 9154
Done with frame 9155
Done with frame 9156
Done with frame 9157
Done with frame 9158
Done with frame 9159
Done with frame 9160
Done with frame 9161
Done with frame 9162
Done with frame 9163
Done with frame 9164
Done with frame 9165
Done with frame 9166
Done with frame 9167
Done with frame 9168
Done with frame 9169
Done with frame 9170
Done with frame 9171
Done with frame 9172
Done with frame 9173
Done with frame 9174
Done with frame 9175
Done with frame 9176
Done with frame 9177
Done with frame 9178
Done with frame 9179
Done with frame 9180
Done with frame 9181
Done with frame 9182
Done with frame 9183
Done with frame 9184
Done with frame 9185
Done with frame 9186
Done with frame 9187
Done with frame 9188
Done with frame 9189
Done with frame 9190
Done with frame 9191
Done with frame 9192
Done with frame 9193
Done with frame 9194
Done with frame 9195
Done with frame 9196
Done with frame 9197
Done with frame 9198
Done with frame 9199
Done with frame 9200
Done with frame 9201
Done with frame 9202
Done with frame 9203
Done with frame 9204
Done with frame 9205
Done with frame 9206
Done with frame 9207
Done with frame 9208
Done with frame 9209
Done with frame 9210
Done with frame 9211
Done with frame 9212
Done with frame 9213
Done with frame 9214
Done with frame 9215
Done with frame 9216
Done with frame 9217
Done with frame 9218
Done with frame 9219
Done with frame 9220
Done with frame 9221
Done with frame 9222
Done with frame 9223
Done with frame 9224
Done with frame 9225
Done with frame 9226
Done with frame 9227
Done with frame 9228
Done with frame 9229
Done with frame 9230
Done with frame 9231
Done with frame 9232
Done with frame 9233
Done with frame 9234
Done with frame 9235
Done with frame 9236
Done with frame 9237
Done with frame 9238
Done with frame 9239
Done with frame 9240
Done with frame 9241
Done with frame 9242
Done with frame 9243
Done with frame 9244
Done with frame 9245
Done with frame 9246
Done with frame 9247
Done with frame 9248
Done with frame 9249
Done with frame 9250
Done with frame 9251
Done with frame 9252
Done with frame 9253
Done with frame 9254
Done with frame 9255
Done with frame 9256
Done with frame 9257
Done with frame 9258
Done with frame 9259
Done with frame 9260
Done with frame 9261
Done with frame 9262
Done with frame 9263
Done with frame 9264
Done with frame 9265
Done with frame 9266
Done with frame 9267
Done with frame 9268
Done with frame 9269
Done with frame 9270
Done with frame 9271
Done with frame 9272
Done with frame 9273
Done with frame 9274
Done with frame 9275
Done with frame 9276
Done with frame 9277
Done with frame 9278
Done with frame 9279
Done with frame 9280
Done with frame 9281
Done with frame 9282
Done with frame 9283
Done with frame 9284
Done with frame 9285
Done with frame 9286
Done with frame 9287
Done with frame 9288
Done with frame 9289
Done with frame 9290
Done with frame 9291
Done with frame 9292
Done with frame 9293
Done with frame 9294
Done with frame 9295
Done with frame 9296
Done with frame 9297
Done with frame 9298
Done with frame 9299
Done with frame 9300
Done with frame 9301
Done with frame 9302
Done with frame 9303
Done with frame 9304
Done with frame 9305
Done with frame 9306
Done with frame 9307
Done with frame 9308
Done with frame 9309
Done with frame 9310
Done with frame 9311
Done with frame 9312
Done with frame 9313
Done with frame 9314
Done with frame 9315
Done with frame 9316
Done with frame 9317
Done with frame 9318
Done with frame 9319
Done with frame 9320
Done with frame 9321
Done with frame 9322
Done with frame 9323
Done with frame 9324
Done with frame 9325
Done with frame 9326
Done with frame 9327
Done with frame 9328
Done with frame 9329
Done with frame 9330
Done with frame 9331
Done with frame 9332
Done with frame 9333
Done with frame 9334
Done with frame 9335
Done with frame 9336
Done with frame 9337
Done with frame 9338
Done with frame 9339
Done with frame 9340
Done with frame 9341
Done with frame 9342
Done with frame 9343
Done with frame 9344
Done with frame 9345
Done with frame 9346
Done with frame 9347
Done with frame 9348
Done with frame 9349
Done with frame 9350
Done with frame 9351
Done with frame 9352
Done with frame 9353
Done with frame 9354
Done with frame 9355
Done with frame 9356
Done with frame 9357
Done with frame 9358
Done with frame 9359
Done with frame 9360
Done with frame 9361
Done with frame 9362
Done with frame 9363
Done with frame 9364
Done with frame 9365
Done with frame 9366
Done with frame 9367
Done with frame 9368
Done with frame 9369
Done with frame 9370
Done with frame 9371
Done with frame 9372
Done with frame 9373
Done with frame 9374
Done with frame 9375
Done with frame 9376
Done with frame 9377
Done with frame 9378
Done with frame 9379
Done with frame 9380
Done with frame 9381
Done with frame 9382
Done with frame 9383
Done with frame 9384
Done with frame 9385
Done with frame 9386
Done with frame 9387
Done with frame 9388
Done with frame 9389
Done with frame 9390
Done with frame 9391
Done with frame 9392
Done with frame 9393
Done with frame 9394
Done with frame 9395
Done with frame 9396
Done with frame 9397
Done with frame 9398
Done with frame 9399
Done with frame 9400
Done with frame 9401
Done with frame 9402
Done with frame 9403
Done with frame 9404
Done with frame 9405
Done with frame 9406
Done with frame 9407
Done with frame 9408
Done with frame 9409
Done with frame 9410
Done with frame 9411
Done with frame 9412
Done with frame 9413
Done with frame 9414
Done with frame 9415
Done with frame 9416
Done with frame 9417
Done with frame 9418
Done with frame 9419
Done with frame 9420
Done with frame 9421
Done with frame 9422
Done with frame 9423
Done with frame 9424
Done with frame 9425
Done with frame 9426
Done with frame 9427
Done with frame 9428
Done with frame 9429
Done with frame 9430
Done with frame 9431
Done with frame 9432
Done with frame 9433
Done with frame 9434
Done with frame 9435
Done with frame 9436
Done with frame 9437
Done with frame 9438
Done with frame 9439
Done with frame 9440
Done with frame 9441
Done with frame 9442
Done with frame 9443
Done with frame 9444
Done with frame 9445
Done with frame 9446
Done with frame 9447
Done with frame 9448
Done with frame 9449
Done with frame 9450
Done with frame 9451
Done with frame 9452
Done with frame 9453
Done with frame 9454
Done with frame 9455
Done with frame 9456
Done with frame 9457
Done with frame 9458
Done with frame 9459
Done with frame 9460
Done with frame 9461
Done with frame 9462
Done with frame 9463
Done with frame 9464
Done with frame 9465
Done with frame 9466
Done with frame 9467
Done with frame 9468
Done with frame 9469
Done with frame 9470
Done with frame 9471
Done with frame 9472
Done with frame 9473
Done with frame 9474
Done with frame 9475
Done with frame 9476
Done with frame 9477
Done with frame 9478
Done with frame 9479
Done with frame 9480
Done with frame 9481
Done with frame 9482
Done with frame 9483
Done with frame 9484
Done with frame 9485
Done with frame 9486
Done with frame 9487
Done with frame 9488
Done with frame 9489
Done with frame 9490
Done with frame 9491
Done with frame 9492
Done with frame 9493
Done with frame 9494
Done with frame 9495
Done with frame 9496
Done with frame 9497
Done with frame 9498
Done with frame 9499
Done with frame 9500
Done with frame 9501
Done with frame 9502
Done with frame 9503
Done with frame 9504
Done with frame 9505
Done with frame 9506
Done with frame 9507
Done with frame 9508
Done with frame 9509
Done with frame 9510
Done with frame 9511
Done with frame 9512
Done with frame 9513
Done with frame 9514
Done with frame 9515
Done with frame 9516
Done with frame 9517
Done with frame 9518
Done with frame 9519
Done with frame 9520
Done with frame 9521
Done with frame 9522
Done with frame 9523
Done with frame 9524
Done with frame 9525
Done with frame 9526
Done with frame 9527
Done with frame 9528
Done with frame 9529
Done with frame 9530
Done with frame 9531
Done with frame 9532
Done with frame 9533
Done with frame 9534
Done with frame 9535
Done with frame 9536
Done with frame 9537
Done with frame 9538
Done with frame 9539
Done with frame 9540
Done with frame 9541
Done with frame 9542
Done with frame 9543
Done with frame 9544
Done with frame 9545
Done with frame 9546
Done with frame 9547
Done with frame 9548
Done with frame 9549
Done with frame 9550
Done with frame 9551
Done with frame 9552
Done with frame 9553
Done with frame 9554
Done with frame 9555
Done with frame 9556
Done with frame 9557
Done with frame 9558
Done with frame 9559
Done with frame 9560
Done with frame 9561
Done with frame 9562
Done with frame 9563
Done with frame 9564
Done with frame 9565
Done with frame 9566
Done with frame 9567
Done with frame 9568
Done with frame 9569
Done with frame 9570
Done with frame 9571
Done with frame 9572
Done with frame 9573
Done with frame 9574
Done with frame 9575
Done with frame 9576
Done with frame 9577
Done with frame 9578
Done with frame 9579
Done with frame 9580
Done with frame 9581
Done with frame 9582
Done with frame 9583
Done with frame 9584
Done with frame 9585
Done with frame 9586
Done with frame 9587
Done with frame 9588
Done with frame 9589
Done with frame 9590
Done with frame 9591
Done with frame 9592
Done with frame 9593
Done with frame 9594
Done with frame 9595
Done with frame 9596
Done with frame 9597
Done with frame 9598
Done with frame 9599
Done with frame 9600
Done with frame 9601
Done with frame 9602
Done with frame 9603
Done with frame 9604
Done with frame 9605
Done with frame 9606
Done with frame 9607
Done with frame 9608
Done with frame 9609
Done with frame 9610
Done with frame 9611
Done with frame 9612
Done with frame 9613
Done with frame 9614
Done with frame 9615
Done with frame 9616
Done with frame 9617
Done with frame 9618
Done with frame 9619
Done with frame 9620
Done with frame 9621
Done with frame 9622
Done with frame 9623
Done with frame 9624
Done with frame 9625
Done with frame 9626
Done with frame 9627
Done with frame 9628
Done with frame 9629
Done with frame 9630
Done with frame 9631
Done with frame 9632
Done with frame 9633
Done with frame 9634
Done with frame 9635
Done with frame 9636
Done with frame 9637
Done with frame 9638
Done with frame 9639
Done with frame 9640
Done with frame 9641
Done with frame 9642
Done with frame 9643
Done with frame 9644
Done with frame 9645
Done with frame 9646
Done with frame 9647
Done with frame 9648
Done with frame 9649
Done with frame 9650
Done with frame 9651
Done with frame 9652
Done with frame 9653
Done with frame 9654
Done with frame 9655
Done with frame 9656
Done with frame 9657
Done with frame 9658
Done with frame 9659
Done with frame 9660
Done with frame 9661
Done with frame 9662
Done with frame 9663
Done with frame 9664
Done with frame 9665
Done with frame 9666
Done with frame 9667
Done with frame 9668
Done with frame 9669
Done with frame 9670
Done with frame 9671
Done with frame 9672
Done with frame 9673
Done with frame 9674
Done with frame 9675
Done with frame 9676
Done with frame 9677
Done with frame 9678
Done with frame 9679
Done with frame 9680
Done with frame 9681
Done with frame 9682
Done with frame 9683
Done with frame 9684
Done with frame 9685
Done with frame 9686
Done with frame 9687
Done with frame 9688
Done with frame 9689
Done with frame 9690
Done with frame 9691
Done with frame 9692
Done with frame 9693
Done with frame 9694
Done with frame 9695
Done with frame 9696
Done with frame 9697
Done with frame 9698
Done with frame 9699
Done with frame 9700
Done with frame 9701
Done with frame 9702
Done with frame 9703
Done with frame 9704
Done with frame 9705
Done with frame 9706
Done with frame 9707
Done with frame 9708
Done with frame 9709
Done with frame 9710
Done with frame 9711
Done with frame 9712
Done with frame 9713
Done with frame 9714
Done with frame 9715
Done with frame 9716
Done with frame 9717
Done with frame 9718
Done with frame 9719
Done with frame 9720
Done with frame 9721
Done with frame 9722
Done with frame 9723
Done with frame 9724
Done with frame 9725
Done with frame 9726
Done with frame 9727
Done with frame 9728
Done with frame 9729
Done with frame 9730
Done with frame 9731
Done with frame 9732
Done with frame 9733
Done with frame 9734
Done with frame 9735
Done with frame 9736
Done with frame 9737
Done with frame 9738
Done with frame 9739
Done with frame 9740
Done with frame 9741
Done with frame 9742
Done with frame 9743
Done with frame 9744
Done with frame 9745
Done with frame 9746
Done with frame 9747
Done with frame 9748
Done with frame 9749
Done with frame 9750
Done with frame 9751
Done with frame 9752
Done with frame 9753
Done with frame 9754
Done with frame 9755
Done with frame 9756
Done with frame 9757
Done with frame 9758
Done with frame 9759
Done with frame 9760
Done with frame 9761
Done with frame 9762
Done with frame 9763
Done with frame 9764
Done with frame 9765
Done with frame 9766
Done with frame 9767
Done with frame 9768
Done with frame 9769
Done with frame 9770
Done with frame 9771
Done with frame 9772
Done with frame 9773
Done with frame 9774
Done with frame 9775
Done with frame 9776
Done with frame 9777
Done with frame 9778
Done with frame 9779
Done with frame 9780
Done with frame 9781
Done with frame 9782
Done with frame 9783
Done with frame 9784
Done with frame 9785
Done with frame 9786
Done with frame 9787
Done with frame 9788
Done with frame 9789
Done with frame 9790
Done with frame 9791
Done with frame 9792
Done with frame 9793
Done with frame 9794
Done with frame 9795
Done with frame 9796
Done with frame 9797
Done with frame 9798
Done with frame 9799
Done with frame 9800
Done with frame 9801
Done with frame 9802
Done with frame 9803
Done with frame 9804
Done with frame 9805
Done with frame 9806
Done with frame 9807
Done with frame 9808
Done with frame 9809
Done with frame 9810
Done with frame 9811
Done with frame 9812
Done with frame 9813
Done with frame 9814
Done with frame 9815
Done with frame 9816
Done with frame 9817
Done with frame 9818
Done with frame 9819
Done with frame 9820
Done with frame 9821
Done with frame 9822
Done with frame 9823
Done with frame 9824
Done with frame 9825
Done with frame 9826
Done with frame 9827
Done with frame 9828
Done with frame 9829
Done with frame 9830
Done with frame 9831
Done with frame 9832
Done with frame 9833
Done with frame 9834
Done with frame 9835
Done with frame 9836
Done with frame 9837
Done with frame 9838
Done with frame 9839
Done with frame 9840
Done with frame 9841
Done with frame 9842
Done with frame 9843
Done with frame 9844
Done with frame 9845
Done with frame 9846
Done with frame 9847
Done with frame 9848
Done with frame 9849
Done with frame 9850
Done with frame 9851
Done with frame 9852
Done with frame 9853
Done with frame 9854
Done with frame 9855
Done with frame 9856
Done with frame 9857
Done with frame 9858
Done with frame 9859
Done with frame 9860
Done with frame 9861
Done with frame 9862
Done with frame 9863
Done with frame 9864
Done with frame 9865
Done with frame 9866
Done with frame 9867
Done with frame 9868
Done with frame 9869
Done with frame 9870
Done with frame 9871
Done with frame 9872
Done with frame 9873
Done with frame 9874
Done with frame 9875
Done with frame 9876
Done with frame 9877
Done with frame 9878
Done with frame 9879
Done with frame 9880
Done with frame 9881
Done with frame 9882
Done with frame 9883
Done with frame 9884
Done with frame 9885
Done with frame 9886
Done with frame 9887
Done with frame 9888
Done with frame 9889
Done with frame 9890
Done with frame 9891
Done with frame 9892
Done with frame 9893
Done with frame 9894
Done with frame 9895
Done with frame 9896
Done with frame 9897
Done with frame 9898
Done with frame 9899
Done with frame 9900
Done with frame 9901
Done with frame 9902
Done with frame 9903
Done with frame 9904
Done with frame 9905
Done with frame 9906
Done with frame 9907
Done with frame 9908
Done with frame 9909
Done with frame 9910
Done with frame 9911
Done with frame 9912
Done with frame 9913
Done with frame 9914
Done with frame 9915
Done with frame 9916
Done with frame 9917
Done with frame 9918
Done with frame 9919
Done with frame 9920
Done with frame 9921
Done with frame 9922
Done with frame 9923
Done with frame 9924
Done with frame 9925
Done with frame 9926
Done with frame 9927
Done with frame 9928
Done with frame 9929
Done with frame 9930
Done with frame 9931
Done with frame 9932
Done with frame 9933
Done with frame 9934
Done with frame 9935
Done with frame 9936
Done with frame 9937
Done with frame 9938
Done with frame 9939
Done with frame 9940
Done with frame 9941
Done with frame 9942
Done with frame 9943
Done with frame 9944
Done with frame 9945
Done with frame 9946
Done with frame 9947
Done with frame 9948
Done with frame 9949
Done with frame 9950
Done with frame 9951
Done with frame 9952
Done with frame 9953
Done with frame 9954
Done with frame 9955
Done with frame 9956
Done with frame 9957
Done with frame 9958
Done with frame 9959
Done with frame 9960
Done with frame 9961
Done with frame 9962
Done with frame 9963
Done with frame 9964
Done with frame 9965
Done with frame 9966
Done with frame 9967
Done with frame 9968
Done with frame 9969
Done with frame 9970
Done with frame 9971
Done with frame 9972
Done with frame 9973
Done with frame 9974
Done with frame 9975
Done with frame 9976
Done with frame 9977
Done with frame 9978
Done with frame 9979
Done with frame 9980
Done with frame 9981
Done with frame 9982
Done with frame 9983
Done with frame 9984
Done with frame 9985
Done with frame 9986
Done with frame 9987
Done with frame 9988
Done with frame 9989
Done with frame 9990
Done with frame 9991
Done with frame 9992
Done with frame 9993
Done with frame 9994
Done with frame 9995
Done with frame 9996
Done with frame 9997
Done with frame 9998
Done with frame 9999
Done with frame 10000
Done with frame 10001
Info) Coordinate I/O rate 81.2 frames/sec, 57 MB/sec, 123.2 sec
Info) Finished with coordinate file ../traj-fit-nodt.xtc.
bigdcd_done
